team_id,rank,probability
61,1,0.1410441565227633
61,2,0.1223099554518445
61,3,0.10556367079656939
61,4,0.09075535147028345
61,5,0.07777902389031871
61,6,0.06649384747035714
61,7,0.056740761352444755
61,8,0.04835490409197384
61,9,0.04117436351080475
61,10,0.03504592517709742
61,11,0.02982848835520158
61,12,0.025394753499497144
61,13,0.021631689899341243
61,14,0.018440189136707037
61,15,0.01573421344616649
61,16,0.013439664801862513
61,17,0.011493132921056502
61,18,0.009840627941270772
61,19,0.008436364461365392
61,20,0.007241635568979392
61,21,0.006223796029201366
61,22,0.005355360859367444
61,23,0.004613217300729296
61,24,0.003977943329795192
61,25,0.0034332232762775187
61,26,0.002965350056223884
61,27,0.0025628034344557468
61,28,0.0022158942138857246
61,29,0.00199972919352235
61,30,0.0018153606316062619
61,31,0.0016498250757765402
61,32,0.0015008166910427233
61,33,0.0013663410587249015
61,34,0.001244681682072266
61,35,0.0011343637166901326
61,36,0.0010341193829784532
61,37,0.0009428568623637476
61,38,0.0008596332094290924
61,39,0.0007836312119683704
61,40,0.0007141398594328242
61,41,0.0006505379762709656
61,42,0.0005922805596277274
61,43,0.0005388873879983067
61,44,0.0004899335151719511
61,45,0.000445041318975233
61,46,0.00040387382965311207
61,47,0.0003661291144154366
61,48,0.00033153554109313876
61,49,0.0002998477848400397
61,50,0.00027084347852160856
61,51,0.0002443204426334402
61,52,0.0002200944699039114
61,53,0.00019799769374723988
61,54,0.00017787764991216093
61,55,0.00015959712704891702
61,56,0.00014381443903197704
61,57,0.00013112960942382744
61,58,0.00011945645496244635
61,59,0.00010871972663503186
61,60,9.884957073326371e-05
61,61,8.978118521037217e-05
61,62,8.145448515273675e-05
61,63,7.381377986193931e-05
61,64,6.680746345410365e-05
61,65,6.0387720345135744e-05
61,66,5.451024651848117e-05
61,67,4.9133987072170465e-05
61,68,4.4220890212876796e-05
61,69,3.973567760107499e-05
61,70,3.5645630745614194e-05
61,71,3.1920392989799305e-05
61,72,2.8531786516124942e-05
61,73,2.5453643715356472e-05
61,74,2.266165221074097e-05
61,75,2.0133212793731466e-05
61,76,1.784730950869535e-05
61,77,1.5784391116540203e-05
61,78,1.3926263167835829e-05
61,79,1.2255989922437939e-05
61,80,1.075780536312645e-05
61,81,9.417032564308412e-06
61,82,8.220010692929702e-06
61,83,7.154028937603447e-06
61,84,6.360155461908871e-06
61,85,5.698592362025155e-06
61,86,5.0936790566311635e-06
61,87,4.543308343943032e-06
61,88,4.044718537457541e-06
61,89,3.594540213525183e-06
61,90,3.189037262705984e-06
61,91,2.8243585948188885e-06
61,92,2.496736727391348e-06
61,93,2.2026202826944603e-06
61,94,1.9387475465909817e-06
61,95,1.7021747042177155e-06
61,96,1.4902727955930627e-06
61,97,1.300705413473552e-06
61,98,1.1313964132325191e-06
61,99,9.804942213192208e-07
61,100,8.463370500547702e-07
61,101,7.274215490603997e-07
61,102,6.223761274938376e-07
61,103,5.29939295543009e-07
61,104,4.4894281204407364e-07
61,105,3.782991044952216e-07
61,106,3.1699227649623127e-07
61,107,2.640719784162354e-07
61,108,2.1864944654204089e-07
61,109,1.7989508358872564e-07
61,110,1.4703704881397416e-07
61,111,1.1959628155233435e-07
61,112,9.833645035999418e-08
61,113,8.029284432368093e-08
61,114,6.5090065585071e-08
61,115,5.2376880060280656e-08
61,116,4.182777845329531e-08
61,117,3.314404039250487e-08
61,118,2.6054281939167914e-08
61,119,2.0314489819019873e-08
61,120,1.5707567498405682e-08
61,121,1.2042437361808661e-08
61,122,9.15275876221107e-09
61,123,6.8953329217105026e-09
61,124,5.14827219568924e-09
61,125,3.809013064524651e-09
61,126,2.7922497042659533e-09
61,127,2.0278587263647654e-09
61,128,1.458876499343497e-09
61,129,1.0395793307258344e-09
61,130,7.337046814548715e-10
61,131,5.128394297197625e-10
61,132,3.5498978238519017e-10
61,133,2.4333735051573294e-10
61,134,1.6517755362432043e-10
61,135,1.1103008300598835e-10
61,136,7.390664337583473e-11
61,137,4.87184639983038e-11
61,138,3.180488371130442e-11
194,1,0.09993088351450641
194,2,0.0936378403418084
194,3,0.08678102828521862
194,4,0.0796346409863804
194,5,0.0724355769715052
194,6,0.06537740289842288
194,7,0.05860901942264323
194,8,0.05223689644548085
194,9,0.046329691102633554
194,10,0.04092417168996563
194,11,0.036031574107029236
194,12,0.03164375438431418
194,13,0.027738728273475344
194,14,0.024285381199817508
194,15,0.021247278409277006
194,16,0.0185856057049157
194,17,0.01626133178664611
194,18,0.014236712634316863
194,19,0.01247626568341009
194,20,0.01094733474051402
194,21,0.009620351999511098
194,22,0.008468885707134948
194,23,0.00746954397900707
194,24,0.0066017887335184525
194,25,0.00584769954052233
194,26,0.005191715626342946
194,27,0.004620375227437134
194,28,0.004122064645253497
194,29,0.0036863451378416675
194,30,0.0033034051964773623
194,31,0.002965028004119442
194,32,0.0026651186276483697
194,33,0.002398835665766811
194,34,0.0021621418272780328
194,35,0.0019515743274007937
194,36,0.0017641141583531368
194,37,0.001597103991130505
194,38,0.0014481919059446046
194,39,0.0013152897463069996
194,40,0.001196540255580768
194,41,0.0010902898172107103
194,42,0.000995065011724185
194,43,0.0009095519579633207
194,44,0.0008325778246918165
194,45,0.0007630941353259728
194,46,0.0007001616264523705
194,47,0.0006429365097273069
194,48,0.0005906580632053605
194,49,0.0005426375830018849
194,50,0.0004982489336330913
194,51,0.0004569214266192875
194,52,0.00041813705229042276
194,53,0.0003814378999462283
194,54,0.0003464625599248548
194,55,0.0003130846547763407
194,56,0.0002819743288824948
194,57,0.00025384629377992515
194,58,0.00022856205502529313
194,59,0.00020582009220801477
194,60,0.0001853525586827111
194,61,0.00016692143501818925
194,62,0.00015031511048889512
194,63,0.0001353453500088732
194,64,0.00012184460671608419
194,65,0.00010966364343515361
194,66,9.866942934147771e-05
194,67,8.874328121522912e-05
194,68,7.977922163580798e-05
194,69,7.168252927510418e-05
194,70,6.436845906990907e-05
194,71,5.776111247274157e-05
194,72,5.179244019001585e-05
194,73,4.640136181851505e-05
194,74,4.153298859266751e-05
194,75,3.713793706704089e-05
194,76,3.31717229938149e-05
194,77,2.9594225928051588e-05
194,78,2.6369216219016918e-05
194,79,2.3463937038139117e-05
194,80,2.084873496740664e-05
194,81,1.8496733439294196e-05
194,82,1.6383543992906103e-05
194,83,1.4487010902146902e-05
194,84,1.2791547112128839e-05
194,85,1.1300184085386249e-05
194,86,1.0012889917419678e-05
194,87,8.904931771074509e-06
194,88,7.946471466087652e-06
194,89,7.110104329270532e-06
194,90,6.372942672389739e-06
194,91,5.716739782869429e-06
194,92,5.1273479146886945e-06
194,93,4.594004514874836e-06
194,94,4.1086347851667615e-06
194,95,3.665236330135025e-06
194,96,3.259362250833898e-06
194,97,2.8876996934226076e-06
194,98,2.547734011049721e-06
194,99,2.2374869599484605e-06
194,100,1.9553176006096228e-06
194,101,1.6997755112137496e-06
194,102,1.469497025834966e-06
194,103,1.2631362958110227e-06
194,104,1.0793239814419746e-06
194,105,9.16647300573675e-07
194,106,7.736459853832491e-07
194,107,6.488194034802377e-07
194,108,5.406405817792975e-07
194,109,4.4757271990492897e-07
194,110,3.6808100965878115e-07
194,111,3.0061894772515443e-07
194,112,2.437194851376274e-07
194,113,1.9608622469418296e-07
194,114,1.5653920708529257e-07
194,115,1.2398113048800676e-07
194,116,9.740528669246214e-08
194,117,7.590018373769396e-08
194,118,5.865110949827015e-08
194,119,4.4939001565887346e-08
194,120,3.4137059245015284e-08
194,121,2.5705567272491776e-08
194,122,1.9185403123564838e-08
194,123,1.4190676472724633e-08
194,124,1.0400906871779777e-08
194,125,7.55309022785222e-09
194,126,5.4339419903530026e-09
194,127,3.872540141762249e-09
194,128,2.7335282843430427e-09
194,129,1.9109814911086666e-09
194,130,1.3229873231599299e-09
194,131,9.069527593895992e-10
194,132,6.156151770021598e-10
194,133,4.1371173228926294e-10
194,134,2.7524578442589876e-10
194,135,1.812803027581443e-10
194,136,1.1818523446582018e-10
194,137,7.626726523505121e-11
194,138,4.871501445296551e-11
251,1,0.09815655942568055
251,2,0.09341664686721414
251,3,0.08765287902477335
251,4,0.08120703157683025
251,5,0.07438987759496447
251,6,0.06746736916268936
251,7,0.06065427879099939
251,8,0.05411371476791532
251,9,0.04796076049320088
251,10,0.042268606758609606
251,11,0.037075833139083
251,12,0.03239384327424612
251,13,0.028213795509019715
251,14,0.024512654553505483
251,15,0.021258206078624314
251,16,0.018413025407143627
251,17,0.015937483437982097
251,18,0.013791920763031682
251,19,0.011938137640288421
251,20,0.010340344252636805
251,21,0.008965701161993238
251,22,0.007784560216105453
251,23,0.006770495398715303
251,24,0.005900193604642455
251,25,0.005153258269452887
251,26,0.004511964617315603
251,27,0.003960993974188966
251,28,0.0034871658424247454
251,29,0.003079179107970021
251,30,0.0027273685379680043
251,31,0.002423485173379436
251,32,0.0021605008453340346
251,33,0.0019324340958479552
251,34,0.0017341976106443275
251,35,0.0015614656861699697
251,36,0.0014105598696601157
251,37,0.0012783507882466127
251,38,0.0011621742075381592
251,39,0.0010597594689377267
251,40,0.0009691686084424083
251,41,0.0008887446320175156
251,42,0.0008170675973730173
251,43,0.0007529173188623808
251,44,0.0006952416651058588
251,45,0.0006431295541059858
251,46,0.0005957878655886636
251,47,0.0005525215828586299
251,48,0.0005127165441534684
251,49,0.0004758242245787997
251,50,0.0004413479900477399
251,51,0.0004088303093304134
251,52,0.00037784070632712624
251,53,0.00034796589107337415
251,54,0.00031881260808613594
251,55,0.00029009366977117093
251,56,0.0002624557491868926
251,57,0.00023724928526007492
251,58,0.0002145220621293396
251,59,0.00019401495528990293
251,60,0.000175497872415284
251,61,0.00015876632891942985
251,62,0.0001436384391967732
251,63,0.00012995227253915747
251,64,0.00011756352892456845
251,65,0.00010634349534922841
251,66,9.617724820530184e-05
251,67,8.696207146000877e-05
251,68,7.860606413194479e-05
251,69,7.102691384500194e-05
251,70,6.41508161221296e-05
251,71,5.7911521607731076e-05
251,72,5.224949562114832e-05
251,73,4.7111176382294624e-05
251,74,4.24483199475435e-05
251,75,3.8217421379137465e-05
251,76,3.437920297078364e-05
251,77,3.0898161488730396e-05
251,78,2.7742167381666985e-05
251,79,2.488210978197021e-05
251,80,2.2291581880650645e-05
251,81,1.994660192248151e-05
251,82,1.7825365648208935e-05
251,83,1.5908026518179804e-05
251,84,1.4176503309607671e-05
251,85,1.2614326264902983e-05
251,86,1.120648828164435e-05
251,87,9.939275329594655e-06
251,88,8.800130261753358e-06
251,89,7.777541725563e-06
251,90,6.860948854284203e-06
251,91,6.040657990305199e-06
251,92,5.307769255821054e-06
251,93,4.65411138875359e-06
251,94,4.0721835818133644e-06
251,95,3.555103279016045e-06
251,96,3.096559052390388e-06
251,97,2.690767821494333e-06
251,98,2.332435797395253e-06
251,99,2.016722634737125e-06
251,100,1.739208362906431e-06
251,101,1.4958627421651516e-06
251,102,1.283016754709108e-06
251,103,1.0973359953126882e-06
251,104,9.357957722093604e-07
251,105,7.956577651518153e-07
251,106,6.744481082395379e-07
251,107,5.699367460861335e-07
251,108,4.801177524068752e-07
251,109,4.031895003754291e-07
251,110,3.375288069219008e-07
251,111,2.8160994351796885e-07
251,112,2.340224672652407e-07
251,113,1.9362762760564607e-07
251,114,1.5947980554507243e-07
251,115,1.3073732601283526e-07
251,116,1.0665344379892492e-07
251,117,8.656788251933919e-08
251,118,6.989891725576483e-08
251,119,5.613598581753187e-08
251,120,4.483280892164035e-08
251,121,3.5600996316355134e-08
251,122,2.8104114118707976e-08
251,123,2.2052188339160193e-08
251,124,1.7196620511848156e-08
251,125,1.3325493206671367e-08
251,126,1.0259245579368086e-08
251,127,7.846701619720747e-09
251,128,5.9614360293944425e-09
251,129,4.498464422150183e-09
251,130,3.3712456159100305e-09
251,131,2.508984115478962e-09
251,132,1.8542205085972661e-09
251,133,1.3606965444443355e-09
251,134,9.914803198304407e-10
251,135,7.173354796503842e-10
251,136,5.153168591046925e-10
251,137,3.6757374389813156e-10
251,138,2.6034104522858744e-10
2483,1,0.025244808424796795
2483,2,0.02826148854710529
2483,3,0.031060871889228674
2483,4,0.03354453534094994
2483,5,0.035629970876152085
2483,6,0.037255608536498584
2483,7,0.03838371550534656
2483,8,0.039001072908061735
2483,9,0.039117612764663086
2483,10,0.038763411675650915
2483,11,0.0379845636567053
2483,12,0.03683848958440761
2483,13,0.03538919820457663
2483,14,0.03370291648830253
2483,15,0.03184438140827818
2483,16,0.02987395489272955
2483,17,0.027845607101965795
2483,18,0.02580572151053361
2483,19,0.023792613032529268
2483,20,0.021836616662380536
2483,21,0.019960594331957043
2483,22,0.018180715694232907
2483,23,0.016507387870887354
2483,24,0.01494623412894103
2483,25,0.013499047530576923
2483,26,0.01216466978960767
2483,27,0.010939766116571931
2483,28,0.009819483024434613
2483,29,0.00961737975533339
2483,30,0.00949872601844295
2483,31,0.009367672139423626
2483,32,0.009224622022947061
2483,33,0.009069742372551245
2483,34,0.008903030027248722
2483,35,0.008724379626781903
2483,36,0.008533649079469931
2483,37,0.008330720623590311
2483,38,0.008115555587011644
2483,39,0.007888241277862178
2483,40,0.0076490287932567385
2483,41,0.0073983609171951355
2483,42,0.007136889687528672
2483,43,0.006865483632510845
2483,44,0.006585225091871921
2483,45,0.006297398425802848
2483,46,0.006003470259949876
2483,47,0.00570506320351587
2483,48,0.005403924708096634
2483,49,0.005101892916902251
2483,50,0.004800861514061104
2483,51,0.004502745768979463
2483,52,0.004209452244692438
2483,53,0.00392285499995557
2483,54,0.0036447808156201836
2483,55,0.0033769973144428243
2483,56,0.0031545558504941502
2483,57,0.003013981189087825
2483,58,0.0028730054274014425
2483,59,0.0027322517596909705
2483,60,0.0025923117352063293
2483,61,0.002453742683871621
2483,62,0.002317065500766495
2483,63,0.002182762792760832
2483,64,0.0020512773891026796
2483,65,0.0019230112159316164
2483,66,0.0017983245325853476
2483,67,0.0016775355252061726
2483,68,0.0015609202505734497
2483,69,0.0014487129203394158
2483,70,0.0013411065129924325
2483,71,0.001238253697984102
2483,72,0.0011402680536089873
2483,73,0.0010472255574927216
2483,74,0.0009591663259983263
2483,75,0.0008760965765679838
2483,76,0.0007979907850381742
2483,77,0.0007247940083500792
2483,78,0.0006564243418647175
2483,79,0.0005927754797131836
2483,80,0.0005337193462848615
2483,81,0.00047910876708844643
2483,82,0.00042878014780904996
2483,83,0.0003825561314182577
2483,84,0.0003535649808278182
2483,85,0.00033115213316520296
2483,86,0.00030917664745794
2483,87,0.0002877298317397324
2483,88,0.0002668945320781753
2483,89,0.00024674466614267907
2483,90,0.0002273448796597156
2483,91,0.0002087503270216874
2483,92,0.00019100657550544836
2483,93,0.00017414963080835
2483,94,0.00015820607989721554
2483,95,0.00014319334549284352
2483,96,0.00012912004489813554
2483,97,0.00011598644434901197
2483,98,0.00010378499865780135
2483,99,9.250096466609018e-05
2483,100,8.211307596683461e-05
2483,101,7.259426553081125e-05
2483,102,6.391242231266727e-05
2483,103,5.6031167642183934e-05
2483,104,4.8910637242204104e-05
2483,105,4.250825505926361e-05
2483,106,3.677948573593415e-05
2483,107,3.1678553474731606e-05
2483,108,2.7159116247069454e-05
2483,109,2.317488607849656e-05
2483,110,1.9680191347784353e-05
2483,111,1.6674350013225634e-05
2483,112,1.4393898639718488e-05
2483,113,1.2362146145478831e-05
2483,114,1.056232523250252e-05
2483,115,8.977154742420348e-06
2483,116,7.589154698793122e-06
2483,117,6.380931455189504e-06
2483,118,5.335429115420915e-06
2483,119,4.436144717948232e-06
2483,120,3.6673059854196722e-06
2483,121,3.0140116804822653e-06
2483,122,2.4623357333257007e-06
2483,123,1.999397275394573e-06
2483,124,1.6133994977948139e-06
2483,125,1.293640834187164e-06
2483,126,1.0305023409200723e-06
2483,127,8.154153185872831e-07
2483,128,6.40813206934668e-07
2483,129,5.000716158286584e-07
2483,130,3.874400616534564e-07
2483,131,2.979685967314536e-07
2483,132,2.2743208458956512e-07
2483,133,1.722544184850188e-07
2483,134,1.2943453173940374e-07
2483,135,9.647562683945477e-08
2483,136,7.131866984702425e-08
2483,137,5.2280864914516777e-08
2483,138,3.799954275662294e-08
87,1,0.1394821544015592
87,2,0.12186833709913285
87,3,0.10577436857024833
87,4,0.09129225412724773
87,5,0.07842803153052119
87,6,0.06712520590933406
87,7,0.0572852276500038
87,8,0.04878433982065873
87,9,0.041486707012119144
87,10,0.035254106848482465
87,11,0.029952662848943584
87,12,0.025457170592021933
87,13,0.02165356112612221
87,14,0.018439990520072662
87,15,0.015726967323112465
87,16,0.01343684722581803
87,17,0.011502946516830977
87,18,0.009868458310709352
87,19,0.008485299980653989
87,20,0.00731297670786284
87,21,0.0063175133543530194
87,22,0.005470483263154501
87,23,0.004748146264224019
87,24,0.004130697414754646
87,25,0.0036016213640833773
87,26,0.0031471435150512003
87,27,0.002755767429353241
87,28,0.0024178875011160754
87,29,0.0021254544701676896
87,30,0.0018716898350076107
87,31,0.0016508919616139977
87,32,0.0014582916699915503
87,33,0.0012898901384578118
87,34,0.001142322567327934
87,35,0.0010127475848951185
87,36,0.0008987573601431092
87,37,0.000798304300739099
87,38,0.0007096411080638987
87,39,0.0006312716356267527
87,40,0.0005619105097122281
87,41,0.0005004498696763649
87,42,0.0004459319009085375
87,43,0.000397526086298282
87,44,0.0003545103059819556
87,45,0.000316255080246329
87,46,0.0002822103843197778
87,47,0.00025189457228317583
87,48,0.00022488503515566782
87,49,0.0002008102890826532
87,50,0.0001793432463932717
87,51,0.00016019546718245946
87,52,0.00014311222285270808
87,53,0.0001278682237665764
87,54,0.00011426385989036674
87,55,0.00010212172797848333
87,56,9.128286422982003e-05
87,57,8.160335251928699e-05
87,58,7.295478263095895e-05
87,59,6.522357623996058e-05
87,60,5.8309310727552006e-05
87,61,5.21231158926869e-05
87,62,4.658627586108153e-05
87,63,4.162900850591165e-05
87,64,3.718939862217669e-05
87,65,3.321246446166113e-05
87,66,2.9649340106519062e-05
87,67,2.6456558605564747e-05
87,68,2.359542288102603e-05
87,69,2.1031453189804852e-05
87,70,1.8733901439484203e-05
87,71,1.667532395566885e-05
87,72,1.4831205407774668e-05
87,73,1.3179627553715318e-05
87,74,1.1700977284133732e-05
87,75,1.037768915405871e-05
87,76,9.194018201044833e-06
87,77,8.135839378129854e-06
87,78,7.1904703891905994e-06
87,79,6.3465151134398305e-06
87,80,5.593725153237517e-06
87,81,4.922877342134114e-06
87,82,4.325665314072842e-06
87,83,3.7946034650284512e-06
87,84,3.3230197181176854e-06
87,85,2.9052612097894548e-06
87,86,2.536441663185823e-06
87,87,2.2116835524329448e-06
87,88,1.926262059480673e-06
87,89,1.6757486650655006e-06
87,90,1.4560830635150246e-06
87,91,1.2635989800338197e-06
87,92,1.0950221595900947e-06
87,93,9.474518485231654e-07
87,94,8.183329674230217e-07
87,95,7.054237011232935e-07
87,96,6.067616510724462e-07
87,97,5.206306216856504e-07
87,98,4.4552935222812855e-07
87,99,3.80142957786981e-07
87,100,3.2331744875016014e-07
87,101,2.740374204665339e-07
87,102,2.3140681640105197e-07
87,103,1.9463254805202645e-07
87,104,1.6301068612429227e-07
87,105,1.3591490612983748e-07
87,106,1.1278686668036184e-07
87,107,9.312821166500526e-08
87,108,7.649391184676174e-08
87,109,6.248669272247871e-08
87,110,5.0752331842080167e-08
87,111,4.0975653906700034e-08
87,112,3.287702252614991e-08
87,113,2.6209096042196125e-08
87,114,2.075397281057752e-08
87,115,1.6320643227083213e-08
87,116,1.2742602531687007e-08
87,117,9.875589120827741e-09
87,118,7.595434320411817e-09
87,119,5.796016550153904e-09
87,120,4.387318215222889e-09
87,121,3.293587507449919e-09
87,122,2.451609682658738e-09
87,123,1.8090934534141452e-09
87,124,1.323178087142269e-09
87,125,9.590658439729474e-10
87,126,6.887827566368819e-10
87,127,4.900686785056965e-10
87,128,3.4539522888588596e-10
87,129,2.4110795149114875e-10
87,130,1.666868489165733e-10
87,131,1.1411760336204786e-10
87,132,7.736434111300303e-11
87,133,5.19338013564648e-11
87,134,3.452024266304282e-11
87,135,2.2720339305293027e-11
87,136,1.480763089699737e-11
87,137,9.556718279139794e-12
87,138,6.1082609401093835e-12
99,1,0.13215122167014146
99,2,0.11798329582530451
99,3,0.10419803849497752
99,4,0.09117555548426545
99,5,0.07916240304393268
99,6,0.06829254901323112
99,7,0.05861159290071827
99,8,0.05010049549995519
99,9,0.042696562848703615
99,10,0.036310636336059014
99,11,0.030840291325861812
99,12,0.026179365265243396
99,13,0.022224393308240657
99,14,0.01887860591822466
99,15,0.016054110200485385
99,16,0.013672789005084583
99,17,0.011666345424916735
99,18,0.009975816676888611
99,19,0.00855079124896971
99,20,0.007348490430730802
99,21,0.0063328197277463805
99,22,0.005473455035504498
99,23,0.004744999968988702
99,24,0.004126231580679152
99,25,0.0035994393798457086
99,26,0.0031498550890130318
99,27,0.0027651664050223944
99,28,0.002435106043046064
99,29,0.0021511064554778476
99,30,0.0019060112389668936
99,31,0.0016938369969752543
99,32,0.001509575797403426
99,33,0.0013490306493931777
99,34,0.0012086791116879118
99,35,0.0010855603555971149
99,36,0.000977181727367172
99,37,0.0008814414710378171
99,38,0.0007965648063931067
99,39,0.0007210510162786529
99,40,0.0006536295902758089
99,41,0.000593223804911858
99,42,0.0005389204019724203
99,43,0.000489944263609071
99,44,0.00044563718276521944
99,45,0.00040543999615232356
99,46,0.0003688774899500919
99,47,0.000335545610264766
99,48,0.00030510061558485104
99,49,0.0002772499020389065
99,50,0.00025174432158564606
99,51,0.0002283719122987026
99,52,0.00020695309988493554
99,53,0.00018733768989790905
99,54,0.00016940457376574846
99,55,0.00015306661501488498
99,56,0.00013828066551144273
99,57,0.0001249538122349946
99,58,0.00011294211919498581
99,59,0.00010210710553256719
99,60,9.23260974349385e-05
99,61,8.349029802461297e-05
99,62,7.550310374213741e-05
99,63,6.827863489972414e-05
99,64,6.174045237839874e-05
99,65,5.582043616050692e-05
99,66,5.0457804611317164e-05
99,67,4.55982562155442e-05
99,68,4.1193217895006254e-05
99,69,3.719918613233158e-05
99,70,3.357714894574919e-05
99,71,3.0292078338663692e-05
99,72,2.731248421697971e-05
99,73,2.461002195469449e-05
99,74,2.215914681808827e-05
99,75,1.993680935166524e-05
99,76,1.7922186602862247e-05
99,77,1.6096444733077344e-05
99,78,1.444252914338279e-05
99,79,1.2944978746195632e-05
99,80,1.1589761449463843e-05
99,81,1.0364128296507374e-05
99,82,9.256484030210577e-06
99,83,8.25627213117e-06
99,84,7.353873396008212e-06
99,85,6.540521098383215e-06
99,86,5.808229004500223e-06
99,87,5.149709463356831e-06
99,88,4.558298689309577e-06
99,89,4.027894446629957e-06
99,90,3.552902837048455e-06
99,91,3.1281923581386864e-06
99,92,2.749053993274567e-06
99,93,2.4111663493017823e-06
99,94,2.110565003469186e-06
99,95,1.8436153292771405e-06
99,96,1.6069881670227231e-06
99,97,1.3976377974476622e-06
99,98,1.212781767711374e-06
99,99,1.0498822066905865e-06
99,100,9.06628349007708e-07
99,101,7.809200617102925e-07
99,102,6.708522320313087e-07
99,103,5.746999276679144e-07
99,104,4.909042817574143e-07
99,105,4.180590830578797e-07
99,106,3.548980679078134e-07
99,107,3.0028291404237883e-07
99,108,2.531919246807449e-07
99,109,2.127093547770932e-07
99,110,1.7801524925164017e-07
99,111,1.4837604684809884e-07
99,112,1.23143512886512e-07
99,113,1.0174699071582047e-07
99,114,8.367982473453725e-08
99,115,6.849129553047868e-08
99,116,5.578167610583473e-08
99,117,4.5197636118423566e-08
99,118,3.6427974782520184e-08
99,119,2.9199661026913702e-08
99,120,2.327415885326569e-08
99,121,1.8444016471228653e-08
99,122,1.452969947319223e-08
99,123,1.1376650732688796e-08
99,124,8.852562513839658e-09
99,125,6.8448491223929175e-09
99,126,5.258311015558422e-09
99,127,4.012983392929471e-09
99,128,3.042163773864386e-09
99,129,2.290613874137157e-09
99,130,1.7129312518736348e-09
99,131,1.2720857893112044e-09
99,132,9.381152469001948e-10
99,133,6.869730274572615e-10
99,134,4.995200818080564e-10
99,135,3.606517216032186e-10
99,136,2.5854910186849474e-10
99,137,1.840443840364099e-10
99,138,1.3008814221515832e-10
2390,1,0.09475469802035665
2390,2,0.08812119995259027
2390,3,0.08145089929644084
2390,4,0.07486296092716137
2390,5,0.0684549361005949
2390,6,0.06230328194859523
2390,7,0.056464717007604096
2390,8,0.050978163063285384
2390,9,0.04586704332584643
2390,10,0.041141737219898396
2390,11,0.03680202888212027
2390,12,0.03283942579708799
2390,13,0.029239262318691315
2390,14,0.02598253738174709
2390,15,0.023047464731513305
2390,16,0.020410736660955976
2390,17,0.01804851852041513
2390,18,0.01593720171093872
2390,19,0.014053948407479177
2390,20,0.012377062952122994
2390,21,0.010886223778805555
2390,22,0.009562606840583512
2390,23,0.008388927605246642
2390,24,0.007349424378080226
2390,25,0.006429801438694604
2390,26,0.005617146525091554
2390,27,0.004899833721806318
2390,28,0.004267419876529771
2390,29,0.003942372371187478
2390,30,0.0036638182426248444
2390,31,0.0034023632242213353
2390,32,0.0031570623328264487
2390,33,0.0029270047366458055
2390,34,0.002711324956747624
2390,35,0.0025092073653534635
2390,36,0.0023198870505978402
2390,37,0.002142648460669199
2390,38,0.001976822659922207
2390,39,0.001821783766922221
2390,40,0.001676944993038065
2390,41,0.001541754594593343
2390,42,0.0014156919686865016
2390,43,0.0012982640540310352
2390,44,0.0011890021402814201
2390,45,0.001087459140998641
2390,46,0.0009932073460532365
2390,47,0.0009058366383972743
2390,48,0.0008249531372369809
2390,49,0.0007501782140467933
2390,50,0.0006811478187745272
2390,51,0.0006175120500471224
2390,52,0.0005589349041223773
2390,53,0.0005050941415282681
2390,54,0.0004556812163315357
2390,55,0.0004104012189480023
2390,56,0.00037175742546525673
2390,57,0.0003421412992742945
2390,58,0.00031437372556472555
2390,59,0.00028838353403197383
2390,60,0.00026409799098466865
2390,61,0.00024144344327956053
2390,62,0.000220345895314371
2390,63,0.0002007315175644512
2390,64,0.00018252708745590817
2390,65,0.0001656603651904642
2390,66,0.0001500604084973174
2390,67,0.0001356578312280142
2390,68,0.00012238501128630807
2390,69,0.0001101762536549262
2390,70,9.896791430331074e-05
2390,71,8.869849058919797e-05
2390,72,7.930868345119179e-05
2390,73,7.074143627164027e-05
2390,74,6.294195480486639e-05
2390,75,5.5857712044514216e-05
2390,76,4.943844136908696e-05
2390,77,4.3636120775285586e-05
2390,78,3.840495049882413e-05
2390,79,3.370132584282377e-05
2390,80,2.9483806592584887e-05
2390,81,2.571308399817772e-05
2390,82,2.2351945956736523e-05
2390,83,1.936524072711777e-05
2390,84,1.7240389599035922e-05
2390,85,1.5503013258650966e-05
2390,86,1.3899403215006917e-05
2390,87,1.242659953206217e-05
2390,88,1.10801261994134e-05
2390,89,9.854145676748794e-06
2390,90,8.741819480505547e-06
2390,91,7.735690560072114e-06
2390,92,6.828024386620427e-06
2390,93,6.011086851624772e-06
2390,94,5.277354446060637e-06
2390,95,4.6196606432750075e-06
2390,96,4.03128666036098e-06
2390,97,3.506006643170381e-06
2390,98,3.0380976965322233e-06
2390,99,2.6223246084146313e-06
2390,100,2.2539079778500977e-06
2390,101,1.9284830311781897e-06
2390,102,1.6420548987601811e-06
2390,103,1.3909546587306675e-06
2390,104,1.1717991186474795e-06
2390,105,9.814561459903487e-07
2390,106,8.17016394829104e-07
2390,107,6.757715126110695e-07
2390,108,5.551983413671008e-07
2390,109,4.529482382495504e-07
2390,110,3.6684041281873753e-07
2390,111,2.955435405116593e-07
2390,112,2.412588454704845e-07
2390,113,1.9539638732855785e-07
2390,114,1.56968281444357e-07
2390,115,1.2504393648929364e-07
2390,116,9.875629298802763e-08
2390,117,7.730671984032138e-08
2390,118,5.996832674218704e-08
2390,119,4.608757361984391e-08
2390,120,3.5084176775792475e-08
2390,121,2.6449416017313927e-08
2390,122,1.974303102459611e-08
2390,123,1.45889549469286e-08
2390,124,1.0670167717265039e-08
2390,125,7.722962169167209e-09
2390,126,5.530905810523648e-09
2390,127,3.918754315323417e-09
2390,128,2.7465342903318408e-09
2390,129,1.9039675746898884e-09
2390,130,1.3053617825869085e-09
2390,131,8.850458530712089e-10
2390,132,5.933879828343095e-10
2390,133,3.933984682614716e-10
2390,134,2.578927037260563e-10
2390,135,1.6717006694762788e-10
2390,136,1.0715219197527392e-10
2390,137,6.791823599795998e-11
2390,138,4.257396445312309e-11
84,1,0.06860577506664935
84,2,0.06654289228524875
84,3,0.06398252447486955
84,4,0.06104349150215505
84,5,0.05783703509939765
84,6,0.05446298284486911
84,7,0.05100761492876805
84,8,0.04754292296344636
84,9,0.044126913125191805
84,10,0.040804619689526186
84,11,0.037609539924813876
84,12,0.034565260667028336
84,13,0.031687108407475253
84,14,0.028983710545544217
84,15,0.026458401543349712
84,16,0.024110442829433282
84,17,0.021936050011378355
84,18,0.0199292368320146
84,19,0.018082494270745708
84,20,0.016387327153083924
84,21,0.014834671243319176
84,22,0.01341521237518767
84,23,0.012119626696031807
84,24,0.010938758227715083
84,25,0.009863747101961818
84,26,0.008886119243719329
84,27,0.0079978460600121
84,28,0.0071913808672757
84,29,0.006708107165542556
84,30,0.006284315715020582
84,31,0.005888375263059417
84,32,0.005518309813013332
84,33,0.0051721799991312585
84,34,0.004848122515573615
84,35,0.004544378717192562
84,36,0.004259312803744183
84,37,0.003991421299390972
84,38,0.003739335775934877
84,39,0.0035018206134861283
84,40,0.003277767310000943
84,41,0.0030661865518770244
84,42,0.0028661989868430386
84,43,0.0026770254131378408
84,44,0.0024979769171890875
84,45,0.002328445351746223
84,46,0.002167894442320056
84,47,0.0020158517373025813
84,48,0.0018719015740960628
84,49,0.0017356792214809145
84,50,0.001606866384370898
84,51,0.0014851883362879035
84,52,0.001370413101405929
84,53,0.0012623533496119467
84,54,0.0011608717536347438
84,55,0.001065887890152045
84,56,0.0009822095845448818
84,57,0.0009146199621915206
84,58,0.0008507901604346354
84,59,0.0007905591300261529
84,60,0.0007337692682083472
84,61,0.0006802669939716889
84,62,0.0006299031908985253
84,63,0.000582533528708668
84,64,0.0005380186754039626
84,65,0.0004962244127905785
84,66,0.00045702166845701614
84,67,0.00042028647709335486
84,68,0.00038589988350318287
84,69,0.0003537477989061581
84,70,0.00032372082124573884
84,71,0.0002957140292665744
84,72,0.000269626759152917
84,73,0.00024536237155215184
84,74,0.00022282801586424343
84,75,0.000201934397768858
84,76,0.00018259555509197778
84,77,0.00016472864628419527
84,78,0.00014825375499250378
84,79,0.00013309371345445747
84,80,0.00011917394672586496
84,81,0.00010642233906930848
84,82,9.47691231802705e-05
84,83,8.41467923115065e-05
84,84,7.6200057502777e-05
84,85,6.949614666906918e-05
84,86,6.322695805737194e-05
84,87,5.739147382406209e-05
84,88,5.198287786692525e-05
84,89,4.698790521736549e-05
84,90,4.2388065683734264e-05
84,91,3.8161413616261246e-05
84,92,3.428425117000468e-05
84,93,3.073251355543418e-05
84,94,2.7482767796078732e-05
84,95,2.4512846976328606e-05
84,96,2.1802181923115606e-05
84,97,1.9331904292662082e-05
84,98,1.7084792116166145e-05
84,99,1.5045118734357025e-05
84,100,1.3198453320287002e-05
84,101,1.1531448480130298e-05
84,102,1.0031639103411878e-05
84,103,8.687267288776903e-06
84,104,7.487140907813475e-06
84,105,6.42052803435927e-06
84,106,5.477085782766071e-06
84,107,4.646819750499872e-06
84,108,3.920068949829993e-06
84,109,3.287510618102938e-06
84,110,2.7401797491128067e-06
84,111,2.273734743494366e-06
84,112,1.9063531649676117e-06
84,113,1.5880624049553065e-06
84,114,1.3141696404372825e-06
84,115,1.0801254722089934e-06
84,116,8.815672972579224e-07
84,117,7.143568761694831e-07
84,118,5.746111863506579e-07
84,119,4.5872600665482454e-07
84,120,3.633920241791986e-07
84,121,2.856035728291858e-07
84,122,2.226603934517325e-07
84,123,1.721630382936715e-07
84,124,1.320027226264294e-07
84,125,1.003465507838429e-07
84,126,7.561911251592825e-08
84,127,5.6481461075508765e-08
84,128,4.180845192865088e-08
84,129,3.066534766049132e-08
84,130,2.2284489398207427e-08
84,131,1.6042707706803956e-08
84,132,1.1440006459282076e-08
84,133,8.079911156689111e-09
84,134,5.651736943987211e-09
84,135,3.914907875282616e-09
84,136,2.6853526543003326e-09
84,137,1.8239159480287914e-09
84,138,1.2266593990418978e-09
333,1,0.13907787041072486
333,2,0.12299596301232424
333,3,0.10760375324850707
333,4,0.09327133868014308
333,5,0.08022301644053313
333,6,0.0685627686569932
333,7,0.0583022741855541
333,8,0.04938764207762892
333,9,0.04172262198496218
333,10,0.03518730444249272
333,11,0.02965221015811351
333,12,0.02498820663781201
333,13,0.02107295363621036
333,14,0.017794649063403396
333,15,0.01505379909365255
333,16,0.012763628495118138
333,17,0.01084961958556389
333,18,0.00924854491546535
333,19,0.00790725215196748
333,20,0.006781374125283784
333,21,0.005834072333799398
333,22,0.005034875732445693
333,23,0.0043586448271904065
333,24,0.00378467044893372
333,25,0.0032959040046938483
333,26,0.0028783090199084624
333,27,0.002520320504227181
333,28,0.002212397723337801
333,29,0.0019466563942562357
333,30,0.0017165687684039222
333,31,0.0015167194320700132
333,32,0.0013426049356649432
333,33,0.001190470037653586
333,34,0.0010571741277153408
333,35,0.0009400823228269842
333,36,0.0008369766820671986
333,37,0.0007459837929802177
333,38,0.0006655156607910759
333,39,0.0005942213970639562
333,40,0.0005309476718826471
333,41,0.0004747062778652451
333,42,0.00042464746853942444
333,43,0.0003800379894737694
333,44,0.00034024292817009253
333,45,0.0003047106766568748
333,46,0.0002729604362150559
333,47,0.00024457180274641867
333,48,0.00021917605894503187
333,49,0.00019644886971298604
333,50,0.00017610413338984044
333,51,0.00015788878570282674
333,52,0.0001415783871365425
333,53,0.00012697334668801492
333,54,0.00011389563786704008
333,55,0.00010218580673239655
333,56,9.169967142645251e-05
333,57,8.230475250872617e-05
333,58,7.388201438591083e-05
333,59,6.632610317355804e-05
333,60,5.954388604272318e-05
333,61,5.345293021714001e-05
333,62,4.7980183605776495e-05
333,63,4.306082898993223e-05
333,64,3.8637287669235895e-05
333,65,3.4658351911135194e-05
333,66,3.10784285084471e-05
333,67,2.785687828940418e-05
333,68,2.4957438599099597e-05
333,69,2.2347717629374258e-05
333,70,1.9998751059719016e-05
333,71,1.7884612823286695e-05
333,72,1.598207296349145e-05
333,73,1.4270296527411318e-05
333,74,1.2730578277822166e-05
333,75,1.1346108718114155e-05
333,76,1.0101767532338922e-05
333,77,8.98394106216144e-06
333,78,7.98036088708079e-06
333,79,7.0799609553707166e-06
333,80,6.272751040424867e-06
333,81,5.549704578698901e-06
333,82,4.902659188067084e-06
333,83,4.324228374875495e-06
333,84,3.8077235622702303e-06
333,85,3.3470884955958673e-06
333,86,2.9368475079455984e-06
333,87,2.5720437011159657e-06
333,88,2.248178254729843e-06
333,89,1.961160369165152e-06
333,90,1.7072656632041093e-06
333,91,1.4831012892917435e-06
333,92,1.2855764546705076e-06
333,93,1.1118772467923815e-06
333,94,9.594448047468836e-07
333,95,8.259560154955074e-07
333,96,7.09306060441986e-07
333,97,6.075922911115114e-07
333,98,5.190990623249799e-07
333,99,4.422832864253828e-07
333,100,3.757605845336274e-07
333,101,3.1829199594205147e-07
333,102,2.68771263864848e-07
333,103,2.2621274723744123e-07
333,104,1.897400185586909e-07
333,105,1.5857520238864325e-07
333,106,1.32029093648284e-07
333,107,1.0949207437005586e-07
333,108,9.042582617206127e-08
333,109,7.43558167452036e-08
333,110,6.08645253936902e-08
333,111,4.958537631184667e-08
333,112,4.01972966149378e-08
333,113,3.24196210192036e-08
333,114,2.6007594822949686e-08
333,115,2.0748479163105093e-08
333,116,1.6458052539271812e-08
333,117,1.2977436691230098e-08
333,118,1.0170215326210217e-08
333,119,7.919817946024696e-09
333,120,6.127144789800001e-09
333,121,4.7084124070093265e-09
333,122,3.5932024275146075e-09
333,123,2.722698609815112e-09
333,124,2.0480992076264677e-09
333,125,1.5291931320405822e-09
333,126,1.1330893681016002e-09
333,127,8.330897137368296e-10
333,128,6.07695234087021e-10
333,129,4.397369517692826e-10
333,130,3.156213031677533e-10
333,131,2.2468085281572023e-10
333,132,1.586207316677592e-10
333,133,1.1105129787564874e-10
333,134,7.709764508875335e-11
333,135,5.307682463853191e-11
333,136,3.623401258599614e-11
333,137,2.452933677082314e-11
333,138,1.6467668567087505e-11
57,1,0.11993943513309259
57,2,0.10904088242457964
57,3,0.0982408811095571
57,4,0.0877886543351907
57,5,0.07787046322368078
57,6,0.0686151689036912
57,7,0.06010175176272455
57,8,0.05236772334193153
57,9,0.04541760851912396
57,10,0.03923092237295546
57,11,0.033769282569863696
57,12,0.02898247295979541
57,13,0.024813405814603524
57,14,0.02120202227834399
57,15,0.01808822905595067
57,16,0.015414000981596562
57,17,0.013124790636530137
57,18,0.011170383712880693
57,19,0.009505327448793151
57,20,0.008089043210079364
57,21,0.006885716133742212
57,22,0.00586403672102339
57,23,0.004996852650692491
57,24,0.004260774567421975
57,25,0.0036357674507689745
57,26,0.0031047493683531648
57,27,0.002653211770324188
57,28,0.0022688697102315326
57,29,0.0020480924440874383
57,30,0.0018631347694998534
57,31,0.001697895544240622
57,32,0.0015499162446061913
57,33,0.0014170415111525716
57,34,0.0012973867199892624
57,35,0.0011893078192972866
57,36,0.0010913737260382337
57,37,0.0010023413679687578
57,38,0.0009211333164746796
57,39,0.0008468178644019451
57,40,0.0007785913473170446
57,41,0.0007157624776298208
57,42,0.0006577384522417065
57,43,0.0006040126009503464
57,44,0.0005541533610013057
57,45,0.0005077943899843984
57,46,0.0004646256623887066
57,47,0.00042438543285122274
57,48,0.0003868529908040805
57,49,0.00035184217846477914
57,50,0.0003191957040179607
57,51,0.00028878037575085435
57,52,0.0002604835732840124
57,53,0.00023421175739709845
57,54,0.00020989333798189101
57,55,0.00018749422113136007
57,56,0.00016826667178937552
57,57,0.00015330993579406194
57,58,0.00013951577608554535
57,59,0.0001268046807733324
57,60,0.00011510214735640422
57,61,0.00010433836900405682
57,62,9.444794052165112e-05
57,63,8.536958295906481e-05
57,64,7.70458857029769e-05
57,65,6.942306491057936e-05
57,66,6.245073722040011e-05
57,67,5.6081707778502454e-05
57,68,5.027177172416241e-05
57,69,4.497952837600827e-05
57,70,4.016620744126794e-05
57,71,3.5795506634720164e-05
57,72,3.183344014027616e-05
57,73,2.8248197378412633e-05
57,74,2.50100115593886e-05
57,75,2.2091037508062837e-05
57,76,1.9465238244015022e-05
57,77,1.710827979321114e-05
57,78,1.4997433697037807e-05
57,79,1.3111486673310384e-05
57,80,1.1430656873652178e-05
57,81,9.93651617401145e-06
57,82,8.611917931190796e-06
57,83,7.440929638585178e-06
57,84,6.605424459015702e-06
57,85,5.923303071437311e-06
57,86,5.296615159486857e-06
57,87,4.72260746844979e-06
57,88,4.198489083793813e-06
57,89,3.7214424041087253e-06
57,90,3.288638305556054e-06
57,91,2.897253257023798e-06
57,92,2.5444874636526684e-06
57,93,2.227583355787451e-06
57,94,1.9438437558681596e-06
57,95,1.690649056730419e-06
57,96,1.4654727904819306e-06
57,97,1.2658950678318997e-06
57,98,1.089613513008663e-06
57,99,9.34451489582806e-07
57,100,7.983635856127807e-07
57,101,6.794384827621602e-07
57,102,5.758994587180461e-07
57,103,4.861028570988084e-07
57,104,4.085349021336828e-07
57,105,3.418072399575357e-07
57,106,2.8465156083440574e-07
57,107,2.3591360381859656e-07
57,108,1.9454676909926314e-07
57,109,1.596054431920427e-07
57,110,1.302378491837512e-07
57,111,1.0592324842105366e-07
57,112,8.74627257084185e-08
57,113,7.179603608510756e-08
57,114,5.858029690270666e-08
57,115,4.750134648600034e-08
57,116,3.827323673869631e-08
57,117,3.0637506583020415e-08
57,118,2.436224252488577e-08
57,119,1.9240938080301447e-08
57,120,1.5091170061455976e-08
57,121,1.1753116266317756e-08
57,122,9.087945075568275e-09
57,123,6.976112066415395e-09
57,124,5.315601485038639e-09
57,125,4.0201510436393425e-09
57,126,3.017497053565165e-09
57,127,2.2476736148293233e-09
57,128,1.661394844710199e-09
57,129,1.2185434149461216e-09
57,130,8.867824682898703e-10
57,131,6.403017589802995e-10
57,132,4.587029972514353e-10
57,133,3.26024173219429e-10
57,134,2.2989828807499483e-10
57,135,1.6083853064963e-10
57,136,1.1163951903204596e-10
57,137,7.688272439164635e-11
57,138,5.253350173469247e-11
254,1,0.08682027611201303
254,2,0.0818261408334964
254,3,0.0764960465047464
254,4,0.07100493794802717
254,5,0.06549851411191122
254,6,0.06009284128650823
254,7,0.0548760356993865
254,8,0.049911233197679594
254,9,0.04524020437598459
254,10,0.04088713668955857
254,11,0.03686225961228806
254,12,0.033165118481719956
254,13,0.02978740170178985
254,14,0.02671529551149404
254,15,0.02393138509327015
254,16,0.021416146100092355
254,17,0.019149082261454196
254,18,0.01710956726550344
254,19,0.01527744621073956
254,20,0.013633446147173567
254,21,0.012159438293020585
254,22,0.010838587471512628
254,23,0.009655417751052773
254,24,0.008595817470457992
254,25,0.007647001878662541
254,26,0.006797447495405263
254,27,0.0060368089311936225
254,28,0.005355826193623822
254,29,0.004935070812752814
254,30,0.004567329639870556
254,31,0.004227284678064114
254,32,0.0039126428391159755
254,33,0.003621309335456739
254,34,0.003351374819530488
254,35,0.00310110193486614
254,36,0.002868911740287945
254,37,0.0026533703843601803
254,38,0.0024531763023477393
254,39,0.0022671481129993712
254,40,0.0020942133152689253
254,41,0.0019333978265180245
254,42,0.0017838163620865458
254,43,0.0016446636287403146
254,44,0.001515206288527617
254,45,0.0013947756422132852
254,46,0.001282760980215308
254,47,0.0011786035517274602
254,48,0.001081791107758238
254,49,0.0009918529797756737
254,50,0.0009083556612574273
254,51,0.0008308988628706887
254,52,0.0007591120085128794
254,53,0.0006926511123150983
254,54,0.0006311958548454022
254,55,0.0005744460777217548
254,56,0.0005248549412265452
254,57,0.0004848744606280437
254,58,0.0004474403108370058
254,59,0.0004124165237951021
254,60,0.00037967376754557936
254,61,0.0003490890283090689
254,62,0.0003205452928207137
254,63,0.00029393123743925987
254,64,0.00026914092804142844
254,65,0.0002460735329482073
254,66,0.00022463304994594692
254,67,0.00020472804770818112
254,68,0.00018627142147407738
254,69,0.00016918016260554592
254,70,0.0001533751415578154
254,71,0.00013878090380428792
254,72,0.00012532547831479288
254,73,0.00011294019826632667
254,74,0.00010155953374471068
254,75,9.1120936258841e-05
254,76,8.15646949266221e-05
254,77,7.283380419803533e-05
254,78,6.487384295455661e-05
254,79,5.763286476668715e-05
254,80,5.106129900619712e-05
254,81,4.5111862402055004e-05
254,82,3.9739480505075074e-05
254,83,3.49012183922653e-05
254,84,3.130025906295458e-05
254,85,2.8283706902675685e-05
254,86,2.5488097954695296e-05
254,87,2.290490863972101e-05
254,88,2.0525278638556378e-05
254,89,1.834000676524007e-05
254,90,1.633958088047543e-05
254,91,1.4514231079689526e-05
254,92,1.2854000019976565e-05
254,93,1.1348825261268479e-05
254,94,9.988628563355756e-06
254,95,8.763407116609022e-06
254,96,7.66332199208722e-06
254,97,6.678779727700429e-06
254,98,5.800503858335271e-06
254,99,5.0195942377613635e-06
254,100,4.327573067246103e-06
254,101,3.7164175328492337e-06
254,102,3.1785797807022884e-06
254,103,2.706995580156586e-06
254,104,2.2950834227576723e-06
254,105,1.936735990785092e-06
254,106,1.6263059314713012e-06
254,107,1.3585877320821245e-06
254,108,1.128797252013181e-06
254,109,9.325501790971074e-07
254,110,7.658404048881153e-07
254,111,6.262438892742267e-07
254,112,5.178933821176543e-07
254,113,4.25520728627003e-07
254,114,3.4727108386948046e-07
254,115,2.814287466490905e-07
254,116,2.2641520826205788e-07
254,117,1.8078691644847422e-07
254,118,1.4323257191455947e-07
254,119,1.1256978072212091e-07
254,120,8.774091955979582e-08
254,121,6.780812317929153e-08
254,122,5.194736655567618e-08
254,123,3.944168092281221e-08
254,124,2.9673605521304344e-08
254,125,2.211702963924655e-08
254,126,1.632861798199918e-08
254,127,1.1939034181064327e-08
254,128,8.644181903807476e-09
254,129,6.196671860687518e-09
254,130,4.39769870227738e-09
254,131,3.0894779310755325e-09
254,132,2.148353494076074e-09
254,133,1.478645565431515e-09
254,134,1.007268603397799e-09
254,135,6.79114765043443e-10
254,136,4.53169001866266e-10
254,137,2.9930056188157523e-10
254,138,1.9566130429826435e-10
2633,1,0.0362180139582526
2633,2,0.037879617854027096
2633,3,0.0391537307107203
2633,4,0.04003300815455758
2633,5,0.0405235904097052
2633,6,0.040642878185355086
2633,7,0.04041709470377447
2633,8,0.03987883997414004
2633,9,0.03906480534419878
2633,10,0.03801375947806286
2633,11,0.03676486358523505
2633,12,0.035356331259286056
2633,13,0.033824418367421887
2633,14,0.032202710021582856
2633,15,0.03052166247502372
2633,16,0.028808355233683566
2633,17,0.02708641039009888
2633,18,0.02537604030467272
2633,19,0.02369418993869366
2633,20,0.02205474552784036
2633,21,0.020468786385732792
2633,22,0.018944861210854164
2633,23,0.017489274260563813
2633,24,0.016106370161998763
2633,25,0.014798808998971161
2633,26,0.013567825705697135
2633,27,0.012413469770221536
2633,28,0.011334822854697574
2633,29,0.010686177868217253
2633,30,0.010108819962605828
2633,31,0.009561215944712861
2633,32,0.009043175453884632
2633,33,0.008554169207329302
2633,34,0.008093398435171944
2633,35,0.007659855118174818
2633,36,0.007252373180293543
2633,37,0.006869671134872235
2633,38,0.006510386800560178
2633,39,0.006173104738879569
2633,40,0.00585637706076748
2633,41,0.005558738221873226
2633,42,0.005278714386625052
2633,43,0.005014827897695604
2633,44,0.004765597349219416
2633,45,0.00452953374007126
2633,46,0.004305133195368493
2633,47,0.004090866823688381
2633,48,0.003885168496734149
2633,49,0.0036864218681408544
2633,50,0.003492949221597338
2633,51,0.003303007935628982
2633,52,0.0031148089868660877
2633,53,0.002926597722615066
2633,54,0.0027369260605479688
2633,55,0.0025456224087704303
2633,56,0.0023690132968390578
2633,57,0.0022254441984232236
2633,58,0.002088140952043901
2633,59,0.0019569613180877364
2633,60,0.0018317577738348923
2633,61,0.00171237896842156
2633,62,0.0015986709303810475
2633,63,0.0014904780605703677
2633,64,0.0013876439395426616
2633,65,0.001290011975025091
2633,66,0.001197425912120645
2633,67,0.0011097302261671583
2633,68,0.0010267704158438838
2633,69,0.0009483932120958829
2633,70,0.000874446716725856
2633,71,0.000804780483055928
2633,72,0.0007392455498596727
2633,73,0.0006776944387753705
2633,74,0.0006199811246004714
2633,75,0.0005659609871965097
2633,76,0.00051549075316322
2633,77,0.00046842843492911004
2633,78,0.00042463327441226857
2633,79,0.0003839656978913335
2633,80,0.0003462872881575989
2633,81,0.00031146077936698014
2633,82,0.000279350079253896
2633,83,0.0002498203224964663
2633,84,0.00022792516800683793
2633,85,0.00020946683890673542
2633,86,0.0001920134069912298
2633,87,0.00017555985443011885
2633,88,0.0001600964074521449
2633,89,0.00014560830991200942
2633,90,0.00013207591673390726
2633,91,0.00011947498666527622
2633,92,0.00010777712390879588
2633,93,9.695032995567095e-05
2633,94,8.695962755077178e-05
2633,95,7.776771886572765e-05
2633,96,6.9335642287474e-05
2633,97,6.162339699706413e-05
2633,98,5.459051111546257e-05
2633,99,4.8196536753567676e-05
2633,100,4.240146294717669e-05
2633,101,3.716604445168418e-05
2633,102,3.2452050191291655e-05
2633,103,2.8222439494392907e-05
2633,104,2.444147697083417e-05
2633,105,2.1074797966387498e-05
2633,106,1.8089435869563728e-05
2633,107,1.5453819582773724e-05
2633,108,1.3137741841192811e-05
2633,109,1.1112276980201366e-05
2633,110,9.34954241087817e-06
2633,111,7.836845525976166e-06
2633,112,6.642912733725459e-06
2633,113,5.595667039254178e-06
2633,114,4.682759457327808e-06
2633,115,3.8921339576719316e-06
2633,116,3.2120940223519767e-06
2633,117,2.631369448616508e-06
2633,118,2.1391818483604998e-06
2633,119,1.7253067694210286e-06
2633,120,1.3801300715413094e-06
2633,121,1.0946961490645943e-06
2633,122,8.607457984816396e-07
2633,123,6.707419543771636e-07
2633,124,5.178821144780652e-07
2633,125,3.9609698067324874e-07
2633,126,3.000355872072128e-07
2633,127,2.2503789874598274e-07
2633,128,1.670964763409162e-07
2633,129,1.2280927937673543e-07
2633,130,8.9325965952954e-08
2633,131,6.429016282829305e-08
2633,132,4.578010859468324e-08
2633,133,3.224985594050715e-08
2633,134,2.2472887867764568e-08
2633,135,1.5489601382654337e-08
2633,136,1.055968344294964e-08
2633,137,7.1199861933899004e-09
2633,138,4.7481321855566395e-09
2294,1,0.02127308746625631
2294,2,0.023648797748211152
2294,3,0.025906326470449114
2294,4,0.027984500578503657
2294,5,0.02982900229812401
2294,6,0.031395017239567787
2294,7,0.03264909695099313
2294,8,0.033570154123461246
2294,9,0.034149598275157955
2294,10,0.03439069664774531
2294,11,0.034307302105192006
2294,12,0.03392212374784558
2294,13,0.03326472700189185
2294,14,0.03236944115997736
2294,15,0.03127332855559924
2294,16,0.030014336322929696
2294,17,0.02862971445071171
2294,18,0.027154747210242053
2294,19,0.025621812472750808
2294,20,0.024059757083325646
2294,21,0.022493557267181837
2294,22,0.0209442209561183
2294,23,0.019428883174328643
2294,24,0.01796104502761299
2294,25,0.016550910045149254
2294,26,0.015205777303799795
2294,27,0.01393045775714721
2294,28,0.012727687562091356
2294,29,0.01236684687710153
2294,30,0.012083708636955426
2294,31,0.011790362843596611
2294,32,0.01148813928074293
2294,33,0.011177998426064399
2294,34,0.010860625313047139
2294,35,0.010536514200945524
2294,36,0.010206045231001914
2294,37,0.009869552403450766
2294,38,0.009527382012512995
2294,39,0.009179940812519402
2294,40,0.008827733418944246
2294,41,0.008471388720426997
2294,42,0.008111675378868883
2294,43,0.007749506817795291
2294,44,0.007385936434857249
2294,45,0.00702214410831439
2294,46,0.006659415381645626
2294,47,0.006299114986256806
2294,48,0.005942656584118061
2294,49,0.0055914707739241724
2294,50,0.00524697351862252
2294,51,0.00491053726756511
2294,52,0.004583467285031022
2294,53,0.004266986336311446
2294,54,0.003962232468885918
2294,55,0.0036702766046266843
2294,56,0.0034198646529388903
2294,57,0.0032410499547905476
2294,58,0.0030655398946759583
2294,59,0.002893783526063996
2294,60,0.0027261801026864443
2294,61,0.002563081316385828
2294,62,0.0024047935714587372
2294,63,0.0022515802451786872
2294,64,0.002103663898533594
2294,65,0.0019612284137419675
2294,66,0.0018244210457381636
2294,67,0.001693354383546842
2294,68,0.0015681082243724832
2294,69,0.001448731368433897
2294,70,0.0013352433462266652
2294,71,0.0012276360921666828
2294,72,0.0011258755796286085
2294,73,0.0010299034324163044
2294,74,0.0009396385268544688
2294,75,0.0008549785971287878
2294,76,0.000775801854374699
2294,77,0.000701968627460787
2294,78,0.000633323030561667
2294,79,0.0005696946595896416
2294,80,0.0005109003164689126
2294,81,0.00045674575719910614
2294,82,0.0004070274567659319
2294,83,0.00036153438129959183
2294,84,0.0003306993744770082
2294,85,0.00030587305800353103
2294,86,0.00028219602996413124
2294,87,0.00025975533257218276
2294,88,0.00023857958549198342
2294,89,0.00021865875306129046
2294,90,0.0001999591689377507
2294,91,0.0001824341934063534
2294,92,0.00016603155881231903
2294,93,0.00015069821754653103
2294,94,0.00013638330157074305
2294,95,0.0001230396701381338
2294,96,0.00011062443236250936
2294,97,9.909876228022185e-05
2294,98,8.842726556917802e-05
2294,99,7.857710491666282e-05
2294,100,6.951704393811338e-05
2294,101,6.121652752782617e-05
2294,102,5.36448798704578e-05
2294,103,4.6770670277223517e-05
2294,104,4.056127153081358e-05
2294,105,3.498261529628792e-05
2294,106,2.9999133963579205e-05
2294,107,2.557386748417087e-05
2294,108,2.166870672444893e-05
2294,109,1.8244740923937374e-05
2294,110,1.5262675711511176e-05
2294,111,1.2714060124817833e-05
2294,112,1.0751696784087825e-05
2294,113,9.030308864598445e-06
2294,114,7.531695492856136e-06
2294,115,6.2370580106031145e-06
2294,116,5.127391764787821e-06
2294,117,4.1838494972106325e-06
2294,118,3.3880655809960433e-06
2294,119,2.7224333562161216e-06
2294,120,2.1703308209378817e-06
2294,121,1.7162927896260749e-06
2294,122,1.3461302082897029e-06
2294,123,1.0469995128471255e-06
2294,124,8.074266648508203e-07
2294,125,6.172917626919289e-07
2294,126,4.6778090597939653e-07
2294,127,3.513123150540344e-07
2294,128,2.6144362977551703e-07
2294,129,1.9276690218862194e-07
2294,130,1.4079713648050454e-07
2294,131,1.0185939926014031e-07
2294,132,7.297860219897261e-08
2294,133,5.1775117179851524e-08
2294,134,3.636847881536919e-08
2294,135,2.5290604103118563e-08
2294,136,1.740924350111098e-08
2294,137,1.1861787979138704e-08
2294,138,7.999097056434504e-09
2641,1,0.0067099330877001
2641,2,0.007588717434097282
2641,3,0.008483095389746264
2641,4,0.009380713939933222
2641,5,0.010269958223821431
2641,6,0.011140422005946778
2641,7,0.011983250148618386
2641,8,0.012791344788873503
2641,9,0.013559440855079296
2641,10,0.014284067292336325
2641,11,0.014963417202286226
2641,12,0.015597153062280981
2641,13,0.01618617281899414
2641,14,0.016732359807740627
2641,15,0.017238335085415096
2641,16,0.017707225771127707
2641,17,0.01814245808266086
2641,18,0.01854757943941942
2641,19,0.018926110556732958
2641,20,0.019281425979479055
2641,21,0.01961665995379172
2641,22,0.0199346337845539
2641,23,0.020237800700230367
2641,24,0.02052820456304513
2641,25,0.02080744935352779
2641,26,0.02107667708359138
2641,27,0.02133655254403825
2641,28,0.02158725399641803
2641,29,0.02079194838950682
2641,30,0.019934965549720483
2641,31,0.01913269531257661
2641,32,0.018382549363780826
2641,33,0.017681665438556416
2641,34,0.017027004403474023
2641,35,0.016415423712634408
2641,36,0.01584373609639314
2641,37,0.015308757673231975
2641,38,0.014807348135159437
2641,39,0.01433644490170657
2641,40,0.013893092648660432
2641,41,0.013474469249585924
2641,42,0.013077908871338821
2641,43,0.012700922718762133
2641,44,0.012341217718964645
2641,45,0.011996713267971006
2641,46,0.01166555603241052
2641,47,0.011346132710680627
2641,48,0.011037080619514016
2641,49,0.01073729599174016
2641,50,0.01044593995004902
2641,51,0.010162442224590592
2641,52,0.009886502639948605
2641,53,0.009618089520076367
2641,54,0.009357429459734768
2641,55,0.009104958666931567
2641,56,0.008817489129113442
2641,57,0.008445192632638352
2641,58,0.008093060281181046
2641,59,0.007759652028706094
2641,60,0.007443614482354311
2641,61,0.007143676135894816
2641,62,0.006858642839471135
2641,63,0.006587393540372423
2641,64,0.006328876316955511
2641,65,0.006082104718005318
2641,66,0.005846154412262731
2641,67,0.005620160147111656
2641,68,0.005403313011085568
2641,69,0.005194857991561157
2641,70,0.004994091816427826
2641,71,0.004800361066371709
2641,72,0.0046130605424508616
2641,73,0.0044316318716616
2641,74,0.00425556233104523
2641,75,0.004084383868442798
2641,76,0.003917672295200443
2641,77,0.003755046622933046
2641,78,0.0035961685128906213
2641,79,0.0034407418026108456
2641,80,0.003288512070500637
2641,81,0.003139266194930608
2641,82,0.0029928318605367426
2641,83,0.002849076960868363
2641,84,0.0026823338061336788
2641,85,0.002513030328146391
2641,86,0.0023530273588735044
2641,87,0.0022019531538265973
2641,88,0.002059365656806181
2641,89,0.0019248006404284858
2641,90,0.001797790984553532
2641,91,0.0016778768793200064
2641,92,0.0015646126037032106
2641,93,0.0014575717552035357
2641,94,0.0013563515547350908
2641,95,0.001260576385296227
2641,96,0.0011699005507890682
2641,97,0.001084010193522334
2641,98,0.0010026243174011257
2641,99,0.0009254948968945003
2641,100,0.0008524060930773396
2641,101,0.0007831726382493037
2641,102,0.000717637484867081
2641,103,0.0006556688404017843
2641,104,0.0005971567265633013
2641,105,0.0005420092095510685
2641,106,0.0004901484487659305
2641,107,0.0004415067064943811
2641,108,0.00039602245312114054
2641,109,0.00035363669747771876
2641,110,0.00031428969428230665
2641,111,0.00027789408762863974
2641,112,0.00024429808625420376
2641,113,0.00021369673471715778
2641,114,0.00018595377975281962
2641,115,0.00016092800788504834
2641,116,0.00013847328551955783
2641,117,0.00011843893252657986
2641,118,0.00010067040160140346
2641,119,8.501022614826377e-05
2641,120,7.129919161516022e-05
2641,121,5.9377679012730534e-05
2641,122,4.908712479077482e-05
2641,123,4.027153842548669e-05
2641,124,3.277901817095275e-05
2641,125,2.6463206668770616e-05
2641,126,2.118463168076117e-05
2641,127,1.6811883200256218e-05
2641,128,1.3222586524987476e-05
2641,129,1.0304141240657726e-05
2641,130,7.954207943571762e-06
2641,131,6.0809372009168724e-06
2641,132,4.602947855797908e-06
2641,133,3.449073441667168e-06
2641,134,2.5579053560977036e-06
2641,135,1.8771689019989783e-06
2641,136,1.362972922855038e-06
2641,137,9.789754118588843e-07
2641,138,6.955063452968066e-07
258,1,0.03769517423465735
258,2,0.0385926099463508
258,3,0.03916340945029215
258,4,0.03941563623065616
258,5,0.0393649320457219
258,6,0.039033090355102724
258,7,0.03844654923139125
258,8,0.037634892131526355
258,9,0.03662943199515217
258,10,0.035461938563367386
258,11,0.034163551568370316
258,12,0.032763904717070864
258,13,0.031290468490207404
258,14,0.029768104932858308
258,15,0.028218815771163596
258,16,0.026661656891334685
258,17,0.02511278755194901
258,18,0.02358562136383365
258,19,0.022091047469656126
258,20,0.020637693737693738
258,21,0.01923220837241012
258,22,0.017879541432276068
258,23,0.01658321276453166
258,24,0.015345557415856744
258,25,0.014167943420679202
258,26,0.013050959910406312
258,27,0.011994575739900076
258,28,0.010998270374924545
258,29,0.010630274158683655
258,30,0.010324632062557229
258,31,0.010015963565312846
258,32,0.0097051169442385
258,33,0.009392787630561932
258,34,0.009079552663248435
258,35,0.008765903209286822
258,36,0.008452274218606906
258,37,0.008139070461765005
258,38,0.007826688394541894
258,39,0.007515533494868873
258,40,0.007206032918496896
258,41,0.006898643515137705
258,42,0.0065938554303557615
258,43,0.006292191683691326
258,44,0.005994204253801288
258,45,0.005700467310982451
258,46,0.0054115683118552685
258,47,0.005128097707747908
258,48,0.004850638017269143
258,49,0.004579752976959649
258,50,0.004315977416154239
258,51,0.004059808408318712
258,52,0.003811698130993826
258,53,0.00357204868849632
258,54,0.0033412087134741288
258,55,0.003119469527509577
258,56,0.0029276174825163194
258,57,0.002788358326419163
258,58,0.0026513362706323176
258,59,0.002516828964617309
258,60,0.0023850908329630205
258,61,0.002256353347492841
258,62,0.0021308253596418894
258,63,0.0020086934947533036
258,64,0.0018901226073160674
258,65,0.0017752562939234988
258,66,0.001664217458952311
258,67,0.0015571089266867655
258,68,0.0014540140928477286
258,69,0.0013549976082129528
258,70,0.001260106087192252
258,71,0.0011693688347933614
258,72,0.0010827985863123017
258,73,0.0010003922552275113
258,74,0.0009221316860853621
258,75,0.0008479844105469241
258,76,0.0007779044061339401
258,77,0.000711832858480413
258,78,0.0006496989289867014
258,79,0.000591420530618536
258,80,0.0005369051151396708
258,81,0.00048605047527734154
258,82,0.00043874556517504125
258,83,0.00039487134198825687
258,84,0.0003648995933886102
258,85,0.0003405531415897873
258,86,0.00031696911780527764
258,87,0.0002942085282329575
258,88,0.00027232371948984643
258,89,0.0002513579275077433
258,90,0.00023134516031659416
258,91,0.00021231029910400033
258,92,0.00019426938363174034
258,93,0.00017723005875662398
258,94,0.00016119215542225265
258,95,0.00014614837441018355
258,96,0.00013208503788291457
258,97,0.00011898287333521145
258,98,0.00010681779701711054
258,99,9.556166872024337e-05
258,100,8.518299628590097e-05
258,101,7.564757545945116e-05
258,102,6.691905797229866e-05
258,103,5.8959447292287494e-05
258,104,5.1729526837846785e-05
258,105,4.518922929514409e-05
258,106,3.92979579063912e-05
258,107,3.4014871285353e-05
258,108,2.929914269081545e-05
258,109,2.5110203153469797e-05
258,110,2.140797638681134e-05
258,111,1.819412037917471e-05
258,112,1.5693896509966724e-05
258,113,1.34624958749421e-05
258,114,1.14826191821722e-05
258,115,9.736479389655515e-06
258,116,8.20603030362988e-06
258,117,6.873192559791638e-06
258,118,5.720072146413019e-06
258,119,4.729166244529151e-06
258,120,3.8835512519858615e-06
258,121,3.167048389705534e-06
258,122,2.564363183794885e-06
258,123,2.061196271189413e-06
258,124,1.6443242698192468e-06
258,125,1.3016507665674529e-06
258,126,1.0222286992640923e-06
258,127,7.962564559214212e-07
258,128,6.150508263260928e-07
258,129,4.7100048861612853e-07
258,130,3.5750399522313543e-07
258,131,2.6889626046241934e-07
258,132,2.0036738464056676e-07
258,133,1.4787732463429806e-07
258,134,1.0806948866208151e-07
258,135,7.818584039988258e-08
258,136,5.59855847072589e-08
258,137,3.9669005263941946e-08
258,138,2.7807555624984372e-08
145,1,0.004179747506733364
145,2,0.005179733656163491
145,3,0.006288133502141036
145,4,0.007486145119444068
145,5,0.008749491517133279
145,6,0.010049835950634287
145,7,0.011356533232044835
145,8,0.012638523312911322
145,9,0.01386616992743832
145,10,0.01501287180400047
145,11,0.016056318940571853
145,12,0.01697932176243431
145,13,0.01777019674610685
145,14,0.018422740259694044
145,15,0.01893585778754065
145,16,0.019312936342460396
145,17,0.019561054375694022
145,18,0.019690118406486923
145,19,0.019712002407126332
145,20,0.019639748343727653
145,21,0.019486867396739986
145,22,0.019266763704357242
145,23,0.018992287547876855
145,24,0.01867541348234285
145,25,0.018327031115345498
145,26,0.017956831714320436
145,27,0.017573271989213102
145,28,0.017183596570428734
145,29,0.01679433577237096
145,30,0.01641149736031753
145,31,0.016039477591956175
145,32,0.015680943481395794
145,33,0.015337677221579206
145,34,0.015010911462490666
145,35,0.014701492493201136
145,36,0.01440997618042703
145,37,0.014136690104182873
145,38,0.013881773695963483
145,39,0.013645200209718576
145,40,0.01342678075009704
145,41,0.013226148494722393
145,42,0.013042719681410679
145,43,0.012875626527290148
145,44,0.012723615927651635
145,45,0.012584906680727332
145,46,0.012456997512263406
145,47,0.012336419243078326
145,48,0.012218428959731603
145,49,0.012096655995389652
145,50,0.011962737456528573
145,51,0.011806044215006034
145,52,0.011613743236533587
145,53,0.011371791203326601
145,54,0.011068361008506139
145,55,0.010703701420910192
145,56,0.010312044393462156
145,57,0.009924440076462026
145,58,0.009546615982042416
145,59,0.009178585150489723
145,60,0.008820316389947432
145,61,0.008471741293367214
145,62,0.008132760578032775
145,63,0.007803249773468305
145,64,0.007483064291870424
145,65,0.007172043920466779
145,66,0.006870016778060476
145,67,0.00657680277901197
145,68,0.006292216647492637
145,69,0.006016070523386151
145,70,0.005748176199012469
145,71,0.005488347023143974
145,72,0.0052363995057653065
145,73,0.0049921546538513285
145,74,0.00475543906522364
145,75,0.00452608580439672
145,76,0.00430393508131873
145,77,0.004088834751115102
145,78,0.003880640650405486
145,79,0.0036792167835248413
145,80,0.0034844353700623164
145,81,0.003296176763554771
145,82,0.003114329249936391
145,83,0.0029387887334510893
145,84,0.0027696787392715297
145,85,0.0026080244057762403
145,86,0.0024548057235765234
145,87,0.002309900346168564
145,88,0.002172781762406973
145,89,0.0020427993835534244
145,90,0.0019192984601779962
145,91,0.0018016755626186927
145,92,0.0016894033747475424
145,93,0.0015820392095664576
145,94,0.0014792243964898467
145,95,0.0013806785065085998
145,96,0.0012861907881428069
145,97,0.0011956102966041153
145,98,0.001108835656130993
145,99,0.0010258050446497078
145,100,0.0009464867547497886
145,101,0.0008708705241759751
145,102,0.0007989597169587615
145,103,0.0007307643539190186
145,104,0.0006662949208056187
145,105,0.0006055568014337707
145,106,0.0005485450541216165
145,107,0.0004952389919718457
145,108,0.0004455954404179791
145,109,0.0003995380768999095
145,110,0.0003569365117748324
145,111,0.00031757212061339803
145,112,0.0002812477312321065
145,113,0.00024785736341468814
145,114,0.00021731864347974796
145,115,0.0001895348277026931
145,116,0.00016439579609833243
145,117,0.00014177936320908528
145,118,0.00012155285888851535
145,119,0.00010357492762732263
145,120,8.769749096664518e-05
145,121,7.376781452304108e-05
145,122,6.16306195668031e-05
145,123,5.113017928677878e-05
145,124,4.211234203670347e-05
145,125,3.4426428036693084e-05
145,126,2.7926952099355763e-05
145,127,2.2475132731141644e-05
145,128,1.794015708457407e-05
145,129,1.4200181282338482e-05
145,130,1.114305612420983e-05
145,131,8.6667786247804e-06
145,132,6.679679723025559e-06
145,133,5.100367397275477e-06
145,134,3.857451914953243e-06
145,135,2.889085735431616e-06
145,136,2.1423544702837423e-06
145,137,1.5725572471294086e-06
145,138,1.1424150521406342e-06
344,1,0.058735062790818346
344,2,0.05957303905747835
344,3,0.059515006146050244
344,4,0.058639831386773526
344,5,0.057056016364046176
344,6,0.05488972845224997
344,7,0.0522736775297416
344,8,0.04933777854008733
344,9,0.04620209016257759
344,10,0.04297212772261466
344,11,0.03973635750507391
344,12,0.036565501260978496
344,13,0.03351320287103524
344,14,0.030617610418526748
344,15,0.027903479197564116
344,16,0.02538447961720341
344,17,0.02306547923643392
344,18,0.020944647375621486
344,19,0.019015296831314903
344,20,0.017267427625816324
344,21,0.015688972922386604
344,22,0.014266769390777475
344,23,0.012987286252336742
344,24,0.011837151816784502
344,25,0.010803516031951623
344,26,0.009874284378447892
344,27,0.009038253801704865
344,28,0.00828517626758004
344,29,0.007605147015927751
344,30,0.006988182575408724
344,31,0.006425810767344777
344,32,0.005911817205954469
344,33,0.0054411865890113716
344,34,0.005009645529032432
344,35,0.004613457645211486
344,36,0.004249316703598888
344,37,0.003914281578492079
344,38,0.003605730367404979
344,39,0.0033213239092135635
344,40,0.0030589744052613626
344,41,0.002816817276950786
344,42,0.0025931855029614438
344,43,0.0023865861733443163
344,44,0.0021956791966571496
344,45,0.002019258153696953
344,46,0.0018562332842759555
344,47,0.0017056165615911198
344,48,0.001566508772735385
344,49,0.0014380884944035618
344,50,0.0013196028348621712
344,51,0.001210359807810281
344,52,0.001109722205186413
344,53,0.001017102812770415
344,54,0.0009319605988948149
344,55,0.0008537960439435085
344,56,0.0007821307527703675
344,57,0.0007164433145753583
344,58,0.0006562161833984236
344,59,0.00060097396352408
344,60,0.0005502854425668419
344,61,0.0005037594062901297
344,62,0.00046104082197180547
344,63,0.0004218073662750757
344,64,0.0003857662728794368
344,65,0.00035265147519645634
344,66,0.00032222102012322777
344,67,0.00029425472979631613
344,68,0.00026855208956421165
344,69,0.00024493034179221007
344,70,0.0002232227665728659
344,71,0.0002032771318812958
344,72,0.00018495429714805156
344,73,0.00016812695559629485
344,74,0.00015267850198750907
344,75,0.00013850201363150202
344,76,0.00012549933363780765
344,77,0.00011358024641651196
344,78,0.00010266173637950146
344,79,9.266732165236769e-05
344,80,8.352645538801522e-05
344,81,7.51739879811459e-05
344,82,6.754968412412848e-05
344,83,6.0597789224331676e-05
344,84,5.4282163468093594e-05
344,85,4.8624803999504736e-05
344,86,4.3624360438589865e-05
344,87,3.9201356225546185e-05
344,88,3.5265870231954194e-05
344,89,3.173875462727921e-05
344,90,2.8555998193152908e-05
344,91,2.5667744316425023e-05
344,92,2.3035805182868102e-05
344,93,2.063103093730017e-05
344,94,1.8430997725269995e-05
344,95,1.641813443123373e-05
344,96,1.4578275182539299e-05
344,97,1.2899578386348404e-05
344,98,1.1371742921894932e-05
344,99,9.985456582011538e-06
344,100,8.732021408254586e-06
344,101,7.603110982815932e-06
344,102,6.590624276661852e-06
344,103,5.686608707926202e-06
344,104,4.88323156770877e-06
344,105,4.172784077402965e-06
344,106,3.5477062840873493e-06
344,107,3.000624015969334e-06
344,108,2.5243914235155524e-06
344,109,2.11213441790231e-06
344,110,1.75729183800535e-06
344,111,1.4536535499631706e-06
344,112,1.1953958230272408e-06
344,113,9.770962641279468e-07
344,114,7.937407254826319e-07
344,115,6.407311020279164e-07
344,116,5.138875856114325e-07
344,117,4.094436805821538e-07
344,118,3.240348475704927e-07
344,119,2.546817508973178e-07
344,120,1.9876914356849155e-07
344,121,1.5402143519381317e-07
344,122,1.1847595762001026e-07
344,123,9.045487754862429e-08
344,124,6.853661285809284e-08
344,125,5.152749798787485e-08
344,126,3.843432150280678e-08
344,127,2.8438233026866874e-08
344,128,2.087039325160041e-08
344,129,1.5189624594585377e-08
344,130,1.0962214944283327e-08
344,131,7.843935197412931e-09
344,132,5.56425429526069e-09
344,133,3.9126735840770075e-09
344,134,2.727055194428455e-09
344,135,1.8837858084935688e-09
344,136,1.289596301875396e-09
344,137,8.748476845472754e-10
344,138,5.880927877807133e-10
26,1,0.07317689122284841
26,2,0.06923079413059825
26,3,0.06507046126673502
26,4,0.06082506512792552
26,5,0.05659977146655072
26,6,0.052476059860231336
26,7,0.04851359013314527
26,8,0.04475298320710889
26,9,0.04121900424062673
26,10,0.03792376998494081
26,11,0.03486973012393244
26,12,0.03205228036597323
26,13,0.029461947565536852
26,14,0.027086144352909593
26,15,0.024910526193705235
26,16,0.022920002399456067
26,17,0.021099459307729208
26,18,0.019434252894923003
26,19,0.017910522765132473
26,20,0.016515372106448555
26,21,0.015236950342807318
26,22,0.014064467735291403
26,23,0.012988164564337015
26,24,0.011999251930692876
26,25,0.011089836653727555
26,26,0.010252839134063
26,27,0.009481910255926491
26,28,0.008771351295450062
26,29,0.008116038383270577
26,30,0.007511351840465834
26,31,0.006953118878915537
26,32,0.0064375644001993665
26,33,0.005961265087658953
26,34,0.005521108790563684
26,35,0.005114258943507214
26,36,0.004738123619785913
26,37,0.004390328757939266
26,38,0.004068695078849206
26,39,0.003771218217398915
26,40,0.0034960516188457954
26,41,0.003241491788129842
26,42,0.0030059655243838915
26,43,0.0027880188186526532
26,44,0.002586307137383927
26,45,0.002399586855845706
26,46,0.0022267076432784614
26,47,0.0020666056349015263
26,48,0.0019182972547839125
26,49,0.001780873578134169
26,50,0.0016534951417543722
26,51,0.0015353871268080736
26,52,0.0014258348469813377
26,53,0.0013241794720872755
26,54,0.0012298138835710765
26,55,0.0011421784207178152
26,56,0.0010607557215797738
26,57,0.0009850658939805181
26,58,0.0009146677151146797
26,59,0.0008491576989175445
26,60,0.0007881671743724946
26,61,0.0007313592859794253
26,62,0.0006784262013253599
26,63,0.000629086518615779
26,64,0.0005830828670756784
26,65,0.0005401796927629195
26,66,0.0005001612218890762
26,67,0.0004628295933154308
26,68,0.00042800315152171335
26,69,0.00039551489105087677
26,70,0.0003652110432257061
26,71,0.0003369497958193377
26,72,0.0003106001363449258
26,73,0.000286040809709339
26,74,0.0002631593811478764
26,75,0.00024185139561431232
26,76,0.0002220196251334792
26,77,0.0002035733960202424
26,78,0.00018642798831649307
26,79,0.00017050410028329873
26,80,0.0001557273712956909
26,81,0.00014202795701025644
26,82,0.00012934015119951298
26,83,0.00011760204916199115
26,84,0.00010675524541315764
26,85,9.674454188484816e-05
26,86,8.75176080851954e-05
26,87,7.902485384688252e-05
26,88,7.121936675627605e-05
26,89,6.405679902420034e-05
26,90,5.749522392408567e-05
26,91,5.149497672252011e-05
26,92,4.601849094829919e-05
26,93,4.1030138829238536e-05
26,94,3.6496083226452786e-05
26,95,3.2384146800409983e-05
26,96,2.8663702306248906e-05
26,97,2.530558590976515e-05
26,98,2.2282033405923323e-05
26,99,1.956663739643775e-05
26,100,1.7134322006310487e-05
26,101,1.4961330705109652e-05
26,102,1.3025222298185408e-05
26,103,1.1304870154003506e-05
26,104,9.780460171164843e-06
26,105,8.433483759894717e-06
26,106,7.246723096205764e-06
26,107,6.204226979562988e-06
26,108,5.2912766772860266e-06
26,109,4.494342087444399e-06
26,110,3.801029354941088e-06
26,111,3.2000217806368537e-06
26,112,2.6810156330458182e-06
26,113,2.2346504385758053e-06
26,114,1.8524397320238488e-06
26,115,1.5267051556331903e-06
26,116,1.250512612827891e-06
26,117,1.0176113858712777e-06
26,118,8.223772467762694e-07
26,119,6.59760196536546e-07
26,120,5.252370836913855e-07
26,121,4.1476899924033043e-07
26,122,3.2476304784929574e-07
26,123,2.520378772433416e-07
26,124,1.9379222190153327e-07
26,125,1.475756865075169e-07
26,126,1.1126105157191044e-07
26,127,8.301751174022581e-08
26,128,6.128443350057035e-08
26,129,4.4745416959601596e-08
26,130,3.23026399255689e-08
26,131,2.3051629100104204e-08
26,132,1.6256726201970506e-08
26,133,1.1327587372990233e-08
26,134,7.797071126392276e-09
26,135,5.300839184234802e-09
26,136,3.5589267174709243e-09
26,137,2.3594474719847904e-09
26,138,1.5444992374476446e-09
158,1,0.04909733506658133
158,2,0.04838841983014903
158,3,0.047382594358901006
158,4,0.04613369124826978
158,5,0.044693674631533765
158,6,0.043110695487823085
158,7,0.04142783269948727
158,8,0.03968243126081358
158,9,0.03790592209011399
158,10,0.036124001872547044
158,11,0.03435705939538396
158,12,0.032620750932520176
158,13,0.030926646698956835
158,14,0.02928288996239379
158,15,0.027694828082685956
158,16,0.026165589570154184
158,17,0.024696592932181526
158,18,0.023287981771178908
158,19,0.021938986693035782
158,20,0.0206482185592265
158,21,0.019413899944028975
158,22,0.018234042769752466
158,23,0.017106580348349724
158,24,0.016029461745989956
158,25,0.01500071572952371
158,26,0.014018490713660084
158,27,0.013081076220813349
158,28,0.012186910470015485
158,29,0.011422390311165116
158,30,0.010712656975496901
158,31,0.010044013777021441
158,32,0.009413335932419298
158,33,0.00881827172252323
158,34,0.008256917129132815
158,35,0.00772762618988988
158,36,0.007228900878068689
158,37,0.00675932722351818
158,38,0.006317539289046777
158,39,0.005902200361028615
158,40,0.005511994857556749
158,41,0.005145626814463808
158,42,0.004801822235549621
158,43,0.004479333504077653
158,44,0.004176944659407135
158,45,0.0038934767588504333
158,46,0.0036277928348297213
158,47,0.0033788021600016944
158,48,0.003145463673234674
158,49,0.0029267885143034605
158,50,0.0027218416773051868
158,51,0.002529742831385587
158,52,0.002349666379460401
158,53,0.002180840836529541
158,54,0.0020225476129040417
158,55,0.0018741192888117313
158,56,0.0017385407473763871
158,57,0.0016193936882536533
158,58,0.0015074390358324793
158,59,0.001402241944680698
158,60,0.0013033961610135728
158,61,0.0012105227746467225
158,62,0.0011232688383019582
158,63,0.0010413059022273575
158,64,0.0009643285028302733
158,65,0.0008920526362506279
158,66,0.0008242142411588062
158,67,0.000760567709458516
158,68,0.0007008844389429525
158,69,0.0006449514382081051
158,70,0.0005925699911706487
158,71,0.0005435543862633097
158,72,0.0004977307136826049
158,73,0.00045493573284152776
158,74,0.00041501581133936936
158,75,0.00037782593621667925
158,76,0.00034322879793765166
158,77,0.00031109394736493923
158,78,0.0002812970259005012
158,79,0.00025371906890525126
158,80,0.00022824588243212145
158,81,0.00020476749317148042
158,82,0.0001831776712832887
158,83,0.00016337352545516616
158,84,0.00014751767524332174
158,85,0.00013384939318791957
158,86,0.00012138237638560805
158,87,0.00011006218470901751
158,88,9.97806819386962e-05
158,89,9.041866294132349e-05
158,90,8.18648343550512e-05
158,91,7.402298574331995e-05
158,92,6.681345611789172e-05
158,93,6.017194290346781e-05
158,94,5.4047211458589096e-05
158,95,4.839851073699794e-05
158,96,4.319310298330144e-05
158,97,3.840409806493664e-05
158,98,3.400866245909328e-05
158,99,2.9986606607612954e-05
158,100,2.6319319609790643e-05
158,101,2.298900422649379e-05
158,102,1.997816032096239e-05
158,103,1.7269266458857474e-05
158,104,1.4844614430583937e-05
158,105,1.2686258005497602e-05
158,106,1.0776044051157638e-05
158,107,9.095700514653322e-06
158,108,7.6269612798915825e-06
158,109,6.351712442207234e-06
158,110,5.252148101149456e-06
158,111,4.317539765665866e-06
158,112,3.5719225062819995e-06
158,113,2.9330058614893992e-06
158,114,2.389740822958591e-06
158,115,1.931504918689472e-06
158,116,1.5482002062701592e-06
158,117,1.2303350693244316e-06
158,118,9.69088679076487e-07
158,119,7.563574960110414e-07
158,120,5.847836963560969e-07
158,121,4.4776595182759425e-07
158,122,3.3945355043156175e-07
158,123,2.5472538382362343e-07
158,124,1.8915580039740498e-07
158,125,1.3896969375745318e-07
158,126,1.0098943355244681e-07
158,127,7.257633297015288e-08
158,128,5.156928269728843e-08
158,129,3.622297768586327e-08
158,130,2.51478459252958e-08
158,131,1.725339154742047e-08
158,132,1.1696226035918743e-08
158,133,7.833618562861844e-09
158,134,5.182982417296871e-09
158,135,3.3873544653230883e-09
158,136,2.1866348287074585e-09
158,137,1.394141460179987e-09
158,138,8.77897705104873e-10
77,1,0.026603518510363175
77,2,0.027379239394975583
77,3,0.02796123570751403
77,4,0.02835796521471798
77,5,0.028581372497566298
77,6,0.028645767025433158
77,7,0.02856684672880189
77,8,0.028360887844902184
77,9,0.028044106483530826
77,10,0.027632182177975452
77,11,0.027139923902925623
77,12,0.026581054547082355
77,13,0.025968089303481167
77,14,0.025312285424919877
77,15,0.024623644054371452
77,16,0.023910948491153272
77,17,0.023181826734612044
77,18,0.02244282916717074
77,19,0.021699514695073016
77,20,0.020956540571279186
77,21,0.020217752553543408
77,22,0.019486273095630967
77,23,0.0187645860228806
77,24,0.018054616683453397
77,25,0.017357806955091776
77,26,0.016675184769021748
77,27,0.016007428019047885
77,28,0.015354922875841249
77,29,0.014548126047086727
77,30,0.013783984318206864
77,31,0.013079818557187874
77,32,0.012431614602415932
77,33,0.011835478200268012
77,34,0.011287659164400886
77,35,0.010784565201406037
77,36,0.010322767208305647
77,37,0.009898997539979165
77,38,0.009510142455461834
77,39,0.009153229683364707
77,40,0.008825411797014373
77,41,0.008523945856039066
77,42,0.008246169548795998
77,43,0.007989473854735677
77,44,0.00775127203389117
77,45,0.0075289645419048925
77,46,0.007319899272689245
77,47,0.007121326381573437
77,48,0.006930346940468625
77,49,0.006743855101013579
77,50,0.006558475062461248
77,51,0.0063704991893512005
77,52,0.0061758490563584125
77,53,0.005970131241301225
77,54,0.0057490436147940105
77,55,0.005510226948812118
77,56,0.005263138716055262
77,57,0.005024541742694258
77,58,0.004796435619000477
77,59,0.004578151999670134
77,60,0.004369065653501462
77,61,0.00416859340932461
77,62,0.003976192979061481
77,63,0.0037913616968957716
77,64,0.003613635205366172
77,65,0.003442586111699023
77,66,0.003277822630883599
77,67,0.0031189872258761647
77,68,0.002965755249910852
77,69,0.0028178335912089282
77,70,0.002674959316426692
77,71,0.002536898305980337
77,72,0.002403443871946598
77,73,0.0022744153475743696
77,74,0.002149656636563862
77,75,0.002029034710181803
77,76,0.0019124380409809467
77,77,0.0017997749633662389
77,78,0.0016909719534701606
77,79,0.0015859718237201835
77,80,0.0014847318310334616
77,81,0.0013872217016662883
77,82,0.0012934215802589194
77,83,0.0012033199154060593
77,84,0.0011286291029546697
77,85,0.0010616663511620417
77,86,0.0009972086333021192
77,87,0.000935227290399271
77,88,0.0008756949128470929
77,89,0.0008185849057828888
77,90,0.0007638710128569834
77,91,0.0007115268027202877
77,92,0.0006615251379729907
77,93,0.0006138376521993187
77,94,0.0005684342612224999
77,95,0.0005252827317358344
77,96,0.00048434832516299636
77,97,0.0004455935279493491
77,98,0.0004089778723907944
77,99,0.0003744578453739582
77,100,0.000341986876680121
77,101,0.00031151539422574846
77,102,0.00028299093093526534
77,103,0.00025635826669337814
77,104,0.00023155958835547678
77,105,0.00020853464957004388
77,106,0.0001872209064830498
77,107,0.00016755358506792095
77,108,0.00014946556785484468
77,109,0.00013288674231761788
77,110,0.00011774136527749144
77,111,0.00010407062153717704
77,112,9.270870940919006e-05
77,113,8.226733332555707e-05
77,114,7.270746714329206e-05
77,115,6.398887373896524e-05
77,116,5.6070221689582256e-05
77,117,4.890921924030515e-05
77,118,4.246277329883086e-05
77,119,3.668717876384113e-05
77,120,3.153834059213787e-05
77,121,2.6972027890525883e-05
77,122,2.2944156251109178e-05
77,123,1.9411091785650485e-05
77,124,1.6329968073169542e-05
77,125,1.3659005678437683e-05
77,126,1.1357823125427786e-05
77,127,9.387728246652736e-06
77,128,7.71197963563491e-06
77,129,6.296009404041331e-06
77,130,5.107600438559505e-06
77,131,4.117013685945442e-06
77,132,3.2970634758387374e-06
77,133,2.6231413329675915e-06
77,134,2.073190966998441e-06
77,135,1.6276390259871683e-06
77,136,1.269287665144886e-06
77,137,9.831759670507654e-07
77,138,7.56417745469462e-07
252,1,0.015238708740428385
252,2,0.016318963761149465
252,3,0.01732260856866456
252,4,0.01823734257180278
252,5,0.019053817628685785
252,6,0.01976564000524651
252,7,0.02036923149539929
252,8,0.020863583024464918
252,9,0.02124993451431018
252,10,0.02153141220361463
252,11,0.021712650222346336
252,12,0.021799418040169022
252,13,0.02179827018420824
252,14,0.021716229808603
252,15,0.021560513520426823
252,16,0.02133830138702267
252,17,0.021056553239277034
252,18,0.02072187017430509
252,19,0.020340398472124786
252,20,0.019917771904567862
252,21,0.019459087572706004
252,22,0.018968909912112107
252,23,0.018451297308351815
252,24,0.017909845823879125
252,25,0.017347744806431406
252,26,0.016767839581352275
252,27,0.016172696979576517
252,28,0.0155646700752674
252,29,0.015271856326325262
252,30,0.015005465948091238
252,31,0.014730500689166702
252,32,0.014448047374786135
252,33,0.014159058120534149
252,34,0.013864378179850074
252,35,0.013564769214430634
252,36,0.01326092796011347
252,37,0.01295350057286257
252,38,0.01264309312291221
252,39,0.012330278813116598
252,40,0.012015602546207689
252,41,0.011699583466391297
252,42,0.011382716064343407
252,43,0.011065470371699563
252,44,0.010748291691376229
252,45,0.010431600222250866
252,46,0.010115790848192033
252,47,0.009801233277870958
252,48,0.00948827264705452
252,49,0.009177230630849506
252,50,0.008868407058241894
252,51,0.008562081968048042
252,52,0.008258517972007688
252,53,0.007957962627459354
252,54,0.0076606500134221165
252,55,0.007366798683341825
252,56,0.007098145393798122
252,57,0.00688156902790878
252,58,0.006665908338218831
252,59,0.006451364697991839
252,60,0.0062381221160354395
252,61,0.006026350399477505
252,62,0.005816207991756509
252,63,0.005607844499564519
252,64,0.005401402926593337
252,65,0.005197021633890553
252,66,0.004994836046742074
252,67,0.004794980126632547
252,68,0.004597587624394274
252,69,0.00440279312753625
252,70,0.004210732911319871
252,71,0.004021545599743544
252,72,0.003835372639485447
252,73,0.003652358587242398
252,74,0.0034726512089435966
252,75,0.0032964013881066653
252,76,0.003123762840192446
252,77,0.0029548916302207353
252,78,0.00278994549212389
252,79,0.0026290829503141907
252,80,0.00247246224668647
252,81,0.002320240079720244
252,82,0.0021725701664226903
252,83,0.0020296016424901898
252,84,0.0019238090366305372
252,85,0.0018332840966514545
252,86,0.0017437401689442836
252,87,0.0016553776342172475
252,88,0.0015683896011700223
252,89,0.0014829613761941983
252,90,0.001399269744062122
252,91,0.0013174820870124767
252,92,0.00123775537789651
252,93,0.0011602351027154374
252,94,0.001085054182059413
252,95,0.001012331966819475
252,96,0.0009421733806767734
252,97,0.0008746682709920347
252,98,0.000809891012424782
252,99,0.0007479003861771174
252,100,0.0006887397348196556
252,101,0.0006324373708801154
252,102,0.0005790071991150828
252,103,0.0005284494994273748
252,104,0.0004807518107767839
252,105,0.00043588985639984754
252,106,0.00039382845668992864
252,107,0.0003545223870704852
252,108,0.00031791715263218686
252,109,0.0002839496677500652
252,110,0.00025254884713531183
252,111,0.00022398595067003884
252,112,0.00020059142011218806
252,113,0.00017885876713681162
252,114,0.00015875579423801645
252,115,0.00014024336917736106
252,116,0.0001232757241551765
252,117,0.0001078007771410892
252,118,9.376050310742295e-05
252,119,8.109137889731573e-05
252,120,6.972491920003744e-05
252,121,5.958831327107892e-05
252,122,5.060516336824052e-05
252,123,4.269631712303073e-05
252,124,3.578077791847338e-05
252,125,2.9776670389648756e-05
252,126,2.460223286406916e-05
252,127,2.0176805233847125e-05
252,128,1.64217795688317e-05
252,129,1.3261481757335658e-05
252,130,1.0623955471292207e-05
252,131,8.44162453338881e-06
252,132,6.651815935205807e-06
252,133,5.1971328459418475e-06
252,134,4.025674431579383e-06
252,135,3.0911066291685817e-06
252,136,2.3525946755046953e-06
252,137,1.774613734747384e-06
252,138,1.3266580794972503e-06
248,1,0.02103026870324966
248,2,0.023330033812050975
248,3,0.025467776417335095
248,4,0.027384575419497566
248,5,0.02903284006039423
248,6,0.03037818903563538
248,7,0.03140010890169218
248,8,0.03209151980155534
248,9,0.03245747475377258
248,10,0.03251326536674378
248,11,0.03228220822763979
248,12,0.03179335433675862
248,13,0.031079312498078215
248,14,0.03017431898455439
248,15,0.02911262960027523
248,16,0.027927262533424563
248,17,0.026649084029286868
248,18,0.025306204341392406
248,19,0.023923637444994733
248,20,0.02252317256226273
248,21,0.02112340632581316
248,22,0.01973988919801772
248,23,0.01838534672065159
248,24,0.01706994388510875
248,25,0.0158015684163211
248,26,0.014586115463018636
248,27,0.013427761793158112
248,28,0.012329222033373829
248,29,0.012059142906908425
248,30,0.011861742544951655
248,31,0.011649941805461356
248,32,0.011425613908587207
248,33,0.011190375866196523
248,34,0.01094560794265017
248,35,0.01069247594544486
248,36,0.010431955030939636
248,37,0.010164854015486209
248,38,0.009891839404998012
248,39,0.009613458544999174
248,40,0.00933016145932421
248,41,0.009042321090818936
248,42,0.008750251781253162
248,43,0.008454225929897365
248,44,0.008154488852162552
248,45,0.007851271926157484
248,46,0.007544804177278267
248,47,0.0072353225328861135
248,48,0.00692308113098255
248,49,0.006608360399271635
248,50,0.006291477396394585
248,51,0.005972800804065027
248,52,0.005652778927010178
248,53,0.005332003478743346
248,54,0.00501138066102799
248,55,0.004692687969516374
248,56,0.00441633171791033
248,57,0.004226372683774806
248,58,0.004036986450287386
248,59,0.0038487698079963865
248,60,0.003662283398778189
248,61,0.0034780520727669332
248,62,0.003296565229179989
248,63,0.0031182771294134878
248,64,0.0029436071783438687
248,65,0.0027729401760859655
248,66,0.002606626547478295
248,67,0.002444982560376886
248,68,0.002288290546565255
248,69,0.002136799140867194
248,70,0.0019907235550142596
248,71,0.0018502459030955896
248,72,0.0017155155951105096
248,73,0.0015866498143468073
248,74,0.0014637340930934433
248,75,0.001346822999626999
248,76,0.001235940947534584
248,77,0.0011310831362932833
248,78,0.0010322166296514608
248,79,0.0009392815757836701
248,80,0.0008521925704499
248,81,0.0007708401615148502
248,82,0.0006950924902072231
248,83,0.0006247970614521315
248,84,0.0005779955248147635
248,85,0.0005404452410640718
248,86,0.0005038010390687389
248,87,0.0004681886296770319
248,88,0.00043372127617726463
248,89,0.0004004993573252466
248,90,0.00036860992857695724
248,91,0.00033812635499105614
248,92,0.0003091080562134567
248,93,0.000281600394708817
248,94,0.000255634732711907
248,95,0.00023122867647567023
248,96,0.00020838651748153846
248,97,0.00018709986989331537
248,98,0.00016734849273634402
248,99,0.00014910127523815798
248,100,0.0001323173555045715
248,101,0.00011694733695692829
248,102,0.00010293456407593065
248,103,9.021641895468207e-05
248,104,7.872560258658538e-05
248,105,6.839136905155047e-05
248,106,5.91406859068177e-05
248,107,5.0899298791320504e-05
248,108,4.359267978885119e-05
248,109,3.714682886558528e-05
248,110,3.1488835391617306e-05
248,111,2.6610089339436508e-05
248,112,2.2844778955848673e-05
248,113,1.9498557043248847e-05
248,114,1.6542379590601358e-05
248,115,1.3946783514781082e-05
248,116,1.1682265483636681e-05
248,117,9.71962641617366e-06
248,118,8.030281499782219e-06
248,119,6.586535583102175e-06
248,120,5.361823638569171e-06
248,121,4.330915800116199e-06
248,122,3.4700863748155343e-06
248,123,2.7572462765085507e-06
248,124,2.1720385782105763e-06
248,125,1.6958973406861276e-06
248,126,1.3120705291170727e-06
248,127,1.0056086329344734e-06
248,128,7.633214884559997e-07
248,129,5.737066886409872e-07
248,130,4.268537631678736e-07
248,131,3.1432894511477526e-07
248,132,2.2904574347427608e-07
248,133,1.6512667293307571e-07
248,134,1.1776134163764117e-07
248,135,8.306568119199273e-08
248,136,5.794646414652955e-08
248,137,3.997445548696515e-08
248,138,2.726865952133082e-08
245,1,0.0047761291248285065
245,2,0.005737215742057313
245,3,0.006789031994223299
245,4,0.007919303794038348
245,5,0.009112414646095057
245,6,0.010350051669979416
245,7,0.011612024294340209
245,8,0.012877175320156966
245,9,0.014124304714213502
245,10,0.01533303488331649
245,11,0.016484561049172213
245,12,0.017562248959241036
245,13,0.018552061463286737
245,14,0.019442812840892557
245,15,0.02022626343246693
245,16,0.020897076338304146
245,17,0.021452662804167993
245,18,0.021892944111029725
245,19,0.022220056339738052
245,20,0.022438021334582454
245,21,0.022552403437002738
245,22,0.022569967747252125
245,23,0.02249835217846595
245,24,0.022345762551891947
245,25,0.02212069744740755
245,26,0.021831707391736684
245,27,0.021487191138017173
245,28,0.02109523018197335
245,29,0.020663426263167323
245,30,0.02019865693460257
245,31,0.01970696066303843
245,32,0.01919366430217933
245,33,0.018663445474651978
245,34,0.018120382112199546
245,35,0.01756801309350864
245,36,0.017009409231358203
245,37,0.016447250690326664
245,38,0.015883906582866925
245,39,0.01532151276337733
245,40,0.014762044294611852
245,41,0.014207379588182476
245,42,0.013659353770783185
245,43,0.013119799353264978
245,44,0.012590572723462947
245,45,0.01207356527601528
245,46,0.011570698052081052
245,47,0.011083898493132216
245,48,0.010615057189324088
245,49,0.010165961117924508
245,50,0.009738197407488111
245,51,0.00933301718692778
245,52,0.008951140276079668
245,53,0.0085924623728982
245,54,0.008255581144344765
245,55,0.007936955120450846
245,56,0.007629903131221747
245,57,0.00733050599151424
245,58,0.007038279346166614
245,59,0.006753338954835868
245,60,0.006475763246722978
245,61,0.006205597084218717
245,62,0.005942855442088536
245,63,0.005687526963280155
245,64,0.005439577356135767
245,65,0.0051989526034564955
245,66,0.004965581960281376
245,67,0.004739380723718986
245,68,0.00452025276430835
245,69,0.0043080928139645315
245,70,0.004102788510471055
245,71,0.003904222202677003
245,72,0.0037122725240489713
245,73,0.0035268157450523635
245,74,0.0033477269170422708
245,75,0.00317488082198702
245,76,0.003008152743483026
245,77,0.002847419075201042
245,78,0.002692557783178935
245,79,0.002543448738290045
245,80,0.002399973934810468
245,81,0.0022620176103232983
245,82,0.0021294662812744013
245,83,0.002002208707375417
245,84,0.0018801513934762982
245,85,0.0017632990497682068
245,86,0.0016517822435412218
245,87,0.001545667548653781
245,88,0.0014449274172477944
245,89,0.001349455111106663
245,90,0.0012590838266291794
245,91,0.0011736046607662605
245,92,0.0010927824625028123
245,93,0.001016369372880349
245,94,0.0009441160214570868
245,95,0.0008757804151196544
245,96,0.000811134612890378
245,97,0.0007499693361894671
245,98,0.0006920967128249779
245,99,0.0006373513899067115
245,100,0.0005855902735728864
245,101,0.0005366911618156441
245,102,0.0004905505322206749
245,103,0.0004470807312469451
245,104,0.00040620678796420364
245,105,0.00036786304451791763
245,106,0.0003319897579819481
245,107,0.0002985297799313378
245,108,0.0002674253476977764
245,109,0.00023861488479050527
245,110,0.0002120294058197825
245,111,0.0001875884437907977
245,112,0.0001652084611913741
245,113,0.0001448083721490485
245,114,0.0001263038716430854
245,115,0.00010960455285179682
245,116,9.461449881117524e-05
245,117,8.123310416681626e-05
245,118,6.935608379807384e-05
245,119,5.8876619889366085e-05
245,120,4.9686596278499766e-05
245,121,4.167786863785373e-05
245,122,3.474352110083863e-05
245,123,2.8779064083055015e-05
245,124,2.3683533927400414e-05
245,125,1.9360462220039354e-05
245,126,1.5718690728870813e-05
245,127,1.2673016435257603e-05
245,128,1.0144659594768176e-05
245,129,8.061555736190444e-06
245,130,6.358479610121993e-06
245,131,4.9770150294067615e-06
245,132,3.865389101378356e-06
245,133,2.978192440476375e-06
245,134,2.276008579375056e-06
245,135,1.7249760729335525e-06
245,136,1.2963058945813898e-06
245,137,9.65774893412667e-07
245,138,7.13213566523363e-07
30,1,0.006209279273201887
30,2,0.007409563261753576
30,3,0.008687319908710349
30,4,0.01001998858002651
30,5,0.011383094473072342
30,6,0.012751558088517892
30,7,0.014100895271786037
30,8,0.015408220720857905
30,9,0.01665301007293052
30,10,0.017817611106716428
30,11,0.018887521520399162
30,12,0.019851467936109247
30,13,0.020701328840791195
30,14,0.02143194493035189
30,15,0.02204085610751023
30,16,0.022527997455908683
30,17,0.02289537872789267
30,18,0.023146764544826625
30,19,0.023287366373445435
30,20,0.023323552708217253
30,21,0.023262580726173022
30,22,0.023112350754946016
30,23,0.02288118388598809
30,24,0.022577622646641315
30,25,0.022210254537684222
30,26,0.021787558241073823
30,27,0.02131777227912397
30,28,0.020808785809294947
30,29,0.020268150110242317
30,30,0.019703232885899855
30,31,0.019121027683069523
30,32,0.018527755162785403
30,33,0.017928871883271823
30,34,0.017329121788506017
30,35,0.016732584903145335
30,36,0.016142724977465623
30,37,0.015562437242219918
30,38,0.01499409599268731
30,39,0.014439601036302648
30,40,0.013900421844804464
30,41,0.013377638327925967
30,42,0.012871977365513643
30,43,0.01238384452399508
30,44,0.011913350688348232
30,45,0.011460333613839939
30,46,0.011024374588010035
30,47,0.010604810421348908
30,48,0.010200740753651422
30,49,0.009811030017895817
30,50,0.00943430209451302
30,51,0.009068923304256635
30,52,0.008712965368526292
30,53,0.00836413470069234
30,54,0.008019660448532773
30,55,0.007676304774140505
30,56,0.007334087075996881
30,57,0.007000455649868463
30,58,0.006677091814750572
30,59,0.006363868497658113
30,60,0.006060646163561795
30,61,0.005767275799101765
30,62,0.005483601408499865
30,63,0.005209462078833213
30,64,0.004944693665403791
30,65,0.004689130142726793
30,66,0.004442604662477743
30,67,0.0042049503563661795
30,68,0.003976000919115215
30,69,0.003755591004304653
30,70,0.0035435564635840832
30,71,0.0033397344575208307
30,72,0.003143963463995831
30,73,0.002956083207525557
30,74,0.0027759345301443007
30,75,0.002603359221547041
30,76,0.0024381998231275057
30,77,0.002280299417437063
30,78,0.0021295014115466004
30,79,0.0019856493199309705
30,80,0.001848586549919337
30,81,0.001718156190533874
30,82,0.0015942008036567482
30,83,0.0014765622146681034
30,84,0.0013650709988840153
30,85,0.0012595080474036495
30,86,0.0011596294671528118
30,87,0.0010652622336235777
30,88,0.0009762776796950057
30,89,0.000892565801488202
30,90,0.0008140192745515114
30,91,0.0007405237647942807
30,92,0.0006719523602432782
30,93,0.000608162852133456
30,94,0.0005489970509442764
30,95,0.000494281557372116
30,96,0.00044382954053613367
30,97,0.00039744316262020906
30,98,0.00035491635629451997
30,99,0.0003160377194803468
30,100,0.00028059334512466695
30,101,0.00024836945224116777
30,102,0.0002191547279323252
30,103,0.00019274232761282414
30,104,0.00016893151167777913
30,105,0.00014752892132545106
30,106,0.00012834951443893718
30,107,0.00011121719442439294
30,108,9.596516780339922e-05
30,109,8.243603695699878e-05
30,110,7.048136777462959e-05
30,111,5.995649863036234e-05
30,112,5.071925495794197e-05
30,113,4.264559422672431e-05
30,114,3.56257085898986e-05
30,115,2.9556642973666005e-05
30,116,2.434191671168758e-05
30,117,1.9891190817378882e-05
30,118,1.6119992820368526e-05
30,119,1.2949505048393366e-05
30,120,1.0306415631397539e-05
30,121,8.122824891008999e-06
30,122,6.336193808573625e-06
30,123,4.889316603805466e-06
30,124,3.7302966764883686e-06
30,125,2.8125046436242126e-06
30,126,2.0944990495251438e-06
30,127,1.539894333269967e-06
30,128,1.1171663103914582e-06
30,129,7.993920426415543e-07
30,130,5.639276950279253e-07
30,131,3.9203399197276236e-07
30,132,2.6846350417532043e-07
30,133,1.8102678200249822e-07
30,134,1.2015514549866487e-07
30,135,7.847687599760709e-08
30,136,5.042099396954426e-08
30,137,3.185926432711093e-08
30,138,1.9793104914806473e-08
213,1,0.015390181351869621
213,2,0.016857421420789984
213,3,0.018280103825055148
213,4,0.019635106696599108
213,5,0.020901466430872328
213,6,0.022060974738461022
213,7,0.023098605097264524
213,8,0.02400276874571485
213,9,0.024765410594779425
213,10,0.025381962374550537
213,11,0.02585117444286826
213,12,0.02617484959816825
213,13,0.026357502575488443
213,14,0.026405968165741686
213,15,0.0263289794353781
213,16,0.026136735555156262
213,17,0.025840476403605855
213,18,0.025452078483167224
213,19,0.02498368386058119
213,20,0.024447370917177545
213,21,0.023854872784291825
213,22,0.023217346565910756
213,23,0.02254519392960892
213,24,0.021847931472472285
213,25,0.02113410750596365
213,26,0.020411260583807846
213,27,0.01968591421835832
213,28,0.018963601763956867
213,29,0.018248531100809772
213,30,0.01754300445648905
213,31,0.01684824440951277
213,32,0.016165623446728044
213,33,0.015496486978574323
213,34,0.014842024574959162
213,35,0.014203220032612212
213,36,0.013580843030859878
213,37,0.012975462955150847
213,38,0.012387473967856704
213,39,0.011817124540856806
213,40,0.011264547049421106
213,41,0.010729784637470915
213,42,0.010212813758393368
213,43,0.009713561706027805
213,44,0.00923191913046302
213,45,0.008767748011440696
213,46,0.008320885862513127
213,47,0.007891147087487173
213,48,0.007478322435345013
213,49,0.007082177429834648
213,50,0.006702450512620335
213,51,0.006338851456385818
213,52,0.00599106038691184
213,53,0.005658727481629707
213,54,0.005341472973400929
213,55,0.005038885987265822
213,56,0.0047505168639226806
213,57,0.004475872789959059
213,58,0.004214448770356129
213,59,0.003965740827651307
213,60,0.0037292504036999666
213,61,0.003504487007643428
213,62,0.003290970362947327
213,63,0.0030882321055508695
213,64,0.0028958170842054735
213,65,0.0027132843124764608
213,66,0.0025402076194662023
213,67,0.0023761760431886486
213,68,0.0022207940068739197
213,69,0.0020736813145246316
213,70,0.0019344729979873358
213,71,0.0018028190438183873
213,72,0.001678384024450857
213,73,0.0015608466547029803
213,74,0.001449899291565129
213,75,0.0013452473924841367
213,76,0.0012466089450253284
213,77,0.0011537138788086125
213,78,0.0010663034689466925
213,79,0.0009841297388155628
213,80,0.0009069548688139902
213,81,0.0008345506167757114
213,82,0.000766697754849331
213,83,0.0007031855269253004
213,84,0.0006439012749222953
213,85,0.0005891092632871473
213,86,0.0005390876259179077
213,87,0.0004935843539213856
213,88,0.00045215179243476936
213,89,0.0004143113452206277
213,90,0.00037961896129789363
213,91,0.0003476877091265017
213,92,0.00031819137444361213
213,93,0.0002908599249877503
213,94,0.00026547200369759664
213,95,0.00024184691484957865
213,96,0.00021983720626609583
213,97,0.0001993222485577439
213,98,0.0001802028601704873
213,99,0.0001623968679653615
213,100,0.00014583544032750555
213,101,0.00013046003249758274
213,102,0.00011621981159576353
213,103,0.00010306946400542218
213,104,9.096732085226165e-05
213,105,7.987376385071787e-05
213,106,6.974989249567707e-05
213,107,6.055644486506409e-05
213,108,5.225296937247735e-05
213,109,4.4797245125210716e-05
213,110,3.814494557296217e-05
213,111,3.224953543172574e-05
213,112,2.7062378604326542e-05
213,113,2.2533039158210954e-05
213,114,1.8609748455259745e-05
213,115,1.5239982933661333e-05
213,116,1.2371120415077316e-05
213,117,9.951139098342228e-06
213,118,7.929320705366385e-06
213,119,6.256920608239408e-06
213,120,4.887771536390946e-06
213,121,3.7787933143946833e-06
213,122,2.890388514041827e-06
213,123,2.1867122714912574e-06
213,124,1.6358130962795886e-06
213,125,1.2096495644154305e-06
213,126,8.839947127279105e-07
213,127,6.382452639577325e-07
213,128,4.5515624079271455e-07
213,129,3.2052301544036517e-07
213,130,2.228325303861212e-07
213,131,1.5290361377929877e-07
213,132,1.0353339881814392e-07
213,133,6.916328066550867e-08
213,134,4.557403160024055e-08
213,135,2.96160105757061e-08
213,136,1.8977124545033357e-08
213,137,1.1988503687346434e-08
213,138,7.465822204984339e-09
221,1,0.033865324079597525
221,2,0.03565387193547499
221,3,0.03709891033484123
221,4,0.03817980518664201
221,5,0.03888913933022362
221,6,0.039231850366072574
221,7,0.039223769458412064
221,8,0.03888973489113721
221,9,0.03826146397056895
221,10,0.0373753592214224
221,11,0.03627040255649034
221,12,0.03498625853060654
221,13,0.03356166995255334
221,14,0.03203319093731872
221,15,0.03043426801045449
221,16,0.028794651922484097
221,17,0.027140102781043722
221,18,0.02549233907337163
221,19,0.023869176276039156
221,20,0.022284801586094086
221,21,0.020750136180770005
221,22,0.019273243698858973
221,23,0.017859751954905693
221,24,0.0165132631998029
221,25,0.015235735827110295
221,26,0.014027826900640533
221,27,0.01288919009522093
221,28,0.011818727618440593
221,29,0.011253116166675542
221,30,0.010752427883187
221,31,0.010266000813801617
221,32,0.009794193193453756
221,33,0.009337108006674172
221,34,0.00889465572073304
221,35,0.008466609396825602
221,36,0.008052652232035643
221,37,0.007652417631535653
221,38,0.007265521996014281
221,39,0.0068915904955406376
221,40,0.006530276184837368
221,41,0.006181272898488582
221,42,0.005844322449415813
221,43,0.005519216739327322
221,44,0.005205795472843666
221,45,0.004903940242685091
221,46,0.004613565815154963
221,47,0.0043346094855605255
221,48,0.004067019384058279
221,49,0.0038107425856328775
221,50,0.003565713805844588
221,51,0.00333184533876114
221,52,0.0031090187037318053
221,53,0.0028970781866030095
221,54,0.002695826006904591
221,55,0.002505017943609244
221,56,0.002336429993306807
221,57,0.0022027873769950045
221,58,0.002074185140038104
221,59,0.0019505853726852805
221,60,0.0018319383796195153
221,61,0.001718184259295843
221,62,0.0016092543078406751
221,63,0.0015050722620309344
221,64,0.0014055553942936296
221,65,0.0013106154713863358
221,66,0.0012201595874442135
221,67,0.0011340908813933534
221,68,0.0010523091482991683
221,69,0.0009747113539962052
221,70,0.0009011920622805503
221,71,0.0008316437839862486
221,72,0.0007659572573634351
221,73,0.000704021669284835
221,74,0.0006457248268913413
221,75,0.0005909532893156262
221,76,0.000539592469070535
221,77,0.0004915267125364267
221,78,0.00044663936871322047
221,79,0.0004048128550067523
221,80,0.00036592872828592317
221,81,0.00032986776877107335
221,82,0.0002965100834921763
221,83,0.00026573523508911475
221,84,0.00024313072580228466
221,85,0.00022412181757484282
221,86,0.00020605070314377212
221,87,0.0001889248998988687
221,88,0.00017274619843991371
221,89,0.00015751064912876458
221,90,0.0001432088064982983
221,91,0.0001298261067764755
221,92,0.00011734332929995868
221,93,0.0001057371123719868
221,94,9.498050020182243e-05
221,95,8.504350034159368e-05
221,96,7.589363348546081e-05
221,97,6.749646040989667e-05
221,98,5.981607425395217e-05
221,99,5.281555003253486e-05
221,100,4.6457346934788704e-05
221,101,4.070366229170338e-05
221,102,3.551673887473287e-05
221,103,3.085912926811586e-05
221,104,2.6693922387004026e-05
221,105,2.298493781539423e-05
221,106,1.969689359888277e-05
221,107,1.6795552577819525e-05
221,108,1.424785144227842e-05
221,109,1.2022015598755929e-05
221,110,1.0087661837742695e-05
221,111,8.432341986080078e-06
221,112,7.132229769102132e-06
221,113,5.997453715061681e-06
221,114,5.012871272126109e-06
221,115,4.16385878477108e-06
221,116,3.4364124566480786e-06
221,117,2.817234853289343e-06
221,118,2.293806248642408e-06
221,119,1.8544402626682166e-06
221,120,1.4883234888403239e-06
221,121,1.1855391410959169e-06
221,122,9.370751265671172e-07
221,123,7.348173400573863e-07
221,124,5.715293482833572e-07
221,125,4.408199606630438e-07
221,126,3.3710044899895075e-07
221,127,2.55533367081797e-07
221,128,1.9197502545973577e-07
221,129,1.4291369458326994e-07
221,130,1.0540554470325653e-07
221,131,7.701019133247335e-08
221,132,5.572751268786897e-08
221,133,3.993715515200463e-08
221,134,2.834186114458887e-08
221,135,1.9915458290597622e-08
221,136,1.3856056288956116e-08
221,137,9.54472359341591e-09
221,138,6.509672364429624e-09
130,1,0.002714686392736331
130,2,0.0033783239229353453
130,3,0.004126660247880722
130,4,0.004952100271568121
130,5,0.005843299889289684
130,6,0.006785695198603401
130,7,0.0077622871896820475
130,8,0.008754599318610464
130,9,0.009743710397709637
130,10,0.010711264552052326
130,11,0.01164037201023663
130,12,0.012516335729050474
130,13,0.01332716486621012
130,14,0.014063862524106597
130,15,0.014720498404512226
130,16,0.015294094689180674
130,17,0.015784364576406532
130,18,0.016193347604540866
130,19,0.01652498516197907
130,20,0.016784674860209965
130,21,0.016978835290495743
130,22,0.0171145045151863
130,23,0.01719898758854976
130,24,0.017239561234299587
130,25,0.017243237962828173
130,26,0.01721658754219169
130,27,0.017165610786867434
130,28,0.017095658907431206
130,29,0.01701149973621817
130,30,0.01691728365315818
130,31,0.01681615026392613
130,32,0.01671020411233344
130,33,0.016600822535479016
130,34,0.016488801148578466
130,35,0.016374432299478412
130,36,0.01625755748309868
130,37,0.016137609749734137
130,38,0.016013653664150074
130,39,0.01588442712922295
130,40,0.01574838793226361
130,41,0.015603767021855262
130,42,0.015448629831257991
130,43,0.015280946266178886
130,44,0.015098669238966685
130,45,0.01489982090936917
130,46,0.014682585198726778
130,47,0.014445404853584587
130,48,0.01418708158833872
130,49,0.013906878984388745
130,50,0.013604630431652973
130,51,0.013280859525235889
130,52,0.012936930194433458
130,53,0.012575263363094986
130,54,0.01219969601860393
130,55,0.011816112663186608
130,56,0.0114327884295305
130,57,0.011054269722057407
130,58,0.010681530104295017
130,59,0.01031486334266242
130,60,0.00995450541679776
130,61,0.009600641486671942
130,62,0.00925341248729593
130,63,0.008912921317150173
130,64,0.008579238597541484
130,65,0.008252407989071755
130,66,0.00793245105862634
130,67,0.007619371696061388
130,68,0.007313160084367828
130,69,0.007013796230764129
130,70,0.006721253069136123
130,71,0.006435499146681061
130,72,0.006156500909675019
130,73,0.005884224605084495
130,74,0.0056186378163744985
130,75,0.00535971065338537
130,76,0.005107416617594284
130,77,0.004861733165454853
130,78,0.004622641993810059
130,79,0.004390129072579159
130,80,0.004164184451005669
130,81,0.003944801864721407
130,82,0.003731978171812963
130,83,0.0035257126472922756
130,84,0.0033262577265555852
130,85,0.0031349564514400858
130,86,0.002953326150807983
130,87,0.002781475612036191
130,88,0.0026188834784842165
130,89,0.002464793360135545
130,90,0.00231839798144132
130,91,0.002178929959897252
130,92,0.0020457061270699093
130,93,0.001918146519911425
130,94,0.0017957787599613638
130,95,0.0016782338169336471
130,96,0.0015652367736417973
130,97,0.0014565948908415076
130,98,0.001352184477829296
130,99,0.0012519375656092795
130,100,0.0011558290367837693
130,101,0.001063864628810066
130,102,0.0009760700602792751
130,103,0.0008924814120626492
130,104,0.0008131368121578639
130,105,0.0007380694143049513
130,106,0.000667301617392556
130,107,0.0006008404372884628
130,108,0.000538673905583775
130,109,0.0004807683203416997
130,110,0.0004270661560875215
130,111,0.0003774860389763925
130,112,0.0003319358330052195
130,113,0.00029031236067638
130,114,0.0002524914025217891
130,115,0.00021832602500323453
130,116,0.00018764918791794503
130,117,0.0001602767302342154
130,118,0.00013601061931698164
130,119,0.0001146423499243329
130,120,9.595638559125844e-05
130,121,7.973354471605302e-05
130,122,6.575424570479979e-05
130,123,5.3801538835928115e-05
130,124,4.3663866132305964e-05
130,125,3.513750374776249e-05
130,126,2.8028653746667132e-05
130,127,2.215516352678025e-05
130,128,1.734786159363884e-05
130,129,1.3451508170007632e-05
130,130,1.0325368472992542e-05
130,131,7.843425581654483e-06
130,132,5.894258641758517e-06
130,133,4.380620491995294e-06
130,134,3.218756235891573e-06
130,135,2.3375102944343076e-06
130,136,1.6772735148355566e-06
130,137,1.1888235545297048e-06
130,138,8.3211081266753e-07
201,1,0.001739771345157703
201,2,0.0022666479130102036
201,3,0.0028947330799777215
201,4,0.0036267371472849573
201,5,0.004461297247363811
201,6,0.005392647843991208
201,7,0.006410632310074706
201,8,0.007501061434320687
201,9,0.008646385332356203
201,10,0.009826609775945539
201,11,0.011020363436365916
201,12,0.012206012171196866
201,13,0.013362720459616796
201,14,0.01447137609861284
201,15,0.015515318339593659
201,16,0.01648083715515284
201,17,0.01735743796279491
201,18,0.01813788856810607
201,19,0.01881808132898109
201,20,0.019396752937960084
201,21,0.01987510724003257
201,22,0.020256384366377105
201,23,0.020545413746020164
201,24,0.020748180854117598
201,25,0.020871429248437656
201,26,0.020922311572279844
201,27,0.020908096424491096
201,28,0.020835932637599367
201,29,0.020711724386141366
201,30,0.020538717917825564
201,31,0.020319418145992352
201,32,0.02005777258951319
201,33,0.01975824566440716
201,34,0.019425321530189537
201,35,0.019063269455572806
201,36,0.018676034258010375
201,37,0.01826719514183387
201,38,0.01783996599694114
201,39,0.017397222263343906
201,40,0.016941545007723092
201,41,0.01647527576091694
201,42,0.016000577398350584
201,43,0.015519497520133893
201,44,0.015034031680227978
201,45,0.014546184556608142
201,46,0.014058027804832831
201,47,0.01357175389952739
201,48,0.013089725676124604
201,49,0.012614521336374362
201,50,0.012148973836122874
201,51,0.011696200334695133
201,52,0.011259607161707066
201,53,0.010842822395008769
201,54,0.010449382685632128
201,55,0.010081389107222826
201,56,0.0097320602127406
201,57,0.009390039303141572
201,58,0.00905329946687487
201,59,0.008722187623992239
201,60,0.00839699182918645
201,61,0.00807794828124072
201,62,0.007765247778024339
201,63,0.0074590416190371085
201,64,0.007159446967941168
201,65,0.006866551694852857
201,66,0.006580418723055876
201,67,0.0063010899077786
201,68,0.00602858947620057
201,69,0.00576292705828571
201,70,0.0055041003376835205
201,71,0.005252097351032793
201,72,0.0050068984627382115
201,73,0.004768478040815736
201,74,0.004536805857835174
201,75,0.004311848239417629
201,76,0.0040935689812419416
201,77,0.0038819300541294683
201,78,0.0036768921155497674
201,79,0.003478414844844477
201,80,0.0032864571186125013
201,81,0.003100977042026719
201,82,0.002921931851322489
201,83,0.002749277702206849
201,84,0.002583381831396392
201,85,0.0024263132160234416
201,86,0.00228012359977376
201,87,0.0021445523935028936
201,88,0.002018479548877917
201,89,0.0019005742162662338
201,90,0.0017895571124506816
201,91,0.001684305970750635
201,92,0.0015838910766456152
201,93,0.0014875777110191944
201,94,0.0013948126679088763
201,95,0.0013052034560828295
201,96,0.001218494727510968
201,97,0.0011345444011106095
201,98,0.0010533008295192745
201,99,0.0009747817244964448
201,100,0.0008990551893466484
201,101,0.0008262229904646802
201,102,0.0007564060732144606
201,103,0.0006897322548569216
201,104,0.0006263259880736116
201,105,0.000566300069007127
201,106,0.0005097491523027356
201,107,0.00045674491543899395
201,108,0.0004073326347076394
201,109,0.0003615285665009773
201,110,0.0003193154684424343
201,111,0.00028061783726332696
201,112,0.0002453055379556638
201,113,0.00021325502990575707
201,114,0.00018434253869129
201,115,0.00015842352535911945
201,116,0.0001353361595162876
201,117,0.0001149049894880618
201,118,9.694467992381096e-05
201,119,8.126369708296896e-05
201,120,6.766783547165074e-05
201,121,5.59634957126198e-05
201,122,4.596064156935968e-05
201,123,3.747538291683066e-05
201,124,3.033215021177411e-05
201,125,2.4365443838263446e-05
201,126,1.9421157931133946e-05
201,127,1.5357492440648743e-05
201,128,1.2045479010168943e-05
201,129,9.369155570631167e-06
201,130,7.2254314167833606e-06
201,131,5.5236890209783634e-06
201,132,4.185171126313956e-06
201,133,3.142201950105489e-06
201,134,2.3372898583106425e-06
201,135,1.7221559018735942e-06
201,136,1.2567284192478906e-06
201,137,9.081388124242491e-07
201,138,6.497479336356744e-07
2,1,0.004914862817927816
2,2,0.006140159617629276
2,3,0.007508646275085136
2,4,0.008997314534473505
2,5,0.010575275415451307
2,6,0.01220553180552034
2,7,0.013847320849419626
2,8,0.015458757572291947
2,9,0.016999485791557904
2,10,0.01843306277776714
2,11,0.01972886200149146
2,12,0.020863359521646026
2,13,0.021820757837548197
2,14,0.022592981540633612
2,15,0.023179141174216565
2,16,0.023584599944992665
2,17,0.023819792021498552
2,18,0.02389893469825173
2,19,0.02383875555462394
2,20,0.02365732639206413
2,21,0.023373064071771327
2,22,0.023003928898812424
2,23,0.022566826756939544
2,24,0.02207720308694269
2,25,0.021548805087201108
2,26,0.020993582444984615
2,27,0.02042169529822827
2,28,0.019841599679914407
2,29,0.019260183679032778
2,30,0.018682932813586427
2,31,0.01811410351593222
2,32,0.017556891011995403
2,33,0.017013591226970014
2,34,0.016485753165108554
2,35,0.015974316421362874
2,36,0.01547973071006134
2,37,0.015002055940271104
2,38,0.014541042512528683
2,39,0.014096192304210046
2,40,0.013666801358953677
2,41,0.013251985687576351
2,42,0.012850691903830109
2,43,0.012461694738765851
2,44,0.012083583894882493
2,45,0.011714743337520638
2,46,0.011353327157407245
2,47,0.010997237870479652
2,48,0.010644115964544136
2,49,0.010291354604685535
2,50,0.009936162497221115
2,51,0.009575714665879769
2,52,0.009207463025836566
2,53,0.00882974254796846
2,54,0.00844293549437058
2,55,0.008051635091371395
2,56,0.007666771016008237
2,57,0.007294901561463966
2,58,0.006936825620826503
2,59,0.006592257434441319
2,60,0.0062608944865933484
2,61,0.005942420926734813
2,62,0.005636510600800455
2,63,0.00534282975006548
2,64,0.00506103942341748
2,65,0.004790797639031771
2,66,0.004531761323240233
2,67,0.004283588047767723
2,68,0.004045937581328143
2,69,0.0038184732676479214
2,70,0.0036008632391319535
2,71,0.0033927814734239516
2,72,0.003193908698869935
2,73,0.0030039331542183476
2,74,0.0028225512076509632
2,75,0.0026494678403222527
2,76,0.002484396999898692
2,77,0.0023270618300560214
2,78,0.002177194782450359
2,79,0.0020345376182798066
2,80,0.001898841307158963
2,81,0.0017698658316127993
2,82,0.0016473799060384058
2,83,0.001531160619472294
2,84,0.0014209934643625492
2,85,0.0013166762334231087
2,86,0.0012180271787546684
2,87,0.0011248801238951788
2,88,0.0010370745389720487
2,89,0.000954448975614042
2,90,0.0008768372124978769
2,91,0.0008040663861903464
2,92,0.0007359566121358483
2,93,0.0006723217037995605
2,94,0.0006129706476778949
2,95,0.0005577095288491471
2,96,0.0005063436412597725
2,97,0.0004586795625677366
2,98,0.000414527023621202
2,99,0.00037370045426116246
2,100,0.00033602013658461083
2,101,0.0003013129410727618
2,102,0.0002694126578421428
2,103,0.00024015996327519406
2,104,0.0002134020806175631
2,105,0.00018899220127185348
2,106,0.00016678873069086176
2,107,0.0001466544069954372
2,108,0.00012845530725965606
2,109,0.00011205970173005485
2,110,9.733670629246502e-05
2,111,8.415624130200649e-05
2,112,7.239989220375411e-05
2,113,6.196192959748319e-05
2,114,5.274152861843484e-05
2,115,4.4640184842682345e-05
2,116,3.756201821355924e-05
2,117,3.141413703512905e-05
2,118,2.6107041145251817e-05
2,119,2.155504059649e-05
2,120,1.7676665447796403e-05
2,121,1.4395043444719751e-05
2,122,1.1638225143324414e-05
2,123,9.33944001827449e-06
2,124,7.437271843500366e-06
2,125,5.875746696466639e-06
2,126,4.604331904770126e-06
2,127,3.5778487874112814e-06
2,128,2.7563058929679206e-06
2,129,2.104662449388072e-06
2,130,1.5925338522153064e-06
2,131,1.1938522435724878e-06
2,132,8.864956449112497e-07
2,133,6.518988120992297e-07
2,134,4.746581115172818e-07
2,135,3.4214140597068767e-07
2,136,2.441123212367227e-07
2,137,1.723764608039072e-07
2,138,1.2045525916438981e-07
2306,1,0.009732387172926666
2306,2,0.011170801868664967
2306,3,0.012635080604127366
2306,4,0.014094512278272069
2306,5,0.015518412151968414
2306,6,0.016877560881149743
2306,7,0.01814542008289569
2306,8,0.019299061045754448
2306,9,0.02031978199002702
2306,10,0.021193422259344695
2306,11,0.02191040604271097
2306,12,0.022465562992779804
2306,13,0.022857779368825902
2306,14,0.023089532955193382
2306,15,0.023166360128784154
2306,16,0.0230962960423142
2306,17,0.022889320513101236
2306,18,0.022556833940518817
2306,19,0.022111180063892077
2306,20,0.02156522592445559
2306,21,0.02093200409172369
2306,22,0.0202244180085188
2306,23,0.01945500809421241
2306,24,0.018635773902927102
2306,25,0.017778046050655756
2306,26,0.016892400703604322
2306,27,0.015988609069968844
2306,28,0.01507561447163965
2306,29,0.01506152754910356
2306,30,0.015108812901279923
2306,31,0.015116505157790342
2306,32,0.015085903623632432
2306,33,0.015018392836952705
2306,34,0.014915430117773477
2306,35,0.014778538711056766
2306,36,0.014609305283708539
2306,37,0.014409380368243015
2306,38,0.0141804803004421
2306,39,0.013924389268432777
2306,40,0.013642960260865802
2306,41,0.013338113949426607
2306,42,0.01301183483816026
2306,43,0.012666164329939602
2306,44,0.012303190671124668
2306,45,0.011925036015100629
2306,46,0.011533841075361961
2306,47,0.01113174800665635
2306,48,0.010720882251888433
2306,49,0.01030333412130095
2306,50,0.009881140829619849
2306,51,0.009456269604557126
2306,52,0.009030602279967395
2306,53,0.008605921432529575
2306,54,0.00818389736609557
2306,55,0.007766073087862989
2306,56,0.007410329155892001
2306,57,0.007183651897505577
2306,58,0.006950159045441929
2306,59,0.006710889967011352
2306,60,0.006466867753644883
2306,61,0.006219096763418669
2306,62,0.005968560218358733
2306,63,0.005716217806925474
2306,64,0.005463003256977096
2306,65,0.0052098218588119815
2306,66,0.004957547931235168
2306,67,0.004707022235713778
2306,68,0.004459049354390649
2306,69,0.004214395056890427
2306,70,0.003973783688401918
2306,71,0.003737895617421748
2306,72,0.0035073647857948235
2306,73,0.003282776406317673
2306,74,0.0030646648542395683
2306,75,0.002853511798588759
2306,76,0.002649744617477307
2306,77,0.0024537351385274363
2306,78,0.0022657987414585407
2306,79,0.0020861938548285457
2306,80,0.001915121873088015
2306,81,0.001752727513627479
2306,82,0.001599099626516418
2306,83,0.0014542724622747208
2306,84,0.0013597453682757325
2306,85,0.0012844876811078537
2306,86,0.0012097424828118619
2306,87,0.0011358517982762676
2306,88,0.0010631386153469229
2306,89,0.0009919049833364143
2306,90,0.0009224302299729717
2306,91,0.0008549693202210205
2306,92,0.0007897513835305861
2306,93,0.0007269784434006949
2306,94,0.0006668243899388907
2306,95,0.0006094342397709311
2306,96,0.0005549237267870747
2306,97,0.0005033792612724882
2306,98,0.0004548582842018094
2306,99,0.0004093900287931477
2306,100,0.00036697668423663613
2306,101,0.0003275949385581686
2306,102,0.00029119786062822237
2306,103,0.00025771706697640925
2306,104,0.00022706510854619822
2306,105,0.00019913800653973757
2306,106,0.00017381786523397208
2306,107,0.0001509754927665729
2306,108,0.0001304729676740136
2306,109,0.00011216609848719293
2306,110,9.590673515192913e-05
2306,111,8.173570109736609e-05
2306,112,7.073389922328283e-05
2306,113,6.08565527917041e-05
2306,114,5.2041564790947055e-05
2306,115,4.422315709574635e-05
2306,116,3.733299038767264e-05
2306,117,3.130120944154991e-05
2306,118,2.6057412378421207e-05
2306,119,2.1531543536849593e-05
2306,120,1.7654709513117767e-05
2306,121,1.4359917005401901e-05
2306,122,1.1582729779455088e-05
2306,123,9.261840781423301e-06
2306,124,7.339554545708432e-06
2306,125,5.762174884164698e-06
2306,126,4.4802935771964515e-06
2306,127,3.448977456313156e-06
2306,128,2.6278537690854654e-06
2306,129,1.9810968264550868e-06
2306,130,1.4773223360497021e-06
2306,131,1.089399167329121e-06
2306,132,7.941912242729319e-07
2306,133,5.722443192060545e-07
2306,134,4.074342349434144e-07
2306,135,2.8659242934090466e-07
2306,136,1.9912509057567757e-07
2306,137,1.366396139795407e-07
2306,138,9.259024697008614e-08
150,1,0.014324595749039042
150,2,0.015935656106625937
150,3,0.01749941366433405
150,4,0.01898356787315616
150,5,0.020359389654619833
150,6,0.02160279653933358
150,7,0.022695017272045582
150,8,0.023622853238857013
150,9,0.024378580879479958
150,10,0.024959563633493383
150,11,0.025367653782322808
150,12,0.02560846545462498
150,13,0.0256905927530298
150,14,0.025624834439901836
150,15,0.0254234716743015
150,16,0.025099630163782256
150,17,0.024666744351543767
150,18,0.02413812981316946
150,19,0.023526661250074597
150,20,0.022844547300680574
150,21,0.022103189556398048
150,22,0.02131311125544462
150,23,0.020483940691035006
150,24,0.01962443499837998
150,25,0.01874253132343147
150,26,0.017845414140528617
150,27,0.016939589456835907
150,28,0.016030958655897536
150,29,0.015719983908349285
150,30,0.015453278325965727
150,31,0.015165516987517863
150,32,0.014858786040769829
150,33,0.014535021310982946
150,34,0.0141960327212663
150,35,0.013843527468360992
150,36,0.013479130592075316
150,37,0.013104402054445756
150,38,0.012720849848072027
150,39,0.012329939000179466
150,40,0.01193309663124012
150,41,0.011531713461302835
150,42,0.011127142330941238
150,43,0.010720694416541367
150,44,0.010313633873742371
150,45,0.00990717164290628
150,46,0.009502459103366672
150,47,0.009100582177437635
150,48,0.008702556370494267
150,49,0.008309323100111135
150,50,0.00792174752500448
150,51,0.0075406179406546665
150,52,0.007166646662891254
150,53,0.006800472149298047
150,54,0.0064426617908193776
150,55,0.006093713708831683
150,56,0.00578353834859371
150,57,0.005546517369229994
150,58,0.0053114624772290665
150,59,0.0050788457880802705
150,60,0.0048491068860581025
150,61,0.0046226548302408105
150,62,0.0043998699340171525
150,63,0.004181105333432164
150,64,0.003966688356138178
150,65,0.003756921700668642
150,66,0.0035520844346297953
150,67,0.0033524328200831605
150,68,0.00315820097479911
150,69,0.0029696013791036873
150,70,0.0027868252395866827
150,71,0.0026100427228361693
150,72,0.0024394030744495066
150,73,0.0022750346406861443
150,74,0.0021170448121317956
150,75,0.001965519910517903
150,76,0.0018205250412930481
150,77,0.0016821039356068434
150,78,0.001550278805996145
150,79,0.0014250502402301255
150,80,0.0013063971574560343
150,81,0.001194276849980113
150,82,0.001088625132707982
150,83,0.0009893566204472843
150,84,0.0009176902831971719
150,85,0.0008575084759749845
150,86,0.0007991212647902623
150,87,0.000742664474947414
150,88,0.0006882590162262546
150,89,0.0006360101500967754
150,90,0.0005860067108640134
150,91,0.000538320406349565
150,92,0.0004930053040205324
150,93,0.00045009758707282584
150,94,0.0004096156374499373
150,95,0.0003715604712149767
150,96,0.0003359165198542638
150,97,0.0003026527227508247
150,98,0.0002717238741757374
150,99,0.0002430721544220676
150,100,0.00021662876955048457
150,101,0.00019231562686980002
150,102,0.00017004698213712817
150,103,0.00014973100746486754
150,104,0.0001312712439042788
150,105,0.00011456791768442212
150,106,9.951911257827782e-05
150,107,8.602180181340897e-05
150,108,7.397275083280941e-05
150,109,6.326930701414821e-05
150,110,5.381009465846968e-05
150,111,4.558337456586451e-05
150,112,3.905465690960076e-05
150,113,3.325641318837168e-05
150,114,2.813789373059428e-05
150,115,2.3647975754459476e-05
150,116,1.9735622031833915e-05
150,117,1.6350327862513256e-05
150,118,1.3442555062784988e-05
150,119,1.0964148881765259e-05
150,120,8.868731526298154e-06
150,121,7.11206441396636e-06
150,122,5.652370475177671e-06
150,123,4.450607846159657e-06
150,124,3.470687140745652e-06
150,125,2.6796261046368637e-06
150,126,2.0476377212083803e-06
150,127,1.5481505719034928e-06
150,128,1.1577632274073708e-06
150,129,8.561374006574536e-07
150,130,6.258372702252241e-07
150,131,4.521245507367446e-07
150,132,3.227203678140586e-07
150,133,2.2754568498299607e-07
150,134,1.5845191059026657e-07
150,135,1.0895244939420118e-07
150,136,7.396449288750181e-08
150,137,4.9568451008150574e-08
150,138,3.279032488128778e-08
68,1,0.02188673199587415
68,2,0.023396455268872157
68,3,0.024687893034752436
68,4,0.025747794680405577
68,5,0.026573686646873335
68,6,0.027172254673443107
68,7,0.02755734098587993
68,8,0.027747840207392658
68,9,0.027765716296154312
68,10,0.027634286585562846
68,11,0.027376847025089808
68,12,0.027015654616880144
68,13,0.02657124240470992
68,14,0.0260620185696142
68,15,0.025504091187837044
68,16,0.024911260088484686
68,17,0.024295123228401275
68,18,0.023665253991899875
68,19,0.023029415609708715
68,20,0.022393788085457184
68,21,0.021763190889909006
68,22,0.02114129097084206
68,23,0.020530790360845128
68,24,0.019933591034721674
68,25,0.019350936924615796
68,26,0.018783534401665733
68,27,0.01823165330902322
68,28,0.017695210973934637
68,29,0.016590233595219803
68,30,0.015520202832418842
68,31,0.014545921816079308
68,32,0.013659185221344069
68,33,0.01285239678851462
68,34,0.012118550504537712
68,35,0.011451202106771046
68,36,0.010844434075670935
68,37,0.010292816381885228
68,38,0.009791364560359957
68,39,0.009335496153852523
68,40,0.008920986161155156
68,41,0.008543921806718322
68,42,0.008200656686177995
68,43,0.007887764103742811
68,44,0.007601989164204655
68,45,0.007340198863613031
68,46,0.007099328963453329
68,47,0.00687632571487389
68,48,0.006668079324881776
68,49,0.00647134408725868
68,50,0.006282636755193145
68,51,0.006098099076838048
68,52,0.0059133014978120235
68,53,0.005722956140518066
68,54,0.00552054308088983
68,55,0.005298422613928952
68,56,0.005044754132551399
68,57,0.004767441044004175
68,58,0.004507444351574616
68,59,0.0042633725323609085
68,60,0.0040339478347184215
68,61,0.003817998069583098
68,62,0.0036144489224594757
68,63,0.0034223167808024968
68,64,0.0032407020637044495
68,65,0.0030687830349927065
68,66,0.0029058100765400243
68,67,0.0027511003954533713
68,68,0.002604033136603168
68,69,0.0024640448705023827
68,70,0.0023306254257067873
68,71,0.0022033140345769156
68,72,0.0020816957613345316
68,73,0.0019653981817996827
68,74,0.001854088284961621
68,75,0.0017474695675869008
68,76,0.001645279294382803
68,77,0.0015472858978058713
68,78,0.0014532864934351298
68,79,0.0013631044889246475
68,80,0.0012765872669200501
68,81,0.0011936039249781144
68,82,0.0011140430584723304
68,83,0.0010378105756989455
68,84,0.0009634593420180822
68,85,0.0008926778298250058
68,86,0.0008260215534803996
68,87,0.0007632857003082193
68,88,0.0007042787781321718
68,89,0.0006488215300205741
68,90,0.0005967458723412495
68,91,0.0005478938582060938
68,92,0.0005021166684901215
68,93,0.0004592736345500819
68,94,0.0004192312992786085
68,95,0.00038186252551739995
68,96,0.0003470456626187208
68,97,0.00031466378273109534
68,98,0.0002846039979949911
68,99,0.00025675686824890384
68,100,0.00023101590622872606
68,101,0.00020727718391458827
68,102,0.0001854390400764193
68,103,0.00016540188569238854
68,104,0.000147068101274799
68,105,0.00013034201870325062
68,106,0.00011512998020070199
68,107,0.00010134046781912985
68,108,8.888429130261517e-05
68,109,7.767476143335186e-05
68,110,6.762721953897277e-05
68,111,5.8677438115340563e-05
68,112,5.092373716610381e-05
68,113,4.400156722719565e-05
68,114,3.784576899189331e-05
68,115,3.239409697411924e-05
68,116,2.7587204613359207e-05
68,117,2.336862017160005e-05
68,118,1.9684718728256228e-05
68,119,1.6484695169616387e-05
68,120,1.372054200000259e-05
68,121,1.1347034255776533e-05
68,122,9.321721987785462e-06
68,123,7.60492891437044e-06
68,124,6.1597541533014115e-06
68,125,4.952072609359131e-06
68,126,3.950528771882702e-06
68,127,3.1265184497605674e-06
68,128,2.4541533569194957e-06
68,129,1.9102044065009036e-06
68,130,1.474020962316824e-06
68,131,1.127424972002038e-06
68,132,8.545806832780412e-07
68,133,6.418423377095406e-07
68,134,4.775836814008013e-07
68,135,3.520142047989987e-07
68,136,2.569876506399826e-07
68,137,1.8580849134790692e-07
68,138,1.3304180718825714e-07
256,1,0.019789184058126085
256,2,0.02152856578578943
256,3,0.02314686924932482
256,4,0.024610301599652364
256,5,0.025890801037644656
256,6,0.026966862362468473
256,7,0.027823902509272178
256,8,0.028454204714794845
256,9,0.028856510161034715
256,10,0.029035342920929207
256,11,0.029000158758958606
256,12,0.02876440322687074
256,13,0.02834455260459897
256,14,0.027759195647583116
256,15,0.027028197458064868
256,16,0.026171971076516847
256,17,0.025210868851980105
256,18,0.024164694920682336
256,19,0.02305233232908824
256,20,0.021891473270821072
256,21,0.02069843816139314
256,22,0.01948806836120417
256,23,0.018273677780992977
256,24,0.017067049913291468
256,25,0.01587846864620205
256,26,0.01471677322921997
256,27,0.013589429751113232
256,28,0.01250261330544764
256,29,0.012449394495428494
256,30,0.012472274394706358
256,31,0.012457875817002521
256,32,0.012407144924565119
256,33,0.012321273107719794
256,34,0.012201674226770022
256,35,0.012049960202249623
256,36,0.011867915404824363
256,37,0.011657470505475748
256,38,0.011420676430707292
256,39,0.011159678961430006
256,40,0.010876694377516101
256,41,0.010573986414505262
256,42,0.010253844682223687
256,43,0.009918564605484735
256,44,0.00957042888633169
256,45,0.009211690452718071
256,46,0.008844556844747435
256,47,0.008471175990229217
256,48,0.008093623330141212
256,49,0.007713890266371177
256,50,0.007333873914925453
256,51,0.006955368155134376
256,52,0.006580055967994669
256,53,0.006209503054505162
256,54,0.005845152719117576
256,55,0.005488322003136028
256,56,0.005191762202248424
256,57,0.005014428716633096
256,58,0.004831207225658042
256,59,0.004643152265344553
256,60,0.004451309235724067
256,61,0.004256706555879571
256,62,0.004060348304700325
256,63,0.0038632073950024943
256,64,0.00366621931801428
256,65,0.0034702764862193382
256,66,0.003276223195066523
256,67,0.003084851217840711
256,68,0.0028968960427567733
256,69,0.0027130337567997037
256,70,0.002533878576721727
256,71,0.0023599810236973784
256,72,0.002191826734248411
256,73,0.0020298358960532106
256,74,0.001874363293068809
256,75,0.0017256989399852644
256,76,0.0015840692814135953
256,77,0.0014496389264311957
256,78,0.0013225128842571452
256,79,0.0012027392620182005
256,80,0.0010903123809253294
256,81,0.0009851762628543493
256,82,0.0008872284354530354
256,83,0.0007963240006032628
256,84,0.0007391745986881618
256,85,0.0006947776538167684
256,86,0.0006508519241110954
256,87,0.0006076372758306994
256,88,0.0005653580088009725
256,89,0.0005242181763515377
256,90,0.00048439828298078445
256,91,0.0004460531762956534
256,92,0.00040931104029003876
256,93,0.0003742733824268474
256,94,0.00034101586915607
256,95,0.00030958983286146543
256,96,0.00028002425816821914
256,97,0.00025232805891813606
256,98,0.0002264924763662526
256,99,0.00020249345952907027
256,100,0.00018029392469880612
256,101,0.00015984582788351032
256,102,0.0001410920173272456
256,103,0.00012396786063918958
256,104,0.00010840266111007769
256,105,9.432089039082188e-05
256,106,8.164327059844027e-05
256,107,7.028773938293963e-05
256,108,6.0170328045861175e-05
256,109,5.1205976936373834e-05
256,110,4.3309305365478544e-05
256,111,3.6490354194720765e-05
256,112,3.126510411108901e-05
256,113,2.6602303729675078e-05
256,114,2.2470972484701643e-05
256,115,1.883772773168731e-05
256,116,1.5667343320651355e-05
256,117,1.2923327024979372e-05
256,118,1.0568505421169433e-05
256,119,8.565603022108266e-06
256,120,6.877801343395056e-06
256,121,5.4692632145486834e-06
256,122,4.30560810422046e-06
256,123,3.3543255455390742e-06
256,124,2.585115906638647e-06
256,125,1.970150666778275e-06
256,126,1.4842478691121512e-06
256,127,1.104962293452976e-06
256,128,8.12593836470315e-07
256,129,5.901212854519676e-07
256,130,4.230718177535765e-07
256,131,2.9933889377969445e-07
256,132,2.0896256367507511e-07
256,133,1.4388651129485296e-07
256,134,9.770546218155247e-08
256,135,6.541503731371835e-08
256,136,4.317397064362892e-08
256,137,2.8086096359428077e-08
256,138,1.8006923888347974e-08
142,1,0.004377231133524984
142,2,0.005082657047682848
142,3,0.00582501695397021
142,4,0.006594629849057284
142,5,0.007381382369928771
142,6,0.00817518043182079
142,7,0.008966336716593425
142,8,0.009745873371641334
142,9,0.010505732069996082
142,10,0.011238894665998062
142,11,0.011939425802167813
142,12,0.012602453562410966
142,13,0.01322410586382675
142,14,0.013801419392885867
142,15,0.014332235359367234
142,16,0.014815092985737358
142,17,0.015249128151739753
142,18,0.015633981455233155
142,19,0.015969717408079263
142,20,0.016256754663521777
142,21,0.016495806044884206
142,22,0.01668782661143605
142,23,0.01683396791582418
142,24,0.016935536832819547
142,25,0.01699395774018337
142,26,0.017010737303216453
142,27,0.016987431577391736
142,28,0.016925615547746856
142,29,0.0167740672591551
142,30,0.01660418276420082
142,31,0.016425714890379153
142,32,0.016241044833183886
142,33,0.01605219506450147
142,34,0.01586082460117016
142,35,0.015668228493934653
142,36,0.015475340587951823
142,37,0.015282739348164355
142,38,0.015090656973569741
142,39,0.014898992370462778
142,40,0.014707328885726664
142,41,0.014514958033370454
142,42,0.014320910770574362
142,43,0.01412399816301589
142,44,0.013922863472299894
142,45,0.013716047727613177
142,46,0.013502070611234387
142,47,0.013279527867276472
142,48,0.013047205273845702
142,49,0.012804207282684013
142,50,0.012550095388429522
142,51,0.012285026498690416
142,52,0.012009873564744
142,53,0.011726295639926897
142,54,0.011436691069120796
142,55,0.011143879378813129
142,56,0.010853028042013144
142,57,0.010570418842398658
142,58,0.010290294325100249
142,59,0.010012637930269783
142,60,0.009737408803889387
142,61,0.009464548442862798
142,62,0.009193986722767873
142,63,0.008925647333855782
142,64,0.008659452654954684
142,65,0.008395328097214926
142,66,0.008133205950390503
142,67,0.00787302876381995
142,68,0.007614752292666267
142,69,0.007358348037492763
142,70,0.007103805402081039
142,71,0.006851133490720272
142,72,0.006600362562198529
142,73,0.0063515451535908485
142,74,0.006104756882852455
142,75,0.005860096935376502
142,76,0.005617688236248451
142,77,0.005377677307105279
142,78,0.00514023380445923
142,79,0.004905549735237508
142,80,0.0046738383452824
142,81,0.0044453326778286974
142,82,0.004220283801801315
142,83,0.0039989587147892915
142,84,0.0038072563451481364
142,85,0.0036294925122749527
142,86,0.0034546453162875405
142,87,0.0032828827520908735
142,88,0.0031143718658921222
142,89,0.0029492859070449472
142,90,0.0027878070597408856
142,91,0.0026301263610147368
142,92,0.002476441552101231
142,93,0.00232695338163645
142,94,0.0021818608364663036
142,95,0.0020413557750956985
142,96,0.0019056174286395764
142,97,0.0017748071974091574
142,98,0.0016490641063643206
142,99,0.0015285011957001677
142,100,0.0014132030234705625
142,101,0.0013032243558551908
142,102,0.0011985900268771516
142,103,0.0010992958703415967
142,104,0.0010053105671419516
142,105,0.0009165782130764653
142,106,0.0008330213964993081
142,107,0.0007545445821091266
142,108,0.000681037631330546
142,109,0.0006123793693104849
142,110,0.0005484412975196441
142,111,0.0004894957309277788
142,112,0.0004382519877733163
142,113,0.00039065690430363574
142,114,0.0003466174107252376
142,115,0.0003060330855879311
142,116,0.00026879621810653594
142,117,0.00023479165723976005
142,118,0.00020389654736777506
142,119,0.00017598006120222293
142,120,0.0001509032418337772
142,121,0.00012851905725708195
142,122,0.00010867275282208401
142,123,9.120256120715513e-05
142,124,7.594079784758427e-05
142,125,6.271533507087523e-05
142,126,5.1351413658241595e-05
142,127,4.1673719402092163e-05
142,128,3.3508627404804954e-05
142,129,2.668650068159739e-05
142,130,2.1043923509107892e-05
142,131,1.6425754257239825e-05
142,132,1.2686896414337267e-05
142,133,9.693708434914429e-06
142,134,7.325000417803515e-06
142,135,5.472595539213685e-06
142,136,4.041463629375537e-06
142,137,2.9494605880735373e-06
142,138,2.1267283568101708e-06
66,1,0.0052042710396928565
66,2,0.006114862701855529
66,3,0.007089189630907893
66,4,0.008114753518744423
66,5,0.00917718680639783
66,6,0.010260858464234943
66,7,0.01134953640850506
66,8,0.012427052314418627
66,9,0.01347792127832486
66,10,0.014487878557835626
66,11,0.015444307277855594
66,12,0.01633654313830723
66,13,0.017156053490420205
66,14,0.017896497677999213
66,15,0.018553682691280077
66,16,0.019125432772623754
66,17,0.019611393787071538
66,18,0.02001279329077008
66,19,0.0203321757797271
66,20,0.020573130093618153
66,21,0.02074002286154683
66,22,0.02083774860821329
66,23,0.02087150399260027
66,24,0.020846590831422804
66,25,0.02076825018229451
66,26,0.020641527871121394
66,27,0.0204711704357278
66,28,0.020261549478888766
66,29,0.019662076290314565
66,30,0.019040142283241034
66,31,0.01843865093194919
66,32,0.01785881221842159
66,33,0.01730191168324063
66,34,0.01676904094245087
66,35,0.016260958441773086
66,36,0.015778027586963034
66,37,0.015320198056013831
66,38,0.014887011036824096
66,39,0.014477617210584643
66,40,0.014090800743825098
66,41,0.013725005172907834
66,42,0.013378358751663454
66,43,0.013048698042842314
66,44,0.012733589536015154
66,45,0.01243035006582217
66,46,0.012136067976404185
66,47,0.011847628571042034
66,48,0.011561749767446393
66,49,0.011275037690304926
66,50,0.01098407841647232
66,51,0.010685593866290559
66,52,0.010376712870009984
66,53,0.010055457191590738
66,54,0.009721652443325741
66,55,0.009378703883857599
66,56,0.009026680810190922
66,57,0.008663426184227383
66,58,0.008313279854294822
66,59,0.007975650441761552
66,60,0.0076499432950762345
66,61,0.007335567838046556
66,62,0.00703194377719183
66,63,0.00673850632259955
66,64,0.006454710559317588
66,65,0.006180035088796389
66,66,0.005913985042922756
66,67,0.005656094557079143
66,68,0.0054059287736003365
66,69,0.005163085433090944
66,70,0.0049271960983744735
66,71,0.004697927044405502
66,72,0.004474979837314051
66,73,0.0042580916168901035
66,74,0.004047035089279066
66,75,0.0038416182304806144
66,76,0.003641683696464277
66,77,0.003447107932384574
66,78,0.0032577999715477867
66,79,0.003073699914502979
66,80,0.002894777079941009
66,81,0.0027210278220079274
66,82,0.0025524730131635327
66,83,0.0023891551977864747
66,84,0.0022430956946720517
66,85,0.0021088781421373473
66,86,0.0019831992624943953
66,87,0.0018662398751774357
66,88,0.001757328642423617
66,89,0.0016554714025524592
66,90,0.001559621703579183
66,91,0.0014688129210920545
66,92,0.001382217263521483
66,93,0.0012991654030669664
66,94,0.0012191448407588021
66,95,0.0011417871106222362
66,96,0.0010668496150856297
66,97,0.000994195451441441
66,98,0.0009237731688526306
66,99,0.0008555975470288181
66,100,0.0007897319756444241
66,101,0.0007262727049307366
66,102,0.0006653350540633767
66,103,0.0006070415565215987
66,104,0.0005515119593513031
66,105,0.0004988549549399028
66,106,0.00044916149292961364
66,107,0.0004024994790427422
66,108,0.000358909590507614
66,109,0.0003184017760314454
66,110,0.0002809517631553258
66,111,0.00024672914290664816
66,112,0.00021725743055725567
66,113,0.0001902301301594223
66,114,0.00016559998870818756
66,115,0.0001432989763636716
66,116,0.0001232402937142663
66,117,0.00010532074396345203
66,118,8.9423378086371e-05
66,119,7.542031825340019e-05
66,120,6.317566463620908e-05
66,121,5.25483934213219e-05
66,122,4.339515958192222e-05
66,123,3.557292660968024e-05
66,124,2.894135668011457e-05
66,125,2.336490811896938e-05
66,126,1.8714601897677415e-05
66,127,1.4869434451128987e-05
66,128,1.17174295723205e-05
66,129,9.156336705569594e-06
66,130,7.093995922067835e-06
66,131,5.448400640860102e-06
66,132,4.147497350060783e-06
66,133,3.128766978081371e-06
66,134,2.3386351534976965e-06
66,135,1.731758551435332e-06
66,136,1.2702321868047959e-06
66,137,9.227583264412166e-07
66,138,6.638121368656678e-07
2116,1,0.011075712539684287
2116,2,0.013063956120372667
2116,3,0.015117208359011772
2116,4,0.01717816328407245
2116,5,0.019187134371785722
2116,6,0.021085965905742073
2116,7,0.022821633518718926
2116,8,0.024349189609203896
2116,9,0.025633829379253896
2116,10,0.02665198728172059
2116,11,0.027391497543887585
2116,12,0.027850948892484077
2116,13,0.028038424074572167
2116,14,0.027969838826455352
2116,15,0.027667088192332587
2116,16,0.02715617943736208
2116,17,0.02646548989553403
2116,18,0.025624243495859164
2116,19,0.024661257840881502
2116,20,0.023603978567846733
2116,21,0.022477791117522128
2116,22,0.021305582108253007
2116,23,0.020107512316701978
2116,24,0.018900959295686325
2116,25,0.017700588249622957
2116,26,0.016518513380954645
2116,27,0.01536451720664999
2116,28,0.014246301313731143
2116,29,0.014091340033980916
2116,30,0.014013262071136932
2116,31,0.013908251031410555
2116,32,0.013778296667922218
2116,33,0.013625079819836055
2116,34,0.013449985899202451
2116,35,0.013254129655346536
2116,36,0.013038389487288277
2116,37,0.012803449637033051
2116,38,0.012549848609037035
2116,39,0.012278032129193416
2116,40,0.011988408892004213
2116,41,0.011681407265346336
2116,42,0.011357531050381448
2116,43,0.011017412352387823
2116,44,0.010661859626918973
2116,45,0.010291899039774104
2116,46,0.00990880742585509
2116,47,0.009514135347040755
2116,48,0.00910971901261377
2116,49,0.00869768009084877
2116,50,0.00828041260833244
2116,51,0.00786055598597177
2116,52,0.0074409522657201
2116,53,0.007024582281429579
2116,54,0.006614465320587943
2116,55,0.006213472559852018
2116,56,0.005872485774233402
2116,57,0.005647223087944439
2116,58,0.005419691562907986
2116,59,0.00519082335169657
2116,60,0.004961508347474122
2116,61,0.00473259291318567
2116,62,0.004504878864680642
2116,63,0.004279122651549654
2116,64,0.00405603468981734
2116,65,0.003836278811314406
2116,66,0.0036204718051013256
2116,67,0.0034091830363409364
2116,68,0.0032029341371847824
2116,69,0.0030021987722921987
2116,70,0.0028074024883562206
2116,71,0.0026189226623546985
2116,72,0.002437088567128885
2116,73,0.0022621815753223174
2116,74,0.0020944355237416325
2116,75,0.0019340372599149847
2116,76,0.0017811273911364593
2116,77,0.0016358012537283368
2116,78,0.0014981101167718656
2116,79,0.0013680626303066035
2116,80,0.0012456265231383372
2116,81,0.0011307305500938385
2116,82,0.0010232666829878034
2116,83,0.0009230925338996908
2116,84,0.0008575034321470786
2116,85,0.0008053200082892394
2116,86,0.0007540164709087823
2116,87,0.0007038001872912279
2116,88,0.0006548616461742746
2116,89,0.0006073733728541777
2116,90,0.0005614890635835849
2116,91,0.0005173429466227385
2116,92,0.00047504937120017277
2116,93,0.0004347026228843715
2116,94,0.0003963769618708633
2116,95,0.00036012687908328176
2116,96,0.000325987563554206
2116,97,0.0002939755730345496
2116,98,0.0002640896979160989
2116,99,0.00023631200613928995
2116,100,0.000210609053717928
2116,101,0.0001869332419226489
2116,102,0.00016522429826522044
2116,103,0.00014541085458815242
2116,104,0.00012741209223773384
2116,105,0.00011113942194565084
2116,106,9.649816508908233e-05
2116,107,8.338920383162124e-05
2116,108,7.171057078470058e-05
2116,109,6.135895561013847e-05
2116,110,5.223112151293805e-05
2116,111,4.433144359829291e-05
2116,112,3.824115277198036e-05
2116,113,3.2808200609406204e-05
2116,114,2.7989777508940124e-05
2116,115,2.3741684007939222e-05
2116,116,2.001908585252125e-05
2116,117,1.6777198650238442e-05
2116,118,1.3971895726275284e-05
2116,119,1.156023573906893e-05
2116,120,9.500909107800024e-06
2116,121,7.754604327259314e-06
2116,122,6.284296815591865e-06
2116,123,5.055464117121963e-06
2116,124,4.036232146696535e-06
2116,125,3.1974577981599324e-06
2116,126,2.5127537214241285e-06
2116,127,1.958461453692518e-06
2116,128,1.5135793999333449e-06
2116,129,1.159652401287206e-06
2116,130,8.806297944220261e-07
2116,131,6.626989249108689e-07
2116,132,4.941010050072502e-07
2116,133,3.6493597656490814e-07
2116,134,2.669626397543325e-07
2116,135,1.933997387776244e-07
2116,136,1.3873297415321546e-07
2116,137,9.8532069426306e-08
2116,138,6.92811020471389e-08
97,1,0.0019336911022578447
97,2,0.0024396583306363854
97,3,0.0030220040832563146
97,4,0.0036780839531753494
97,5,0.004402052037174609
97,6,0.005185006325423469
97,7,0.0060153705729294555
97,8,0.006879473961739118
97,9,0.007762268697018623
97,10,0.008648113832664806
97,11,0.009521552057548031
97,12,0.010368013977984057
97,13,0.011174399271737459
97,14,0.011929502866720789
97,15,0.012624273837258677
97,16,0.013251912317386406
97,17,0.013807823538874971
97,18,0.014289457191976442
97,19,0.014696064625082718
97,20,0.01502840654768054
97,21,0.015288440874760612
97,22,0.015479015286341002
97,23,0.01560358304861555
97,24,0.015665954538011978
97,25,0.01567009135911698
97,26,0.015619945329583926
97,27,0.015519341076274082
97,28,0.015371898536005938
97,29,0.01544864162494811
97,30,0.0155353082681844
97,31,0.015605745394820285
97,32,0.015661999992152734
97,33,0.015705666571911504
97,34,0.015737896091563876
97,35,0.015759412984673794
97,36,0.01577053822751646
97,37,0.01577121700500075
97,38,0.01576105009994042
97,39,0.015739328585521926
97,40,0.015705071731534872
97,41,0.01565706823030212
97,42,0.015593920907769811
97,43,0.015514095019044428
97,44,0.0154159700581126
97,45,0.01529789477544396
97,46,0.015158244850517855
97,47,0.014995482493285193
97,48,0.014808217284140137
97,49,0.014595268047572864
97,50,0.014355726985206645
97,51,0.014089030834041016
97,52,0.013795052600153911
97,53,0.013474251185587755
97,54,0.013127991054994155
97,55,0.01275943952308435
97,56,0.012411418089652095
97,57,0.012136498351116555
97,58,0.011855070167757024
97,59,0.011567800186059697
97,60,0.011275310612544984
97,61,0.01097818417039335
97,62,0.010676969122915343
97,63,0.010372184300569761
97,64,0.010064324073108899
97,65,0.009753863211923803
97,66,0.009441261590308734
97,67,0.009126968671302952
97,68,0.00881142773410642
97,69,0.008495079790943499
97,70,0.008178367146851467
97,71,0.007861736555420386
97,72,0.007545641924261029
97,73,0.007230546525197621
97,74,0.006916924666149034
97,75,0.006605262784646055
97,76,0.006296059927183808
97,77,0.005989827584345778
97,78,0.005687088859026029
97,79,0.005388376954228805
97,80,0.005094232977863402
97,81,0.004805203074604911
97,82,0.0045218349090379965
97,83,0.004244673539462298
97,84,0.004041159534522151
97,85,0.00386700082794549
97,86,0.0036928538833250653
97,87,0.003519200512532556
97,88,0.00334651472376498
97,89,0.0031752616696416646
97,90,0.0030058963544975685
97,91,0.002838862100006755
97,92,0.0026745887783786193
97,93,0.002513490832408631
97,94,0.0023559651114027987
97,95,0.0022023885611150134
97,96,0.0020531158140324195
97,97,0.0019084767333337083
97,98,0.0017687739693768962
97,99,0.0016342805914222823
97,100,0.0015052378592602634
97,101,0.0013818531993075706
97,102,0.0012642984473751413
97,103,0.0011527084154801786
97,104,0.001047179832418383
97,105,0.0009477706965465984
97,106,0.0008545000622995426
97,107,0.0007673482534324307
97,108,0.0006862574366876276
97,109,0.000611132327635978
97,110,0.0005418401986714768
97,111,0.00047894806438145767
97,112,0.00042734698749061516
97,113,0.0003795843717148299
97,114,0.00033559259869576815
97,115,0.0002952779771071825
97,116,0.0002585232866038382
97,117,0.0002251905887328687
97,118,0.00019512422974741992
97,119,0.00016815396128297937
97,120,0.00014409810539000323
97,121,0.00012276669278410825
97,122,0.00010396450796099836
97,123,8.749398193961867e-05
97,124,7.315788240569317e-05
97,125,6.076176128958845e-05
97,126,5.011613059734179e-05
97,127,4.103834789906351e-05
97,128,3.335420263733584e-05
97,129,2.689920288697257e-05
97,130,2.151956912159721e-05
97,131,1.7072946885775465e-05
97,132,1.3428854193621368e-05
97,133,1.04688822786702e-05
97,134,8.086670377152571e-06
97,135,6.187676896346204e-06
97,136,4.6887708724297855e-06
97,137,3.517669188536825e-06
97,138,2.6122465727039065e-06
275,1,0.003511794931162523
275,2,0.004147991993699803
275,3,0.004841976653567474
275,4,0.005589004951475427
275,5,0.0063829032823500345
275,6,0.007216249844241235
275,7,0.00808062288414097
275,8,0.008966891958992128
275,9,0.00986553095772234
275,10,0.010766932863773332
275,11,0.011661708145979477
275,12,0.012540951517631458
275,13,0.01339646539302385
275,14,0.014220932348856147
275,15,0.01500803289873321
275,16,0.01575250859256934
275,17,0.016450173617315805
275,18,0.017097880550927192
275,19,0.01769344764726781
275,20,0.018235556022400696
275,21,0.01872362544783649
275,22,0.019157677247250923
275,23,0.019538192171314465
275,24,0.019865970223037054
275,25,0.020141998343993953
275,26,0.020367330750273974
275,27,0.020542985601536234
275,28,0.0206698606462847
275,29,0.020275451082210887
275,30,0.01982314206191833
275,31,0.019370389352569115
275,32,0.018919194536174428
275,33,0.01847095893557459
275,34,0.018026586089366668
275,35,0.017586575954630885
275,36,0.017151112815208258
275,37,0.016720146487344923
275,38,0.01629346694852747
275,39,0.015870773126960107
275,40,0.015451736955478867
275,41,0.015036063907454628
275,42,0.014623551127503904
275,43,0.014214143975764596
275,44,0.013807991335193183
275,45,0.013405499381972967
275,46,0.013007382660437588
275,47,0.012614710167316613
275,48,0.012228942585945627
275,49,0.011851954474995176
275,50,0.011486031256826366
275,51,0.011133823012967748
275,52,0.010798218948776476
275,53,0.010482057789879755
275,54,0.01018743851814715
275,55,0.009913840729789652
275,56,0.009635587154896952
275,57,0.00932566901494941
275,58,0.00902417828747595
275,59,0.00873082872275992
275,60,0.008445306533743783
275,61,0.008167277642216158
275,62,0.007896394252126902
275,63,0.007632300783685984
275,64,0.00737463921127482
275,65,0.007123053853210862
275,66,0.006877195662889686
275,67,0.00663672606955121
275,68,0.006401320413549183
275,69,0.0061706710161235695
275,70,0.005944489917763803
275,71,0.005722511312700425
275,72,0.0055044937001995295
275,73,0.005290221766425073
275,74,0.005079508003902668
275,75,0.004872194069259706
275,76,0.004668151874104166
275,77,0.00446728439879916
275,78,0.004269526214644235
275,79,0.004074843696734369
275,80,0.003883234907674178
275,81,0.0036947291315127537
275,82,0.0035093860378697084
275,83,0.00332729445839355
275,84,0.0031541392047452965
275,85,0.002988961710583798
275,86,0.0028306574164071595
275,87,0.0026797494326361404
275,88,0.00253633295000311
275,89,0.0024001952076921607
275,90,0.0022709169470712873
275,91,0.0021479540296942107
275,92,0.0020307027032402773
275,93,0.0019185508588744073
275,94,0.0018109168713380313
275,95,0.001707277379701989
275,96,0.00160718537563736
275,97,0.0015102800322943936
275,98,0.0014162897398657356
275,99,0.0013250297820759773
275,100,0.0012363959918068584
275,101,0.0011503555794812337
275,102,0.0010669361548897157
275,103,0.000986213780586388
275,104,0.0009083007168843972
275,105,0.0008333333525862107
275,106,0.0007614606615591716
275,107,0.0006928333701024652
275,108,0.0006275938223163185
275,109,0.0005658661638548271
275,110,0.0005077455108255819
275,111,0.00045357222262489325
275,112,0.0004054507906550176
275,113,0.0003606172031330071
275,114,0.0003190775402630662
275,115,0.0002808098950529517
275,116,0.00024576479199897247
275,117,0.00021386635927265774
275,118,0.00018501417041692358
275,119,0.00015908565788644327
275,120,0.0001359389899602953
275,121,0.00011541629497368127
275,122,9.734711281494409e-05
275,123,8.155195349033293e-05
275,124,6.784584640405103e-05
275,125,5.604177177679577e-05
275,126,4.595387705803296e-05
275,127,3.740039578340512e-05
275,128,3.020620339918541e-05
275,129,2.4204963274585464e-05
275,130,1.924083550501982e-05
275,131,1.5169740199009126e-05
275,132,1.1860184802293622e-05
275,133,9.193680816949083e-06
275,134,7.064788358536125e-06
275,135,5.380836905754381e-06
275,136,4.06137710928677e-06
275,137,3.0374216399915094e-06
275,138,2.250532937837301e-06
152,1,0.000867051306505568
152,2,0.0011439808843426112
152,3,0.0014813878877455778
152,4,0.001883656559557341
152,5,0.0023531201433321454
152,6,0.002889602089811538
152,7,0.0034900986248094755
152,8,0.004148643084945393
152,9,0.004856373400525856
152,10,0.005601802364211868
152,11,0.006371269198288345
152,12,0.007149533439283785
152,13,0.007920460433610324
152,14,0.008667742756695618
152,15,0.009375603445151951
152,16,0.010029433950359082
152,17,0.010616330493849597
152,18,0.01112550515257896
152,19,0.011548560783903311
152,20,0.011879630430217447
152,21,0.012115391197220033
152,22,0.0122549693206075
152,23,0.012299757170859656
152,24,0.012253164545283324
152,25,0.012120326202943692
152,26,0.011907785742077537
152,27,0.011623173135828052
152,28,0.011274890010679672
152,29,0.01183370132925668
152,30,0.012471616761201586
152,31,0.013077994720906205
152,32,0.013648113499587495
152,33,0.014177791441247744
152,34,0.014663441902081499
152,35,0.015102115332561325
152,36,0.015491525954433106
152,37,0.015830060635220532
152,38,0.016116768063268033
152,39,0.016351327202216423
152,40,0.01653399520933167
152,41,0.016665536442842944
152,42,0.016747135723958764
152,43,0.016780300496277285
152,44,0.01676675776575586
152,45,0.016708352546451817
152,46,0.01660695485276342
152,47,0.01646438199438932
152,48,0.016282342044124407
152,49,0.016062402943942483
152,50,0.015805989969503473
152,51,0.015514412478308927
152,52,0.01518891948459831
152,53,0.014830783471892489
152,54,0.014441414951322337
152,55,0.014022523410028308
152,56,0.013716622095020812
152,57,0.01370390894207778
152,58,0.013653000872923187
152,59,0.013564584770000778
152,60,0.013439607291759578
152,61,0.013279261556162205
152,62,0.013084971858815086
152,63,0.012858376601681442
152,64,0.01260130961476586
152,65,0.012315780060933935
152,66,0.01200395112299184
152,67,0.011668117681920893
152,68,0.011310683205225639
152,69,0.01093413607409563
152,70,0.01054102558685371
152,71,0.010133937883323991
152,72,0.009715472039697354
152,73,0.009288216585662467
152,74,0.008854726694553706
152,75,0.008417502292679287
152,76,0.007978967325578233
152,77,0.0075414504065611275
152,78,0.007107167056479686
152,79,0.006678203723328383
152,80,0.0062565037462128615
152,81,0.0058438554007783266
152,82,0.005441882132906006
152,83,0.005052035055229389
152,84,0.004855545596004454
152,85,0.0047284700274329156
152,86,0.00459068607336263
152,87,0.004443168125990679
152,88,0.004286953451169093
152,89,0.004123132055534301
152,90,0.0039528357844733275
152,91,0.003777226793771992
152,92,0.0035974854957668938
152,93,0.003414798080248555
152,94,0.0032303437333081196
152,95,0.003045281714828415
152,96,0.0028607385000430628
152,97,0.0026777952348434773
152,98,0.0024974757904736625
152,99,0.002320735723862397
152,100,0.002148452449857179
152,101,0.0019814169084267927
152,102,0.001820326963881987
152,103,0.0016657827076248658
152,104,0.0015182837565046
152,105,0.0013782285525808275
152,106,0.001245915584378053
152,107,0.0011215463713453507
152,108,0.0010052299882747022
152,109,0.0008969888651689047
152,110,0.0007967656423881375
152,111,0.0007062836999771554
152,112,0.0006379718190621581
152,113,0.0005734270848627516
152,114,0.0005127936248198929
152,115,0.0004561659328623333
152,116,0.0004035911443331669
152,117,0.0003550718260936194
152,118,0.00031056918396016266
152,119,0.0002700066010552037
152,120,0.0002332734332585575
152,121,0.00020022899967706554
152,122,0.00017070671527730593
152,123,0.00014451831849725846
152,124,0.00012145814837137985
152,125,0.00010130742373695039
152,126,8.383847229249935e-05
152,127,6.881885095121892e-05
152,128,5.601529263196218e-05
152,129,4.51974099665489e-05
152,130,3.6141084828768343e-05
152,131,2.8631475223265346e-05
152,132,2.2465578545232117e-05
152,133,1.7454302595897892e-05
152,134,1.3424012476819166e-05
152,135,1.0217541494683144e-05
152,136,7.694675951139547e-06
152,137,5.732145361397092e-06
152,138,4.22316937332306e-06
96,1,0.007477081248063217
96,2,0.008701662321861519
96,3,0.009989470745736959
96,4,0.011320619764212598
96,5,0.012673331703041068
96,6,0.014024724081542405
96,7,0.015351631592215306
96,8,0.01663141143212391
96,9,0.017842687756410274
96,10,0.018966000682409195
96,11,0.019984335072051825
96,12,0.020883513912921488
96,13,0.021652450188278712
96,14,0.02228325937119921
96,15,0.022771241819238983
96,16,0.023114750142466473
96,17,0.023314960887022597
96,18,0.02337557252071465
96,19,0.023302452732253662
96,20,0.02310325757667316
96,21,0.022787043230265196
96,22,0.022363888347870873
96,23,0.02184454157438297
96,24,0.021240104988557988
96,25,0.020561760463531358
96,26,0.019820542378297442
96,27,0.01902715700690196
96,28,0.018191846376051687
96,29,0.017936796766716723
96,30,0.017713588760517967
96,31,0.01745710812555387
96,32,0.01717046397795714
96,33,0.01685642594192656
96,34,0.016517448353746283
96,35,0.016155708662197114
96,36,0.01577315692787566
96,37,0.015371573620133774
96,38,0.014952633142245264
96,39,0.014517970692606623
96,40,0.014069250155085459
96,41,0.013608230658880074
96,42,0.013136829210052292
96,43,0.012657176327983799
96,44,0.01217166088072239
96,45,0.011682959273759317
96,46,0.011194042791150584
96,47,0.010708155212758294
96,48,0.01022875083032152
96,49,0.009759380596045262
96,50,0.009303511109519411
96,51,0.008864256744972574
96,52,0.008443997646115984
96,53,0.008043842142431874
96,54,0.007662870781625955
96,55,0.007297143254592947
96,56,0.006976116743849366
96,57,0.006740360158588326
96,58,0.006502707827600374
96,59,0.006263796008244563
96,60,0.006024239803555427
96,61,0.005784634209509932
96,62,0.005545554891644534
96,63,0.005307558683316436
96,64,0.00507118380825547
96,65,0.004836949838396395
96,66,0.004605357404490615
96,67,0.004376887681884629
96,68,0.004152001677365199
96,69,0.003931139345367649
96,70,0.0037147185633785843
96,71,0.0035031339972736854
96,72,0.0032967558878168437
96,73,0.0030959287897674883
96,74,0.002900970295110806
96,75,0.0027121697718989236
96,76,0.002529787150085141
96,77,0.0023540517855173233
96,78,0.002185161432867258
96,79,0.0020232813576242592
96,80,0.0018685436162719983
96,81,0.0017210465322975606
96,82,0.0015808543936558
96,83,0.0014479973946522169
96,84,0.0013561799240130975
96,85,0.0012808544976116083
96,86,0.0012068421960668
96,87,0.0011343513003455325
96,88,0.0010635763770518649
96,89,0.0009946974196888736
96,90,0.0009278788862884479
96,91,0.0008632687134464205
96,92,0.0008009973733053936
96,93,0.0007411770433033599
96,94,0.0006839009583118776
96,95,0.0006292430070875899
96,96,0.0005772576199097721
96,97,0.000527979973784067
96,98,0.0004814265183961729
96,99,0.0004375958030313554
96,100,0.00039646956456147335
96,101,0.0003580140212998694
96,102,0.00032218130813251467
96,103,0.000288910985042762
96,104,0.0002581315533032545
96,105,0.00022976191979300455
96,106,0.00020371275787969682
96,107,0.00017988771960342765
96,108,0.0001581844523622032
96,109,0.0001384953521699823
96,110,0.00012070793740477023
96,111,0.00010492245453751477
96,112,9.247125845433499e-05
96,113,8.110003456547599e-05
96,114,7.076616344984524e-05
96,115,6.142322397912107e-05
96,116,5.302149587085903e-05
96,117,4.550848142687124e-05
96,118,3.8829453301371066e-05
96,119,3.292803083941123e-05
96,120,2.7746782754164825e-05
96,121,2.322784916740571e-05
96,122,1.9313571801057427e-05
96,123,1.5947117788978537e-05
96,124,1.3073080478154168e-05
96,125,1.0638039875332205e-05
96,126,8.591066096264815e-06
96,127,6.884151183525069e-06
96,128,5.472557754628259e-06
96,129,4.315076819708301e-06
96,130,3.374191413299453e-06
96,131,2.616147052627152e-06
96,132,2.0109341240201604e-06
96,133,1.5321908220394839e-06
96,134,1.1570380100616211e-06
96,135,8.658592104003053e-07
96,136,6.420398291649288e-07
96,137,4.7167971986583675e-07
96,138,3.4329240104667165e-07
239,1,0.003971512609902731
239,2,0.004744568439899258
239,3,0.0055814517037344955
239,4,0.00647086948887529
239,5,0.007399558245732432
239,6,0.008352985033167549
239,7,0.00931608102315314
239,8,0.010273937806543261
239,9,0.01121241110424219
239,10,0.012118595570956214
239,11,0.012981154568990894
239,12,0.013790506830014725
239,13,0.014538885682925072
239,14,0.015220295112964032
239,15,0.015830390500138458
239,16,0.016366311359433953
239,17,0.016826490021683207
239,18,0.01721045523948408
239,19,0.017518644282975684
239,20,0.01775223201820725
239,21,0.017912981232878156
239,22,0.018003115307489406
239,23,0.018025212228900314
239,24,0.017982117773969544
239,25,0.017876875247743385
239,26,0.017712669218199275
239,27,0.017492781038260227
239,28,0.017220554412219393
239,29,0.01716208630866075
239,30,0.017108062866648316
239,31,0.017032856675678276
239,32,0.016938579663573216
239,33,0.016827004241851747
239,34,0.01669956417646822
239,35,0.01655736347647329
239,36,0.016401193001235062
239,37,0.016231554628140913
239,38,0.016048692816313048
239,39,0.01585263327753631
239,40,0.015643228236511365
239,41,0.015420207442646652
239,42,0.015183233706488187
239,43,0.01493196130842575
239,44,0.014666095211198892
239,45,0.014385448658651712
239,46,0.0140899965272745
239,47,0.01377992178250466
239,48,0.013455652640321503
239,49,0.013117888592764092
239,50,0.01276761434677958
239,51,0.012406101940736821
239,52,0.01203490276994785
239,53,0.011655832638359419
239,54,0.011270952371565317
239,55,0.010882530368564425
239,56,0.010521359063243148
239,57,0.010225318071158998
239,58,0.009927573451801543
239,59,0.009628578037843718
239,60,0.009328744564246105
239,61,0.009028452888401565
239,62,0.008728056905425182
239,63,0.008427891065083754
239,64,0.008128276411867875
239,65,0.007829526082351533
239,66,0.0075319502054135455
239,67,0.007235860161616927
239,68,0.006941572168286233
239,69,0.006649410166682037
239,70,0.006359707997178628
239,71,0.006072810857514103
239,72,0.005789076048006629
239,73,0.005508873016136822
239,74,0.005232582721115422
239,75,0.004960596347035136
239,76,0.004693313400998547
239,77,0.004431139240270747
239,78,0.004174482080060745
239,79,0.0039237495409999296
239,80,0.0036793448027291936
239,81,0.0034416624371534036
239,82,0.003211084001742972
239,83,0.00298797347957122
239,84,0.00282004467660738
239,85,0.0026749708649824477
239,86,0.0025318299229942468
239,87,0.0023909751372232706
239,88,0.002252743162490701
239,89,0.0021174540527042454
239,90,0.0019854105873792936
239,91,0.0018568971883709626
239,92,0.0017321785558869678
239,93,0.0016114981075092617
239,94,0.0014950762980654392
239,95,0.0013831089050621247
239,96,0.0012757653731239075
239,97,0.0011731873160731286
239,98,0.0010754872740721098
239,99,0.0009827478144040184
239,100,0.0008950210480910303
239,101,0.0008123286118573857
239,102,0.0007346621380248743
239,103,0.0006619842064053002
239,104,0.0005942297449211914
239,105,0.000531307822132521
239,106,0.0004731037571524179
239,107,0.0004194814620032623
239,108,0.0003702859292285442
239,109,0.00032534578574313716
239,110,0.0002844758686167543
239,111,0.0002478733791823734
239,112,0.0002179785637614789
239,113,0.00019070808904959278
239,114,0.00016595471322868713
239,115,0.00014360227554465496
239,116,0.00012352729502733612
239,117,0.00010560047004121753
239,118,8.968808597811028e-05
239,119,7.565334644983565e-05
239,120,6.335764822185722e-05
239,121,5.26618207292768e-05
239,122,4.342734718786348e-05
239,123,3.5517576636894496e-05
239,124,2.8798925883418137e-05
239,125,2.314205880895547e-05
239,126,1.842301957371827e-05
239,127,1.4524287565273128e-05
239,128,1.1335716838486227e-05
239,129,8.755322132971963e-06
239,130,6.689877564882026e-06
239,131,5.055302356847635e-06
239,132,3.776819503980037e-06
239,133,2.788886670468963e-06
239,134,2.0349122686635133e-06
239,135,1.4667820302571475e-06
239,136,1.0442311372237288e-06
239,137,7.341032616251953e-07
239,138,5.095402989878631e-07
2579,1,0.0008907863129632769
2579,2,0.0011224333833443796
2579,3,0.0013970835694607894
2579,4,0.0017183317675317504
2579,5,0.0020891613877144955
2579,6,0.0025117696773079763
2579,7,0.0029874171410317527
2579,8,0.00351631068873491
2579,9,0.004097527910883229
2579,10,0.00472898706772622
2579,11,0.005407464203838545
2579,12,0.006128655614462602
2579,13,0.006887281011847301
2579,14,0.007677220417265496
2579,15,0.008491676197343022
2579,16,0.009323350836884885
2579,17,0.010164630972104485
2579,18,0.011007768804843459
2579,19,0.011845053138545093
2579,20,0.012668963754741597
2579,21,0.013472304516816901
2579,22,0.014248312293494953
2579,23,0.014990740413118014
2579,24,0.015693916800424364
2579,25,0.01635277815450179
2579,26,0.016962882476951546
2579,27,0.01752040295850811
2579,28,0.01802210671097475
2579,29,0.01805445605898074
2579,30,0.017998226519922365
2579,31,0.017902214830731396
2579,32,0.017769756389538312
2579,33,0.01760474520786922
2579,34,0.017411293769236287
2579,35,0.017193513569346223
2579,36,0.01695536762409017
2579,37,0.016700571293150113
2579,38,0.016432529960955695
2579,39,0.016154307483693228
2579,40,0.015868621768681257
2579,41,0.01557786499634976
2579,42,0.015284146427924403
2579,43,0.014989355634958476
2579,44,0.014695243303331636
2579,45,0.0144035153538725
2579,46,0.01411593376258736
2579,47,0.01383441387420295
2579,48,0.013561102811769308
2579,49,0.013298416205004016
2579,50,0.013048999739027392
2579,51,0.012815565393313319
2579,52,0.012600523769902278
2579,53,0.012405280447361888
2579,54,0.012228962910631377
2579,55,0.012066237149791886
2579,56,0.011882831968580691
2579,57,0.011646286868080828
2579,58,0.01141140969893031
2579,59,0.011178292613203114
2579,60,0.010946962829396625
2579,61,0.01071739055474742
2579,62,0.010489496575948127
2579,63,0.010263159492771566
2579,64,0.010038222589481584
2579,65,0.009814500358654572
2579,66,0.009591784704644751
2579,67,0.009369850860571991
2579,68,0.009148463054887222
2579,69,0.008927379962411811
2579,70,0.008706359971056874
2579,71,0.00848516628978481
2579,72,0.008263571916205574
2579,73,0.008041364473832989
2579,74,0.007818350919733381
2579,75,0.007594362113324637
2579,76,0.007369257226667824
2579,77,0.007142927965990249
2579,78,0.006915302563674683
2579,79,0.006686349489873199
2579,80,0.006456080823650856
2579,81,0.006224555215613939
2579,82,0.005991880367977829
2579,83,0.005758214955025334
2579,84,0.005528271342381149
2579,85,0.005306334821159685
2579,86,0.0050953938576375505
2579,87,0.004896617212984095
2579,88,0.004709503769312238
2579,89,0.004532730628569355
2579,90,0.004364614940452598
2579,91,0.00420337922223228
2579,92,0.004047309313396409
2579,93,0.00389484867903272
2579,94,0.0037446524625247145
2579,95,0.0035956149047961542
2579,96,0.0034468786440045277
2579,97,0.003297831533707033
2579,98,0.0031480948750311705
2579,99,0.002997505832253128
2579,100,0.002846096033742228
2579,101,0.0026940678158386285
2579,102,0.002541769169770514
2579,103,0.0023896681548052777
2579,104,0.002238327313006228
2579,105,0.0020883784375559855
2579,106,0.0019404978837278912
2579,107,0.0017953824387774617
2579,108,0.0016537255356416554
2579,109,0.0015161932383633457
2579,110,0.001383399168001759
2579,111,0.0012565706154668266
2579,112,0.0011413066936129615
2579,113,0.0010315397823175854
2579,114,0.0009276207841537317
2579,115,0.0008298281322029951
2579,116,0.0007383646097941921
2579,117,0.0006533560617662703
2579,118,0.0005748519626911856
2579,119,0.0005028277545691339
2579,120,0.0004371888172957991
2579,121,0.00037777589058592077
2579,122,0.0003243717273891751
2579,123,0.000276708727752702
2579,124,0.00023447728009930394
2579,125,0.00019733452522501725
2579,126,0.000164913257716752
2579,127,0.00013683069009403246
2579,128,0.00011269682627773565
2579,129,9.21222218237695e-05
2579,130,7.472494698895912e-05
2579,131,6.013661291560138e-05
2579,132,4.800736852545327e-05
2579,133,3.8009823486834036e-05
2579,134,2.9841898328932873e-05
2579,135,2.322864416657168e-05
2579,136,1.792310974227727e-05
2579,137,1.3706361323320338e-05
2579,138,1.0386780669115554e-05
2628,1,0.0014832190633030878
2628,2,0.0018477991583511157
2628,3,0.002268287907956533
2628,4,0.0027449345108180767
2628,5,0.003276133952706235
2628,6,0.0038583308955139747
2628,7,0.004486036071604641
2628,8,0.0051519578095848406
2628,9,0.005847241047895926
2628,10,0.006561796764876846
2628,11,0.007284697244141795
2628,12,0.008004607802401947
2628,13,0.008710223953239643
2628,14,0.009390684462325842
2628,15,0.010035934968276242
2628,16,0.010637023090630778
2628,17,0.01118631333365539
2628,18,0.011677617696469128
2628,19,0.012106244886338794
2628,20,0.012468976766749377
2628,21,0.0127639847664645
2628,22,0.012990701296362085
2628,23,0.013149661856744998
2628,24,0.013242332724763706
2628,25,0.013270937244008728
2628,26,0.013238291184521139
2628,27,0.013147654770543568
2628,28,0.01300260609894529
2628,29,0.013349236254460405
2628,30,0.013728332631796231
2628,31,0.014080449000167803
2628,32,0.014405297930598847
2628,33,0.014702585296819766
2628,34,0.014971972995438803
2628,35,0.01521305421532528
2628,36,0.015425341637008011
2628,37,0.015608268730063548
2628,38,0.015761203849840047
2628,39,0.015883476250694303
2628,40,0.015974412482272615
2628,41,0.016033380964238158
2628,42,0.016059841899123305
2628,43,0.016053399148252753
2628,44,0.016013850331684037
2628,45,0.01594123128554433
2628,46,0.015835851171001
2628,47,0.015698315006430496
2628,48,0.015529531182235863
2628,49,0.015330702567332112
2628,50,0.015103301027891937
2628,51,0.01484902639349304
2628,52,0.01456975188755076
2628,53,0.014267458422549673
2628,54,0.013944159285935084
2628,55,0.013601813261317056
2628,56,0.013312727200091067
2628,57,0.013168439197561959
2628,58,0.01300322872165138
2628,59,0.012817959049896254
2628,60,0.01261354298781105
2628,61,0.01239093920286479
2628,62,0.01215114848954757
2628,63,0.011895209969049353
2628,64,0.011624197233403948
2628,65,0.011339214447647699
2628,66,0.011041392424730656
2628,67,0.010731884686893515
2628,68,0.010411863524383001
2628,69,0.010082516058194019
2628,70,0.009745040308507097
2628,71,0.009400641265155867
2628,72,0.009050526951318682
2628,73,0.008695904467150293
2628,74,0.008337975996668193
2628,75,0.007977934759217256
2628,76,0.007616960886506203
2628,77,0.007256217207689399
2628,78,0.006896844928305054
2628,79,0.006539959194030704
2628,80,0.006186644537034966
2628,81,0.005837950210974964
2628,82,0.005494885430126795
2628,83,0.005158414538410476
2628,84,0.0049427157232063
2628,85,0.004771923491794636
2628,86,0.004596150732331343
2628,87,0.0044161863507938106
2628,88,0.004232843140795583
2628,89,0.0040469512833930495
2628,90,0.0038593495281490317
2628,91,0.0036708751237485263
2628,92,0.003482353270403883
2628,93,0.003294586790732987
2628,94,0.0031083466405584913
2628,95,0.0029243637635831586
2628,96,0.002743322637068589
2628,97,0.002565856677046568
2628,98,0.0023925454926539604
2628,99,0.0022239138198786746
2628,100,0.0020604318408513973
2628,101,0.0019025165153993648
2628,102,0.0017505335202363285
2628,103,0.0016047994055716412
2628,104,0.00146558363223049
2628,105,0.001333110234649606
2628,106,0.001207558954823948
2628,107,0.0010890657977166546
2628,108,0.0009777230591368534
2628,109,0.0008735789641043245
2628,110,0.0007766371217673538
2628,111,0.0006881372545283568
2628,112,0.0006167634065335886
2628,113,0.0005498247227217396
2628,114,0.0004874068086887121
2628,115,0.00042955277577810905
2628,116,0.00037626293282040825
2628,117,0.0003274952516081012
2628,118,0.0002831666836231265
2628,119,0.00024315535606616776
2628,120,0.00020730362370189183
2628,121,0.00017542190383623108
2628,122,0.00014729317873873497
2628,123,0.00012267801591842994
2628,124,0.00010131993359845196
2628,125,8.295092707569781e-05
2628,126,6.729697092274326e-05
2628,127,5.408332093883003e-05
2628,128,4.30394566701407e-05
2628,129,3.390352832187093e-05
2628,130,2.642619917580252e-05
2628,131,2.037380461635822e-05
2628,132,1.553078019995139e-05
2628,133,1.1701342696462113e-05
2628,134,8.71043857871356e-06
2628,135,6.404002901188569e-06
2628,136,4.6485966890191845e-06
2628,137,3.330511615633805e-06
2628,138,2.3544457273414176e-06
259,1,0.009864985433061363
259,2,0.010998074925154084
259,3,0.012122204456864195
259,4,0.013218113219015571
259,5,0.014267829713155935
259,6,0.015255302394230669
259,7,0.016166847078760805
259,8,0.016991404487056997
259,9,0.017720619655847866
259,10,0.018348768563010393
259,11,0.018872565559362422
259,12,0.01929088838387779
259,13,0.019604456507915674
259,14,0.019815494455923455
259,15,0.019927405770524247
259,16,0.01994447648816681
259,17,0.01987162020966017
259,18,0.01971417068556377
259,19,0.019477722658274063
259,20,0.01916801768892128
259,21,0.01879086888128476
259,22,0.01835211672880955
259,23,0.017857607621056284
259,24,0.017313186681588395
259,25,0.01672469738244376
259,26,0.016097981601009233
259,27,0.015438875272561704
259,28,0.01475319638284163
259,29,0.014795355479657832
259,30,0.014886027534273434
259,31,0.014941597846162315
259,32,0.014962689915962035
259,33,0.014950113670845293
259,34,0.0149048481089143
259,35,0.014828023900853552
259,36,0.014720904846674057
259,37,0.014584868148946151
259,38,0.014421383923774072
259,39,0.014231994572741765
259,40,0.014018294698310847
259,41,0.013781912211105469
259,42,0.013524491180264473
259,43,0.013247676841302986
259,44,0.012953103020149969
259,45,0.012642382074539648
259,46,0.012317097308433684
259,47,0.011978797691321135
259,48,0.01162899461769245
259,49,0.011269160374460279
259,50,0.01090072794378023
259,51,0.010525091750122045
259,52,0.010143608952777832
259,53,0.009757600865168064
259,54,0.009368353986763837
259,55,0.008977119730131726
259,56,0.008641572058085871
259,57,0.008430999016386187
259,58,0.008210750346141195
259,59,0.007981724301306498
259,60,0.0077448284651854505
259,61,0.007500977491152317
259,62,0.0072510906574465225
259,63,0.006996089246773118
259,64,0.006736893764131989
259,65,0.006474421008055719
259,66,0.006209581011392806
259,67,0.005943273868187155
259,68,0.0056763864633574196
259,69,0.0054097891220370505
259,70,0.005144332195827926
259,71,0.0048808426040336155
259,72,0.004620120349302956
259,73,0.004362935029103122
259,74,0.004110022367064704
259,75,0.0038620807914475606
259,76,0.003619768091657173
259,77,0.0033836981877324018
259,78,0.003154438051815211
259,79,0.0029325048245503285
259,80,0.002718363172865502
259,81,0.0025124229383529095
259,82,0.002315037127204512
259,83,0.0021265002930580053
259,84,0.002002801163751651
259,85,0.0019037983554523474
259,86,0.0018045325078086762
259,87,0.0017054537124965195
259,88,0.001607008732583027
259,89,0.0015096389118201628
259,90,0.0014137745342683208
259,91,0.0013198277140718997
259,92,0.0012281850082090265
259,93,0.0011392005634985967
259,94,0.0010531903661678654
259,95,0.0009704279578932302
259,96,0.000891141795396556
259,97,0.0008155142646325446
259,98,0.0007436822240581202
259,99,0.0006757388514280004
259,100,0.0006117365077268868
259,101,0.0005516903083950562
259,102,0.0004955821004609776
259,103,0.0004433645768710133
259,104,0.0003949653077440421
259,105,0.0003502905244550458
259,106,0.00030922854959091075
259,107,0.0002716528187989382
259,108,0.00023742448595308736
259,109,0.00020639463903764134
259,110,0.00017840618017058175
259,111,0.0001536352193712822
259,112,0.0001341408966387913
259,113,0.00011638019673344099
259,114,0.00010029913204053668
259,115,8.583453095136369e-05
259,116,7.291462678429116e-05
259,117,6.1459785487922e-05
259,118,5.1383404507910084e-05
259,119,4.259299869431029e-05
259,120,3.4991470487897405e-05
259,121,2.8478542609069398e-05
259,122,2.295231377988383e-05
259,123,1.8310883246943424e-05
259,124,1.4453979442809943e-05
259,125,1.1284523080087805e-05
259,126,8.710055884427163e-06
259,127,6.643973025791388e-06
259,128,5.006509466625336e-06
259,129,3.7254466998963163e-06
259,130,2.7365250397379023e-06
259,131,1.983565843838817e-06
259,132,1.418325874601344e-06
259,133,1.0001207708430408e-06
259,134,6.952650789169143e-07
259,135,4.7638184330592765e-07
259,136,3.2163537132059223e-07
259,137,2.1393702508318568e-07
259,138,1.401667506374752e-07
2132,1,0.0043531873830638486
2132,2,0.00508298003857118
2132,3,0.005858933285763322
2132,4,0.006670761988750615
2132,5,0.007506825098121661
2132,6,0.008354592714806866
2132,7,0.009201132716413511
2132,8,0.01003358364234388
2132,9,0.010839586166904934
2132,10,0.011607652721799592
2132,11,0.012327462517891963
2132,12,0.012990076453388354
2132,13,0.01358807257402111
2132,14,0.01411560755663512
2132,15,0.014568413049028036
2132,16,0.01494373771529189
2132,17,0.015240246706966165
2132,18,0.015457890247679964
2132,19,0.01559775232434295
2132,20,0.015661889337542607
2132,21,0.015653167156079385
2132,22,0.015575103483707088
2132,23,0.015431720881668894
2132,24,0.01522741427031564
2132,25,0.01496683530694206
2132,26,0.014654794740497202
2132,27,0.014296182703779053
2132,28,0.013895905941621167
2132,29,0.014095800585046604
2132,30,0.014340686913509601
2132,31,0.014560532063225563
2132,32,0.014755551268344705
2132,33,0.014925869894262629
2132,34,0.015071494098984242
2132,35,0.01519229219427678
2132,36,0.015287986695866984
2132,37,0.015358157189315403
2132,38,0.015402253912146254
2132,39,0.015419621613799712
2132,40,0.015409532888483764
2132,41,0.01537122982394149
2132,42,0.015303972497919404
2132,43,0.015207092602033146
2132,44,0.015080050292546774
2132,45,0.014922492268275871
2132,46,0.014734309064603907
2132,47,0.014515689637466855
2132,48,0.014267171503576525
2132,49,0.013989685019525955
2132,50,0.013684590839854025
2132,51,0.013353710183497252
2132,52,0.012999348104211689
2132,53,0.012624309665187065
2132,54,0.012231903503224393
2132,55,0.011825891380595982
2132,56,0.01148024326586398
2132,57,0.01128489371320965
2132,58,0.01107393753298587
2132,59,0.010848246743327709
2132,60,0.010608718214429097
2132,61,0.010356273684569104
2132,62,0.010091859624074911
2132,63,0.009816446850579969
2132,64,0.009531029810754228
2132,65,0.009236625456523494
2132,66,0.00893427165751547
2132,67,0.00862502510589875
2132,68,0.008309958684706931
2132,69,0.007990158285919155
2132,70,0.007666719079735121
2132,71,0.0073407412513692046
2132,72,0.0070133252360323065
2132,73,0.006685566496326555
2132,74,0.006358549898830933
2132,75,0.006033343758007526
2132,76,0.005710993625548798
2132,77,0.005392515911773166
2132,78,0.005078891432544288
2132,79,0.004771058980344997
2132,80,0.0044699090215014935
2132,81,0.004176277623069187
2132,82,0.003890940712514036
2132,83,0.003614608771027295
2132,84,0.0034399322110842197
2132,85,0.00330336756205391
2132,86,0.003164064019011935
2132,87,0.0030226471180719292
2132,88,0.002879750853900228
2132,89,0.0027360180250580518
2132,90,0.0025920964801019655
2132,91,0.0024486331490639135
2132,92,0.0023062667267859304
2132,93,0.0021656195972072946
2132,94,0.002027289504368141
2132,95,0.0018918414349100368
2132,96,0.0017598001305224402
2132,97,0.0016316435837212281
2132,98,0.0015077977868510316
2132,99,0.0013886329085567423
2132,100,0.0012744609727114566
2132,101,0.001165535020525145
2132,102,0.0010620496545784373
2132,103,0.0009641427990138147
2132,104,0.0008718984658632237
2132,105,0.0007853502940160053
2132,106,0.0007044856233286497
2132,107,0.0006292498794962897
2132,108,0.0005595510737114195
2132,109,0.0004952642688116737
2132,110,0.00043623597054812596
2132,111,0.0003831110399791743
2132,112,0.0003412481134274511
2132,113,0.00030234872194894824
2132,114,0.00026639443707142537
2132,115,0.00023334633985551835
2132,116,0.00020314606988780086
2132,117,0.00017571692399568394
2132,118,0.00015096504887474158
2132,119,0.00012878077388916762
2132,120,0.0001090401264589885
2132,121,9.160656259599318e-05
2132,122,7.633292974304213e-05
2132,123,6.306365919087322e-05
2132,124,5.1637162703147545e-05
2132,125,4.188838479519301e-05
2132,126,3.365144089242129e-05
2132,127,2.6762254831799094e-05
2132,128,2.106109900214595e-05
2132,129,1.639493831812687e-05
2132,130,1.2619485759823742e-05
2132,131,9.60089194477373e-06
2132,132,7.217012717616e-06
2132,133,5.3582248353196975e-06
2132,134,3.9277877882185185e-06
2132,135,2.841776792522658e-06
2132,136,2.02863542507216e-06
2132,137,1.4284142172607745e-06
2132,138,9.917725406072433e-07
135,1,0.0010623161771749024
135,2,0.001329328219530434
135,3,0.0016416343758714012
135,4,0.002001449201659381
135,5,0.0024099204406874074
135,6,0.0028669721979355843
135,7,0.003371200738751174
135,8,0.00391983137321803
135,9,0.004508739748889122
135,10,0.005132535568697512
135,11,0.005784701897179594
135,12,0.0064577793612473405
135,13,0.007143582066215311
135,14,0.007833431091620047
135,15,0.008518391941974207
135,16,0.009189504055232103
135,17,0.009837993039188832
135,18,0.01045545928032733
135,19,0.011034039531800054
135,20,0.011566540688898331
135,21,0.012046546960374724
135,22,0.01246850292311417
135,23,0.012827775503340267
135,24,0.01312069785352222
135,25,0.013344597551096942
135,26,0.013497810728680755
135,27,0.013579682857479715
135,28,0.013590556135379135
135,29,0.013944734544198102
135,30,0.014303381006217895
135,31,0.014621426612818147
135,32,0.014898555911313045
135,33,0.015134847744337354
135,34,0.015330808867254034
135,35,0.015487388115050618
135,36,0.01560597279545359
135,37,0.01568836725563401
135,38,0.01573675290685969
135,39,0.01575362916164848
135,40,0.015741735401627103
135,41,0.015703955098838315
135,42,0.015643204494231712
135,43,0.015562309753301964
135,44,0.015463878211599544
135,45,0.015350171087133217
135,46,0.015222986702492397
135,47,0.015083564587274388
135,48,0.014932521528730413
135,49,0.014769830406328949
135,50,0.014594851262482552
135,51,0.014406421518031084
135,52,0.014203008962698745
135,53,0.013982928424891782
135,54,0.013744624019269585
135,55,0.013487030799639912
135,56,0.01326502588007892
135,57,0.013151738080156732
135,58,0.01301907985236894
135,59,0.012867762399627494
135,60,0.012698515938389181
135,61,0.012512086917815274
135,62,0.012309236114395257
135,63,0.012090737526998635
135,64,0.011857377982426542
135,65,0.011609957349792244
135,66,0.011349289253175071
135,67,0.011076202165659977
135,68,0.010791540763808564
135,69,0.010496167419564618
135,70,0.010190963706393686
135,71,0.009876831797969134
135,72,0.00955469564088984
135,73,0.009225501787744434
135,74,0.008890219783366146
135,75,0.00854984200542191
135,76,0.008205382870635046
135,77,0.007857877330029826
135,78,0.007508378590664389
135,79,0.0071579550173960374
135,80,0.006807686186237186
135,81,0.006458658080637163
135,82,0.006111957443163247
135,83,0.005768665316610159
135,84,0.005543055870398454
135,85,0.005362131223894304
135,86,0.005177739616327486
135,87,0.004991406451817262
135,88,0.004804162697414172
135,89,0.004616686386173101
135,90,0.0044294071461044625
135,91,0.004242585696873418
135,92,0.004056376951880842
135,93,0.003870880956540044
135,94,0.0036861837007214045
135,95,0.0035023888919825347
135,96,0.0033196414218830987
135,97,0.003138143177541743
135,98,0.0029581618869647724
135,99,0.0027800337621877147
135,100,0.0026041607809442952
135,101,0.0024310035070292404
135,102,0.0022610703831733698
135,103,0.0020949044345309493
135,104,0.0019330682950322864
135,105,0.0017761284141548982
135,106,0.0016246392213810255
135,107,0.001479127925330225
135,108,0.0013400805129298863
135,109,0.001207929405049083
135,110,0.001083043149014313
135,111,0.0009674222058928243
135,112,0.000873108192806847
135,113,0.0007835978324212627
135,114,0.0006992021426539425
135,115,0.0006201630689325756
135,116,0.0005466506684670282
135,117,0.0004787621064066915
135,118,0.0004165224662128264
135,119,0.00035988731119264834
135,120,0.0003087468728861233
135,121,0.0002629316872287383
135,122,0.0002222194531083488
135,123,0.00018634285163390002
135,124,0.00015499803923827438
135,125,0.00012785351432199036
135,126,0.00010455905578915497
135,127,8.475444243493633e-05
135,128,6.807768423392815e-05
135,129,5.4172529249732455e-05
135,130,4.269505176195392e-05
135,131,3.3319176389780695e-05
135,132,2.574104705500796e-05
135,133,1.9682205680980113e-05
135,134,1.4891600367331636e-05
135,135,1.1146493147487178e-05
135,136,8.252380301010327e-06
135,137,6.042071087217853e-06
135,138,4.374091964756026e-06
356,1,0.0009565933601880295
356,2,0.0012401470777063045
356,3,0.0015812093736094122
356,4,0.001983885798332441
356,5,0.0024507330620970984
356,6,0.0029824198569276396
356,7,0.003577476375248057
356,8,0.0042321563662984915
356,9,0.004940427144862665
356,10,0.00569409197823843
356,11,0.006483037832462911
356,12,0.007295591005273024
356,13,0.00811895485186971
356,14,0.008939698391178186
356,15,0.009744262411296086
356,16,0.010519450699452629
356,17,0.011252877772386665
356,18,0.01193335029113608
356,19,0.012551166390875121
356,20,0.013098324610133813
356,21,0.013568641220750922
356,22,0.01395778095436373
356,23,0.01426321100123047
356,24,0.014484091529421718
356,25,0.014621117821927406
356,26,0.014676329582791392
356,27,0.01465290224546326
356,28,0.014554933504738988
356,29,0.014814086214851563
356,30,0.015080718537002366
356,31,0.015310984589351267
356,32,0.015507207390432673
356,33,0.015671732596784373
356,34,0.015806828173798592
356,35,0.015914602188876227
356,36,0.015996939043463408
356,37,0.016055454432309713
356,38,0.016091468944751382
356,39,0.01610599980278444
356,40,0.016099769809219202
356,41,0.016073232148538594
356,42,0.016026609219445122
356,43,0.015959943148943112
356,44,0.015873155001135748
356,45,0.015766108892686176
356,46,0.015638676176682114
356,47,0.015490793420182844
356,48,0.015322505836276501
356,49,0.015133984689539833
356,50,0.014925502115287518
356,51,0.01469733814652044
356,52,0.01444957969395874
356,53,0.014181747020054642
356,54,0.013892167222262383
356,55,0.01357726744117669
356,56,0.013294650781675457
356,57,0.013129440067457875
356,58,0.01294534193824092
356,59,0.012743162397151571
356,60,0.012523735417022378
356,61,0.012287922330610629
356,62,0.01203661131234724
356,63,0.011770716906076025
356,64,0.011491179553429577
356,65,0.01119896507636425
356,66,0.010895064065475198
356,67,0.010580491123563315
356,68,0.010256283912027457
356,69,0.009923501946468249
356,70,0.009583225087817083
356,71,0.009236551676692245
356,72,0.00888459626180966
356,73,0.00852848687834106
356,74,0.008169361839242441
356,75,0.0078083660118074836
356,76,0.007446646562983658
356,77,0.00708534817018353
356,78,0.006725607709192322
356,79,0.00636854844700275
356,80,0.00601527378460196
356,81,0.005666860612462016
356,82,0.005324352359327135
356,83,0.004988751832668921
356,84,0.004768767639589932
356,85,0.004592638209920628
356,86,0.004412917707782709
356,87,0.004230293671964612
356,88,0.004045479392520696
356,89,0.003859211161084975
356,90,0.0036722413041054016
356,91,0.003485328831184426
356,92,0.0032992286671225924
356,93,0.0031146803276237895
356,94,0.0029323968713639813
356,95,0.002753054880223109
356,96,0.002577286067400336
356,97,0.002405670908328191
356,98,0.0022387344621181463
356,99,0.0020769443329826625
356,100,0.0019207105376502058
356,101,0.0017703869136164844
356,102,0.0016262736320869463
356,103,0.0014886203679911596
356,104,0.0013576297200486383
356,105,0.0012334605539666384
356,106,0.0011162310424797123
356,107,0.0010060212574892736
356,108,0.0009028750947088108
356,109,0.0008068003934012465
356,110,0.0007177595913182127
356,111,0.0006368254834824567
356,112,0.0005722489153974369
356,113,0.0005116015956679426
356,114,0.00045494833105764863
356,115,0.00040232221367560167
356,116,0.00035372362356475437
356,117,0.0003091197755067163
356,118,0.00026844492424259707
356,119,0.00023160130627728807
356,120,0.00019846085417013864
356,121,0.00016886767379918678
356,122,0.00014264122979566144
356,123,0.00011958014241584835
356,124,9.946646350034038e-05
356,125,8.207027230616688e-05
356,126,6.71544156224348e-05
356,127,5.4479211594210535e-05
356,128,4.380694308110414e-05
356,129,3.4905983283188384e-05
356,130,2.7554422111404353e-05
356,131,2.1543094084360142e-05
356,132,1.6677944731956368e-05
356,133,1.2781709775914267e-05
356,134,9.694917051918816e-06
356,135,7.276252894046751e-06
356,136,5.4023606946751455e-06
356,137,3.967158386719933e-06
356,138,2.880773136049502e-06
12,1,0.0017017861449058849
12,2,0.002036082869251677
12,3,0.0024068437640941357
12,4,0.002812824033713882
12,5,0.0032520868253789626
12,6,0.00372209924955437
12,7,0.004219848121508199
12,8,0.004741964082946668
12,9,0.0052848439036535695
12,10,0.0058447628075346935
12,11,0.006417971190423774
12,12,0.0070007726786688864
12,13,0.007589582779011825
12,14,0.008180969173607994
12,15,0.00877167592683184
12,16,0.009358634506499694
12,17,0.00993896466913872
12,18,0.010509968044350242
12,19,0.01106911681421939
12,20,0.011614039345040725
12,21,0.012142504090359985
12,22,0.012652402616595565
12,23,0.013141732246361306
12,24,0.013608578586396872
12,25,0.014051098104206461
12,26,0.014467500924712265
12,27,0.014856034112376985
12,28,0.015214965858616446
12,29,0.015223825287251967
12,30,0.015185754947105733
12,31,0.01514025681470056
12,32,0.015089993659625801
12,33,0.015037163408148294
12,34,0.014983538492980243
12,35,0.014930498610211259
12,36,0.014879056260847436
12,37,0.014829877383365933
12,38,0.014783298834862542
12,39,0.01473934395469053
12,40,0.014697737154226032
12,41,0.014657918339146802
12,42,0.01461905792062486
12,43,0.014580073178053191
12,44,0.014539646794049768
12,45,0.014496248510168553
12,46,0.014448161090939994
12,47,0.014393512213075645
12,48,0.014330314660982562
12,49,0.01425651858798344
12,50,0.01417008216062715
12,51,0.014069071861011926
12,52,0.013951813890978186
12,53,0.013817140466609373
12,54,0.013664827568325509
12,55,0.013496445189412879
12,56,0.013297867119522194
12,57,0.01305234411152962
12,58,0.012806984467255384
12,59,0.01256173803973487
12,60,0.01231651063673808
12,61,0.012071169401217236
12,62,0.011825548357395247
12,63,0.011579454096488303
12,64,0.011332671576704577
12,65,0.011084970013485193
12,66,0.010836108837411448
12,67,0.010585843698298155
12,68,0.010333932494310232
12,69,0.010080141404144378
12,70,0.009824250898169188
12,71,0.009566061700766387
12,72,0.009305400670918168
12,73,0.009042126561389982
12,74,0.008776135608820831
12,75,0.008507366897900999
12,76,0.008235807432940197
12,77,0.00796149683994002
12,78,0.00768453161230309
12,79,0.007405068804128125
12,80,0.007123329067304932
12,81,0.006839598923028525
12,82,0.006554232155610017
12,83,0.00626765021727864
12,84,0.006002198544320586
12,85,0.005748113161609457
12,86,0.005496825629826581
12,87,0.005248871181105085
12,88,0.00500481347689177
12,89,0.004765168281359212
12,90,0.004530365747387801
12,91,0.00430073713010507
12,92,0.004076516872106471
12,93,0.0038578540947237163
12,94,0.003644829309583502
12,95,0.0034374733113099994
12,96,0.0032357860455255044
12,97,0.0030397539039986906
12,98,0.0028493644371247445
12,99,0.0026646179148141786
12,100,0.002485535519344359
12,101,0.002312164223440579
12,102,0.002144578599988151
12,103,0.0019828799342541427
12,104,0.0018271930748185953
12,105,0.0016776614757146055
12,106,0.0015344408586161723
12,107,0.001397691865155514
12,108,0.0012675719694850598
12,109,0.0011442267476069142
12,110,0.001027780299029825
12,111,0.0009190713788723086
12,112,0.0008235068731629221
12,113,0.0007339391920245649
12,114,0.0006504260261890575
12,115,0.0005729890048851676
12,116,0.0005016102247657251
12,117,0.0004362296588721748
12,118,0.00037674357986991903
12,119,0.00032300411980712857
12,120,0.0002748200635370103
12,121,0.00023195893319591574
12,122,0.00019415036735043615
12,123,0.0001610907334992264
12,124,0.00013244884153526648
12,125,0.00010787255514237807
12,126,8.69960353270584e-05
12,127,6.944730261166267e-05
12,128,5.4855777877465535e-05
12,129,4.285946037639886e-05
12,130,3.311142620710187e-05
12,131,2.5285379743667934e-05
12,132,1.9080059454154057e-05
12,133,1.4222381359536202e-05
12,134,1.0469289863327374e-05
12,135,7.608368417253745e-06
12,136,5.457333947856584e-06
12,137,3.862593403265709e-06
12,138,2.6970747546050315e-06
228,1,0.00036805864884817326
228,2,0.0004974774486232413
228,3,0.0006592745092218535
228,4,0.0008574619975499735
228,5,0.0010955876998657939
228,6,0.0013765502342096701
228,7,0.0017024501563705692
228,8,0.0020744862675010625
228,9,0.002492900771734691
228,10,0.0029569714923995045
228,11,0.00346504500595993
228,12,0.004014601789000148
228,13,0.004602343400674997
228,14,0.005224292131328651
228,15,0.005875895032157681
228,16,0.006552126325461451
228,17,0.007247584436405472
228,18,0.007956581937342973
228,19,0.008673228328689407
228,20,0.009391506689199363
228,21,0.010105345804481256
228,22,0.010808689487040926
228,23,0.011495564537706261
228,24,0.01216014828923997
228,25,0.012796836041127468
228,26,0.013400308050500622
228,27,0.013965595177967917
228,28,0.014488141863745313
228,29,0.014963865934336002
228,30,0.015389226847683969
228,31,0.01576128931267651
228,32,0.016077763132577458
228,33,0.016337030879779838
228,34,0.01653816480013592
228,35,0.01668093299180294
228,36,0.01676579593848774
228,37,0.016793895246145094
228,38,0.016767037071924645
228,39,0.016687673247465142
228,40,0.016558883462184565
228,41,0.016384362051615132
228,42,0.016168412879795074
228,43,0.015915955430519484
228,44,0.0156325443920337
228,45,0.015324403502167523
228,46,0.014998471824222754
228,47,0.01466245626979336
228,48,0.014324876850087027
228,49,0.013995078487115224
228,50,0.01368316046831238
228,51,0.013399731193000704
228,52,0.013155306239852033
228,53,0.012958964964987881
228,54,0.012815373846634634
228,55,0.012717951619892136
228,56,0.01263627454747491
228,57,0.012547086587742342
228,58,0.012446728009527383
228,59,0.012335611222114356
228,60,0.01221413776986927
228,61,0.012082699358821043
228,62,0.011941679115840447
228,63,0.011791453001555376
228,64,0.011632391304863293
228,65,0.011464860155488301
228,66,0.011289223000852987
228,67,0.011105842003966396
228,68,0.01091507932949779
228,69,0.010717298295212086
228,70,0.010512864375086143
228,71,0.010302146048398882
228,72,0.010085515495697651
228,73,0.009863349147689613
228,74,0.009636028096787007
228,75,0.009403938383319007
228,76,0.009167471169444294
228,77,0.00892702281373143
228,78,0.008682994858414846
228,79,0.008435793939690536
228,80,0.008185831629287774
228,81,0.00793352421312983
228,82,0.007679292410347708
228,83,0.00742356103338431
228,84,0.007166757676655795
228,85,0.0069093055124064785
228,86,0.006651617378730032
228,87,0.006394105753220738
228,88,0.006137188858164521
228,89,0.005881292978560149
228,90,0.005626853233645501
228,91,0.005374313265358754
228,92,0.00512412392246576
228,93,0.004876740958294539
228,94,0.004632621795072154
228,95,0.0043922214746266
228,96,0.004155987987264192
228,97,0.00392435723291113
228,98,0.003697747911293848
228,99,0.0034765566550857357
228,100,0.0032611537092342422
228,101,0.0030518794221739017
228,102,0.0028490417544325413
228,103,0.0026529149339354786
228,104,0.002463739304106951
228,105,0.0022817223324338664
228,106,0.0021070406903858896
228,107,0.0019398433096929968
228,108,0.0017802554269945475
228,109,0.001628383997092574
228,110,0.0014843257167050543
228,111,0.0013481736132547153
228,112,0.0012199441924468256
228,113,0.001099559860968447
228,114,0.0009869037741082058
228,115,0.0008818433751954324
228,116,0.0007842311829245844
228,117,0.0006939048550014009
228,118,0.0006106865886525566
228,119,0.0005343819864038832
228,120,0.0004647785755291064
228,121,0.00040164421669446114
228,122,0.00034472566683576336
228,123,0.0002937475692177644
228,124,0.00024841212729332984
228,125,0.00020839967768523536
228,126,0.00017337031305829343
228,127,0.00014296662221305957
228,128,0.0001168175193823902
228,129,9.454303649837106e-05
228,130,7.575986132298851e-05
228,131,6.0087330901237295e-05
228,132,4.71535423870031e-05
228,133,3.660122766560382e-05
228,134,2.8093056304651073e-05
228,135,2.1316080943855877e-05
228,136,1.5985114067234225e-05
228,137,1.184491593040289e-05
228,138,8.671169351105273e-06
197,1,0.019564087519200874
197,2,0.02102718466161218
197,3,0.0223024121568802
197,4,0.023367196731997195
197,5,0.024208640145985047
197,6,0.02482306990368108
197,7,0.025215000669351745
197,8,0.025395709075416044
197,9,0.025381620626933263
197,10,0.025192681452503602
197,11,0.024850847778108698
197,12,0.024378781334690153
197,13,0.0237987967157712
197,14,0.02313207164040342
197,15,0.022398105291557557
197,16,0.021614393528476734
197,17,0.020796281627463886
197,18,0.019956953433701352
197,19,0.019107518400036404
197,20,0.0182571631312089
197,21,0.017413340296827447
197,22,0.016581974096448984
197,23,0.01576766721606637
197,24,0.014973899080749491
197,25,0.014203209082085402
197,26,0.013457361384450521
197,27,0.01273749001253392
197,28,0.012044224346819763
197,29,0.011773966167791595
197,30,0.011557099379010952
197,31,0.011349587961860835
197,32,0.011152128258421988
197,33,0.010965206549768064
197,34,0.010789127794863044
197,35,0.010624038198297409
197,36,0.010469941522885407
197,37,0.010326709109640625
197,38,0.010194083549310909
197,39,0.01007167588519077
197,40,0.009958956123249088
197,41,0.0098552366802848
197,42,0.009759648200766483
197,43,0.009671106889999613
197,44,0.00958827209351172
197,45,0.009509492209943259
197,46,0.009432736002920791
197,47,0.009355504711325794
197,48,0.009274717586978938
197,49,0.009186558806672206
197,50,0.009086265702001328
197,51,0.008967824626195553
197,52,0.008823519021180021
197,53,0.00864325123106247
197,54,0.008413637068131646
197,55,0.00811817382074759
197,56,0.007799050582446211
197,57,0.007552197793904631
197,58,0.007306113091513789
197,59,0.0070611462435229855
197,60,0.006817611216961331
197,61,0.006575790585298448
197,62,0.0063359398058625985
197,63,0.006098291334745609
197,64,0.0058630585445310895
197,65,0.005630439410131355
197,66,0.005400619929397659
197,67,0.005173777247472232
197,68,0.004950082456795887
197,69,0.00472970304811158
197,70,0.004512804991619649
197,71,0.00429955443160021
197,72,0.004090118982299964
197,73,0.0038846686176800516
197,74,0.003683376152733677
197,75,0.0034864173195004356
197,76,0.0032939704466069344
197,77,0.003106215757112021
197,78,0.002923334305568691
197,79,0.002745506581449859
197,80,0.00257291081231115
197,81,0.002405721006149774
197,82,0.0022441047782073794
197,83,0.002088221012781615
197,84,0.001980692419067531
197,85,0.0018922093051721932
197,86,0.0018039039163073088
197,87,0.0017160324668683998
197,88,0.0016288448898322595
197,89,0.0015425843498124798
197,90,0.0014574865878238426
197,91,0.0013737791503839276
197,92,0.0012916805235497428
197,93,0.001211399181482646
197,94,0.0011331325575525515
197,95,0.001057065949090813
197,96,0.0009833713725261285
197,97,0.0009122063925297167
197,98,0.0008437129560247906
197,99,0.0007780162687115988
197,100,0.0007152237575022507
197,101,0.0006554241665251118
197,102,0.0005986868370076245
197,103,0.0005450612226407596
197,104,0.0004945766927825702
197,105,0.0004472426775771277
197,106,0.00040304921363351593
197,107,0.0003619679550556304
197,108,0.0003239536930889178
197,109,0.0002889461366534028
197,110,0.00025686884565821104
197,111,0.00022799398760639717
197,112,0.00020495574739855113
197,113,0.0001834997411455258
197,114,0.00016360493361885475
197,115,0.00014523975923145686
197,116,0.00012836321159544366
197,117,0.00011292600316498013
197,118,9.887175938901145e-05
197,119,8.613821552177033e-05
197,120,7.46583884997134e-05
197,121,6.436170107395532e-05
197,122,5.5175040588388674e-05
197,123,4.702374017824281e-05
197,124,3.9832475407369796e-05
197,125,3.352607410609021e-05
197,126,2.8030241073981593e-05
197,127,2.3272202100697316e-05
197,128,1.918127327255789e-05
197,129,1.56893617580511e-05
197,130,1.2731403344617126e-05
197,131,1.0245740223387066e-05
197,132,8.174440292196748e-06
197,133,6.4635570314757216e-06
197,134,5.063327251778626e-06
197,135,3.928303082864386e-06
197,136,3.0174146988164642e-06
197,137,2.293961502039769e-06
197,138,1.725531689537353e-06
9,1,0.0015424282920105576
9,2,0.001880602480293599
9,3,0.0022643088477737223
9,4,0.002693012838178841
9,5,0.0031647246498165953
9,6,0.0036759477519311633
9,7,0.004221704565118547
9,8,0.004795638478755654
9,9,0.005390185276719259
9,10,0.005996802018018371
9,11,0.00660623798180229
9,12,0.007208830659610687
9,13,0.007794809892658671
9,14,0.00835459480373088
9,15,0.008879070711923077
9,16,0.009359836249557175
9,17,0.009789413974792735
9,18,0.01016142054980678
9,19,0.010470694830334491
9,20,0.010713383922055723
9,21,0.010886988448021922
9,22,0.010990369056015139
9,23,0.011023716721736432
9,24,0.010988489811794622
9,25,0.010887321264633607
9,26,0.010723899685615766
9,27,0.010502828643494702
9,28,0.010229468967278213
9,29,0.010650663877239987
9,30,0.0111289647277555
9,31,0.011580177695234617
9,32,0.012001810893988576
9,33,0.012391880198025711
9,34,0.012748916232836787
9,35,0.013071952362497839
9,36,0.01336049381543073
9,37,0.013614469160737106
9,38,0.013834166476624981
9,39,0.014020157657335035
9,40,0.014173215285086494
9,41,0.014294227241369901
9,42,0.014384114643190159
9,43,0.014443758677376557
9,44,0.014473941414744531
9,45,0.014475304707035404
9,46,0.014448329851264447
9,47,0.014393338956412642
9,48,0.014310517027661637
9,49,0.014199951890341025
9,50,0.01406168741276674
9,51,0.013895784226302822
9,52,0.013702381379099746
9,53,0.013481752076973653
9,54,0.013234346789812636
9,55,0.01296081918562447
9,56,0.012775427394639632
9,57,0.01282703574729576
9,58,0.012849437865627346
9,59,0.0128426579565192
9,60,0.012806882168227049
9,61,0.012742455592366251
9,62,0.012649878396343862
9,63,0.01252980111582866
9,64,0.012383019129706048
9,65,0.012210466334453248
9,66,0.012013208031412734
9,67,0.011792433039369311
9,68,0.011549445046344491
9,69,0.011285653218656532
9,70,0.011002562091950309
9,71,0.010701760777831606
9,72,0.010384911530578645
9,73,0.010053737730687146
9,74,0.009710011355208133
9,75,0.009355540018396509
9,76,0.008992153679540765
9,77,0.00862169112745026
9,78,0.008245986362447876
9,79,0.00786685500643422
9,80,0.007486080879315793
9,81,0.007105402885572525
9,82,0.006726502357809743
9,83,0.006350991004711286
9,84,0.00618976252273775
9,85,0.006107091810759843
9,86,0.00601073074391744
9,87,0.005901237824801109
9,88,0.00577925400493128
9,89,0.00564549833009077
9,90,0.005500762633276008
9,91,0.005345905294867582
9,92,0.005181844096796089
9,93,0.005009548210626051
9,94,0.004830029381952543
9,95,0.004644332402911484
9,96,0.004453524997864577
9,97,0.004258687281014465
9,98,0.004060900975228387
9,99,0.0038612386052023933
9,100,0.003660752892282235
9,101,0.003460466580652318
9,102,0.003261362914252799
9,103,0.0030643769610205784
9,104,0.0028703879474164334
9,105,0.002680212724167419
9,106,0.0024946004366245157
9,107,0.0023142284227027857
9,108,0.0021396993091153346
9,109,0.0019715392202303045
9,110,0.001810196953763917
9,111,0.0016601710951266544
9,112,0.0015513796295317018
9,113,0.0014443439322720537
9,114,0.0013395543393144975
9,115,0.001237465176690789
9,116,0.0011384923817044238
9,117,0.0010430115166361032
9,118,0.0009513561027351083
9,119,0.0008638162146343341
9,120,0.0007806372964864903
9,121,0.0007020191888888869
9,122,0.0006281153867957373
9,123,0.0005590325792137915
9,124,0.0004948305474620229
9,125,0.0004355225163794284
9,126,0.0003810760591019379
9,127,0.0003314146490997032
9,128,0.00028641993273025143
9,129,0.00024593476284920585
9,130,0.00020976699174001158
9,131,0.00017769397369949786
9,132,0.0001494676787479629
9,133,0.00012482027405921677
9,134,0.00010346999342640283
9,135,8.512709111130864e-05
9,136,6.949966717736664e-05
9,137,5.629915771906376e-05
9,138,4.524530448563051e-05
2449,1,0.004333382392003539
2449,2,0.004797655933037376
2449,3,0.005277754190124632
2449,4,0.00577123514427466
2449,5,0.0062756863727025415
2449,6,0.006788746676270487
2449,7,0.00730811263873001
2449,8,0.007831532886076202
2449,9,0.008356793371780111
2449,10,0.008881697127221566
2449,11,0.009404041694858555
2449,12,0.009921597021746439
2449,13,0.01043208603871156
2449,14,0.01093316956940784
2449,15,0.011422436662199326
2449,16,0.011897400951935923
2449,17,0.012355503255486006
2449,18,0.012794120288388014
2449,19,0.013210579155522586
2449,20,0.013602177106466828
2449,21,0.013966205943704344
2449,22,0.014299980415725274
2449,23,0.014600869904064395
2449,24,0.014866332711287929
2449,25,0.015093952265214655
2449,26,0.015281474564549674
2449,27,0.015426846196153109
2449,28,0.015528252250237287
2449,29,0.01555555220566506
2449,30,0.015561647724168817
2449,31,0.015553888773056877
2449,32,0.015533505595768353
2449,33,0.015501032151592665
2449,34,0.015456724435521454
2449,35,0.0154007530991878
2449,36,0.015333293042676598
2449,37,0.015254560961295446
2449,38,0.015164825054808047
2449,39,0.015064399754671493
2449,40,0.014953632865931708
2449,41,0.014832889593742868
2449,42,0.014702536209478777
2449,43,0.014562925036606857
2449,44,0.014414381731586535
2449,45,0.014257195360752468
2449,46,0.014091611452462299
2449,47,0.013917827987536937
2449,48,0.013735994149635692
2449,49,0.01354621156974675
2449,50,0.013348537750453375
2449,51,0.013142991334975589
2449,52,0.01292955888482917
2449,53,0.012708202841944771
2449,54,0.012478870371617698
2449,55,0.012241502809138665
2449,56,0.01200402282752114
2449,57,0.011779499061929348
2449,58,0.011550772752719506
2449,59,0.011317989103735132
2449,60,0.011081268190575339
2449,61,0.010840711656767988
2449,62,0.010596409068896816
2449,63,0.01034844389763528
2449,64,0.010096899108043378
2449,65,0.009841862354608393
2449,66,0.009583430784693713
2449,67,0.009321715458714597
2449,68,0.009056845396939787
2449,69,0.008788971261791588
2449,70,0.008518268681340055
2449,71,0.008244941214807542
2449,72,0.007969222954744143
2449,73,0.007691380753521914
2449,74,0.007411716054341796
2449,75,0.007130566299476074
2449,76,0.00684830588142324
2449,77,0.0065653465964944395
2449,78,0.006282137555565871
2449,79,0.005999164503815823
2449,80,0.005716948500710219
2449,81,0.005436043913769783
2449,82,0.005157035685152038
2449,83,0.004880535839134573
2449,84,0.004654393489014668
2449,85,0.004450123020687499
2449,86,0.00424845462455547
2449,87,0.004050327973499772
2449,88,0.003856262159975717
2449,89,0.003666475082529673
2449,90,0.003480994731963989
2449,91,0.003299748942767551
2449,92,0.003122631689953733
2449,93,0.0029495479406885104
2449,94,0.0027804405601488088
2449,95,0.00261530318057843
2449,96,0.002454182805430722
2449,97,0.0022971754999730086
2449,98,0.002144417964619472
2449,99,0.0019960771885162995
2449,100,0.0018523397962871956
2449,101,0.0017134021672966448
2449,102,0.0015794619471219185
2449,103,0.0014507111976378075
2449,104,0.0013273311496963544
2449,105,0.0012094883289573792
2449,106,0.0010973317141791963
2449,107,0.0009909905477887464
2449,108,0.0008905724380407295
2449,109,0.0007961614565351169
2449,110,0.0007078160299568434
2449,111,0.0006263043848297486
2449,112,0.0005567296728123025
2449,113,0.0004918351783397272
2449,114,0.00043166030475240105
2449,115,0.0003762144135654689
2449,116,0.000325473984499043
2449,117,0.00027938012411125916
2449,118,0.00023783674505347365
2449,119,0.00020070972285077908
2449,120,0.00016782728686688298
2449,121,0.0001389818197798758
2449,122,0.0001139331324338372
2449,123,9.241315876319797e-05
2449,124,7.413189148288034e-05
2449,125,5.878426721951577e-05
2449,126,4.6057622707457704e-05
2449,127,3.563929190388724e-05
2449,128,2.7223903502711523e-05
2449,129,2.0519970288761627e-05
2449,130,1.5255431650733796e-05
2449,131,1.1181909230565626e-05
2449,132,8.077550684379174e-06
2449,133,5.748454015684079e-06
2449,134,4.0287717246639855e-06
2449,135,2.7796794191722927e-06
2449,136,1.8874507055930234e-06
2449,137,1.260906692683682e-06
2449,138,8.285061087509177e-07
238,1,0.0010753267649368805
238,2,0.0013612150785097534
238,3,0.0016956563403472214
238,4,0.0020800332575344116
238,5,0.002514358825481468
238,6,0.002997200696995002
238,7,0.0035256924980917826
238,8,0.004095629465081336
238,9,0.004701637833230517
238,10,0.005337401281404353
238,11,0.0059959240065563585
238,12,0.006669808818250556
238,13,0.0073515297784736006
238,14,0.008033681867016994
238,15,0.008709194290937248
238,16,0.009371498727913838
238,17,0.01001464842877144
238,18,0.010633388271709518
238,19,0.011223179282432156
238,20,0.011780183677454752
238,21,0.012301218136572143
238,22,0.012783683832297594
238,23,0.01322548185740658
238,24,0.013624922239212852
238,25,0.01398063385848017
238,26,0.014291481441808222
238,27,0.014556494493520245
238,28,0.014774811681727382
238,29,0.014943838216981331
238,30,0.015096296955771804
238,31,0.015236036108567547
238,32,0.015364729935179289
238,33,0.015483617348785617
238,34,0.015593480811662671
238,35,0.015694639291631847
238,36,0.015786955126508784
238,37,0.01586985489265785
238,38,0.015942364344970195
238,39,0.016003157287383312
238,40,0.01605061785338214
238,41,0.016082915130324425
238,42,0.016098088373925724
238,43,0.016094140280418938
238,44,0.016069134993351962
238,45,0.016021296825149033
238,46,0.015949105192752142
238,47,0.015851381126877763
238,48,0.01572736102623831
238,49,0.015576754171230656
238,50,0.01539978192292512
238,51,0.01519719849578779
238,52,0.014970295586747945
238,53,0.014720895419405156
238,54,0.014451335793524976
238,55,0.014164424049242359
238,56,0.013883451394720008
238,57,0.013640174737392418
238,58,0.013389111173740394
238,59,0.013130520000160458
238,60,0.012864630572870376
238,61,0.012591650875838908
238,62,0.012311776048014308
238,63,0.01202519676843085
238,64,0.01173210740456019
238,65,0.011432713834442866
238,66,0.011127240857028903
238,67,0.010815939108099118
238,68,0.010499091401457683
238,69,0.010177018417114055
238,70,0.009850083660245354
238,71,0.009518697617177259
238,72,0.009183321037761491
238,73,0.008844467277666234
238,74,0.008502703639518936
238,75,0.008158651658826517
238,76,0.007812986289404012
238,77,0.007466433953913098
238,78,0.007119769438261829
238,79,0.006773811624220218
238,80,0.00642941807277098
238,81,0.006087478491456606
238,82,0.005748907142184838
238,83,0.005414634271337945
238,84,0.0051619874825128914
238,85,0.004942400578059529
238,86,0.004722670161317316
238,87,0.004503324188412073
238,88,0.004284897281519937
238,89,0.004067931365625347
238,90,0.0038529743219521853
238,91,0.003640577469611909
238,92,0.0034312920545747604
238,93,0.003225664837228775
238,94,0.0030242328996967147
238,95,0.00282751784940697
238,96,0.002636019647310932
238,97,0.002450210325348329
238,98,0.0022705278724923397
238,99,0.002097370560150411
238,100,0.0019310919472166406
238,101,0.0017719967566042726
238,102,0.0016203377544202768
238,103,0.0014763136968614066
238,104,0.0013400683452785074
238,105,0.0012116904927920245
238,106,0.0010912149010889596
238,107,0.000978624016724387
238,108,0.0008738503246924721
238,109,0.000776779209923345
238,110,0.000687252282717354
238,111,0.000606016523767778
238,112,0.0005393223226610649
238,113,0.00047765825388661805
238,114,0.0004209236245033099
238,115,0.00036898908618694453
238,116,0.00032169923807875636
238,117,0.00027887532222996845
238,118,0.0002403180041425048
238,119,0.00020581024008118752
238,120,0.00017512023557898193
238,121,0.00014800449599770892
238,122,0.00012421096098058618
238,123,0.00010348220160703144
238,124,8.555864396444802e-05
238,125,7.018176784047132e-05
238,126,5.7097216423290705e-05
238,127,4.605774409150158e-05
238,128,3.6825925892657134e-05
238,129,2.9176554834489242e-05
238,130,2.2898661649498455e-05
238,131,1.7797105603115844e-05
238,132,1.369370301841672e-05
238,133,1.0427880920815433e-05
238,134,7.856864795484571e-06
238,135,5.855430116203033e-06
238,136,4.315265428659774e-06
238,137,3.1440090482048262e-06
238,138,2.2640309752940933e-06
2567,1,0.001037675295889353
2567,2,0.0012987151013405176
2567,3,0.00160137464963256
2567,4,0.0019464249085892206
2567,5,0.0023334265780626815
2567,6,0.002760665363620291
2567,7,0.003225160003727646
2567,8,0.0037227423946723684
2567,9,0.004248202507201721
2567,10,0.004795485282117961
2567,11,0.0053579229218651625
2567,12,0.005928484255447791
2567,13,0.006500023129630318
2567,14,0.007065509791065633
2567,15,0.007618232510462253
2567,16,0.00815196071436401
2567,17,0.008661065091903375
2567,18,0.009140594070304322
2567,19,0.009586309364036111
2567,20,0.00999468579806921
2567,21,0.010362882218079858
2567,22,0.010688691071198303
2567,23,0.010970474288134994
2567,24,0.01120709258190165
2567,25,0.011397834372634615
2567,26,0.011542349413777757
2567,27,0.0116405909675869
2567,28,0.011692769160711025
2567,29,0.012017432465897758
2567,30,0.012359155839182935
2567,31,0.012684097619176724
2567,32,0.012992274974748717
2567,33,0.013283589965291292
2567,34,0.013557805025387257
2567,35,0.013814530743446275
2567,36,0.014053223364239174
2567,37,0.014273191490580496
2567,38,0.014473611662889106
2567,39,0.014653552286345703
2567,40,0.014812005025745957
2567,41,0.014947922382647043
2567,42,0.01506025976125678
2567,43,0.015148019970067346
2567,44,0.015210297847863184
2567,45,0.015246322594412805
2567,46,0.015255495466874859
2567,47,0.015237420795131382
2567,48,0.01519192877394716
2567,49,0.01511908918501292
2567,50,0.015019216044651132
2567,51,0.01489286410353038
2567,52,0.014740819058847401
2567,53,0.014564084072485349
2567,54,0.01436386473327096
2567,55,0.014141545991516808
2567,56,0.01395341664705685
2567,57,0.013873854685947085
2567,58,0.013775425632490233
2567,59,0.013658441867289728
2567,60,0.013523241916035936
2567,61,0.013370192779622508
2567,62,0.013199692404630122
2567,63,0.013012172239499726
2567,64,0.012808099820455162
2567,65,0.012587981331037721
2567,66,0.012352364079039993
2567,67,0.012101838834185846
2567,68,0.011837041968895328
2567,69,0.01155865734288049
2567,70,0.011267417870261741
2567,71,0.010964106705608871
2567,72,0.010649557983113598
2567,73,0.010324657041381108
2567,74,0.009990340065522128
2567,75,0.00964759307879527
2567,76,0.009297450218453955
2567,77,0.008940991235128018
2567,78,0.008579338162397776
2567,79,0.008213651113493982
2567,80,0.007845123175459686
2567,81,0.007474974387674922
2567,82,0.007104444811216524
2567,83,0.006734786717717345
2567,84,0.006499266686607024
2567,85,0.00631332577453444
2567,86,0.006118972823719926
2567,87,0.005916675164111402
2567,88,0.005707084452259023
2567,89,0.00549101607709644
2567,90,0.0052694181565094604
2567,91,0.005043339008889747
2567,92,0.004813895165835005
2567,93,0.00458224092249544
2567,94,0.004349540239219397
2567,95,0.004116941707480035
2567,96,0.003885557137850329
2567,97,0.0036564441178020025
2567,98,0.003430592650509318
2567,99,0.003208915752869163
2567,100,0.0029922436864156924
2567,101,0.0027813213359084987
2567,102,0.0025768081464316132
2567,103,0.0023792799830302763
2567,104,0.002189232283527863
2567,105,0.0020070839271822045
2567,106,0.0018331813285389173
2567,107,0.0016678023753786569
2567,108,0.001511159950748233
2567,109,0.0013634049042408228
2567,110,0.0012246284806230199
2567,111,0.0010968253253786863
2567,112,0.000993660112855527
2567,113,0.0008959694254399378
2567,114,0.000803910730533076
2567,115,0.0007175974288053163
2567,116,0.000637098071467679
2567,117,0.0005624358340661956
2567,118,0.0004935883689180363
2567,119,0.00043048817186638097
2567,120,0.0003730235882604804
2567,121,0.0003210405564463268
2567,122,0.0002743451500215009
2567,123,0.00023270693671464336
2567,124,0.00019586312546582607
2567,125,0.00016352342727524605
2567,126,0.00013537551257150894
2567,127,0.00011109091086082178
2567,128,9.033116953419301e-05
2567,129,7.275406977056151e-05
2567,130,5.801968978525112e-05
2567,131,4.57961099133951e-05
2567,132,3.576457015362787e-05
2567,133,2.7623918022140087e-05
2567,134,2.1094221282308654e-05
2567,135,1.5919463968698037e-05
2567,136,1.1869292126842601e-05
2567,137,8.739824411108159e-06
2567,138,6.353588504536105e-06
52,1,0.00015630584192834508
52,2,0.00020356469410388235
52,3,0.0002614095861568648
52,4,0.00033116721128070896
52,5,0.0004140999089066357
52,6,0.0005113606119891875
52,7,0.0006239523992349027
52,8,0.0007526956453461078
52,9,0.0008982051319069953
52,10,0.001060878615299202
52,11,0.0012408973513404707
52,12,0.0014382380719072216
52,13,0.001652695008367271
52,14,0.001883909846699557
52,15,0.002131407032779026
52,16,0.0023946316410478857
52,17,0.0026729870612216496
52,18,0.0029658700066601865
52,19,0.003272700750176505
52,20,0.003592946988278539
52,21,0.00392614026565823
52,22,0.004271884409359604
52,23,0.004629855889911717
52,24,0.0049997964216349534
52,25,0.00538149842575167
52,26,0.005774784207753439
52,27,0.006179479852208991
52,28,0.006595384925923986
52,29,0.006755020514513505
52,30,0.0068839097455130616
52,31,0.007013127887297898
52,32,0.007144455651133314
52,33,0.007279459820987363
52,34,0.007419543884588091
52,35,0.007565975175631192
52,36,0.007719902617979925
52,37,0.007882370045187184
52,38,0.008054326448658344
52,39,0.00823663286357839
52,40,0.008430064612983184
52,41,0.008635306793287672
52,42,0.008852939971617565
52,43,0.009083411955055892
52,44,0.00932699012636334
52,45,0.009583687245495364
52,46,0.009853151985395634
52,47,0.010134514359938916
52,48,0.01042617693917344
52,49,0.01072554830288231
52,50,0.011028732072608502
52,51,0.011330227456248884
52,52,0.011622797978896244
52,53,0.011897899224745646
52,54,0.01214759620373459
52,55,0.012369997989272385
52,56,0.012531175561363525
52,57,0.012580167003134317
52,58,0.01262958848664382
52,59,0.0126794737144587
52,60,0.012729806247835145
52,61,0.012780517862733955
52,62,0.012831486865536899
52,63,0.012882536387724434
52,64,0.012933432683255211
52,65,0.012983883458384783
52,66,0.013033536271105586
52,67,0.013081977046158287
52,68,0.013128728761493338
52,69,0.013173250372936986
52,70,0.013214936055381703
52,71,0.013253114850765236
52,72,0.013287050825059913
52,73,0.01331594384803756
52,74,0.013338931120212645
52,75,0.013355089580531476
52,76,0.013363439335433493
52,77,0.013362948254146186
52,78,0.013352537875705726
52,79,0.013331090769368175
52,80,0.013297459480891772
52,81,0.013250477181696781
52,82,0.013188970115223232
52,83,0.01311177190405473
52,84,0.012945480762687344
52,85,0.012739913143469651
52,86,0.012525574579434408
52,87,0.01230198551733158
52,88,0.012069536822429784
52,89,0.011828989583102942
52,90,0.011581226142482436
52,91,0.011327114410564321
52,92,0.011067431230302587
52,93,0.01080282113247606
52,94,0.010533778760648663
52,95,0.010260648306870289
52,96,0.009983635591370209
52,97,0.009702829535506717
52,98,0.00941823037698091
52,99,0.009129782342862448
52,100,0.008837408744641182
52,101,0.00854104762338195
52,102,0.008240686137974672
52,103,0.007936391803799363
52,104,0.007628338353813474
52,105,0.007316823225493696
52,106,0.007002272115759856
52,107,0.0066852229441171935
52,108,0.006366275317193581
52,109,0.006045979084727031
52,110,0.005724617364120589
52,111,0.005402763363089779
52,112,0.005087886375736369
52,113,0.004774441606119961
52,114,0.004463412540347236
52,115,0.004155875410275889
52,116,0.003852981833101202
52,117,0.0035559383526325493
52,118,0.0032659832790511386
52,119,0.0029843613341265104
52,120,0.002712296716366977
52,121,0.002450965299689349
52,122,0.0022014667641321833
52,123,0.0019647975223121596
52,124,0.001741825345529693
52,125,0.0015332666039069827
52,126,0.001339667011341139
52,127,0.001161386704391573
52,128,0.0009985903809486114
52,129,0.0008512430769113836
52,130,0.0007191119659640216
52,131,0.0006017743304520255
52,132,0.0004986315760853469
52,133,0.0004089288610649424
52,134,0.0003317795990163466
52,135,0.00026619379886257203
52,136,0.00021110895229027376
52,137,0.00016542200155898894
52,138,0.00012802084627676086
167,1,0.010148593731848425
167,2,0.011315178799049285
167,3,0.01249041402193021
167,4,0.013656348929974325
167,5,0.014794953150066563
167,6,0.015888699704945546
167,7,0.01692110362653484
167,8,0.017877191845631753
167,9,0.018743886652061784
167,10,0.019510291778157517
167,11,0.020167876782329505
167,12,0.020710561442929785
167,13,0.02113470697190104
167,14,0.02143902480781869
167,15,0.02162441646194979
167,16,0.021693759395165907
167,17,0.02165165431334265
167,18,0.02150414876036515
167,19,0.021258450669681496
167,20,0.020922643823668246
167,21,0.02050541516881804
167,22,0.020015801821720258
167,23,0.01946296351958645
167,24,0.018855984326101534
167,25,0.018203705668942975
167,26,0.01751459129747579
167,27,0.01679662351957872
167,28,0.016057229097488586
167,29,0.015890424753351094
167,30,0.015763779540554503
167,31,0.015614779992896554
167,32,0.015446341110841458
167,33,0.015260841434671657
167,34,0.01506017878603793
167,35,0.014845812433264449
167,36,0.01461880543335738
167,37,0.014379871882837214
167,38,0.01412943023703352
167,39,0.013867662284075204
167,40,0.01359457652103395
167,41,0.013310074135567514
167,42,0.013014015401983483
167,43,0.012706284027801785
167,44,0.012386846856083315
167,45,0.01205580637669376
167,46,0.011713443760310792
167,47,0.011360250621879996
167,48,0.01099694844494676
167,49,0.01062449553727245
167,50,0.010244082521863825
167,51,0.009857118710341905
167,52,0.009465213379212564
167,53,0.009070158335112266
167,54,0.008673921805904188
167,55,0.00827866524376414
167,56,0.007925371792110903
167,57,0.007661629574499095
167,58,0.007395171653377784
167,59,0.007126880560654716
167,60,0.006857590473070669
167,61,0.006588087129157878
167,62,0.006319108487109649
167,63,0.006051345996357584
167,64,0.005785446342545843
167,65,0.0055220135260829585
167,66,0.0052616111419606405
167,67,0.005004764740243784
167,68,0.004751964160871202
167,69,0.004503665752000585
167,70,0.004260294397250131
167,71,0.0040222452932523346
167,72,0.003789885434548554
167,73,0.003563554777772771
167,74,0.0033435670711543116
167,75,0.0031302103485375287
167,76,0.0029237470993303187
167,77,0.0027244141370216944
167,78,0.002532422199110437
167,79,0.002347955320399386
167,80,0.002171170029541981
167,81,0.0020021944253651993
167,82,0.0018411271947169306
167,83,0.0016880366373281522
167,84,0.0015789145126877168
167,85,0.0014877501404581607
167,86,0.0013986810801671166
167,87,0.0013121449306700542
167,88,0.0012284646376127045
167,89,0.0011478654795052657
167,90,0.0010704889280885616
167,91,0.000996405865974441
167,92,0.0009256298199910442
167,93,0.0008581300425733965
167,94,0.0007938439958053769
167,95,0.0007326887603818865
167,96,0.0006745709692742213
167,97,0.000619394987579298
167,98,0.0005670691916560097
167,99,0.000517510324121085
167,100,0.0004706460076369648
167,101,0.00042641558597927994
167,102,0.0003847695248607734
167,103,0.00034566764818833154
167,104,0.0003090765093598656
167,105,0.0002749662037254577
167,106,0.00024330691945232435
167,107,0.00021406550182730282
167,108,0.00018720227262863546
167,109,0.00016266830403617694
167,110,0.00014040330261531938
167,111,0.00012056618215022081
167,112,0.00010458730007879922
167,113,9.006359809474435e-05
167,114,7.696724966645778e-05
167,115,6.525580943477281e-05
167,116,5.4873157162381716e-05
167,117,4.575095126574139e-05
167,118,3.781050371937448e-05
167,119,3.096496774360481e-05
167,120,2.5121717579271813e-05
167,121,2.0184796094442276e-05
167,122,1.6057310641026715e-05
167,123,1.2643669602830549e-05
167,124,9.851570085334631e-06
167,125,7.593669458837023e-06
167,126,5.788898032080729e-06
167,127,4.363395010059419e-06
167,128,3.2510732138284366e-06
167,129,2.393838235866413e-06
167,130,1.7415036069947734e-06
167,131,1.2514544816418716e-06
167,132,8.881181347099186e-07
167,133,6.223005023206214e-07
167,134,4.3044477250097015e-07
167,135,2.9386159024337793e-07
167,136,1.9797186824708977e-07
167,137,1.3159357736041893e-07
167,138,8.629420796749175e-08
264,1,0.00017289541078286302
264,2,0.00022246144194323247
264,3,0.0002826023170850717
264,4,0.00035459812796090947
264,5,0.0004396837344123782
264,6,0.0005390155940836121
264,7,0.0006536421933632933
264,8,0.0007844795302394975
264,9,0.0009322924914756659
264,10,0.001097682329271019
264,11,0.0012810798627407418
264,12,0.0014827435711093928
264,13,0.0017027614423954925
264,14,0.0019410552976477534
264,15,0.0021973863069010865
264,16,0.0024713605153492933
264,17,0.0027624333692985374
264,18,0.0030699124382897003
264,19,0.003392957749120628
264,20,0.003730579367609842
264,21,0.004081632083236812
264,22,0.004444807275401264
264,23,0.004818622275333689
264,24,0.005201407789811941
264,25,0.0055912942211187025
264,26,0.005986197993405382
264,27,0.006383809261525703
264,28,0.006781582609732107
264,29,0.007084109049608517
264,30,0.007374446003327606
264,31,0.007662922150401687
264,32,0.007949478580714993
264,33,0.00823404059950131
264,34,0.008516504245752506
264,35,0.008796725872082266
264,36,0.009074515005430822
264,37,0.009349630590242889
264,38,0.009621780522155171
264,39,0.009890624167485785
264,40,0.010155777365028316
264,41,0.010416819245165677
264,42,0.010673300093959108
264,43,0.010924749447149143
264,44,0.01117068362482875
264,45,0.011410612009204554
264,46,0.011644041516550114
264,47,0.01187047890636729
264,48,0.012089430788552544
264,49,0.0123004014136263
264,50,0.012502888541165996
264,51,0.012696377853413973
264,52,0.012880336474648594
264,53,0.013054206063407785
264,54,0.013217395241767477
264,55,0.01336926766433245
264,56,0.013502006644325321
264,57,0.013608954735643747
264,58,0.013708275975834629
264,59,0.013799711858902858
264,60,0.013882941948867352
264,61,0.013957585190349047
264,62,0.014023201970330482
264,63,0.014079296930067101
264,64,0.014125322527653068
264,65,0.014160683354442786
264,66,0.014184741210952881
264,67,0.014196820949309597
264,68,0.014196217089378236
264,69,0.014182201214176012
264,70,0.014154030146843894
264,71,0.014110954906178487
264,72,0.014052230430325762
264,73,0.013977126048532483
264,74,0.01388493666863719
264,75,0.01377499463305983
264,76,0.013646682178233642
264,77,0.01349944441157646
264,78,0.01333280269616343
264,79,0.013146368306301733
264,80,0.012939856187451962
264,81,0.012713098621837378
264,82,0.012466058567343364
264,83,0.012198842402947708
264,84,0.01199106678971138
264,85,0.01180285782594795
264,86,0.011601211533854234
264,87,0.011386194413132465
264,88,0.011157893838739306
264,89,0.010916440975344357
264,90,0.010662029776685846
264,91,0.010394933705073377
264,92,0.010115520332198993
264,93,0.009824263434348054
264,94,0.009521752025522313
264,95,0.009208695792543032
264,96,0.008885926530076601
264,97,0.008554395378271499
264,98,0.008215165909103634
264,99,0.00786940336050717
264,100,0.007518360552889551
264,101,0.007163361216892223
264,102,0.006805781595495216
264,103,0.006447031245654684
264,104,0.006088533950116635
264,105,0.005731709562170127
264,106,0.005377957455326618
264,107,0.005028642052534669
264,108,0.004685080686326018
264,109,0.004348533817542622
264,110,0.00402019745599038
264,111,0.003704863520548494
264,112,0.0034307251594240095
264,113,0.0031639050473387946
264,114,0.0029052241399660397
264,115,0.0026554578751273846
264,116,0.0024153356711725787
264,117,0.0021855386064044005
264,118,0.001966694900005169
264,119,0.0017593730329400353
264,120,0.0015640726056874797
264,121,0.001381213306959387
264,122,0.0012111226385096191
264,123,0.0010540232782676644
264,124,0.0009100211402317084
264,125,0.00077909528081219
264,126,0.0006610907897986234
264,127,0.0005557156809725517
264,128,0.00046254256490561017
264,129,0.00038101555923567536
264,130,0.0003104624962671667
264,131,0.00025011206074844364
264,132,0.00019911507537697927
264,133,0.0001565687929202265
264,134,0.00012154279277177314
264,135,9.310494748766493e-05
264,136,7.034593792405424e-05
264,137,5.2400952869069814e-05
264,138,3.846749114447306e-05
154,1,0.0011175163201213997
154,2,0.001444234581400821
154,3,0.0018307457926774798
154,4,0.0022781860059067826
154,5,0.002785437949278262
154,6,0.003349032457827413
154,7,0.003963235150976939
154,8,0.004620308668334085
154,9,0.005310920813608156
154,10,0.006024653765900092
154,11,0.006750561599356604
154,12,0.0074777232253655035
154,13,0.008195744523456509
154,14,0.008895174827591385
154,15,0.009567816631873899
154,16,0.01020692104765842
154,17,0.010807273371728232
154,18,0.011365182005355088
154,19,0.01187838949510583
154,20,0.012345926822912946
154,21,0.012767931811894865
154,22,0.01314545037476696
154,23,0.01348023606959395
154,24,0.013774559704037211
154,25,0.014031037051496166
154,26,0.014252479450043373
154,27,0.014441769334675138
154,28,0.014601760670513485
154,29,0.014735361695803315
154,30,0.014845787180603361
154,31,0.01493624123015959
154,32,0.01500934359985231
154,33,0.015067193008126346
154,34,0.015111457438647
154,35,0.015143442542658299
154,36,0.015164148468846146
154,37,0.015174320826801604
154,38,0.015174497957497679
154,39,0.015165054868475707
154,40,0.015146243211448581
154,41,0.015118226058779119
154,42,0.015081105746297578
154,43,0.015034942582911158
154,44,0.014979761722938714
154,45,0.014915544915587482
154,46,0.014842203155339193
154,47,0.014759525436988257
154,48,0.014667097900876702
154,49,0.014564186855776455
154,50,0.014449579318239128
154,51,0.014321378597281916
154,52,0.01417676940993413
154,53,0.01401183014837613
154,54,0.01382171155996184
154,55,0.013602558754012804
154,56,0.013361470317899176
154,57,0.013111738335610645
154,58,0.012856720290524728
154,59,0.012597028246251496
154,60,0.012333233069827932
154,61,0.012065866274138113
154,62,0.011795422127817675
154,63,0.011522359974234923
154,64,0.01124710670806871
154,65,0.010970059361279354
154,66,0.010691587752967104
154,67,0.010412037160671161
154,68,0.010131730974311316
154,69,0.009850973298168345
154,70,0.009570051470861214
154,71,0.009289238478000955
154,72,0.009008795236863808
154,73,0.008728972736845909
154,74,0.0084500140234862
154,75,0.008172156017365947
154,76,0.007895631162149952
154,77,0.007620668898399395
154,78,0.007347496961572313
154,79,0.007076342503873892
154,80,0.006807433040388316
154,81,0.006540997220297378
154,82,0.006277265424059411
154,83,0.006016470187282346
154,84,0.005758801090790911
154,85,0.005504270587524055
154,86,0.005252939888583563
154,87,0.0050052426295566915
154,88,0.004761760854135557
154,89,0.004523083539378638
154,90,0.004289738277597184
154,91,0.004062162412343628
154,92,0.0038406959311812344
154,93,0.0036255865217184363
154,94,0.003417001166372337
154,95,0.003215040761699029
154,96,0.0030197554860072243
154,97,0.002831159435506831
154,98,0.0026492436012554425
154,99,0.002473986660645578
154,100,0.0023053633551302654
154,101,0.0021433504451445974
154,102,0.00198793038778315
154,103,0.0018390929809776182
154,104,0.0016968352633238545
154,105,0.001561159947563238
154,106,0.0014320725757249921
154,107,0.0013095773379803123
154,108,0.001193670834749097
154,109,0.0010843310033820147
154,110,0.0009814905387242048
154,111,0.0008849533865921691
154,112,0.0007944825227219042
154,113,0.0007099639433563611
154,114,0.000631336805109851
154,115,0.0005585188158721181
154,116,0.0004914048276018826
154,117,0.0004298658320672713
154,118,0.000373748390899155
154,119,0.000322874533985346
154,120,0.00027704216678603563
154,121,0.0002360260301743179
154,122,0.00019957925205584153
154,123,0.0001674355162872362
154,124,0.00013931185086995268
154,125,0.00011491200520025032
154,126,9.393034795224403e-05
154,127,7.605617682636726e-05
154,128,6.097829354891936e-05
154,129,4.838966697411908e-05
154,130,3.799198824155178e-05
154,131,2.949991786808535e-05
154,132,2.2644836941395784e-05
154,133,1.717794281738583e-05
154,134,1.2872571518040231e-05
154,135,9.525680294737597e-06
154,136,6.95847932306167e-06
154,137,5.016255547082064e-06
154,138,3.567478892405792e-06
58,1,0.000610819995797068
58,2,0.0007273478306288404
58,3,0.0008581403761294826
58,4,0.0010035027313109635
58,5,0.001163551460779348
58,6,0.0013382161396065983
58,7,0.0015272474535829882
58,8,0.0017302303375850885
58,9,0.0019466002771341242
58,10,0.0021756607571664925
58,11,0.0024165999182002296
58,12,0.0026685047493930697
58,13,0.0029303715678242383
58,14,0.0032011120499623232
58,15,0.0034795546373049997
58,16,0.00376444167894499
58,17,0.004054423152320116
58,18,0.0043480481834391165
58,19,0.004643755845608132
58,20,0.004939866839858584
58,21,0.005234577651343206
58,22,0.005525958644445007
58,23,0.005811957323682614
58,24,0.006090407671670825
58,25,0.006359046106458718
58,26,0.006615534206327838
58,27,0.006857487957163048
58,28,0.007082512909619656
58,29,0.0073679967606657
58,30,0.007659602221227554
58,31,0.007950359921746553
58,32,0.008240658700672223
58,33,0.008530417893115363
58,34,0.008819256762936638
58,35,0.009106598904994417
58,36,0.00939173842458652
58,37,0.009673884412600814
58,38,0.009952192303154212
58,39,0.010225786658163842
58,40,0.010493777899582042
58,41,0.010755274475147836
58,42,0.011009391404055702
58,43,0.011255255865643948
58,44,0.011492010346481141
58,45,0.011718813785718462
58,46,0.01193484112059706
58,47,0.01213928161371546
58,48,0.012331336329020766
58,49,0.012510215106333813
58,50,0.012675133357888585
58,51,0.01282530896778778
58,52,0.012959959506821857
58,53,0.013078299865847553
58,54,0.013179540241165475
58,55,0.013262884206103883
58,56,0.013355413271980206
58,57,0.01349765947199053
58,58,0.013626252640995174
58,59,0.01374072662172361
58,60,0.013840610083541205
58,61,0.013925427390039208
58,62,0.013994700017271867
58,63,0.014047948553058227
58,64,0.014084695308317118
58,65,0.014104467569746707
58,66,0.014106801519011383
58,67,0.014091246836842921
58,68,0.0140573720010878
58,69,0.014004770275784931
58,70,0.01393306637396364
58,71,0.013841923760199326
58,72,0.013731052540304682
58,73,0.013600217865189026
58,74,0.013449248754273559
58,75,0.013278047221355145
58,76,0.01308659756299262
58,77,0.012874975646937289
58,78,0.012643358016511133
58,79,0.01239203060689552
58,80,0.012121396851845517
58,81,0.011831984945294772
58,82,0.011524454012657457
58,83,0.011199598942562759
58,84,0.011015908129891557
58,85,0.010878978804559167
58,86,0.010716566904268544
58,87,0.010528118396994156
58,88,0.010315224753307213
58,89,0.010080414540011733
58,90,0.009826522374040893
58,91,0.00955636746265998
58,92,0.009272596084642344
58,93,0.008977612982463327
58,94,0.00867356148083121
58,95,0.008362329931411108
58,96,0.008045571673283465
58,97,0.00772473113814985
58,98,0.007401071933088951
58,99,0.007075704656627771
58,100,0.006749613351131083
58,101,0.006423680151331495
58,102,0.00609870802822606
58,103,0.005775441662034016
58,104,0.005454586484926042
58,105,0.005136825869192364
58,106,0.00482283633954282
58,107,0.0045133005881347185
58,108,0.004208917987802492
58,109,0.003910412246126722
58,110,0.003618535827964884
58,111,0.003338778252546933
58,112,0.0031063704432915808
58,113,0.002877123043426073
58,114,0.0026519059480444194
58,115,0.0024316333379289772
58,116,0.0022172519404142837
58,117,0.0020097252545396354
58,118,0.0018100139699637474
58,119,0.0016190530621816898
58,120,0.001437726320592234
58,121,0.0012668393434108018
58,122,0.0011070922904095485
58,123,0.0009590538916827587
58,124,0.0008231383358327548
58,125,0.0006995866729434802
58,126,0.0005884542414860967
58,127,0.0004896053508452935
58,128,0.0004027160265099626
58,129,0.0003272850776144945
58,130,0.0002626531217307466
58,131,0.00020802856228098755
58,132,0.00016251893247322646
58,133,0.00012516556879692669
58,134,9.497931733048123e-05
58,135,7.097494482677262e-05
58,136,5.2202130418245206e-05
58,137,3.7771326141744174e-05
58,138,2.6873338255847172e-05
249,1,0.0008390562760374761
249,2,0.0010371459735794369
249,3,0.0012691256290841752
249,4,0.0015378080084539059
249,5,0.0018455776595588922
249,6,0.002194222808642538
249,7,0.0025847701962661324
249,8,0.0030173323681708724
249,9,0.003490978475641019
249,10,0.004003639369009464
249,11,0.004552056165765377
249,12,0.005131778764412081
249,13,0.005737217262308573
249,14,0.006361745330948584
249,15,0.006997850771442657
249,16,0.007637325165212376
249,17,0.008271482110716481
249,18,0.008891392215381827
249,19,0.009488122844677838
249,20,0.010052971508030653
249,21,0.01057768344672392
249,22,0.011054646168876331
249,23,0.011477056020596553
249,24,0.011839054096546828
249,25,0.012135830659488247
249,26,0.012363698635458767
249,27,0.012520137654642964
249,28,0.012603810574443906
249,29,0.013037103530669728
249,30,0.013476390284838538
249,31,0.013873944155423064
249,32,0.014227714903029088
249,33,0.01453614296606612
249,34,0.014798150367848715
249,35,0.015013131170586861
249,36,0.015180942618366916
249,37,0.015301897766173318
249,38,0.015376760107334795
249,39,0.015406740496744087
249,40,0.015393496505942166
249,41,0.015339134208848427
249,42,0.015246212247307597
249,43,0.015117747827264766
249,44,0.014957224016522636
249,45,0.01476859732383711
249,46,0.01455630399928022
249,47,0.01432526273210228
249,48,0.014080870244193001
249,49,0.013828984182586355
249,50,0.01357588336301182
249,51,0.013328185092007273
249,52,0.013092671901603604
249,53,0.012875898379430742
249,54,0.012683165127125674
249,55,0.012515203656945074
249,56,0.012410648872511108
249,57,0.012422099562975821
249,58,0.012413101220951137
249,59,0.012383801755813226
249,60,0.012334406191209402
249,61,0.012265175233086548
249,62,0.012176424021031765
249,63,0.012068521056946646
249,64,0.011941887303033277
249,65,0.011796995438450324
249,66,0.011634369259408516
249,67,0.011454583200839643
249,68,0.011258261949479988
249,69,0.011046080108859265
249,70,0.010818761866971874
249,71,0.01057708060803218
249,72,0.01032185840134215
249,73,0.010053965293513456
249,74,0.009774318325581538
249,75,0.009483880194314268
249,76,0.009183657477542717
249,77,0.008874698346815302
249,78,0.008558089697194887
249,79,0.008234953633584884
249,80,0.007906443265497626
249,81,0.007573737777481299
249,82,0.00723803676020816
249,83,0.00690055380707464
249,84,0.006708814915318885
249,85,0.006570892795283733
249,86,0.006423019192954013
249,87,0.0062657819849158925
249,88,0.006099807652172577
249,89,0.0059257599626452336
249,90,0.005744337971990953
249,91,0.005556273322305251
249,92,0.00536232682902039
249,93,0.005163284391804392
249,94,0.004959952316790001
249,95,0.004753152182341101
249,96,0.0045437154109663315
249,97,0.0043324777213070665
249,98,0.004120273624880211
249,99,0.003907931104036092
249,100,0.003696266564692408
249,101,0.003486080106145279
249,102,0.0032781510980643557
249,103,0.0030732340091757693
249,104,0.0028720543997507514
249,105,0.00267530497568183
249,106,0.0024836416078162313
249,107,0.002297679244449817
249,108,0.002117987676894134
249,109,0.0019450871160875912
249,110,0.001779443287119226
249,111,0.0016244449434022346
249,112,0.0015017975853404294
249,113,0.0013829680633724406
249,114,0.0012683545110830409
249,115,0.001158316777868221
249,116,0.001053172674508779
249,117,0.0009531944922224941
249,118,0.0008586060074940266
249,119,0.0007695801544456911
249,120,0.0006862375065133569
249,121,0.0006086456616172147
249,122,0.0005368195745804262
249,123,0.0004707228323413653
249,124,0.00041026982590347256
249,125,0.00035532874094787583
249,126,0.0003057252678103933
249,127,0.0002612469205059611
249,128,0.00022164785156163737
249,129,0.0001866540515161418
249,130,0.00015596882571639978
249,131,0.00012927844360635028
249,132,0.00010625785524020714
249,133,8.657636586633088e-05
249,134,6.990315320170569e-05
249,135,5.591250574470513e-05
249,136,4.4288657134493407e-05
249,137,3.4730094147539104e-05
249,138,2.6953226738162053e-05
183,1,0.0011066200808949348
183,2,0.0013545459041627232
183,3,0.0016379482202170757
183,4,0.001957071507566929
183,5,0.002311088367389183
183,6,0.002698022875565444
183,7,0.0031147322873576193
183,8,0.0035569512923624784
183,9,0.004019397695477181
183,10,0.004495933246998505
183,11,0.004979768930407197
183,12,0.0054637008053293025
183,13,0.0059403607805194065
183,14,0.006402466531719268
183,15,0.006843056055015902
183,16,0.007255694770523756
183,17,0.007634646276127454
183,18,0.007975001374738402
183,19,0.008272763465394678
183,20,0.008524891475221546
183,21,0.00872930399194144
183,22,0.008884850019039613
183,23,0.00899125280105018
183,24,0.009049033517811514
183,25,0.00905942144147852
183,26,0.00902425653421078
183,27,0.008945889588185315
183,28,0.008827084010100716
183,29,0.009198361082606982
183,30,0.009616256147079269
183,31,0.010022268395644292
183,32,0.010415312972842072
183,33,0.010794410388470357
183,34,0.011158659303977591
183,35,0.0115072058127505
183,36,0.011839209926025183
183,37,0.012153810388743662
183,38,0.01245008944472102
183,39,0.012727039700379968
183,40,0.012983535740501997
183,41,0.013218313557540612
183,42,0.013429961092900438
183,43,0.01361692318124758
183,44,0.013777523875058161
183,45,0.013910008463605959
183,46,0.014012606473651639
183,47,0.014083615565878461
183,48,0.014121504568602755
183,49,0.014125031976249527
183,50,0.014093374102248995
183,51,0.014026254563932677
183,52,0.01392406322883755
183,53,0.013787945957491787
183,54,0.01361982904678847
183,55,0.013422286624023507
183,56,0.013296120187038138
183,57,0.013373128603018933
183,58,0.013424014796179922
183,59,0.013448675019133225
183,60,0.013447114409920491
183,61,0.013419445535962615
183,62,0.013365886859812685
183,63,0.013286761139804464
183,64,0.013182493763341288
183,65,0.01305361099529828
183,66,0.012900738109493569
183,67,0.012724597358008153
183,68,0.012526005721802229
183,69,0.01230587237702896
183,70,0.012065195805051292
183,71,0.011805060470723017
183,72,0.01152663299321851
183,73,0.011231157736730812
183,74,0.010919951754754735
183,75,0.010594399031395479
183,76,0.010255943976057417
183,77,0.009906084143743431
183,78,0.009546362171696373
183,79,0.009178356943814636
183,80,0.008803674016648385
183,81,0.008423935364227442
183,82,0.008040768522802099
183,83,0.00765579524006356
183,84,0.007494434522557437
183,85,0.007415685264007293
183,86,0.007321508035048901
183,87,0.007212332787576696
183,88,0.007088673382303281
183,89,0.006951125269585962
183,90,0.0068003624911540045
183,91,0.006637133971338515
183,92,0.006462259086523258
183,93,0.006276622513740728
183,94,0.006081168369653401
183,95,0.005876893661483427
183,96,0.005664841082555966
183,97,0.005446091197339822
183,98,0.005221754074282523
183,99,0.004992960439195653
183,100,0.0047608524370896695
183,101,0.004526574105662452
183,102,0.004291261678500248
183,103,0.004056033849907332
183,104,0.0038219821459031123
183,105,0.0035901615578536068
183,106,0.0033615816088279774
183,107,0.0031371980451517577
183,108,0.0029179053971140835
183,109,0.002704530797133757
183,110,0.002497829910287723
183,111,0.0023037731303218057
183,112,0.0021612948547314274
183,113,0.002020278632573113
183,114,0.001881445737000251
183,115,0.0017454712425031588
183,116,0.0016129779791674921
183,117,0.0014845315695840653
183,118,0.0013606366006920709
183,119,0.0012417339353765792
183,120,0.0011281991232707119
183,121,0.0010203418308814775
183,122,0.0009184061813695209
183,123,0.0008225718766665494
183,124,0.0007329559704161733
183,125,0.0006496151692317234
183,126,0.0005725485601240123
183,127,0.0005017006903437976
183,128,0.0004369649578876326
183,129,0.0003781873015515901
183,130,0.00032517020380125864
183,131,0.00027767703375251076
183,132,0.00023543675850838831
183,133,0.00019814903808248763
183,134,0.00016548969329228106
183,135,0.00013711650039240823
183,136,0.00011267522545969868
183,137,9.180577120053928e-05
183,138,7.414827466061882e-05
2649,1,0.001279048767324723
2649,2,0.0015463408379500266
2649,3,0.0018470840200516116
2649,4,0.0021809172716732504
2649,5,0.002546686275716218
2649,6,0.0029424530731101566
2649,7,0.003365536556039725
2649,8,0.0038125797679971997
2649,9,0.004279638759181011
2649,10,0.004762287170975332
2649,11,0.005255730639087931
2649,12,0.005754925382453624
2649,13,0.006254695873153421
2649,14,0.0067498471777745
2649,15,0.007235268365213573
2649,16,0.007706024249147054
2649,17,0.00815743364053877
2649,18,0.008585133189973122
2649,19,0.008985126759695832
2649,20,0.00935382103626455
2649,21,0.009688048733637529
2649,22,0.00998508120792503
2649,23,0.010242632586062585
2649,24,0.010458857594174547
2649,25,0.010632345166674693
2649,26,0.010762109648626794
2649,27,0.010847581008246548
2649,28,0.010888594998783257
2649,29,0.011275749983624715
2649,30,0.011688086257255068
2649,31,0.012082126451836641
2649,32,0.012456447786492185
2649,33,0.012809722829347484
2649,34,0.013140722432750314
2649,35,0.013448320648309137
2649,36,0.01373150104677687
2649,37,0.013989363776980193
2649,38,0.014221132600856614
2649,39,0.014426161104671665
2649,40,0.014603937328806032
2649,41,0.014754086182117267
2649,42,0.014876369202070363
2649,43,0.014970681469071207
2649,44,0.015037045755591338
2649,45,0.015075604256180757
2649,46,0.015086608471470395
2649,47,0.015070407980161711
2649,48,0.015027438908668778
2649,49,0.014958212891009466
2649,50,0.014863307207097243
2649,51,0.014743356613046814
2649,52,0.014599047158479482
2649,53,0.014431112052974806
2649,54,0.014240329425369909
2649,55,0.014027521644928712
2649,56,0.013857315736116508
2649,57,0.013814752281737938
2649,58,0.013751043223241407
2649,59,0.013666538326869909
2649,60,0.013561625045983667
2649,61,0.013436728924229414
2649,62,0.013292314410581992
2649,63,0.013128885999843238
2649,64,0.012946989603088443
2649,65,0.012747214046582963
2649,66,0.012530192595360931
2649,67,0.012296604398537088
2649,68,0.01204717575693656
2649,69,0.011782681119253348
2649,70,0.011503943720235374
2649,71,0.011211835782980503
2649,72,0.010907278217002577
2649,73,0.010591239754033702
2649,74,0.010264735474341872
2649,75,0.009928824687460203
2649,76,0.009584608142468332
2649,77,0.009233224554186273
2649,78,0.008875846442715676
2649,79,0.008513675294619943
2649,80,0.008147936064641783
2649,81,0.007779871047243281
2649,82,0.007410733157484573
2649,83,0.007041778670939068
2649,84,0.0068145599907322675
2649,85,0.0066390792903978845
2649,86,0.006454022338013076
2649,87,0.006260138573930783
2649,88,0.006058218355004584
2649,89,0.005849093255067749
2649,90,0.005633634542563532
2649,91,0.005412750365917706
2649,92,0.0051873816950967315
2649,93,0.00495849699501127
2649,94,0.004727085642279956
2649,95,0.004494150167221699
2649,96,0.004260697480967515
2649,97,0.0040277293194082115
2649,98,0.003796232192563485
2649,99,0.0035671671643450237
2649,100,0.0033414598008557734
2649,101,0.0031199906151679895
2649,102,0.0029035863050691983
2649,103,0.0026930120314703717
2649,104,0.0024889649241454006
2649,105,0.002292068933887426
2649,106,0.0021028710816520546
2649,107,0.0019218390908868977
2649,108,0.0017493603331829332
2649,109,0.0015857419726611982
2649,110,0.0014312121629535238
2649,111,0.0012881170716117238
2649,112,0.0011719251203065617
2649,113,0.0010613147100982745
2649,114,0.0009565213538447883
2649,115,0.0008577276544670087
2649,116,0.0007650642930514297
2649,117,0.0006786111294685649
2649,118,0.0005983983680977589
2649,119,0.0005244077896165162
2649,120,0.00045657409139744415
2649,121,0.0003947864142017405
2649,122,0.0003388901593082663
2649,123,0.0002886892151632257
2649,124,0.0002439487135392951
2649,125,0.00020439842034080926
2649,126,0.00016973683515430078
2649,127,0.00013963602762920866
2649,128,0.00011374718082362881
2649,129,9.170674661746983e-05
2649,130,7.314305255488361e-05
2649,131,5.768314034948341e-05
2649,132,4.4959571198863003e-05
2649,133,3.4616908535439313e-05
2649,134,2.631758946712742e-05
2649,135,1.974692367467905e-05
2649,136,1.4617011297887684e-05
2649,137,1.0669444322715745e-05
2649,138,7.676741292447759e-06
204,1,0.00158382985615451
204,2,0.0019963337712778813
204,3,0.002477237482992417
204,4,0.003027871335597809
204,5,0.003647328735532761
204,6,0.004332284644674823
204,7,0.005076952099431964
204,8,0.005873183051074166
204,9,0.006710707232692815
204,10,0.007577490998818562
204,11,0.008460188764783824
204,12,0.009344653715368965
204,13,0.010216472185428966
204,14,0.01106148734403987
204,15,0.011866281940225973
204,16,0.01261859604842825
204,17,0.0133076630557239
204,18,0.013924454681773144
204,19,0.01446183288654456
204,20,0.014914612571756015
204,21,0.015279543705911383
204,22,0.015555224782681228
204,23,0.015741961400419408
204,24,0.015841584382779352
204,25,0.015857241470755703
204,26,0.015793175457461152
204,27,0.015654499958469407
204,28,0.015446982038685088
204,29,0.015591252225160683
204,30,0.015745102820412464
204,31,0.015867460049992402
204,32,0.015961684827614987
204,33,0.01603083595020946
204,34,0.016077720951815196
204,35,0.016104883889708564
204,36,0.016114569464629795
204,37,0.016108679034368297
204,38,0.016088725901706274
204,39,0.016055794314412276
204,40,0.016010505572407296
204,41,0.015952994330798942
204,42,0.015882898146796165
204,43,0.015799363315887473
204,44,0.015701069941650384
204,45,0.015586278886913007
204,46,0.015452902691023888
204,47,0.015298601673556978
204,48,0.015120905308442976
204,49,0.014917357700652807
204,50,0.014685685053760868
204,51,0.014423983442228156
204,52,0.014130929849441755
204,53,0.01380603718659361
204,54,0.013450038721053801
204,55,0.013065767440313104
204,56,0.012714470899646673
204,57,0.012472583070727655
204,58,0.012216973767821705
204,59,0.011948649121637837
204,60,0.01166859687185935
204,61,0.011377787178175851
204,62,0.011077174004721854
204,63,0.010767696926127661
204,64,0.010450283209789211
204,65,0.01012585003663281
204,66,0.009795306731294017
204,67,0.00945955688200345
204,68,0.009119500240430279
204,69,0.00877603430221176
204,70,0.008430055479901456
204,71,0.0080824597916407
204,72,0.0077341430010741
204,73,0.007386000156961618
204,74,0.007038924494656873
204,75,0.0066938056761583105
204,76,0.0063515273607981865
204,77,0.006012964114758632
204,78,0.005678977684376413
204,79,0.005350412675432551
204,80,0.005028091698053576
204,81,0.004712810054137046
204,82,0.004405330060935479
204,83,0.0041063751201039335
204,84,0.003900884480394806
204,85,0.0037326839560540676
204,86,0.0035659310656718122
204,87,0.003401602577238046
204,88,0.0032401485811411742
204,89,0.0030817369630991745
204,90,0.0029263861124226133
204,91,0.002774045121973894
204,92,0.0026246452487403006
204,93,0.0024781332953704082
204,94,0.0023344924144532986
204,95,0.002193753618264348
204,96,0.002056000235579114
204,97,0.0019213670160827488
204,98,0.0017900352610203225
204,99,0.001662225134422332
204,100,0.0015381861294166432
204,101,0.0014181865065452993
204,102,0.0013025023773565203
204,103,0.001191406974572211
204,104,0.0010851605296462491
204,105,0.0009840010692369235
204,106,0.0008881363417586749
204,107,0.0007977369858445291
204,108,0.0007129309282565613
204,109,0.0006337987511802226
204,110,0.000560368919915937
204,111,0.0004935395039566427
204,112,0.0004395681730577931
204,113,0.00038920245579658765
204,114,0.00034251608773675423
204,115,0.0002995382877320144
204,116,0.0002602546384437178
204,117,0.0002246090161864743
204,118,0.0001925064931816659
204,119,0.000163817100972503
204,120,0.0001383803130734428
204,121,0.00011601007978314145
204,122,9.650023010836867e-05
204,123,7.963004618812335e-05
204,124,6.516981524353223e-05
204,125,5.2886173088821665e-05
204,126,4.2547071154556345e-05
204,127,3.392622468861001e-05
204,128,2.6806931633982325e-05
204,129,2.0985187514721032e-05
204,130,1.6272059106993757e-05
204,131,1.2495316290716804e-05
204,132,9.500354985482485e-06
204,133,7.150472545465057e-06
204,134,5.3265790056762e-06
204,135,3.926442330792015e-06
204,136,2.8635731559451597e-06
204,137,2.065854881630129e-06
204,138,1.4740193930950997e-06
153,1,0.0019841589548802723
153,2,0.002372759397919462
153,3,0.0028031084358864904
153,4,0.003273011752724353
153,5,0.00377914755104038
153,6,0.004317172959104145
153,7,0.0048818864339580876
153,8,0.005467434005221804
153,9,0.00606754401661262
153,10,0.006675773414224662
153,11,0.007285748675229982
153,12,0.007891386030171562
153,13,0.008487078403063411
153,14,0.009067840068279568
153,15,0.009629403956171201
153,16,0.010168270409126894
153,17,0.010681709647688562
153,18,0.011167723006555462
153,19,0.011624970010729006
153,20,0.012052669557711669
153,21,0.012450483915335389
153,22,0.012818394060001471
153,23,0.01315657422212384
153,24,0.013465272534645772
153,25,0.01374470354078307
153,26,0.013994957122733603
153,27,0.014215927241787878
153,28,0.014407262774188976
153,29,0.01443629328799875
153,30,0.014442447801430594
153,31,0.01444306354666639
153,32,0.014439236650912646
153,33,0.014431638420504362
153,34,0.014420557020209205
153,35,0.014405946722327343
153,36,0.014387482657851126
153,37,0.014364619041590454
153,38,0.014336648864176156
153,39,0.014302763067226927
153,40,0.014262107268716946
153,41,0.014213834208277062
153,42,0.01415715025664654
153,43,0.014091354591329087
153,44,0.014015869982621793
153,45,0.013930264549981947
153,46,0.013834264316748942
153,47,0.01372775688128526
153,48,0.013610786998224409
153,49,0.013483545284125983
153,50,0.013346351580914791
153,51,0.013199634661362923
153,52,0.013043909801142764
153,53,0.012879754841452493
153,54,0.01270778209228432
153,55,0.012528590008168273
153,56,0.012341362325886297
153,57,0.012147851348364639
153,58,0.011952793370639576
153,59,0.011756178037453218
153,60,0.011557961305269142
153,61,0.011358070074599795
153,62,0.011156406782838935
153,63,0.01095285396014544
153,64,0.010747278749357289
153,65,0.01053953739059549
153,66,0.010329479670919371
153,67,0.010116953338643571
153,68,0.009901808480523671
153,69,0.0096839018578915
153,70,0.009463101194964357
153,71,0.009239289409002753
153,72,0.0090123687678116
153,73,0.008782264955352432
153,74,0.008548931021058161
153,75,0.008312351182920967
153,76,0.008072544448669026
153,77,0.007829568013479336
153,78,0.007583520386815424
153,79,0.0073345441952756855
153,80,0.007082828602957638
153,81,0.0068286112859927955
153,82,0.006572179893842236
153,83,0.006313872926986855
153,84,0.006100341983193541
153,85,0.005905606345193889
153,86,0.005710085065900085
153,87,0.0055139981007088935
153,88,0.005317568014682838
153,89,0.0051210219000733664
153,90,0.0049245931559916065
153,91,0.004728523090008622
153,92,0.004533062298699337
153,93,0.004338471782532249
153,94,0.004145023750306571
153,95,0.003953002069757163
153,96,0.0037627023241470986
153,97,0.0035744314397532185
153,98,0.0033885068561727142
153,99,0.0032052552203260636
153,100,0.0030250105958236815
153,101,0.0028481121918413257
153,102,0.0026749016295666253
153,103,0.0025057197792964707
153,104,0.0023409032169529605
153,105,0.0021807803646595137
153,106,0.0020256673956418943
153,107,0.0018758639990293848
153,108,0.0017316491165468458
153,109,0.0015932767880621256
153,110,0.0014609723139533996
153,111,0.0013362897713308033
153,112,0.0012293323575670357
153,113,0.0011272361079346848
153,114,0.0010301300337872672
153,115,0.000938111088425252
153,116,0.0008512434583802238
153,117,0.0007695582515673577
153,118,0.0006930536298832751
153,119,0.000621695408856557
153,120,0.0005554181261879637
153,121,0.0004941265624240107
153,122,0.0004376976804109348
153,123,0.0003859829360037816
153,124,0.000338810901290789
153,125,0.00029599013376026235
153,126,0.0002573122205960469
153,127,0.00022255492658541102
153,128,0.00019148537663524483
153,129,0.00016386320905205864
153,130,0.00013944364280072693
153,131,0.00011798041007676918
153,132,9.922851388020662e-05
153,133,8.294677815696093e-05
153,134,6.890016497597213e-05
153,135,5.686183890329099e-05
153,136,4.661496326695713e-05
153,137,3.7954216675738166e-05
153,138,3.06870214285287e-05
127,1,0.0003835388988133887
127,2,0.0005297754227425299
127,3,0.0007161420499055888
127,4,0.0009481453435559171
127,5,0.0012304840726521911
127,6,0.0015666409021199224
127,7,0.0019585295848362017
127,8,0.0024062375710591105
127,9,0.002907893583428838
127,10,0.003459674861623772
127,11,0.004055952191987571
127,12,0.0046895553480763436
127,13,0.0053521295626136195
127,14,0.0060345466244905235
127,15,0.00672733257439522
127,16,0.00742107720518779
127,17,0.008106797399726367
127,18,0.00877623516494139
127,19,0.009422080471514513
127,20,0.010038117396217152
127,21,0.010619298735432367
127,22,0.011161758821490656
127,23,0.011662776734118793
127,24,0.012120702747206214
127,25,0.012534860131891142
127,26,0.012905432839093798
127,27,0.013233347556535083
127,28,0.01352015653798517
127,29,0.01376798321030871
127,30,0.01397954772262564
127,31,0.014157985750327092
127,32,0.014306522419399718
127,33,0.014428381836736925
127,34,0.014526741631789571
127,35,0.014604699155103694
127,36,0.014665245241812957
127,37,0.014711242780812438
127,38,0.014745407247415179
127,39,0.014770286428168411
127,40,0.01478823678984437
127,41,0.014801394177832328
127,42,0.01481163663373034
127,43,0.014820536976777647
127,44,0.01482930229466003
127,45,0.014838696552725439
127,46,0.014848941114049946
127,47,0.014859586123965417
127,48,0.014869343768809974
127,49,0.014875873358966351
127,50,0.014875510773701493
127,51,0.014862948690690164
127,52,0.014830921285359617
127,53,0.014770096734189985
127,54,0.014669875846345787
127,55,0.014522635133054402
127,56,0.014340182193036718
127,57,0.014142623566449606
127,58,0.013934891841351722
127,59,0.013717820274498412
127,60,0.013492198958839999
127,61,0.013258773968666268
127,62,0.013018247293320157
127,63,0.012771277454364589
127,64,0.01251848070475017
127,65,0.0122604327146972
127,66,0.011997670656651811
127,67,0.01173069560999085
127,68,0.011459975214523936
127,69,0.011185946509842986
127,70,0.010909018904914497
127,71,0.010629577228832433
127,72,0.010347984819268408
127,73,0.010064586609860522
127,74,0.009779712181600264
127,75,0.009493678746275562
127,76,0.009206794032291089
127,77,0.008919359044819577
127,78,0.008631670673359043
127,79,0.008344024120515317
127,80,0.008056715126345775
127,81,0.007770041963053585
127,82,0.00748430717538971
127,83,0.007199819043035462
127,84,0.006916917712495837
127,85,0.0066361262936461855
127,86,0.006358280913929022
127,87,0.006084248625824154
127,88,0.005814807384825787
127,89,0.005550596267434417
127,90,0.00529209423214073
127,91,0.005039618676173213
127,92,0.00479333875989242
127,93,0.004553299089713394
127,94,0.004319449591458648
127,95,0.004091677791970362
127,96,0.003869840325901037
127,97,0.003653791232874251
127,98,0.0034434054094730836
127,99,0.0032385963389524423
127,100,0.00303932787123326
127,101,0.0028456203272818528
127,102,0.0026575515415986476
127,103,0.002475253638106677
127,104,0.00229890636856714
127,105,0.002128727729328532
127,106,0.001964962272392644
127,107,0.001807866885149828
127,108,0.0016576923187320886
127,109,0.001514654633190842
127,110,0.0013788770722369397
127,111,0.0012502466178163116
127,112,0.0011285949186594965
127,113,0.0010139628504496553
127,114,0.000906467992340657
127,115,0.0008061800716842794
127,116,0.0007131174135509382
127,117,0.0006272448184979688
127,118,0.000548472871735544
127,119,0.000476658652490801
127,120,0.000411607780121204
127,121,0.0003530777032862385
127,122,0.00030078211024150834
127,123,0.00025439631217937826
127,124,0.0002135634277973629
127,125,0.00017790117647738916
127,126,0.00014700907046222235
127,127,0.00012047578438453018
127,128,9.788647483176723e-05
127,129,7.882982476706256e-05
127,130,6.290459883130698e-05
127,131,4.9725516599426766e-05
127,132,3.8928281764607256e-05
127,133,3.0173645020238817e-05
127,134,2.315042510559547e-05
127,135,1.7577463145785647e-05
127,136,1.3204536451478213e-05
127,137,9.812305480313254e-06
127,138,7.21140791306903e-06
120,1,0.0002403812721024607
120,2,0.00031101500919183657
120,3,0.00039724113380810186
120,4,0.0005011103105345813
120,5,0.0006246345437064274
120,6,0.0007697148833326348
120,7,0.0009380608480582465
120,8,0.001131103540680359
120,9,0.0013499052344803884
120,10,0.0015950690697423859
120,11,0.0018666533013964952
120,12,0.0021640951465773128
120,13,0.002486149564036338
120,14,0.002830848151764591
120,15,0.003195482718967022
120,16,0.0035766169797385467
120,17,0.003970128299966611
120,18,0.0043712796356359575
120,19,0.004774819900050125
120,20,0.005175109176546968
120,21,0.005566263629618205
120,22,0.0059423138047196575
120,23,0.006297369337155483
120,24,0.006625782943148049
120,25,0.006922306909846229
120,26,0.007182236051585099
120,27,0.007401532137463936
120,28,0.0075769259854264115
120,29,0.007980026989751924
120,30,0.008393923622884457
120,31,0.008786575557247397
120,32,0.0091552810108732
120,33,0.009497832513606589
120,34,0.00981255364867361
120,35,0.010098325969516866
120,36,0.010354607066372817
120,37,0.010581440465163867
120,38,0.010779457455339465
120,39,0.010949870115360439
120,40,0.011094453813708615
120,41,0.011215516409540077
120,42,0.011315850373770335
120,43,0.011398663219040091
120,44,0.011467481090057482
120,45,0.011526020253925507
120,46,0.011578021686189807
120,47,0.011627045145666596
120,48,0.011676221305082899
120,49,0.011727964017871443
120,50,0.011783650296209347
120,51,0.011843284376689304
120,52,0.011905177540857423
120,53,0.011965705915399773
120,54,0.012019281948212912
120,55,0.012058892321242574
120,56,0.012133759434107485
120,57,0.012319630188164512
120,58,0.012488486228440366
120,59,0.012639724552932158
120,60,0.012772776122661717
120,61,0.01288710750265222
120,62,0.01298222289478889
120,63,0.013057666555381396
120,64,0.013113025582983698
120,65,0.013147933055371059
120,66,0.013162071488307543
120,67,0.013155176582656707
120,68,0.013127041220310729
120,69,0.013077519663211154
120,70,0.013006531903322684
120,71,0.012914068104774329
120,72,0.01280019307252369
120,73,0.012665050674897938
120,74,0.012508868140327338
120,75,0.012331960141647735
120,76,0.012134732574670511
120,77,0.011917685931483674
120,78,0.011681418163364573
120,79,0.011426626923491839
120,80,0.011154111076111422
120,81,0.010864771356763541
120,82,0.010559610067980642
120,83,0.01023972969695194
120,84,0.010127126263809755
120,85,0.010091923895420386
120,86,0.010038732418015629
120,87,0.009967594563454432
120,88,0.009878617620027884
120,89,0.009771976250188861
120,90,0.00964791538973389
120,91,0.009506753081673553
120,92,0.00934888311386715
120,93,0.009174777341816253
120,94,0.00898498759474123
120,95,0.008780147083306988
120,96,0.008560971247254566
120,97,0.008328257995827114
120,98,0.008082887298495016
120,99,0.007825820074518243
120,100,0.007558096305809855
120,101,0.007280832259533036
120,102,0.006995216658941507
120,103,0.006702505589898618
120,104,0.0064040158846628056
120,105,0.006101116691592005
120,106,0.005795218921355407
120,107,0.005487762241539322
120,108,0.005180199207395089
120,109,0.004873975749377528
120,110,0.004570505817789728
120,111,0.0042791280158724744
120,112,0.004060585798838639
120,113,0.0038403671429242236
120,114,0.0036195255291573214
120,115,0.0033991243463972636
120,116,0.003180228367652265
120,117,0.0029638938520956623
120,118,0.0027511573811052656
120,119,0.0025430236420652635
120,120,0.002340452474928453
120,121,0.002144345584972271
120,122,0.001955533392735104
120,123,0.0017747625321456392
120,124,0.0016026845158554999
120,125,0.0014398460609215263
120,126,0.0012866815093784763
120,127,0.001143507690921769
120,128,0.0010105214654440775
120,129,0.0008878000599518764
120,130,0.000775304186782216
120,131,0.0006728838073123043
120,132,0.0005802862956959074
120,133,0.0004971666668754861
120,134,0.0004230994661311737
120,135,0.0003575918751616204
120,136,0.00030009757133854845
120,137,0.0002500308798596536
120,138,0.00020678077961739445
277,1,0.0014356384128296701
277,2,0.0017260331421692188
277,3,0.0020489347742104194
277,4,0.002402770201763466
277,5,0.0027850575174247424
277,6,0.0031924734761337847
277,7,0.003620961679054394
277,8,0.004065872911026258
277,9,0.004522127266904834
277,10,0.004984387065018803
277,11,0.005447229950573971
277,12,0.005905312824262495
277,13,0.00635351902272272
277,14,0.006787083252221802
277,15,0.007201690891126861
277,16,0.007593550241778134
277,17,0.00795943800335197
277,18,0.008296719589338275
277,19,0.008603346910362752
277,20,0.008877836903877653
277,21,0.009119234456130767
277,22,0.009327063477772232
277,23,0.009501269813164855
277,24,0.009642159432717949
277,25,0.009750335020091304
277,26,0.009826633658940386
277,27,0.009872067878452078
277,28,0.00988777185943797
277,29,0.010109066437451745
277,30,0.01034957812681888
277,31,0.01058589743480208
277,32,0.01081948962510075
277,33,0.011051696481367725
277,34,0.011283684629139305
277,35,0.011516393831506532
277,36,0.011750484635201371
277,37,0.011986285156800947
277,38,0.012223737147404767
277,39,0.012462341912005181
277,40,0.012701107228119608
277,41,0.012938497124671572
277,42,0.013172387257444386
277,43,0.01340002966367685
277,44,0.013618031919512405
277,45,0.013822357215663448
277,46,0.014008353731065177
277,47,0.014170824171605235
277,48,0.014304149936526121
277,49,0.014402489991251023
277,50,0.014460083855351654
277,51,0.014471704290235482
277,52,0.014433334000616919
277,53,0.01434319126429698
277,54,0.014203306573374583
277,55,0.014021834129886682
277,56,0.013863225601212953
277,57,0.013802724018614208
277,58,0.013727322702358834
277,59,0.013637218916830786
277,60,0.013532596974369166
277,61,0.013413632187264716
277,62,0.013280495310532174
277,63,0.013133357389207465
277,64,0.012972394916712808
277,65,0.012797795208108703
277,66,0.012609761892186433
277,67,0.012408520428136102
277,68,0.012194323555201234
277,69,0.011967456586801784
277,70,0.011728242463735418
277,71,0.011477046484030053
277,72,0.011214280629707056
277,73,0.010940407413101826
277,74,0.010655943167562415
277,75,0.010361460709470199
277,76,0.01005759130085466
277,77,0.009745025844720204
277,78,0.009424515248931297
277,79,0.009096869899503911
277,80,0.008762958190811666
277,81,0.008423704068896058
277,82,0.008080083555069914
277,83,0.007733120230538991
277,84,0.007528093125771586
277,85,0.0073760805401817935
277,86,0.007214382706192594
277,87,0.007043405258031395
277,88,0.006863601605350764
277,89,0.006675479454764208
277,90,0.006479603878096465
277,91,0.006276598445926379
277,92,0.006067144581765879
277,93,0.005851979062534301
277,94,0.005631889615845004
277,95,0.005407708659236151
277,96,0.005180305336091346
277,97,0.004950576104604891
277,98,0.004719434216961842
277,99,0.004487798478044577
277,100,0.004256581692079393
277,101,0.004026679190290891
277,102,0.0037989577837978395
277,103,0.00357424540600296
277,104,0.003353321599712958
277,105,0.0031369088654441845
277,106,0.002925664711164791
277,107,0.0027201740103699333
277,108,0.0025209409577344193
277,109,0.002328379589420106
277,110,0.0021428029214685747
277,111,0.0019678065998176004
277,112,0.001828101095869632
277,113,0.0016917034016533108
277,114,0.0015591073529173294
277,115,0.0014307762565751762
277,116,0.0013071398040811575
277,117,0.0011885907338778695
277,118,0.001075481209259626
277,119,0.000968118952570756
277,120,0.0008667632551907749
277,121,0.0007716210534200863
277,122,0.00068284331553587
277,123,0.000600522018567326
277,124,0.0005246880002793077
277,125,0.00045530995058555264
277,126,0.000392294758227606
277,127,0.0003354893570728514
277,128,0.0002846841283335645
277,129,0.0002396178186696771
277,130,0.00019998383855446405
277,131,0.00016543771917906298
277,132,0.00013560543694433893
277,133,0.00011009226751417706
277,134,8.84918091891266e-05
277,135,7.039481807543249e-05
277,136,5.5397522916765625e-05
277,137,4.310913152707225e-05
277,138,3.3158298481024155e-05
2636,1,0.0005370836780083094
2636,2,0.000693630415271483
2636,3,0.0008817776614413487
2636,4,0.001104129803090497
2636,5,0.001362724408992167
2636,6,0.0016589280008122024
2636,7,0.0019933730462520687
2636,8,0.0023659382184511744
2636,9,0.002775769633160923
2636,10,0.003221336753952269
2636,11,0.0037005138191140903
2636,12,0.004210676318423438
2636,13,0.004748802214487656
2636,14,0.005311568996442877
2636,15,0.0058954398649525026
2636,16,0.006496734926466495
2636,17,0.007111685812413325
2636,18,0.00773647432137344
2636,19,0.008367257314384256
2636,20,0.009000181098205261
2636,21,0.009631388930693102
2636,22,0.010257025170013047
2636,23,0.010873239100486145
2636,24,0.011476190751905455
2636,25,0.012062060227785906
2636,26,0.012627061289557224
2636,27,0.013167459294337663
2636,28,0.013679593104792083
2636,29,0.013871126289786033
2636,30,0.014004393623058164
2636,31,0.014113694338506929
2636,32,0.014200943343638701
2636,33,0.014268033619329875
2636,34,0.014316816269327407
2636,35,0.014349084975397018
2636,36,0.014366564321293336
2636,37,0.01437090167103616
2636,38,0.014363662440688638
2636,39,0.014346328692635973
2636,40,0.014320300991336202
2636,41,0.014286903367917
2636,42,0.014247391019886185
2636,43,0.014202959984871213
2636,44,0.014154757425310825
2636,45,0.014103890281486493
2636,46,0.014051428812802308
2636,47,0.01399839985032316
2636,48,0.01394576230077239
2636,49,0.01389435442222792
2636,50,0.013844798488261999
2636,51,0.013797343701596878
2636,52,0.01375162364330525
2636,53,0.01370630608272495
2636,54,0.013658651782382493
2636,55,0.013604260807323592
2636,56,0.013518225547928328
2636,57,0.013377026169345203
2636,58,0.013232042570183724
2636,59,0.013083361111742324
2636,60,0.012931008915213435
2636,61,0.012774959439592348
2636,62,0.012615138188617368
2636,63,0.012451428504515766
2636,64,0.012283677421856187
2636,65,0.01211170156523239
2636,66,0.011935293082344884
2636,67,0.011754225609869768
2636,68,0.011568260273409193
2636,69,0.011377151724786748
2636,70,0.01118065421994584
2636,71,0.010978527738714357
2636,72,0.010770544143739862
2636,73,0.010556493370055637
2636,74,0.010336189629141079
2636,75,0.01010947760217422
2636,76,0.009876238586671611
2636,77,0.009636396549142466
2636,78,0.00938992402406178
2636,79,0.009136847786737578
2636,80,0.008877254214905409
2636,81,0.008611294241569678
2636,82,0.008339187790231002
2636,83,0.008061227573757048
2636,84,0.007792693125087311
2636,85,0.007529308424285519
2636,86,0.007265613315742919
2636,87,0.007001850486685389
2636,88,0.006738274923099125
2636,89,0.006475157618495837
2636,90,0.006212788464360055
2636,91,0.0059514785075556065
2636,92,0.005691561493043774
2636,93,0.005433394573363745
2636,94,0.005177358085242464
2636,95,0.004923854335944816
2636,96,0.004673305397205207
2636,97,0.004426149965874621
2636,98,0.004182839410853608
2636,99,0.003943833178332748
2636,100,0.003709593765083678
2636,101,0.0034805814868693963
2636,102,0.0032572492617889757
2636,103,0.003040037593513249
2636,104,0.0028293698730943195
2636,105,0.002625648009886964
2636,106,0.002429248217948352
2636,107,0.0022405164122687687
2636,108,0.0020597617242323948
2636,109,0.0018872436218738886
2636,110,0.0017231357398424596
2636,111,0.00156834165467006
2636,112,0.0014297108904558022
2636,113,0.0012982030102683662
2636,114,0.0011738727665403699
2636,115,0.001056751641428973
2636,116,0.0009468475782356496
2636,117,0.0008441441972542859
2636,118,0.0007485995192657762
2636,119,0.0006601442603836217
2636,120,0.0005786798275107254
2636,121,0.0005040762097039828
2636,122,0.00043617001505967664
2636,123,0.00037476293666159605
2636,124,0.0003196209383671617
2636,125,0.00027047442810861647
2636,126,0.0002270196325381547
2636,127,0.0001889213054097597
2636,128,0.00015581679979061652
2636,129,0.00012732142080880838
2636,130,0.00010303486299307247
2636,131,8.254843678920502e-05
2636,132,6.545271396801867e-05
2636,133,5.134518015588454e-05
2636,134,3.983747946304162e-05
2636,135,3.056187130674451e-05
2636,136,2.317658844171259e-05
2636,137,1.736987929294781e-05
2636,138,1.286262557359761e-05
349,1,0.003359017492992834
349,2,0.003917158117943317
349,3,0.00451844830663145
349,4,0.005156771015940626
349,5,0.005824520633708992
349,6,0.006512833758696443
349,7,0.007211884054642164
349,8,0.007911220641874868
349,9,0.008600127429248866
349,10,0.00926798104531462
349,11,0.009904587261396647
349,12,0.010500479480911552
349,13,0.01104716738616168
349,14,0.011537328594739375
349,15,0.011964940689950387
349,16,0.01232535490103577
349,17,0.012615315815547113
349,18,0.012832933735329349
349,19,0.012977617666458533
349,20,0.01304997755449839
349,21,0.013051704366042395
349,22,0.012985436113261637
349,23,0.012854617054351446
349,24,0.012663356202986495
349,25,0.0124162900543977
349,26,0.012118453180658554
349,27,0.011775159144989805
349,28,0.011391893100769171
349,29,0.011753388686145314
349,30,0.012179747520606998
349,31,0.012582974284741305
349,32,0.012961121295825245
349,33,0.013312345083484988
349,34,0.01363490955902142
349,35,0.0139271929314799
349,36,0.014187698269836303
349,37,0.014415067316918918
349,38,0.014608096870338805
349,39,0.014765756811559779
349,40,0.014887208708906778
349,41,0.014971823853552389
349,42,0.015019199609754699
349,43,0.015029173064452906
349,44,0.015001831133153237
349,45,0.014937516500896612
349,46,0.014836829028769436
349,47,0.014700622517509762
349,48,0.014529996971643604
349,49,0.014326286734925892
349,50,0.014091045059367324
349,51,0.013826025817268155
349,52,0.013533163154074126
349,53,0.013214549848462565
349,54,0.012872414673466922
349,55,0.012509096135264885
349,56,0.012232357978361114
349,57,0.012178136300670531
349,58,0.012097753434642354
349,59,0.01199177728443524
349,60,0.011860900657475427
349,61,0.01170593655264269
349,62,0.01152781291055276
349,63,0.011327566787616847
349,64,0.01110633791669545
349,65,0.010865361622766615
349,66,0.010605961071713622
349,67,0.010329538843510174
349,68,0.010037567836992512
349,69,0.009731581531213115
349,70,0.009413163647177144
349,71,0.009083937272690759
349,72,0.008745553531270843
349,73,0.008399679892837662
349,74,0.008047988238616993
349,75,0.007692142804821519
349,76,0.00733378813891284
349,77,0.006974537208345813
349,78,0.006615959804570952
349,79,0.00625957138473427
349,80,0.005906822490066243
349,81,0.0055590888735585885
349,82,0.005217662460376137
349,83,0.0048837432527350086
349,84,0.00471658491313535
349,85,0.004610388898936372
349,86,0.004495121685607323
349,87,0.004371438363336456
349,88,0.004240042066937416
349,89,0.00410167974379781
349,90,0.00395713691139313
349,91,0.003807231731130334
349,92,0.0036528084763916458
349,93,0.0034947304266969292
349,94,0.0033338722291014625
349,95,0.003171111797225294
349,96,0.0030073218553643023
349,97,0.0028433612731767087
349,98,0.002680066370341182
349,99,0.002518242396114276
349,100,0.0023586554026114584
349,101,0.002202024730841946
349,102,0.0020490163143796988
349,103,0.0019002369778410354
349,104,0.0017562298681913697
349,105,0.0016174711095327064
349,106,0.0014843677203536807
349,107,0.0013572567804744835
349,108,0.0012364057872461696
349,109,0.0011220141011314484
349,110,0.001014215356465877
349,111,0.0009153579005335517
349,112,0.0008414244779599771
349,113,0.0007702612142340521
349,114,0.0007021014015692451
349,115,0.0006371412020762063
349,116,0.0005755398800920998
349,117,0.0005174203380610131
349,118,0.000462869903955075
349,119,0.0004119413352020873
349,120,0.00036465402153344225
349,121,0.00032099538480167015
349,122,0.0002809224857451686
349,123,0.0002443638545929689
349,124,0.0002112215636914619
349,125,0.00018137355607542147
349,126,0.00015467623477510444
349,127,0.00013096730477092191
349,128,0.00011006884425894089
349,129,9.179056574141228e-05
349,130,7.593321182228479e-05
349,131,6.229201674568655e-05
349,132,5.0660153766955846e-05
349,133,4.083208130693889e-05
349,134,3.260669823728061e-05
349,135,2.5790221090351375e-05
349,136,2.0198703728084373e-05
349,137,1.5660132938529795e-05
349,138,1.201605102650973e-05
2335,1,0.0017751488817366915
2335,2,0.002050724220478433
2335,3,0.0023484191028270273
2335,4,0.0026675165770778993
2335,5,0.0030072036286638137
2335,6,0.0033666283188857117
2335,7,0.0037449528946434775
2335,8,0.004141401486376262
2335,9,0.0045553018216728525
2335,10,0.004986121010286227
2335,11,0.0054334958580446084
2335,12,0.005897258357289164
2335,13,0.006377457024502874
2335,14,0.006874374666339062
2335,15,0.007388543004789794
2335,16,0.00792075442158136
2335,17,0.00847207091851608
2335,18,0.00904383024924142
2335,19,0.009637649063718211
2335,20,0.010255422817819285
2335,21,0.010899322131995123
2335,22,0.011571785228935767
2335,23,0.012275506035640121
2335,24,0.013013417497028563
2335,25,0.01378866961498139
2335,26,0.014604601699089418
2335,27,0.015464708295548833
2335,28,0.01637259825155759
2335,29,0.016113618552327343
2335,30,0.01574622010238571
2335,31,0.015404737561736843
2335,32,0.015088997980564425
2335,33,0.01479854407083713
2335,34,0.014532736142438267
2335,35,0.014290796812317968
2335,36,0.014071831884817042
2335,37,0.013874840919111812
2335,38,0.013698723920876671
2335,39,0.01354228767580082
2335,40,0.013404253862397512
2335,41,0.013283270344517194
2335,42,0.013177926605562326
2335,43,0.013086773999412403
2335,44,0.013008351287486716
2335,45,0.0129412157691427
2335,46,0.0128839801686157
2335,47,0.012835355293687034
2335,48,0.012794198300539576
2335,49,0.01275956613456298
2335,50,0.012730773255938695
2335,51,0.01270745182589162
2335,52,0.012689610387926565
2335,53,0.012677681576663167
2335,54,0.012672533452345536
2335,55,0.012675365250144927
2335,56,0.012587575480511707
2335,57,0.012283807769474575
2335,58,0.011999417446900728
2335,59,0.01173307664791642
2335,60,0.011483518540177626
2335,61,0.011249533045434728
2335,62,0.011029962442736794
2335,63,0.010823696902674321
2335,64,0.01062967000134412
2335,65,0.010446854263848422
2335,66,0.010274256787473585
2335,67,0.01011091499454514
2335,68,0.009955892564761714
2335,69,0.009808275596865122
2335,70,0.00966716904996728
2335,71,0.009531693515783566
2335,72,0.009400982374397768
2335,73,0.00927417938791908
2335,74,0.009150436788338325
2335,75,0.00902891391784259
2335,76,0.00890877648154142
2335,77,0.00878919647366334
2335,78,0.008669352838420987
2335,79,0.008548432925465716
2335,80,0.008425634796672027
2335,81,0.008300170435366263
2335,82,0.008171269900488231
2335,83,0.008038186455985528
2335,84,0.007735920289182974
2335,85,0.007379559624470494
2335,86,0.007045981334774954
2335,87,0.00673485558356513
2335,88,0.006444358404901708
2335,89,0.006172101338190943
2335,90,0.005915566900657822
2335,91,0.0056723258631896705
2335,92,0.005440146704745394
2335,93,0.0052170466669602756
2335,94,0.005001309297970923
2335,95,0.004791482346719184
2335,96,0.0045863643695697775
2335,97,0.004384985383006945
2335,98,0.004186585063985718
2335,99,0.003990590792971959
2335,100,0.0037965969841539274
2335,101,0.0036043465190002616
2335,102,0.0034137146239332774
2335,103,0.0032246951727472823
2335,104,0.0030373891280797093
2335,105,0.0028519946510324975
2335,106,0.002668798296698387
2335,107,0.002488166673772502
2335,108,0.002310537986027146
2335,109,0.0021364130286008693
2335,110,0.001966345636417415
2335,111,0.0017993037583296863
2335,112,0.0016250468607289723
2335,113,0.0014603603814632425
2335,114,0.0013054335489314961
2335,115,0.0011604189401593086
2335,116,0.00102542107416955
2335,117,0.0009004859335220345
2335,118,0.0007855919533810777
2335,119,0.0006806430045967554
2335,120,0.0005854638368098417
2335,121,0.0004997983412805456
2335,122,0.00042331084774211016
2335,123,0.00035559049628692494
2335,124,0.00029615853869004123
2335,125,0.0002444782401670097
2335,126,0.00019996688902625557
2335,127,0.00016200929302840873
2335,128,0.00012997205917775385
2335,129,0.00010321792515039439
2335,130,8.111943718117114e-05
2335,131,6.307134701663643e-05
2335,132,4.850122055372075e-05
2335,133,3.6877900281641025e-05
2335,134,2.7717627684463954e-05
2335,135,2.0587795001204412e-05
2335,136,1.5108444204089801e-05
2335,137,1.095175366029349e-05
2335,138,7.839842615338324e-06
2711,1,0.00018787284195296403
2711,2,0.00024457364961819576
2711,3,0.0003141477439665635
2711,4,0.0003983142480275089
2711,5,0.0004987440388247807
2711,6,0.0006169976078663134
2711,7,0.0007544613425110547
2711,8,0.0009122854361391908
2711,9,0.0010913266198109717
2711,10,0.0012920986705492784
2711,11,0.00151473321214355
2711,12,0.0017589527227552598
2711,13,0.0020240569509882766
2711,14,0.0023089231765735796
2711,15,0.002612019992999244
2711,16,0.002931433593327798
2711,17,0.0032649049549894086
2711,18,0.003609875880561404
2711,19,0.003963541581069361
2711,20,0.004322907392264473
2711,21,0.004684847283605559
2711,22,0.005046162031936716
2711,23,0.005403635254357829
2711,24,0.005754085888078556
2711,25,0.006094416126924987
2711,26,0.006421654233529064
2711,27,0.006732992006527188
2711,28,0.007025816964326187
2711,29,0.007317561751153871
2711,30,0.007603494610061907
2711,31,0.00788265780848215
2711,32,0.008155719893427515
2711,33,0.008423439008657385
2711,34,0.008686627022621986
2711,35,0.008946112799771248
2711,36,0.009202704671282062
2711,37,0.00945715237060998
2711,38,0.009710108497022665
2711,39,0.009962089469661
2711,40,0.010213435986219049
2711,41,0.010464273217861666
2711,42,0.010714471367344295
2711,43,0.010963607797099113
2711,44,0.011210932692270196
2711,45,0.011455341134933272
2711,46,0.011695355482747295
2711,47,0.011929123005985582
2711,48,0.012154434790889903
2711,49,0.012368772989634536
2711,50,0.012569394827156816
2711,51,0.012753464121455182
2711,52,0.01291824643622122
2711,53,0.013061397462296917
2711,54,0.013181408868018137
2711,55,0.013278356966830643
2711,56,0.013372999000895273
2711,57,0.013495483967729555
2711,58,0.013605796316239873
2711,59,0.01370358885488289
2711,60,0.013788493652906129
2711,61,0.013860123613563145
2711,62,0.013918074444708101
2711,63,0.013961927046565258
2711,64,0.013991250353052905
2711,65,0.01400560466886028
2711,66,0.014004545545368242
2711,67,0.01398762823604868
2711,68,0.013954412766614903
2711,69,0.013904469647030812
2711,70,0.013837386241522701
2711,71,0.013752773798971605
2711,72,0.013650275129525595
2711,73,0.013529572894048344
2711,74,0.013390398451276075
2711,75,0.01323254118354043
2711,76,0.013055858195991294
2711,77,0.012860284256896906
2711,78,0.0126458418184177
2711,79,0.012412650928995461
2711,80,0.012160938821053542
2711,81,0.011891048932075083
2711,82,0.011603449094359626
2711,83,0.011298738609738854
2711,84,0.011121782847772006
2711,85,0.010991185466881475
2711,86,0.010844725200367004
2711,87,0.010682158411624822
2711,88,0.010503586799842392
2711,89,0.01030938582996884
2711,90,0.010100147989600846
2711,91,0.009876636729657369
2711,92,0.009639746758343597
2711,93,0.009390468634124583
2711,94,0.009129856999111782
2711,95,0.008859002498694105
2711,96,0.008579007723128591
2711,97,0.008290967553040542
2711,98,0.007995954195051355
2711,99,0.007695007019957445
2711,100,0.00738912710663469
2711,101,0.007079276179425526
2711,102,0.006766379425031005
2711,103,0.006451331499280691
2711,104,0.00613500489053007
2711,105,0.005818259694432444
2711,106,0.0055019537661722
2711,107,0.005186952129162631
2711,108,0.0048741343824313865
2711,109,0.00456439854744308
2711,110,0.004258659269090718
2711,111,0.003963350867481649
2711,112,0.00372038980281435
2711,113,0.0034786594674004563
2711,114,0.003239177841785428
2711,115,0.003002998369066743
2711,116,0.00277119630311924
2711,117,0.002544852074784544
2711,118,0.002325032172225782
2711,119,0.002112768195941412
2711,120,0.0019090348911520005
2711,121,0.001714728065179255
2711,122,0.0015306433575670382
2711,123,0.001357456840644157
2711,124,0.0011957083847490134
2711,125,0.0010457886248862785
2711,126,0.0009079302168028637
2711,127,0.0007822038764469671
2711,128,0.0006685194670848556
2711,129,0.0005666321457781211
2711,130,0.00047615332084880216
2711,131,0.00039656592140390953
2711,132,0.0003272432563647661
2711,133,0.0002674705600707945
2711,134,0.00021646819807539413
2711,135,0.00017341544978052243
2711,136,0.00013747379832627864
2711,137,0.00010780874087573105
2711,138,8.360927572230507e-05
2305,1,0.00015115425183588615
2305,2,0.00019607723886555837
2305,3,0.00025124992775393107
2305,4,0.00031809017297650507
2305,5,0.00039798438529589457
2305,6,0.0004922316945389491
2305,7,0.0006019852313825143
2305,8,0.0007281938429655334
2305,9,0.0008715477628165685
2305,10,0.0010324316645847359
2305,11,0.001210888137073576
2305,12,0.0014065939579068095
2305,13,0.0016188506779445573
2305,14,0.0018465900431753808
2305,15,0.0020883937709818205
2305,16,0.0023425262584573277
2305,17,0.0026069780153922663
2305,18,0.0028795170470622597
2305,19,0.0031577450997100336
2305,20,0.003439155634322287
2305,21,0.0037211905948317052
2305,22,0.0040012934452040485
2305,23,0.0042769565091877034
2305,24,0.004545761290553027
2305,25,0.004805411112476123
2305,26,0.00505375602996028
2305,27,0.005288810488180599
2305,28,0.005508764587818109
2305,29,0.0057622897192287316
2305,30,0.006016250087544854
2305,31,0.006265831525354273
2305,32,0.006511295188477714
2305,33,0.006752993162113752
2305,34,0.006991333514726933
2305,35,0.007226744969840358
2305,36,0.007459642342598163
2305,37,0.007690393794807896
2305,38,0.007919290863624516
2305,39,0.008146522121429696
2305,40,0.008372151230581276
2305,41,0.008596100065035568
2305,42,0.008818137475567941
2305,43,0.009037874167376697
2305,44,0.009254764028032407
2305,45,0.009468112081561333
2305,46,0.009677089047549272
2305,47,0.00988075225743829
2305,48,0.010078072439504801
2305,49,0.010267965657804922
2305,50,0.010449329520183695
2305,51,0.010621082708568999
2305,52,0.010782206979371213
2305,53,0.010931790993029808
2305,54,0.011069075030297
2305,55,0.011193490017092293
2305,56,0.011324241032441064
2305,57,0.011490568072498479
2305,58,0.011648319594725091
2305,59,0.01179721819814407
2305,60,0.011936964226025757
2305,61,0.012067234453910225
2305,62,0.01218768127714745
2305,63,0.012297932421615056
2305,64,0.012397591200482167
2305,65,0.012486237339245901
2305,66,0.012563428390455962
2305,67,0.012628701758287682
2305,68,0.012681577351175456
2305,69,0.012721560877857158
2305,70,0.012748147798220097
2305,71,0.012760827935136056
2305,72,0.01275909074691543
2305,73,0.012742431252020733
2305,74,0.012710356588208441
2305,75,0.012662393177281883
2305,76,0.012598094454128583
2305,77,0.01251704910469466
2305,78,0.012418889742065146
2305,79,0.012303301932975342
2305,80,0.01217003346905081
2305,81,0.012018903758148878
2305,82,0.011849813191764978
2305,83,0.011662752325144281
2305,84,0.01160700869943265
2305,85,0.011600924273669927
2305,86,0.011580966739435336
2305,87,0.011546906810156252
2305,88,0.011498526977922821
2305,89,0.011435624865255647
2305,90,0.011358017011129687
2305,91,0.011265543105773303
2305,92,0.011158070684841174
2305,93,0.011035500285744342
2305,94,0.01089777105697961
2305,95,0.010744866795073629
2305,96,0.010576822363287091
2305,97,0.010393730421822171
2305,98,0.010195748371534568
2305,99,0.009983105382962355
2305,100,0.009756109351020158
2305,101,0.009515153584411552
2305,102,0.00926072300934854
2305,103,0.008993399641374963
2305,104,0.008713867058910418
2305,105,0.008422913599548899
2305,106,0.008121433997272304
2305,107,0.007810429188604402
2305,108,0.007491004046594333
2305,109,0.007164362890720769
2305,110,0.0068318029993279595
2305,111,0.0065031835503097995
2305,112,0.006244942340287901
2305,113,0.005979734360714754
2305,114,0.005708739726585282
2305,115,0.005433200998461642
2305,116,0.005154411980713137
2305,117,0.004873704975912344
2305,118,0.004592436718009755
2305,119,0.004311973262988016
2305,120,0.004033674160140131
2305,121,0.0037588762577536374
2305,122,0.003488877512087585
2305,123,0.003224921167367891
2305,124,0.0029681806576363945
2305,125,0.002719745550571878
2305,126,0.0024806088120379105
2305,127,0.002251655622255921
2305,128,0.002033653924789356
2305,129,0.0018272468424436216
2305,130,0.0016329470533933829
2305,131,0.0014511331885587256
2305,132,0.0012820482878199968
2305,133,0.001125800336454991
2305,134,0.0009823648907979483
2305,135,0.0008515897889307679
2305,136,0.0007332019231781211
2305,137,0.0006268160217648114
2305,138,0.0005319453441161986
25,1,1.7542010595561455e-05
25,2,2.518753129359534e-05
25,3,3.556676121599986e-05
25,4,4.941118853654935e-05
25,5,6.756397052190849e-05
25,6,9.097346271730337e-05
25,7,0.00012068039733637847
25,8,0.00015779885900336267
25,9,0.0002034917790388682
25,10,0.00025894219458528686
25,11,0.0003253219219307048
25,12,0.00040375951918620597
25,13,0.0004953094350337345
25,14,0.0006009240626035021
25,15,0.0007214300749055591
25,16,0.0008575099658822988
25,17,0.001009689223888308
25,18,0.0011783290847604405
25,19,0.0013636244000839858
25,20,0.0015656058453001266
25,21,0.0017841454950050647
25,22,0.0020189647052446746
25,23,0.002269643249013717
25,24,0.002535628729975589
25,25,0.002816245428918799
25,26,0.0031107018997121195
25,27,0.0034180968140222557
25,28,0.003737422749314496
25,29,0.003947076809702747
25,30,0.004141315147799197
25,31,0.004332952778060988
25,32,0.004522185392239043
25,33,0.0047093074485748355
25,34,0.004894696993546448
25,35,0.0050788026243329485
25,36,0.005262133000685518
25,37,0.005445248983510489
25,38,0.005628758132783242
25,39,0.005813310950446629
25,40,0.005999597918713835
25,41,0.006188346078627319
25,42,0.006380313640381292
25,43,0.006576280943632669
25,44,0.006777036026968074
25,45,0.006983353163294678
25,46,0.007195963026306036
25,47,0.0074155137436708015
25,48,0.007642523062085017
25,49,0.007877323332865723
25,50,0.008120003217994417
25,51,0.008370353205516446
25,52,0.008627826677407668
25,53,0.008891535231425872
25,54,0.009160307928391518
25,55,0.009432862769848033
25,56,0.009678168503371465
25,57,0.009854520966112749
25,58,0.01003129756243625
25,59,0.010208636544985918
25,60,0.010386642720003905
25,61,0.01056538378682287
25,62,0.010744886602336787
25,63,0.010925133366071014
25,64,0.011106057722876532
25,65,0.011287540785169444
25,66,0.01146940708339136
25,67,0.011651420461367084
25,68,0.011833279942245617
25,69,0.012014615600667456
25,70,0.012194984487731758
25,71,0.012373866667317966
25,72,0.012550661435448323
25,73,0.012724683808757034
25,74,0.012895161383826674
25,75,0.013061231686181765
25,76,0.013221940146019176
25,77,0.013376238857117534
25,78,0.01352298629545234
25,79,0.013660948194296283
25,80,0.013788799792206643
25,81,0.013905129688199508
25,82,0.014008445553166847
25,83,0.014097181956433263
25,84,0.014105478533511911
25,85,0.014077328901307692
25,86,0.014041318621786055
25,87,0.013997009025047902
25,88,0.013943917516325144
25,89,0.013881521210661402
25,90,0.013809261339426192
25,91,0.013726548510609133
25,92,0.013632768892953543
25,93,0.013527291375962796
25,94,0.013409475733561703
25,95,0.013278681788750362
25,96,0.013134279540460352
25,97,0.012975660173090429
25,98,0.012802247825541938
25,99,0.012613511952296494
25,100,0.012408980067119357
25,101,0.012188250623889493
25,102,0.011951005763076302
25,103,0.011697023641594449
25,104,0.011426190074835562
25,105,0.011138509262924803
25,106,0.01083411346862392
25,107,0.010513271708858945
25,108,0.010176397944892187
25,109,0.009824060313685093
25,110,0.009456996112112299
25,111,0.009077757083986168
25,112,0.008702344533500507
25,113,0.008319029081325754
25,114,0.007929019828104539
25,115,0.007533646372820317
25,116,0.007134353080297146
25,117,0.006732690710416849
25,118,0.0063303051842051785
25,119,0.005928923335182236
25,120,0.005530335567357111
25,121,0.005136375427927919
25,122,0.004748896209877004
25,123,0.004369744829561119
25,124,0.004000733375415396
25,125,0.0036436088902005817
25,126,0.0033000221209362204
25,127,0.0029714961343850466
25,128,0.0026593958359449337
25,129,0.002364899529657684
25,130,0.0020889737016716804
25,131,0.0018323521871255882
25,132,0.0015955207842630742
25,133,0.0013787082088931061
25,134,0.0011818840426636719
25,135,0.0010047640314976415
25,136,0.0008468227523121259
25,137,0.000707313306755513
25,138,0.0005852933423589337
326,1,0.00015621149173260132
326,2,0.00021366340762739278
326,3,0.0002874974521170594
326,4,0.00038071565304185
326,5,0.0004963821887371445
326,6,0.0006374902126989556
326,7,0.000806811921668763
326,8,0.0010067409490047566
326,9,0.0012391376571445492
326,10,0.0015051881185513183
326,11,0.0018052865544820982
326,12,0.0021389489248858492
326,13,0.0025047625632287733
326,14,0.00290037365473468
326,15,0.003322511407257624
326,16,0.0037670453370564905
326,17,0.004229070437632271
326,18,0.004703014213526779
326,19,0.005182759585389767
326,20,0.005661778329524892
326,21,0.006133270753975976
326,22,0.006590308464807558
326,23,0.007025978100480937
326,24,0.007433524632469336
326,25,0.007806493150939834
326,26,0.008138867962818564
326,27,0.00842520738552564
326,28,0.008660771936669264
326,29,0.009235986374833525
326,30,0.00984176994125978
326,31,0.010430545073742973
326,32,0.01099601939242362
326,33,0.011531926939469674
326,34,0.012032147423807277
326,35,0.012490836588983674
326,36,0.012902564275791197
326,37,0.013262456085307628
326,38,0.013566334350894814
326,39,0.013810854474582326
326,40,0.01399363359174946
326,41,0.014113369951933826
326,42,0.014169953231503869
326,43,0.014164568050340314
326,44,0.014099795009862102
326,45,0.01397971529121407
326,46,0.013810025834972971
326,47,0.013598171769163201
326,48,0.013353500075623852
326,49,0.013087431579363566
326,50,0.012813632896460049
326,51,0.0125481347979339
326,52,0.012309255785478963
326,53,0.012116940446306023
326,54,0.01199028441323267
326,55,0.011938500582849478
326,56,0.011992375446913084
326,57,0.012193530003931835
326,58,0.01237290838797662
326,59,0.012529732266307882
326,60,0.012663315911192574
326,61,0.012773068830139301
326,62,0.012858498195606876
326,63,0.01291921108428601
326,64,0.012954916527650127
326,65,0.012965427366976952
326,66,0.012950661897868906
326,67,0.012910645281511285
326,68,0.012845510692524275
326,69,0.012755500166331774
326,70,0.012640965102577619
326,71,0.0125023663753996
326,72,0.01234027399650078
326,73,0.012155366273137349
326,74,0.011948428400596449
326,75,0.01172035042768945
326,76,0.01147212453444748
326,77,0.01120484156376981
326,78,0.010919686753392562
326,79,0.010617934621334042
326,80,0.010300942966993847
326,81,0.009970145961355295
326,82,0.009627046313220537
326,83,0.009273206514000735
326,84,0.009137656980456285
326,85,0.009082720257946693
326,86,0.009009586001801979
326,87,0.008918487929835156
326,88,0.008809741801275344
326,89,0.008683746014027369
326,90,0.008540981844747355
326,91,0.00838201324675408
326,92,0.008207486113005731
326,93,0.00801812690905773
326,94,0.007814740584365251
326,95,0.0075982076801395975
326,96,0.007369480569008386
326,97,0.00712957878669605
326,98,0.006879583449293208
326,99,0.006620630791435285
326,100,0.00635390491030327
326,101,0.0060806298567933565
326,102,0.005802061277730352
326,103,0.005519477883308016
326,104,0.005234173101858035
326,105,0.004947447422644352
326,106,0.0046606022151149664
326,107,0.0043749365444119255
326,108,0.004091750633574237
326,109,0.003812366753290192
326,110,0.003538207400564604
326,111,0.0032776489751009815
326,112,0.0030803732393743883
326,113,0.002884922274822158
326,114,0.0026922371992128343
326,115,0.002503206000047171
326,116,0.002318656052556923
326,117,0.002139347602154507
326,118,0.001965968350539309
326,119,0.0017991292142895353
326,120,0.0016393612724181512
326,121,0.0014871138741119655
326,122,0.0013427538396875228
326,123,0.0012065656587545682
326,124,0.001078752571784906
326,125,0.0009594384161161089
326,126,0.0008486701250996493
326,127,0.0007464207884388574
326,128,0.0006525932100451226
326,129,0.0005670239328388018
326,130,0.0004894877326076693
326,131,0.0004197026095587059
326,132,0.0003573353210594637
326,133,0.0003020074979067807
326,134,0.00025330236693279617
326,135,0.0002107720651795313
326,136,0.00017394547852874408
326,137,0.00014233647662609643
326,138,0.00011545235431942069
309,1,0.0003701207269537253
309,2,0.00045981592495061407
309,3,0.0005656407947249234
309,4,0.0006891592529975921
309,5,0.000831827805222216
309,6,0.0009949469709119372
309,7,0.0011796143308585375
309,8,0.0013866809940392389
309,9,0.0016167130494888185
309,10,0.001869959277118205
309,11,0.0021463260661628465
309,12,0.0024453601597183767
309,13,0.0027662395316621277
309,14,0.0031077724231952145
309,15,0.0034684043277376105
309,16,0.0038462325164066165
309,17,0.004239027539199476
309,18,0.00464426101451521
309,19,0.005059138926337136
309,20,0.00548063957907091
309,21,0.005905555310268937
309,22,0.006330537027792542
309,23,0.006752140617897431
309,24,0.007166874262882095
309,25,0.007571245711162792
309,26,0.007961808560335987
309,27,0.008335206648523332
309,28,0.008688215708412812
309,29,0.009008950877897574
309,30,0.009317687565528086
309,31,0.00961642281353816
309,32,0.009905365918633257
309,33,0.01018476569458276
309,34,0.010454948106936616
309,35,0.010716313782835243
309,36,0.010969317573605569
309,37,0.011214437954284522
309,38,0.011452139970998386
309,39,0.011682834244696468
309,40,0.011906834273478896
309,41,0.01212431433766325
309,42,0.012335270470749228
309,43,0.012539487106917954
309,44,0.012736512087812898
309,45,0.012925642664832258
309,46,0.013105924940382345
309,47,0.013276168844602091
309,48,0.013434980265334283
309,49,0.01358081140929296
309,50,0.013712030021445045
309,51,0.01382700801356398
309,52,0.013924230880088814
309,53,0.014002431935614982
309,54,0.014060760881097896
309,55,0.014098997002506018
309,56,0.014130495492879138
309,57,0.014176493052168471
309,58,0.014209022813864403
309,59,0.014227941374844753
309,60,0.01423307413347223
309,61,0.014224218119368538
309,62,0.014201145583752612
309,63,0.014163608299228176
309,64,0.014111342525677806
309,65,0.014044074604625057
309,66,0.013961527147891905
309,67,0.013863425787381303
309,68,0.01374950645117316
309,69,0.013619523126722
309,70,0.01347325606473216
309,71,0.013310520367277694
309,72,0.013131174891021311
309,73,0.012935131381153184
309,74,0.012722363734207166
309,75,0.012492917268633542
309,76,0.012246917861474641
309,77,0.01198458078841974
309,78,0.011706219083794923
309,79,0.01141225121773304
309,80,0.0111032078711017
309,81,0.01077973757614246
309,82,0.010442610983796808
309,83,0.010092723519329074
309,84,0.00984135734716079
309,85,0.009629468811396416
309,86,0.009414490611704497
309,87,0.009197827963802979
309,88,0.008979512349998196
309,89,0.008758936838686676
309,90,0.008535204530518337
309,91,0.008307327409306014
309,92,0.00807435359299123
309,93,0.007835453060983013
309,94,0.007589975200362669
309,95,0.007337485073399582
309,96,0.00707778271225797
309,97,0.0068109086877394896
309,98,0.006537138753129814
309,99,0.006256970130329546
309,100,0.005971101803918785
309,101,0.005680410944702999
309,102,0.00538592727653291
309,103,0.00508880683672107
309,104,0.004790306184221528
309,105,0.004491757710177709
309,106,0.004194546331919311
309,107,0.003900087529468575
309,108,0.003609806433561828
309,109,0.0033251175268403104
309,110,0.0030474046825238257
309,111,0.002781516646175529
309,112,0.002554125280191545
309,113,0.0023326344582654543
309,114,0.0021182222321584356
309,115,0.0019119970523335768
309,116,0.0017149782494055958
309,117,0.0015280766899516303
309,118,0.001352076279548474
309,119,0.001187617131671236
309,120,0.0010351813084277799
309,121,0.0008950820511133017
309,122,0.0007674573445697589
309,123,0.0006522684968329137
309,124,0.0005493041715228746
309,125,0.0004581900015717824
309,126,0.00037840356458179297
309,127,0.00030929414418455676
309,128,0.00025010637307497455
309,129,0.00020000658567529341
309,130,0.00015811053003810717
309,131,0.00012351101882514915
309,132,9.53041453147794e-05
309,133,7.261284668086873e-05
309,134,5.460684520572668e-05
309,135,4.0518310735619216e-05
309,136,2.9652930695431008e-05
309,137,2.1396412355846148e-05
309,138,1.5216745201964599e-05
235,1,0.00020007940628129648
235,2,0.0002563584785213659
235,3,0.0003243853835576283
235,4,0.00040558515675535964
235,5,0.000501370680605112
235,6,0.0006131209885020128
235,7,0.0007421627971244814
235,8,0.0008897556132565862
235,9,0.0010570803040151283
235,10,0.0012452306689358286
235,11,0.0014552073356984923
235,12,0.0016879132224844307
235,13,0.001944149851580399
235,14,0.0022246139289032163
235,15,0.0025298937843927457
235,16,0.002860465461531999
235,17,0.0032166884197610953
235,18,0.003598800949674233
235,19,0.004006915486059621
235,20,0.004441014035594027
235,21,0.004900943918979586
235,22,0.005386413970792724
235,23,0.0058969912557489765
235,24,0.006432098258961549
235,25,0.006991010400059298
235,26,0.0075728536142938025
235,27,0.008176601642906955
235,28,0.00880107258265783
235,29,0.009013299206717078
235,30,0.009169403151260027
235,31,0.009317341202691719
235,32,0.00945861768389798
235,33,0.009594743579732529
235,34,0.00972720918022771
235,35,0.009857458271829043
235,36,0.00998686370412825
235,37,0.010116704309290035
235,38,0.010248143237410405
235,39,0.010382207861914768
235,40,0.0105197715237272
235,41,0.01066153752771735
235,42,0.010808025981086529
235,43,0.010959564268008752
235,44,0.011116282180168238
235,45,0.011278112954302125
235,46,0.011444801681708026
235,47,0.011615922714486904
235,48,0.011790907744830697
235,49,0.011969086095497508
235,50,0.012149738301420574
235,51,0.012332163046021735
235,52,0.012515755418466144
235,53,0.012700089894932766
235,54,0.012884990068688902
235,55,0.013070532798885533
235,56,0.01319441285910039
235,57,0.013174681683962262
235,58,0.01315762658173534
235,59,0.01314311145643674
235,60,0.013130941407398176
235,61,0.013120864938975492
235,62,0.013112575852667748
235,63,0.013105714838282923
235,64,0.013099870792582782
235,65,0.01309458190606648
235,66,0.013089336570968352
235,67,0.013083574175894832
235,68,0.013076685864569757
235,69,0.01306801534766381
235,70,0.013056859867399075
235,71,0.013042471424270483
235,72,0.013024058383509295
235,73,0.013000787585491072
235,74,0.012971787088784405
235,75,0.01293614967652281
235,76,0.012892937255786772
235,77,0.012841186275175578
235,78,0.01277991427715277
235,79,0.01270812768844049
235,80,0.012624830933071337
235,81,0.012529036928038516
235,82,0.012419778990217683
235,83,0.012296124144841453
235,84,0.012048599501788848
235,85,0.011752131197732822
235,86,0.011455333142636802
235,87,0.011157918591496748
235,88,0.01085962694909203
235,89,0.01056023674013996
235,90,0.01025957384635192
235,91,0.009957516797527986
235,92,0.00965399956152295
235,93,0.00934901200831828
235,94,0.009042598243139277
235,95,0.008734853108492684
235,96,0.008425917274403725
235,97,0.008115971438273294
235,98,0.007805230223862539
235,99,0.007493936394022227
235,100,0.007182355970425822
235,101,0.0068707747865103894
235,102,0.00655949689125861
235,103,0.006248845078190821
235,104,0.005939163644808106
235,105,0.005630823303281388
235,106,0.005324227976158589
235,107,0.005019823038588964
235,108,0.004718104440960177
235,109,0.004419628133472213
235,110,0.0041250195412124106
235,111,0.003834711673093415
235,112,0.0035486370602187812
235,113,0.003270924611536083
235,114,0.003002103845419735
235,115,0.0027427447722361315
235,116,0.002493448971848324
235,117,0.002254836507437731
235,118,0.002027528843023959
235,119,0.0018121282743510643
235,120,0.0016091947263972076
235,121,0.0014192210846118835
235,122,0.0012426084778061803
235,123,0.00107964308665685
235,124,0.0009304760870365116
235,125,0.0007951082357570499
235,126,0.0006733803650334192
235,127,0.0005649706836052291
235,128,0.00046939931501454614
235,129,0.000386039978424058
235,130,0.00031413818511238
235,131,0.0002528348381745945
235,132,0.0002011937341664436
235,133,0.00015823121336077186
235,134,0.00012294611409468083
235,135,9.434826150317497e-05
235,136,7.14839473338417e-05
235,137,5.345720389484855e-05
235,138,3.944609749041852e-05
278,1,0.0002491972699010065
278,2,0.00031326836525346903
278,3,0.00039009634853483087
278,4,0.00048128386626726413
278,5,0.0005884363130153762
278,6,0.0007131198663169181
278,7,0.0008568154156771384
278,8,0.0010208697979678435
278,9,0.001206446026111402
278,10,0.001414474411849173
278,11,0.0016456066113080074
278,12,0.0019001746473759934
278,13,0.002178156875903707
278,14,0.0024791526620986516
278,15,0.0028023672269418144
278,16,0.003146607727648393
278,17,0.003510291175234564
278,18,0.003891464295445863
278,19,0.0042878349382522545
278,20,0.0046968141666254735
278,21,0.0051155677345245485
278,22,0.005541075318110704
278,23,0.005970195606954227
278,24,0.006399735199171932
278,25,0.006826519174200253
278,26,0.007247461230854841
278,27,0.007659631363035106
278,28,0.008060319184223615
278,29,0.008446832778114323
278,30,0.00881614114241026
278,31,0.009165362001177407
278,32,0.009492428320248734
278,33,0.009795998679379702
278,34,0.01007540657101119
278,35,0.010330622245737268
278,36,0.01056220926866559
278,37,0.010771270831337006
278,38,0.010959385188519202
278,39,0.011128531038185023
278,40,0.011281004079789944
278,41,0.011419326058230652
278,42,0.011546147633185386
278,43,0.01166414655253471
278,44,0.011775922914503145
278,45,0.011883893773779394
278,46,0.011990189924915169
278,47,0.012096558271494225
278,48,0.012204273599442676
278,49,0.012314063604005688
278,50,0.012426050408337727
278,51,0.01253971023807263
278,52,0.01265385000472995
278,53,0.012766595027037074
278,54,0.012875377587356239
278,55,0.01297693354678357
278,56,0.01306768959701444
278,57,0.013146059940594194
278,58,0.01321178041710619
278,59,0.013264808395464234
278,60,0.013305124080073904
278,61,0.0133327300122711
278,62,0.013347650192052168
278,63,0.013349928877511814
278,64,0.013339629136082814
278,65,0.01331683122657742
278,66,0.013281630890425705
278,67,0.013234137626765749
278,68,0.01317447302037923
278,69,0.013102769184650686
278,70,0.01301916737430191
278,71,0.012923816815005248
278,72,0.012816873789390872
278,73,0.012698501011612393
278,74,0.012568867315608634
278,75,0.012428147675516718
278,76,0.012276523570296578
278,77,0.012114183698417855
278,78,0.011941325042297137
278,79,0.011758154275890312
278,80,0.011564889502276689
278,81,0.011361762301068097
278,82,0.011149020057929206
278,83,0.010926928540341382
278,84,0.010697379485257705
278,85,0.010469344853015901
278,86,0.010252917877676853
278,87,0.010050318593956512
278,88,0.009860096378942813
278,89,0.00967923021488522
278,90,0.009504162015099247
278,91,0.009331341890917135
278,92,0.009157516779792256
278,93,0.008979870518235563
278,94,0.00879607391769387
278,95,0.008604280567525957
278,96,0.008403091930606203
278,97,0.008191507836844433
278,98,0.007968873334820971
278,99,0.00773482903810273
278,100,0.00748926916755991
278,101,0.0072323092380336945
278,102,0.006964263649099738
278,103,0.006685632228965122
278,104,0.00639709397174139
278,105,0.006099505730435857
278,106,0.005793903415475599
278,107,0.005481503243435321
278,108,0.005163700733318702
278,109,0.004842065412117881
278,110,0.00451832948168092
278,111,0.004194368336516159
278,112,0.0038721709963612473
278,113,0.0035538122756408274
278,114,0.0032414177602235134
278,115,0.00293711574204405
278,116,0.0026429827922428793
278,117,0.0023609868787180396
278,118,0.0020929307698286073
278,119,0.0018403986671157678
278,120,0.001604709010740464
278,121,0.0013868761862485303
278,122,0.0011875834328338582
278,123,0.001007168633185253
278,124,0.0008456238940545797
278,125,0.0007026089625118635
278,126,0.000577477635489276
278,127,0.00046931548562812104
278,128,0.0003769865187102462
278,129,0.0002991858609785407
278,130,0.00023449529449389431
278,131,0.0001814384376754723
278,132,0.0001385326017988948
278,133,0.0001043348113436569
278,134,7.748010272853925e-05
278,135,5.671094228018357e-05
278,136,4.089735352297148e-05
278,137,2.9048042361334642e-05
278,138,2.031339477497898e-05
8,1,6.324585760333201e-05
8,2,8.693203254332372e-05
8,3,0.00011781674324132397
8,4,0.00015753796103244798
8,5,0.00020795606349393084
8,6,0.00027114874752567843
8,7,0.0003493974916446978
8,8,0.0004451644595023973
8,9,0.0005610591626795349
8,10,0.0006997946518718562
8,11,0.0008641335367870204
8,12,0.0010568247284921755
8,13,0.0012805324087524108
8,14,0.001537759300379572
8,15,0.0018307667786520842
8,16,0.0021614946715649125
8,17,0.0025314837078038283
8,18,0.002941803470943321
8,19,0.003392988417221751
8,20,0.0038849840470241382
8,21,0.004417104739922666
8,22,0.004988004133204842
8,23,0.005595658309317264
8,24,0.006237361517192148
8,25,0.006909733731932256
8,26,0.007608739086196231
8,27,0.008329714096348242
8,28,0.009067404651342576
8,29,0.009375084108983037
8,30,0.00960627229978645
8,31,0.009807973543025938
8,32,0.009980453343667135
8,33,0.010124293990648656
8,34,0.010240351130913964
8,35,0.010329713523909089
8,36,0.010393667992950061
8,37,0.010433671275713778
8,38,0.010451330187982165
8,39,0.010448391268844691
8,40,0.010426740883957352
8,41,0.010388416638067843
8,42,0.010335630906506289
8,43,0.010270807370098571
8,44,0.010196631689210272
8,45,0.010116117986670564
8,46,0.010032693801271288
8,47,0.009950307887694219
8,48,0.00987356801825904
8,49,0.009807920069045382
8,50,0.009759884760345967
8,51,0.009737371115090411
8,52,0.009750070903278455
8,53,0.009809842449718173
8,54,0.009930520846605758
8,55,0.010124030902070529
8,56,0.010325433303118026
8,57,0.010429519273582367
8,58,0.010533811321861788
8,59,0.010638343129719199
8,60,0.01074310421211936
8,61,0.010848038345279785
8,62,0.010953041952228485
8,63,0.01105796244199281
8,64,0.011162596506987098
8,65,0.011266688391936409
8,66,0.011369928156836311
8,67,0.011471949966061197
8,68,0.011572330445826638
8,69,0.011670587162804485
8,70,0.011766177287759909
8,71,0.011858496519561033
8,72,0.011946878356683331
8,73,0.012030593815192146
8,74,0.012108851703856864
8,75,0.012180799578154456
8,76,0.012245525504973003
8,77,0.012302060778238791
8,78,0.012349383731759218
8,79,0.012386424798488801
8,80,0.01241207296428592
8,81,0.012425183758056886
8,82,0.012424588907989245
8,83,0.012409107774430914
8,84,0.012286312559347194
8,85,0.012119001855898074
8,86,0.0119479971867805
8,87,0.011772997951909824
8,88,0.011593689593321136
8,89,0.01140974856265812
8,90,0.011220847451635797
8,91,0.011026660242870459
8,92,0.010826867641606426
8,93,0.010621162464875466
8,94,0.01040925508952533
8,95,0.010190878991147564
8,96,0.00996579643826843
8,97,0.009733804435651593
8,98,0.009494741032423986
8,99,0.009248492120622032
8,100,0.008994998844373183
8,101,0.008734265717717946
8,102,0.008466369510827156
8,103,0.008191468913667526
8,104,0.007909814929255174
8,105,0.0076217618919863185
8,106,0.007327778945740921
8,107,0.007028461689515798
8,108,0.006724543177367044
8,109,0.006416900875673231
8,110,0.006106541375351222
8,111,0.005794983175771722
8,112,0.005488888828653082
8,113,0.005185094300105247
8,114,0.004884186817591478
8,115,0.0045868136956437175
8,116,0.004293679841430116
8,117,0.004005542669570416
8,118,0.0037232042575991754
8,119,0.003447500699861603
8,120,0.0031792887640001216
8,121,0.0029194301123233388
8,122,0.0026687735103988093
8,123,0.002428135596206043
8,124,0.0021982809137108985
8,125,0.0019799020137639873
8,126,0.0017736004831102167
8,127,0.0015798697716420038
8,128,0.0013990806445958906
8,129,0.0012314699897540643
8,130,0.0010771335636144436
8,131,0.0009360230728548526
8,132,0.0008079477699089371
8,133,0.0006925805086869149
8,134,0.0005894679747453174
8,135,0.0004980445901745598
8,136,0.00041764941254448845
8,137,0.0003475452121458101
8,138,0.0002869388312599898
2247,1,0.0012466985090957734
2247,2,0.0015099757439071277
2247,3,0.0018083904597743655
2247,4,0.0021424461069201326
2247,5,0.0025119235128031833
2247,6,0.0029158439181763726
2247,7,0.003352457324585459
2247,8,0.0038192559995452874
2247,9,0.004313011997686918
2247,10,0.004829836759074467
2247,11,0.005365260199101395
2247,12,0.005914326168379729
2247,13,0.006471700712415302
2247,14,0.007031789199025
2247,15,0.0075888581267632696
2247,16,0.008137157313068839
2247,17,0.00867103822060082
2247,18,0.009185064438562245
2247,19,0.009674110798842905
2247,20,0.010133448258678068
2247,21,0.010558812484970976
2247,22,0.010946454976228977
2247,23,0.011293176491778622
2247,24,0.011596343457617482
2247,25,0.011853888821766564
2247,26,0.01206429948777442
2247,27,0.012226592926110915
2247,28,0.012340285829003988
2247,29,0.012621398751819939
2247,30,0.012901917137679051
2247,31,0.013160302817353144
2247,32,0.013397839313246826
2247,33,0.01361576408961331
2247,34,0.013815223057985796
2247,35,0.013997228607491105
2247,36,0.014162620876336973
2247,37,0.014312034859204927
2247,38,0.014445875879947216
2247,39,0.014564305630841585
2247,40,0.014667240592526661
2247,41,0.014754364138726285
2247,42,0.014825152927855485
2247,43,0.014878917257381887
2247,44,0.014914853923405321
2247,45,0.01493210885941807
2247,46,0.014929845551068065
2247,47,0.014907314108083054
2247,48,0.014863915110967355
2247,49,0.014799252113795744
2247,50,0.014713167087963847
2247,51,0.01460575412918426
2247,52,0.014477348228281194
2247,53,0.01432848733468349
2247,54,0.014159846270228846
2247,55,0.013972138021518414
2247,56,0.01380262282519538
2247,57,0.01370163436371578
2247,58,0.013584577439291612
2247,59,0.013451818019064194
2247,60,0.0133037316696612
2247,61,0.013140704377754596
2247,62,0.012963133708452458
2247,63,0.0127714302726541
2247,64,0.012566019469899234
2247,65,0.012347343468750103
2247,66,0.012115863382366535
2247,67,0.01187206159264271
2247,68,0.011616444172020313
2247,69,0.011349543347846342
2247,70,0.011071919949894007
2247,71,0.010784165777449558
2247,72,0.010486905818273766
2247,73,0.010180800247922112
2247,74,0.009866546134564579
2247,75,0.009544878771845794
2247,76,0.009216572560783008
2247,77,0.008882441361553
2247,78,0.008543338237618929
2247,79,0.008200154518335622
2247,80,0.007853818112247772
2247,81,0.007505291012005901
2247,82,0.007155565943332259
2247,83,0.006805662124838819
2247,84,0.006559082495661236
2247,85,0.006351079769277808
2247,86,0.006136961259153238
2247,87,0.005917464819760786
2247,88,0.005693542757129433
2247,89,0.005466254435666464
2247,90,0.005236689423415641
2247,91,0.0050059146759126915
2247,92,0.004774939272580398
2247,93,0.0045446924015701985
2247,94,0.004316011632543153
2247,95,0.004089639237079833
2247,96,0.0038662247089280835
2247,97,0.0036463318757969294
2247,98,0.003430449171359305
2247,99,0.003219001793436314
2247,100,0.0030123646293474986
2247,101,0.0028108749865744095
2247,102,0.0026148443250974115
2247,103,0.0024245683445527954
2247,104,0.002240334932948903
2247,105,0.00206242963367228
2247,106,0.0018911384345903955
2247,107,0.0017267478282358111
2247,108,0.0015695422359276975
2247,109,0.0014197990311497915
2247,110,0.001277781538233225
2247,111,0.0011454142696170726
2247,112,0.001034691119108015
2247,113,0.0009293733195808605
2247,114,0.0008297722162451384
2247,115,0.0007361574161241411
2247,116,0.0006487478966962658
2247,117,0.0005677039389506222
2247,118,0.0004931204017945865
2247,119,0.00042502180874743624
2247,120,0.00036335963500167033
2247,121,0.0003080120664126378
2247,122,0.00025878635874553084
2247,123,0.00021542376586253535
2247,124,0.00017760684220913337
2247,125,0.0001449687718672215
2247,126,0.00011710424716461632
2247,127,9.358132606182295e-05
2247,128,7.395364769262944e-05
2247,129,5.7772383609587206e-05
2247,130,4.459734773017354e-05
2247,131,3.400677518588675e-05
2247,132,2.5605399664530745e-05
2247,133,1.903059795378637e-05
2247,134,1.3956515457985482e-05
2247,135,1.0096224007184819e-05
2247,136,7.202081695778664e-06
2247,137,5.06455520208484e-06
2247,138,3.509823163206417e-06
2655,1,2.8358135783869725e-05
2655,2,4.06380043880376e-05
2655,3,5.711095331486578e-05
2655,4,7.875918969576612e-05
2655,5,0.00010664953163379539
2655,6,0.0001419019969153922
2655,7,0.00018565098227518273
2655,8,0.0002390015479751951
2655,9,0.0003029839592447444
2655,10,0.0003785099076444453
2655,11,0.00046633371318810626
2655,12,0.000567021328768321
2655,13,0.0006809292199474168
2655,14,0.0008081942922892805
2655,15,0.0009487351066137382
2655,16,0.0011022637655795585
2655,17,0.0012683071496925927
2655,18,0.0014462356703684315
2655,19,0.001635297403834485
2655,20,0.0018346553596602102
2655,21,0.0020434256928746485
2655,22,0.0022607148525976583
2655,23,0.0024856539352404025
2655,24,0.0027174288418930002
2655,25,0.0029553051978099642
2655,26,0.0031986473528822505
2655,27,0.003446931127041359
2655,28,0.003699750279948362
2655,29,0.003956817973727499
2655,30,0.004217973354685853
2655,31,0.004483186118061407
2655,32,0.004752544096995822
2655,33,0.005026231898256272
2655,34,0.005304503319163009
2655,35,0.0055876476945958455
2655,36,0.0058759506639878825
2655,37,0.00616965025682259
2655,38,0.006468889631855654
2655,39,0.006773668292422568
2655,40,0.007083794136412776
2655,41,0.007398839262673847
2655,42,0.007718103003501713
2655,43,0.008040586123661611
2655,44,0.00836498044208932
2655,45,0.008689678207032269
2655,46,0.009012805308808755
2655,47,0.009332281792129414
2655,48,0.00964591212686744
2655,49,0.009951506379152255
2655,50,0.010247031942340314
2655,51,0.010530794030999071
2655,52,0.010801641723523011
2655,53,0.011059193807980091
2655,54,0.01130406787444736
2655,55,0.011538033938299176
2655,56,0.011763552384400848
2655,57,0.011981607595487994
2655,58,0.012192161404496216
2655,59,0.012395007278749098
2655,60,0.012589925599429053
2655,61,0.012776682444998796
2655,62,0.012955028941490306
2655,63,0.013124701150988283
2655,64,0.013285420459543744
2655,65,0.013436894417453486
2655,66,0.013578817978430338
2655,67,0.013710875079718451
2655,68,0.013832740502683604
2655,69,0.013944081952779557
2655,70,0.014044562298963233
2655,71,0.014133841915456689
2655,72,0.014211581073048265
2655,73,0.01427744233267539
2655,74,0.014331092900601403
2655,75,0.014372206911847735
2655,76,0.014400467616433313
2655,77,0.014415569451176953
2655,78,0.014417219988133917
2655,79,0.01440514175898112
2655,80,0.014379073962689417
2655,81,0.014338774071496608
2655,82,0.014284019357422777
2655,83,0.014214608368264292
2655,84,0.01413035847635239
2655,85,0.014031074784837883
2655,86,0.013916465045446467
2655,87,0.013786176204072515
2655,88,0.013639865358007056
2655,89,0.01347724545298037
2655,90,0.013298116894511321
2655,91,0.013102390560774748
2655,92,0.012890104394611824
2655,93,0.012661434378561995
2655,94,0.012416700152641796
2655,95,0.012156365376008317
2655,96,0.011881032974628064
2655,97,0.011591435567845311
2655,98,0.011288421574339359
2655,99,0.010972937724013329
2655,100,0.010646008915290283
2655,101,0.010308716530379602
2655,102,0.009962176432883824
2655,103,0.009607517907664235
2655,104,0.0092458647547353
2655,105,0.008878319618172033
2655,106,0.008505952428947632
2655,107,0.008129793595933504
2655,108,0.007750832368247594
2655,109,0.007370020883051354
2655,110,0.006988286124812649
2655,111,0.006606565162112937
2655,112,0.006225885086652287
2655,113,0.00584734917359352
2655,114,0.0054720837287929106
2655,115,0.005101231667606738
2655,116,0.004735961016698199
2655,117,0.004377471348291353
2655,118,0.004026996627857374
2655,119,0.0036858030824138284
2655,120,0.0033551809654042597
2655,121,0.003036429502658326
2655,122,0.0027308348350080646
2655,123,0.0024396413938783494
2655,124,0.0021640178084630195
2655,125,0.00190501908626118
2655,126,0.001663547364630444
2655,127,0.0014403139312849696
2655,128,0.0012358053965608833
2655,129,0.0010502568276562537
2655,130,0.0008836343083406536
2655,131,0.0007356287810744342
2655,132,0.0006056622085732373
2655,133,0.0004929061341297584
2655,134,0.0003963117212247656
2655,135,0.0003146494195437169
2655,136,0.00024655563875729437
2655,137,0.00019058329755812444
2655,138,0.00014525290778762137
59,1,1.0267205387623702e-05
59,2,1.4274435762243439e-05
59,3,1.9599666823869705e-05
59,4,2.6580543972580562e-05
59,5,3.560947323674899e-05
59,6,4.7133677313682866e-05
59,7,6.165292609052326e-05
59,8,7.971473403353684e-05
59,9,0.0001019069640086116
59,10,0.00012884793031170158
59,11,0.00016117423400700647
59,12,0.0001995266750231271
59,13,0.0002445346572828114
59,14,0.0002967995321776357
59,15,0.00035687731626048814
59,16,0.0004252611817642616
59,17,0.0005023640680285671
59,18,0.0005885017136000953
59,19,0.0006838763760965242
59,20,0.0007885614989349398
59,21,0.0009024876040092328
59,22,0.0010254297345879588
59,23,0.001156996834963708
59,24,0.0012966235206562002
59,25,0.0014435647511193775
59,26,0.0015968939516800057
59,27,0.0017555051302833933
59,28,0.0019181194881252846
59,29,0.0020881034111522806
59,30,0.002264253375138358
59,31,0.002445792363246833
59,32,0.0026322709293350854
59,33,0.0028232501309030005
59,34,0.0030183139029703212
59,35,0.0032170821766899908
59,36,0.003419224421475149
59,37,0.0036244731793617746
59,38,0.00383263702355226
59,39,0.004043612212099961
59,40,0.0042573921261332545
59,41,0.0044740733875481475
59,42,0.004693857357861429
59,43,0.004917045550167475
59,44,0.005144027370865567
59,45,0.005375258585893645
59,46,0.005611229021612647
59,47,0.005852418307360587
59,48,0.006099238982174873
59,49,0.006351967044186497
59,50,0.006610661018333829
59,51,0.006875071841557224
59,52,0.007144547337296106
59,53,0.00741793708685065
59,54,0.0076935080381298005
59,55,0.007968901358751872
59,56,0.008252046570890603
59,57,0.008559309517459342
59,58,0.00886713469337244
59,59,0.009174973158943459
59,60,0.009482227384654908
59,61,0.009788246672500287
59,62,0.010092322885670312
59,63,0.010393686576709473
59,64,0.010691503614965889
59,65,0.010984872421779555
59,66,0.011272821928030207
59,67,0.011554310373599186
59,68,0.011828225071818674
59,69,0.01209338326378065
59,70,0.012348534187093205
59,71,0.01259236248091392
59,72,0.012823493043455368
59,73,0.013040497449246909
59,74,0.013241902020857172
59,75,0.013426197633158077
59,76,0.013591851307185437
59,77,0.013737319624894629
59,78,0.013861063965323274
59,79,0.013961567526616727
59,80,0.01403735405688202
59,81,0.014087008169880798
59,82,0.014109197069303607
59,83,0.014102693448204631
59,84,0.014244570989876516
59,85,0.014444271420291973
59,86,0.014626315733993032
59,87,0.014789319311919633
59,88,0.014931845602615814
59,89,0.015052429528735999
59,90,0.015149601745743205
59,91,0.015221915024051721
59,92,0.01526797295063678
59,93,0.01528646054109073
59,94,0.01527617596359593
59,95,0.015236062308161148
59,96,0.015165238160757795
59,97,0.015063025659268972
59,98,0.014928974719228731
59,99,0.014762882223652353
59,100,0.014564805169209194
59,101,0.01433506703989693
59,102,0.014074257020545981
59,103,0.01378322203877027
59,104,0.013463051999291946
59,105,0.013115058902232218
59,106,0.012740750754708135
59,107,0.012341801202276743
59,108,0.011920015479875482
59,109,0.011477292427468812
59,110,0.011015581624924423
59,111,0.010551107607713035
59,112,0.010196357934130028
59,113,0.009821685069902346
59,114,0.009428533338585548
59,115,0.009018477791954416
59,116,0.00859323614082373
59,117,0.008154683367224276
59,118,0.007704867639581491
59,119,0.007246025560051013
59,120,0.006780594262148088
59,121,0.006311217496790319
59,122,0.0058407426646851345
59,123,0.005372205843968631
59,124,0.0049088022852853
59,125,0.004453840639510977
59,126,0.004010680345845277
59,127,0.003582653090061994
59,128,0.003172970937331226
59,129,0.002784625488056041
59,130,0.0024202839906913905
59,131,0.0020821895428225386
59,132,0.001772073102355934
59,133,0.001491084845895533
59,134,0.0012397513701470945
59,135,0.0010179633692160588
59,136,0.0008249958975015682
59,137,0.0006595604213931878
59,138,0.000519884930126141
2348,1,0.0002762775814226934
2348,2,0.0003620525128563053
2348,3,0.0004679752005449276
2348,4,0.0005967305046837223
2348,5,0.0007508035951595722
2348,6,0.0009323152068697099
2348,7,0.0011428509876673376
2348,8,0.0013832966454494677
2348,9,0.001653691814218398
2348,10,0.0019531153989660445
2348,11,0.0022796136199056223
2348,12,0.0026301791868994823
2348,13,0.0030007862727313194
2348,14,0.003386481620258213
2348,15,0.003781527684720849
2348,16,0.004179589654638157
2348,17,0.004573954929349928
2348,18,0.004957771463519922
2348,19,0.005324290480309255
2348,20,0.005667099414444247
2348,21,0.0059803324434803224
2348,22,0.006258848360556669
2348,23,0.006498368527092991
2348,24,0.0066955708874598015
2348,25,0.006848139214511639
2348,26,0.006954769618570291
2348,27,0.0070151386961663535
2348,28,0.0070298394005220395
2348,29,0.007442915533260869
2348,30,0.007893961217870355
2348,31,0.00833280128104577
2348,32,0.008756880197299284
2348,33,0.009163879357709001
2348,34,0.009551703187184301
2348,35,0.00991845982246189
2348,36,0.010262440165341936
2348,37,0.010582099297837239
2348,38,0.010876044227980483
2348,39,0.01114303173159588
2348,40,0.011381979669792128
2348,41,0.011591994592092205
2348,42,0.011772417666421408
2348,43,0.01192288997195276
2348,44,0.012043436871150746
2348,45,0.012134569397941553
2348,46,0.012197398102958789
2348,47,0.012233751140823734
2348,48,0.012246282799310334
2348,49,0.012238549776551148
2348,50,0.012215017675881165
2348,51,0.012180933924297631
2348,52,0.012141953019527897
2348,53,0.01210329359097793
2348,54,0.012067955444427686
2348,55,0.012032900254870742
2348,56,0.01207419384329887
2348,57,0.012306634805356167
2348,58,0.012515920034893097
2348,59,0.012701052383686896
2348,60,0.01286114642207203
2348,61,0.012995432537890875
2348,62,0.01310326068552969
2348,63,0.013184103799694678
2348,64,0.013237560875195476
2348,65,0.013263359700166235
2348,66,0.013261359216401382
2348,67,0.01323155146733283
2348,68,0.013174063082109012
2348,69,0.013089156233695708
2348,70,0.012977229000302497
2348,71,0.0128388150531004
2348,72,0.012674582589446072
2348,73,0.012485332429928058
2348,74,0.012271995199724437
2348,75,0.012035627520170919
2348,76,0.01177740714519344
2348,77,0.011498626989394687
2348,78,0.01120068801004365
2348,79,0.010885090923852833
2348,80,0.010553426760964416
2348,81,0.010207366282611527
2348,82,0.00984864831494201
2348,83,0.009479067078829792
2348,84,0.009388824313312543
2348,85,0.009404018214760184
2348,86,0.0093991334768575
2348,87,0.009374063260396364
2348,88,0.009328801613485795
2348,89,0.009263445138201319
2348,90,0.0091781942136504
2348,91,0.009073353765881151
2348,92,0.008949333573969149
2348,93,0.008806648099888658
2348,94,0.008645915827499568
2348,95,0.008467858093295026
2348,96,0.00827329738859437
2348,97,0.008063155109673469
2348,98,0.007838448728665327
2348,99,0.007600288353166251
2348,100,0.0073498726345925846
2348,101,0.007088483971027802
2348,102,0.006817482923258612
2348,103,0.006538301711410429
2348,104,0.006252436562451795
2348,105,0.005961438492777841
2348,106,0.005666901741728548
2348,107,0.005370448298380564
2348,108,0.005073705197054204
2348,109,0.004778266786912925
2348,110,0.004485621939791201
2348,111,0.004206932224994367
2348,112,0.00401696491536195
2348,113,0.0038229384653600423
2348,114,0.0036260120054545874
2348,115,0.0034273520542568965
2348,116,0.0032281196214102616
2348,117,0.003029457106303457
2348,118,0.002832475246219764
2348,119,0.0026382403819496633
2348,120,0.002447762314996863
2348,121,0.002261983027306332
2348,122,0.002081766521352787
2348,123,0.0019078900153183575
2348,124,0.0017410366953390587
2348,125,0.0015817901853248223
2348,126,0.0014306308461265712
2348,127,0.0012879339618302608
2348,128,0.0011539698141592605
2348,129,0.0010289055891604677
2348,130,0.0009128090064975563
2348,131,0.0008056535136666937
2348,132,0.0007073248478428573
2348,133,0.0006176287388080836
2348,134,0.0005362995086212394
2348,135,0.000463009317488622
2348,136,0.00039737780979595206
2348,137,0.00033898192767212865
2348,138,0.0002873656793296554
41,1,0.00046440776455047985
41,2,0.0005571481661219507
41,3,0.0006635544755027243
41,4,0.0007846398426998703
41,5,0.0009213005075968684
41,6,0.0010742755100661726
41,7,0.0012441068190809919
41,8,0.001431101842117606
41,9,0.001635300269774079
41,10,0.001856447054878133
41,11,0.002093973035064158
41,12,0.0023469843133534377
41,13,0.0026142610521928556
41,14,0.0028942658544368963
41,15,0.0031851614379560834
41,16,0.0034848368892515403
41,17,0.003790941426532107
41,18,0.004100924326089839
41,19,0.00441207947250136
41,20,0.004721592883943801
41,21,0.0050265915375664475
41,22,0.005324191874549062
41,23,0.0056115464975779236
41,24,0.0058858877802971735
41,25,0.006144567380171964
41,26,0.006385090968647302
41,27,0.006605147844257173
41,28,0.006802635447887303
41,29,0.007131903368722105
41,30,0.0074738893140094175
41,31,0.007811564627034048
41,32,0.008144250283548817
41,33,0.00847134571781771
41,34,0.00879230907990238
41,35,0.009106636073162783
41,36,0.00941383863021127
41,37,0.009713424732760451
41,38,0.01000488058194221
41,39,0.010287656124807414
41,40,0.010561154666709871
41,41,0.010824726975587257
41,42,0.011077669943001738
41,43,0.011319229539488019
41,44,0.01154860751775079
41,45,0.011764971101104018
41,46,0.011967464763144794
41,47,0.012155223165344654
41,48,0.01232738436910173
41,49,0.01248310256529304
41,50,0.012621559747379565
41,51,0.01274197596920233
41,52,0.012843618051420688
41,53,0.012925806813178184
41,54,0.01298792310967462
41,55,0.01302941321901242
41,56,0.013092104561605191
41,57,0.013235707933033313
41,58,0.013363113297965887
41,59,0.013473952351984354
41,60,0.013567875424903092
41,61,0.013644551553662933
41,62,0.013703668912836827
41,63,0.013744935654976122
41,64,0.01376808120768696
41,65,0.013772858065302953
41,66,0.013759044101395604
41,67,0.013726445414837864
41,68,0.013674899707239556
41,69,0.013604280173746403
41,70,0.013514499872820827
41,71,0.013405516524055895
41,72,0.013277337666659181
41,73,0.013130026095327072
41,74,0.012963705475169425
41,75,0.012778566023505454
41,76,0.012574870134100857
41,77,0.012352957809117876
41,78,0.012113251756040583
41,79,0.011856262001425772
41,80,0.011582589870765008
41,81,0.011292931184219458
41,82,0.01098807852162341
41,83,0.01066892241699915
41,84,0.010518935349353855
41,85,0.010431230210518942
41,86,0.010327170663018446
41,87,0.010206957927621656
41,88,0.010070880557398637
41,89,0.009919310818718566
41,90,0.009752697698807976
41,91,0.009571558017453612
41,92,0.009376466553987663
41,93,0.009168046055004339
41,94,0.008946957963313504
41,95,0.008713894617963352
41,96,0.008469573513535642
41,97,0.008214733991746975
41,98,0.00795013649460164
41,99,0.007676564262136175
41,100,0.007394827132923977
41,101,0.007105766920843895
41,102,0.0068102637097556
41,103,0.006509242334565511
41,104,0.006203678302306219
41,105,0.0058946024446471686
41,106,0.005583103674316778
41,107,0.005270329330822342
41,108,0.0049574827338372705
41,109,0.004645817705089033
41,110,0.004336629963394198
41,111,0.004037563094200069
41,112,0.0037966233892886355
41,113,0.0035550400446283984
41,114,0.0033140704233240027
41,115,0.0030750054772504
41,116,0.0028391542221099146
41,117,0.0026078254247912658
41,118,0.002382306847154347
41,119,0.0021638425558114065
41,120,0.001953608982287412
41,121,0.0017526905862053363
41,122,0.0015620561174067515
41,123,0.0013825365710312498
41,124,0.0012148059631733
41,125,0.0010593660084568992
41,126,0.0009165356466027145
41,127,0.0007864461444269776
41,128,0.000669042205188189
41,129,0.000564089171498347
41,130,0.00047118604163283207
41,131,0.0003897836663512725
41,132,0.0003192071877461831
41,133,0.0002586815511004662
41,134,0.0002073587839707252
41,135,0.000164345701156126
41,136,0.00012873075591265313
41,137,9.960890309506584e-05
41,138,7.610354853136731e-05
265,1,2.558090963575495e-06
265,2,3.883041688655142e-06
265,3,5.79360381168624e-06
265,4,8.498344710151938e-06
265,5,1.2258546329527655e-05
265,6,1.739371875696307e-05
265,7,2.4285198536839708e-05
265,8,3.337709776516279e-05
265,9,4.517397459888158e-05
265,10,6.023479375706521e-05
265,11,7.916302462593755e-05
265,12,0.00010259305821524293
265,13,0.00013117347463959035
265,14,0.00016554801626110824
265,15,0.0002063353752519151
265,16,0.0002541090530628015
265,17,0.0003093785715881707
265,18,0.0003725732070509929
265,19,0.00044402919047727634
265,20,0.0005239810006685691
265,21,0.0006125570046098672
265,22,0.0007097793183484958
265,23,0.0008155674088759156
265,24,0.0009297446679181467
265,25,0.0010520469849862172
265,26,0.0011821322410202756
265,27,0.0013195896356764235
265,28,0.0014639478416573364
265,29,0.001588612556157976
265,30,0.0017136022519072308
265,31,0.0018416269076735581
265,32,0.001972727715330352
265,33,0.002107018255598614
265,34,0.002244679676987768
265,35,0.0023859544340568894
265,36,0.0025311388453303414
265,37,0.002680574599757873
265,38,0.002834639211405335
265,39,0.002993735317068347
265,40,0.0031582786524819756
265,41,0.0033286845493040724
265,42,0.0035053528816530065
265,43,0.00368865156393775
265,44,0.003878898955531933
265,45,0.004076345842571455
265,46,0.004281158007531913
265,47,0.004493400714735321
265,48,0.0047130266786469715
265,49,0.004939869188645503
265,50,0.00517364200279701
265,51,0.005413947392653264
265,52,0.005660293375230862
265,53,0.0059121208393684965
265,54,0.006168841177478198
265,55,0.006429885194760769
265,56,0.006685658029828326
265,57,0.006923474036769851
265,58,0.00716440071635867
265,59,0.007408419342512696
265,60,0.007655492721146506
265,61,0.0079055611728136
265,62,0.008158538365706685
265,63,0.00841430700446282
265,64,0.008672714383209615
265,65,0.008933567815060701
265,66,0.00919662995493481
265,67,0.009461614038183906
265,68,0.009728179064086597
265,69,0.009995924960788776
265,70,0.010264387776723732
265,71,0.010533034952867348
265,72,0.010801260740306164
265,73,0.011068381838412614
265,74,0.011333633340307792
265,75,0.011596165084087137
265,76,0.011855038520306246
265,77,0.012109224218252931
265,78,0.012357600145325161
265,79,0.012598950865107974
265,80,0.01283196781018503
265,81,0.013055250794969643
265,82,0.01326731094148943
265,83,0.013466575196628004
265,84,0.013669225272326752
265,85,0.013871910281648178
265,86,0.014067691742872274
265,87,0.014255796486907302
265,88,0.014435373099648097
265,89,0.014605490839605962
265,90,0.014765139517725893
265,91,0.014913230468253016
265,92,0.01504859874322465
265,93,0.015170006666839079
265,94,0.015276148890053074
265,95,0.015365659090624996
265,96,0.0154371184694772
265,97,0.015489066200173004
265,98,0.015520011993143736
265,99,0.015528450937652946
265,100,0.015512880778711418
265,101,0.01547182176838724
265,102,0.015403839195318264
265,103,0.015307568636405125
265,104,0.015181743884789475
265,105,0.015025227384313469
265,106,0.01483704284280093
265,107,0.014616409513554668
265,108,0.01436277745930836
265,109,0.014075863071949784
265,110,0.013755684863515454
265,111,0.013409413866652599
265,112,0.013093636310342343
265,113,0.012748948457332378
265,114,0.012376247160037275
265,115,0.011976737547648685
265,116,0.011551938967236296
265,117,0.011103684924790696
265,118,0.0106341165208447
265,119,0.010145669059248352
265,120,0.009641051721927791
265,121,0.009123220433879581
265,122,0.008595344275285709
265,123,0.008060766014111828
265,124,0.007522957516277708
265,125,0.006985470928249548
265,126,0.00645188661149108
265,127,0.005925758840554168
265,128,0.005410560266820669
265,129,0.004909626116876151
265,130,0.0044260990633778205
265,131,0.003962875704262508
265,132,0.003522555636538008
265,133,0.003107394226503725
265,134,0.002719260355144115
265,135,0.0023596006308068927
265,136,0.0020294117646778645
265,137,0.001729222933956031
265,138,0.0014590899406067442
38,1,2.062608274804153e-05
38,2,2.9610070290461246e-05
38,3,4.180785631386696e-05
38,4,5.808174997564938e-05
38,5,7.942779422753325e-05
38,6,0.00010696949200742773
38,7,0.0001419443354718235
38,8,0.00018568314202561335
38,9,0.00023958276030295315
38,10,0.000305073220014365
38,11,0.000383580796226261
38,12,0.00047648869638833655
38,13,0.0005850971391033123
38,14,0.0007105844866851184
38,15,0.0008539708516493831
38,16,0.0010160852680453259
38,17,0.0011975371546450089
38,18,0.0013986924470241126
38,19,0.001619654477336976
38,20,0.0018602494579898054
38,21,0.002120016288442267
38,22,0.0023982003516196527
38,23,0.0026937509887851535
38,24,0.0030053224260068157
38,25,0.003331278056924692
38,26,0.003669698150549045
38,27,0.004018391234143695
38,28,0.004374909583322936
38,29,0.0046404672184709
38,30,0.004892673561503005
38,31,0.005141321299834041
38,32,0.005385994202933074
38,33,0.005626404468569312
38,34,0.005862387744620489
38,35,0.006093899084158259
38,36,0.0063210105050555835
38,37,0.00654391056400371
38,38,0.006762906027836962
38,39,0.0069784253406667
38,40,0.00719102315749172
38,41,0.007401384763102738
38,42,0.007610328743039734
38,43,0.007818805847224568
38,44,0.008027891611774638
38,45,0.008238769999377298
38,46,0.008452705088698009
38,47,0.00867099766864341
38,48,0.008894923410924807
38,49,0.009125648969265937
38,50,0.009364121629757728
38,51,0.009610926556859242
38,52,0.009866102488899712
38,53,0.010128901066293428
38,54,0.010397468887610046
38,55,0.010668461079366011
38,56,0.010921062828505206
38,57,0.0111325759886109
38,58,0.01134087417836722
38,59,0.011545785871140522
38,60,0.011747092053356304
38,61,0.011944522108731604
38,62,0.012137750022415607
38,63,0.012326390951159191
38,64,0.012509998212110055
38,65,0.012688060749420691
38,66,0.012860001144687605
38,67,0.013025174244220276
38,68,0.013182866483089925
38,69,0.013332295992597502
38,70,0.013472613583927293
38,71,0.013602904705963462
38,72,0.013722192479124191
38,73,0.013829441909131041
38,74,0.013923565384347638
38,75,0.014003429557097442
38,76,0.01406786370257732
38,77,0.014115669637961367
38,78,0.014145633268371956
38,79,0.014156537804939811
38,80,0.014147178672587767
38,81,0.014116380090956514
38,82,0.014063013270680737
38,83,0.013986016118845422
38,84,0.013927599906730748
38,85,0.013872158973512697
38,86,0.013802505320549883
38,87,0.013718240389658883
38,88,0.013618962386481725
38,89,0.013504273855557558
38,90,0.013373790261840898
38,91,0.013227149569140914
38,92,0.013064022777138315
38,93,0.012884125330346817
38,94,0.012687229253195105
38,95,0.012473175800691091
38,96,0.012241888349250217
38,97,0.011993385192888655
38,98,0.011727791861764932
38,99,0.011445352548123207
38,100,0.011146440213083352
38,101,0.010831564958876825
38,102,0.01050138028548073
38,103,0.010156686906312534
38,104,0.009798433870398051
38,105,0.009427716821300402
38,106,0.009045773306435611
38,107,0.008653975121805713
38,108,0.008253817723852202
38,109,0.007846906770625273
38,110,0.007434942093550932
38,111,0.007024992745414029
38,112,0.006659980938274545
38,113,0.0062928536433514756
38,114,0.005925104030247728
38,115,0.005558266823125198
38,116,0.005193906745300139
38,117,0.004833605721391125
38,118,0.004478948736838569
38,119,0.004131508223829401
38,120,0.0037928268593379237
38,121,0.003464398724669983
38,122,0.0031476488886561043
38,123,0.0028439116357830835
38,124,0.0025544077565038802
38,125,0.002280221532957001
38,126,0.002022278266416028
38,127,0.0017813233760128144
38,128,0.0015579042237305984
38,129,0.0013523558631426452
38,130,0.0011647918500968047
38,131,0.0009951010834298305
38,132,0.0008429513657637768
38,133,0.000707800004374339
38,134,0.0005889113381835165
38,135,0.00048538061715911693
38,136,0.0003961632188165321
38,137,0.0003201078080454557
38,138,0.0002559917713838283
2026,1,0.0002813461944939236
2026,2,0.00035321080548864113
2026,3,0.000438023279218388
2026,4,0.0005367585376272756
2026,5,0.000650186439667081
2026,6,0.0007788267795103384
2026,7,0.0009229132751578082
2026,8,0.001082368545493782
2026,9,0.0012567911771412372
2026,10,0.0014454550682059734
2026,11,0.0016473204074348698
2026,12,0.001861054980697167
2026,13,0.0020850640328050228
2026,14,0.002317526657577331
2026,15,0.0025564366212329093
2026,16,0.002799645605336809
2026,17,0.0030449070415913613
2026,18,0.003289918961189702
2026,19,0.0035323645647354035
2026,20,0.003769949514183974
2026,21,0.004000435244443483
2026,22,0.004221667883409968
2026,23,0.00443160265100323
2026,24,0.004628323873868337
2026,25,0.004810060992517032
2026,26,0.004975201137543558
2026,27,0.005122298994742918
2026,28,0.005250084749923976
2026,29,0.0055382142572838015
2026,30,0.005848615462806659
2026,31,0.006163470489894857
2026,32,0.00648291214691294
2026,33,0.006806643527351364
2026,34,0.007134125151050558
2026,35,0.007464639743242106
2026,36,0.007797313638640662
2026,37,0.008131121869751406
2026,38,0.008464888486027231
2026,39,0.008797288085020246
2026,40,0.009126852074842031
2026,41,0.009451981749315833
2026,42,0.009770969141149747
2026,43,0.010082025596517255
2026,44,0.010383317050925317
2026,45,0.01067300413234089
2026,46,0.01094928456033395
2026,47,0.011210434939324315
2026,48,0.01145484902685429
2026,49,0.011681069919163845
2026,50,0.011887814308433718
2026,51,0.012073987945581045
2026,52,0.012238692546135273
2026,53,0.012381225340144486
2026,54,0.012501072469702773
2026,55,0.012597891847524991
2026,56,0.012728811935226238
2026,57,0.012975351695875742
2026,58,0.01320575185010109
2026,59,0.01341914273071324
2026,60,0.013614678044750793
2026,61,0.013791536618556317
2026,62,0.013948924856690841
2026,63,0.014086079926054393
2026,64,0.014202273659767646
2026,65,0.014296817158437235
2026,66,0.014369066049658593
2026,67,0.014418426350330617
2026,68,0.01444436086084482
2026,69,0.014446396005727204
2026,70,0.01442412902208994
2026,71,0.014377235385513427
2026,72,0.014305476352898354
2026,73,0.014208706493527633
2026,74,0.014086881073116711
2026,75,0.013940063150985026
2026,76,0.01376843024756832
2026,77,0.013572280438168993
2026,78,0.01335203772893862
2026,79,0.013108256572448686
2026,80,0.012841625382704764
2026,81,0.012552968913067258
2026,82,0.012243249365315415
2026,83,0.011913566104233332
2026,84,0.011818155685737597
2026,85,0.011799758748854297
2026,86,0.01174020431684452
2026,87,0.011639661913077734
2026,88,0.011501215870454346
2026,89,0.01132884865021499
2026,90,0.011126679856245715
2026,91,0.010898651573271691
2026,92,0.010648398008668982
2026,93,0.010379199627716294
2026,94,0.010093978791863297
2026,95,0.009795316528700526
2026,96,0.009485480004179479
2026,97,0.009166455009561477
2026,98,0.008839980206616008
2026,99,0.00850758120704117
2026,100,0.008170603338830322
2026,101,0.007830242429495394
2026,102,0.0074875732398810395
2026,103,0.007143575377506513
2026,104,0.006799156639740845
2026,105,0.006455173804660824
2026,106,0.0061124509140586996
2026,107,0.00577179508877872
2026,108,0.005434009891990773
2026,109,0.005099906230724419
2026,110,0.004770310837844087
2026,111,0.00445422119368135
2026,112,0.004212848721647185
2026,113,0.003969735240701818
2026,114,0.0037257603052134208
2026,115,0.003481877744553814
2026,116,0.0032391147902737887
2026,117,0.002998567334356735
2026,118,0.0027613908717578706
2026,119,0.0025287868053436202
2026,120,0.002301984003398091
2026,121,0.0020822157844033757
2026,122,0.0018706928408012819
2026,123,0.0016685729767097037
2026,124,0.001476928891990987
2026,125,0.00129671556037544
2026,126,0.0011287389850356301
2026,127,0.000973628236207832
2026,128,0.0008318126542114394
2026,129,0.000703505920755488
2026,130,0.0005886983597810416
2026,131,0.0004871583414959193
2026,132,0.0003984430627247196
2026,133,0.00032191831241171377
2026,134,0.000256786164466721
2026,135,0.00020211893851181751
2026,136,0.00015689729794745626
2026,137,0.00012005006920273175
2026,138,9.049330365494673e-05
202,1,0.00041750626903474673
202,2,0.0005028057836778505
202,3,0.0005997546231073781
202,4,0.0007088585601627465
202,5,0.0008304844547866262
202,6,0.0009648488470631886
202,7,0.0011120116791874448
202,8,0.001271875104436637
202,9,0.0014441870347013653
202,10,0.0016285487936918942
202,11,0.0018244260195438215
202,12,0.0020311618160990842
202,13,0.0022479910927532295
202,14,0.0024740550555499385
202,15,0.0027084149072874324
202,16,0.002950063966959653
202,17,0.0031979376112359226
202,18,0.003450920654445782
202,19,0.003707852001330375
202,20,0.003967526613972826
202,21,0.004228695019997878
202,22,0.004490060746973839
202,23,0.004750276196048652
202,24,0.005007937568070155
202,25,0.005261579532150462
202,26,0.005509670385033887
202,27,0.0057506084939061754
202,28,0.005982720846941607
202,29,0.00624431734637858
202,30,0.006511664799311489
202,31,0.006781046802604372
202,32,0.0070524223498133285
202,33,0.007325635162170681
202,34,0.00760040613934125
202,35,0.007876325244147685
202,36,0.00815284597249223
202,37,0.008429283523739058
202,38,0.008704817228827096
202,39,0.00897849759114026
202,40,0.009249258197133839
202,41,0.009515932682840993
202,42,0.009777276863036626
202,43,0.010031996015123187
202,44,0.010278777132151909
202,45,0.010516325688258908
202,46,0.010743406062273765
202,47,0.010958884208001342
202,48,0.011161770410305388
202,49,0.011351258990853652
202,50,0.011526760578101602
202,51,0.011687920932859926
202,52,0.011834618080116908
202,53,0.01196692604569927
202,54,0.012085027495664553
202,55,0.012189047142537391
202,56,0.012297905355215227
202,57,0.01244030887321271
202,58,0.012573304249680808
202,59,0.012696571143712823
202,60,0.012809760870009795
202,61,0.012912496627846356
202,62,0.013004374303472805
202,63,0.013084963832713334
202,64,0.013153811116702607
202,65,0.013210440491375059
202,66,0.01325435775760383
202,67,0.01328505378347078
202,68,0.013302008692910655
202,69,0.013304696655708817
202,70,0.013292591292280734
202,71,0.01326517170255973
202,72,0.013221929121442917
202,73,0.013162374193447512
202,74,0.013086044846468251
202,75,0.012992514728870452
202,76,0.01288140215580725
202,77,0.012752379489940499
202,78,0.012605182859136647
202,79,0.012439622089783303
202,80,0.012255590709827442
202,81,0.01205307585127157
202,82,0.011832167858560826
202,83,0.011593069388007783
202,84,0.01148221072867204
202,85,0.011417942494588506
202,86,0.011337234361375929
202,87,0.01123982453076405
202,88,0.011125681012057156
202,89,0.01099491608658781
202,90,0.010847756626960267
202,91,0.010684530679998697
202,92,0.01050565890745851
202,93,0.010311646942413348
202,94,0.010103077270409938
202,95,0.009880600310627393
202,96,0.009644924888819609
202,97,0.00939680855886095
202,98,0.009137048350057882
202,99,0.008866472537101157
202,100,0.008585933972077481
202,101,0.008296305400995612
202,102,0.007998477027660222
202,103,0.0076933564026873515
202,104,0.007381870522367017
202,105,0.007064969837884659
202,106,0.006743633716511507
202,107,0.00641887677963462
202,108,0.00609175548834671
202,109,0.00576337438487661
202,110,0.005434891548838684
202,111,0.005114292584451966
202,112,0.004853930107935842
202,113,0.004591464877116562
202,114,0.004327962134190234
202,115,0.004064528826305242
202,116,0.0038023078385304616
202,117,0.003542469174128907
202,118,0.003286198143422225
202,119,0.0030346808653709347
202,120,0.0027890875549920055
202,121,0.0025505542095688462
202,122,0.0023201634108359886
202,123,0.0020989250198967377
202,124,0.0018877575516156595
202,125,0.001687470976110874
202,126,0.001498751612656714
202,127,0.0013221496662755958
202,128,0.0011580698230911704
202,129,0.001006765181680104
202,130,0.0008683346674076805
202,131,0.0007427239646808554
202,132,0.0006297299124922162
202,133,0.0005290082397409058
202,134,0.000440084461167619
202,135,0.00036236770116734754
202,136,0.000295167149500962
202,137,0.00023771077186891435
202,138,0.00018916580104739834
164,1,3.409682801566448e-05
164,2,4.425322029424051e-05
164,3,5.678190915568602e-05
164,4,7.204561949359486e-05
164,5,9.041592377576123e-05
164,6,0.00011226305550675424
164,7,0.00013794453941958138
164,8,0.00016779310894118768
164,9,0.00020210444002693526
164,10,0.00024112524856527635
164,11,0.0002850422758140248
164,12,0.0003339726276221146
164,13,0.00038795584708580904
164,14,0.0004469479974145327
164,15,0.0005108179231026781
164,16,0.000579345752785694
164,17,0.0006522236138610837
164,18,0.0007290584516684111
164,19,0.0008093767864548026
164,20,0.0008926311987657881
164,21,0.0009782083058434384
164,22,0.0010654379747719778
164,23,0.001153603509125746
164,24,0.0012419525419964015
164,25,0.0013297083677921108
164,26,0.0014160814475939292
164,27,0.0015002808286935264
164,28,0.001581525229480095
164,29,0.0017183150699356573
164,30,0.001867967779004336
164,31,0.0020244563076240057
164,32,0.0021877669012036844
164,33,0.002357887794584892
164,34,0.00253480636261103
164,35,0.002718502305725059
164,36,0.002908938172238786
164,37,0.0031060471981088885
164,38,0.0033097184925930763
164,39,0.003519779810181799
164,40,0.003735978409071783
164,41,0.003957960784728789
164,42,0.004185252371476085
164,43,0.004417238609564826
164,44,0.004653149059805767
164,45,0.004892046490559036
164,46,0.005132823042561776
164,47,0.0053742056839332294
164,48,0.005614773208031307
164,49,0.005852987045420349
164,50,0.006087238273148144
164,51,0.00631591365622637
164,52,0.0065374848366762505
164,53,0.006750627771621358
164,54,0.006954385014756998
164,55,0.0071483825050633765
164,56,0.007367865899899246
164,57,0.007665500903596466
164,58,0.007962409537235862
164,59,0.008257783394281487
164,60,0.008550772758776783
164,61,0.00884048618634998
164,62,0.00912599064956706
164,63,0.00940631231958578
164,64,0.009680438049453014
164,65,0.009947317616940494
164,66,0.010205866776513585
164,67,0.010454971160822323
164,68,0.01069349106193377
164,69,0.010920267111323058
164,70,0.011134126865352681
164,71,0.01133389228955818
164,72,0.011518388120508042
164,73,0.011686451068336786
164,74,0.01183693980631698
164,75,0.011968745676134882
164,76,0.012080804019010273
164,77,0.012172106023649097
164,78,0.012241710962495005
164,79,0.012288758668184812
164,80,0.012312482082930043
164,81,0.012312219695294375
164,82,0.012287427662238603
164,83,0.012237691400483057
164,84,0.012436682401412692
164,85,0.01273575522372934
164,86,0.013017123317219829
164,87,0.013279571724490109
164,88,0.013521806195571215
164,89,0.013742464150787318
164,90,0.013940163248540745
164,91,0.014113545112789887
164,92,0.014261313508647067
164,93,0.014382268464705337
164,94,0.014475337050491303
164,95,0.014539600809386556
164,96,0.014574319425567955
164,97,0.014578950000809134
164,98,0.014553161271646128
164,99,0.014496842169673334
164,100,0.014410104290057988
164,101,0.014293278062618913
164,102,0.014146902693014241
164,103,0.013971710233911394
164,104,0.013768604429974615
164,105,0.01353863522518505
164,106,0.013282969990333189
164,107,0.013002862578101768
164,108,0.012699621193459042
164,109,0.012374575817842376
164,110,0.012029046783862594
164,111,0.011685872617236867
164,112,0.01151511649465044
164,113,0.011320640957862406
164,114,0.011102714331132217
164,115,0.010861593529503234
164,116,0.010597535117610715
164,117,0.01031081522548327
164,118,0.010001758554504856
164,119,0.009670776159140785
164,120,0.009318411041345863
164,121,0.00894538986301879
164,122,0.008552678299442656
164,123,0.0081415367723324
164,124,0.007713572582029184
164,125,0.00727078388834736
164,126,0.006815590664187592
164,127,0.006350847763697876
164,128,0.005879835695840959
164,129,0.005406225636940459
164,130,0.0049340166709322085
164,131,0.004467445173162817
164,132,0.004010868542004221
164,133,0.003568627949098726
164,134,0.0031448971772155884
164,135,0.002743526656991706
164,136,0.002367893206107374
164,137,0.0020207664560214257
164,138,0.0017042023040337606
2509,1,8.774670459239433e-06
2509,2,1.3117353595056137e-05
2509,3,1.9266033282105948e-05
2509,4,2.781331314862961e-05
2509,5,3.9484218825134875e-05
2509,6,5.514538143457103e-05
2509,7,7.580895447732827e-05
2509,8,0.00010262998093746373
2509,9,0.00013689629492058216
2509,10,0.00018001054172722943
2509,11,0.0002334644825061386
2509,12,0.00029880634774788944
2509,13,0.0003776025452833701
2509,14,0.00047139544661576455
2509,15,0.0005816592205218539
2509,16,0.0007097557293748464
2509,17,0.0008568923535677138
2509,18,0.001024083290875771
2509,19,0.0012121154393493348
2509,20,0.0014215194755164253
2509,21,0.001652546248480981
2509,22,0.0019051481833467026
2509,23,0.0021789650700357885
2509,24,0.0024733134348636724
2509,25,0.0027871786627967376
2509,26,0.0031192091517986678
2509,27,0.0034677120168963758
2509,28,0.003830650190870342
2509,29,0.004087135433224785
2509,30,0.0043284278818139
2509,31,0.004566208582023501
2509,32,0.004799740356426195
2509,33,0.005028357649617481
2509,34,0.005251449293464061
2509,35,0.005468441098270047
2509,36,0.005678779484726074
2509,37,0.005881917421723349
2509,38,0.006077304082984577
2509,39,0.006264379920886431
2509,40,0.006442579323521894
2509,41,0.006611343721193113
2509,42,0.006770148995054749
2509,43,0.006918552364077327
2509,44,0.007056265616945971
2509,45,0.007183263587324718
2509,46,0.007299938993835667
2509,47,0.007407316770254898
2509,48,0.007507341849933982
2509,49,0.007603251936430246
2509,50,0.00770003628245778
2509,51,0.0078049511259313835
2509,52,0.007927980300610085
2509,53,0.008081898710875017
2509,54,0.008280880092681166
2509,55,0.008534027586761118
2509,56,0.008801478832256817
2509,57,0.00902715818033108
2509,58,0.009253200711904797
2509,59,0.009479511680952355
2509,60,0.009705960193249387
2509,61,0.009932374854511265
2509,62,0.010158539409343213
2509,63,0.01038418839271548
2509,64,0.010609002822866101
2509,65,0.010832605972837818
2509,66,0.011054559267444907
2509,67,0.011274358363312939
2509,68,0.011491429481635763
2509,69,0.011705126076290939
2509,70,0.011914725933716182
2509,71,0.012119428815172443
2509,72,0.012318354766306215
2509,73,0.01251054323277909
2509,74,0.01269495313355076
2509,75,0.012870464054462799
2509,76,0.013035878733237848
2509,77,0.01318992701193873
2509,78,0.01333127143328306
2509,79,0.013458514651862732
2509,80,0.013570208819120425
2509,81,0.013664867080724072
2509,82,0.01374097729563679
2509,83,0.01379701804668341
2509,84,0.013837200971825383
2509,85,0.01386807826059907
2509,86,0.013888579682477387
2509,87,0.01389814960317058
2509,88,0.013896193866440608
2509,89,0.013882084085952354
2509,90,0.01385516276716309
2509,91,0.013814749279625869
2509,92,0.013760146685448815
2509,93,0.013690649410795152
2509,94,0.013605551724268338
2509,95,0.013504156959231512
2509,96,0.013385787387670371
2509,97,0.013249794623254894
2509,98,0.013095570404370097
2509,99,0.012922557589716733
2509,100,0.012730261198260298
2509,101,0.012518259355085964
2509,102,0.012286214086192286
2509,103,0.012033882074467194
2509,104,0.01176112581370117
2509,105,0.011467926218571992
2509,106,0.011154398992129685
2509,107,0.010820819752978534
2509,108,0.010467669467319987
2509,109,0.010095729888287974
2509,110,0.009706317800364284
2509,111,0.009307572311992545
2509,112,0.008948058871358739
2509,113,0.008578711058277587
2509,114,0.008200843296215274
2509,115,0.007815887787228285
2509,116,0.0074253854241283805
2509,117,0.007030974085910609
2509,118,0.006634374332739028
2509,119,0.00623737262597684
2509,120,0.005841802280627945
2509,121,0.005449522426696262
2509,122,0.005062395314558815
2509,123,0.004682262347813783
2509,124,0.004310919266044537
2509,125,0.003950090931405691
2509,126,0.0036014061996147498
2509,127,0.0032663733808229877
2509,128,0.0029463568213625568
2509,129,0.002642555164396352
2509,130,0.0023559818744621408
2509,131,0.0020874486331913973
2509,132,0.0018375522233629055
2509,133,0.0016066655056702827
2509,134,0.0013949330457141203
2509,135,0.0012022718571678174
2509,136,0.0010283775834149344
2509,137,0.0008727362424024706
2509,138,0.0007346414136406813
21,1,2.5308946783960067e-06
21,2,3.794200838288559e-06
21,3,5.594917812527957e-06
21,4,8.11691682326776e-06
21,5,1.1588614095983849e-05
21,6,1.6287443155095304e-05
21,7,2.254288552082805e-05
21,8,3.073755533779885e-05
21,9,4.130591879070535e-05
21,10,5.473037359204532e-05
21,11,7.153460647377126e-05
21,12,9.227436864178502e-05
21,13,0.00011752603609947676
21,14,0.00014787352698240037
21,15,0.0001838943066655851
21,16,0.00022614530385357142
21,17,0.0002751495756543293
21,18,0.0003313844947413873
21,19,0.0003952720944667269
21,20,0.0004671720134934709
21,21,0.0005473772510018398
21,22,0.0006361127002181828
21,23,0.0007335361950063275
21,24,0.0008397416017158499
21,25,0.0009547633318118307
21,26,0.0010785815496481704
21,27,0.0012111273077777876
21,28,0.001352286857703673
21,29,0.0014558689315689007
21,30,0.0015564722385401457
21,31,0.0016590148748695601
21,32,0.0017637245430072136
21,33,0.0018709189888277773
21,34,0.0019810006594421325
21,35,0.002094449204931572
21,36,0.002211811830092733
21,37,0.0023336914148453583
21,38,0.0024607322406457787
21,39,0.0025936031000994117
21,40,0.002732977545790979
21,41,0.002879511073587494
21,42,0.003033815161435572
21,43,0.0031964283291158273
21,44,0.003367784787367404
21,45,0.003548181855742425
21,46,0.0037377482086072174
21,47,0.003936416231579032
21,48,0.004143903419677582
21,49,0.004359709901317307
21,50,0.004583141850395055
21,51,0.0048133735605594705
21,52,0.005049563406236473
21,53,0.0052910375703985255
21,54,0.005537538659810566
21,55,0.005789458327113705
21,56,0.006029793162425606
21,57,0.006233518423520905
21,58,0.006441619520179458
21,59,0.006654272680072369
21,60,0.0068716404892403965
21,61,0.007093868080669345
21,62,0.007321079081949688
21,63,0.0075533713063061355
21,64,0.007790812173888801
21,65,0.008033433853831725
21,66,0.008281228122282519
21,67,0.008534140937465086
21,68,0.008792066739938608
21,69,0.009054842494642357
21,70,0.009322241501145785
21,71,0.009593967009828733
21,72,0.009869645694553661
21,73,0.010148821046791965
21,74,0.010430946772130958
21,75,0.010715380287569565
21,76,0.011001376436904433
21,77,0.011288081561635953
21,78,0.011574528085916086
21,79,0.01185962979573845
21,80,0.01214217801433103
21,81,0.012420838896897166
21,82,0.012694152087642262
21,83,0.01296053099940938
21,84,0.013175127137047615
21,85,0.01336798534143803
21,86,0.013558219372689058
21,87,0.013745247744187662
21,88,0.013928412996359793
21,89,0.014106979587268326
21,90,0.014280132153441153
21,91,0.014446974208677101
21,92,0.014606527358238917
21,93,0.014757731115574655
21,94,0.014899443418098984
21,95,0.0150304419466894
21,96,0.015149426359033113
21,97,0.01525502154792846
21,98,0.015345782029761211
21,99,0.015420197552990041
21,100,0.015476699989040086
21,101,0.015513671526927598
21,102,0.01552945413921129
21,103,0.015522360227131306
21,104,0.015490684305474654
21,105,0.015432715596327503
21,106,0.015346751566422881
21,107,0.015231113011760788
21,108,0.015084162927100707
21,109,0.014904336114950989
21,110,0.014690201494725413
21,111,0.014444271345980038
21,112,0.014198226968915928
21,113,0.013921641075080732
21,114,0.013614546533528893
21,115,0.013277283199624039
21,116,0.01291051904140602
21,117,0.012515265810790526
21,118,0.012092888254653322
21,119,0.011645106006315973
21,120,0.011173987505670026
21,121,0.010681935560810962
21,122,0.010171664474310836
21,123,0.00964616899582016
21,124,0.009108685706867983
21,125,0.008562647767036233
21,126,0.008011634225304803
21,127,0.007459315300458724
21,128,0.006909395139962103
21,129,0.006365553567239061
21,130,0.0058313882253730595
21,131,0.0053103583381896345
21,132,0.004805731069519519
21,133,0.004320531211948038
21,134,0.0038574947273998686
21,135,0.0034190265410420566
21,136,0.0030071629924420915
21,137,0.0026235394865286124
21,138,0.0022693641441692692
2439,1,3.257323646155596e-05
2439,2,4.2733046501132825e-05
2439,3,5.551588071611031e-05
2439,4,7.142360671230406e-05
2439,5,9.100513323315472e-05
2439,6,0.00011484878117546459
2439,7,0.00014357178583733962
2439,8,0.00017780715877167808
2439,9,0.00021818837366784714
2439,10,0.0002653325607405246
2439,11,0.00031982307276669946
2439,12,0.00038219240033030504
2439,13,0.0004529064475352912
2439,14,0.0005323511250485561
2439,15,0.0006208220778337012
2439,16,0.0007185181533824806
2439,17,0.0008255389538623555
2439,18,0.000941886528720516
2439,19,0.001067470980746457
2439,20,0.001202119504118216
2439,21,0.0013455881681928667
2439,22,0.001497575619406699
2439,23,0.0016577378015788114
2439,24,0.0018257027908610596
2439,25,0.0020010848983394226
2439,26,0.002183497299636844
2439,27,0.0023725625935623845
2439,28,0.0025679208574552782
2439,29,0.002769238801451526
2439,30,0.0029762246259826654
2439,31,0.003188630117415729
2439,32,0.0034062384166797842
2439,33,0.0036288612906007992
2439,34,0.0038563350933369356
2439,35,0.00408851424109699
2439,36,0.004325262631829474
2439,37,0.004566443587626912
2439,38,0.004811908976771996
2439,39,0.005061488232089399
2439,40,0.005314978009534757
2439,41,0.005572133213304615
2439,42,0.005832660043942211
2439,43,0.006096211602601829
2439,44,0.006362386412853976
2439,45,0.006630730012668876
2439,46,0.006900739540816799
2439,47,0.0071718710153956455
2439,48,0.00744354880084277
2439,49,0.0077151766058036
2439,50,0.007986149266076633
2439,51,0.00825586455812483
2439,52,0.008523734370948038
2439,53,0.008789194761760957
2439,54,0.009051714830303714
2439,55,0.009310805424357983
2439,56,0.009566033036878134
2439,57,0.0098170321223327
2439,58,0.010063475289696349
2439,59,0.010305060129557455
2439,60,0.010541505405366443
2439,61,0.010772548420670987
2439,62,0.010997942052324813
2439,63,0.011217451540964912
2439,64,0.011430851124597465
2439,65,0.011637920595737766
2439,66,0.011838441856461745
2439,67,0.0120321955390923
2439,68,0.012218957753345014
2439,69,0.012398497013850396
2439,70,0.01257057139524499
2439,71,0.012734925955606985
2439,72,0.012891290462979701
2439,73,0.013039377454115788
2439,74,0.013178880649405594
2439,75,0.013309473743238629
2439,76,0.013430809584804502
2439,77,0.013542519760601213
2439,78,0.013644214586730654
2439,79,0.013735483516484659
2439,80,0.013815895966834421
2439,81,0.013885002566310969
2439,82,0.013942336826482243
2439,83,0.013987417239879263
2439,84,0.014019923377304675
2439,85,0.014040545089982415
2439,86,0.014051178592821255
2439,87,0.014053288186916677
2439,88,0.014047890583097064
2439,89,0.014035656473868351
2439,90,0.01401696120692923
2439,91,0.013991903108884651
2439,92,0.013960305140751939
2439,93,0.01392170989505255
2439,94,0.013875374626265067
2439,95,0.01382027098948016
2439,96,0.013755092747901715
2439,97,0.013678273588294222
2439,98,0.01358801623092388
2439,99,0.013482333190467589
2439,100,0.013359098818553326
2439,101,0.01321611162758174
2439,102,0.013051165352222607
2439,103,0.012862126743941474
2439,104,0.012647017711843678
2439,105,0.012404099119958364
2439,106,0.012131953330276647
2439,107,0.011829562449038366
2439,108,0.011496379199759243
2439,109,0.011132387419812272
2439,110,0.010738149366064868
2439,111,0.010314837320725969
2439,112,0.009864243599746173
2439,113,0.009388770470329108
2439,114,0.008891411019663467
2439,115,0.008375710480514652
2439,116,0.007845704745286447
2439,117,0.007305839019888331
2439,118,0.006760868735517126
2439,119,0.006215745865856448
2439,120,0.005675494649078259
2439,121,0.005145081381494937
2439,122,0.004629283399607306
2439,123,0.004132562571209287
2439,124,0.0036589485575151295
2439,125,0.0032119367834648
2439,126,0.002794405471350183
2439,127,0.002408555273799939
2439,128,0.0020558740165249876
2439,129,0.001737127870349963
2439,130,0.0014523789691548567
2439,131,0.0012010281418616691
2439,132,0.0009818801122005467
2439,133,0.0007932273298518494
2439,134,0.0006329476248360345
2439,135,0.0004986102115565562
2439,136,0.0003875842785005074
2439,137,0.0002971445210747629
2439,138,0.00022456850003622737
36,1,6.494749663610752e-05
36,2,8.803373643376495e-05
36,3,0.00011777302664362627
36,4,0.0001555382470899196
36,5,0.00020282483771746302
36,6,0.0002612200070885752
36,7,0.0003323618979649353
36,8,0.00041788982354032053
36,9,0.000519387514841036
36,10,0.0006383220332338695
36,11,0.0007759815149046417
36,12,0.0009334151610934502
36,13,0.0011113788345799135
36,14,0.0013102892719176848
36,15,0.001530189311006777
36,16,0.0017707257337795032
36,17,0.0020311404230156775
36,18,0.0023102746269114825
36,19,0.00260658530599246
36,20,0.0029181718790739133
36,21,0.003242811239165228
36,22,0.003577998699793471
36,23,0.003920992552962523
36,24,0.004268860143500162
36,25,0.004618523744110831
36,26,0.0049668049929124675
36,27,0.005310467168408478
36,28,0.005646255066269987
36,29,0.005961495166368714
36,30,0.006271485000964349
36,31,0.006577287642783154
36,32,0.006878636009960154
36,33,0.007175403334121323
36,34,0.007467583675744877
36,35,0.007755273880670838
36,36,0.008038656610602466
36,37,0.008317984168254173
36,38,0.008593562647274178
36,39,0.008865735709702892
36,40,0.009134867109562139
36,41,0.009401320979233286
36,42,0.00966543890094456
36,43,0.009927512917342361
36,44,0.010187753905243457
36,45,0.010446255151269596
36,46,0.010702951526294642
36,47,0.010957575351205362
36,48,0.011209610873820332
36,49,0.011458250247861408
36,50,0.0117023550904477
36,51,0.01194042932707245
36,52,0.012170611777138232
36,53,0.012390702670830221
36,54,0.012598252669847126
36,55,0.012790784475170847
36,56,0.012977366312828165
36,57,0.013175988469676474
36,58,0.013362699002474556
36,59,0.013537026276863979
36,60,0.013698484620253686
36,61,0.013846572641999727
36,62,0.013980771976197192
36,63,0.014100546555677393
36,64,0.014205342520720388
36,65,0.01429458885982545
36,66,0.014367698872586269
36,67,0.01442407253620931
36,68,0.014463099847342422
36,69,0.014484165199412329
36,70,0.014486652842312774
36,71,0.01446995345570946
36,72,0.014433471849096283
36,73,0.01437663578074058
36,74,0.014298905863545553
36,75,0.014199786498486923
36,76,0.014078837745638199
36,77,0.01393568800904866
36,78,0.013770047375249131
36,79,0.01358172140654628
36,80,0.013370625150392024
36,81,0.013136797086126095
36,82,0.012880412691699773
36,83,0.01260179727725975
36,84,0.0124421999750969
36,85,0.012324842243702321
36,86,0.012189895661222422
36,87,0.0120373434122952
36,88,0.01186731854537441
36,89,0.011680112350377234
36,90,0.011476163276181086
36,91,0.011256035108664134
36,92,0.011020389327501852
36,93,0.01076995555426196
36,94,0.01050550349388064
36,95,0.010227819204261574
36,96,0.009937687802402317
36,97,0.009635883869836052
36,98,0.009323169939670028
36,99,0.009000302620742081
36,100,0.008668045214485751
36,101,0.008327185155372355
36,102,0.007978554277736586
36,103,0.007623049777208337
36,104,0.007261653770741703
36,105,0.006895449527158899
36,106,0.006525632689321643
36,107,0.006153516071140728
36,108,0.0057805267787109284
36,109,0.0054081942583380374
36,110,0.00503812705688581
36,111,0.004678008174143035
36,112,0.004374273890912105
36,113,0.004071474984527919
36,114,0.0037713007616668446
36,115,0.0034754785992510205
36,116,0.0031857392936393185
36,117,0.0029037800795580736
36,118,0.0026312267572516372
36,119,0.002369596445582098
36,120,0.0021202624822615934
36,121,0.0018844229186429679
36,122,0.0016630739079943077
36,123,0.0014569890703028448
36,124,0.001266705645495207
36,125,0.0010925179364875324
36,126,0.000934478212108045
36,127,0.0007924049068270128
36,128,0.0006658976375768669
36,129,0.000554358273564437
36,130,0.0004570170554353173
36,131,0.0003729625745281424
36,132,0.0003011742971684518
36,133,0.00024055625638273986
36,134,0.00018997053554142273
36,135,0.00014826923511817287
36,136,0.00011432374295294685
36,137,8.70503154025481e-05
36,138,6.543121286841566e-05
218,1,2.6710800195857208e-05
218,2,3.816410662191954e-05
218,3,5.3590510792187024e-05
218,4,7.39897809115366e-05
218,5,0.00010048816294832068
218,6,0.00013432107442112474
218,7,0.00017680798621720807
218,8,0.0002293208121919232
218,9,0.0002932478880657881
218,10,0.00036995615493571157
218,11,0.0004607543769539763
218,12,0.0005668600782573997
218,13,0.0006893724010506972
218,14,0.0008292523390264443
218,15,0.0009873109009484605
218,16,0.0011642048380838405
218,17,0.0013604387500295544
218,18,0.001576371764730999
218,19,0.0018122266307946972
218,20,0.0020680989824621594
218,21,0.0023439647205347985
218,22,0.0026396838475814767
218,23,0.0029549996367466934
218,24,0.003289532628187735
218,25,0.00364276956696798
218,26,0.004014047962753023
218,27,0.004402537420484099
218,28,0.004807219233293523
218,29,0.0050506023218722705
218,30,0.005272835804182086
218,31,0.005492943132182865
218,32,0.005711285655956953
218,33,0.005928281238413936
218,34,0.006144392628940306
218,35,0.006360118503898757
218,36,0.006575986620190181
218,37,0.006792548274145399
218,38,0.007010373072525382
218,39,0.007230042922165126
218,40,0.007452144145423223
218,41,0.007677256742422467
218,42,0.007905940054306683
218,43,0.00813871443182175
218,44,0.00837603896723905
218,45,0.008618285880867334
218,46,0.008865712733087673
218,47,0.009118434221687507
218,48,0.00937639588870252
218,49,0.00963935258373189
218,50,0.009906855030913772
218,51,0.010178248415382512
218,52,0.010452687773428301
218,53,0.010729176646848798
218,54,0.011006638927938128
218,55,0.011284039658345589
218,56,0.011524780844973711
218,57,0.011680790213108727
218,58,0.011835573563779326
218,59,0.011989128228901623
218,60,0.012141400282291498
218,61,0.012292281509303423
218,62,0.01244160638956007
218,63,0.012589149100368608
218,64,0.01273462056006431
218,65,0.012877665543339157
218,66,0.013017859914573413
218,67,0.013154708040215922
218,68,0.013287640457217849
218,69,0.013416011891205231
218,70,0.013539099735171615
218,71,0.013656103116577263
218,72,0.013766142697321992
218,73,0.013868261366463519
218,74,0.013961425998982572
218,75,0.0140445304644275
218,76,0.014116400075840162
218,77,0.014175797670797822
218,78,0.014221431511433605
218,79,0.014251965177604372
218,80,0.014266029605646224
218,81,0.014262237393166568
218,82,0.014239199447014645
218,83,0.01419554399619468
218,84,0.014090935239246693
218,85,0.013957984609173558
218,86,0.013814972619329362
218,87,0.01366149087131427
218,88,0.013497125604478055
218,89,0.013321466564456971
218,90,0.013134116463436612
218,91,0.012934700997759802
218,92,0.012722879335138338
218,93,0.012498354949493678
218,94,0.012260886652898609
218,95,0.012010299649043144
218,96,0.011746496411349281
218,97,0.011469467172090707
218,98,0.011179299797380887
218,99,0.01087618881712342
218,100,0.010560443378994163
218,101,0.010232493900746466
218,102,0.009892897204573923
218,103,0.009542339929386714
218,104,0.009181640029621593
218,105,0.0088117461800709
218,106,0.00843373491212421
218,107,0.008048805304954514
218,108,0.0076582710497785
218,109,0.007263549757061136
218,110,0.00686615001341457
218,111,0.006470055545459092
218,112,0.0060964215789751555
218,113,0.005725468672255157
218,114,0.005358571479533989
218,115,0.004997104729362916
218,116,0.004642427109072807
218,117,0.004295864926165095
218,118,0.0039586959127643215
218,119,0.0036321335105055754
218,120,0.003317311925812758
218,121,0.0030152721854576217
218,122,0.002726949358086154
218,123,0.0024531610491479185
218,124,0.002194597234643354
218,125,0.0019518114820403201
218,126,0.0017252136199162192
218,127,0.001515063961582725
218,128,0.0013214692561684884
218,129,0.0011443806209922502
218,130,0.0009835937837556624
218,131,0.0008387520111673182
218,132,0.0007093521013500202
218,133,0.0005947537543397948
218,134,0.0004941925000241686
218,135,0.000406796159283952
218,136,0.00033160455799302477
218,137,0.0002675919328053221
218,138,0.00021369119854360206
290,1,1.3981165507083062e-05
290,2,1.9993027353054503e-05
290,3,2.815077690538164e-05
290,4,3.903908030714371e-05
290,5,5.3339134822487625e-05
290,6,7.182666212704902e-05
290,7,9.536491993087863e-05
290,8,0.00012489246615173436
290,9,0.0001614057995456794
290,10,0.00020593740508822214
290,11,0.000259530105660717
290,12,0.00032320892260785476
290,13,0.0003979518454965002
290,14,0.0004846609884807898
290,15,0.0005841355640329144
290,16,0.0006970479443790374
290,17,0.000823923826722512
290,18,0.0009651271965528125
290,19,0.0011208504232663986
290,20,0.0012911094533585722
290,21,0.0014757437161996255
290,22,0.0016744200505027027
290,23,0.0018866397168651502
290,24,0.0021117473996580733
290,25,0.002348941031438311
290,26,0.0025972813005989193
290,27,0.002855699827397736
290,28,0.0031230052072645353
290,29,0.003336618051066188
290,30,0.0035458627092887405
290,31,0.003757304571131612
290,32,0.003971048180848443
290,33,0.0041872925497465985
290,34,0.0044063180999095695
290,35,0.004628472175273417
290,36,0.0048541533433860504
290,37,0.005083794507368324
290,38,0.005317844651120502
290,39,0.005556748886522709
290,40,0.005800926398882933
290,41,0.006050745938327026
290,42,0.006306498720342508
290,43,0.006568369009850864
290,44,0.006836403284731093
290,45,0.007110479695588156
290,46,0.007390280513922433
290,47,0.007675271307622387
290,48,0.007964691581545575
290,49,0.008257562427487545
290,50,0.008552717193036885
290,51,0.008848861168204498
290,52,0.009144665648027276
290,53,0.009438899951025372
290,54,0.009730599249690598
290,55,0.010019238786351456
290,56,0.010291803820318949
290,57,0.01053194025314162
290,58,0.010770176278122247
290,59,0.011006328265954685
290,60,0.01124016591804182
290,61,0.011471407309152786
290,62,0.011699714265981858
290,63,0.011924688145529442
290,64,0.012145866078640377
290,65,0.012362717747365184
290,66,0.012574642768836642
290,67,0.012780968762430385
290,68,0.012980950180657824
290,69,0.013173767987164225
290,70,0.013358530267074172
290,71,0.0135342738554871
290,72,0.013699967068970701
290,73,0.013854513622259614
290,74,0.01399675780790378
290,75,0.014125491010195992
290,76,0.014239459616205524
290,77,0.014337374375982443
290,78,0.014417921250744837
290,79,0.014479773771815266
290,80,0.01452160691384397
290,81,0.014542112462988597
290,82,0.01454001583370913
290,83,0.014514094256195736
290,84,0.014509911184073751
290,85,0.014509524230293834
290,86,0.014494052465238003
290,87,0.01446293414552013
290,88,0.014415594211923207
290,89,0.0143514519381438
290,90,0.014269929791668608
290,91,0.01417046373901761
290,92,0.014052515039218396
290,93,0.013915583426084024
290,94,0.013759221444835308
290,95,0.013583049580720477
290,96,0.013386771706379147
290,97,0.01317019029377655
290,98,0.012933220797942235
290,99,0.012675904632475081
290,100,0.012398420224418989
290,101,0.012101091755488454
290,102,0.011784395357263902
290,103,0.011448962712633785
290,104,0.011095582202124274
290,105,0.01072519789766188
290,106,0.010338906827467893
290,107,0.009937955009972929
290,108,0.009523732830068984
290,109,0.009097770658479862
290,110,0.008661737495306212
290,111,0.008223289223113581
290,112,0.007829910847575994
290,113,0.007429949953873195
290,114,0.0070251470699367
290,115,0.006617322719615784
290,116,0.006208366922486948
290,117,0.005800227179753623
290,118,0.0053948944896987
290,119,0.004994386888178451
290,120,0.004600730033154251
290,121,0.004215934460660035
290,122,0.0038419693382986055
290,123,0.0034807328260419994
290,124,0.0031340195054076975
290,125,0.0028034857278864864
290,126,0.0024906141230863674
290,127,0.002196678851884362
290,128,0.0019227134446583875
290,129,0.001669483189122385
290,130,0.001437463996729702
290,131,0.0012268294665944764
290,132,0.0010374474851312175
290,133,0.0008688871708007605
290,134,0.0007204363365670657
290,135,0.0005911289517497984
290,136,0.0004797814021125769
290,137,0.0003850357363777827
290,138,0.00030540760807019283
193,1,1.6937303455551473e-05
193,2,2.3992205656732543e-05
193,3,3.346356599774775e-05
193,4,4.59726373913328e-05
193,5,6.223259007713251e-05
193,6,8.304398351325269e-05
193,7,0.00010928556475167236
193,8,0.00014190042549799682
193,9,0.00018187789819134134
193,10,0.00023023188502099403
193,11,0.0002879765514419932
193,12,0.0003561004477900176
193,13,0.0004355401360070287
193,14,0.0005271542987767838
193,15,0.0006316991180133615
193,16,0.0007498054636268126
193,17,0.00088195817298916
193,18,0.0010284774671615073
193,19,0.0011895023758348574
193,20,0.0013649759524645962
193,21,0.0015546320647625586
193,22,0.0017579836410805956
193,23,0.0019743124262252727
193,24,0.0022026605276077717
193,25,0.0024418242846009045
193,26,0.002690351237082439
193,27,0.0029465411688652516
193,28,0.0032084523250162323
193,29,0.0034280150512635537
193,30,0.003642668502736513
193,31,0.0038566176134331126
193,32,0.004069138853685854
193,33,0.004279588938343574
193,34,0.004487421282486939
193,35,0.004692205293209768
193,36,0.00489364834486309
193,37,0.0050916197841794734
193,38,0.005286175715636118
193,39,0.005477582653254376
193,40,0.005666337436078405
193,41,0.005853180153137568
193,42,0.006039096291927352
193,43,0.00622530401263105
193,44,0.006413222471685753
193,45,0.006604417589643444
193,46,0.006800522686285076
193,47,0.007003133071199954
193,48,0.007213676021791478
193,49,0.0074332606064553405
193,50,0.007662515528226815
193,51,0.007901427743458539
193,52,0.00814920083878114
193,53,0.008404162835415318
193,54,0.008663777884906325
193,55,0.008924891045273524
193,56,0.009177147068900252
193,57,0.009410582660635373
193,58,0.0096429667881331
193,59,0.009874121659355594
193,60,0.01010383482488304
193,61,0.010331854924617159
193,62,0.010557887542692632
193,63,0.01078159120655566
193,64,0.011002573571942065
193,65,0.011220387842100537
193,66,0.011434529477000147
193,67,0.011644433256335908
193,68,0.011849470768754455
193,69,0.01204894840866285
193,70,0.012242105970999586
193,71,0.012428115943123598
193,72,0.012606083601140721
193,73,0.012775048025111944
193,74,0.012933984153191296
193,75,0.013081805998296593
193,76,0.01321737115184273
193,77,0.013339486696747404
193,78,0.013446916645686029
193,79,0.01353839100973362
193,80,0.013612616586358976
193,81,0.013668289533506258
193,82,0.013704109767502262
193,83,0.013718797186127339
193,84,0.013774219102635874
193,85,0.013842767251182641
193,86,0.013898411186271362
193,87,0.01394048351088211
193,88,0.013968283010859922
193,89,0.013981080943486145
193,90,0.013978128669634238
193,91,0.013958666833280993
193,92,0.013921936181010916
193,93,0.013867190037855899
193,94,0.013793708376064613
193,95,0.013700813321275703
193,96,0.013587885835845042
193,97,0.01345438320601512
193,98,0.013299856845998706
193,99,0.013123969828727834
193,100,0.012926513473210631
193,101,0.012707422276502732
193,102,0.01246678648787029
193,103,0.012204861694210025
193,104,0.0119220749234473
193,105,0.011619026971417146
193,106,0.011296490900195704
193,107,0.010955406908421943
193,108,0.010596873979387416
193,109,0.0102221387627923
193,110,0.009832581783000909
193,111,0.009437176247140137
193,112,0.009096488319897962
193,113,0.008743829300917355
193,114,0.008380415173409286
193,115,0.008007562827207115
193,116,0.0076266875448675565
193,117,0.007239300180946066
193,118,0.006847003817795824
193,119,0.006451489520004763
193,120,0.006054530654161214
193,121,0.0056579751116613486
193,122,0.005263734692638503
193,123,0.004873770901067032
193,124,0.004490076483389776
193,125,0.0041146522277406335
193,126,0.003749478830560135
193,127,0.0033964840227755457
193,128,0.003057505606026715
193,129,0.0027342515445983734
193,130,0.002428258743153597
193,131,0.002140852558697836
193,132,0.0018731093901073889
193,133,0.001625824807996219
193,134,0.001399489592922897
193,135,0.0011942757230069207
193,136,0.0010100338014530322
193,137,0.0008463026777281459
193,138,0.0007023311578176222
55,1,3.7222314612489784e-06
55,2,5.368495114220666e-06
55,3,7.633826119894541e-06
55,4,1.0703863204985119e-05
55,5,1.480265153219743e-05
55,6,2.019539949650784e-05
55,7,2.7190104377301804e-05
55,8,3.613778407272767e-05
55,9,4.7431105833570356e-05
55,10,6.150126962860744e-05
55,11,7.881307627822409e-05
55,12,9.985818226315089e-05
55,13,0.00012514660955722766
55,14,0.00015519663790599365
55,15,0.0001905232590718272
55,16,0.00023162541975294207
55,17,0.0002789723247144909
55,18,0.0003329891159577854
55,19,0.00039404228758685347
55,20,0.00046242523729150343
55,21,0.0005383443898433779
55,22,0.0006219063500729808
55,23,0.0007131065464974895
55,24,0.0008118198070279354
55,25,0.000917793261932074
55,26,0.0010306418961391478
55,27,0.0011498469755659181
55,28,0.0012747574548949904
55,29,0.001411487100567882
55,30,0.0015567566018122056
55,31,0.0017099520599934644
55,32,0.0018710630061482569
55,33,0.0020400883881057847
55,34,0.002217040714695646
55,35,0.002401948011696511
55,36,0.002594853446393851
55,37,0.002795812560609671
55,38,0.003004888135997693
55,39,0.003222142817236668
55,40,0.003447629724480595
55,41,0.003681381386033242
55,42,0.003923397409103855
55,43,0.004173631376179476
55,44,0.004431977503957931
55,45,0.0046982576289265245
55,46,0.004972209087456127
55,47,0.00525347403858692
55,48,0.005541590735659065
55,49,0.005835987191714096
55,50,0.0061359776096322
55,51,0.006440761873914845
55,52,0.006749428352191493
55,53,0.007060960286793568
55,54,0.007374246317475966
55,55,0.007688096698235758
55,56,0.00801167705381506
55,57,0.008361362160540767
55,58,0.00871413317388349
55,59,0.009069340103939009
55,60,0.009426275782339734
55,61,0.009784171431975602
55,62,0.010142192418279164
55,63,0.01049943429755869
55,64,0.010854919285308786
55,65,0.011207593273051647
55,66,0.01155632352619457
55,67,0.011899897197702942
55,68,0.012237020793121852
55,69,0.012566320721615754
55,70,0.012886345065146751
55,71,0.013195566693512245
55,72,0.01349238784646303
55,73,0.013775146295208535
55,74,0.014042123183922551
55,75,0.014291552637007003
55,76,0.014521633199481937
55,77,0.01473054115562657
55,78,0.014916445744659158
55,79,0.015077526261685407
55,80,0.015211990997377915
55,81,0.015318097931045268
55,82,0.015394177049315515
55,83,0.015438654117431278
55,84,0.015622770023421863
55,85,0.015857756438634688
55,86,0.016068874356652253
55,87,0.01625360743911114
55,88,0.01640973977308996
55,89,0.01653532058102345
55,90,0.01662865646599332
55,91,0.01668831478446499
55,92,0.01671312874401035
55,93,0.016702199517997708
55,94,0.01665489325954319
55,95,0.01657083247309334
55,96,0.016449882240638206
55,97,0.0162921324881917
55,98,0.016097877893690216
55,99,0.01586759722120025
55,100,0.015601933853789
55,101,0.01530167912786225
55,102,0.014967759788575716
55,103,0.01460123053276681
55,104,0.014203272221727695
55,105,0.013775195960911672
55,106,0.013318452875350141
55,107,0.012834649063905211
55,108,0.012325564888429992
55,109,0.011793177440115812
55,110,0.011239684766101116
55,111,0.010679869881673654
55,112,0.010210690822487259
55,113,0.009719696042969832
55,114,0.009209150126209596
55,115,0.008681680472009566
55,116,0.008140297573801483
55,117,0.007588403832290688
55,118,0.007029786924305508
55,119,0.00646859382956924
55,120,0.0059092821476128665
55,121,0.005356546398201608
55,122,0.0048152186237434315
55,123,0.004290144755454661
55,124,0.003786040726032634
55,125,0.0033073349711084583
55,126,0.0028580064365528726
55,127,0.002441429126424678
55,128,0.0020602352195744243
55,129,0.0017162085554187903
55,130,0.0014102186829731285
55,131,0.0011422027145155404
55,132,0.0009111981741140583
55,133,0.0007154253301767815
55,134,0.0005524127429280364
55,135,0.00041915558781508724
55,136,0.0003122933221916675
55,137,0.00022829186823102412
55,138,0.00016361586731650113
195,1,3.650856914615785e-06
195,2,5.0927354286289725e-06
195,3,7.023586728019003e-06
195,4,9.578130582521003e-06
195,5,1.2918086705041608e-05
195,6,1.7234920375249017e-05
195,7,2.2752322237523725e-05
195,8,2.9728331663150117e-05
195,9,3.845702240951991e-05
195,10,4.926967878239437e-05
195,11,6.2535397381599e-05
195,12,7.866105197366814e-05
195,13,9.809055643061124e-05
195,14,0.00012130335363477526
195,15,0.00014881204860273846
195,16,0.00018115909454300848
195,17,0.00021891243429756382
195,18,0.00026265999975274825
195,19,0.00031300298098689853
195,20,0.00037054779697894696
195,21,0.00043589673144425707
195,22,0.0005096372405211657
195,23,0.0005923299923113061
195,24,0.0006844957595128429
195,25,0.0007866013527545727
195,26,0.0008990448505305842
195,27,0.0010221404486058284
195,28,0.001156103314661429
195,29,0.0012551879089515265
195,30,0.0013527427598879168
195,31,0.0014533924627506193
195,32,0.0015570819302599252
195,33,0.0016637898977853154
195,34,0.0017735356190708108
195,35,0.0018863856045798762
195,36,0.002002460275572172
195,37,0.002121940373221169
195,38,0.002245072909735312
195,39,0.0023721763779070595
195,40,0.0025036448449187888
195,41,0.002639950444352287
195,42,0.0027816436479915956
195,43,0.0029293505505408987
195,44,0.0030837662456819977
195,45,0.0032456432290026197
195,46,0.003415773661894565
195,47,0.0035949643164898386
195,48,0.0037840031639046054
195,49,0.003983616968878458
195,50,0.004194420069860682
195,51,0.004416856012918579
195,52,0.004651136357475586
195,53,0.004897185885635757
195,54,0.005154613734912181
195,55,0.00542275693917861
195,56,0.005681673840319586
195,57,0.005903261802888782
195,58,0.0061314752589242865
195,59,0.006366568381487702
195,60,0.006608778562033263
195,61,0.006858321142234516
195,62,0.007115383746186001
195,63,0.007380120198363218
195,64,0.007652644015489595
195,65,0.007933021464540477
195,66,0.008221264184724844
195,67,0.008517321378652241
195,68,0.008821071587253601
195,69,0.009132314074627992
195,70,0.009450759863081965
195,71,0.00977602247546035
195,72,0.010107608461659034
195,73,0.010444907809151211
195,74,0.010787184363566196
195,75,0.01113356641485594
195,76,0.011483037637244238
195,77,0.011834428606655546
195,78,0.012186409157095485
195,79,0.012537481876613264
195,80,0.012885977082763869
195,81,0.013230049655208404
195,82,0.013567678137062394
195,83,0.013896666544136394
195,84,0.014159128655220798
195,85,0.014392710146586982
195,86,0.014621653237564251
195,87,0.014844977137267111
195,88,0.015061588229232545
195,89,0.015270281906948206
195,90,0.015469745381019058
195,91,0.01565856281019469
195,92,0.01583522333100565
195,93,0.01599813224613477
195,94,0.0161456253986837
195,95,0.016275986532166463
195,96,0.016387467205550333
195,97,0.01647830861064709
195,98,0.016546764444965507
195,99,0.01659112384832472
195,100,0.016609733336392103
195,101,0.016601016675086996
195,102,0.016563491746512005
195,103,0.01649578366219161
195,104,0.01639663367770807
195,105,0.01626490384361167
195,106,0.016099577782216917
195,107,0.01589975852669765
195,108,0.015664665128324682
195,109,0.015393631321202137
195,110,0.015086114717465965
195,111,0.014745907122928184
195,112,0.014409568029119975
195,113,0.01404233121606748
195,114,0.013644145031646427
195,115,0.013215148204221235
195,116,0.012755718746261318
195,117,0.012266532254487041
195,118,0.011748627716386044
195,119,0.011203477559558079
195,120,0.010633057251514682
195,121,0.010039908416724351
195,122,0.009427188363011237
195,123,0.008798698300846704
195,124,0.008158882596609584
195,125,0.007512792294372702
195,126,0.0068660079739228524
195,127,0.006224519786437691
195,128,0.005594566091520028
195,129,0.004982436230257453
195,130,0.004394247189136699
195,131,0.0038357077164889158
195,132,0.0033118862863138815
195,133,0.002827000652697662
195,134,0.0023842462352633865
195,135,0.0019856780859815407
195,136,0.0016321568590933987
195,137,0.001323363480511886
195,138,0.001057880777307563
48,1,9.106734049977668e-06
48,2,1.2997228208957383e-05
48,3,1.8286572740352307e-05
48,4,2.537060542732058e-05
48,5,3.472049550622464e-05
48,6,4.688668679349953e-05
48,7,6.250044235836867e-05
48,8,8.227253926906079e-05
48,9,0.000106988780276797
48,10,0.00013750213766217987
48,11,0.00017472150979423745
48,12,0.00021959723926770152
48,13,0.00027310369896924914
48,14,0.00033621938668257866
48,15,0.00040990506995285326
48,16,0.0004950805842295553
48,17,0.0005926009059293362
48,18,0.0007032320992444831
48,19,0.0008276276766388071
48,20,0.0009663058272251063
48,21,0.0011196278669560354
48,22,0.0012877781641861675
48,23,0.0014707457086918646
48,24,0.0016683074356301695
48,25,0.0018800133993815736
48,26,0.0021051739226475344
48,27,0.0023428489249279613
48,28,0.002591839756678818
48,29,0.0027824869376100146
48,30,0.0029668416471481194
48,31,0.0031514249921034106
48,32,0.0033356275861825316
48,33,0.003518895481618099
48,34,0.0037007371547636823
48,35,0.0038807327792716503
48,36,0.004058546533492456
48,37,0.00423394250625885
48,38,0.004406804476740345
48,39,0.004577159461368617
48,40,0.004745204446910421
48,41,0.004911335166801727
48,42,0.005076175132905631
48,43,0.005240602413520659
48,44,0.0054057708570006855
48,45,0.005573121600376921
48,46,0.005744379762570795
48,47,0.00592153016238343
48,48,0.0061067646254485
48,49,0.006302391743499361
48,50,0.00651069740188258
48,51,0.006733740172080343
48,52,0.006973058237063346
48,53,0.007229251480743019
48,54,0.007501383891194181
48,55,0.007786174052731574
48,56,0.008060776572083319
48,57,0.008298691982577691
48,58,0.008538851716552024
48,59,0.0087812209149303
48,60,0.009025729213265993
48,61,0.009272266127123148
48,62,0.009520676458666482
48,63,0.009770755732416347
48,64,0.010022245670309345
48,65,0.010274829719968815
48,66,0.010528128655593178
48,67,0.010781696278228337
48,68,0.011035015251456967
48,69,0.011287493119693248
48,70,0.011538458569227417
48,71,0.011787158006742019
48,72,0.012032752545963326
48,73,0.012274315510068549
48,74,0.012510830575000104
48,75,0.0127411906964097
48,76,0.012964197979928605
48,77,0.013178564670099322
48,78,0.013382915446761156
48,79,0.01357579122800281
48,80,0.013755654684919504
48,81,0.013920897674181565
48,82,0.014069850788595628
48,83,0.014200795212117208
48,84,0.014313777417597234
48,85,0.014416199020426674
48,86,0.014508244143047631
48,87,0.01458909814753852
48,88,0.014657882210138713
48,89,0.014713662955988669
48,90,0.014755461981892901
48,91,0.014782266765609267
48,92,0.014793043179888164
48,93,0.01478674948335635
48,94,0.014762351524034534
48,95,0.014718838822379263
48,96,0.01465524116528347
48,97,0.014570645331627743
48,98,0.014464211580954662
48,99,0.014335189567704075
48,100,0.01418293339156228
48,101,0.014006915556157887
48,102,0.013806739678961248
48,103,0.013582151869558384
48,104,0.013333050765867535
48,105,0.013059496282398277
48,106,0.012761717174175633
48,107,0.012440117542584856
48,108,0.012095282374032833
48,109,0.01172798198550473
48,110,0.011339174119262345
48,111,0.010935588457263348
48,112,0.01056401717327755
48,113,0.01017568550430247
48,114,0.00977153024701906
48,115,0.009352675499201806
48,116,0.008920452032398368
48,117,0.008476414199197629
48,118,0.008022352541180909
48,119,0.007560300171873995
48,120,0.007092531059025449
48,121,0.006621548540347917
48,122,0.006150062783222511
48,123,0.005680956434756156
48,124,0.0052172383820216755
48,125,0.004761986316493995
48,126,0.004318279621516168
48,127,0.003889124916549199
48,128,0.0034773773301392742
48,129,0.003085661166940757
48,130,0.0027162940193549406
48,131,0.002371218498740607
48,132,0.002051945588898589
48,133,0.0017595131420686616
48,134,0.0014944622579557562
48,135,0.0012568332511169113
48,136,0.0010461816916800125
48,137,0.0008616136938709979
48,138,0.0007018383381713717
151,1,3.979264068086812e-06
151,2,5.583777471535121e-06
151,3,7.746823167737309e-06
151,4,1.062785417795848e-05
151,5,1.4420042391922054e-05
151,6,1.935400736392109e-05
151,7,2.570117122721786e-05
151,8,3.377656250894003e-05
151,9,4.3940898666120356e-05
151,10,5.660179162656875e-05
151,11,7.221393935003329e-05
151,12,9.127818646291498e-05
151,13,0.00011433935556790723
151,14,0.00014198276576664638
151,15,0.00017482936524120218
151,16,0.0002135294107459045
151,17,0.00025875463024777404
151,18,0.00031118880854830535
151,19,0.00037151674309538607
151,20,0.0004404115321616518
151,21,0.0005185201836276421
151,22,0.0006064475724685016
151,23,0.0007047388302331373
151,24,0.000813860320477003
151,25,0.0009341794390188929
151,26,0.001065943574572987
151,27,0.0012092586704826878
151,28,0.0013640679387471617
151,29,0.0014825683667102519
151,30,0.0015991910791144286
151,31,0.0017184436206488757
151,32,0.0018399349405213534
151,33,0.001963269548011307
151,34,0.0020880509796603482
151,35,0.0022138856137240395
151,36,0.0023403870865300633
151,37,0.0024671817055812654
151,38,0.002593915422545597
151,39,0.0027202631505453094
151,40,0.0028459415037077203
151,41,0.002970726418662414
151,42,0.003094477595993069
151,43,0.003217172264930661
151,44,0.0033389513780012984
151,45,0.003460181856551716
151,46,0.003581538655252844
151,47,0.003704109634896745
151,48,0.0038295234473622757
151,49,0.0039600937846372124
151,50,0.00409895847326082
151,51,0.004250161229328726
151,52,0.004418561501505187
151,53,0.00460932986824657
151,54,0.00482652364051324
151,55,0.0050697886074868165
151,56,0.005313750083353584
151,57,0.005528163142768098
151,58,0.0057485460794022575
151,59,0.005975074686708747
151,60,0.006207912529338865
151,61,0.0064472074793505895
151,62,0.006693087956953923
151,63,0.006945658845265335
151,64,0.007204997050365532
151,65,0.007471146681129669
151,66,0.007744113827934288
151,67,0.00802386092554131
151,68,0.008310300693313686
151,69,0.00860328965551944
151,70,0.008902621255917235
151,71,0.009208018594154762
151,72,0.009519126826802966
151,73,0.009835505293113304
151,74,0.010156619444797416
151,75,0.010481832680210875
151,76,0.010810398206118104
151,77,0.0111414510744817
151,78,0.011474000567102521
151,79,0.01180692312695394
151,80,0.01213895606106796
151,81,0.012468692264991785
151,82,0.012794576241942609
151,83,0.013114901708750553
151,84,0.013378113053714849
151,85,0.013617042085010304
151,86,0.0138532474266792
151,87,0.014085838320522374
151,88,0.014313802649242468
151,89,0.014536029533655393
151,90,0.014751325652195509
151,91,0.01495842882899694
151,92,0.015156019921596375
151,93,0.015342733115986537
151,94,0.015517164403609993
151,95,0.015677877948885654
151,96,0.015823410141089796
151,97,0.015952271313102274
151,98,0.016062945377886363
151,99,0.016153887966276648
151,100,0.016223524033649364
151,101,0.016270246324161543
151,102,0.01629241652075282
151,103,0.016288371338838366
151,104,0.0162564361962726
151,105,0.016194949337262232
151,106,0.01610229927962935
151,107,0.01597697797605935
151,108,0.01581765068015717
151,109,0.01562323985531656
151,110,0.01539300795172576
151,111,0.01512974019341477
151,112,0.014861815447023363
151,113,0.014562188645442948
151,114,0.01422995452959235
151,115,0.0138644221751897
151,116,0.013465180046094056
151,117,0.013032165122839098
151,118,0.01256573388714314
151,119,0.012066732347919717
151,120,0.011536561674827315
151,121,0.010977235400044713
151,122,0.01039142361787052
151,123,0.009782479238282921
151,124,0.009154441238453848
151,125,0.008512010120651715
151,126,0.0078604915374619
151,127,0.007205705371931077
151,128,0.006553859496313128
151,129,0.005911389937221008
151,130,0.005284772109207783
151,131,0.004680310900424802
151,132,0.004103920365408489
151,133,0.0035609061999804154
151,134,0.003055765629386677
151,135,0.002592019478026114
151,136,0.0021720897826131183
151,137,0.0017972333286911518
151,138,0.0014675371295013269
6,1,1.0964573859753154e-05
6,2,1.5360702922254537e-05
6,3,2.1229875436092277e-05
6,4,2.8952102169947554e-05
6,5,3.896845528457741e-05
6,6,5.1781319183915644e-05
6,7,6.795254270055981e-05
6,8,8.809947542397131e-05
6,9,0.00011288901643155978
6,10,0.00014302992558306134
6,11,0.00017926372948722617
6,12,0.00022235458730916375
6,13,0.00027307846562235204
6,14,0.00033221191463410663
6,15,0.0004005206545099287
6,16,0.00047874808728019103
6,17,0.0005676037635601632
6,18,0.0006677517673546691
6,19,0.0007797989446546551
6,20,0.0009042828945744876
6,21,0.001041659662164839
6,22,0.0011922911123155209
6,23,0.0013564320144995744
6,24,0.001534216918265302
6,25,0.0017256469405896632
6,26,0.0019305766127129347
6,27,0.002148700944210771
6,28,0.0023795428587284084
6,29,0.0025579713171194696
6,30,0.002733875738434746
6,31,0.0029140152526563345
6,32,0.0030984222370417885
6,33,0.0032871928606074017
6,34,0.003480484864149833
6,35,0.0036785124573105094
6,36,0.003881538179390545
6,37,0.004089861733174453
6,38,0.004303805999651962
6,39,0.004523700665484627
6,40,0.004749864128079056
6,41,0.004982584563663643
6,42,0.005222101226077656
6,43,0.005468587160107337
6,44,0.0057221345359122116
6,45,0.005982743717712408
6,46,0.006250316956685825
6,47,0.0065246572443023515
6,48,0.006805472393774089
6,49,0.007092383866975068
6,50,0.007384939280067302
6,51,0.007682626958393438
6,52,0.007984890416370762
6,53,0.008291140215871831
6,54,0.00860076019189348
6,55,0.008913104067848412
6,56,0.009210073254874416
6,57,0.00946812637544585
6,58,0.009727846866326028
6,59,0.009989107621501675
6,60,0.010251731592909997
6,61,0.010515485675575805
6,62,0.01078007460531077
6,63,0.011045134928361131
6,64,0.011310229112229246
6,65,0.011574839877991109
6,66,0.011838364846605618
6,67,0.012100111604740314
6,68,0.012359293309261374
6,69,0.012615024963443574
6,70,0.012866320511772607
6,71,0.013112090913478246
6,72,0.013351143367107606
6,73,0.013582181868871694
6,74,0.013803809295421627
6,75,0.014014531206271143
6,76,0.014212761561318881
6,77,0.014396830543800539
6,78,0.01456499466742775
6,79,0.01471544932735312
6,80,0.014846343926889346
6,81,0.014955799674672615
6,82,0.015041930099450127
6,83,0.015102864271418123
6,84,0.015166594551404532
6,85,0.015226706263140431
6,86,0.015271667503004873
6,87,0.015300590869476372
6,88,0.015312555386976703
6,89,0.015306616545661678
6,90,0.015281817741063266
6,91,0.015237203406282334
6,92,0.01517183391608308
6,93,0.01508480218303041
6,94,0.01497525173387516
6,95,0.014842395941101476
6,96,0.014685537990947937
6,97,0.014504091099341693
6,98,0.014297598445026167
6,99,0.014065752277183572
6,100,0.013808411673397256
6,101,0.013525618470944443
6,102,0.0132176109661344
6,103,0.012884835066913606
6,104,0.012527952686078954
6,105,0.01214784726810825
6,106,0.01174562644344954
6,107,0.01132262189229136
6,108,0.010880386569779316
6,109,0.01042068949660808
6,110,0.009945508365598722
6,111,0.009463718123703776
6,112,0.009030434073869576
6,113,0.008586666150100026
6,114,0.008134281248299307
6,115,0.007675273451037872
6,116,0.007211761114602934
6,117,0.00674598241603883
6,118,0.006280288112990409
6,119,0.005817130109385481
6,120,0.005359044380957777
6,121,0.004908626932804988
6,122,0.0044685017648834835
6,123,0.004041280322783347
6,124,0.003629512600232937
6,125,0.003235630899413856
6,126,0.0028618881791432882
6,127,0.0025102938362363235
6,128,0.0021825505592749984
6,129,0.001879996447061865
6,130,0.0016035567868324535
6,131,0.0013537096597491449
6,132,0.0011304688504640773
6,133,0.0009333864109245164
6,134,0.0007615757577683388
6,135,0.0006137545169275678
6,136,0.0004883046575029396
6,137,0.0003833459816810813
6,138,0.0002968179423688165
2226,1,1.750613631936084e-05
2226,2,2.390220366345282e-05
2226,3,3.22469369596641e-05
2226,4,4.299763736419655e-05
2226,5,5.667896558045018e-05
2226,6,7.38829427472785e-05
2226,7,9.526660395979635e-05
2226,8,0.00012154707025182552
2226,9,0.00015349389394775975
2226,10,0.00019191863112673425
2226,11,0.00023766169762927362
2226,12,0.00029157666895537144
2226,13,0.00035451228791806284
2226,14,0.0004272925455351449
2226,15,0.0005106952982381944
2226,16,0.0006054299747202471
2226,17,0.0007121150039096272
2226,18,0.0008312556558282612
2226,19,0.0009632230232655864
2226,20,0.0011082348786687127
2226,21,0.0012663391134367715
2226,22,0.001437400404420117
2226,23,0.0016210906563782763
2226,24,0.0018168836440543529
2226,25,0.0020240541307427525
2226,26,0.002241681581189909
2226,27,0.002468658425998479
2226,28,0.002703702683401969
2226,29,0.0029454070566022512
2226,30,0.0031922824867474755
2226,31,0.0034426851624283043
2226,32,0.003694785177435617
2226,33,0.003946645635878113
2226,34,0.004196282256781852
2226,35,0.00444171495413008
2226,36,0.004681016723079025
2226,37,0.004912361786850106
2226,38,0.00513407420955736
2226,39,0.005344678290441765
2226,40,0.005542952473196937
2226,41,0.00572798901375486
2226,42,0.005899262118954555
2226,43,0.006056707559622085
2226,44,0.0062008166770446075
2226,45,0.00633274692325531
2226,46,0.006454449075226657
2226,47,0.006568807156106905
2226,48,0.006679779374928614
2226,49,0.006792514415845621
2226,50,0.006913392337248964
2226,51,0.007049893880745785
2226,52,0.007210117250501038
2226,53,0.007401597676041933
2226,54,0.007628764719508761
2226,55,0.007887879712357212
2226,56,0.00816102954143581
2226,57,0.00843570598592995
2226,58,0.008709479183729496
2226,59,0.008981930485043314
2226,60,0.009252630088429682
2226,61,0.00952113725622223
2226,62,0.009787000697358042
2226,63,0.010049759082535208
2226,64,0.01030894165601387
2226,65,0.010564068908911362
2226,66,0.010814653280519957
2226,67,0.01106019985690479
2226,68,0.011300207039690468
2226,69,0.011534167162372575
2226,70,0.01176156703653405
2226,71,0.011981888415843377
2226,72,0.012194608371499546
2226,73,0.012399199578712364
2226,74,0.012595130519719808
2226,75,0.012781865614625403
2226,76,0.01295886529688194
2226,77,0.01312558605548274
2226,78,0.013281480470808463
2226,79,0.013425997275614119
2226,80,0.013558581476874346
2226,81,0.013678674578245436
2226,82,0.013785714946981244
2226,83,0.013879138373758737
2226,84,0.013959513249280818
2226,85,0.014032801023288244
2226,86,0.01410700479336718
2226,87,0.014184640214130934
2226,88,0.014265343463319723
2226,89,0.014347208539900277
2226,90,0.014427461614981579
2226,91,0.014502859824042702
2226,92,0.014569955154380095
2226,93,0.014625280415411064
2226,94,0.014665483056624958
2226,95,0.014687419941632605
2226,96,0.014688220850204551
2226,97,0.014665326273646924
2226,98,0.01461650426636127
2226,99,0.014539850942566419
2226,100,0.01443377928581729
2226,101,0.014297001075217476
2226,102,0.014128506820609602
2226,103,0.013927548584252636
2226,104,0.013693630429766908
2226,105,0.013426511002567344
2226,106,0.01312622249894465
2226,107,0.01279311024054793
2226,108,0.012427897671167972
2226,109,0.012031783250114957
2226,110,0.011606573439335043
2226,111,0.011154734480698604
2226,112,0.01067860621706017
2226,113,0.010180184817923162
2226,114,0.009661629159350546
2226,115,0.009125485851258984
2226,116,0.008574712132160966
2226,117,0.00801268436187848
2226,118,0.007443187655314488
2226,119,0.006870382972666309
2226,120,0.006298749207463182
2226,121,0.0057329994670412025
2226,122,0.005177972740145756
2226,123,0.004638504355130938
2226,124,0.004119280858101319
2226,125,0.0036246869520961847
2226,126,0.003158653688760097
2226,127,0.002724517960939312
2226,128,0.0023249033272805765
2226,129,0.001961631212332054
2226,130,0.0016356695836036016
2226,131,0.0013471234503609892
2226,132,0.001095268215443068
2226,133,0.000878623390757812
2226,134,0.0006950608567484229
2226,135,0.0005419390955707498
2226,136,0.0004162529812020856
2226,137,0.0003147879791115352
2226,138,0.0002342680709564847
328,1,8.64037259543382e-06
328,2,1.2030991725191379e-05
328,3,1.6517967051276373e-05
328,4,2.2372792870813145e-05
328,5,2.991070046250652e-05
328,6,3.94927823553554e-05
328,7,5.152770890702844e-05
328,8,6.647318446061692e-05
328,9,8.483735556088815e-05
328,10,0.00010718043280550285
328,11,0.00013411681665066489
328,12,0.00016631802442396514
328,13,0.00020451670169607553
328,14,0.0002495119685613004
328,15,0.00030217630391098083
328,16,0.0003634641125226672
328,17,0.0004344220546673436
328,18,0.0005162011493442946
328,19,0.0006100705927667239
328,20,0.0007174331649772736
328,21,0.000839842030133414
328,22,0.0009790186698075609
328,23,0.0011368716225420507
328,24,0.0013155156352495534
328,25,0.0015172907609400195
328,26,0.0017447808608809631
328,27,0.0020008308864466607
328,28,0.0022885622265431823
328,29,0.0023984391375984457
328,30,0.0024858656422677297
328,31,0.0025728203705100983
328,32,0.0026594863113420667
328,33,0.0027460516730351387
328,34,0.0028327097041495005
328,35,0.0029196605643361266
328,36,0.003007115352786975
328,37,0.003095302462082832
328,38,0.0031844765023992614
328,39,0.003274930138677369
328,40,0.0033670092983438867
328,41,0.0034611323310483606
328,42,0.003557813818663377
328,43,0.003657693815102723
328,44,0.0037615732924485066
328,45,0.00387045639920862
328,46,0.003985599656948257
328,47,0.00410856719116281
328,48,0.004241289088346869
328,49,0.0043861162291024105
328,50,0.004545858014738921
328,51,0.004723776349133846
328,52,0.0049234836963576
328,53,0.005148640170897477
328,54,0.00540222840597457
328,55,0.0056849384758506346
328,56,0.00593538336438842
328,57,0.006065857770836375
328,58,0.0062052965658655635
328,59,0.00635423809422141
328,60,0.006513242504255921
328,61,0.006682893124762122
328,62,0.006863797650658496
328,63,0.007056589090006511
328,64,0.007261926417345485
328,65,0.007480494869767639
328,66,0.007713005812513298
328,67,0.007960196090138497
328,68,0.008222826767525884
328,69,0.008501681152249913
328,70,0.008797561976200224
328,71,0.00911128760011421
328,72,0.00944368709006149
328,73,0.009795594000360563
328,74,0.010167838683424817
328,75,0.010561238934330421
328,76,0.010976588767360511
328,77,0.011414645114517214
328,78,0.011876112233371205
328,79,0.01236162361526563
328,80,0.012871721196741615
328,81,0.013406831699323987
328,82,0.01396723995802304
328,83,0.01455305914988028
328,84,0.014734241671999134
328,85,0.014742580251387418
328,86,0.014759266335033112
328,87,0.01478352116391001
328,88,0.014814501324809715
328,89,0.01485130246395886
328,90,0.01489296115749692
328,91,0.014938456239226114
328,92,0.014986709939121164
328,93,0.015036588844153435
328,94,0.015086904571756364
328,95,0.015136414029675095
328,96,0.015183819183789232
328,97,0.015227766349930822
328,98,0.015266845154561585
328,99,0.015299587459898218
328,100,0.015324466706075998
328,101,0.01533989826559761
328,102,0.015344241505506504
328,103,0.015335804270408017
328,104,0.015312850373525852
328,105,0.015273610310992072
328,106,0.015216294604459613
328,107,0.015139107523936766
328,108,0.015040255492503528
328,109,0.0149179367775832
328,110,0.014770281187522515
328,111,0.014573328690011832
328,112,0.014158929696673437
328,113,0.013730022690513217
328,114,0.0132858605307392
328,115,0.012825904221684442
328,116,0.012349867416972334
328,117,0.011857761183542396
328,118,0.011349936875809562
328,119,0.010827124690897126
328,120,0.01029046528494099
328,121,0.009741531757421493
328,122,0.00918233938394698
328,123,0.008615340722819654
328,124,0.008043404155277588
328,125,0.007469774551559685
328,126,0.0068980155790115735
328,127,0.006331934161019537
328,128,0.005775488713017743
328,129,0.005232683958995543
328,130,0.004707456283197725
328,131,0.00420355459528622
328,132,0.0037244224731575043
328,133,0.0032730877893036147
328,134,0.0028520660350536036
328,135,0.002463283075887897
328,136,0.0021080220900644014
328,137,0.001786898006832812
328,138,0.0014998609706586721
2005,1,0.0001773167167644973
2005,2,0.0002146678214977475
2005,3,0.00025790415714356963
2005,4,0.00030755879289837205
2005,5,0.00036415501249895577
2005,6,0.0004282001376150226
2005,7,0.000500180147145843
2005,8,0.0005805552534142031
2005,9,0.0006697565397335726
2005,10,0.000768183709443294
2005,11,0.0008762039455961211
2005,12,0.000994151833725403
2005,13,0.0011223302571606141
2005,14,0.0012610121342429674
2005,15,0.0014104428284853795
2005,16,0.0015708430255574905
2005,17,0.0017424118349497507
2005,18,0.0019253298400463699
2005,19,0.002119761789616598
2005,20,0.002325858598499435
2005,21,0.002543758307950352
2005,22,0.0027735856492914334
2005,23,0.003015449860566432
2005,24,0.00326944042687655
2005,25,0.003535620452372557
2005,26,0.0038140174260496915
2005,27,0.004104611213855746
2005,28,0.00440731919348749
2005,29,0.004552428498891274
2005,30,0.004679132232712988
2005,31,0.004806215119244227
2005,32,0.004934240010925938
2005,33,0.0050637537242869506
2005,34,0.005195277423073512
2005,35,0.005329298392346435
2005,36,0.005466263140610489
2005,37,0.0056065718658234506
2005,38,0.005750574309669902
2005,39,0.005898566999926208
2005,40,0.006050791857815977
2005,41,0.006207436129035054
2005,42,0.006368633584775827
2005,43,0.00653446693364316
2005,44,0.0067049713882330495
2005,45,0.006880139343420527
2005,46,0.007059926150291045
2005,47,0.007244257015320648
2005,48,0.007433035127503151
2005,49,0.007626151231576558
2005,50,0.007823495049863058
2005,51,0.008024969256428649
2005,52,0.008230507210304269
2005,53,0.008440096488890094
2005,54,0.008653811429740628
2005,55,0.00887185700305242
2005,56,0.009060654665027108
2005,57,0.00917413484240382
2005,58,0.009291025118634916
2005,59,0.009411404885524138
2005,60,0.009535325485798005
2005,61,0.009662809465543846
2005,62,0.009793849568114833
2005,63,0.009928407460947615
2005,64,0.010066412192580068
2005,65,0.01020775838264246
2005,66,0.010352304152829053
2005,67,0.010499868811961119
2005,68,0.010650230313357921
2005,69,0.010803122507970636
2005,70,0.010958232222233208
2005,71,0.01111519619546658
2005,72,0.011273597918050311
2005,73,0.011432964418552469
2005,74,0.01159276305567488
2005,75,0.011752398379298422
2005,76,0.011911209134152728
2005,77,0.012068465489698187
2005,78,0.012223366590658603
2005,79,0.012375038534161125
2005,80,0.012522532891394088
2005,81,0.012664825903663657
2005,82,0.012800818493966762
2005,83,0.012929337244235914
2005,84,0.012957084723058168
2005,85,0.01294195370119001
2005,86,0.012923849832960918
2005,87,0.012902111491618769
2005,88,0.012876077728074883
2005,89,0.012845096333028546
2005,90,0.012808530319156344
2005,91,0.012765764436964281
2005,92,0.012716211005278175
2005,93,0.012659314202943887
2005,94,0.012594552161839506
2005,95,0.012521436463901808
2005,96,0.01243950892734095
2005,97,0.01234833584978326
2005,98,0.01224750014135621
2005,99,0.012136592011415707
2005,100,0.012015199053278334
2005,101,0.011882896690260332
2005,102,0.011739239996727484
2005,103,0.011583757888105983
2005,104,0.011415950587013569
2005,105,0.011235291125661165
2005,106,0.011041231446583989
2005,107,0.010833213424634672
2005,108,0.010610684863924587
2005,109,0.010373120246298944
2005,110,0.010120045865873463
2005,111,0.009850456649643173
2005,112,0.009561785988623984
2005,113,0.009261524779228049
2005,114,0.008949604735928252
2005,115,0.00862610495242305
2005,116,0.0082912791512183
2005,117,0.00794558019105626
2005,118,0.007589680570957286
2005,119,0.007224487722173618
2005,120,0.006851152982461308
2005,121,0.006471073301264764
2005,122,0.006085884928249919
2005,123,0.0056974485876709995
2005,124,0.005307825931945568
2005,125,0.004919247392474393
2005,126,0.0045340718956719634
2005,127,0.00415473927759412
2005,128,0.0037837166003427502
2005,129,0.0034234399347503135
2005,130,0.003076253511438412
2005,131,0.00274434843771487
2005,132,0.00242970340861609
2005,133,0.0021340299807085573
2005,134,0.0018587249986640332
2005,135,0.001604832639302448
2005,136,0.0013730182430321002
2005,137,0.0011635556263197265
2005,138,0.0009763289138182995
103,1,5.221923386744788e-06
103,2,7.480628260537055e-06
103,3,1.0546297664695595e-05
103,4,1.4639162214297548e-05
103,5,2.0017487637285435e-05
103,6,2.6978790362273016e-05
103,7,3.5860258552919416e-05
103,8,4.703852058779759e-05
103,9,6.0929007772093216e-05
103,10,7.798524362889994e-05
103,11,9.869844934559216e-05
103,12,0.0001235978799199887
103,13,0.00015325229978153907
103,14,0.0001882729762641572
103,15,0.0002293185233205289
103,16,0.0002771018762707092
103,17,0.0003323996302295853
103,18,0.00039606393693948004
103,19,0.00046903713086275813
103,20,0.0005523692463925209
103,21,0.0006472385922358279
103,22,0.0007549755629805327
103,23,0.0008770898871940046
103,24,0.0010153015314657795
103,25,0.0011715754961086464
103,26,0.0013481607466407765
103,27,0.0015476335218913375
103,28,0.0017729452410470928
103,29,0.0018577064556284987
103,30,0.001925625925861927
103,31,0.001994534971240804
103,32,0.002064949072739123
103,33,0.0021374072646913817
103,34,0.0022124651866446783
103,35,0.002290688414160963
103,36,0.0023726461060268964
103,37,0.002458905045806338
103,38,0.002550024212965577
103,39,0.0026465500905534962
103,40,0.0027490129986179907
103,41,0.002857924828796981
103,42,0.0029737786366205005
103,43,0.0030970506119141813
103,44,0.0032282049798742158
103,45,0.003367702370278642
103,46,0.003516012114808352
103,47,0.0036736287797764383
103,48,0.003841093004183533
103,49,0.004019016383008883
103,50,0.004208109698697992
103,51,0.004409213216436087
103,52,0.004623326888233339
103,53,0.004851636767949694
103,54,0.005095530559548008
103,55,0.005356586238234729
103,56,0.005579584058062622
103,57,0.005682001126646352
103,58,0.005792934066790934
103,59,0.005912924814845873
103,60,0.00604254446753607
103,61,0.006182396012258074
103,62,0.006333117069708649
103,63,0.006495382638047434
103,64,0.0066699078232083445
103,65,0.006857450534200948
103,66,0.007058814115144711
103,67,0.00727484987720302
103,68,0.0075064594833638195
103,69,0.007754597126968375
103,70,0.008020271430825662
103,71,0.008304546977466054
103,72,0.00860854536237917
103,73,0.008933445640750767
103,74,0.009280484014087327
103,75,0.009650952576060454
103,76,0.010046196906852177
103,77,0.010467612272269946
103,78,0.010916638148111038
103,79,0.011394750752063212
103,80,0.011903453225472127
103,81,0.012444263066551248
103,82,0.013018696376434227
103,83,0.013628248441702689
103,84,0.013815821530372363
103,85,0.013823111941909088
103,86,0.013842515877243056
103,87,0.013873540457945189
103,88,0.01391566870246075
103,89,0.013968352796458706
103,90,0.014031006934156352
103,91,0.014102999755451186
103,92,0.014183646425151096
103,93,0.014272200406884532
103,94,0.014367844991052368
103,95,0.014469684646538972
103,96,0.014576736280900005
103,97,0.014687920514051284
103,98,0.014802053096600105
103,99,0.014917836636230202
103,100,0.015033852834176114
103,101,0.015148555478864924
103,102,0.015260264495310703
103,103,0.015367161407018888
103,104,0.015467286632769205
103,105,0.015558539115943713
103,106,0.015638678874966287
103,107,0.01570533318531003
103,108,0.01575600729790203
103,109,0.01578810098647396
103,110,0.015798933185891883
103,111,0.015755502088212955
103,112,0.0154199857356624
103,113,0.015069073778239347
103,114,0.01470168638515324
103,115,0.01431687631581029
103,116,0.013913855569050287
103,117,0.01349202557817677
103,118,0.013051010522150984
103,119,0.01259069296889146
103,120,0.012111250671927754
103,121,0.011613192932938277
103,122,0.011097394553868998
103,123,0.01056512507239222
103,124,0.010018070744402367
103,125,0.009458346646222438
103,126,0.008888496350474109
103,127,0.008311476906739893
103,128,0.007730627342065713
103,129,0.007149619583199095
103,130,0.006572391572897183
103,131,0.006003063372027677
103,132,0.005445838158260207
103,133,0.004904891187954106
103,134,0.0043842509046391545
103,135,0.003887677367953837
103,136,0.003418543944635705
103,137,0.0029797286475583416
103,138,0.0025735215331932266
24,1,9.164428608345321e-07
24,2,1.4429658987176967e-06
24,3,2.230264949284487e-06
24,4,3.3849480317946324e-06
24,5,5.04667184674765e-06
24,6,7.394204321230588e-06
24,7,1.065120138575287e-05
24,8,1.509120863619125e-05
24,9,2.104135235245598e-05
24,10,2.8884180948195846e-05
24,11,3.905716299375455e-05
24,12,5.204944118598775e-05
24,13,6.83955770275482e-05
24,14,8.866618796063727e-05
24,15,0.00011345556394165447
24,16,0.00014336653980631556
24,17,0.00017899307999410613
24,18,0.00022090119194232232
24,19,0.0002696089146791442
24,20,0.0003255662228950316
24,21,0.00038913573876545103
24,22,0.00046057515006905735
24,23,0.0005400221910515887
24,24,0.0006274829511328303
24,25,0.0007228241375262181
24,26,0.0008257697359818462
24,27,0.0009359022978046429
24,28,0.0010526688434726208
24,29,0.0011753916296800165
24,30,0.001303287564517077
24,31,0.0014354945401855788
24,32,0.0015710961056933138
24,33,0.0017091462859018475
24,34,0.0018486951790000969
24,35,0.001988813974342702
24,36,0.002128618278099493
24,37,0.0022672889171750543
24,38,0.0024040897338446364
24,39,0.0025383823175182314
24,40,0.0026696381652615234
24,41,0.0027974494357720005
24,42,0.0029215402783693066
24,43,0.0030417816924148662
24,44,0.0031582140089072824
24,45,0.003271082373711987
24,46,0.0033808920066684188
24,47,0.0034884913993425627
24,48,0.0035951927270518177
24,49,0.0037029389324323885
24,50,0.0038145244988316896
24,51,0.003933867203383425
24,52,0.004066297128105545
24,53,0.004218730442617041
24,54,0.004399251376442448
24,55,0.0046142092682363595
24,56,0.004854739590132902
24,57,0.005104427792971406
24,58,0.00535952514907023
24,59,0.005619837026086078
24,60,0.005885162865453922
24,61,0.006155296499002627
24,62,0.006430026284083411
24,63,0.006709135045658653
24,64,0.006992399817057142
24,65,0.007279591374169388
24,66,0.007570473560695178
24,67,0.007864802404649589
24,68,0.008162325028694618
24,69,0.008462778359013835
24,70,0.008765887639427924
24,71,0.009071364759301457
24,72,0.009378906405562486
24,73,0.009688192050886163
24,74,0.009998881791814993
24,75,0.010310614052321445
24,76,0.01062300317006945
24,77,0.01093563688439455
24,78,0.011248073746777493
24,79,0.011559840476309034
24,80,0.011870429284306531
24,81,0.012179295193827619
24,82,0.012485853381336827
24,83,0.012789476569264581
24,84,0.013089482008822519
24,85,0.013385036145443212
24,86,0.013674980855026213
24,87,0.01395792951057756
24,88,0.01423241104209176
24,89,0.014496959826084897
24,90,0.0147501766708674
24,91,0.014990769863617146
24,92,0.015217579111758929
24,93,0.01542958369608582
24,94,0.01562589616536686
24,95,0.0158057433648912
24,96,0.015968437087256017
24,97,0.01611333699733356
24,98,0.01623980866493835
24,99,0.016347179548577676
24,100,0.01643469565415377
24,101,0.01650148140180625
24,102,0.01654650503810927
24,103,0.016568551803956916
24,104,0.0165662071102468
24,105,0.016537852362087806
24,106,0.01648167722036489
24,107,0.0163957151268104
24,108,0.01627791737263599
24,109,0.016126307672703004
24,110,0.015939361017601104
24,111,0.015717144399091724
24,112,0.015460453955975126
24,113,0.015168784378441146
24,114,0.014840993131080761
24,115,0.014476217830304899
24,116,0.014073952957768344
24,117,0.013634128226226146
24,118,0.013157185843715804
24,119,0.01264415326674756
24,120,0.012096707389109528
24,121,0.011517225558750026
24,122,0.010908818447955264
24,123,0.010275339729832402
24,124,0.00962136784387226
24,125,0.00895215595423846
24,126,0.008273547568626945
24,127,0.007591857189391699
24,128,0.006913717737294888
24,129,0.0062458991679064544
24,130,0.005595105461843773
24,131,0.004967759724069236
24,132,0.004369789156737235
24,133,0.00380642286932003
24,134,0.0032820156132700304
24,135,0.0027999094358744495
24,136,0.0023623429393112775
24,137,0.0019704144631159854
24,138,0.001624101385605069
324,1,9.008397983849792e-06
324,2,1.248301548048415e-05
324,3,1.7084248078940834e-05
324,4,2.3093800694311883e-05
324,5,3.083597042446446e-05
324,6,4.067634289745611e-05
324,7,5.3018388805920686e-05
324,8,6.829789552322e-05
324,9,8.697533829857833e-05
324,10,0.00010952646473699044
324,11,0.00013643151241451366
324,12,0.0001681635824051564
324,13,0.0002051767372312581
324,14,0.00024789437500488275
324,15,0.00029669835648855485
324,16,0.0003519192411129702
324,17,0.00041382784023664146
324,18,0.000482628142276676
324,19,0.0005584515250260981
324,20,0.0006413520619236925
324,21,0.0007313026619844623
324,22,0.0008281917618906353
324,23,0.0009318203117929781
324,24,0.0010418988573417886
324,25,0.001158044609871207
324,26,0.0012797785034735034
324,27,0.001406522350642177
324,28,0.001537596316347198
324,29,0.0016792848746262623
324,30,0.0018287965092048484
324,31,0.0019856446259601712
324,32,0.0021499190599520127
324,33,0.0023216892724152393
324,34,0.002500996436377125
324,35,0.0026878457484696486
324,36,0.002882199330894111
324,37,0.00308397007657302
324,38,0.003293016751535401
324,39,0.003509140606178244
324,40,0.0037320836623234866
324,41,0.003961528738178832
324,42,0.004197101152958555
324,43,0.004438371924222684
324,44,0.004684862143595027
324,45,0.004936048101830715
324,46,0.0051913666442098706
324,47,0.005450220182909904
324,48,0.005711980782424518
324,49,0.005975992770376311
324,50,0.0062415734052443765
324,51,0.0065080112410590965
324,52,0.0067745619401310304
324,53,0.007040441350838497
324,54,0.00730481560719217
324,55,0.007566787728959353
324,56,0.007836636937545978
324,57,0.00813224541599516
324,58,0.00842886961418204
324,59,0.00872603069248063
324,60,0.009023208064595528
324,61,0.009319834938680062
324,62,0.009615293985857445
324,63,0.009908913218269184
324,64,0.01019996216650403
324,65,0.010487648454191003
324,66,0.010771114875466545
324,67,0.01104943708867302
324,68,0.011321622046666266
324,69,0.011586607290081768
324,70,0.011843261234362365
324,71,0.012090384583764671
324,72,0.012326713005390493
324,73,0.012550921192978178
324,74,0.012761628443189876
324,75,0.012957405855936015
324,76,0.013136785254443305
324,77,0.013298269899944724
324,78,0.01344034704982476
324,79,0.013561502376721121
324,80,0.013660236229604123
324,81,0.013735081676644374
324,82,0.013784624224626868
324,83,0.013807523062700607
324,84,0.013982189695568059
324,85,0.014217753768757077
324,86,0.014438179189305215
324,87,0.014642057035516381
324,88,0.014827924183310599
324,89,0.014994274543517478
324,90,0.015139571506440429
324,91,0.015262262774108073
324,92,0.015360797870204355
324,93,0.01543364832989488
324,94,0.0154793304057327
324,95,0.015496429987469112
324,96,0.015483629303040283
324,97,0.015439734844374041
324,98,0.015363705850149876
324,99,0.01525468258556503
324,100,0.01511201359426992
324,101,0.014935281067053661
324,102,0.014724323481134468
324,103,0.014479254716232213
324,104,0.014200478949142104
324,105,0.01388870076403332
324,106,0.0135449300844023
324,107,0.01317048172459831
324,108,0.012766969561862428
324,109,0.012336295530455437
324,110,0.01188063382166809
324,111,0.011417912761836093
324,112,0.011071286611129405
324,113,0.01070032790789325
324,114,0.010306816073717043
324,115,0.009892712757631818
324,116,0.009460150644137268
324,117,0.009011422737480604
324,118,0.008548972221190797
324,119,0.008075382709061893
324,120,0.007593368392042313
324,121,0.007105763271480469
324,122,0.006615508385767607
324,123,0.006125635719726774
324,124,0.0056392473695544235
324,125,0.005159488554434081
324,126,0.004689513248631616
324,127,0.0042324415770555275
324,128,0.0037913086833819
324,129,0.0033690055363572243
324,130,0.0029682130571794113
324,131,0.0025913319704439666
324,132,0.002240411812070465
324,133,0.001917083447369101
324,134,0.0016225001148859825
324,135,0.0013572922641002833
324,136,0.00112154116361177
324,137,0.0009147753378810033
324,138,0.0007359923437928415
2653,1,8.31933375060084e-06
2653,2,1.1023828391240188e-05
2653,3,1.4456409755144872e-05
2653,4,1.876687748544071e-05
2653,5,2.4124372555853817e-05
2653,6,3.071776042563804e-05
2653,7,3.875580252375114e-05
2653,8,4.8467170798441635e-05
2653,9,6.0100376990075296e-05
2653,10,7.392369865598605e-05
2653,11,9.022518677426313e-05
2653,12,0.00010931283495755806
2653,13,0.0001315149787337985
2653,14,0.00015718097640699053
2653,15,0.0001866822023906062
2653,16,0.00022041336126831903
2653,17,0.00025879410754150344
2653,18,0.0003022709329458428
2653,19,0.00035131926066903855
2653,20,0.0004064456635302589
2653,21,0.0004681901004744269
2653,22,0.0005371280415525708
2653,23,0.0006138723247209747
2653,24,0.0006990745571675756
2653,25,0.0007934258385932701
2653,26,0.0008976565435367421
2653,27,0.0010125348547137263
2653,28,0.001138863690623506
2653,29,0.0012178771729434363
2653,30,0.0012937715292205883
2653,31,0.0013729553187361973
2653,32,0.0014557176484209274
2653,33,0.001542365444917292
2653,34,0.0016332217496987111
2653,35,0.0017286225587056874
2653,36,0.0018289127952311331
2653,37,0.0019344416121673295
2653,38,0.0020455571462443325
2653,39,0.002162600854770422
2653,40,0.0022859016030244124
2653,41,0.002415769723847713
2653,42,0.002552491335724084
2653,43,0.002696323280144896
2653,44,0.0028474891227601743
2653,45,0.0030061767558427206
2653,46,0.003172538243413132
2653,47,0.003346692669540488
2653,48,0.003528732895984456
2653,49,0.0037187373316474735
2653,50,0.003916788111651714
2653,51,0.004122997568402643
2653,52,0.004337545699854206
2653,53,0.004560732653452705
2653,54,0.004793051500021213
2653,55,0.005035279939182613
2653,56,0.0052630880917309605
2653,57,0.005440011360439569
2653,58,0.0056238926768868505
2653,59,0.005815088252026934
2653,60,0.0060139492532813935
2653,61,0.006220819425653649
2653,62,0.006436032448436129
2653,63,0.0066599089913270525
2653,64,0.006892753430110068
2653,65,0.007134850179881976
2653,66,0.007386459602691945
2653,67,0.00764781344630385
2653,68,0.007919109771691182
2653,69,0.008200507328979504
2653,70,0.008492119345072689
2653,71,0.008794006691380205
2653,72,0.009106170407173665
2653,73,0.009428543563435863
2653,74,0.009760982463928487
2653,75,0.010103257194909801
2653,76,0.010455041552785791
2653,77,0.010815902400262221
2653,78,0.011185288526530224
2653,79,0.011562519115850144
2653,80,0.011946771961699004
2653,81,0.012337071600398822
2653,82,0.012732277578679061
2653,83,0.013131073113586932
2653,84,0.013393766132103455
2653,85,0.013597930191835486
2653,86,0.01380125104474417
2653,87,0.01400264154001106
2653,88,0.014201128862515587
2653,89,0.014395753805732115
2653,90,0.014585539465661535
2653,91,0.01476948238627414
2653,92,0.01494655250915346
2653,93,0.01511569682522508
2653,94,0.015275844360845035
2653,95,0.015425911158580077
2653,96,0.01556480436463396
2653,97,0.015691424779975722
2653,98,0.01580466740840517
2653,99,0.01590341969771073
2653,100,0.015986557342416496
2653,101,0.016052937705702677
2653,102,0.016101391122768947
2653,103,0.01613071056145661
2653,104,0.01613964032728194
2653,105,0.016126864694273324
2653,106,0.016090997501877934
2653,107,0.01603057386288082
2653,108,0.01594404517838858
2653,109,0.015829778808617488
2653,110,0.015686065382080613
2653,111,0.015507699277137228
2653,112,0.015270034329409852
2653,113,0.015006616976676374
2653,114,0.014716159343381087
2653,115,0.01439739132588007
2653,116,0.014049114739176504
2653,117,0.013670270153012816
2653,118,0.013260015734581151
2653,119,0.01281781639448082
2653,120,0.012343540367357408
2653,121,0.011837559100584984
2653,122,0.011300845056870897
2653,123,0.010735060875215705
2653,124,0.010142632423231565
2653,125,0.009526797775829408
2653,126,0.008891624237780437
2653,127,0.008241986338949242
2653,128,0.007583499373295663
2653,129,0.006922405553028775
2653,130,0.006265413133070688
2653,131,0.005619492734706747
2653,132,0.004991639245327686
2653,133,0.004388611672229318
2653,134,0.0038166666939882183
2653,135,0.0032813038863903276
2653,136,0.0027870412710197566
2653,137,0.0023372386592779635
2653,138,0.001933983178339368
338,1,2.7488284631948827e-06
338,2,3.902305108174802e-06
338,3,5.474274644124756e-06
338,4,7.588630577934886e-06
338,5,1.0395601539304973e-05
338,6,1.4074044255046101e-05
338,7,1.883298306419515e-05
338,8,2.4912133315683062e-05
338,9,3.258116546818136e-05
338,10,4.21375083358418e-05
338,11,5.390255177789031e-05
338,12,6.821618712292973e-05
338,13,8.54297118274313e-05
338,14,0.0001058972162545633
338,15,0.0001299656577364208
338,16,0.00015796390358049784
338,17,0.0001901910850986393
338,18,0.00022690464567829145
338,19,0.0002683084861601943
338,20,0.00031454161126447133
338,21,0.00036566766430179117
338,22,0.0004216657080203537
338,23,0.00048242257189618995
338,24,0.0005477270450458081
338,25,0.0006172661529067346
338,26,0.0006906237170775177
338,27,0.0007672813615500699
338,28,0.0008466220933746056
338,29,0.0009388190011647636
338,30,0.001037046221156428
338,31,0.0011400336087012929
338,32,0.0012475204036074895
338,33,0.001359223566464814
338,34,0.001474845103507583
338,35,0.0015940807712081975
338,36,0.0017166303524285493
338,37,0.0018422096708943627
338,38,0.0019705644350061957
338,39,0.002101485873535941
338,40,0.0022348279389577956
338,41,0.0023705256034299753
338,42,0.0025086134533585463
338,43,0.002649243398588791
338,44,0.002792699851794788
338,45,0.0029394102057783192
338,46,0.0030899478464580356
338,47,0.0032450242908415652
338,48,0.003405466323278341
338,49,0.0035721731735815073
338,50,0.003746047699882669
338,51,0.003927893866111563
338,52,0.004118269767404719
338,53,0.004317279488478778
338,54,0.004524276167166742
338,55,0.004737444905037677
338,56,0.004963454165402549
338,57,0.0052164106567606896
338,58,0.005474357688999492
338,59,0.005737003656221411
338,60,0.006004025299737293
338,61,0.006275064389187212
338,62,0.006549724315531399
338,63,0.006827566640660772
338,64,0.007108107650449692
338,65,0.00739081496038589
338,66,0.00767510422566388
338,67,0.007960336010967723
338,68,0.008245812879200525
338,69,0.008530776763189378
338,70,0.00881440668989867
338,71,0.009095816932852904
338,72,0.009374055675172117
338,73,0.009648104272660201
338,74,0.009916877213490964
338,75,0.010179222877866084
338,76,0.010433925207150387
338,77,0.010679706396927877
338,78,0.010915230731588786
338,79,0.01113910967881828
338,80,0.011349908360009972
338,81,0.01154615350644046
338,82,0.011726343000242233
338,83,0.011888957083015562
338,84,0.012192679931513052
338,85,0.012559207682653341
338,86,0.012921191748540315
338,87,0.013277238705297071
338,88,0.013625833086674415
338,89,0.01396534528205092
338,90,0.01429403951541703
338,91,0.014610084042272323
338,92,0.01491156421929587
338,93,0.015196498580262308
338,94,0.015462857777110305
338,95,0.015708586050430004
338,96,0.015931624735501325
338,97,0.016129937179397258
338,98,0.01630153434339665
338,99,0.016444500297969334
338,100,0.0165570167896946
338,101,0.016637386073508984
338,102,0.016684051259192912
338,103,0.01669561351283913
338,104,0.016670845570228413
338,105,0.01660870113671126
338,106,0.016508319824594723
338,107,0.016369027230917554
338,108,0.01619032941663056
338,109,0.01597190008594487
338,110,0.015713557062580704
338,111,0.015435194498789044
338,112,0.015296659728798746
338,113,0.01511771723664195
338,114,0.014897500739684476
338,115,0.014635366948448317
338,116,0.014330941540059438
338,117,0.013984170621785343
338,118,0.01359537642067676
338,119,0.0131653153061327
338,120,0.012695235633902685
338,121,0.012186932326823281
338,122,0.011642794616386008
338,123,0.011065842996689976
338,124,0.01045975122495809
338,125,0.009828849178783882
338,126,0.009178102591897849
338,127,0.008513066185232095
338,128,0.007839807539984643
338,129,0.007164800272910487
338,130,0.006494786703789024
338,131,0.005836612248016422
338,132,0.0051970361620366015
338,133,0.004582525874241136
338,134,0.003999044714966096
338,135,0.0034518450947656583
338,136,0.0029452806903018853
338,137,0.0024826515986124333
338,138,0.002066095402295771
2032,1,3.077208545838324e-06
2032,2,4.356617250217669e-06
2032,3,6.093470375938759e-06
2032,4,8.419677932485389e-06
2032,5,1.1493568185531605e-05
2032,6,1.5501561023301752e-05
2032,7,2.0658928584701927e-05
2032,8,2.7209418120963915e-05
2032,9,3.542355912647887e-05
2032,10,4.559554519113397e-05
2032,11,5.803866544289449e-05
2032,12,7.307935332988656e-05
2032,13,9.105001309714715e-05
2032,14,0.00011228086784351138
2032,15,0.0001370911397185483
2032,16,0.00016577991673341342
2032,17,0.0001986170783140701
2032,18,0.0002358346422150393
2032,19,0.00027761886031463435
2032,20,0.00032410333386012765
2032,21,0.00037536334534069807
2032,22,0.0004314115209007697
2032,23,0.0004921948512116957
2032,24,0.0005575930171635788
2032,25,0.0006274178962835767
2032,26,0.0007014140721161526
2032,27,0.0007792601362300409
2032,28,0.0008605705637126964
2032,29,0.000949448023521012
2032,30,0.0010437197459813947
2032,31,0.0011430308949490452
2032,32,0.0012474417269752465
2032,33,0.001357030617296162
2032,34,0.0014718949370056446
2032,35,0.0015921505670533345
2032,36,0.0017179298539353096
2032,37,0.0018493778699615923
2032,38,0.0019866469181640833
2032,39,0.002129889326987466
2032,40,0.002279248711457394
2032,41,0.0024348500273668906
2032,42,0.0025967888988199673
2032,43,0.0027651208376978493
2032,44,0.002939851073635241
2032,45,0.003120925752417106
2032,46,0.0033082252211331068
2032,47,0.0035015599905133545
2032,48,0.003700669751790237
2032,49,0.0039052255452191216
2032,50,0.004114834862591548
2032,51,0.0043290491600202485
2032,52,0.004547373005874306
2032,53,0.0047692739229891635
2032,54,0.004994191865514418
2032,55,0.005221546811041675
2032,56,0.005457273485582703
2032,57,0.005711918358802385
2032,58,0.005971266202130938
2032,59,0.006235103639125152
2032,60,0.006503186844849804
2032,61,0.006775237386744699
2032,62,0.007050937963412135
2032,63,0.007329928088353687
2032,64,0.007611799768771241
2032,65,0.007896093233130593
2032,66,0.008182292765273918
2032,67,0.008469822707462346
2032,68,0.008758043699814663
2032,69,0.00904624922913235
2032,70,0.009333662565978862
2032,71,0.009619434174980892
2032,72,0.009902639689471146
2032,73,0.010182278547574595
2032,74,0.010457273392395109
2032,75,0.01072647034378458
2032,76,0.010988640252938818
2032,77,0.011242481053400347
2032,78,0.011486621322581535
2032,79,0.01171962516626142
2032,80,0.011939998534274018
2032,81,0.012146197068416598
2032,82,0.012336635573105492
2032,83,0.012509699185154955
2032,84,0.012798660535158502
2032,85,0.01313835350510754
2032,86,0.013472076179921083
2032,87,0.013798476096789681
2032,88,0.014116094457608214
2032,89,0.014423375060132169
2032,90,0.014718672354083336
2032,91,0.015000260827616718
2032,92,0.015266346225108748
2032,93,0.01551507860427112
2032,94,0.015744567044561356
2032,95,0.015952895724148375
2032,96,0.01613814103851996
2032,97,0.01629838942562727
2032,98,0.01643175558535725
2032,99,0.016536400832076213
2032,100,0.016610551394190695
2032,101,0.0166525165686675
2032,102,0.01666070674394325
2032,103,0.016633651412688917
2032,104,0.01657001739632566
2032,105,0.016468627585322165
2032,106,0.01632848055294883
2032,107,0.016148771417638322
2032,108,0.015928914310644943
2032,109,0.01566856677948382
2032,110,0.015367656580754233
2032,111,0.015043381240541415
2032,112,0.014831828466331723
2032,113,0.014580001316517353
2032,114,0.014287656092996964
2032,115,0.013954844042090324
2032,116,0.013581953596612607
2032,117,0.013169754839282977
2032,118,0.01271944447388755
2032,119,0.01223268905281738
2032,120,0.011711663725798242
2032,121,0.011159083389396147
2032,122,0.010578222871158172
2032,123,0.009972922711608897
2032,124,0.00934757724123828
2032,125,0.008707102011834398
2032,126,0.008056878250879803
2032,127,0.007402672878175901
2032,128,0.006750533762188907
2032,129,0.006106661293944036
2032,130,0.005477258990909681
2032,131,0.004868367650986529
2032,132,0.00428568945127244
2032,133,0.0037344101694344583
2032,134,0.003219029188846776
2032,135,0.0027432078887097222
2032,136,0.0023096471691226215
2032,137,0.0019200040099615315
2032,138,0.0015748549937772316
2572,1,1.1852668998963834e-06
2572,2,1.6953667203701401e-06
2572,3,2.395344683570797e-06
2572,4,3.343064501928886e-06
2572,5,4.609214996658357e-06
2572,6,6.278613409916407e-06
2572,7,8.451204106470727e-06
2572,8,1.1242627185674518e-05
2572,9,1.4784235729685308e-05
2572,10,1.9222453896156046e-05
2572,11,2.4717390229135278e-05
2572,12,3.144064994182055e-05
2572,13,3.95723244143999e-05
2572,14,4.9297173362519956e-05
2572,15,6.080005277290585e-05
2572,16,7.42606778811604e-05
2572,17,8.984784387272447e-05
2572,18,0.00010771325690783454
2572,19,0.00012798515425170145
2572,20,0.0001507619146970387
2572,21,0.00017610587900156375
2572,22,0.00020403761432416124
2572,23,0.00023453086575829477
2572,24,0.0002675084406478985
2572,25,0.0003028392656145112
2572,26,0.00034033684005627617
2572,27,0.0003797592812287423
2572,28,0.00042081111310579713
2572,29,0.00047028064217859524
2572,30,0.0005237382727716338
2572,31,0.0005804586966990997
2572,32,0.0006403908731903739
2572,33,0.0007034797631813877
2572,34,0.0007696727827877956
2572,35,0.0008389270081276811
2572,36,0.0009112169092390118
2572,37,0.000986542284428518
2572,38,0.0010649359416690291
2572,39,0.001146470539292011
2572,40,0.001231263868327719
2572,41,0.0013194817540333284
2572,42,0.0014113377011208221
2572,43,0.0015070884365669902
2572,44,0.0016070246457254589
2572,45,0.0017114564743721686
2572,46,0.0018206937875706866
2572,47,0.001935021716361614
2572,48,0.0020546726325393685
2572,49,0.00217979628187779
2572,50,0.0023104302595004108
2572,51,0.0024464731992437476
2572,52,0.0025876628715020764
2572,53,0.0027335608726285713
2572,54,0.002883545372105899
2572,55,0.0030368179985036767
2572,56,0.0032004192682239937
2572,57,0.0033868517105014335
2572,58,0.003578788658609668
2572,59,0.0037761145263430665
2572,60,0.003978692505370209
2572,61,0.004186362124835398
2572,62,0.004398936573228126
2572,63,0.004616199795921547
2572,64,0.004837903388288249
2572,65,0.005063763311327417
2572,66,0.005293456464259341
2572,67,0.005526617156504759
2572,68,0.005762833529789215
2572,69,0.006001643989709648
2572,70,0.006242533714872956
2572,71,0.0064849313205568955
2572,72,0.006728205762628776
2572,73,0.0069716635760421995
2572,74,0.007214546550446689
2572,75,0.007456029953080928
2572,76,0.007695221415931529
2572,77,0.007931160609826335
2572,78,0.008162819832342271
2572,79,0.008389105638723148
2572,80,0.008608861644935198
2572,81,0.008820872628969021
2572,82,0.009023870049881316
2572,83,0.009216539093128896
2572,84,0.009540799994298904
2572,85,0.009929128191755185
2572,86,0.010322096439182254
2572,87,0.010718873987409332
2572,88,0.011118520713726146
2572,89,0.011519981452775567
2572,90,0.011922081031474307
2572,91,0.012323520451451702
2572,92,0.012722874551112236
2572,93,0.013118591428184953
2572,94,0.013508993854451931
2572,95,0.013892282852235151
2572,96,0.014266543524709048
2572,97,0.014629753142927533
2572,98,0.014979791399819198
2572,99,0.01531445265691419
2572,100,0.01563145994657833
2572,101,0.015928480463797568
2572,102,0.016203142296154043
2572,103,0.016453052200812956
2572,104,0.01667581433601158
2572,105,0.01686904997438318
2572,106,0.01703041834029562
2572,107,0.017157638792187943
2572,108,0.01724851458410245
2572,109,0.01730095837224532
2572,110,0.017313019542617384
2572,111,0.017307486108212696
2572,112,0.017483920166946252
2572,113,0.017622570443524443
2572,114,0.017720782157107557
2572,115,0.017776003548338297
2572,116,0.017785819924445657
2572,117,0.01774799046300593
2572,118,0.017660488121307976
2572,119,0.01752154293889731
2572,120,0.01732968890495111
2572,121,0.017083814378429523
2572,122,0.01678321579275315
2572,123,0.016427654049481297
2572,124,0.016017412613417874
2572,125,0.015553355874378815
2572,126,0.015036985849982358
2572,127,0.014470494781819101
2572,128,0.013856810638931101
2572,129,0.01319963200806711
2572,130,0.012503448352009562
2572,131,0.011773541207549927
2572,132,0.01101596165285766
2572,133,0.010237479410081072
2572,134,0.009445499398866823
2572,135,0.008647942565109505
2572,136,0.007853089500965482
2572,137,0.007069387809624986
2572,138,0.006305227307301009
2426,1,2.7299998097707182e-05
2426,2,3.277923910059662e-05
2426,3,3.920054573363957e-05
2426,4,4.6692866231665756e-05
2426,5,5.539751628744645e-05
2426,6,6.546893716165697e-05
2426,7,7.707557398131367e-05
2426,8,9.040088943691994e-05
2426,9,0.00010564451851683153
2426,10,0.0001230235575140391
2426,11,0.00014277396607712702
2426,12,0.0001651520454513287
2426,13,0.00019043594014187183
2426,14,0.00021892709481200926
2426,15,0.0002509515839441227
2426,16,0.0002868612191234154
2426,17,0.000327034328067807
2426,18,0.00037187609090025167
2426,19,0.00042181831270509643
2426,20,0.0004773185071180864
2426,21,0.0005388581635267759
2426,22,0.0006069400703718709
2426,23,0.0006820845690695558
2426,24,0.000764824617369434
2426,25,0.0008556995478624258
2426,26,0.000955247417481658
2426,27,0.0010639958582641014
2426,28,0.0011824513602855947
2426,29,0.0012525516460711317
2426,30,0.0013188594388890114
2426,31,0.0013875957055745677
2426,32,0.0014588938811357633
2426,33,0.0015328985090723752
2426,34,0.0016097658734063817
2426,35,0.0016896646879867654
2426,36,0.0017727767700354417
2426,37,0.0018592976591713035
2426,38,0.0019494371542631683
2426,39,0.0020434197461294892
2426,40,0.002141484927852777
2426,41,0.002243887367022678
2426,42,0.002350896925623912
2426,43,0.002462798513484072
2426,44,0.0025798917601650875
2426,45,0.0027024904879753503
2426,46,0.002830921965535214
2426,47,0.002965525917258804
2426,48,0.0031066532594837375
2426,49,0.0032546645290795133
2426,50,0.003409927965492817
2426,51,0.00357281720262651
2426,52,0.003743708522952603
2426,53,0.003922977623044432
2426,54,0.0041109958374669926
2426,55,0.004308125766943738
2426,56,0.004493698182891507
2426,57,0.004637497224132889
2426,58,0.004787546209645875
2426,59,0.004944190192742125
2426,60,0.0051077735622477366
2426,61,0.005278638231473684
2426,62,0.005457121567618761
2426,63,0.005643554022411482
2426,64,0.0058382564224705846
2426,65,0.0060415368766138546
2426,66,0.006253687256758267
2426,67,0.006474979209051885
2426,68,0.006705659652525204
2426,69,0.006945945723999884
2426,70,0.007196019130465778
2426,71,0.0074560198739092275
2426,72,0.007726039318967466
2426,73,0.008006112581157849
2426,74,0.008296210223175204
2426,75,0.008596229259269193
2426,76,0.008905983483410885
2426,77,0.009225193156212045
2426,78,0.009553474108707013
2426,79,0.00989032634840942
2426,80,0.010235122284682383
2426,81,0.010587094726480516
2426,82,0.010945324845935144
2426,83,0.011308730346181859
2426,84,0.011571009128352988
2426,85,0.011792768607562726
2426,86,0.01201893578926893
2426,87,0.01224907124134552
2426,88,0.012482636752868332
2426,89,0.01271900006271959
2426,90,0.012957437269044997
2426,91,0.013197135906938221
2426,92,0.013437199377977885
2426,93,0.01367665274674822
2426,94,0.013914449631247692
2426,95,0.014149479743255321
2426,96,0.014380576516751526
2426,97,0.014606524183186807
2426,98,0.014826063612376178
2426,99,0.015037896242038733
2426,100,0.015240685472992772
2426,101,0.015433055014957446
2426,102,0.01561358383167145
2426,103,0.015780797552538545
2426,104,0.015933156486975228
2426,105,0.016069040689621405
2426,106,0.016186732869229743
2426,107,0.016284400298424553
2426,108,0.01636007725033634
2426,109,0.0164116498437806
2426,110,0.01643684550098083
2426,111,0.01643171857142004
2426,112,0.01638659898418066
2426,113,0.016316768520294612
2426,114,0.016219752569399046
2426,115,0.016092881696845886
2426,116,0.015933331311827885
2426,117,0.01573818137539609
2426,118,0.015504498253155544
2426,119,0.01522943979119317
2426,120,0.0149103832895351
2426,121,0.014545074259908568
2426,122,0.014131791725575655
2426,123,0.013669523452812127
2426,124,0.013158142066776663
2426,125,0.012598570737991283
2426,126,0.0119929253258991
2426,127,0.011344618862620861
2426,128,0.010658414377538648
2426,129,0.009940413570664658
2426,130,0.00919797189663505
2426,131,0.00843953521134289
2426,132,0.007674399040688742
2426,133,0.006912398310778441
2426,134,0.006163542377770432
2426,135,0.005437616609118805
2426,136,0.004743776736892273
2426,137,0.004090164938350753
2426,138,0.0034835765122687304
113,1,0.0039650673685917475
113,2,0.004231548996298237
113,3,0.004503562527826954
113,4,0.0047820938033284735
113,5,0.005068432557655004
113,6,0.005364145384349025
113,7,0.005671043822889944
113,8,0.005991149764558813
113,9,0.0063266599581339724
113,10,0.006679910894496614
113,11,0.007053344818120627
113,12,0.007449477100155827
113,13,0.00787086474558277
113,14,0.008320075415940034
113,15,0.008799656038826459
113,16,0.009312099847348385
113,17,0.009859810543795953
113,18,0.010445062207119818
113,19,0.011069953558742456
113,20,0.011736355263566093
113,21,0.012445849073651418
113,22,0.01319965782554003
113,23,0.013998565586724228
113,24,0.014842827623362642
113,25,0.015732070342744982
113,26,0.016665181962983402
113,27,0.01764019538951696
113,28,0.018654165638886153
113,29,0.018119463037181094
113,30,0.01746430383080505
113,31,0.016862082074727853
113,32,0.016308923345700034
113,33,0.01580115711353254
113,34,0.015335396991094673
113,35,0.014908560624313833
113,36,0.014517862504663411
113,37,0.014160793978707896
113,38,0.013835097419794098
113,39,0.013538738269441816
113,40,0.013269877010498386
113,41,0.013026842218244562
113,42,0.012808105289354247
113,43,0.012612257108883713
113,44,0.01243798670113013
113,45,0.012284061777091956
113,46,0.012149311013255629
113,47,0.012032607856873802
113,48,0.011932855640522565
113,49,0.011848973795527186
113,50,0.011779884973895921
113,51,0.011724502916916896
113,52,0.011681720940779801
113,53,0.011650400938142609
113,54,0.011629362801107155
113,55,0.011617374090129907
113,56,0.011518384583990687
113,57,0.011215960567897594
113,58,0.010935551593438042
113,59,0.010675420270649678
113,60,0.010433912120660626
113,61,0.010209447262641117
113,62,0.010000512320693808
113,63,0.009805652633573128
113,64,0.009623464847001972
113,65,0.009452589967559976
113,66,0.009291706958372661
113,67,0.009139526959826916
113,68,0.008994788222893874
113,69,0.008856251847872297
113,70,0.008722698426885594
113,71,0.00859292569355416
113,72,0.008465747287093659
113,73,0.008339992739704028
113,74,0.008214508794455039
113,75,0.008088162154796857
113,76,0.007959843755126728
113,77,0.007828474623320857
113,78,0.007693013379646242
113,79,0.007552465380994661
113,80,0.007405893474182276
113,81,0.007252430266740983
113,82,0.007091291758329326
113,83,0.006921792101383092
113,84,0.006655794794381876
113,85,0.0063629485465932605
113,86,0.006086200943666004
113,87,0.005825630248448313
113,88,0.00558024854570046
113,89,0.005348547468053081
113,90,0.005128793820932825
113,91,0.004919205224312512
113,92,0.004718059617242938
113,93,0.004523764016384935
113,94,0.004334896233559165
113,95,0.00415022787077455
113,96,0.003968734124986379
113,97,0.003789594315251233
113,98,0.0036121859932339104
113,99,0.0034360747498576746
113,100,0.0032610012644099084
113,101,0.0030868666989136784
113,102,0.0029137171899760355
113,103,0.0027417279156620893
113,104,0.0025711870053233277
113,105,0.0024024794077326297
113,106,0.0022360707308375625
113,107,0.002072491009249971
113,108,0.0019123183379994746
113,109,0.0017561623280016414
113,110,0.001604647385065969
113,111,0.0014586912044488836
113,112,0.0013217714502821998
113,113,0.0011919809409712315
113,114,0.0010695157447693426
113,115,0.0009545332584078855
113,116,0.0008471460888260864
113,117,0.0007474166783721251
113,118,0.000655352861625342
113,119,0.0005709045607211882
113,120,0.0004939618266372255
113,121,0.0004243544128394483
113,122,0.00036185302352521886
113,123,0.00030617231243115393
113,124,0.00025697562352436257
113,125,0.0002138813682104246
113,126,0.00017647083344410938
113,127,0.0001442971210506224
113,128,0.00011689484050399416
113,129,9.379012406663225e-05
113,130,7.451051093220632e-05
113,131,5.859425892859016e-05
113,132,4.559868775977767e-05
113,133,3.5107232291103495e-05
113,134,2.6734980435890103e-05
113,135,2.0132578057424532e-05
113,136,1.4988492395368114e-05
113,137,1.1029725881720543e-05
113,138,8.02115576937539e-06
5,1,2.2334398167984375e-06
5,2,3.2380344580610326e-06
5,3,4.6195008372329255e-06
5,4,6.4867364388347056e-06
5,5,8.968323746593623e-06
5,6,1.2212621051860212e-05
5,7,1.6386939428397247e-05
5,8,2.1675762631560152e-05
5,9,2.827805204824741e-05
5,10,3.6403764904354296e-05
5,11,4.6269789085619e-05
5,12,5.809555212449979e-05
5,13,7.209858848735885e-05
5,14,8.849034595308483e-05
5,15,0.00010747248073576969
5,16,0.0001292338378865183
5,17,0.00015394824658151142
5,18,0.0001817731881157422
5,19,0.00021284932604171303
5,20,0.00024730082939807045
5,21,0.0002852363754407482
5,22,0.000326750689283188
5,23,0.0003719264637358944
5,24,0.0004208365011643956
5,25,0.00047354592722870947
5,26,0.0005301143406212268
5,27,0.0005905977804846332
5,28,0.0006550504119266545
5,29,0.0007236173173640596
5,30,0.000796675724077694
5,31,0.0008746717323563628
5,32,0.0009579145971630636
5,33,0.0010466471351443082
5,34,0.0011410782033445968
5,35,0.0012413958745173732
5,36,0.0013477724862605283
5,37,0.0014603656474408888
5,38,0.0015793169678847301
5,39,0.0017047494772649747
5,40,0.001836764421410725
5,41,0.001975438032079904
5,42,0.0021208188264472145
5,43,0.0022729259446257616
5,44,0.0024317489486298353
5,45,0.002597249373933979
5,46,0.0027693641487458467
5,47,0.002948010791374772
5,48,0.0031330940865203828
5,49,0.003324513755594142
5,50,0.003522172502425167
5,51,0.003725983754804883
5,52,0.003935878439101098
5,53,0.004151810189568309
5,54,0.00437375836971566
5,55,0.004601727515882918
5,56,0.004835735518651489
5,57,0.005075777733822735
5,58,0.005321833655511462
5,59,0.005573880081821252
5,60,0.005831892714937861
5,61,0.00609584517362453
5,62,0.006365707874332045
5,63,0.006641446782246542
5,64,0.006923022031674412
5,65,0.00721038641335158
5,66,0.007503483724492689
5,67,0.007802246975654426
5,68,0.008106596446790963
5,69,0.008416437583268693
5,70,0.008731658721124483
5,71,0.009052128629554804
5,72,0.009377693857564776
5,73,0.009708175870952714
5,74,0.010043367965422349
5,75,0.010383031941678429
5,76,0.010726894528957321
5,77,0.011074643544678187
5,78,0.011425923779891956
5,79,0.011780332603108484
5,80,0.012137415279073228
5,81,0.012496660004359023
5,82,0.012857492668462983
5,83,0.013219271357666066
5,84,0.013578890297455263
5,85,0.013922688951724355
5,86,0.014235860051258082
5,87,0.014515528453135198
5,88,0.014763442205487403
5,89,0.014982904877023622
5,90,0.015177549409726356
5,91,0.015350818265171155
5,92,0.015505745277737884
5,93,0.015644876329694718
5,94,0.01577025628413057
5,95,0.015883447303006115
5,96,0.01598556086416392
5,97,0.01607729421304642
5,98,0.016158966366866822
5,99,0.016230551189505813
5,100,0.01629170643336329
5,101,0.016341798473326542
5,102,0.016379922984271662
5,103,0.016404922171243674
5,104,0.016415399426308375
5,105,0.016409732501238103
5,106,0.016386086474574547
5,107,0.01634242796703061
5,108,0.016276542226518108
5,109,0.016186054877298486
5,110,0.01606846039983754
5,111,0.01592116054159913
5,112,0.015741515517020667
5,113,0.015526898588057078
5,114,0.015274760247086558
5,115,0.014982709767783375
5,116,0.014648612457404332
5,117,0.014270700820797354
5,118,0.013847697747071923
5,119,0.01337894835767311
5,120,0.012864555475843661
5,121,0.012305511879929178
5,122,0.011703820726952746
5,123,0.011062593974610433
5,124,0.010386117537968309
5,125,0.0096798715776062
5,126,0.00895049502233028
5,127,0.008205685437988237
5,128,0.007454028824820689
5,129,0.00670475885952153
5,130,0.00596745127604204
5,131,0.005251666025588369
5,132,0.004566556839346431
5,133,0.0039204739023831385
5,134,0.003320589509087689
5,135,0.0027725778612948185
5,136,0.0022803779177918222
5,137,0.0018460622103896435
5,138,0.0014698252458546887
295,1,1.5567287514820738e-07
295,2,2.3697238585388683e-07
295,3,3.559942069651771e-07
295,4,5.277812417250684e-07
295,5,7.722489988151526e-07
295,6,1.115319791437412e-06
295,7,1.5901739467996607e-06
295,8,2.238588628484666e-06
295,9,3.1123243135344924e-06
295,10,4.274510016100781e-06
295,11,5.800972039490438e-06
295,12,7.781448153995727e-06
295,13,1.0320630054494193e-05
295,14,1.35389817289544e-05
295,15,1.7573289515762756e-05
295,16,2.2576910334473136e-05
295,17,2.8719696790678396e-05
295,18,3.618759042574257e-05
295,19,4.518188617016835e-05
295,20,5.5918181040405875e-05
295,21,6.862502742852979e-05
295,22,8.354231528144634e-05
295,23,0.0001009194075261774
295,24,0.00012101304890481771
295,25,0.0001440850597448256
295,26,0.00017039981313414967
295,27,0.00020022147681909977
295,28,0.00023381098061183686
295,29,0.00025911788032834576
295,30,0.00028446784073511694
295,31,0.0003111001651222559
295,32,0.000339043943579077
295,33,0.0003683462997675814
295,34,0.00039907591202150696
295,35,0.000431326440985513
295,36,0.000465219783506695
295,37,0.000500909061193863
295,38,0.0005385812355949432
295,39,0.0005784592194490817
295,40,0.0006208033251576938
295,41,0.000665911859472407
295,42,0.0007141206419021371
295,43,0.0007658012010472451
295,44,0.000821357398756101
295,45,0.0008812202601468701
295,46,0.0009458408628146459
295,47,0.0010156812742130625
295,48,0.0010912037306890646
295,49,0.0011728585253287238
295,50,0.0012610714063410152
295,51,0.0013562316736127169
295,52,0.001458682616649028
295,53,0.0015687166029213753
295,54,0.0016865785980759243
295,55,0.0018124866776019462
295,56,0.0019377117829151099
295,57,0.00204863117097064
295,58,0.002165489472356171
295,59,0.002288657652713264
295,60,0.002418526152644155
295,61,0.002555504604457773
295,62,0.002700021330963002
295,63,0.002852522587654291
295,64,0.0030134715042662544
295,65,0.003183346676647268
295,66,0.0033626403550125455
295,67,0.0035518561698566365
295,68,0.003751506332198471
295,69,0.003962108240520562
295,70,0.004184180422917642
295,71,0.004418237739796543
295,72,0.004664785770218888
295,73,0.004924314303938599
295,74,0.005197289861689689
295,75,0.005484147168702721
295,76,0.005785279511194458
295,77,0.0061010279131612595
295,78,0.006431669081740283
295,79,0.0067774020842649545
295,80,0.007138333739566441
295,81,0.007514462730736953
295,82,0.007905662477187388
295,83,0.0083116628411249
295,84,0.008655137647689418
295,85,0.008977765480141044
295,86,0.009312348870755329
295,87,0.009659058100032326
295,88,0.010017991240111762
295,89,0.010389164295540617
295,90,0.010772500485571329
295,91,0.011167818898835015
295,92,0.011574822670274184
295,93,0.011993086781899273
295,94,0.01242204555361665
295,95,0.012860979858336523
295,96,0.01330900406438885
295,97,0.013765052679556284
295,98,0.01422786664902359
295,99,0.01469597925051599
295,100,0.015167701541691827
295,101,0.01564110735630946
295,102,0.01611401792588759
295,103,0.01658398633092638
295,104,0.01704828216713336
295,105,0.017503877052707437
295,106,0.017947431908171742
295,107,0.018375287324890435
295,108,0.01878345885292518
295,109,0.019167639863861836
295,110,0.019523216452514595
295,111,0.01984368678479755
295,112,0.02011666519144805
295,113,0.020356770731720774
295,114,0.020559531132794108
295,115,0.020720267809836018
295,116,0.020834138863203726
295,117,0.02089619841419784
295,118,0.020901475081797995
295,119,0.020845071937098333
295,120,0.02072228945945053
295,121,0.020528771812826287
295,122,0.02026067514708865
295,123,0.019914854635470394
295,124,0.01948906466933262
295,125,0.018982164186565304
295,126,0.01839431671201412
295,127,0.01772717258805835
295,128,0.016984019353234573
295,129,0.016169885572745325
295,130,0.015291583892302407
295,131,0.014357680862912984
295,132,0.013378384250677217
295,133,0.01236534304937185
295,134,0.011331361048993668
295,135,0.010290031220674222
295,136,0.009255304859511867
295,137,0.008241015780119924
295,138,0.00726038522990647
2229,1,5.7611475898103974e-06
2229,2,7.559345225931406e-06
2229,3,9.82690100594333e-06
2229,4,1.2659264954166783e-05
2229,5,1.6164926982096053e-05
2229,6,2.0466176474532104e-05
2229,7,2.5699891494541243e-05
2229,8,3.201841694697769e-05
2229,9,3.959060240926233e-05
2229,10,4.860307757652654e-05
2229,11,5.9261845769802433e-05
2229,12,7.179427372215369e-05
2229,13,8.645154941559957e-05
2229,14,0.00010351167000400748
2229,15,0.0001232830099257019
2229,16,0.00014610850625777807
2229,17,0.0001723704850370467
2229,18,0.000202496139135858
2229,19,0.00023696365533899176
2229,20,0.000276308975054005
2229,21,0.00032113315871969806
2229,22,0.00037211030725808604
2229,23,0.00042999597345429137
2229,24,0.0004956359704867332
2229,25,0.000569975452544192
2229,26,0.0006540681022416286
2229,27,0.0007490852101843103
2229,28,0.0008563243722994815
2229,29,0.0009091283761624914
2229,30,0.0009569701085157219
2229,31,0.0010071872748458578
2229,32,0.001060109351502111
2229,33,0.001116030863851281
2229,34,0.0011752310182929812
2229,35,0.0012379837357209746
2229,36,0.0013045633767824966
2229,37,0.0013752484828844916
2229,38,0.0014503246097112045
2229,39,0.0015300868029477425
2229,40,0.0016148420254374746
2229,41,0.001704911726144766
2229,42,0.0018006346774690556
2229,43,0.0019023701699065444
2229,44,0.002010501628738215
2229,45,0.0021254407004347737
2229,46,0.002247631844574523
2229,47,0.0023775574603056553
2229,48,0.002515743576596902
2229,49,0.002662766146371721
2229,50,0.0028192580117622447
2229,51,0.0029859166583630554
2229,52,0.0031635129546355094
2229,53,0.0033529011518575046
2229,54,0.0035550302813109687
2229,55,0.003770955190298613
2229,56,0.003969677263634613
2229,57,0.00410355446433169
2229,58,0.004245085663839804
2229,59,0.004394825581274523
2229,60,0.004553359684354668
2229,61,0.004721305228382119
2229,62,0.004899312237335915
2229,63,0.005088064379826773
2229,64,0.0052882796838386445
2229,65,0.005500711024876229
2229,66,0.005726146311842712
2229,67,0.005965408283445449
2229,68,0.006219353815035995
2229,69,0.006488872621486337
2229,70,0.006774885226015852
2229,71,0.007078340047933962
2229,72,0.007400209444273779
2229,73,0.007741484521605751
2229,74,0.00810316851542531
2229,75,0.008486268516055693
2229,76,0.008891785302835492
2229,77,0.00932070103351368
2229,78,0.00977396452451238
2229,79,0.010252473851510976
2229,80,0.010757056000312926
2229,81,0.011288443306938753
2229,82,0.011847246445034074
2229,83,0.012433923749265233
2229,84,0.012753326354135987
2229,85,0.012953644856879835
2229,86,0.013152466649683704
2229,87,0.013348193618391496
2229,88,0.013541345686925811
2229,89,0.013733313782065005
2229,90,0.013925764419184316
2229,91,0.014120336662338752
2229,92,0.014318480273742518
2229,93,0.014521367248023154
2229,94,0.01472984368187042
2229,95,0.01494440465044395
2229,96,0.015165182423440036
2229,97,0.015391942340548378
2229,98,0.015624082869966107
2229,99,0.015860637668475314
2229,100,0.01610027827600539
2229,101,0.01634131663402575
2229,102,0.01658170703752058
2229,103,0.016819047485283616
2229,104,0.01705058072556342
2229,105,0.017273195629867986
2229,106,0.017483429882073173
2229,107,0.01767747534999699
2229,108,0.017851187917275704
2229,109,0.018000104025602058
2229,110,0.018119466954145572
2229,111,0.01818412399443063
2229,112,0.01803332326404344
2229,113,0.017848865464615723
2229,114,0.017627194273416167
2229,115,0.0173648536723529
2229,116,0.01705857845386697
2229,117,0.016705402566848146
2229,118,0.01630278517644054
2229,119,0.015848752699862904
2229,120,0.015342053133103056
2229,121,0.014782316767272749
2229,122,0.01417021503917314
2229,123,0.01350760696950269
2229,124,0.012797660683161335
2229,125,0.01204493620252779
2229,126,0.011255415406765402
2229,127,0.010436466093367007
2229,128,0.009596729725927686
2229,129,0.008745926830598728
2229,130,0.00789458003439535
2229,131,0.007053662084162012
2229,132,0.006234184223670719
2229,133,0.005446748151945281
2229,134,0.004701091367329157
2229,135,0.004005659904883566
2229,136,0.003367243337396869
2229,137,0.0027907038471775792
2229,138,0.002278824186614137
2534,1,1.7399681534558153e-05
2534,2,2.4354117166219175e-05
2534,3,3.361897809958088e-05
2534,4,4.5772857919948206e-05
2534,5,6.147413454257915e-05
2534,6,8.14525156267841e-05
2534,7,0.00010649451009360042
2534,8,0.00013742266360854298
2534,9,0.0001750689002992492
2534,10,0.00022024282659883294
2534,11,0.0002736963208379199
2534,12,0.00033608610073033806
2534,13,0.0004079361903341982
2534,14,0.0004896022784274983
2534,15,0.0005812398733921948
2534,16,0.0006827779371689475
2534,17,0.0007938993582554001
2534,18,0.0009140292434842137
2534,19,0.001042331612152106
2534,20,0.0011777146988249203
2534,21,0.0013188447368413887
2534,22,0.0014641678150080183
2534,23,0.0016119391758445934
2534,24,0.0017602591471959958
2534,25,0.0019071147575758652
2534,26,0.0020504259659723588
2534,27,0.002188095328326835
2534,28,0.0023180598197082526
2534,29,0.0025508238369520674
2534,30,0.002804749148750108
2534,31,0.003067041476568086
2534,32,0.0033362436167410844
2534,33,0.0036108070640443715
2534,34,0.003889120992555199
2534,35,0.004169544273851439
2534,36,0.0044504401211247335
2534,37,0.004730212849976486
2534,38,0.005007346133700239
2534,39,0.00528044200917365
2534,40,0.005548259762085971
2534,41,0.0058097536884079495
2534,42,0.006064108593092365
2534,43,0.006310771746825369
2534,44,0.006549479876715141
2534,45,0.006780279615000552
2534,46,0.00700353966275733
2534,47,0.007219952715273591
2534,48,0.00743052486172241
2534,49,0.007636549497763136
2534,50,0.00783956120664701
2534,51,0.008041261034795218
2534,52,0.008243393660243445
2534,53,0.008447524679954507
2534,54,0.008654557121927956
2534,55,0.008863367478570193
2534,56,0.009118438768991842
2534,57,0.009488984590127566
2534,58,0.009853394587718525
2534,59,0.010210226499596842
2534,60,0.010558027094403946
2534,61,0.01089533649732905
2534,62,0.011220692853513667
2534,63,0.011532637407025275
2534,64,0.011829720065776941
2534,65,0.01211050551285309
2534,66,0.012373579912601178
2534,67,0.012617558245767302
2534,68,0.01284109229209054
2534,69,0.013042879261337974
2534,70,0.013221671054977376
2534,71,0.013376284120778917
2534,72,0.013505609841864974
2534,73,0.013608625380366631
2534,74,0.01368440487421547
2534,75,0.013732130864059873
2534,76,0.013751105806257385
2534,77,0.01374076350782354
2534,78,0.013700680300623911
2534,79,0.013630585755546142
2534,80,0.01353037272346566
2534,81,0.01340010647914353
2534,82,0.013240032737365376
2534,83,0.013050584308233974
2534,84,0.013164240389592737
2534,85,0.013397394886422923
2534,86,0.013607390526355786
2534,87,0.01379264414334982
2534,88,0.013951613510643147
2534,89,0.014082818596525434
2534,90,0.014184863295907934
2534,91,0.014256458359207419
2534,92,0.014296445461961576
2534,93,0.014303821980471173
2534,94,0.014277765811986965
2534,95,0.014217659432203187
2534,96,0.014123112299393044
2534,97,0.013993980689553856
2534,98,0.01383038407960317
2534,99,0.013632717284068237
2534,100,0.013401657690316898
2534,101,0.013138167120700588
2534,102,0.01284348806667857
2534,103,0.01251913427719966
2534,104,0.012166875926188293
2534,105,0.011788719814114126
2534,106,0.011386885253343056
2534,107,0.010963776408037832
2534,108,0.010521951813278443
2534,109,0.010064091254222416
2534,110,0.009592957522272676
2534,111,0.009129955864539246
2534,112,0.008819230462854107
2534,113,0.008488993878337365
2534,114,0.008141035921386076
2534,115,0.007777281525376909
2534,116,0.007399785870545601
2534,117,0.0070107299709936685
2534,118,0.006612416041284332
2534,119,0.006207261699917537
2534,120,0.005797791849085481
2534,121,0.005386626922493813
2534,122,0.004976466145890652
2534,123,0.004570064537465274
2534,124,0.004170202612427739
2534,125,0.0037796481641844365
2534,126,0.0034011100758278524
2534,127,0.003037184852476798
2534,128,0.0026902974146757385
2534,129,0.0023626385853301205
2534,130,0.0020561025412666315
2534,131,0.0017722281705030048
2534,132,0.0015121486575732745
2534,133,0.0012765536054093914
2534,134,0.0010656675224034935
2534,135,0.0008792475422095204
2534,136,0.0007166018561819989
2534,137,0.0005766286513827643
2534,138,0.00045787354973121685
276,1,1.813393117440878e-07
276,2,2.505894962502938e-07
276,3,3.436954069733008e-07
276,4,4.6791742983256564e-07
276,5,6.324155771496005e-07
276,6,8.486589032241257e-07
276,7,1.1309015685389074e-06
276,8,1.496731547190152e-06
276,9,1.9676973296500272e-06
276,10,2.570016965397547e-06
276,11,3.3353723613456274e-06
276,12,4.301789864535319e-06
276,13,5.514605790544927e-06
276,14,7.027512711277923e-06
276,15,8.903679007814e-06
276,16,1.1216930470055088e-05
276,17,1.4052978654928567e-05
276,18,1.7510676397522604e-05
276,19,2.1703276436358964e-05
276,20,2.6759664735969966e-05
276,21,3.282553598530739e-05
276,22,4.0064475194121073e-05
276,23,4.865890664186861e-05
276,24,5.881087006818957e-05
276,25,7.074258441888088e-05
276,26,8.469676223569534e-05
276,27,0.0001009366435199922
276,28,0.00011974572727271965
276,29,0.00013202932931272293
276,30,0.00014400366178730844
276,31,0.00015660410381195802
276,32,0.0001698440729940864
276,33,0.0001837418541443675
276,34,0.00019832234939021944
276,35,0.00021361906616640419
276,36,0.0002296763817194544
276,37,0.00024655212297412793
276,38,0.0002643204942271561
276,39,0.0002830753751178883
276,40,0.00030293399551128524
276,41,0.0003240409699392498
276,42,0.0003465726395830718
276,43,0.00037074162166207436
276,44,0.0003968014012665979
276,45,0.0004250507150981366
276,46,0.00045583736482780117
276,47,0.0004895609518290016
276,48,0.0005266738318474458
276,49,0.0005676793249787005
276,50,0.0006131258415495405
276,51,0.0006635950210160715
276,52,0.0007196810902116212
276,53,0.0007819572244439519
276,54,0.0008509228072486834
276,55,0.000926927442304779
276,56,0.0010028085602942073
276,57,0.0010669962475610593
276,58,0.0011358080209902125
276,59,0.0012096192956255896
276,60,0.0012888354497473616
276,61,0.0013738940472966521
276,62,0.0014652671633767495
276,63,0.0015634637989129163
276,64,0.0016690323653030551
276,65,0.0017825632136030786
276,66,0.0019046911753308926
276,67,0.002036098073196675
276,68,0.002177515149823544
276,69,0.0023297253506597204
276,70,0.0024935653836572896
276,71,0.002669927462776719
276,72,0.002859760624874768
276,73,0.00306407148999775
276,74,0.0032839243135502297
276,75,0.003520440155352013
276,76,0.0037747949654616452
276,77,0.00404821636021341
276,78,0.004341978834750736
276,79,0.0046573971312249395
276,80,0.004995817455794922
276,81,0.005358606213907606
276,82,0.005747135913602826
276,83,0.006162767872463575
276,84,0.00648663226900021
276,85,0.006776388058628903
276,86,0.007081572166981507
276,87,0.007402338503064665
276,88,0.007738902471865668
276,89,0.00809152513905997
276,90,0.008460507581117615
276,91,0.008846191543211313
276,92,0.009248962866217186
276,93,0.009669255182420332
276,94,0.010107551934616035
276,95,0.010564385061024802
276,96,0.011040328862198412
276,97,0.011535987699708176
276,98,0.012051976302709407
276,99,0.012588891591554494
276,100,0.013147275074296713
276,101,0.01372756503799639
276,102,0.014330037950759803
276,103,0.014954738726010249
276,104,0.015601399797780798
276,105,0.016269349342359556
276,106,0.016957409492054005
276,107,0.017663786058303876
276,108,0.018385952124671607
276,109,0.019120528684678548
276,110,0.01986316439916198
276,111,0.020593989820176465
276,112,0.02119233764683442
276,113,0.021781961425621513
276,114,0.022355194021723198
276,115,0.02290319648004019
276,116,0.02341598436385836
276,117,0.023882506592964176
276,118,0.024290786091359946
276,119,0.024628130285339105
276,120,0.024881417216314476
276,121,0.025037459620657603
276,122,0.025083444726595114
276,123,0.025007441780186226
276,124,0.024798962634733267
276,125,0.024449553485780248
276,126,0.023953388555210058
276,127,0.023307829947014396
276,128,0.022513912879266587
276,129,0.021576712978947508
276,130,0.02050555321351898
276,131,0.019314013062517555
276,132,0.018019712118230852
276,133,0.016643854385096
276,134,0.015210537462095396
276,135,0.013745851220947607
276,136,0.012276811589352715
276,137,0.010830194187896824
276,138,0.009431347186652096
2440,1,1.435111887496489e-05
2440,2,1.7332824119142333e-05
2440,3,2.0853619149438325e-05
2440,4,2.499660912992618e-05
2440,5,2.9855741279516727e-05
2440,6,3.553712749637411e-05
2440,7,4.2160579227260485e-05
2440,8,4.986139747172628e-05
2440,9,5.87924646807322e-05
2440,10,6.912668889929105e-05
2440,11,8.105985370493847e-05
2440,12,9.481393042296517e-05
2440,13,0.00011064091194217236
2440,14,0.00012882723041249982
2440,15,0.0001496988243498799
2440,16,0.00017362692430762148
2440,17,0.0002010346302998528
2440,18,0.00023240435845509863
2440,19,0.000268286238661552
2440,20,0.0003093075487986001
2440,21,0.0003561832739095268
2440,22,0.00040972787954066933
2440,23,0.00047086838642312884
2440,24,0.0005406588274420278
2440,25,0.0006202961559060475
2440,26,0.0007111376546926575
2440,27,0.0008147198667870255
2440,28,0.0009327790266048145
2440,29,0.0009812582051823711
2440,30,0.0010227684444912427
2440,31,0.001066292820054133
2440,32,0.0011120427729583275
2440,33,0.0011602411437257427
2440,34,0.0012111239660175638
2440,35,0.0012649421573159526
2440,36,0.0013219632464543851
2440,37,0.0013824732273981484
2440,38,0.0014467785866183463
2440,39,0.0015152085302614783
2440,40,0.001588117426622965
2440,41,0.0016658874737934236
2440,42,0.0017489315993126074
2440,43,0.0018376965970602712
2440,44,0.0019326665057840125
2440,45,0.0020343662331711652
2440,46,0.002143365428851158
2440,47,0.0022602826088251537
2440,48,0.00238578953222161
2440,49,0.002520615828625956
2440,50,0.002665553870185003
2440,51,0.0028214638769028357
2440,52,0.002989279235713326
2440,53,0.003170012003829239
2440,54,0.003364758554724946
2440,55,0.0035747053128349954
2440,56,0.0037655032971410447
2440,57,0.0038842895461920594
2440,58,0.004011318115108485
2440,59,0.004147154114252397
2440,60,0.004292401989500221
2440,61,0.00444770766882066
2440,62,0.004613760660559607
2440,63,0.004791296076029348
2440,64,0.004981096532181159
2440,65,0.005183993877298895
2440,66,0.005400870669225109
2440,67,0.005632661320655007
2440,68,0.00588035280919001
2440,69,0.00614498483097782
2440,70,0.006427649255798715
2440,71,0.0067294887183752365
2440,72,0.0070516941555549655
2440,73,0.007395501072032082
2440,74,0.007762184288770263
2440,75,0.00815305089880397
2440,76,0.008569431125408521
2440,77,0.009012666748826122
2440,78,0.00948409674126767
2440,79,0.009985039727655099
2440,80,0.010516772873900595
2440,81,0.01108050679835595
2440,82,0.011677356108925127
2440,83,0.012308305192340012
2440,84,0.012622722248075077
2440,85,0.012800914438705156
2440,86,0.012988920813096556
2440,87,0.01318625693883903
2440,88,0.013392793582756041
2440,89,0.01360859863489052
2440,90,0.013833824752022083
2440,91,0.014068623938058035
2440,92,0.014313078770911274
2440,93,0.014567145285243518
2440,94,0.014830604961292916
2440,95,0.0151030243284571
2440,96,0.01538372110955686
2440,97,0.01567173596382709
2440,98,0.015965808914632947
2440,99,0.016264359569532268
2440,100,0.016565470310231232
2440,101,0.016866871777764615
2440,102,0.017165930217252854
2440,103,0.01745963657877734
2440,104,0.017744597689517493
2440,105,0.018017030303398664
2440,106,0.01827275937777854
2440,107,0.01850722249541492
2440,108,0.01871548291046342
2440,109,0.018892254208060736
2440,110,0.01903193997765323
2440,111,0.01910317109956025
2440,112,0.018903006808570162
2440,113,0.018662602625307514
2440,114,0.01837829247324512
2440,115,0.018046642088740183
2440,116,0.01766457665933915
2440,117,0.01722952423370515
2440,118,0.01673957220493928
2440,119,0.016193632166703862
2440,120,0.01559160624496019
2440,121,0.014934545759257322
2440,122,0.01422479098899413
2440,123,0.013466079199613592
2440,124,0.012663607252517792
2440,125,0.01182403541940286
2440,126,0.010955420741979601
2440,127,0.01006707161128617
2440,128,0.009169320205997117
2440,129,0.008273215819143373
2440,130,0.007390149452783234
2440,131,0.006531427655207694
2440,132,0.005707820505231818
2440,133,0.004929113914903677
2440,134,0.004203699088056205
2440,135,0.0035382313304364228
2440,136,0.0029373861405964656
2440,137,0.002403732805848516
2440,138,0.0019377353123917007
2623,1,6.514106168752505e-07
2623,2,9.391928012695071e-07
2623,3,1.3380854594293123e-06
2623,4,1.8840827188896977e-06
2623,5,2.6222278632186726e-06
2623,6,3.608031612034028e-06
2623,7,4.9088674581631886e-06
2623,8,6.605268952706119e-06
2623,9,8.792043069719145e-06
2623,10,1.1579106792273738e-05
2623,11,1.509195183532519e-05
2623,12,1.9471645588908945e-05
2623,13,2.4874285088021498e-05
2623,14,3.146983474604824e-05
2623,15,3.944029690958723e-05
2623,16,4.8977185828006834e-05
2623,17,6.027829901879921e-05
2623,18,7.354380391085562e-05
2623,19,8.897168096123179e-05
2623,20,0.00010675258648715601
2623,21,0.00012706421909309816
2623,22,0.00015006529322283662
2623,23,0.00017588924291857367
2623,24,0.00020463779947255806
2623,25,0.0002363746094024852
2623,26,0.00027111908470703794
2623,27,0.0003088407054187374
2623,28,0.00034945402355071673
2623,29,0.0003877039347589611
2623,30,0.0004274693760389057
2623,31,0.00046923127245827753
2623,32,0.000512929683145423
2623,33,0.0005585050516656809
2623,34,0.0006059019582478805
2623,35,0.0006550735463938971
2623,36,0.0007059867128908566
2623,37,0.0007586281407826191
2623,38,0.000813011209751029
2623,39,0.0008691837386073262
2623,40,0.0009272364009840194
2623,41,0.0009873115110167338
2623,42,0.0010496117076546699
2623,43,0.0011144078850428845
2623,44,0.0011820455362070597
2623,45,0.0012529485131967171
2623,46,0.0013276190712364102
2623,47,0.001406632960146933
2623,48,0.0014906282355911912
2623,49,0.0015802863274635452
2623,50,0.0016763035851948692
2623,51,0.0017793507143577623
2623,52,0.0018900155334526272
2623,53,0.0020087196477552704
2623,54,0.0021355877532456624
2623,55,0.002270221131576343
2623,56,0.0024098832869725545
2623,57,0.0025520007463803868
2623,58,0.002700276378574761
2623,59,0.0028548879622714673
2623,60,0.0030160067303669678
2623,61,0.0031837948792734837
2623,62,0.0033584027926896677
2623,63,0.0035399659638452453
2623,64,0.0037286016010511353
2623,65,0.0039244049027576475
2623,66,0.004127444990347835
2623,67,0.004337760489686107
2623,68,0.004555354756141062
2623,69,0.004780190742560729
2623,70,0.005012185515669055
2623,71,0.00525120443375667
2623,72,0.005497055007549766
2623,73,0.005749480476952649
2623,74,0.006008153149162558
2623,75,0.00627266755862781
2623,76,0.006542533526607447
2623,77,0.006817169217796168
2623,78,0.00709589431363193
2623,79,0.007377923446438713
2623,80,0.0076623600652690116
2623,81,0.007948190932816943
2623,82,0.008234281482461806
2623,83,0.008519372294469663
2623,84,0.008853238204724459
2623,85,0.009216298628227954
2623,86,0.00958812264164995
2623,87,0.009968176750606334
2623,88,0.010355758582676748
2623,89,0.010750010534075392
2623,90,0.011149928914760415
2623,91,0.011554372231460946
2623,92,0.0119620700480094
2623,93,0.012371632910627437
2623,94,0.01278156336616162
2623,95,0.013190267851759512
2623,96,0.013596069086997857
2623,97,0.013997218509294645
2623,98,0.014391908241158219
2623,99,0.01477828205559559
2623,100,0.015154444812359898
2623,101,0.015518469875657812
2623,102,0.015868404100259328
2623,103,0.016202270098167045
2623,104,0.016518065687043035
2623,105,0.016813760696490446
2623,106,0.01708729170651563
2623,107,0.017336555890813697
2623,108,0.017559406117698805
2623,109,0.017753651269295175
2623,110,0.017917068953216368
2623,111,0.018063729728914787
2623,112,0.018328486228459343
2623,113,0.018567216612806005
2623,114,0.018776593165809385
2623,115,0.018952995044114487
2623,116,0.019092525545661338
2623,117,0.0191910451995896
2623,118,0.019244223240970085
2623,119,0.019247609722233442
2623,120,0.019196729965062748
2623,121,0.019087202240792387
2623,122,0.018914878463854565
2623,123,0.018676006288100296
2623,124,0.018367409329607794
2623,125,0.017986680351268377
2623,126,0.017532380219305994
2623,127,0.017004233405966167
2623,128,0.016403308934844416
2623,129,0.015732174155174385
2623,130,0.014995007829857798
2623,131,0.014197658983952
2623,132,0.013347639026806954
2623,133,0.012454037021830249
2623,134,0.011527351726614
2623,135,0.010579239113928064
2623,136,0.009622180279961758
2623,137,0.008669081516632138
2623,138,0.007732825244080429
242,1,2.7713204975858134e-07
242,2,4.237192966598043e-07
242,3,6.393404025361478e-07
242,4,9.520155882261372e-07
242,5,1.399031408275502e-06
242,6,2.029138270844232e-06
242,7,2.9049684634845174e-06
242,8,4.105604091570233e-06
242,9,5.7291984735723435e-06
242,10,7.89553206874348e-06
242,11,1.0748367844137856e-05
242,12,1.4457463329519861e-05
242,13,1.9220098524832497e-05
242,14,2.5261989902484674e-05
242,15,3.283747900788937e-05
242,16,4.222890628151239e-05
242,17,5.3745102551835054e-05
242,18,6.771894795341165e-05
242,19,8.450395736629616e-05
242,20,0.00010446985101699282
242,21,0.0001279970590229065
242,22,0.0001554700923402334
242,23,0.0001872696951909229
242,24,0.00022376368297954654
242,25,0.0002652963734784269
242,26,0.0003121765461705761
242,27,0.0003646639222975035
242,28,0.00042295425088341725
242,29,0.0004727842198079267
242,30,0.0005239773614797323
242,31,0.0005778674295386271
242,32,0.0006343151514124016
242,33,0.0006931503855084657
242,34,0.0007541709938721806
242,35,0.0008171423620421124
242,36,0.0008817978591044922
242,37,0.0009478405498558315
242,38,0.001014946495421267
242,39,0.001082770023806812
242,40,0.0011509514391349863
242,41,0.0012191277966196882
242,42,0.0012869476374036167
242,43,0.0013540910012648582
242,44,0.0014202966752567083
242,45,0.0014853995616981473
242,46,0.0015493823290712435
242,47,0.0016124471832539835
242,48,0.00167511558515726
242,49,0.0017383656111272462
242,50,0.0018038169740478855
242,51,0.001873968243010585
242,52,0.0019524668779922004
242,53,0.0020443105297455444
242,54,0.002155598086899159
242,55,0.0022914021147165168
242,56,0.002440353028937622
242,57,0.002583203199241311
242,58,0.002732455892974515
242,59,0.0028883660401492557
242,60,0.00305119376883616
242,61,0.0032212027378893675
242,62,0.003398658147403794
242,63,0.0035838243931666184
242,64,0.003776962330024869
242,65,0.003978326108108223
242,66,0.004188159545329855
242,67,0.004406691999663939
242,68,0.0046341337055178615
242,69,0.004870670540270252
242,70,0.005116458189958498
242,71,0.005371615687436643
242,72,0.005636218302386814
242,73,0.005910289770688069
242,74,0.0061937938611886425
242,75,0.006486625291276842
242,76,0.0067886000192049975
242,77,0.007099444961299072
242,78,0.007418787206384776
242,79,0.0077461428283547
242,80,0.008080905431118982
242,81,0.008422334598503355
242,82,0.008769544465274746
242,83,0.009121492675010402
242,84,0.009463835809596798
242,85,0.00980870496874483
242,86,0.010162588057870695
242,87,0.010525345354624032
242,88,0.010896744205029646
242,89,0.011276446740615727
242,90,0.01166399690499379
242,91,0.0120588068419775
242,92,0.01246014270793467
242,93,0.012867109979644829
242,94,0.01327863833374721
242,95,0.013693466172903344
242,96,0.014110124865277546
242,97,0.014526922746955849
242,98,0.01494192891276289
242,99,0.015352956795515342
242,100,0.01575754752200081
242,101,0.016152953068026967
242,102,0.01653611937982142
242,103,0.016903670015458654
242,104,0.01725189175625354
242,105,0.017576725624914465
242,106,0.017873771177176027
242,107,0.0181383222641407
242,108,0.018365478595250968
242,109,0.0185504519576791
242,110,0.018689434909875065
242,111,0.01879004520672112
242,112,0.01892292099488788
242,113,0.019020368588282384
242,114,0.01907972521398859
242,115,0.019098376845368206
242,116,0.019073783412768882
242,117,0.019003505866258076
242,118,0.018885235976066596
242,119,0.018716830119521955
242,120,0.018496348637621646
242,121,0.018222102586201782
242,122,0.017892709776309128
242,123,0.017507161806284626
242,124,0.017064903244291087
242,125,0.01656592314836195
242,126,0.016010857667319807
242,127,0.015401100559094051
242,128,0.01473891617685979
242,129,0.01402754698453457
242,130,0.013271305249361194
242,131,0.012475636592673572
242,132,0.011647141997992399
242,133,0.010793545127035517
242,134,0.00992359376055234
242,135,0.009046888081971969
242,136,0.008173634321692285
242,137,0.007314329616230954
242,138,0.006479392102849508
2117,1,4.9535128555879514e-08
2117,2,7.401621778210636e-08
2117,3,1.0952149239797053e-07
2117,4,1.6048755366082736e-07
2117,5,2.3289983138955611e-07
2117,6,3.347368443860185e-07
2117,7,4.7650766786948946e-07
2117,8,6.718912796053644e-07
2117,9,9.384841737748918e-07
2117,10,1.2986593706138795e-06
2117,11,1.7805357490683421e-06
2117,12,2.4190515927884716e-06
2117,13,3.257130552437001e-06
2117,14,4.3469221537097256e-06
2117,15,5.7510928462402e-06
2117,16,7.5441377520673925e-06
2117,17,9.813678086834178e-06
2117,18,1.2661704996639974e-05
2117,19,1.6205727488554628e-05
2117,20,2.0579780307493385e-05
2117,21,2.5935246932416224e-05
2117,22,3.244145304983324e-05
2117,23,4.028598644493313e-05
2117,24,4.96746995988068e-05
2117,25,6.0831350646593935e-05
2117,26,7.399683594730469e-05
2117,27,8.942796261358395e-05
2117,28,0.0001073957014032026
2117,29,0.00012000033073349428
2117,30,0.000132472246384544
2117,31,0.00014559418737354127
2117,32,0.0001593528463891242
2117,33,0.00017373632040958658
2117,34,0.00018873492040518796
2117,35,0.00020434181067736172
2117,36,0.0002205534476625236
2117,37,0.00023736982182629503
2117,38,0.0002547945477705176
2117,39,0.00027283490225255653
2117,40,0.0002915019820230946
2117,41,0.00031081124872337754
2117,42,0.00033078385389592594
2117,43,0.0003514493035619212
2117,44,0.0003728502427546039
2117,45,0.0003950504348012518
2117,46,0.000418147402444979
2117,47,0.0004422917157881178
2117,48,0.00046771557520927827
2117,49,0.0004947741185268031
2117,50,0.0005240035820403174
2117,51,0.000556200295428967
2117,52,0.0005925207959630664
2117,53,0.0006345864132844596
2117,54,0.0006845068141310112
2117,55,0.0007444313971497241
2117,56,0.0008081897141898486
2117,57,0.0008641103065989066
2117,58,0.0009240230831788007
2117,59,0.0009882466894372737
2117,60,0.0010571259316070336
2117,61,0.0011310337323808851
2117,62,0.0012103731732062012
2117,63,0.001295579612715736
2117,64,0.0013871228672977746
2117,65,0.0014855094354933832
2117,66,0.0015912847427403459
2117,67,0.0017050353768460844
2117,68,0.0018273912773470176
2117,69,0.001959027833480485
2117,70,0.00210066783574082
2117,71,0.0022530832148014534
2117,72,0.0024170964888570365
2117,73,0.002593581826083979
2117,74,0.0027834656128654938
2117,75,0.0029877264006386824
2117,76,0.0032073940846964874
2117,77,0.0034435481470724287
2117,78,0.003697314772880781
2117,79,0.0039698626254059425
2117,80,0.004262397040189765
2117,81,0.004576152372879999
2117,82,0.004912382210434224
2117,83,0.005272347131498427
2117,84,0.00556128627790667
2117,85,0.005825546808900429
2117,86,0.006105404337341932
2117,87,0.006401658418531595
2117,88,0.006715126270397178
2117,89,0.007046656064713203
2117,90,0.007397134963540679
2117,91,0.007767493765850395
2117,92,0.00815870799476335
2117,93,0.00857179458587602
2117,94,0.009007803078009698
2117,95,0.00946780010718837
2117,96,0.009952845981255358
2117,97,0.010463962135601197
2117,98,0.01100208832852288
2117,99,0.011568028526953156
2117,100,0.01216238456842871
2117,101,0.01278547688436372
2117,102,0.013437251874357105
2117,103,0.014117176011548958
2117,104,0.014824117599418494
2117,105,0.015556218659439108
2117,106,0.016310762619839585
2117,107,0.017084050819684962
2117,108,0.017871320214195487
2117,109,0.018666794758056684
2117,110,0.019464192046342504
2117,111,0.020246418113717066
2117,112,0.02091112509771853
2117,113,0.021566983112506585
2117,114,0.022206844392608473
2117,115,0.02282273531577143
2117,116,0.02340590676855205
2117,117,0.02394691722162485
2117,118,0.0244357519423374
2117,119,0.024861980886883166
2117,120,0.025214956561077435
2117,121,0.025484051500950334
2117,122,0.025658933012669527
2117,123,0.025729870470221138
2117,124,0.025688067883320294
2117,125,0.025526011744960456
2117,126,0.02523782151834177
2117,127,0.024819587734293515
2117,128,0.024269680776126724
2117,129,0.023589012270886524
2117,130,0.022781230811805865
2117,131,0.021852834693999484
2117,132,0.020813186575583977
2117,133,0.019674418512113125
2117,134,0.018451220581360932
2117,135,0.01716051213455673
2117,136,0.015821001286073298
2117,137,0.014452645185277167
2117,138,0.013076030357735116
23,1,1.411016324866905e-06
23,2,1.944168822272165e-06
23,3,2.6514382609538383e-06
23,4,3.5796855728003402e-06
23,5,4.785271968715324e-06
23,6,6.33519819818588e-06
23,7,8.308235609129602e-06
23,8,1.0796035833213553e-05
23,9,1.3904213687511546e-05
23,10,1.7753408036512772e-05
23,11,2.248033729288458e-05
23,12,2.8238879169738346e-05
23,13,3.520121732296305e-05
23,14,4.355910968684266e-05
23,15,5.352534369951539e-05
23,16,6.53354514461665e-05
23,17,7.924976240412822e-05
23,18,9.55558725539335e-05
23,19,0.00011457160594204343
23,20,0.00013664853836479533
23,21,0.00016217614287135276
23,22,0.0001915866035400526
23,23,0.0002253603277751748
23,24,0.0002640321684354496
23,25,0.00030819834549143096
23,26,0.0003585240323445648
23,27,0.0004157515436683175
23,28,0.0004807090281811641
23,29,0.0005167920637835498
23,30,0.0005504687989141426
23,31,0.0005856967423563975
23,32,0.000622674631718703
23,33,0.0006616245523510046
23,34,0.0007027918955736437
23,35,0.0007464452336984979
23,36,0.000792875997900653
23,37,0.0008423978957558428
23,38,0.0008953459868693549
23,39,0.0009520753178211924
23,40,0.0010129590128934362
23,41,0.0010783857299356983
23,42,0.0011487564263607567
23,43,0.0012244804442507332
23,44,0.001305971021838214
23,45,0.001393640477239351
23,46,0.0014878954953627297
23,47,0.001589133187313683
23,48,0.001697738893647596
23,49,0.0018140870887724376
23,50,0.0019385472591203607
23,51,0.0020714973761293575
23,52,0.0022133487971817906
23,53,0.0023645885811477783
23,54,0.0025258490070761254
23,55,0.0026980170957100575
23,56,0.002860412728620014
23,57,0.0029803248383502667
23,58,0.003106984318900195
23,59,0.0032408765175727405
23,60,0.003382517972987037
23,61,0.003532457895300455
23,62,0.0036912795485135007
23,63,0.0038596015015060206
23,64,0.004038078707581457
23,65,0.004227403364317705
23,66,0.004428305496377358
23,67,0.004641553193565102
23,68,0.004867952424799768
23,69,0.005108346335775352
23,70,0.005363613923931396
23,71,0.005634667968988565
23,72,0.005922452080837765
23,73,0.00622793670918307
23,74,0.006552113941313723
23,75,0.006895990896138339
23,76,0.0072605815047461705
23,77,0.007646896451082235
23,78,0.008055931031932563
23,79,0.008488650684765084
23,80,0.008945973926970115
23,81,0.00942875245321146
23,82,0.009937748152407442
23,83,0.01047360683764382
23,84,0.010810309233208009
23,85,0.011062973560095777
23,86,0.011325135782559913
23,87,0.011595942835454261
23,88,0.011874802334616583
23,89,0.01216134300172502
23,90,0.012455376425516574
23,91,0.012756861199628393
23,92,0.013065865757931375
23,93,0.013382527656863232
23,94,0.01370700845426096
23,95,0.014039444287772767
23,96,0.01437989285731971
23,97,0.014728277866886833
23,98,0.015084332154639326
23,99,0.015447540792775901
23,100,0.015817085415897054
23,101,0.016191790978560796
23,102,0.016570076081459766
23,103,0.016949907963693497
23,104,0.017328763244120363
23,105,0.017703595495320915
23,106,0.01807081070622778
23,107,0.018426251545048872
23,108,0.01876519092909986
23,109,0.019082334698197888
23,110,0.01937183434450573
23,111,0.0196091865091032
23,112,0.01964693329790229
23,113,0.019647028597835993
23,114,0.019604972280094092
23,115,0.01951637155930207
23,116,0.019377044455537878
23,117,0.01918313167099005
23,118,0.01893121509577683
23,119,0.01861844066726238
23,120,0.018242642804302444
23,121,0.01780246713197867
23,122,0.017297487709733647
23,123,0.01672831447987101
23,124,0.0160966861684604
23,125,0.015405543408645703
23,126,0.01465907644597456
23,127,0.013862741483120628
23,128,0.01302323962068227
23,129,0.012148452585904307
23,130,0.01124733018111716
23,131,0.010329725811698831
23,132,0.00940617873053694
23,133,0.008487644850563534
23,134,0.007585182086727356
23,135,0.006709600969224077
23,136,0.00587109628462595
23,137,0.005078880110314844
23,138,0.004340839998779285
62,1,5.1133732138768866e-08
62,2,7.050487757338719e-08
62,3,9.639104113291936e-08
62,4,1.3066324672143615e-07
62,5,1.7561966153984488e-07
62,6,2.3405097713056031e-07
62,7,3.093083977813126e-07
62,8,4.053730939918904e-07
62,9,5.269260115137164e-07
62,10,6.794170595968523e-07
62,11,8.691329218602949e-07
62,12,1.1032630109029782e-06
62,13,1.3899633837585598e-06
62,14,1.7384187049659024e-06
62,15,2.1589025449203785e-06
62,16,2.662836400039195e-06
62,17,3.262847799811737e-06
62,18,3.972827723983874e-06
62,19,4.807987309544902e-06
62,20,5.784913516453237e-06
62,21,6.921623088725972e-06
62,22,8.237613843678859e-06
62,23,9.753912094459848e-06
62,24,1.149311489889281e-05
62,25,1.3479425857454463e-05
62,26,1.5738683365874786e-05
62,27,1.8298380558240062e-05
62,28,2.1187676634443366e-05
62,29,2.4437657381350347e-05
62,30,2.8082138479971007e-05
62,31,3.215796810242598e-05
62,32,3.670450136433762e-05
62,33,4.176367747394586e-05
62,34,4.7380139236763656e-05
62,35,5.36013461245249e-05
62,36,6.04776845843949e-05
62,37,6.806257944611033e-05
62,38,7.641260982932712e-05
62,39,8.558763279194789e-05
62,40,9.565091789425017e-05
62,41,0.00010666929576568314
62,42,0.00011871332360625948
62,43,0.0001318574703271988
62,44,0.00014618032375357165
62,45,0.00016176482200685723
62,46,0.00017869851089624355
62,47,0.0001970738289129731
62,48,0.00021698842127422635
62,49,0.00023854548442087613
62,50,0.00026185414243808667
62,51,0.00028702985701948463
62,52,0.00031419487279140887
62,53,0.00034347869997979974
62,54,0.00037501863640004753
62,55,0.0004089603302455355
62,56,0.0004454583833635732
62,57,0.000484676801155429
62,58,0.0005267895286439585
62,59,0.0005719814595934313
62,60,0.0006204492923256762
62,61,0.0006724024160831555
62,62,0.0007280638601121939
62,63,0.0007876713070147424
62,64,0.0008514781718809712
62,65,0.0009197547485900485
62,66,0.0009927894244378995
62,67,0.00107088996388742
62,68,0.0011543848617032774
62,69,0.0012436247649926305
62,70,0.0013389839626871771
62,71,0.0014408619397328801
62,72,0.0015496849916622332
62,73,0.001665907893269098
62,74,0.0017900156127436061
62,75,0.0019225250598048534
62,76,0.0020639868530355613
62,77,0.0022149870877100236
62,78,0.0023761490808381427
62,79,0.0025481350648362514
62,80,0.0027316477950803998
62,81,0.0029274320294930445
62,82,0.003136275830154367
62,83,0.0033590116276334
62,84,0.0035964453320459677
62,85,0.0038490057096901465
62,86,0.004116662752941049
62,87,0.004399472660986067
62,88,0.004697577036528234
62,89,0.0050111910895226635
62,90,0.005340606145157379
62,91,0.005686198792352651
62,92,0.006048442540095265
62,93,0.006427919699283802
62,94,0.006825332079655412
62,95,0.0072415095517524225
62,96,0.007677415796238394
62,97,0.008134150731738619
62,98,0.008612949208428554
62,99,0.009115175587272508
62,100,0.00964231379559375
62,101,0.010195952357890361
62,102,0.01077776374664645
62,103,0.011389477183948492
62,104,0.012032843757308037
62,105,0.012709592403268709
62,106,0.013421374977050673
62,107,0.0141696982897313
62,108,0.014955840689073211
62,109,0.015780750529512076
62,110,0.01664492377727649
62,111,0.017548258099455007
62,112,0.018489880557755876
62,113,0.019467943724811275
62,114,0.020479394336090712
62,115,0.021519718625398143
62,116,0.022582664343855245
62,117,0.023659947588627002
62,118,0.024740957392429767
62,119,0.025812477041324916
62,120,0.026858448137649607
62,121,0.02785981111083903
62,122,0.02879446350509037
62,123,0.02963738385216541
62,124,0.03036097274399395
62,125,0.030935661909966605
62,126,0.031330834451760894
62,127,0.03151608267548622
62,128,0.03146280245252017
62,129,0.031146084145103017
62,130,0.03054681117474645
62,131,0.029653822266924656
62,132,0.028465939360387518
62,133,0.026993620193428245
62,134,0.025259974717015677
62,135,0.02330089969339573
62,136,0.021164144980645012
62,137,0.01890723040644016
62,138,0.016594276694934476
2751,1,2.7140175213511744e-07
2751,2,3.4789826223225604e-07
2751,3,4.4413805542693874e-07
2751,4,5.647191593743893e-07
2751,5,7.151890033729997e-07
2751,6,9.022150579361885e-07
2751,7,1.1337820642779998e-06
2751,8,1.419419680827707e-06
2751,9,1.7704649928046905e-06
2751,10,2.200365047082771e-06
2751,11,2.7250253894695123e-06
2751,12,3.363211488354878e-06
2751,13,4.137010912398992e-06
2751,14,5.0723651666129266e-06
2751,15,6.1996811475275715e-06
2751,16,7.554533210966172e-06
2751,17,9.178467801685222e-06
2751,18,1.1119923408201015e-05
2751,19,1.3435279201794594e-05
2751,20,1.6190046005904987e-05
2751,21,1.9460213115684276e-05
2751,22,2.3333763825112106e-05
2751,23,2.7912371179177868e-05
2751,24,3.331328328822733e-05
2751,25,3.9671404334261826e-05
2751,26,4.714157295357008e-05
2751,27,5.5901033759868143e-05
2751,28,6.615209011527571e-05
2751,29,7.271053847091669e-05
2751,30,7.92050700588372e-05
2751,31,8.620913997005204e-05
2751,32,9.376758916556024e-05
2751,33,0.0001019301672212889
2751,34,0.00011075193473688927
2751,35,0.00012029376084866301
2751,36,0.00013062289202456435
2751,37,0.00014181358819174644
2751,38,0.0001539478287002388
2751,39,0.00016711609320170932
2751,40,0.0001814182237734979
2751,41,0.00019696437536385493
2751,42,0.00021387606218527418
2751,43,0.00023228730817803042
2751,44,0.000252345910174727
2751,45,0.0002742148229489611
2751,46,0.0002980736759252969
2751,47,0.00032412043193092924
2751,48,0.00035257319891841306
2751,49,0.00038367220599224214
2751,50,0.0004176819552161063
2751,51,0.00045489356043362865
2751,52,0.000495627283568328
2751,53,0.000540235277445183
2751,54,0.0005891045419727039
2751,55,0.0006426600974422645
2751,56,0.0006958959269838011
2751,57,0.0007403301336501007
2751,58,0.0007881558864711094
2751,59,0.000839673067038135
2751,60,0.0008952091695187888
2751,61,0.0009551218832566256
2751,62,0.0010198018819658934
2751,63,0.0010896758246109284
2751,64,0.0011652095722506008
2751,65,0.0012469116228497174
2751,66,0.001335336762654399
2751,67,0.0014310899281453299
2751,68,0.0015348302666522342
2751,69,0.0016472753762084126
2751,70,0.00176920569588089
2751,71,0.0019014690063306548
2751,72,0.002044984986410488
2751,73,0.0022007497548411194
2751,74,0.0023698403060478926
2751,75,0.002553418725709426
2751,76,0.0027527360440944737
2751,77,0.0029691355534987693
2751,78,0.0032040553797551227
2751,79,0.0034590300566883043
2751,80,0.0037356908064803945
2751,81,0.004035764178373252
2751,82,0.004361068643428568
2751,83,0.004713508685066734
2751,84,0.004987296499359217
2751,85,0.005232372847261658
2751,86,0.005493327358576758
2751,87,0.005770765695635402
2751,88,0.006065289146168408
2751,89,0.0063775317967324895
2751,90,0.006708182462711815
2751,91,0.00705800069735789
2751,92,0.007427829170987137
2751,93,0.007818602553956487
2751,94,0.008231352325496176
2751,95,0.00866720673282405
2751,96,0.009127385128293614
2751,97,0.009613185988160688
2751,98,0.010125968002578171
2751,99,0.010667123690216534
2751,100,0.01123804501754017
2751,101,0.011840080489861281
2751,102,0.012474483136431229
2751,103,0.013142348750820602
2751,104,0.013844543693365643
2751,105,0.014581621542972198
2751,106,0.015353727934382248
2751,107,0.016160493071456717
2751,108,0.017000911707514277
2751,109,0.017873210872520594
2751,110,0.018774706346188524
2751,111,0.019682821832966775
2751,112,0.020439080615710658
2751,113,0.021205424077805294
2751,114,0.021975984244483694
2751,115,0.022743637384942717
2751,116,0.023499908149751447
2751,117,0.024234896523494642
2751,118,0.02493723828650464
2751,119,0.0255941115564856
2751,120,0.02619130367274497
2751,121,0.026713353908624192
2751,122,0.027143787882027846
2751,123,0.027465458618634492
2751,124,0.027661006473918153
2751,125,0.02771344498271559
2751,126,0.02760687169002214
2751,127,0.027327291834828175
2751,128,0.02686352849062715
2751,129,0.026208176049504112
2751,130,0.025358536133188753
2751,131,0.02431745829925203
2751,132,0.023093995216582206
2751,133,0.021703776737613395
2751,134,0.02016901290556514
2751,135,0.018518055060893737
2751,136,0.016784477891550655
2751,137,0.015005692115687372
2751,138,0.01322115317620304
2393,1,3.125178182301333e-06
2393,2,4.0198528741980534e-06
2393,3,5.137595816936797e-06
2393,4,6.524913587859883e-06
2393,5,8.236017383386308e-06
2393,6,1.033381958204887e-05
2393,7,1.2891059842782015e-05
2393,8,1.59915847071597e-05
2393,9,1.9731806405458523e-05
2393,10,2.4222367291452545e-05
2393,11,2.9590035999794376e-05
2393,12,3.597986006173923e-05
2393,13,4.355759741018067e-05
2393,14,5.251244605250566e-05
2393,15,6.306008727572939e-05
2393,16,7.544605312014306e-05
2393,17,8.994942350664397e-05
2393,18,0.00010688685225511074
2393,19,0.00012661691414481724
2393,20,0.00014954475693440403
2393,21,0.00017612703260594896
2393,22,0.00020687707069231662
2393,23,0.0002423702429996646
2393,24,0.00028324945290723777
2393,25,0.0003302306632331315
2393,26,0.00038410835389287825
2393,27,0.00044576077374701515
2393,28,0.0005161548196769081
2393,29,0.0005572231248709615
2393,30,0.0005962943388898852
2393,31,0.0006374118064972085
2393,32,0.0006807007576262911
2393,33,0.0007262998056904186
2393,34,0.0007743622710287322
2393,35,0.0008250576201368576
2393,36,0.000878572992385018
2393,37,0.0009351148017291481
2393,38,0.000994910406376758
2393,39,0.001058209842552131
2393,40,0.0011252876210632163
2393,41,0.0011964445876226787
2393,42,0.0012720098497702086
2393,43,0.0013523427746239714
2393,44,0.0014378350623745475
2393,45,0.0015289129002571966
2393,46,0.0016260392005601376
2393,47,0.0017297159239490648
2393,48,0.0018404864859477628
2393,49,0.0019589382397815817
2393,50,0.002085705022954612
2393,51,0.0022214697478941366
2393,52,0.0023669670087546587
2393,53,0.002522985667014294
2393,54,0.0026903713677962925
2393,55,0.0028700289269609704
2393,56,0.0030397041272616117
2393,57,0.0031645134361772465
2393,58,0.0032966096395497793
2393,59,0.0034365277099585364
2393,60,0.0035848327743764922
2393,61,0.0037421217427593685
2393,62,0.0039090248965836585
2393,63,0.004086207397048197
2393,64,0.004274370666529446
2393,65,0.004474253589813923
2393,66,0.004686633473466838
2393,67,0.004912326692298992
2393,68,0.005152188941145025
2393,69,0.005407114997967163
2393,70,0.005678037890581972
2393,71,0.005965927344046311
2393,72,0.0062717873689624075
2393,73,0.006596652832769537
2393,74,0.006941584836672784
2393,75,0.007307664700522336
2393,76,0.007695986337147224
2393,77,0.008107646776984605
2393,78,0.008543734584162294
2393,79,0.009005315887567178
2393,80,0.009493417736241823
2393,81,0.010009008479406568
2393,82,0.010552974869599304
2393,83,0.011126095595373146
2393,84,0.011479371400560342
2393,85,0.011739197485322367
2393,86,0.012009523743919028
2393,87,0.012290078221532615
2393,88,0.012580472850348185
2393,89,0.012880214973866305
2393,90,0.013188716071435017
2393,91,0.013505300918308344
2393,92,0.01382921760881147
2393,93,0.014159647915519444
2393,94,0.014495716989337807
2393,95,0.014836501139422456
2393,96,0.015181032297872892
2393,97,0.01552829775493483
2393,98,0.015877233841139014
2393,99,0.016226712428536343
2393,100,0.01657551941582013
2393,101,0.016922324740137763
2393,102,0.017265643908331137
2393,103,0.017603791548718977
2393,104,0.017934828039633446
2393,105,0.018256500863965068
2393,106,0.018566182964254756
2393,107,0.018860811026640476
2393,108,0.019136827299896488
2393,109,0.019390129249136898
2393,110,0.01961603203431341
2393,111,0.01978851984423084
2393,112,0.019740448566386414
2393,113,0.019657026073922466
2393,114,0.01953333842566339
2393,115,0.019364208260220624
2393,116,0.01914432083772914
2393,117,0.018868388583047697
2393,118,0.01853135512251774
2393,119,0.01812863739039042
2393,120,0.017656401176593194
2393,121,0.017111861525653024
2393,122,0.016493594836316353
2393,123,0.015801844676299914
2393,124,0.015038798726174927
2393,125,0.01420881058935849
2393,126,0.013318538271953463
2393,127,0.01237697180176234
2393,128,0.011395326463312769
2393,129,0.010386785923617284
2393,130,0.009366091075234168
2393,131,0.008348985053401644
2393,132,0.007351541210278511
2393,133,0.006389416829047857
2393,134,0.005477088598661805
2393,135,0.004627133880184395
2393,136,0.003849622564374402
2393,137,0.003151676776397732
2393,138,0.0025372400732819136
98,1,1.654864638481237e-08
98,2,2.4915284931742495e-08
98,3,3.7103727848973766e-08
98,4,5.465773443601841e-08
98,5,7.965129229872422e-08
98,6,1.1483128188406286e-07
98,7,1.6378396412762053e-07
98,8,2.31124151195951e-07
98,9,3.2270393926446327e-07
98,10,4.458354436952762e-07
98,11,6.095191935337985e-07
98,12,8.246668631528274e-07
98,13,1.1043040438583242e-06
98,14,1.4637360305530842e-06
98,15,1.9206573891324103e-06
98,16,2.4951846564131662e-06
98,17,3.2097911647672207e-06
98,18,4.08912389314873e-06
98,19,5.1596845733684294e-06
98,20,6.449361090040149e-06
98,21,7.986800475544832e-06
98,22,9.800621392798678e-06
98,23,1.1918471703896655e-05
98,24,1.4365945249765661e-05
98,25,1.7165380962264402e-05
98,26,2.0334576501580878e-05
98,27,2.3885457341087038e-05
98,28,2.782275018488456e-05
98,29,3.168298954297073e-05
98,30,3.577617041785833e-05
98,31,4.013585825696012e-05
98,32,4.474488849606966e-05
98,33,4.9581772280197845e-05
98,34,5.46208624049914e-05
98,35,5.9832613570027494e-05
98,36,6.518393733440518e-05
98,37,7.06386614092538e-05
98,38,7.615810984797063e-05
98,39,8.170182917862186e-05
98,40,8.722849688305982e-05
98,41,9.269706428836285e-05
98,42,9.806820809535183e-05
98,43,0.00010330619702233552
98,44,0.0001083813283949507
98,45,0.00011327316417505233
98,46,0.00011797491457022281
98,47,0.000122499511096084
98,48,0.00012688823500806007
98,49,0.00013122331908489062
98,50,0.000135646887364938
98,51,0.00014039018503851975
98,52,0.0001458194343980529
98,53,0.0001525065236129536
98,54,0.00016132203312895467
98,55,0.000173429223210832
98,56,0.00018867718878974008
98,57,0.00020502245329642708
98,58,0.00022258138454078652
98,59,0.00024143691289354945
98,60,0.0002616776065832546
98,61,0.0002833979925091959
98,62,0.00030669887671485647
98,63,0.0003316876606985041
98,64,0.00035847864896995294
98,65,0.00038719334237884883
98,66,0.0004179607107285377
98,67,0.0004509174370390522
98,68,0.0004862081245222585
98,69,0.0005239854558722647
98,70,0.0005644102928474733
98,71,0.000607651702322788
98,72,0.0006538868930217375
98,73,0.0007033010450042867
98,74,0.0007560870117005819
98,75,0.000812444871866883
98,76,0.0008725813063326819
98,77,0.0009367087718573137
98,78,0.0010050444418875759
98,79,0.0010778088815923798
98,80,0.0011552244223570407
98,81,0.0012375131990839732
98,82,0.0013248948123306787
98,83,0.0014175835767042339
98,84,0.001519265633832765
98,85,0.0016297295072234552
98,86,0.0017482334037472393
98,87,0.001875309530429837
98,88,0.0020115308655154255
98,89,0.0021575142799967807
98,90,0.002313923276086798
98,91,0.002481471132838543
98,92,0.0026609244643720923
98,93,0.0028531070805875476
98,94,0.0030589040137313844
98,95,0.003279265552779144
98,96,0.0035152110944591825
98,97,0.0037678325676811127
98,98,0.004038297109036948
98,99,0.004327848548663528
98,100,0.004637807089084703
98,101,0.004969566295205703
98,102,0.005324586115687938
98,103,0.005704380054318685
98,104,0.006110493701425645
98,105,0.006544470488456879
98,106,0.007007798671772613
98,107,0.007501831671608044
98,108,0.008027675633031797
98,109,0.008586065112410841
98,110,0.009177447834409023
98,111,0.009810356444107228
98,112,0.010547515799841405
98,113,0.011346566805053908
98,114,0.012213073453937373
98,115,0.013152980277539094
98,116,0.014172594922490305
98,117,0.015278554004435438
98,118,0.016477767388294286
98,119,0.01777733520591778
98,120,0.0191844310800428
98,121,0.020706144249193672
98,122,0.022349272677695438
98,123,0.02412005891908444
98,124,0.026023860649654007
98,125,0.028064748612332775
98,126,0.030245026459039603
98,127,0.032564669931528824
98,128,0.035020687267803836
98,129,0.03760640893575761
98,130,0.04031072298528617
98,131,0.043117282554087165
98,132,0.0460037242319132
98,133,0.048940949652737716
98,134,0.05189253701414252
98,135,0.05481436290244507
98,136,0.057654525979785216
98,137,0.06035367041377133
98,138,0.06284580582295354
2459,1,5.761165839381295e-09
2459,2,9.24826065875148e-09
2459,3,1.4655530825928631e-08
2459,4,2.2925255812086903e-08
2459,5,3.539962036294508e-08
2459,6,5.396027022901733e-08
2459,7,8.120392826581181e-08
2459,8,1.2065891431005874e-07
2459,9,1.7704673389572625e-07
2459,10,2.565918493980462e-07
2459,11,3.673813668653972e-07
2459,12,5.197747559501711e-07
2459,13,7.268620050386378e-07
2459,14,1.0049669629207105e-06
2459,15,1.3741912020882225e-06
2459,16,1.8589927066494711e-06
2459,17,2.4887931429711077e-06
2459,18,3.298607448364775e-06
2459,19,4.329689926123996e-06
2459,20,5.630191834925709e-06
2459,21,7.255826405549111e-06
2459,22,9.27053805473094e-06
2459,23,1.1747173016921143e-05
2459,24,1.4768148406302928e-05
2459,25,1.842611561007189e-05
2459,26,2.2824611702960065e-05
2459,27,2.807868911859589e-05
2459,28,3.431550901890193e-05
2459,29,3.885074718402378e-05
2459,30,4.3435892104779704e-05
2459,31,4.835250676908611e-05
2459,32,5.361325246056271e-05
2459,33,5.923306649653063e-05
2459,34,6.522967497018354e-05
2459,35,7.162415865804344e-05
2459,36,7.844160496110868e-05
2459,37,8.571189047074851e-05
2459,38,9.347065096281734e-05
2459,39,0.00010176050748307439
2459,40,0.00011063262729291735
2459,41,0.00012014870464414757
2459,42,0.00013038344554929492
2459,43,0.00014142762870139445
2459,44,0.00015339178600834986
2459,45,0.0001664104939549721
2459,46,0.00018064718253633948
2459,47,0.00019629924046180424
2459,48,0.00021360300718412686
2459,49,0.00023283796628576124
2459,50,0.0002543290373649758
2459,51,0.0002784451914016842
2459,52,0.0003055914318800679
2459,53,0.0003361888908505066
2459,54,0.00037063300115373264
2459,55,0.00040921063220851066
2459,56,0.00044866283907894343
2459,57,0.0004835498187006988
2459,58,0.0005212345546432367
2459,59,0.0005619697598714749
2459,60,0.0006060321158585178
2459,61,0.000653724385882168
2459,62,0.0007053776727865009
2459,63,0.0007613538198764794
2459,64,0.0008220479502023814
2459,65,0.0008878911351908629
2459,66,0.0009593531782476262
2459,67,0.0010369454924341007
2459,68,0.001121224043436515
2459,69,0.0012127923196205072
2459,70,0.0013123042798149525
2459,71,0.0014204672164158738
2459,72,0.0015380444562808342
2459,73,0.0016658578045600403
2459,74,0.001804789616992956
2459,75,0.001955784364267454
2459,76,0.0021198495278666263
2459,77,0.002298055640617721
2459,78,0.0024915352572735957
2459,79,0.0027014806114669812
2459,80,0.002929139686097982
2459,81,0.0031758103957483016
2459,82,0.003442832553497686
2459,83,0.003731577272345442
2459,84,0.003972055401561915
2459,85,0.00419791514114276
2459,86,0.004439308577330383
2459,87,0.004697312142946001
2459,88,0.004973048629804275
2459,89,0.005267682872939713
2459,90,0.005582415754697873
2459,91,0.005918476272248926
2459,92,0.006277111406018991
2459,93,0.006659573533006571
2459,94,0.007067105148382113
2459,95,0.00750092069282058
2459,96,0.007962185332700716
2459,97,0.008451990605330237
2459,98,0.008971326919663763
2459,99,0.009521052990437569
2459,100,0.010101862374064345
2459,101,0.010714247360272886
2459,102,0.011358460546290382
2459,103,0.012034474474140444
2459,104,0.012741939745399977
2459,105,0.013480142050881548
2459,106,0.014247958592973831
2459,107,0.015043814496271027
2459,108,0.015865640116068752
2459,109,0.01671083084311987
2459,110,0.01757621150949217
2459,111,0.018447378663850652
2459,112,0.019236254109332784
2459,113,0.0200352105788866
2459,114,0.02083987386812913
2459,115,0.021645207690029474
2459,116,0.022445487772124587
2459,117,0.02323428425924278
2459,118,0.0240044542971102
2459,119,0.02474814687038851
2459,120,0.025456822218964788
2459,121,0.026121288469731992
2459,122,0.026731758501339627
2459,123,0.027277930494637937
2459,124,0.027749096074966614
2459,125,0.028134280352317097
2459,126,0.028422418396683646
2459,127,0.028602572586008308
2459,128,0.028664194626231217
2459,129,0.02859743463055551
2459,130,0.02839349722049706
2459,131,0.028045040980063524
2459,132,0.02754661266363083
2459,133,0.026895101404540635
2459,134,0.026090191109347398
2459,135,0.0251347818568602
2459,136,0.024035344367428112
2459,137,0.02280216666025406
2459,138,0.02144945024354785
2006,1,5.9165183591422104e-08
2006,2,8.873463088237102e-08
2006,3,1.315591483011915e-07
2006,4,1.9279347695154472e-07
2006,5,2.792316876910152e-07
2006,6,3.9967828601002857e-07
2006,7,5.65348662187401e-07
2006,8,7.902819700697578e-07
2006,9,1.0917430965022748e-06
2006,10,1.4905843764101633e-06
2006,11,2.0115329379878078e-06
2006,12,2.683366901857999e-06
2006,13,3.538943910248721e-06
2006,14,4.615049221142183e-06
2006,15,5.952038120372384e-06
2006,16,7.593258491031179e-06
2006,17,9.5842533536589e-06
2006,18,1.1971758906879265e-05
2006,19,1.4802529547204211e-05
2006,20,1.8122035825273253e-05
2006,21,2.197309262095368e-05
2006,22,2.639448155735179e-05
2006,23,3.14196328438048e-05
2006,24,3.707542696408669e-05
2006,25,4.3381166206422205e-05
2006,26,5.0347750920381836e-05
2006,27,5.797707709020792e-05
2006,28,6.626165222961799e-05
2006,29,7.570755437416169e-05
2006,30,8.610512928276745e-05
2006,31,9.745578373300302e-05
2006,32,0.00010981122568551124
2006,33,0.00012322898135127316
2006,34,0.00013777358502714405
2006,35,0.00015351761539811307
2006,36,0.00017054249632260943
2006,37,0.00018893898125888975
2006,38,0.000208807245676799
2006,39,0.00023025652213599595
2006,40,0.00025340422927311264
2006,41,0.0002783745695095087
2006,42,0.0003052966009617021
2006,43,0.0003343018257523003
2006,44,0.0003655213770751159
2006,45,0.00039908292663504093
2006,46,0.00043510746663930414
2006,47,0.00047370613981986983
2006,48,0.0005149772910794741
2006,49,0.0005590038916538039
2006,50,0.0006058514416446863
2006,51,0.0006555663956257812
2006,52,0.0007081750930193826
2006,53,0.0007636831405466969
2006,54,0.000822075276413461
2006,55,0.0008833163447480573
2006,56,0.0009490234980954307
2006,57,0.0010221683217078354
2006,58,0.0010993861626364316
2006,59,0.001180812089779702
2006,60,0.0012665796816778954
2006,61,0.0013568199572324428
2006,62,0.0014516601295791367
2006,63,0.0015512221701784639
2006,64,0.0016556211711191717
2006,65,0.0017649634949275573
2006,66,0.0018793447029575535
2006,67,0.001998847255790995
2006,68,0.0021235379820755277
2006,69,0.0022534653159307864
2006,70,0.0023886563075062356
2006,71,0.0025291134164994217
2006,72,0.0026748111044348024
2006,73,0.0028256922482163987
2006,74,0.0029816644048166322
2006,75,0.003142595964814952
2006,76,0.0033083122406730816
2006,77,0.003478591543906822
2006,78,0.0036531613134314646
2006,79,0.0038316943650465903
2006,80,0.004013805339013532
2006,81,0.0041990474287163
2006,82,0.004386909478278973
2006,83,0.004576813540603802
2006,84,0.0048329216897652575
2006,85,0.005128730349394293
2006,86,0.005438752941037146
2006,87,0.005763384047304218
2006,88,0.006102983649953891
2006,89,0.006457868099484368
2006,90,0.006828299819104989
2006,91,0.007214475739079757
2006,92,0.007616514436920467
2006,93,0.008034441972876949
2006,94,0.00846817644225697
2006,95,0.008917511312674405
2006,96,0.009382097674581733
2006,97,0.009861425606742719
2006,98,0.010354804943105408
2006,99,0.010861345820895806
2006,100,0.011379939487058318
2006,101,0.01190923993519602
2006,102,0.012447647030398544
2006,103,0.012993291846659698
2006,104,0.013544024983165773
2006,105,0.014097408635180306
2006,106,0.014650713168726726
2006,107,0.015200918885748529
2006,108,0.015744723573794698
2006,109,0.016278556330357276
2006,110,0.016798598102833545
2006,111,0.017324370938245345
2006,112,0.01805336474515614
2006,113,0.01878030097640411
2006,114,0.019500960937909297
2006,115,0.02021077576252577
2006,116,0.020904843171351554
2006,117,0.02157794899983459
2006,118,0.02222459294446607
2006,119,0.02283901778360623
2006,120,0.023415241213665738
2006,121,0.02394708944783656
2006,122,0.02442823189114229
2006,123,0.024852216576810384
2006,124,0.025212506662160985
2006,125,0.025502519158268375
2006,126,0.025715668199717115
2006,127,0.02584541650150898
2006,128,0.025885340099120642
2006,129,0.02582921286054331
2006,130,0.025671118361662165
2006,131,0.02540559722651233
2006,132,0.025027837596022635
2006,133,0.024533914623699225
2006,134,0.023921081452235846
2006,135,0.02318810874895561
2006,136,0.022335662511839625
2006,137,0.021366700746069844
2006,138,0.02028685940997294
166,1,2.085934507815761e-07
166,2,3.0312617769910795e-07
166,3,4.3547697692911586e-07
166,4,6.185132490682905e-07
166,5,8.685861402269126e-07
166,6,1.2061702155274852e-06
166,7,1.6565337757269605e-06
166,8,2.250418838160529e-06
166,9,3.0247059902975647e-06
166,10,4.023036839870565e-06
166,11,5.296366059300285e-06
166,12,6.903416363086671e-06
166,13,8.911013305374174e-06
166,14,1.1394282480490177e-05
166,15,1.4436699278141189e-05
166,16,1.8129990309333495e-05
166,17,2.2573895326362524e-05
166,18,2.7875808128362758e-05
166,19,3.415032371736321e-05
166,20,4.151872597934612e-05
166,21,5.0108454585237185e-05
166,22,6.005259090706091e-05
166,23,7.148939992746454e-05
166,24,8.456195795121017e-05
166,25,9.941788415038556e-05
166,26,0.00011620917753039529
166,27,0.0001350921399394096
166,28,0.00015622734064008986
166,29,0.00017283117436424968
166,30,0.00018970526539250805
166,31,0.00020759673063391876
166,32,0.000226571033851532
166,33,0.00024670809731495156
166,34,0.00026810319632247407
166,35,0.0002908675930041632
166,36,0.0003151288628653312
166,37,0.0003410308821190651
166,38,0.0003687334526536978
166,39,0.00039841155102133483
166,40,0.00043025420155173643
166,41,0.00046446299372253884
166,42,0.0005012502913465661
166,43,0.0005408372158244463
166,44,0.000583451525986647
166,45,0.0006293255595501986
166,46,0.000678694440979146
166,47,0.0007317947914817325
166,48,0.0007888641927544356
166,49,0.0008501416519519771
166,50,0.000915869289597574
166,51,0.0009862954290486773
166,52,0.0010616792192309848
166,53,0.0011422968971192338
166,54,0.0012284498143846614
166,55,0.0013204741835794117
166,56,0.0014128488782471995
166,57,0.0014966826137304532
166,58,0.001585297363351888
166,59,0.0016790083635780315
166,60,0.001778149881798128
166,61,0.001883075724763648
166,62,0.001994159667442809
166,63,0.002111795778287235
166,64,0.0022363986132672093
166,65,0.0023684032466625457
166,66,0.002508265101614803
166,67,0.0026564595379041096
166,68,0.002813481148344772
166,69,0.0029798427086322144
166,70,0.0031560737184692126
166,71,0.003342718464418154
166,72,0.003540333527261991
166,73,0.0037494846488317097
166,74,0.003970742865430529
166,75,0.004204679807353632
166,76,0.004451862056812571
166,77,0.004712844450126709
166,78,0.004988162204704936
166,79,0.005278321747550947
166,80,0.005583790120317898
166,81,0.005904982836959858
166,82,0.0062422500745644436
166,83,0.006595861086959651
166,84,0.0069067780656560385
166,85,0.007206162445510724
166,86,0.007519266344748596
166,87,0.007846358571457558
166,88,0.00818761056906592
166,89,0.008543120928411224
166,90,0.008912931279546926
166,91,0.009297037854682912
166,92,0.009695399910259096
166,93,0.010107945076065834
166,94,0.010534571295960029
166,95,0.010975144907732338
166,96,0.01142949441546544
166,97,0.011897399566381328
166,98,0.012378575424122077
166,99,0.012872651218523762
166,100,0.013379143845367248
166,101,0.01389742599165766
166,102,0.01442668897978377
166,103,0.014965900566530048
166,104,0.015513758110026674
166,105,0.0160686377382383
166,106,0.016628540423272817
166,107,0.017191036189723216
166,108,0.017753208061385053
166,109,0.018311597785976793
166,110,0.01886215603612399
166,111,0.01939783443625657
166,112,0.019899405662472478
166,113,0.020387420048082507
166,114,0.020856784269986987
166,115,0.021301740822440365
166,116,0.021715872030828975
166,117,0.022092128313453384
166,118,0.022422885544020103
166,119,0.02270003603141882
166,120,0.022915116934448945
166,121,0.023059478806547844
166,122,0.02312449538293011
166,123,0.02310181367324928
166,124,0.022983640936334915
166,125,0.0227630622606755
166,126,0.022434379371114154
166,127,0.02199345809068317
166,128,0.021438068812449484
166,129,0.020768201624093326
166,130,0.01998633565236801
166,131,0.019097641049132516
166,132,0.018110092122973022
166,133,0.017034471713215135
166,134,0.01588425024896911
166,135,0.014675328203879285
166,136,0.013425637899742547
166,137,0.012154609711701334
166,138,0.010882518341583576
2199,1,6.919067970287487e-10
2199,2,1.085269050432285e-09
2199,3,1.6853762771222407e-09
2199,4,2.5909752557087405e-09
2199,5,3.942635338003876e-09
2199,6,5.937850670637347e-09
2199,7,8.850452611537441e-09
2199,8,1.3055120045726826e-08
2199,9,1.90577658004844e-08
2199,10,2.753250963081597e-08
2199,11,3.936581005321212e-08
2199,12,5.570811013025987e-08
2199,13,7.803305349939158e-08
2199,14,1.0820395169909344e-07
2199,15,1.4854674672571244e-07
2199,16,2.0192823830346673e-07
2199,17,2.7183786762732093e-07
2199,18,3.6247091007091514e-07
2199,19,4.788105747065094e-07
2199,20,6.267062845937998e-07
2199,21,8.12945359413837e-07
2199,22,1.0453154708791926e-06
2199,23,1.3326556048974238e-06
2199,24,1.6848938357949573e-06
2199,25,2.1130709674649355e-06
2199,26,2.629349971759386e-06
2199,27,3.2470120827309356e-06
2199,28,3.9804412962007865e-06
2199,29,4.669553387370474e-06
2199,30,5.428101767077497e-06
2199,31,6.282272083027194e-06
2199,32,7.242422899411815e-06
2199,33,8.320036205444003e-06
2199,34,9.527989887868567e-06
2199,35,1.0880841033609215e-05
2199,36,1.2395134829829866e-05
2199,37,1.4089744922591717e-05
2199,38,1.5986246891085168e-05
2199,39,1.8109323830580568e-05
2199,40,2.048720064497133e-05
2199,41,2.3152101035857813e-05
2199,42,2.614071815390941e-05
2199,43,2.9494686436453783e-05
2199,44,3.326103841858131e-05
2199,45,3.749262653156715e-05
2199,46,4.224848647801799e-05
2199,47,4.759411620577052e-05
2199,48,5.3601643428902285e-05
2199,49,6.034985589301016e-05
2199,50,6.79240734157814e-05
2199,51,7.641585162864967e-05
2199,52,8.59225304716633e-05
2199,53,9.654669413330237e-05
2199,54,0.00010839575581516068
2199,55,0.00012158237330302608
2199,56,0.00013575628652406324
2199,57,0.00015023651248914473
2199,58,0.00016615535848034642
2199,59,0.0001836528176715154
2199,60,0.00020288252093570274
2199,61,0.00022401298287188641
2199,62,0.00024722893376681333
2199,63,0.00027273273708461863
2199,64,0.00030074589030800196
2199,65,0.0003315106046917079
2199,66,0.0003652914566681168
2199,67,0.00040237710018206776
2199,68,0.0004430820250335633
2199,69,0.0004877483412716331
2199,70,0.0005367475637051199
2199,71,0.0005904823635705631
2199,72,0.000649388246221393
2199,73,0.0007139351042844695
2199,74,0.0007846285849960545
2199,75,0.0008620111983357809
2199,76,0.0009466630791234013
2199,77,0.001039202301488778
2199,78,0.0011402846282112787
2199,79,0.0012506025605963048
2199,80,0.0013708835371916306
2199,81,0.0015018871122852392
2199,82,0.0016444009285015854
2199,83,0.0017992352828799117
2199,84,0.0019587991723584346
2199,85,0.0021275176687334633
2199,86,0.0023086319464123216
2199,87,0.0025025156071775937
2199,88,0.0027099335480031904
2199,89,0.002931921614343681
2199,90,0.0031697304962812153
2199,91,0.003424797406046044
2199,92,0.003698730806914286
2199,93,0.003993301620635185
2199,94,0.004310437593956971
2199,95,0.0046522188899377264
2199,96,0.005020873561871308
2199,97,0.005418771783542591
2199,98,0.00584841772455426
2199,99,0.006312437853320533
2199,100,0.0068135642628375575
2199,101,0.00735461136915518
2199,102,0.007938444048171832
2199,103,0.008567934972452423
2199,104,0.009245908610282462
2199,105,0.009975069085028824
2199,106,0.010757908902789336
2199,107,0.0115965954851187
2199,108,0.01249283253310209
2199,109,0.013447693501502456
2199,110,0.014461424679520295
2199,111,0.015537214831745118
2199,112,0.016713271652548517
2199,113,0.01795876760140751
2199,114,0.019271286521951442
2199,115,0.02064647184171749
2199,116,0.022077657123450497
2199,117,0.023555488329748797
2199,118,0.025067557426143135
2199,119,0.026598073236822475
2199,120,0.028127601969956704
2199,121,0.029632915895718717
2199,122,0.031086993436243247
2199,123,0.03245921635921274
2199,124,0.03371580865607117
2199,125,0.03482055579478073
2199,126,0.03573583125558263
2199,127,0.03642393882206861
2199,128,0.03684875384679672
2199,129,0.03697761534553916
2199,130,0.03678338509857125
2199,131,0.03624655298733745
2199,132,0.035357233825404955
2199,133,0.03411687519973491
2199,134,0.03253948407753085
2199,135,0.03065218768120197
2199,136,0.028494975749295774
2199,137,0.026119529036084728
2199,138,0.02358712244818145
2309,1,1.4364803033604604e-08
2309,2,2.1149254705105173e-08
2309,3,3.090008329624889e-08
2309,4,4.479867254934013e-08
2309,5,6.444319381642086e-08
2309,6,9.197248228920387e-08
2309,7,1.3021770571521524e-07
2309,8,1.8288472559711494e-07
2309,9,2.547691722926977e-07
2309,10,3.5200484206574e-07
2309,11,4.823440151680247e-07
2309,12,6.554656501630217e-07
2309,13,8.833041395795491e-07
2309,14,1.18038749062051e-06
2309,15,1.5641695787127693e-06
2309,16,2.0553367597939906e-06
2309,17,2.6780649624430787e-06
2309,18,3.460199842469485e-06
2309,19,4.433330164197217e-06
2309,20,5.632723796537694e-06
2309,21,7.097097077255236e-06
2309,22,8.868192217590808e-06
2309,23,1.0990144143110225e-05
2309,24,1.3508627710669762e-05
2309,25,1.6469788316410096e-05
2309,26,1.9918972871576896e-05
2309,27,2.389929295452767e-05
2309,28,2.8450066285544657e-05
2309,29,3.2418745937840644e-05
2309,30,3.657545321040818e-05
2309,31,4.103807322574007e-05
2309,32,4.580529035219949e-05
2309,33,5.087343162174512e-05
2309,34,5.623704228496888e-05
2309,35,6.188936455151336e-05
2309,36,6.782276634793086e-05
2309,37,7.402912001356364e-05
2309,38,8.050011571714185e-05
2309,39,8.722749505890736e-05
2309,40,9.420320211599242e-05
2309,41,0.0001014194723353464
2309,42,0.00010886891702277323
2309,43,0.00011654471810873307
2309,44,0.00012444113351712532
2309,45,0.00013255464316015166
2309,46,0.00014088626529959987
2309,47,0.000149445887055336
2309,48,0.00015825995723354954
2309,49,0.00016738471510333386
2309,50,0.0001769284972654383
2309,51,0.0001870889303814566
2309,52,0.00019821439663571017
2309,53,0.0002109035223547081
2309,54,0.00022615197352320835
2309,55,0.0002454490440557274
2309,56,0.0002684409361385863
2309,57,0.000291816476415399
2309,58,0.00031704397779202864
2309,59,0.0003442660278123657
2309,60,0.00037363623771420655
2309,61,0.00040531997298453145
2309,62,0.0004394950938414573
2309,63,0.0004763526975049122
2309,64,0.000516097852095759
2309,65,0.0005589503095896979
2309,66,0.0006051451824694782
2309,67,0.0006549335655408872
2309,68,0.0007085830807798462
2309,69,0.0007663783190434368
2309,70,0.0008286211480042366
2309,71,0.0008956308507694506
2309,72,0.0009677440543629158
2309,73,0.001045314401647262
2309,74,0.001128711914451889
2309,75,0.001218321989802311
2309,76,0.0013145439654239928
2309,77,0.001417789185388156
2309,78,0.0015284784922155984
2309,79,0.0016470390683675032
2309,80,0.0017739005483116453
2309,81,0.0019094903228047424
2309,82,0.002054227960270583
2309,83,0.002208518676783865
2309,84,0.0023655205063506687
2309,85,0.002529815462603699
2309,86,0.002704465293321118
2309,87,0.0028898906872895963
2309,88,0.003086824977074848
2309,89,0.0032962126881090435
2309,90,0.003519165157278735
2309,91,0.003756939299718008
2309,92,0.004010926270440558
2309,93,0.004282644265744146
2309,94,0.004573732595381228
2309,95,0.00488594533675556
2309,96,0.005221143351573379
2309,97,0.005581283572081456
2309,98,0.005968404390153452
2309,99,0.006384605756569103
2309,100,0.00683202222150315
2309,101,0.007312786589217737
2309,102,0.007828981054436347
2309,103,0.008382571521964534
2309,104,0.008975319101981821
2309,105,0.00960866024362205
2309,106,0.010283543283772238
2309,107,0.011000204421724299
2309,108,0.011757863833622637
2309,109,0.012554350074775344
2309,110,0.013385937304675374
2309,111,0.014256122924052133
2309,112,0.015220020406098942
2309,113,0.01623938486358054
2309,114,0.01731366442809252
2309,115,0.01844137869240703
2309,116,0.019619952905476707
2309,117,0.02084554444964738
2309,118,0.02211286645520911
2309,119,0.02341501510852543
2309,120,0.024743309073957494
2309,121,0.026087151392912726
2309,122,0.02743392612145393
2309,123,0.028768943649282248
2309,124,0.030075449887214206
2309,125,0.03133471505345696
2309,126,0.032526217336243154
2309,127,0.03362793495916958
2309,128,0.034616756850325815
2309,129,0.035469017014527086
2309,130,0.03616115075639842
2309,131,0.036670462217733804
2309,132,0.036975982642522526
2309,133,0.03705938803428027
2309,134,0.036905934425041906
2309,135,0.036505360202140305
2309,136,0.03585269966256151
2309,137,0.034948952858552415
2309,138,0.033801568872667144
2638,1,6.111376011417218e-09
2638,2,9.885569801104343e-09
2638,3,1.5784353834062872e-08
2638,4,2.4874055397048397e-08
2638,5,3.8682105966892515e-08
2638,6,5.93582696184561e-08
2638,7,8.987469503050935e-08
2638,8,1.3426684702796863e-07
2638,9,1.9791431881511042e-07
2638,10,2.878562730043225e-07
2638,11,4.1313086936779263e-07
2638,12,5.851217595005184e-07
2638,13,8.178880293414245e-07
2638,14,1.1284475321582644e-06
2638,15,1.536978238515219e-06
2638,16,2.0668989976894193e-06
2638,17,2.744790902848709e-06
2638,18,3.6001240674246475e-06
2638,19,4.664762531871287e-06
2638,20,5.972232267817868e-06
2638,21,7.556753341588838e-06
2638,22,9.45205620128884e-06
2638,23,1.1690022227110184e-05
2638,24,1.4299208242592627e-05
2638,25,1.73033315831622e-05
2638,26,2.0719804609858323e-05
2638,27,2.4558413637939728e-05
2638,28,2.882023607762144e-05
2638,29,3.3232183551818564e-05
2638,30,3.7985228712886415e-05
2638,31,4.309929648164178e-05
2638,32,4.856470464962091e-05
2638,33,5.437101741815639e-05
2638,34,6.050860511815114e-05
2638,35,6.697039369402405e-05
2638,36,7.375376460937036e-05
2638,37,8.086256574947152e-05
2638,38,8.830919400820834e-05
2638,39,9.611670866616973e-05
2638,40,0.00010432092948542511
2638,41,0.00011297246304488495
2638,42,0.00012213858415172869
2638,43,0.00013190487582862695
2638,44,0.00014237650172357867
2638,45,0.0001536789496222615
2638,46,0.00016595804488787612
2638,47,0.0001793789881729113
2638,48,0.000194124120461799
2638,49,0.00021038905288298253
2638,50,0.00022837669892740849
2638,51,0.0002482885645671409
2638,52,0.00027031227325109166
2638,53,0.00029460345917789807
2638,54,0.00032125825677841835
2638,55,0.0003502692267831524
2638,56,0.00038138415094821174
2638,57,0.0004144651751591364
2638,58,0.00044987044696953235
2638,59,0.0004877371726221043
2638,60,0.0005282098054428601
2638,61,0.0005714402062329539
2638,62,0.0006175877493412236
2638,63,0.0006668193625975418
2638,64,0.0007193094877598801
2638,65,0.0007752399464719088
2638,66,0.0008347996949615102
2638,67,0.0008981844488536298
2638,68,0.0009655961575477489
2638,69,0.0010372423056536507
2638,70,0.0011133350170305935
2638,71,0.0011940899350889017
2638,72,0.0012797248512576396
2638,73,0.001370458051984293
2638,74,0.0014665063534200576
2638,75,0.0015680827921918735
2638,76,0.0016753939405341788
2638,77,0.001788636814750407
2638,78,0.0019079953477391578
2638,79,0.002033636399440443
2638,80,0.0021657052838714567
2638,81,0.002304320798314699
2638,82,0.002449569749622346
2638,83,0.0026015009849637417
2638,84,0.002776560280137793
2638,85,0.002969750439058593
2638,86,0.003175464243577379
2638,87,0.0033944642561709436
2638,88,0.0036275412039537677
2638,89,0.003875511208035832
2638,90,0.004139212301062643
2638,91,0.0044195001881537875
2638,92,0.00471724321771341
2638,93,0.005033316540016307
2638,94,0.005368595440319434
2638,95,0.005723947835761231
2638,96,0.006100225916930046
2638,97,0.006498256890839426
2638,98,0.006918832737829682
2638,99,0.007362698828107269
2638,100,0.007830541155018755
2638,101,0.008322971837363592
2638,102,0.008840512433824032
2638,103,0.009383574517363116
2638,104,0.009952436900982391
2638,105,0.010547218918306506
2638,106,0.011167849276164987
2638,107,0.011814030246977508
2638,108,0.012485197389981276
2638,109,0.013180475551810572
2638,110,0.013898631684013037
2638,111,0.014650444882351525
2638,112,0.015544823501874317
2638,113,0.016478010764949067
2638,114,0.017448741223491854
2638,115,0.018455135888660577
2638,116,0.019494624224632065
2638,117,0.02056386558284376
2638,118,0.02165867214334888
2638,119,0.02277393585660882
2638,120,0.02390356231521943
2638,121,0.025040414905811784
2638,122,0.026176272971353255
2638,123,0.02730180802703851
2638,124,0.028406582293199444
2638,125,0.02947907391320114
2638,126,0.030506733195150723
2638,127,0.03147607404205163
2638,128,0.03237280441126074
2638,129,0.03318199917092872
2638,130,0.03388831809832884
2638,131,0.034476270983401024
2638,132,0.034930530830972285
2638,133,0.03523629493477088
2638,134,0.03537969202094835
2638,135,0.035348231579448004
2638,136,0.035131288737368864
2638,137,0.03472061439978798
2638,138,0.03411085576936364
189,1,7.151275456708503e-10
189,2,1.165955733333573e-09
189,3,1.8763932764587336e-09
189,4,2.980789551277099e-09
189,5,4.674591891151676e-09
189,6,7.237926191364571e-09
189,7,1.1066421050523962e-08
189,8,1.671078860466702e-08
189,9,2.4926756520580296e-08
189,10,3.6736958681562665e-08
189,11,5.3506320393677646e-08
189,12,7.70323054783397e-08
189,13,1.0965112212434567e-07
189,14,1.5436061493746472e-07
189,15,2.1496011447052352e-07
189,16,2.962069936743892e-07
189,17,4.0398912160132165e-07
189,18,5.455118418664027e-07
189,19,7.29497572947706e-07
189,20,9.663956659699264e-07
189,21,1.2685997994701586e-06
189,22,1.6506699772105897e-06
189,23,2.1295561670766703e-06
189,24,2.7248208314509947e-06
189,25,3.458858128731766e-06
189,26,4.357108520240698e-06
189,27,5.4482690457846645e-06
189,28,6.764501829144517e-06
189,29,7.699668026075038e-06
189,30,8.637029433159391e-06
189,31,9.637253486825363e-06
189,32,1.0700357909596324e-05
189,33,1.1826645020605546e-05
189,34,1.30169313267653e-05
189,35,1.4272816319978819e-05
189,36,1.5596995960485607e-05
189,37,1.699362762005284e-05
189,38,1.8468754611067663e-05
189,39,2.0030799852780095e-05
189,40,2.1691139719515423e-05
189,41,2.3464770576252825e-05
189,42,2.537108159715115e-05
189,43,2.7434747384936456e-05
189,44,2.96867510685115e-05
189,45,3.216554007763284e-05
189,46,3.4918297865090307e-05
189,47,3.800227787275824e-05
189,48,4.1486079633030885e-05
189,49,4.545063490681456e-05
189,50,4.998949300375241e-05
189,51,5.5207725731242e-05
189,52,6.121840469972106e-05
189,53,6.813521217985397e-05
189,54,7.605981172222058e-05
189,55,8.50657397806515e-05
189,56,9.436366280690279e-05
189,57,0.00010257914302313374
189,58,0.0001115653796826167
189,59,0.00012140463769690935
189,60,0.00013218878938312404
189,61,0.00014402048735205882
189,62,0.00015701448313733317
189,63,0.0001712991090648247
189,64,0.00018701794268479138
189,65,0.0002043316750097533
189,66,0.0002234202057972582
189,67,0.00024448499115338755
189,68,0.0002677516707602639
189,69,0.0002934730039800581
189,70,0.000321932145866887
189,71,0.0003534462956056367
189,72,0.00038837075093782654
189,73,0.000427103402532623
189,74,0.0004700897017710045
189,75,0.0005178281337327995
189,76,0.0005708762239468233
189,77,0.0006298571022525149
189,78,0.0006954666394243998
189,79,0.0007684811614523732
189,80,0.0008497657319091746
189,81,0.0009402829739739139
189,82,0.001041102379690075
189,83,0.0011534100241957267
189,84,0.0012466839648931716
189,85,0.0013345059479785057
189,86,0.001430253739609798
189,87,0.001534721861453476
189,88,0.0016487846120275464
189,89,0.0017734034006075727
189,90,0.001909634569121153
189,91,0.0020586377001135716
189,92,0.0022216844025408065
189,93,0.0024001675603372804
189,94,0.0025956110217398116
189,95,0.0028096797007559388
189,96,0.003044190056765241
189,97,0.003301120915268134
189,98,0.0035826245940243136
189,99,0.003891038306721993
189,100,0.004228895834161746
189,101,0.004598939484785904
189,102,0.005004132416780945
189,103,0.005447671466949207
189,104,0.005933000727982791
189,105,0.00646382622664897
189,106,0.007044132142900615
189,107,0.0076781989492765495
189,108,0.008370623226158646
189,109,0.00912633619041455
189,110,0.009950606401592803
189,111,0.010835732843560068
189,112,0.011672625723054981
189,113,0.012577783108412935
189,114,0.013555644702813322
189,115,0.014610639235427878
189,116,0.01574710468532658
189,117,0.016969189867669567
189,118,0.018280734964144233
189,119,0.01968512860052359
189,120,0.021185139237305382
189,121,0.02278271899676129
189,122,0.0244787786654507
189,123,0.026272933560369322
189,124,0.028163221311897406
189,125,0.030145794480797947
189,126,0.03221459336259446
189,127,0.034361007387016106
189,128,0.03657353719059995
189,129,0.038837473649383975
189,130,0.04113461472342243
189,131,0.043443045570282716
189,132,0.04573701156274471
189,133,0.047986916972901646
189,134,0.05015948340467749
189,135,0.05221810073993173
189,136,0.0541233986069342
189,137,0.05583405754776252
189,138,0.057307865852729664
2429,1,2.235049845487459e-08
2429,2,3.347290558352392e-08
2429,3,4.9536218004997585e-08
2429,4,7.244580092129095e-08
2429,5,1.0471824715107371e-07
2429,6,1.496326581234921e-07
2429,7,2.1140653094506634e-07
2429,8,2.9539780923453824e-07
2429,9,4.0833477570920037e-07
2429,10,5.585758341514099e-07
2429,11,7.564019072331285e-07
2429,12,1.0143451991859563e-06
2429,13,1.3475594463892676e-06
2429,14,1.774238489275993e-06
2429,15,2.3160920153749778e-06
2429,16,2.9988896129103125e-06
2429,17,3.853086814603832e-06
2429,18,4.91454960134481e-06
2429,19,6.225396903447939e-06
2429,20,7.83498404282389e-06
2429,21,9.801053890562124e-06
2429,22,1.2191086881686406e-05
2429,23,1.5083886058509316e-05
2429,24,1.8571439144036634e-05
2429,25,2.2761106428374785e-05
2429,26,2.7778191158261635e-05
2429,27,3.376895837028893e-05
2429,28,4.090417899495988e-05
2429,29,4.509330116434634e-05
2429,30,4.907334664438918e-05
2429,31,5.327035985277603e-05
2429,32,5.769702433663265e-05
2429,33,6.236848671724169e-05
2429,34,6.730267746931224e-05
2429,35,7.252069575698755e-05
2429,36,7.804728008671355e-05
2429,37,8.391138867913121e-05
2429,38,9.014691482883587e-05
2429,39,9.679356269274324e-05
2429,40,0.00010389790743063275
2429,41,0.00011151465989452477
2429,42,0.00011970814965702973
2429,43,0.0001285540307676387
2429,44,0.0001381412021839324
2429,45,0.00014857391964747982
2429,46,0.00015997405848565624
2429,47,0.00017248346804948626
2429,48,0.0001862663379538054
2429,49,0.00020151147049206133
2429,50,0.00021843431038869984
2429,51,0.0002372784872782167
2429,52,0.00025831637796412937
2429,53,0.0002818474868699421
2429,54,0.00030819116811818363
2429,55,0.0003376613355191074
2429,56,0.0003665470857878535
2429,57,0.0003885262664036524
2429,58,0.000412231293648718
2429,59,0.000437836854298989
2429,60,0.0004655370387595827
2429,61,0.0004955476908645324
2429,62,0.0005281090598769007
2429,63,0.0005634887939540641
2429,64,0.0006019853194470189
2429,65,0.0006439316561066271
2429,66,0.0006896997246305983
2429,67,0.0007397052100536581
2429,68,0.0007944130523030555
2429,69,0.0008543436438454658
2429,70,0.0009200798237569119
2429,71,0.0009922747677503123
2429,72,0.0010716608846612196
2429,73,0.001159059841545655
2429,74,0.001255393851754859
2429,75,0.001361698372919301
2429,76,0.0014791363744064915
2429,77,0.0016090143461060485
2429,78,0.0017528002317904509
2429,79,0.0019121434800719115
2429,80,0.002088897413184667
2429,81,0.002285144117270831
2429,82,0.002503222056046576
2429,83,0.0027457566008392826
2429,84,0.0029105852222774337
2429,85,0.0030433713902143036
2429,86,0.003187153405305035
2429,87,0.003342861439081588
2429,88,0.0035115085621685136
2429,89,0.0036941974763654716
2429,90,0.0038921275988386002
2429,91,0.004106602491290122
2429,92,0.004339037619753052
2429,93,0.0045909684227582225
2429,94,0.004864058655302439
2429,95,0.005160108961435948
2429,96,0.00548106560698696
2429,97,0.005829029272875844
2429,98,0.006206263764856967
2429,99,0.006615204432978491
2429,100,0.007058466008821672
2429,101,0.007538849455894364
2429,102,0.008059347283911127
2429,103,0.008623146596783603
2429,104,0.009233628921519745
2429,105,0.009894365589498867
2429,106,0.010609107080718851
2429,107,0.0113817641970695
2429,108,0.012216377877750243
2429,109,0.01311707169629652
2429,110,0.014087970974801592
2429,111,0.015100012831072268
2429,112,0.01587259820487845
2429,113,0.016687915644795676
2429,114,0.017546468734108176
2429,115,0.01844836252884174
2429,116,0.01939320959404846
2429,117,0.020380023019037928
2429,118,0.021407096386996286
2429,119,0.02247187133191249
2429,120,0.023570794187263308
2429,121,0.024699164325092067
2429,122,0.025850978100142284
2429,123,0.027018773837427783
2429,124,0.028193485002795983
2429,125,0.02936431052639982
2429,126,0.030518613140247813
2429,127,0.0316418584519181
2429,128,0.03271760918747367
2429,129,0.033727590440534645
2429,130,0.0346518426534289
2429,131,0.03546897915548473
2429,132,0.036156564036363435
2429,133,0.036691623496297635
2429,134,0.0370512990795021
2429,135,0.03721364383843967
2429,136,0.03715855206493698
2429,137,0.03686879958467503
2429,138,0.036331155033077225
2050,1,7.79210175269328e-09
2050,2,1.141890497992479e-08
2050,3,1.6604666700549456e-08
2050,4,2.3956662128053464e-08
2050,5,3.428957196051421e-08
2050,6,4.868387526209144e-08
2050,7,6.855593411308519e-08
2050,8,9.57404057112089e-08
2050,9,1.325850461336105e-07
2050,10,1.8205717445679335e-07
2050,11,2.478600516839839e-07
2050,12,3.3455621649906645e-07
2050,13,4.476934548575451e-07
2050,14,5.939276366818767e-07
2050,15,7.811352322332562e-07
2050,16,1.0185070487839347e-06
2050,17,1.316613746597203e-06
2050,18,1.6874331474788586e-06
2050,19,2.1443293736553427e-06
2050,20,2.7019745555376112e-06
2050,21,3.3762052845535594e-06
2050,22,4.183808161298181e-06
2050,23,5.142231627463693e-06
2050,24,6.269224623637541e-06
2050,25,7.582406262759931e-06
2050,26,9.098774370286054e-06
2050,27,1.0834164100528965e-05
2050,28,1.280267057465787e-05
2050,29,1.473055242903355e-05
2050,30,1.6818685760337202e-05
2050,31,1.9104841727560325e-05
2050,32,2.1597415323127676e-05
2050,33,2.430379029846355e-05
2050,34,2.7230281380182787e-05
2050,35,3.0382020597328078e-05
2050,36,3.3762805878951014e-05
2050,37,3.737492386401984e-05
2050,38,4.121895778838762e-05
2050,39,4.5293594846229316e-05
2050,40,4.9595454799874175e-05
2050,41,5.4118973401579866e-05
2050,42,5.885639215911749e-05
2050,43,6.379793340143374e-05
2050,44,6.893228208383006e-05
2050,45,7.424756272883655e-05
2050,46,7.973310713717225e-05
2050,47,8.538248269975472e-05
2050,48,9.119853764190649e-05
2050,49,9.720169579535518e-05
2050,50,0.00010344353071784315
2050,51,0.00011002897677644546
2050,52,0.00011715264333923444
2050,53,0.00012515730009079952
2050,54,0.0001346201665364115
2050,55,0.00014641105568836578
2050,56,0.00016065331818299313
2050,57,0.00017597825415174834
2050,58,0.0001925895771581032
2050,59,0.00021058531426302167
2050,60,0.00023007042656212115
2050,61,0.00025115720740635696
2050,62,0.0002739656795844137
2050,63,0.0002986239856885144
2050,64,0.0003252687648825166
2050,65,0.0003540455079496187
2050,66,0.0003851088809648374
2050,67,0.0004186230062295548
2050,68,0.0004547616872221221
2050,69,0.0004937085622622248
2050,70,0.0005356571693665315
2050,71,0.0005808109024064696
2050,72,0.0006293828361939898
2050,73,0.0006815953955576394
2050,74,0.0007376798408838411
2050,75,0.0007978755400571561
2050,76,0.0008624289943265031
2050,77,0.0009315925834589605
2050,78,0.0010056229937454488
2050,79,0.001084779291139236
2050,80,0.0011693206012021622
2050,81,0.0012595033577826099
2050,82,0.0013555780836389298
2050,83,0.0014577856687358508
2050,84,0.0015728460526162563
2050,85,0.0016992981541295656
2050,86,0.0018346636759959856
2050,87,0.001979138321487033
2050,88,0.0021331175217546095
2050,89,0.0022971445193730898
2050,90,0.0024718859516101098
2050,91,0.0026581213610362537
2050,92,0.002856739885962775
2050,93,0.0030687408049297643
2050,94,0.0032952361228671236
2050,95,0.003537454062317327
2050,96,0.0037967426087555083
2050,97,0.004074572339504949
2050,98,0.004372537716432469
2050,99,0.004692355868267742
2050,100,0.005035861625056269
2050,101,0.005404997168384575
2050,102,0.005801794074856532
2050,103,0.006228344670096112
2050,104,0.006686758337411091
2050,105,0.007179096528793433
2050,106,0.007707277445298843
2050,107,0.008272937691689686
2050,108,0.008877236026135516
2050,109,0.009520602240544386
2050,110,0.010202622942534623
2050,111,0.01093363185766538
2050,112,0.011803873484492803
2050,113,0.012745079333787964
2050,114,0.013761605552520352
2050,115,0.014857595404931007
2050,116,0.016036840783172742
2050,117,0.017302616890869656
2050,118,0.018657487987067685
2050,119,0.020103082646890175
2050,120,0.021639837817465268
2050,121,0.023266712070913846
2050,122,0.024980869929568286
2050,123,0.02677734101112186
2050,124,0.02864866006106322
2050,125,0.030584496752441345
2050,126,0.032571287480513626
2050,127,0.03459188529504954
2050,128,0.03662524861021749
2050,129,0.038646194387569055
2050,130,0.04062524700747199
2050,131,0.04252861981107466
2050,132,0.04431837189239402
2050,133,0.04595278743511229
2050,134,0.04738702759789266
2050,135,0.04857410401403446
2050,136,0.049466216147816856
2050,137,0.0500164791697221
2050,138,0.05018104125361048
2084,1,2.499128628558216e-09
2084,2,3.4370608712183573e-09
2084,3,4.711711384557299e-09
2084,4,6.437895450474612e-09
2084,5,8.767431344796047e-09
2084,6,1.1900376055746909e-08
2084,7,1.6099480933992405e-08
2084,8,2.1708745790271298e-08
2084,9,2.9177180602005663e-08
2084,10,3.908917335949821e-08
2084,11,5.220322455290846e-08
2084,12,6.950126032620217e-08
2084,13,9.22512978437554e-08
2084,14,1.2208693239902038e-07
2084,15,1.6110797533743848e-07
2084,16,2.1200762931361946e-07
2084,17,2.7823288298671937e-07
2084,18,3.6418638770889035e-07
2084,19,4.7547999787370184e-07
2084,20,6.192524757029424e-07
2084,21,8.045666496213863e-07
2084,22,1.0429046504605773e-06
2084,23,1.3487838174322597e-06
2084,24,1.7405205607348698e-06
2084,25,2.2411749937412437e-06
2084,26,2.8797156194748316e-06
2084,27,3.69245090099232e-06
2084,28,4.724783307912193e-06
2084,29,5.142265991676786e-06
2084,30,5.495186675663275e-06
2084,31,5.87056613675954e-06
2084,32,6.2707380424939994e-06
2084,33,6.698407278474994e-06
2084,34,7.156721764711012e-06
2084,35,7.649361232863106e-06
2084,36,8.180646781879056e-06
2084,37,8.755675932597683e-06
2084,38,9.380488835404255e-06
2084,39,1.0062272287085953e-05
2084,40,1.0809609255189968e-05
2084,41,1.1632782621643117e-05
2084,42,1.2544142723600986e-05
2084,43,1.3558548798211061e-05
2084,44,1.4693894332381451e-05
2084,45,1.597172512062108e-05
2084,46,1.7417955835397e-05
2084,47,1.9063685007175684e-05
2084,48,2.0946097723520047e-05
2084,49,2.3109427169936625e-05
2084,50,2.5605915376899503e-05
2084,51,2.8496661462776015e-05
2084,52,3.185215669673133e-05
2084,53,3.57521538648292e-05
2084,54,4.0284280579699485e-05
2084,55,4.554069242504228e-05
2084,56,5.070086075057838e-05
2084,57,5.427560970545226e-05
2084,58,5.825821985863812e-05
2084,59,6.270173430023683e-05
2084,60,6.766696788011174e-05
2084,61,7.322374062253487e-05
2084,62,7.945231674365048e-05
2084,63,8.64450845181674e-05
2084,64,9.430851825118171e-05
2084,65,0.00010316547059196183
2084,66,0.00011315785151211352
2084,67,0.0001244497596030741
2084,68,0.00013723114207539198
2084,69,0.00015172207211331258
2084,70,0.00016817774619391884
2084,71,0.00018689431974241283
2084,72,0.00020821571715044573
2084,73,0.00023254157176095304
2084,74,0.00026033647286017404
2084,75,0.0002921407198262506
2084,76,0.0003285828079935327
2084,77,0.00037039389588465563
2084,78,0.0004184245282899403
2084,79,0.00047366391285414073
2084,80,0.0005372620674271528
2084,81,0.0006105551688116389
2084,82,0.0006950944371987141
2084,83,0.0007926788799835196
2084,84,0.0008587731594489339
2084,85,0.0009118539880178698
2084,86,0.0009708279397605398
2084,87,0.0010363654238990919
2084,88,0.001109222291101792
2084,89,0.0011902509741475256
2084,90,0.0012804129025129982
2084,91,0.001380792482698678
2084,92,0.0014926128674680051
2084,93,0.0016172537377755192
2084,94,0.0017562713359684943
2084,95,0.0019114210061895814
2084,96,0.0020846825134172896
2084,97,0.002278288422888767
2084,98,0.0024947558227566753
2084,99,0.002736921659419234
2084,100,0.0030079819199004603
2084,101,0.0033115348295660037
2084,102,0.003651628124320266
2084,103,0.004032810289302274
2084,104,0.004460185413081101
2084,105,0.004939470966939843
2084,106,0.005477057360722944
2084,107,0.006080067525989196
2084,108,0.006756413999552626
2084,109,0.007514849903862538
2084,110,0.008365007968993983
2084,111,0.00929199021622485
2084,112,0.010081313044351729
2084,113,0.010952058685577555
2084,114,0.011912001391153672
2084,115,0.012969311258102238
2084,116,0.014132450228814507
2084,117,0.015410021719898663
2084,118,0.01681056404953841
2084,119,0.018342277415824566
2084,120,0.0200126743910726
2084,121,0.021828145018999937
2084,122,0.023793429953107025
2084,123,0.025910998996378182
2084,124,0.02818033822135156
2084,125,0.03059715682744249
2084,126,0.03315253515612077
2084,127,0.03583204774014476
2084,128,0.038614909498384586
2084,129,0.04147320837612
2084,130,0.044371302553027014
2084,131,0.04726547295161838
2084,132,0.05010392984317661
2084,133,0.05282727318335476
2084,134,0.05536949715068334
2084,135,0.057659607762579425
2084,136,0.05962388679990156
2084,137,0.06118878541517264
2084,138,0.06228436862897004
16,1,9.61417954272475e-11
16,2,1.4508707317542807e-10
16,3,2.169375555994882e-10
16,4,3.2136914698962933e-10
16,5,4.716480714530741e-10
16,6,6.8574702913817e-10
16,7,9.877237234116527e-10
16,8,1.4093937755279679e-09
16,9,1.9923242218653185e-09
16,10,2.790164372764662e-09
16,11,3.871317563336775e-09
16,12,5.321940341036751e-09
16,13,7.249235420241176e-09
16,14,9.784982250760569e-09
16,15,1.3089225691093877e-08
16,16,1.7354020793036014e-08
16,17,2.280711202457406e-08
16,18,2.9715410276199263e-08
16,19,3.8388122294635856e-08
16,20,4.9179385758957926e-08
16,21,6.249026921053078e-08
16,22,7.8770008620123e-08
16,23,9.851636962721421e-08
16,24,1.2227504358699322e-07
16,25,1.5063800301566803e-07
16,26,1.8424075409610496e-07
16,27,2.2375842713702208e-07
16,28,2.699006376673768e-07
16,29,3.2200141760380056e-07
16,30,3.8209443102495124e-07
16,31,4.513928795588238e-07
16,32,5.310856918026394e-07
16,33,6.225120992753432e-07
16,34,7.271838429100905e-07
16,35,8.468098056139207e-07
16,36,9.833232667986077e-07
16,37,1.1389117429830805e-06
16,38,1.3160492874877433e-06
16,39,1.5175310341849988e-06
16,40,1.7465096739896284e-06
16,41,2.0065334495411578e-06
16,42,2.3015851480796648e-06
16,43,2.636121472223214e-06
16,44,3.0151120832746856e-06
16,45,3.4440775545225163e-06
16,46,3.929125457892749e-06
16,47,4.47698385346341e-06
16,48,5.09503157668159e-06
16,49,5.7913249434440565e-06
16,50,6.574620843331576e-06
16,51,7.454396702970873e-06
16,52,8.440868549329743e-06
16,53,9.545009588558516e-06
16,54,1.077857404019295e-05
16,55,1.2154137843651811e-05
16,56,1.368472884089166e-05
16,57,1.5387578877021517e-05
16,58,1.7283674263214527e-05
16,59,1.939375030952679e-05
16,60,2.1740732468429722e-05
16,61,2.4349963659855875e-05
16,62,2.7249452752139283e-05
16,63,3.0470145498703893e-05
16,64,3.4046219157028516e-05
16,65,3.801540189747054e-05
16,66,4.241931793474862e-05
16,67,4.7303859072670176e-05
16,68,5.27195830300261e-05
16,69,5.8722138498001294e-05
16,70,6.537271635113582e-05
16,71,7.27385257776542e-05
16,72,8.089329329257833e-05
16,73,8.991778162917729e-05
16,74,9.990032435107355e-05
16,75,0.00011093737066849041
16,76,0.00012313403335767212
16,77,0.00013660463085316593
16,78,0.00015147321249087535
16,79,0.00016787405351052572
16,80,0.00018595210376838296
16,81,0.00020586337115904857
16,82,0.00022777521750002534
16,83,0.00025186654110300355
16,84,0.00028026896001840334
16,85,0.00031272160511365825
16,86,0.0003488181987224617
16,87,0.00038893210754806587
16,88,0.0004334812507382905
16,89,0.0004829330990810293
16,90,0.0005378112483930467
16,91,0.0005987031435185379
16,92,0.0006662689775851554
16,93,0.0007412518418390305
16,94,0.0008244892133571507
16,95,0.0009169258714387463
16,96,0.0010196283321322831
16,97,0.0011338008841309424
16,98,0.0012608032971205124
16,99,0.0014021702539255222
16,100,0.0015596325282465047
16,101,0.0017351398876054656
16,102,0.001930885642862873
16,103,0.0021493326871221082
16,104,0.002393240762841995
16,105,0.0026656945601322497
16,106,0.0029701320733382525
16,107,0.003310372416277567
16,108,0.0036906420040579402
16,109,0.004115597633972746
16,110,0.004590344565039633
16,111,0.005125482127992386
16,112,0.005775764840962449
16,113,0.006511831141611886
16,114,0.007344805113694306
16,115,0.00828703303812849
16,116,0.009352140968158795
16,117,0.010555068377267683
16,118,0.011912066867435692
16,119,0.0134406499502058
16,120,0.015159476435741847
16,121,0.017088146018571
16,122,0.019246881342879135
16,123,0.02165606639033176
16,124,0.024335606849449912
16,125,0.027304074812400242
16,126,0.030577598610426526
16,127,0.034168460113625225
16,128,0.038083368076806026
16,129,0.04232138925116493
16,130,0.04687154154739923
16,131,0.05171008831728883
16,132,0.0567976224891942
16,133,0.06207609576432483
16,134,0.06746603150616477
16,135,0.07286425728946798
16,136,0.07814259625856496
16,137,0.08314805035326016
16,138,0.08770506800416578
2433,1,4.879709765730732e-10
2433,2,7.098128906622586e-10
2433,3,1.0255302833536145e-09
2433,4,1.4716160779608429e-09
2433,5,2.0973915499621383e-09
2433,6,2.9690026138645297e-09
2433,7,4.174488329007519e-09
2433,8,5.830159827187746e-09
2433,9,8.088569100147942e-09
2433,10,1.1148393387935976e-08
2433,11,1.526661256742769e-08
2433,12,2.0773414192755893e-08
2433,13,2.809032383343173e-08
2433,14,3.7752127098635984e-08
2433,15,5.04332240328148e-08
2433,16,6.697913594545303e-08
2433,17,8.844396835480844e-08
2433,18,1.1613472027186852e-07
2433,19,1.5166341765915728e-07
2433,20,1.9700813509041325e-07
2433,21,2.545840513510995e-07
2433,22,3.2732575849155e-07
2433,23,4.1878210621555327e-07
2433,24,5.332249117559748e-07
2433,25,6.757728988323022e-07
2433,26,8.525322509991564e-07
2433,27,1.0707551842212182e-06
2433,28,1.339017980410807e-06
2433,29,1.532558349201472e-06
2433,30,1.7316012459557793e-06
2433,31,1.949999101663033e-06
2433,32,2.1890223355622964e-06
2433,33,2.4500250340647267e-06
2433,34,2.7344713589753715e-06
2433,35,3.043972268494734e-06
2433,36,3.38033578886563e-06
2433,37,3.7456349498835437e-06
2433,38,4.142298483459776e-06
2433,39,4.57323043645166e-06
2433,40,5.04196585149842e-06
2433,41,5.552870404793507e-06
2433,42,6.111391989371319e-06
2433,43,6.724371118240655e-06
2433,44,7.400413841470211e-06
2433,45,8.150324449936125e-06
2433,46,8.987584079161395e-06
2433,47,9.928843732304494e-06
2433,48,1.0994374679043283e-05
2433,49,1.2208385129598327e-05
2433,50,1.3599071804125779e-05
2433,51,1.519823747052909e-05
2433,52,1.7040295407266865e-05
2433,53,1.9160563534658207e-05
2433,54,2.159310272889027e-05
2433,55,2.4369527614345988e-05
2433,56,2.7262101571187476e-05
2433,57,2.9846475126734267e-05
2433,58,3.270187566692196e-05
2433,59,3.586076195429341e-05
2433,60,3.9359875173770206e-05
2433,61,4.324084048280173e-05
2433,62,4.755085736537045e-05
2433,63,5.2343492364510745e-05
2433,64,5.767958982149706e-05
2433,65,6.362831862258031e-05
2433,66,7.026837568195496e-05
2433,67,7.768937001504806e-05
2433,68,8.599341482633768e-05
2433,69,9.529695910113383e-05
2433,70,0.00010573289480351794
2433,71,0.00011745298099558374
2433,72,0.00013063063205678393
2433,73,0.00014546412374145284
2433,74,0.0001621802781019344
2433,75,0.00018103869634199677
2433,76,0.00020233661744264837
2433,77,0.00022641448987579082
2433,78,0.0002536623537948029
2433,79,0.00028452714159963254
2433,80,0.00031952101545881914
2433,81,0.0003592308708517084
2433,82,0.00040432914493506925
2433,83,0.0004555860768082836
2433,84,0.0004991325838844245
2433,85,0.0005408777028556873
2433,86,0.0005870523052774882
2433,87,0.0006381846203417832
2433,88,0.0006948688526189348
2433,89,0.0007577735798576325
2433,90,0.0008276511166431156
2433,91,0.0009053480144321308
2433,92,0.0009918168576254108
2433,93,0.0010881295301663214
2433,94,0.0011954921523444834
2433,95,0.0013152619211841859
2433,96,0.0014489661313686355
2433,97,0.001598323709659931
2433,98,0.0017652696672792174
2433,99,0.001951982964521667
2433,100,0.0021609183913347783
2433,101,0.002394843194485408
2433,102,0.0026568793172592896
2433,103,0.0029505522405338987
2433,104,0.0032798474844051226
2433,105,0.003649275776212801
2433,106,0.004063947590974725
2433,107,0.004529657004476814
2433,108,0.005052973132399154
2433,109,0.005641333838016736
2433,110,0.006303127967606507
2433,111,0.007036660781561076
2433,112,0.007752279885572583
2433,113,0.008549615307897059
2433,114,0.009438061161220859
2433,115,0.010427902234521584
2433,116,0.01153032042363373
2433,117,0.012757371055860105
2433,118,0.014121918156982353
2433,119,0.015637515359848215
2433,120,0.017318216615627775
2433,121,0.01917829828585553
2433,122,0.02123187180759464
2433,123,0.023492364308311704
2433,124,0.025971843841257097
2433,125,0.02868016705477426
2433,126,0.03162393105270821
2433,127,0.034805219098805025
2433,128,0.03822014294553904
2433,129,0.041857204188892334
2433,130,0.045695524159596775
2433,131,0.04970302681799846
2433,132,0.05383470116812195
2433,133,0.058031116419030616
2433,134,0.06221740985654657
2433,135,0.06630300691222973
2433,136,0.07018235540066475
2433,137,0.07373694953841878
2433,138,0.07683887187223648
