team_id,rank,probability
103,1,3.2580477426062954e-05
103,2,0.0002946676571815925
103,3,0.0007852077811101907
103,4,0.0014058641045497564
103,5,0.0020997364787452557
103,6,0.0028334373954397264
103,7,0.0035852495461303965
103,8,0.004339732568404532
103,9,0.005085183352751342
103,10,0.005812372545536984
103,11,0.006513877410607197
103,12,0.007183702119767958
103,13,0.00781703824833111
103,14,0.008410093295118114
103,15,0.008959951996410628
103,16,0.009464454055223745
103,17,0.009922081789682518
103,18,0.010331856183085268
103,19,0.010693242156482333
103,20,0.011006064698440517
103,21,0.011270437393967492
103,22,0.011486704405268106
103,23,0.011655396201947141
103,24,0.01177719865964386
103,25,0.011852934392996872
103,26,0.011883554738063627
103,27,0.011870140356966047
103,28,0.011929093276378451
103,29,0.012228261108126045
103,30,0.01250604782029192
103,31,0.012762330493858042
103,32,0.012997014453188087
103,33,0.013210034163672188
103,34,0.013401355436964642
103,35,0.013570978310848077
103,36,0.01371894002745088
103,37,0.013845317665930765
103,38,0.013950230109983414
103,39,0.014033839109900444
103,40,0.014096349334616306
103,41,0.014138007408784648
103,42,0.014159099957772632
103,43,0.014159950831381045
103,44,0.014140917632748974
103,45,0.014102387779257564
103,46,0.014044774300996984
103,47,0.013968511574318542
103,48,0.013874051207193325
103,49,0.01376185821692008
103,50,0.013632407647330824
103,51,0.01348618168770132
103,52,0.013323667307741427
103,53,0.013145354349315198
103,54,0.012951734007676298
103,55,0.012759709931644282
103,56,0.012700771631087297
103,57,0.01262734147784176
103,58,0.012539738522462774
103,59,0.012438281068870847
103,60,0.012323287008619193
103,61,0.012195074600189787
103,62,0.012053963670768948
103,63,0.011900277173463389
103,64,0.011734343092113296
103,65,0.011556496604103872
103,66,0.011367082503284456
103,67,0.011166457789548149
103,68,0.01095499439756208
103,69,0.010733082004672698
103,70,0.010501130849754934
103,71,0.010259574531754585
103,72,0.010008872692067277
103,73,0.009749513545228
103,74,0.009482016187574611
103,75,0.009206932608521009
103,76,0.008924849361712634
103,77,0.008636388806558608
103,78,0.008342209878372251
103,79,0.008043008321208672
103,80,0.007739516316020116
103,81,0.0074325014740280245
103,82,0.0071227651303676235
103,83,0.006978349190884916
103,84,0.006843787452491583
103,85,0.006700509539978673
103,86,0.006548932505816831
103,87,0.0063894947221806095
103,88,0.0062226572965740365
103,89,0.0060489052479545235
103,90,0.00586874846132781
103,91,0.005682722373203382
103,92,0.005491388311132345
103,93,0.005295333392752359
103,94,0.005095169906819191
103,95,0.00489153408191509
103,96,0.004685084194746944
103,97,0.004476497974586888
103,98,0.004266469308529838
103,99,0.004055704282079861
103,100,0.0038449166158464033
103,101,0.003634822609412041
103,102,0.003426135707707238
103,103,0.0032195608485454017
103,104,0.0030157887339327966
103,105,0.002815490190081519
103,106,0.0026193107507709746
103,107,0.0024278655925908314
103,108,0.002241734910904987
103,109,0.0020614598046709894
103,110,0.001909488276644414
103,111,0.0017700188111655936
103,112,0.0016334866259311088
103,113,0.0015003747412208638
103,114,0.0013711422422234961
103,115,0.0012462228188572756
103,116,0.0011260232740072874
103,117,0.0010109218656317814
103,118,0.000901266352143832
103,119,0.0007973716444781793
103,120,0.0006995170057527305
103,121,0.0006079428025239863
103,122,0.0005228468860331159
103,123,0.0004443807518392261
103,124,0.00037264571913871256
103,125,0.00030768943906193204
103,126,0.00024950310832778114
103,127,0.0001980198156243443
103,128,0.0001531144798146925
103,129,0.00011460585381497252
103,130,8.226107030926743e-05
103,131,5.5803184551277195e-05
103,132,3.492202892305035e-05
103,133,1.928796131766457e-05
103,134,8.5643202689058e-06
103,135,2.393168620260002e-06
103,136,1.7533530846740594e-07
113,1,2.765505571620932e-15
113,2,9.989516734198944e-14
113,3,6.777980570647558e-13
113,4,2.4328213420349346e-12
113,5,6.364732045181848e-12
113,6,1.3841139955975283e-11
113,7,2.669964221652747e-11
113,8,4.738082315397283e-11
113,9,7.909570214394614e-11
113,10,1.2603393710426642e-10
113,11,1.9362121715861152e-10
113,12,2.888365372789085e-10
113,13,4.206030072859229e-10
113,14,6.002671407990582e-10
113,15,8.42186874799231e-10
113,16,1.164450877918459e-09
113,17,1.5897579821929406e-09
113,18,2.146490700706144e-09
113,19,2.8700235826485825e-09
113,20,3.804318354764755e-09
113,21,5.003863409989369e-09
113,22,6.5360287608194825e-09
113,23,8.483925723107513e-09
113,24,1.0949867273563507e-08
113,25,1.4059556839728457e-08
113,26,1.7967132678547483e-08
113,27,2.2861249549741468e-08
113,28,2.821861441047368e-08
113,29,3.265114099238897e-08
113,30,3.768574711459093e-08
113,31,4.340206323207327e-08
113,32,4.989119409512578e-08
113,33,5.725748200187893e-08
113,34,6.562054195278777e-08
113,35,7.511760692709438e-08
113,36,8.590620283483392e-08
113,37,9.816724272793778e-08
113,38,1.1210858156747787e-07
113,39,1.2796911297241173e-07
113,40,1.4602349153663165e-07
113,41,1.66587591861184e-07
113,42,1.9002482675855412e-07
113,43,2.167534546907424e-07
113,44,2.4725509829332096e-07
113,45,2.8208460634793813e-07
113,46,3.2188161043273996e-07
113,47,3.673839640215271e-07
113,48,4.1944351521032346e-07
113,49,4.790445648057338e-07
113,50,5.473255248277138e-07
113,51,6.256043045474965e-07
113,52,7.154081125516824e-07
113,53,8.18508308745401e-07
113,54,9.369610450509683e-07
113,55,1.0700410597267182e-06
113,56,1.19135757100043e-06
113,57,1.3276203725817047e-06
113,58,1.4808666971613366e-06
113,59,1.653434988646348e-06
113,60,1.8480123869569765e-06
113,61,2.0676900685438363e-06
113,62,2.316027732739888e-06
113,63,2.597129029570727e-06
113,64,2.915729593960768e-06
113,65,3.2773000679450506e-06
113,66,3.688166610746578e-06
113,67,4.155652100418765e-06
113,68,4.688241573095399e-06
113,69,5.295776273612716e-06
113,70,5.98968133660279e-06
113,71,6.78323322976694e-06
113,72,7.691873875746628e-06
113,73,8.73358009371875e-06
113,74,9.929297972464945e-06
113,75,1.1303454295902471e-05
113,76,1.2884558528886675e-05
113,77,1.4705912016764697e-05
113,78,1.680644370574899e-05
113,79,1.9231695411859576e-05
113,80,2.2034983635928252e-05
113,81,2.5278769958303564e-05
113,82,2.9036278250286952e-05
113,83,3.2327177770152335e-05
113,84,3.592690220026427e-05
113,85,4.000188509728722e-05
113,86,4.4622712222949434e-05
113,87,4.987161646938008e-05
113,88,5.584450272003964e-05
113,89,6.265337520530029e-05
113,90,7.042924127613056e-05
113,91,7.932558453730864e-05
113,92,8.952252372892873e-05
113,93,0.00010123180095020454
113,94,0.00011470277556153376
113,95,0.00013022964108205307
113,96,0.00014816013320114862
113,97,0.00016890606074839468
113,98,0.00019295607085324063
113,99,0.00022089116126042797
113,100,0.000253403578224963
113,101,0.0002913199023427784
113,102,0.0003356293284293823
113,103,0.00038751841102492536
113,104,0.00044841388679187175
113,105,0.00052003561914591
113,106,0.0006044622835239153
113,107,0.000704213148321041
113,108,0.0008223502772247826
113,109,0.0009626067576205973
113,110,0.0011193576419948775
113,111,0.0013003422610459055
113,112,0.0015152071090915892
113,113,0.0017711626659058254
113,114,0.002077155422392807
113,115,0.002444340174412309
113,116,0.002886697273330811
113,117,0.0034218449165454943
113,118,0.004072115993870131
113,119,0.004865996940971142
113,120,0.0058400666027734706
113,121,0.007041632764588714
113,122,0.008532352788367852
113,123,0.010393258803959988
113,124,0.012731812728710157
113,125,0.01569193344947605
113,126,0.019468434025873362
113,127,0.024328083535821513
113,128,0.030640710697739406
113,129,0.038925529489737674
113,130,0.049919982962948826
113,131,0.06467866001745565
113,132,0.0846958369965958
113,133,0.11194993659847399
113,134,0.1481803856431296
113,135,0.18825705971458595
113,136,0.14604516924386715
12,1,7.322182769883064e-05
12,2,0.0006067841777405262
12,3,0.001528281507798713
12,4,0.0026120252933060275
12,5,0.003741252342598729
12,6,0.0048574438703125325
12,7,0.005930661816023222
12,8,0.006945679820068984
12,9,0.00789517287542788
12,10,0.008776179665313532
12,11,0.009588178421767663
12,12,0.010332003188516563
12,13,0.011009218248357157
12,14,0.011621751751416304
12,15,0.012171680428611343
12,16,0.012661104608929618
12,17,0.013092078185615435
12,18,0.013466572662915786
12,19,0.013786462471006943
12,20,0.014053523769907521
12,21,0.01426944173007553
12,22,0.01443582318141492
12,23,0.014554212543600474
12,24,0.014626109603629912
12,25,0.014652988214971617
12,26,0.014636315177419146
12,27,0.014577568724255753
12,28,0.014531524765550929
12,29,0.014582239499386234
12,30,0.014613307046003
12,31,0.014626343443446394
12,32,0.014622798076229118
12,33,0.014603956643716672
12,34,0.014570948869775419
12,35,0.014524758252442468
12,36,0.014466233298716267
12,37,0.014396099902975402
12,38,0.014314974474559913
12,39,0.014223377399804976
12,40,0.01412174642154261
12,41,0.014010449533978894
12,42,0.013889797118879605
12,43,0.013760053042277143
12,44,0.013621444557555394
12,45,0.013474170969059833
12,46,0.013318411015771702
12,47,0.013154329061848408
12,48,0.012982080202071701
12,49,0.012801814420232203
12,50,0.012613679978094277
12,51,0.012417826190671529
12,52,0.012214405759698684
12,53,0.012003576808914214
12,54,0.011785504748968638
12,55,0.01156768738288877
12,56,0.011409297125378116
12,57,0.011245023145738203
12,58,0.011075152461470766
12,59,0.01089994874244702
12,60,0.010719653543424563
12,61,0.010534487890342475
12,62,0.01034465417946154
12,63,0.010150338391522152
12,64,0.009951712543870124
12,65,0.009748937369152316
12,66,0.009542165155850114
12,67,0.009331542733689102
12,68,0.00911721452130192
12,69,0.008899325633676127
12,70,0.008678024966594497
12,71,0.008453468247328276
12,72,0.00822582098138517
12,73,0.00799526127356228
12,74,0.007761982468673889
12,75,0.007526195575439514
12,76,0.007288131437297667
12,77,0.007048042607582089
12,78,0.006806204893092598
12,79,0.006562918531527811
12,80,0.006318508975783593
12,81,0.006073327247007783
12,82,0.005827749838786417
12,83,0.005669974201526361
12,84,0.005519110445697634
12,85,0.005365922290394463
12,86,0.0052110987946278305
12,87,0.005055253618717373
12,88,0.00489890745806557
12,89,0.0047424811211357045
12,90,0.0045862942733830864
12,91,0.0044305690980267765
12,92,0.00427543855334423
12,93,0.004120958658374377
12,94,0.003967123970715078
12,95,0.0038138852376783353
12,96,0.0036611681078184844
12,97,0.0035088918217646994
12,98,0.003356986892445983
12,99,0.0032054109518025666
12,100,0.003054162114198739
12,101,0.0029032894317105097
12,102,0.0027529001847671894
12,103,0.0026031639487244236
12,104,0.002454313504695843
12,105,0.002306642802821043
12,106,0.0021605022560020563
12,107,0.002016291724489183
12,108,0.0018744515787812957
12,109,0.0017354522614406816
12,110,0.001613003643955629
12,111,0.0014980620993109307
12,112,0.0013851038215292764
12,113,0.001274622754263089
12,114,0.0011671054308123334
12,115,0.0010630209795377688
12,116,0.0009628114451334241
12,117,0.0008668827157707733
12,118,0.0007755963248539031
12,119,0.0006892623668844868
12,120,0.0006081337298154113
12,121,0.0005324018050209999
12,122,0.00046219378929188436
12,123,0.0003975716425686073
12,124,0.00033853271482429806
12,125,0.0002850120095807847
12,126,0.00023688600987920263
12,127,0.00019397797296875113
12,128,0.00015606461008982317
12,129,0.00012288414417447165
12,130,9.414595943924938e-05
12,131,6.954261100132548e-05
12,132,4.8766409003489104e-05
12,133,3.153690044386401e-05
12,134,1.765902125591563e-05
12,135,7.185614782332658e-06
12,136,1.0226955113236471e-06
120,1,1.434944798430515e-05
120,2,0.00012499831470672558
120,3,0.0003309881105387035
120,4,0.0005943760560667404
120,5,0.0008934654038404765
120,6,0.0012157848392033632
120,7,0.0015535569698150147
120,8,0.0019015515199586506
120,9,0.00225601787470458
120,10,0.002614120284168157
120,11,0.002973622214963054
120,12,0.0033327015420460326
120,13,0.003689837904510817
120,14,0.004043741510852077
120,15,0.004393306596797405
120,16,0.004737579936197828
120,17,0.005075738788832363
120,18,0.005407074845675216
120,19,0.00573098205961865
120,20,0.006046947000327394
120,21,0.006354540873519015
120,22,0.0066534126230371375
120,23,0.006943282739678027
120,24,0.00722393755486874
120,25,0.007495223829985299
120,26,0.00775704357498087
120,27,0.008009349034809897
120,28,0.00825213777033543
120,29,0.008485614529440978
120,30,0.00871033484610931
120,31,0.008926825577550996
120,32,0.009135476942016805
120,33,0.009336573700444042
120,34,0.009530325059897458
120,35,0.009716884131054183
120,36,0.009896360953705425
120,37,0.010068831843873992
120,38,0.010234346520692019
120,39,0.010392933873164284
120,40,0.010544606775589152
120,41,0.010689366228086616
120,42,0.010827204936296886
120,43,0.010958110424732418
120,44,0.011082067700895629
120,45,0.011199061524324093
120,46,0.011309078268294378
120,47,0.01141210742250174
120,48,0.011508142729231317
120,49,0.011597183002939155
120,50,0.011679232625615467
120,51,0.011754301776492766
120,52,0.011822406412177041
120,53,0.011883568022697978
120,54,0.011937813215289295
120,55,0.011985173143915867
120,56,0.01202568050135126
120,57,0.01205936612454923
120,58,0.012086263782499437
120,59,0.012106410714940922
120,60,0.01211984658441106
120,61,0.012126612384215078
120,62,0.01212674932621145
120,63,0.012120297759068817
120,64,0.012107296126037004
120,65,0.01208777998805926
120,66,0.012061781141540315
120,67,0.012029326842847684
120,68,0.011990439139503156
120,69,0.011945134346315797
120,70,0.011893422649009113
120,71,0.011835307859528198
120,72,0.011770787309255234
120,73,0.011699851902312597
120,74,0.011622486320627535
120,75,0.01153866937865456
120,76,0.011448374531531373
120,77,0.011351570536036566
120,78,0.011248222267049215
120,79,0.011138291672538964
120,80,0.011021738889193042
120,81,0.010898523484834409
120,82,0.010768605863232418
120,83,0.010632209434469301
120,84,0.010490103704548082
120,85,0.010343110671064198
120,86,0.010191745518967907
120,87,0.01003646357187524
120,88,0.00987767047841335
120,89,0.009715693405692312
120,90,0.009550757677084428
120,91,0.009382974838725185
120,92,0.009212340557015985
120,93,0.009038739699925278
120,94,0.008861956307878971
120,95,0.008681686753548662
120,96,0.00849755492970992
120,97,0.008309128720031792
120,98,0.008115937339797652
120,99,0.007917489316057255
120,100,0.007713291026595825
120,101,0.007502865752114488
120,102,0.007285773171370988
120,103,0.007061629216562965
120,104,0.006830126080091711
120,105,0.006591052082703195
120,106,0.006344311024096677
120,107,0.006089940490338335
120,108,0.005828128551333305
120,109,0.005559228170167611
120,110,0.005283768610676582
120,111,0.005002462922614366
120,112,0.004716211571584022
120,113,0.004426101567496978
120,114,0.004133399772175147
120,115,0.0038395398096707444
120,116,0.003546102388805712
120,117,0.0032547891131487236
120,118,0.0029673901399536063
120,119,0.002685746366385971
120,120,0.0024117071609019713
120,121,0.00214708496687219
120,122,0.001893608388964396
120,123,0.001652875622384888
120,124,0.0014263102368515957
120,125,0.0012151214192168123
120,126,0.0010202707630793241
120,127,0.0008424476277293198
120,128,0.0006820549905629618
120,129,0.000539207754821565
120,130,0.0004137459454978352
120,131,0.00030526695752315853
120,132,0.00021318624527625672
120,133,0.00013685167073407533
120,134,7.578965487189032e-05
120,135,3.0373947527643185e-05
120,136,4.237060086735213e-06
127,1,2.186393400322767e-06
127,2,2.739593208117272e-05
127,3,9.134188648606753e-05
127,4,0.00019333805629290934
127,5,0.00033058093771896576
127,6,0.0005003134593233828
127,7,0.0006998609658160315
127,8,0.0009265250494588371
127,9,0.0011775294149216652
127,10,0.0014500187956172361
127,11,0.001741092003320549
127,12,0.002047852918444543
127,13,0.0023674677889992768
127,14,0.0026972208786386247
127,15,0.0030345632404533223
127,16,0.0033771514534453265
127,17,0.003722874734032599
127,18,0.004069870077912622
127,19,0.004416526010971784
127,20,0.004761476218027027
127,21,0.005103584767331119
127,22,0.005441924913695111
127,23,0.005775753526315708
127,24,0.006104483136363436
127,25,0.006427653406561773
127,26,0.006744903576933029
127,27,0.007055947109149187
127,28,0.007360549476652764
127,29,0.007658539459720487
127,30,0.007949864416878057
127,31,0.00823451404725839
127,32,0.008512462122234563
127,33,0.008783647258415283
127,34,0.009047966006617864
127,35,0.00930527062645603
127,36,0.009555370267559196
127,37,0.009798035066246196
127,38,0.010033002755063672
127,39,0.010259987317188038
127,40,0.01047868917111252
127,41,0.010688806377263596
127,42,0.0108900463127933
127,43,0.011082137334000115
127,44,0.011264839957907226
127,45,0.011437957152840465
127,46,0.01160134339682233
127,47,0.011754912173486277
127,48,0.011898641638942845
127,49,0.012032578107316429
127,50,0.01215683687121779
127,51,0.012271599476274214
127,52,0.01237710566548784
127,53,0.012473636160415223
127,54,0.012561477645375142
127,55,0.012640853492127704
127,56,0.012711865924877644
127,57,0.012774549864151255
127,58,0.012828932640104767
127,59,0.012875042556483737
127,60,0.012912908659153169
127,61,0.012942560386597688
127,62,0.012964027123067483
127,63,0.012977337687870166
127,64,0.01298251975320474
127,65,0.01297959923938315
127,66,0.01296859970305543
127,67,0.012949541734630572
127,68,0.012922442406318091
127,69,0.012887314773792319
127,70,0.012844167466823887
127,71,0.01279300438381056
127,72,0.012733824511263507
127,73,0.012666621875609354
127,74,0.012591385653388298
127,75,0.012508100437914189
127,76,0.012416746679210009
127,77,0.012317301309092678
127,78,0.012209738539062895
127,79,0.012094030855676842
127,80,0.011970150189381981
127,81,0.011838069287618602
127,82,0.011697763254744111
127,83,0.011549130469726948
127,84,0.011391780391859369
127,85,0.011225170884293431
127,86,0.011049048159260997
127,87,0.010863465936195497
127,88,0.010668707117270719
127,89,0.010465210785338866
127,90,0.010253512532926189
127,91,0.010034196636871138
127,92,0.009807858217564809
127,93,0.009575074079004996
127,94,0.00933638131585336
127,95,0.009092262984707205
127,96,0.008843140182664532
127,97,0.008589369852946288
127,98,0.008331247590241245
127,99,0.00806901466385602
127,100,0.007802868454410945
127,101,0.007532975472837129
127,102,0.007259486166751332
127,103,0.006982550743627186
127,104,0.006702335306447898
127,105,0.006419037685233426
127,106,0.006132902410510815
127,107,0.005844234405871786
127,108,0.005553411066454776
127,109,0.005260892548422637
127,110,0.004967229791702255
127,111,0.004673070445652583
127,112,0.004379157443479823
127,113,0.004086327379146671
127,114,0.003795507181475567
127,115,0.003507708118882325
127,116,0.0032240170376837828
127,117,0.0029455847924211467
127,118,0.0026736118792401935
127,119,0.00240933129855085
127,120,0.0021539887546250234
127,121,0.001908820371438237
127,122,0.001675028254473175
127,123,0.0014537544013607526
127,124,0.0012460536985796074
127,125,0.00105286703003748
127,126,0.0008749958498572649
127,127,0.0007130799497826146
127,128,0.0005675806093525314
127,129,0.000438771905392572
127,130,0.000326743888073937
127,131,0.00023142301407756759
127,132,0.00015261861042349377
127,133,9.01111344200468e-05
127,134,4.381071243316242e-05
127,135,1.4012612067663399e-05
127,136,1.274472547797555e-06
130,1,0.0003379534576490753
130,2,0.0013262504979296322
130,3,0.0022362363373936095
130,4,0.0030415607154967946
130,5,0.0037777838258430396
130,6,0.0044664230365353995
130,7,0.005118953396686592
130,8,0.005741054824128898
130,9,0.006335109173193423
130,10,0.006901640768525888
130,11,0.007440177783030507
130,12,0.00794978729368826
130,13,0.008429416415281521
130,14,0.008878111214146028
130,15,0.009295154178912747
130,16,0.009680144785277442
130,17,0.010033038919667643
130,18,0.01035415799022772
130,19,0.010644175664396124
130,20,0.010904088375872052
130,21,0.011135174545035613
130,22,0.011338946562935465
130,23,0.011517098925214186
130,24,0.011671455261326132
130,25,0.011803916532093998
130,26,0.0119164121454812
130,27,0.012010855343409498
130,28,0.012089103799114964
130,29,0.012156360846937376
130,30,0.01221770759961284
130,31,0.012274916363989925
130,32,0.012328391959378045
130,33,0.012378226694293833
130,34,0.012424401584251208
130,35,0.012466823712228143
130,36,0.012505327316303896
130,37,0.012539669064774788
130,38,0.012569525798051739
130,39,0.012594496864741078
130,40,0.012614111266746428
130,41,0.01262783922959237
130,42,0.01263510762360408
130,43,0.012635318682854009
130,44,0.012627871467516434
130,45,0.012612185712140237
130,46,0.012587727839036998
130,47,0.012554039176586993
130,48,0.012510766799857949
130,49,0.01245769786259158
130,50,0.012394798927127007
130,51,0.012322262436787797
130,52,0.012240562549771402
130,53,0.012150518753362104
130,54,0.01205334021921941
130,55,0.011950454412116285
130,56,0.01184278488993917
130,57,0.011730707194612998
130,58,0.011614466496082906
130,59,0.011494295484249226
130,60,0.011370413739915212
130,61,0.01124302732427508
130,62,0.011112328521413207
130,63,0.01097849575069491
130,64,0.010841693624538353
130,65,0.010702073122014748
130,66,0.010559771879727904
130,67,0.010414914584446546
130,68,0.010267613433980999
130,69,0.01011796868374005
130,70,0.009966069246578063
130,71,0.00981199334217476
130,72,0.009655809200948096
130,73,0.009497575788588853
130,74,0.009337343576505645
130,75,0.009175155335800262
130,76,0.009011046956379044
130,77,0.008845048290552047
130,78,0.00867718402697311
130,79,0.00850747458748482
130,80,0.008335937050964332
130,81,0.0081625861072386
130,82,0.007987435051883103
130,83,0.007808158075753651
130,84,0.007620466549082428
130,85,0.0074240783528355244
130,86,0.007221663967856022
130,87,0.0070157430139362095
130,88,0.006808292656220212
130,89,0.006600774276514495
130,90,0.006394224879482339
130,91,0.006189346217482826
130,92,0.005986579557334749
130,93,0.0057861661987220325
130,94,0.005588196117174213
130,95,0.005392647233584375
130,96,0.005199417272697224
130,97,0.0050083498292740935
130,98,0.0048192557784497835
130,99,0.004631930961684266
130,100,0.00444617086812749
130,101,0.004261782828729485
130,102,0.0040785961757445754
130,103,0.0038964706998255005
130,104,0.003715303659900917
130,105,0.0035350355492118437
130,106,0.0033556547610052237
130,107,0.0031772013023120263
130,108,0.0029997698315672896
130,109,0.0028235132687034633
130,110,0.0026486500673143765
130,111,0.002475470271175743
130,112,0.002304323371283423
130,113,0.0021356120423387864
130,114,0.0019697881936695514
130,115,0.0018073477151342608
130,116,0.001648823868256164
130,117,0.0014947792986029183
130,118,0.0013457966816383911
130,119,0.0012024680581047631
130,120,0.0010653829880075984
130,121,0.000935115682730975
130,122,0.0008122113856092797
130,123,0.0006971723166601133
130,124,0.0005904436065020203
130,125,0.000492399721227126
130,126,0.0004033319710769832
130,127,0.0003234378110130307
130,128,0.00025281270468827886
130,129,0.0001914454616204972
130,130,0.0001392180586867237
130,131,9.5911148534602e-05
130,132,6.121669531939825e-05
130,133,3.4759333951555994e-05
130,134,1.6126496282132737e-05
130,135,4.890998176838087e-06
130,136,4.283455128174e-07
135,1,0.0006332329743193726
135,2,0.003706709504409816
135,3,0.007497306640754209
135,4,0.011034099481728616
135,5,0.014107957577088555
135,6,0.016692794465912684
135,7,0.018813578884523556
135,8,0.020509679710547714
135,9,0.021823302748733855
135,10,0.022795608343159787
135,11,0.023465395449880213
135,12,0.02386868705803896
135,13,0.024038644231895643
135,14,0.02400560835923127
135,15,0.02379720187817446
135,16,0.023438462684402417
135,17,0.022952001527803717
135,18,0.02235817513563922
135,19,0.02167526817136781
135,20,0.02091967717529277
135,21,0.02010609014385569
135,22,0.019247656383273068
135,23,0.0183561426675023
135,24,0.017442073158030192
135,25,0.016514851989901914
135,26,0.015582868640443082
135,27,0.014653587141807062
135,28,0.014043175739182193
135,29,0.01413668377793754
135,30,0.014195477144165787
135,31,0.014220228299008694
135,32,0.0142117495748418
135,33,0.014170986298436274
135,34,0.014099009122717358
135,35,0.013997004860214246
135,36,0.01386626585251122
135,37,0.013708178158979657
135,38,0.013524208897383098
135,39,0.013315893131074685
135,40,0.013084820648691946
135,41,0.012832622945151377
135,42,0.01256096069762126
135,43,0.012271511929425586
135,44,0.01196596103528198
135,45,0.011645988759914848
135,46,0.011313263183875787
135,47,0.01096943171174528
135,48,0.01061611403608833
135,49,0.010254896000843084
135,50,0.009887324272943511
135,51,0.009514901697912777
135,52,0.009139083228765598
135,53,0.008761272249506943
135,54,0.008382817136637298
135,55,0.00802690792022473
135,56,0.007862503883985923
135,57,0.007687327191953583
135,58,0.007502214239191972
135,59,0.0073080198520825475
135,60,0.007105613610016148
135,61,0.006895876182717237
135,62,0.006679695650472813
135,63,0.0064579638058704664
135,64,0.006231572414773091
135,65,0.006001409445308202
135,66,0.005768355269779652
135,67,0.005533278840813751
135,68,0.005297033868749294
135,69,0.005060455018773137
135,70,0.004824354158364039
135,71,0.0045895166778327215
135,72,0.004356697924903798
135,73,0.00412661978531002
135,74,0.003899967443264251
135,75,0.00367738635989836
135,76,0.0034594794992356187
135,77,0.0032468048412398714
135,78,0.003039873202100555
135,79,0.002839146397151264
135,80,0.0026450357657303754
135,81,0.0024579010754089818
135,82,0.002278049825667903
135,83,0.002194401893706686
135,84,0.002118425453218306
135,85,0.0020401095250327035
135,86,0.0019598285763493995
135,87,0.0018779648169668856
135,88,0.00179490635293539
135,89,0.0017110440086972475
135,90,0.0016267676040031668
135,91,0.001542462008998964
135,92,0.0014585031487202116
135,93,0.0013752541045959272
135,94,0.0012930614267509832
135,95,0.0012122517653528591
135,96,0.001133128916823477
135,97,0.0010559713551993035
135,98,0.000981030304101777
135,99,0.0009085283760758899
135,100,0.0008386587858006674
135,101,0.0007715851130425851
135,102,0.0007074415761129196
135,103,0.0006463337543638097
135,104,0.0005883396878079655
135,105,0.0005335112738151938
135,106,0.00048187587803232864
135,107,0.00043343808209757046
135,108,0.0003881814959465301
135,109,0.00034607057627780464
135,110,0.0003122013848762681
135,111,0.0002822751676523673
135,112,0.00025390412068013163
135,113,0.0002271361275689497
135,114,0.00020200670664523442
135,115,0.0001785391487669043
135,116,0.00015674463440116366
135,117,0.0001366223463827774
135,118,0.00011815960783364562
135,119,0.00010133207772200898
135,120,8.610404111762326e-05
135,121,7.242883049448646e-05
135,122,6.024940902708214e-05
135,123,4.949913962636293e-05
135,124,4.010275330826852e-05
135,125,3.197751817752448e-05
135,126,2.5034597221627032e-05
135,127,1.9180572033376206e-05
135,128,1.4319098883272626e-05
135,129,1.0352657468389258e-05
135,130,7.184351005232459e-06
135,131,4.719719485387658e-06
135,132,2.868535146485829e-06
135,133,1.5465400486497348e-06
135,134,6.769530804715268e-07
135,135,1.9059886396190735e-07
135,136,1.4832259546711586e-08
142,1,0.00098824820607882
142,2,0.005378347120908451
142,3,0.010368423120646574
142,4,0.01476302873875796
142,5,0.018408011419866994
142,6,0.02134274450053274
142,7,0.023643618942052434
142,8,0.02538893441383756
142,9,0.026650959768869956
142,10,0.027494773376269755
142,11,0.027978711464849204
142,12,0.028155049402781407
142,13,0.028070589072341057
142,14,0.027767119140392423
142,15,0.027281786031059064
142,16,0.02664741848173905
142,17,0.025892836612536562
142,18,0.02504316275978455
142,19,0.024120140442733088
142,20,0.02314246042207056
142,21,0.022126088459391346
142,22,0.021084587542555818
142,23,0.020029427020741102
142,24,0.01897027202899551
142,25,0.017915247996378426
142,26,0.016871176798345974
142,27,0.015843782790431336
142,28,0.015088565627157829
142,29,0.014911053824414404
142,30,0.014710900147752387
142,31,0.014489787692081467
142,32,0.01424927941822153
142,33,0.013990846774342215
142,34,0.013715894395357477
142,35,0.013425780447467556
142,36,0.013121832514435921
142,37,0.012805359139852576
142,38,0.012477657322142132
142,39,0.01214001642988116
142,40,0.011793719039707412
142,41,0.011440039300438652
142,42,0.011080239399773862
142,43,0.010715564693003402
142,44,0.010347238003996515
142,45,0.009976453557847027
142,46,0.009604370893451192
142,47,0.009232109053826648
142,48,0.008860741252801117
142,49,0.008491290130304252
142,50,0.008124723616089175
142,51,0.007761951327545482
142,52,0.007403821233958505
142,53,0.007051116005262029
142,54,0.0067045475581262596
142,55,0.0063783409478773544
142,56,0.006176243973069215
142,57,0.005971932800288341
142,58,0.005765997211781531
142,59,0.005559004755957224
142,60,0.005351500897466067
142,61,0.00514400921824288
142,62,0.0049370316502303025
142,63,0.0047310487039360265
142,64,0.004526519688776579
142,65,0.004323882891614752
142,66,0.004123555707003488
142,67,0.0039259347087533675
142,68,0.003731395650679769
142,69,0.0035402933938671072
142,70,0.003352961761467101
142,71,0.0031697133214271356
142,72,0.0029908391027741385
142,73,0.002816608256841614
142,74,0.002647267674239573
142,75,0.0024830415682159327
142,76,0.0023241310496674105
142,77,0.0021707137018724836
142,78,0.0020229431829904988
142,79,0.0018809488702677874
142,80,0.0017448355728343046
142,81,0.0016146833265827498
142,82,0.001490547295088311
142,83,0.0014204625492907346
142,84,0.0013558616634121786
142,85,0.0012913234100765721
142,86,0.001227071515684232
142,87,0.0011633213556929863
142,88,0.0011002790825644848
142,89,0.0010381407887165297
142,90,0.000977091720229058
142,91,0.0009173055395725304
142,92,0.00085894364617559
142,93,0.0008021545579267202
142,94,0.0007470733603536762
142,95,0.0006938212280585279
142,96,0.0006425050273629279
142,97,0.0005932170092436776
142,98,0.0005460345973953647
142,99,0.0005010202855559422
142,100,0.0004582216473998501
142,101,0.00041767147062878306
142,102,0.00037938801584796544
142,103,0.0003433754070717541
142,104,0.00030962415065784036
142,105,0.000278111779681324
142,106,0.00024880361588213134
142,107,0.00022165363924986343
142,108,0.00019660545114930523
142,109,0.00017359331632885058
142,110,0.00015477154919530246
142,111,0.00013818564273526072
142,112,0.00012275970074594636
142,113,0.00010847924577204137
142,114,9.532275781470684e-05
142,115,8.326231611047717e-05
142,116,7.226426235498277e-05
142,117,6.228987305317979e-05
142,118,5.3296031732615226e-05
142,119,4.523589379597503e-05
142,120,3.8059538917310506e-05
142,121,3.1714608304956206e-05
142,122,2.6146925407979044e-05
142,123,2.1301100758743734e-05
142,124,1.7121120896022317e-05
142,125,1.3550922371735867e-05
142,126,1.0534950351050774e-05
142,127,8.01870067142886e-06
142,128,5.949243103462781e-06
142,129,4.275722798522537e-06
142,130,2.949836526155692e-06
142,131,1.926280909633431e-06
142,132,1.1631682456343396e-06
142,133,6.223931187495392e-07
142,134,2.698575703655556e-07
142,135,7.501932537067372e-08
142,136,5.748204014967474e-09
145,1,0.001954087952671492
145,2,0.008962111838122653
145,3,0.015559473805882336
145,4,0.020595200435440168
145,5,0.024268487156602812
145,6,0.026867111965712783
145,7,0.028631039173172484
145,8,0.02974675304235287
145,9,0.03035834608877172
145,10,0.030578083328054242
145,11,0.030494309088283673
145,12,0.030177105055052226
145,13,0.029682355078835976
145,14,0.029054727019195932
145,15,0.028329918514280645
145,16,0.02753639285468328
145,17,0.026696751231192056
145,18,0.025828836629011247
145,19,0.024946632624724303
145,20,0.024061000484193563
145,21,0.023180285465353136
145,22,0.02231081546114857
145,23,0.021457310002707914
145,24,0.020623214305752525
145,25,0.019810970558780488
145,26,0.0190222368817334
145,27,0.018258062843012172
145,28,0.017519029192097857
145,29,0.016803777558946537
145,30,0.01610846589754241
145,31,0.015430695287771523
145,32,0.014769831527265437
145,33,0.01412617223306283
145,34,0.013500404683743914
145,35,0.012893311382084816
145,36,0.012305614778220125
145,37,0.011737900047857453
145,38,0.011190582357415978
145,39,0.010663899641840417
145,40,0.010157919760905751
145,41,0.009672555387350078
145,42,0.009207582582766086
145,43,0.008762660611144895
145,44,0.008337351517271963
145,45,0.00793113862770958
145,46,0.007543443511629091
145,47,0.007173641194579063
145,48,0.006821073582070445
145,49,0.006485061121016032
145,50,0.0061649128018995865
145,51,0.005859934621917695
145,52,0.005569436645484989
145,53,0.005292738780462323
145,54,0.005029175395511816
145,55,0.004778098918737689
145,56,0.00453888320697543
145,57,0.0043109269879994215
145,58,0.0040936558804629515
145,59,0.0038865230799524936
145,60,0.003689009525889512
145,61,0.0035006237394536338
145,62,0.003320901380992726
145,63,0.0031494046021399175
145,64,0.002985721221028201
145,65,0.0028294637752094075
145,66,0.002680268476817509
145,67,0.002537794104961049
145,68,0.0024017208515119946
145,69,0.0022717491482409013
145,70,0.0021475984870295574
145,71,0.002029006245938896
145,72,0.0019157265339434216
145,73,0.0018075290647327573
145,74,0.001704198061008987
145,75,0.0016055312006034595
145,76,0.0015113386036267398
145,77,0.0014214418665905273
145,78,0.0013356731430648602
145,79,0.0012538742738814263
145,80,0.0011758959635163333
145,81,0.001101597007834407
145,82,0.0010308435671559997
145,83,0.0009637714613925882
145,84,0.0009011037442787157
145,85,0.0008434507309940973
145,86,0.0007906305416273196
145,87,0.0007420927499319792
145,88,0.0006971920638558257
145,89,0.0006553142604770041
145,90,0.0006159276657920616
145,91,0.0005785983617366602
145,92,0.0005429880924592101
145,93,0.0005088444260778894
145,94,0.00047598804034365696
145,95,0.0004442995875229178
145,96,0.0004137073330189866
145,97,0.0003841760956289526
145,98,0.0003556976653895766
145,99,0.0003282826942695473
145,100,0.0003019539676180986
145,101,0.0002767409247680757
145,102,0.00025267528540030436
145,103,0.00022978763653124935
145,104,0.00020810484653688828
145,105,0.0001876481780588446
145,106,0.00016843198734594193
145,107,0.00015046290661033452
145,108,0.0001337394209664438
145,109,0.00011825176122940325
145,110,0.0001039820463916621
145,111,9.090462158538135e-05
145,112,7.898654888046924e-05
145,113,6.818821478146376e-05
145,114,5.846402146433211e-05
145,115,4.9763139599480865e-05
145,116,4.203030581122127e-05
145,117,3.5206650483507026e-05
145,118,2.923054453380083e-05
145,119,2.4038454652854237e-05
145,120,1.956579626894848e-05
145,121,1.574777263449635e-05
145,122,1.2520187472063081e-05
145,123,9.820217069223997e-06
145,124,7.5871269155701735e-06
145,125,5.76291798455326e-06
145,126,4.292888494720784e-06
145,127,3.1260989005304487e-06
145,128,2.2157309504617092e-06
145,129,1.519335450406774e-06
145,130,9.989680071980075e-07
145,131,6.212167549524906e-07
145,132,3.57130460379183e-07
145,133,1.8205706126130427e-07
145,134,7.539166360788963e-08
145,135,2.0147029231557468e-08
145,136,1.505242079705729e-09
150,1,2.2872296276619786e-06
150,2,1.8544803370061587e-05
150,3,4.897243675822324e-05
150,4,9.076834510870309e-05
150,5,0.0001432023113773609
150,6,0.00020634975721025707
150,7,0.0002805932073690603
150,8,0.00036641396969698515
150,9,0.00046428744364973123
150,10,0.0005746208047377517
150,11,0.000697710615348372
150,12,0.0008337114435131359
150,13,0.0009826118140266768
150,14,0.0011442160143581013
150,15,0.001318131217457258
150,16,0.0015037597815490608
150,17,0.001700296715573486
150,18,0.0019067322915705684
150,19,0.002121859721630584
150,20,0.002344287702708035
150,21,0.0025724575267810496
150,22,0.002804664321828955
150,23,0.0030390818946646023
150,24,0.0032737905329124867
150,25,0.0035068070578795963
150,26,0.0037361163534516645
150,27,0.0039597035627641445
150,28,0.004173370786861757
150,29,0.004375911487482154
150,30,0.0045736711082473855
150,31,0.004766290315843468
150,32,0.004953543216346383
150,33,0.005135339121286972
150,34,0.005311722384801165
150,35,0.005482870261118006
150,36,0.0056490887037252135
150,37,0.005810805960283258
150,38,0.00596856378357609
150,39,0.006123006010594804
150,40,0.0062748642201697746
150,41,0.0064249401349096855
150,42,0.0065740843896428
150,43,0.006723171269328833
150,44,0.006873068972116755
150,45,0.0070246049542048725
150,46,0.007178525863870938
150,47,0.0073354515495469815
150,48,0.007495822541720911
150,49,0.007659840307320922
150,50,0.007827399409275059
150,51,0.007998010669917321
150,52,0.008170715166028244
150,53,0.008343993854236086
150,54,0.008515706778658469
150,55,0.008685423003786935
150,56,0.008870381598720535
150,57,0.009052847195667497
150,58,0.009232613172863195
150,59,0.009409451750654423
150,60,0.009583112349368051
150,61,0.009753320070780846
150,62,0.009919774320561512
150,63,0.010082147597895035
150,64,0.010240084455890213
150,65,0.01039320067763434
150,66,0.010541082679874574
150,67,0.010683287167717272
150,68,0.010819341094383626
150,69,0.010948741928574817
150,70,0.011070958284571799
150,71,0.011185430952135651
150,72,0.011291574347307157
150,73,0.011388778438467055
150,74,0.011476411190790854
150,75,0.011553821539685243
150,76,0.011620342962672524
150,77,0.01167529765717537
150,78,0.011718001356098495
150,79,0.01174776881418121
150,80,0.011763919943798957
150,81,0.011765786634574048
150,82,0.011752720211830077
150,83,0.011859140877536397
150,84,0.011972852755389205
150,85,0.012078855130794137
150,86,0.01217668473090296
150,87,0.012265849923259908
150,88,0.012345831802994619
150,89,0.01241608562027985
150,90,0.012476042594831049
150,91,0.012525112100455964
150,92,0.012562684228668497
150,93,0.01258813272289146
150,94,0.012600818304494636
150,95,0.01260009235834641
150,96,0.012585301007981234
150,97,0.012555789543480422
150,98,0.012510907233513767
150,99,0.012450012487428923
150,100,0.01237247837689192
150,101,0.01227769852409312
150,102,0.012165093293993184
150,103,0.012034116314934213
150,104,0.011884261241739831
150,105,0.011715068689990227
150,106,0.011526133197680331
150,107,0.011317110047913323
150,108,0.011087721922548891
150,109,0.010837767468547147
150,110,0.01064204052505527
150,111,0.010457262180914912
150,112,0.010250741367282306
150,113,0.01002197913178939
150,114,0.009770562237847183
150,115,0.00949617673714393
150,116,0.00919862154137524
150,117,0.008877821709959845
150,118,0.008533841215408613
150,119,0.00816689491583082
150,120,0.0077773596017590005
150,121,0.007365784022320365
150,122,0.006932898125342647
150,123,0.006479622060865432
150,124,0.006007076194216445
150,125,0.0055165944928529395
150,126,0.005009745521771576
150,127,0.004488368781026524
150,128,0.003954640398035173
150,129,0.003411194575016156
150,130,0.0028613524505401713
150,131,0.0023095650875405373
150,132,0.0017623064085896516
150,133,0.001229982756474159
150,134,0.0007313728010943232
150,135,0.00030517916991684745
150,136,4.138999274977896e-05
151,1,4.980025589636736e-06
151,2,5.777401072151559e-05
151,3,0.00018357409257256456
151,4,0.00037474230397140394
151,5,0.0006215314160803732
151,6,0.0009154952113777167
151,7,0.0012491487983778457
151,8,0.001615550018871114
151,9,0.0020080629207824157
151,10,0.0024202610543459587
151,11,0.002845916403947158
151,12,0.003279035481992416
151,13,0.0037139172315874707
151,14,0.004145216223034519
151,15,0.004568000536792159
151,16,0.004977797899853878
151,17,0.005370626635991791
151,18,0.005743010318405811
151,19,0.00609197665541254
151,20,0.006415042433054851
151,21,0.006710187089490144
151,22,0.006975818001564203
151,23,0.007210730667213458
151,24,0.007414066876802233
151,25,0.007585273608243211
151,26,0.007724064946581856
151,27,0.007830388699830833
151,28,0.007994488292558923
151,29,0.008352449127913013
151,30,0.008702084572665003
151,31,0.009042758927297513
151,32,0.009373824773997327
151,33,0.009694609965901456
151,34,0.010004409158098998
151,35,0.01030247991997978
151,36,0.010588043288411553
151,37,0.010860288432056069
151,38,0.011118380991884506
151,39,0.011361474493953472
151,40,0.011588724179956062
151,41,0.011799302490587372
151,42,0.011992415417162231
151,43,0.012167318916858455
151,44,0.012323334611656843
151,45,0.012459864067419807
151,46,0.0125764009983207
151,47,0.012672540934074529
151,48,0.012747987966596593
151,49,0.012802558414471685
151,50,0.012836181315653523
151,51,0.012848895737696962
151,52,0.012840844660875726
151,53,0.012812264110856633
151,54,0.012763462118134493
151,55,0.012713732691391937
151,56,0.012816831451946465
151,57,0.01290338738596804
151,58,0.012973205913694113
151,59,0.013026116124694245
151,60,0.013061971142801967
151,61,0.013080648835391869
151,62,0.013082052841001566
151,63,0.013066113927994406
151,64,0.013032791642869563
151,65,0.012982076233471416
151,66,0.012913990809908616
151,67,0.012828593729851305
151,68,0.012725981137927722
151,69,0.012606289660760337
151,70,0.012469699163044126
151,71,0.012316435562150141
151,72,0.012146773620887999
151,73,0.011961039659094942
151,74,0.011759614151196722
151,75,0.01154293411623281
151,76,0.01131149525759416
151,77,0.011065853774341
151,78,0.010806627785258725
151,79,0.010534498289844143
151,80,0.010250209607704577
151,81,0.009954569216621554
151,82,0.009648446947414947
151,83,0.009582038794586564
151,84,0.009528699804230862
151,85,0.00946048908150349
151,86,0.009377490992426345
151,87,0.009279834902381883
151,88,0.009167697277239293
151,89,0.009041303827873978
151,90,0.00890093166052236
151,91,0.00874691135753026
151,92,0.008579628934943778
151,93,0.0083995275864807
151,94,0.008207109141301986
151,95,0.008002935134433321
151,96,0.007787627400486568
151,97,0.007561868093653441
151,98,0.0073263990400788195
151,99,0.007082020332862104
151,100,0.006829588100509558
151,101,0.006570011379805196
151,102,0.006304248057002788
151,103,0.006033299856278029
151,104,0.005758206398019368
151,105,0.00548003835207321
151,106,0.005199889781402372
151,107,0.0049188697790569485
151,108,0.004638093584628025
151,109,0.004358673484034468
151,110,0.004130786497301052
151,111,0.003921577346092238
151,112,0.0037099008327387255
151,113,0.00349667503983657
151,114,0.0032828193057536166
151,115,0.003069247860690009
151,116,0.0028568637647137865
151,117,0.0026465532333099944
151,118,0.0024391804045146683
151,119,0.002235582558314395
151,120,0.0020365657625374916
151,121,0.001842900885340991
151,122,0.001655319902291297
151,123,0.0014745124400896983
151,124,0.001301122552348053
151,125,0.0011357458547967686
151,126,0.0009789273653653294
151,127,0.0008311607957285686
151,128,0.0006928907292379057
151,129,0.0005645204078154959
151,130,0.0004464303697223325
151,131,0.00033901854547220913
151,132,0.00024278482254406052
151,133,0.0001585145763431772
151,134,8.770444254085182e-05
151,135,3.3648075796908626e-05
151,136,4.055364830465288e-06
152,1,7.475090222716433e-05
152,2,0.0004947385987888164
152,3,0.001122501486706045
152,4,0.0018432140227176842
152,5,0.002616627116118343
152,6,0.0034215593603273853
152,7,0.004242839829793043
152,8,0.00506774839909096
152,9,0.005885055859967519
152,10,0.0066848678489115285
152,11,0.007458700883295717
152,12,0.008199584102592392
152,13,0.008902110329684297
152,14,0.009562413839721593
152,15,0.010178076883588245
152,16,0.010747978620055752
152,17,0.011272104741771491
152,18,0.011751336623855206
152,19,0.012187236996734773
152,20,0.012581845891808559
152,21,0.012937496938168475
152,22,0.013256660376298005
152,23,0.013541815872545784
152,24,0.013795355528498917
152,25,0.014019515483024594
152,26,0.014216333082631821
152,27,0.014387625846850775
152,28,0.014534988141427767
152,29,0.014659801193007803
152,30,0.014763249474306378
152,31,0.014846337138149335
152,32,0.014909913186265056
152,33,0.014954700369839464
152,34,0.014981325697691887
152,35,0.014990350691135045
152,36,0.014982299891114737
152,37,0.014957686444744338
152,38,0.014917033949251618
152,39,0.014860893975148967
152,40,0.014789858994986362
152,41,0.014704570672848178
152,42,0.014605723683846782
152,43,0.014494065387451176
152,44,0.014370391816544186
152,45,0.0142355405385522
152,46,0.014090380947161498
152,47,0.013935802591357885
152,48,0.01377270202707925
152,49,0.013601968647574176
152,50,0.013424469759370226
152,51,0.013241034972846719
152,52,0.013052439707349178
152,53,0.012859387310070535
152,54,0.01266248931349449
152,55,0.012462247102280756
152,56,0.012259062298256953
152,57,0.012053279473383768
152,58,0.011845209920401105
152,59,0.011635135505740194
152,60,0.01142331068127832
152,61,0.011209964522670639
152,62,0.01099530278215654
152,63,0.010779509961425342
152,64,0.010562751364419412
152,65,0.010345175131196703
152,66,0.010126914249985903
152,67,0.009908088504501594
152,68,0.009688806374394156
152,69,0.009469166861949435
152,70,0.009249261233854432
152,71,0.009029174682925046
152,72,0.008808987889114162
152,73,0.008588778482989815
152,74,0.008368622411866233
152,75,0.008148595198210866
152,76,0.007928773106897736
152,77,0.007709234207343978
152,78,0.007490059343902786
152,79,0.007271333020032333
152,80,0.007053144195247716
152,81,0.0068355869967869345
152,82,0.006618761349678257
152,83,0.006402773169641431
152,84,0.006187731883666134
152,85,0.005973747107201735
152,86,0.0057609323452801325
152,87,0.005549409102564802
152,88,0.005339309057635581
152,89,0.0051307753067389526
152,90,0.0049239630626205745
152,91,0.004719039936101332
152,92,0.004516185843561406
152,93,0.004315592518197849
152,94,0.004117462652135409
152,95,0.0039220086341168175
152,96,0.003729450919939722
152,97,0.0035400160391360807
152,98,0.003353934295266113
152,99,0.0031714372160496977
152,100,0.0029927548329123283
152,101,0.002818112887429273
152,102,0.002647730069225702
152,103,0.0024818153943469046
152,104,0.0023205658314347133
152,105,0.002164164280926613
152,106,0.0020127779805090744
152,107,0.0018665574024307398
152,108,0.0017256356714373995
152,109,0.0015901284911645564
152,110,0.0014601344802759966
152,111,0.0013357362159523844
152,112,0.0012170004395104816
152,113,0.0011039790849619526
152,114,0.0009967107544877972
152,115,0.000895222237402467
152,116,0.00079952985553284
152,117,0.0007096404442229518
152,118,0.0006255517830557024
152,119,0.0005472523247987099
152,120,0.0004747201259970296
152,121,0.00040792094237128527
152,122,0.0003468055427611929
152,123,0.00029130638099789563
152,124,0.000241333859498942
152,125,0.00019677250433194625
152,126,0.00015747743719703145
152,127,0.0001232715748709953
152,128,9.394400039888365e-05
152,129,6.924992360970446e-05
152,130,4.8912589449446754e-05
152,131,3.262739008301522e-05
152,132,2.0068246098874117e-05
152,133,1.0895829601630839e-05
152,134,4.765302473013739e-06
152,135,1.3214637612477488e-06
152,136,9.849334423182787e-08
153,1,9.816440827447653e-08
153,2,1.1341654634498165e-06
153,3,3.748261335294198e-06
153,4,8.133516978699518e-06
153,5,1.4502804131481496e-05
153,6,2.311850515488556e-05
153,7,3.427974060554802e-05
153,8,4.8309993332068016e-05
153,9,6.554642064131086e-05
153,10,8.632999553447569e-05
153,11,0.00011099595952764143
153,12,0.000139864423065223
153,13,0.00017323116449792278
153,14,0.00021135879994899887
153,15,0.0002544685585121621
153,16,0.0003027329187189919
153,17,0.0003562693582198297
153,18,0.00041513544252587317
153,19,0.0004793254388596035
153,20,0.0005487685912218761
153,21,0.0006233291382962697
153,22,0.0007028080943436292
153,23,0.0007869467628482559
153,24,0.0008754318942936282
153,25,0.0009679023598550967
153,26,0.001063957168834685
153,27,0.0011631646342350707
153,28,0.0012650724665389595
153,29,0.0013693745897541592
153,30,0.0014759152908484063
153,31,0.0015844362860563703
153,32,0.001694594234526146
153,33,0.001806025220284867
153,34,0.0019183806244613515
153,35,0.002031351618522164
153,36,0.002144688985586118
153,37,0.0022582204855250776
153,38,0.002371866446973136
153,39,0.0024856536578934385
153,40,0.002599727319035108
153,41,0.0027143606167248867
153,42,0.0028299612775244056
153,43,0.0029470742458941783
153,44,0.0030663793298769944
153,45,0.0031886822921890962
153,46,0.0033148973228584607
153,47,0.003446018114989995
153,48,0.0035830737538616675
153,49,0.00372706420460612
153,50,0.003878868248296308
153,51,0.00403911429468393
153,52,0.004208002719366889
153,53,0.004385073705468869
153,54,0.004568964954948876
153,55,0.004757572169312472
153,56,0.0049495433266825845
153,57,0.005144583374409763
153,58,0.005342661966678616
153,59,0.005543753622977484
153,60,0.005747837234458885
153,61,0.005954895478347644
153,62,0.0061649141302111896
153,63,0.006377881290109678
153,64,0.00659378649973449
153,65,0.006812619769884124
153,66,0.007034370496017179
153,67,0.007259026276117181
153,68,0.0074865716111445066
153,69,0.007716986492752489
153,70,0.007950244871693275
153,71,0.008186312999950674
153,72,0.008425147644018098
153,73,0.008666694160210667
153,74,0.008910884441807754
153,75,0.00915763471154375
153,76,0.009406843180674673
153,77,0.00965838756232334
153,78,0.009912122445354108
153,79,0.010167876523661728
153,80,0.010425449709552531
153,81,0.010684610111058169
153,82,0.01094509091460001
153,83,0.011206071172456778
153,84,0.011466279265868802
153,85,0.011725742810045013
153,86,0.011985774761489121
153,87,0.012247790056152967
153,88,0.01251294250972807
153,89,0.012782028088366463
153,90,0.013055474814038848
153,91,0.013333361734748191
153,92,0.013615446049132724
153,93,0.013901190286334516
153,94,0.01418978637080219
153,95,0.014480175491964502
153,96,0.01477106367826967
153,97,0.015060933409127246
153,98,0.015348051833697814
153,99,0.015630476288841576
153,100,0.01590605784122492
153,101,0.016172443626239107
153,102,0.016427078712993457
153,103,0.016667208267485502
153,104,0.01688988070273149
153,105,0.017091952462551532
153,106,0.01727009489990367
153,107,0.017420803285757885
153,108,0.01754040639608102
153,109,0.01762506792286908
153,110,0.01767075958269657
153,111,0.01767325264809896
153,112,0.01762825536533614
153,113,0.017531506181916064
153,114,0.01737885055862855
153,115,0.017166328818490843
153,116,0.016890274295477042
153,117,0.016547420445069967
153,118,0.01613501491377781
153,119,0.015650937842873556
153,120,0.01509382102224601
153,121,0.014463163931642087
153,122,0.013759442331602423
153,123,0.012984205147791389
153,124,0.012140156017651395
153,125,0.011231217616394064
153,126,0.010262580322108809
153,127,0.009240743254575794
153,128,0.008173567924536034
153,129,0.007070388224374597
153,130,0.005942268734202748
153,131,0.004802609071837137
153,132,0.0036685446819817113
153,133,0.0025642607323308458
153,134,0.0015293191110393141
153,135,0.0006418948900882171
153,136,8.75959963565792e-05
154,1,7.79679615013561e-08
154,2,1.0014006034058118e-06
154,3,3.3995230426496414e-06
154,4,7.287448097468652e-06
154,5,1.2600685292334708e-05
154,6,1.9300826737407532e-05
154,7,2.7382300801892587e-05
154,8,3.6866680193027597e-05
154,9,4.779669010598446e-05
154,10,6.023153810998383e-05
154,11,7.424343458330394e-05
154,12,8.991495050364735e-05
154,13,0.00010733691349486623
154,14,0.00012660662202818645
154,15,0.00014782622145571
154,16,0.00017110113107271375
154,17,0.00019653844088247084
154,18,0.00022424521863296664
154,19,0.00025432668180197456
154,20,0.0002868842032229646
154,21,0.0003220131263221908
154,22,0.0003598003757819364
154,23,0.0004003218590351325
154,24,0.00044363966261587283
154,25,0.0004897990558869968
154,26,0.0005388253265199372
154,27,0.00059072048361987
154,28,0.0006405482362259189
154,29,0.0006813979873882829
154,30,0.0007245348642890503
154,31,0.000770003611380996
154,32,0.0008178260514778978
154,33,0.0008680501314458565
154,34,0.0009207440260550786
154,35,0.0009759910442922413
154,36,0.0010338863561691
154,37,0.0010945348722909648
154,38,0.0011580497972829495
154,39,0.0012245515695549706
154,40,0.0012941670163865446
154,41,0.001367028621254583
154,42,0.0014432738320234251
154,43,0.0015230443662733364
154,44,0.0016064854788454504
154,45,0.0016937451644713543
154,46,0.0017849732742952135
154,47,0.0018803205264725739
154,48,0.001979937394981537
154,49,0.002083972860640777
154,50,0.002192573006350711
154,51,0.002305879449066742
154,52,0.0024240275906758017
154,53,0.00254714467764386
154,54,0.0026753476603905498
154,55,0.002806943530605215
154,56,0.002927281883209999
154,57,0.0030524229613469508
154,58,0.0031825931057139563
154,59,0.0033180235151754763
154,60,0.0034589493588973886
154,61,0.0036056087334508965
154,62,0.0037582414525786593
154,63,0.003917087649331704
154,64,0.004082386164385636
154,65,0.004254372708406241
154,66,0.004433277769763798
154,67,0.004619324249324185
154,68,0.004812724800846421
154,69,0.005013678857356082
154,70,0.005222369318914885
154,71,0.005438958888218887
154,72,0.005663586038550608
154,73,0.005896360595595631
154,74,0.006137358933535664
154,75,0.006386618768937365
154,76,0.006644133566597536
154,77,0.006909846552325725
154,78,0.007183644365721131
154,79,0.007465350355564984
154,80,0.00775471757638333
154,81,0.008051421513262831
154,82,0.008355052607972195
154,83,0.008648791623494969
154,84,0.00892139040208602
154,85,0.009176151884467782
154,86,0.00941975289054792
154,87,0.00965722333157766
154,88,0.009892383664690745
154,89,0.010128246464648716
154,90,0.010367270659678962
154,91,0.010611520284367279
154,92,0.010862765282459304
154,93,0.011122546198222125
154,94,0.011392215299597002
154,95,0.011672961538420469
154,96,0.011965823786382588
154,97,0.012271695094206664
154,98,0.012591319662400373
154,99,0.012925283546143114
154,100,0.013273999703198
154,101,0.01363768771384555
154,102,0.014016348288414712
154,103,0.014409732589751659
154,104,0.014817306276319789
154,105,0.015238208185447747
154,106,0.01567120355030913
154,107,0.01611463168000664
154,108,0.016566348161147205
154,109,0.017023661728399652
154,110,0.01752989641329144
154,111,0.0180639116992652
154,112,0.01860353149681618
154,113,0.0191440941586841
154,114,0.019679920068824023
154,115,0.020204178608589824
154,116,0.020708746968245057
154,117,0.02118406266901034
154,118,0.02161897237102446
154,119,0.022000580312215405
154,120,0.022314100641520895
154,121,0.022542718717223804
154,122,0.022667467347379365
154,123,0.02266712478646384
154,124,0.02251814229778102
154,125,0.022194610696099914
154,126,0.021668278766211146
154,127,0.020908645206173387
154,128,0.019883167836117734
154,129,0.01855769003712782
154,130,0.016897328270590387
154,131,0.01486844467976239
154,132,0.012443388806757157
154,133,0.009612910214200273
154,134,0.006422197956574733
154,135,0.003091882775757834
154,136,0.0005030726500548611
158,1,0.0003999119977100896
158,2,0.0028129114011004193
158,3,0.006246134105764953
158,4,0.009692215350756117
158,5,0.012824456072843665
158,6,0.015548366694677903
158,7,0.017852945505334582
158,8,0.019759271457682238
158,9,0.021300697534352965
158,10,0.022514553263078805
158,11,0.023438436171300106
158,12,0.024108469621212946
158,13,0.024558460251884677
158,14,0.02481949728660003
158,15,0.024919787965971423
158,16,0.024884631922151627
158,17,0.024736484801648348
158,18,0.024495082811301493
158,19,0.024177609463079234
158,20,0.023798890522631677
158,21,0.023371605805937015
158,22,0.02290650836334262
158,23,0.022412643210659538
158,24,0.02189755937240973
158,25,0.02136751041945954
158,26,0.020827640175985825
158,27,0.020282151429078365
158,28,0.019734456604193873
158,29,0.019184030642437795
158,30,0.01862580588751762
158,31,0.018058078132986016
158,32,0.01748247317746728
158,33,0.01690202757756043
158,34,0.01632015139117652
158,35,0.015740145630522184
158,36,0.015164988894825699
158,37,0.014597257143838319
158,38,0.014039110364921802
158,39,0.013492312354158738
158,40,0.012958265729515315
158,41,0.012438052647905557
158,42,0.011932476045608145
158,43,0.011442098794705473
158,44,0.01096727951758084
158,45,0.010508204591437923
158,46,0.010064916337804156
158,47,0.00963733760458072
158,48,0.009225293042640949
158,49,0.008828527437385304
158,50,0.008446721429947686
158,51,0.008079504927854982
158,52,0.007726468464626876
158,53,0.007387172691661952
158,54,0.007061156111718558
158,55,0.00674794138488363
158,56,0.0064470431226825945
158,57,0.006157977987327427
158,58,0.005880271377981209
158,59,0.0056134605440105656
158,60,0.0053570967387566925
158,61,0.005110746822530266
158,62,0.004873994414075603
158,63,0.004646440667287202
158,64,0.004427704731719862
158,65,0.004217423953961944
158,66,0.004015253865250103
158,67,0.003820867991626962
158,68,0.0036339575190751225
158,69,0.0034542308396201464
158,70,0.003281413000824214
158,71,0.0031152450768918787
158,72,0.002955483480765933
158,73,0.0028018992235491554
158,74,0.0026542771424293713
158,75,0.0025124150993643462
158,76,0.0023761231647047333
158,77,0.0022452227878329897
158,78,0.002119545970563312
158,79,0.001998934439770648
158,80,0.0018832388330781988
158,81,0.0017723178969545608
158,82,0.0016660377053783573
158,83,0.0015648535251039885
158,84,0.0014704364491380127
158,85,0.0013840770136163015
158,86,0.0013053503854665552
158,87,0.0012331541851710454
158,88,0.0011662687226865532
158,89,0.0011035812428581834
158,90,0.0010441630017029005
158,91,0.0009872825365486292
158,92,0.0009323919717755623
158,93,0.0008791031201568215
158,94,0.0008271610987661308
158,95,0.0007764189256988575
158,96,0.0007268145264678338
158,97,0.0006783506010713561
158,98,0.0006310773460832451
158,99,0.0005850778275212627
158,100,0.0005404557404204627
158,101,0.0004973252774295747
158,102,0.0004558028589694391
158,103,0.0004160004990925356
158,104,0.00037802061185825765
158,105,0.00034195208859859116
158,106,0.00030786748865664745
158,107,0.0002758212059980032
158,108,0.00024584847860866524
158,109,0.0002179651169079943
158,110,0.00019216783372953968
158,111,0.00016843506269352307
158,112,0.0001467281661738461
158,113,0.00012699294309580106
158,114,0.00010916134619037202
158,115,9.315333393756401e-05
158,116,7.88787915361713e-05
158,117,6.623946548467667e-05
158,118,5.513086754098367e-05
158,119,4.544411206497565e-05
158,120,3.7067661821838715e-05
158,121,2.9888962825826543e-05
158,122,2.3795956117324597e-05
158,123,1.8678457685352294e-05
158,124,1.4429399914074755e-05
158,125,1.0945929750102172e-05
158,126,8.130358279444819e-06
158,127,5.890956900058988e-06
158,128,4.142594944613115e-06
158,129,2.8072140504450607e-06
158,130,1.8141349119028277e-06
158,131,1.100191398209306e-06
158,132,6.096821271484015e-07
158,133,2.941093007269701e-07
158,134,1.1160234323473396e-07
158,135,2.5642695173967626e-08
158,136,1.4386800395164641e-09
164,1,0.00011582727730454692
164,2,0.0007735678065440754
164,3,0.0017271993393742937
164,4,0.0027616639665268335
164,5,0.003805103030082111
164,6,0.004828088587101763
164,7,0.00581612006372546
164,8,0.006760916088671348
164,9,0.007657255152383958
164,10,0.008501715533872214
164,11,0.009292128292437939
164,12,0.010027310298983386
164,13,0.010706906822335775
164,14,0.01133127411918735
164,15,0.011901374327431638
164,16,0.012418673106870793
164,17,0.012885038503858484
164,18,0.013302642801447325
164,19,0.013673870172278346
164,20,0.014001232913458419
164,21,0.014287298352914011
164,22,0.01453462777594846
164,23,0.014745727809461947
164,24,0.014923013981431248
164,25,0.0150687855573409
164,26,0.01518521031145331
164,27,0.01527431766723758
164,28,0.015337998497389866
164,29,0.015378031830474252
164,30,0.015396143616924637
164,31,0.015393959046048029
164,32,0.015372969894812879
164,33,0.015334536231362984
164,34,0.015279898454454845
164,35,0.015210191145510907
164,36,0.015126456699443167
164,37,0.015029658022017571
164,38,0.014920689969899469
164,39,0.014800389378875685
164,40,0.014669543614003721
164,41,0.014528897653195021
164,42,0.014379159753164016
164,43,0.014221005800065138
164,44,0.014055082467531396
164,45,0.01388200933420173
164,46,0.01370238013209143
164,47,0.013516763280941556
164,48,0.013325701904373958
164,49,0.013129713451357149
164,50,0.012929289104036634
164,51,0.012724893043473457
164,52,0.012516961677485096
164,53,0.012305902796620482
164,54,0.01209209458868456
164,55,0.011875884424085745
164,56,0.01165759026074434
164,57,0.011437507033346773
164,58,0.011215911022785734
164,59,0.010993060778374593
164,60,0.01076919758147433
164,61,0.010544545959750304
164,62,0.010319314267225804
164,63,0.010093695345829783
164,64,0.009867867271157198
164,65,0.009641994189030171
164,66,0.0094162272237514
164,67,0.009190705472370426
164,68,0.008965557059414325
164,69,0.008740900234524238
164,70,0.008516844512531818
164,71,0.00829349183743914
164,72,0.008070937745359483
164,73,0.007849272526107908
164,74,0.007628582359315545
164,75,0.0074089504293607346
164,76,0.0071904579805818864
164,77,0.006973185337478268
164,78,0.006757212857320142
164,79,0.006542621815730862
164,80,0.0063294952288156054
164,81,0.006117918592165334
164,82,0.005907980552921399
164,83,0.005699782159107353
164,84,0.0054934834808406585
164,85,0.0052893346841186295
164,86,0.00508762667891225
164,87,0.004888648187773725
164,88,0.004692661683280044
164,89,0.004499889568925399
164,90,0.004310507314896623
164,91,0.004124641753131358
164,92,0.0039423732375972334
164,93,0.003763740654549861
164,94,0.0035887484117190917
164,95,0.0034173746378191594
164,96,0.0032495799337656246
164,97,0.00308531611432964
164,98,0.00292453447291777
164,99,0.0027671932120767605
164,100,0.0026132637780965926
164,101,0.002462735933568736
164,102,0.002315621479203515
164,103,0.0021719566268969524
164,104,0.002031803063300672
164,105,0.0018952478174028842
164,106,0.0017624020500961366
164,107,0.001633398922773719
164,108,0.0015083906956088503
164,109,0.0013875452041392296
164,110,0.0012710418444927122
164,111,0.0011590671922082198
164,112,0.001051810398387043
164,113,0.0009494584117604889
164,114,0.0008521910145133372
164,115,0.0007601757283146583
164,116,0.0006735626562833072
164,117,0.0005924793346606535
164,118,0.0005170256795523353
164,119,0.00044726914514984557
164,120,0.0003832402319182198
164,121,0.00032492852317967123
164,122,0.000272279447575629
164,123,0.00022519199058211123
164,124,0.0001835175769592655
164,125,0.00014706032679697188
164,126,0.00011557885348619804
164,127,8.878970321669723e-05
164,128,6.637245894160475e-05
164,129,4.797643969010332e-05
164,130,3.322883448152519e-05
164,131,2.174402707146344e-05
164,132,1.3133787447705304e-05
164,133,7.017840117257218e-06
164,134,3.033553207701554e-06
164,135,8.388247314459129e-07
164,136,6.34713289418779e-08
166,1,2.8129767512957664e-10
166,2,5.480541551230802e-09
166,3,2.512264111044809e-08
166,4,6.773586688205502e-08
166,5,1.410844709891351e-07
166,6,2.530490520462715e-07
166,7,4.120923486988497e-07
166,8,6.275496233310336e-07
166,9,9.098463466571518e-07
166,10,1.2706872088347075e-06
166,11,1.723235634468787e-06
166,12,2.2822927053365277e-06
166,13,2.9644784746719726e-06
166,14,3.788418558712581e-06
166,15,4.774934045148503e-06
166,16,5.947233053398497e-06
166,17,7.3311031728773e-06
166,18,8.955098133409539e-06
166,19,1.0850716805985258e-05
166,20,1.3052567679948767e-05
166,21,1.5598512318715272e-05
166,22,1.8529779088450747e-05
166,23,2.189104143096616e-05
166,24,2.5730443429438194e-05
166,25,3.0099569267620027e-05
166,26,3.5053335653900797e-05
166,27,4.0649796200785326e-05
166,28,4.6303571442019606e-05
166,29,5.091995947927234e-05
166,30,5.588333983106448e-05
166,31,6.122211370964931e-05
166,32,6.696615694756906e-05
166,33,7.314765718060405e-05
166,34,7.980152423054473e-05
166,35,8.696568963128967e-05
166,36,9.468137041812384e-05
166,37,0.00010299333098650185
166,38,0.00011195014872312076
166,39,0.0001216044855548682
166,40,0.00013201337368648578
166,41,0.00014323850535842564
166,42,0.00015534653788229922
166,43,0.00016840940123446875
166,44,0.00018250461510887277
166,45,0.00019771560821545408
166,46,0.00021413203990123313
166,47,0.00023185011570096216
166,48,0.00025097289659870546
166,49,0.00027161059493591107
166,50,0.0002938808494459938
166,51,0.0003179089699187119
166,52,0.00034382814733131296
166,53,0.00037177961099654506
166,54,0.00040191272744024886
166,55,0.0004338195025429682
166,56,0.00046278459489343664
166,57,0.0004937569275530805
166,58,0.0005268877902472486
166,59,0.000562339231352944
166,60,0.000600284669668824
166,61,0.0006409095088342141
166,62,0.000684411751741066
166,63,0.0007310026050185791
166,64,0.0007809070578986964
166,65,0.0008343644313478894
166,66,0.0008916288728482019
166,67,0.0009529697876312611
166,68,0.0010186721790930247
166,69,0.0010890368768546913
166,70,0.0011643806292512843
166,71,0.0012450360218429748
166,72,0.0013313511897956002
166,73,0.0014236892914436007
166,74,0.001522427686721902
166,75,0.0016279567835743914
166,76,0.0017406784992850717
166,77,0.0018610042716867108
166,78,0.0019893525758163
166,79,0.002126145870853783
166,80,0.002271806920422205
166,81,0.002426754418994948
166,82,0.0025913978734413063
166,83,0.0027434299908535966
166,84,0.0029016085185736024
166,85,0.0030682636109271777
166,86,0.0032437829371084756
166,87,0.003428754365276618
166,88,0.0036238807388795017
166,89,0.003829953542741733
166,90,0.004047845230193616
166,91,0.004278508478125826
166,92,0.0045229781620695925
166,93,0.004782374243789181
166,94,0.005057904661884863
166,95,0.005350867637066396
166,96,0.005662653030184373
166,97,0.0059947423704047155
166,98,0.006348707251938034
166,99,0.0067262057937546756
166,100,0.0071289768570958305
166,101,0.007558831704107216
166,102,0.008017642813973595
166,103,0.008507329558581241
166,104,0.009029840461407338
166,105,0.009587131804824294
166,106,0.010181142392008494
166,107,0.010813764319081995
166,108,0.011486809726882962
166,109,0.012201973601314975
166,110,0.012968484582380056
166,111,0.013790607834552422
166,112,0.014669099996902161
166,113,0.015606848153678719
166,114,0.01660666709405709
166,115,0.01767126767235135
166,116,0.01880322612116396
166,117,0.020004956094202213
166,118,0.021278685550801212
166,119,0.022626440768681075
166,120,0.024050039678378352
166,121,0.025551095806245216
166,122,0.027131031839905468
166,123,0.02879109644511712
166,124,0.03053236669362874
166,125,0.03235569474479309
166,126,0.034261507892331663
166,127,0.03624926513821008
166,128,0.03831613952348272
166,129,0.040453954609817815
166,130,0.04264207683092974
166,131,0.044830454261726764
166,132,0.046896740452184324
166,133,0.04852733318728552
166,134,0.048836003354859214
166,135,0.044819004545739616
166,136,0.022695770675946324
167,1,3.6861341302417243e-13
167,2,1.6633345452047077e-11
167,3,1.290989532257859e-10
167,4,5.076778582750249e-10
167,5,1.4183607288650197e-09
167,6,3.2373399589964377e-09
167,7,6.47103916275697e-09
167,8,1.1779681150535727e-08
167,9,2.0004590880459545e-08
167,10,3.2198574741641825e-08
167,11,4.96602046645174e-08
167,12,7.397241335497441e-08
167,13,1.070457751707883e-07
167,14,1.5116763060848205e-07
167,15,2.0905800029457979e-07
167,16,2.8393285635596646e-07
167,17,3.795774521892456e-07
167,18,5.004291607393089e-07
167,19,6.516740496086835e-07
167,20,8.393565123637591e-07
167,21,1.0705058458080481e-06
167,22,1.3532814434291793e-06
167,23,1.6971379625063731e-06
167,24,2.1130139919529328e-06
167,25,2.6135455755413022e-06
167,26,3.2133060707270228e-06
167,27,3.92907495534077e-06
167,28,4.6798874057010805e-06
167,29,5.284756053362958e-06
167,30,5.949796855849083e-06
167,31,6.680999540033711e-06
167,32,7.485141245616646e-06
167,33,8.369873577899333e-06
167,34,9.343813058060276e-06
167,35,1.0416638383986378e-05
167,36,1.1599191672702804e-05
167,37,1.2903585646560857e-05
167,38,1.4343316661288804e-05
167,39,1.593338552899705e-05
167,40,1.7690425798808594e-05
167,41,1.9632843832936595e-05
167,42,2.1780969584756485e-05
167,43,2.415722489003921e-05
167,44,2.6786311921529896e-05
167,45,2.9695426897169493e-05
167,46,3.291450830156368e-05
167,47,3.647652525424216e-05
167,48,4.0417818616128046e-05
167,49,4.477850916323095e-05
167,50,4.9602992856845564e-05
167,51,5.494054593771307e-05
167,52,6.0846091626701594e-05
167,53,6.738119679777634e-05
167,54,7.461543277587336e-05
167,55,8.244390103448556e-05
167,56,8.930515554106555e-05
167,57,9.677997196077787e-05
167,58,0.00010493005322803307
167,59,0.00011382362028139044
167,60,0.0001235361068709755
167,61,0.00013415092117141989
167,62,0.00014576028663757513
167,63,0.0001584661684507079
167,64,0.0001723812877804577
167,65,0.00018763023541861084
167,66,0.00020435069123571207
167,67,0.00022269475353855263
167,68,0.00024283038974155053
167,69,0.000264943012060297
167,70,0.00028923718423736855
167,71,0.00031593846690062253
167,72,0.0003452954033563346
167,73,0.00037758164488072227
167,74,0.0004130982228499455
167,75,0.00045217595727128847
167,76,0.0004951779975102584
167,77,0.0005425024834802119
167,78,0.0005945853087837815
167,79,0.0006519029625247239
167,80,0.0007149754186082281
167,81,0.0007843690255089733
167,82,0.0008606993485409517
167,83,0.0009242590949287486
167,84,0.0009909720544239852
167,85,0.0010634655541371103
167,86,0.0011422983819041892
167,87,0.001228085486448956
167,88,0.0013215036295688557
167,89,0.0014232975693372124
167,90,0.0015342868298651136
167,91,0.0016553730863823053
167,92,0.0017875482386520572
167,93,0.0019319032169116978
167,94,0.002089637578491142
167,95,0.002262069986066924
167,96,0.00245064962250931
167,97,0.00265696864658251
167,98,0.0028827758046617636
167,99,0.0031299913048783586
167,100,0.003400723119225756
167,101,0.0036972848936957896
167,102,0.004022215685704303
167,103,0.004378301788601941
167,104,0.004768600980463349
167,105,0.005196469567895635
167,106,0.005665592688483074
167,107,0.006180018372205425
167,108,0.0067441959026274985
167,109,0.007363019583534693
167,110,0.00800470111527999
167,111,0.008692262897708556
167,112,0.009447619899443841
167,113,0.010278371082352343
167,114,0.01119313753674179
167,115,0.012201737797955995
167,116,0.013315401148140815
167,117,0.014547028768396506
167,118,0.01591151557765936
167,119,0.017426149446743904
167,120,0.01911110967990546
167,121,0.02099009327855504
167,122,0.02309110591573065
167,123,0.025447464363438782
167,124,0.02809906662227149
167,125,0.03109398998217284
167,126,0.03449046017673436
167,127,0.03835915556003786
167,128,0.04278555645378601
167,129,0.04787130757668009
167,130,0.05373140804954138
167,131,0.060477561121169775
167,132,0.06815702126096185
167,133,0.0765401047484023
167,134,0.08432203876920923
167,135,0.08547363794830831
167,136,0.047133899861927356
183,1,3.7836677159715237e-06
183,2,3.26847866330641e-05
183,3,9.006381911596494e-05
183,4,0.0001721596239239588
183,5,0.0002778654649569121
183,6,0.0004069663021097622
183,7,0.0005593679635079441
183,8,0.0007347826657928136
183,9,0.0009325987792729847
183,10,0.0011518393779437705
183,11,0.0013911703375667644
183,12,0.0016489382112418198
183,13,0.001923225711244079
183,14,0.0022119161965179017
183,15,0.00251276072820819
183,16,0.002823442938069738
183,17,0.003141638411035878
183,18,0.003465066556836989
183,19,0.0037915340159256432
183,20,0.004118969469466549
183,21,0.004445450307142167
183,22,0.004769221951820938
183,23,0.005088710800692297
183,24,0.005402531748709022
183,25,0.005709491180357427
183,26,0.0060085861814850195
183,27,0.0062990005776073395
183,28,0.006580098306237037
183,29,0.00685141812308204
183,30,0.007112677066052123
183,31,0.0073637633948224245
183,32,0.007604725346443336
183,33,0.007835759839688476
183,34,0.008057200276299041
183,35,0.008269502703589348
183,36,0.008473229954786679
183,37,0.00866903348489288
183,38,0.008857632692656565
183,39,0.009039791573190712
183,40,0.009216292658099949
183,41,0.009387908303380838
183,42,0.009555369521818761
183,43,0.0097193327231613
183,44,0.00988034492415087
183,45,0.010038808236988522
183,46,0.010194944821600391
183,47,0.010348763940063647
183,48,0.010500033617600161
183,49,0.010648260757734578
183,50,0.010792686166878139
183,51,0.010932306036285427
183,52,0.011065942260255502
183,53,0.011192408468060997
183,54,0.011310874418634003
183,55,0.011421540789807753
183,56,0.011525170788206952
183,57,0.01162212392530014
183,58,0.011712476950303174
183,59,0.011796298327625968
183,60,0.011873647381567796
183,61,0.011944573649601208
183,62,0.012009116418904417
183,63,0.012067304430627328
183,64,0.012119155747425175
183,65,0.012164677754015628
183,66,0.012203867277156364
183,67,0.012236710809630002
183,68,0.012263184822584323
183,69,0.01228325615459882
183,70,0.0122968824462637
183,71,0.012304012641199397
183,72,0.012304587507632964
183,73,0.012298540205646809
183,74,0.012285796859405675
183,75,0.012266277167765056
183,76,0.012239895019042936
183,77,0.012206559122941526
183,78,0.01216617366893102
183,79,0.01211863899083518
183,80,0.012063852254893578
183,81,0.012001708177535115
183,82,0.011932099771922765
183,83,0.011854908836938195
183,84,0.011769963603707951
183,85,0.011677029814936683
183,86,0.01157587157443093
183,87,0.011466279913189124
183,88,0.01134808124855062
183,89,0.01122114119137329
183,90,0.01108536682827817
183,91,0.0109407081195516
183,92,0.010787158475972067
183,93,0.010624754411769143
183,94,0.01045357419244604
183,95,0.010273735402235912
183,96,0.010085391446534222
183,97,0.009888727045946583
183,98,0.009683952852510558
183,99,0.009471299376138964
183,100,0.009251010447935673
183,101,0.009023336476887366
183,102,0.008788527769532367
183,103,0.008546828110478815
183,104,0.00829846871530282
183,105,0.008043662449316978
183,106,0.0077825977480097605
183,107,0.00751543081184477
183,108,0.007242273021331336
183,109,0.006963173301911956
183,110,0.00667816076400415
183,111,0.006387437595743572
183,112,0.00609133778272634
183,113,0.0057902561142026115
183,114,0.0054846619621801845
183,115,0.0051751136306334615
183,116,0.004862272503468433
183,117,0.004546916147694605
183,118,0.004229949424269184
183,119,0.0039124126588183945
183,120,0.0035954859760179603
183,121,0.003280489020732729
183,122,0.002968875533234923
183,123,0.002662222534146362
183,124,0.0023622143467093753
183,125,0.0020706222207713615
183,126,0.0017892810914027903
183,127,0.001520066020133219
183,128,0.0012648723837219112
183,129,0.0010256063434378657
183,130,0.0008041964940789572
183,131,0.0006026461916522648
183,132,0.00042316426267330776
183,133,0.0002684534060951757
183,134,0.0001423361285971475
183,135,5.1122969864386105e-05
183,136,5.566853201926514e-06
189,1,7.794007394177597e-09
189,2,1.3585844850112683e-07
189,3,5.773715410664353e-07
189,4,1.4776916685095734e-06
189,5,2.963187252049549e-06
189,6,5.160452435152043e-06
189,7,8.201994613128125e-06
189,8,1.2227805893392689e-05
189,9,1.738545695533045e-05
189,10,2.3829599104116938e-05
189,11,3.172123109575789e-05
189,12,4.122690304912231e-05
189,13,5.251795390932219e-05
189,14,6.576983784722606e-05
189,15,8.116157005330551e-05
189,16,9.887529920486384e-05
189,17,0.00011909599680248968
189,18,0.00014201122872575578
189,19,0.0001678109601138259
189,20,0.00019668732641451786
189,21,0.00022883428558073167
189,22,0.0002644470566258576
189,23,0.0003037212402799836
189,24,0.00034685151183425474
189,25,0.0003940297774790901
189,26,0.0004454426929309119
189,27,0.0005012684484714791
189,28,0.0005559944081870335
189,29,0.0006003817552848826
189,30,0.0006468170538786666
189,31,0.0006954168237053189
189,32,0.0007463074953460759
189,33,0.0007996240274459188
189,34,0.00085550848432248
189,35,0.0009141086197317649
189,36,0.0009755765270495314
189,37,0.0010400674063140098
189,38,0.0011077385094155152
189,39,0.0011787483004344064
189,40,0.0012532558809344172
189,41,0.0013314207026566944
189,42,0.0014134025811796962
189,43,0.0014993620052396205
189,44,0.0015894606943152778
189,45,0.0016838623617512743
189,46,0.0017827335667201035
189,47,0.001886244546543598
189,48,0.0019945698708161456
189,49,0.0021078887230392197
189,50,0.002226384611228376
189,51,0.0023502442524946077
189,52,0.002479655335802116
189,53,0.002614802780815771
189,54,0.00275586295864883
189,55,0.002900466677935192
189,56,0.003027803185821748
189,57,0.00316024348660274
189,58,0.003298019484795024
189,59,0.003441364734863555
189,60,0.003590513104856624
189,61,0.003745697257575473
189,62,0.003907146922056711
189,63,0.004075086922580186
189,64,0.004249734969755749
189,65,0.004431299157127204
189,66,0.0046199751724381385
189,67,0.004815943176209317
189,68,0.005019364337681747
189,69,0.005230377005142633
189,70,0.005449092493745433
189,71,0.005675590471640522
189,72,0.005909913933215863
189,73,0.006152063763591442
189,74,0.006401992873357408
189,75,0.006659599935533233
189,76,0.0069247227285790984
189,77,0.007197131125670217
189,78,0.007476519763032618
189,79,0.007762500459787872
189,80,0.008054594474750256
189,81,0.008352224681848274
189,82,0.008654707817060294
189,83,0.008934308811677984
189,84,0.009218734685375922
189,85,0.00951124400389818
189,86,0.00981184515219333
189,87,0.010120495352117431
189,88,0.010437094338150666
189,89,0.010761477661622491
189,90,0.011093409663328106
189,91,0.01143257617791954
189,92,0.011778577049994457
189,93,0.012130918537037502
189,94,0.012489005726747288
189,95,0.012852135049963978
189,96,0.013219487047466628
189,97,0.013590119508616058
189,98,0.013962961129390107
189,99,0.014336805829231605
189,100,0.01471030787760159
189,101,0.01508197792416063
189,102,0.015450180076869062
189,103,0.01581313008125484
189,104,0.016168894653367093
189,105,0.016515391983110108
189,106,0.01685039335777788
189,107,0.017171525838902302
189,108,0.017476275873119024
189,109,0.017761993623566258
189,110,0.018063284059320697
189,111,0.01836441313386961
189,112,0.018648326413817935
189,113,0.018912331470825414
189,114,0.019153497337407958
189,115,0.019368625168406095
189,116,0.01955421228074768
189,117,0.01970640819798203
189,118,0.019820960874382103
189,119,0.019893150675390638
189,120,0.01991770858486222
189,121,0.019888713422315924
189,122,0.01979946001193481
189,123,0.01964228573623839
189,124,0.01940833550152728
189,125,0.019087233197825897
189,126,0.01866660792274536
189,127,0.01813139013658554
189,128,0.017462736048846853
189,129,0.0166363385796022
189,130,0.015619702928594426
189,131,0.01436763482002199
189,132,0.012814600136298633
189,133,0.010861759694778044
189,134,0.008357099428009624
189,135,0.005090941999226127
189,136,0.0012584042910832492
193,1,7.729347505033903e-09
193,2,1.0287772964995263e-07
193,3,3.855942415674701e-07
193,4,9.349065762784173e-07
193,5,1.8413499667550605e-06
193,6,3.21223324749936e-06
193,7,5.171641080938161e-06
193,8,7.85906474721602e-06
193,9,1.1427077866561512e-05
193,10,1.6038161548832496e-05
193,11,2.1860802296931602e-05
193,12,2.9065049528949478e-05
193,13,3.7817777470527784e-05
193,14,4.8277936949799896e-05
193,15,6.0592096741975066e-05
193,16,7.4890564324776e-05
193,17,9.128433880209809e-05
193,18,0.0001098630919406514
193,19,0.00013069430067385603
193,20,0.00015382357311603646
193,21,0.00017927612964639108
193,22,0.00020705932676563796
193,23,0.00023716604777524575
193,24,0.00026957874341809686
193,25,0.0003042738748894473
193,26,0.00034122650935032605
193,27,0.00038041482521497164
193,28,0.0004218243089866727
193,29,0.0004654514641711828
193,30,0.0005113069481943944
193,31,0.0005594180681012705
193,32,0.0006098304959046112
193,33,0.0006626091204018216
193,34,0.000717838007424296
193,35,0.0007756194595098451
193,36,0.0008360721977470394
193,37,0.0008993287115434504
193,38,0.0009655318443844393
193,39,0.001034830720648429
193,40,0.001107376142358238
193,41,0.001183315630569336
193,42,0.001262788328586138
193,43,0.0013459200322196072
193,44,0.0014328186640956836
193,45,0.0015235705602109706
193,46,0.0016182379685772716
193,47,0.0017168581899640568
193,48,0.0018194447844765748
193,49,0.001925991225073868
193,50,0.002036477290246928
193,51,0.002150878294490845
193,52,0.0022691768922730024
193,53,0.0023913763454799673
193,54,0.0025175119786224323
193,55,0.0026476518920023014
193,56,0.002781880402765295
193,57,0.002920286945340992
193,58,0.0030629665427653564
193,59,0.0032100206730672734
193,60,0.0033615573797268466
193,61,0.0035176913533904288
193,62,0.0036785439792679114
193,63,0.0038442433490185578
193,64,0.004014924240614634
193,65,0.004190728065238665
193,66,0.004371802773884414
193,67,0.0045583027253104464
193,68,0.004750388519104946
193,69,0.004948226776391784
193,70,0.0051519898734050515
193,71,0.005361855622063971
193,72,0.005578006881787105
193,73,0.005800631099556105
193,74,0.006029919765175088
193,75,0.006266067763752836
193,76,0.006509272611690971
193,77,0.0067597335524652215
193,78,0.007017650489491614
193,79,0.007283222731165305
193,80,0.007556647509360548
193,81,0.007838118243476836
193,82,0.008127822511799825
193,83,0.008425939677111922
193,84,0.008732638068307689
193,85,0.00904807159205624
193,86,0.009372375865339394
193,87,0.009705663824894838
193,88,0.010048020755166791
193,89,0.010399498638771841
193,90,0.010760109812775304
193,91,0.011129819868328589
193,92,0.011508539772004035
193,93,0.011896117179028533
193,94,0.012292326933097878
193,95,0.012696860761099214
193,96,0.013109316181480602
193,97,0.013529184661819313
193,98,0.013955839114668543
193,99,0.014388520778266642
193,100,0.01482632562361277
193,101,0.01526819036754282
193,102,0.015712878256752025
193,103,0.016158964733023164
193,104,0.016604823142771643
193,105,0.017048610637503448
193,106,0.017488254506355584
193,107,0.017921439350331372
193,108,0.018345596201773284
193,109,0.018757896744017063
193,110,0.019155255784136727
193,111,0.019534323754277164
193,112,0.019891446021996665
193,113,0.02022263424433033
193,114,0.020523537775413124
193,115,0.020789408466926337
193,116,0.02101505695833868
193,117,0.021194798089404984
193,118,0.02132238276343154
193,119,0.021390912978729016
193,120,0.02139273623716218
193,121,0.021319314728734995
193,122,0.02116106365468283
193,123,0.0209071516152765
193,124,0.020545253834031704
193,125,0.020061246129490444
193,126,0.01943882345319465
193,127,0.01865902218109476
193,128,0.017699621995632298
193,129,0.016534408716739564
193,130,0.015132319171716747
193,131,0.01345664596378369
193,132,0.01146504219056763
193,133,0.009113132018251587
193,134,0.0063729653732123685
193,135,0.003319490981305346
193,136,0.000624478297636307
194,1,0.16037518603720996
194,2,0.19150060607198768
194,3,0.14430152942900398
194,4,0.10728689628650849
194,5,0.08098388360101313
194,6,0.06214397923669521
194,7,0.048365367982969296
194,8,0.038080653422006595
194,9,0.030267598887429824
194,10,0.02424440172938302
194,11,0.019544234759838942
194,12,0.015839355941388928
194,13,0.012894426415090489
194,14,0.010537080088416827
194,15,0.008638882676539806
194,16,0.007102701112427304
194,17,0.005854127780413486
194,18,0.00483553187067834
194,19,0.004001851683606838
194,20,0.0033175651206011057
194,21,0.0027544731954510875
194,22,0.0022900547519290712
194,23,0.0019062292157605357
194,24,0.0015884153031311408
194,25,0.0013248074305251525
194,26,0.0011058143398540578
194,27,0.0009236200116764232
194,28,0.0007888456052124422
194,29,0.0007095018300940995
194,30,0.0006388028713929624
194,31,0.0005757002608773931
194,32,0.0005192818431782629
194,33,0.0004687532422644789
194,34,0.00042342207450083325
194,35,0.0003826844330297092
194,36,0.0003460132599143576
194,37,0.0003129483073431916
194,38,0.0002830874388996136
194,39,0.0002560790760978572
194,40,0.00023161562453988092
194,41,0.00020942774511690547
194,42,0.00018927935850521815
194,43,0.00017096328525709398
194,44,0.00015429744738318802
194,45,0.00013912155824974875
194,46,0.00012529424649318564
194,47,0.00011269056852171967
194,48,0.00010119986792814861
194,49,9.072395990726696e-05
194,50,8.117563624334322e-05
194,51,7.247751394829326e-05
194,52,6.456135073892959e-05
194,53,5.73681715184896e-05
194,54,5.0850331347717035e-05
194,55,4.50981837899181e-05
194,56,4.090433244132139e-05
194,57,3.7051392067498816e-05
194,58,3.3515566179713756e-05
194,59,3.0274462582376607e-05
194,60,2.7307024618776305e-05
194,61,2.459346591620225e-05
194,62,2.2115206330415e-05
194,63,1.9854811473387522e-05
194,64,1.7795932481345633e-05
194,65,1.592325085915553e-05
194,66,1.4222422955078205e-05
194,67,1.2680028157871136e-05
194,68,1.1283519481479445e-05
194,69,1.0021175764298833e-05
194,70,8.882056175527304e-06
194,71,7.855957121023957e-06
194,72,6.93337151486716e-06
194,73,6.105448977505505e-06
194,74,5.3639594871910855e-06
194,75,4.701257690666578e-06
194,76,4.110249655821581e-06
194,77,3.5843609436324607e-06
194,78,3.1175070301053956e-06
194,79,2.7040639514106e-06
194,80,2.3388420455584004e-06
194,81,2.017059330930924e-06
194,82,1.7343176809269114e-06
194,83,1.5483672116705763e-06
194,84,1.3846661481663063e-06
194,85,1.2346755065092183e-06
194,86,1.0976493991214764e-06
194,87,9.728411181745344e-07
194,88,8.595082471519118e-07
194,89,7.56916915935746e-07
194,90,6.643459713544791e-07
194,91,5.810906057702658e-07
194,92,5.064652698330389e-07
194,93,4.3980678862095494e-07
194,94,3.8047648226465484e-07
194,95,3.2786225230685377e-07
194,96,2.8138009915208597e-07
194,97,2.404754119171627e-07
194,98,2.0462393080546889e-07
194,99,1.733322497917607e-07
194,100,1.4613814639212007e-07
194,101,1.226105864588433e-07
194,102,1.023494862926973e-07
194,103,8.498521435191199e-08
194,104,7.017797177593993e-08
194,105,5.7616811572205565e-08
194,106,4.701867636478172e-08
194,107,3.812718493124748e-08
194,108,3.0711253980261265e-08
194,109,2.4563624244944018e-08
194,110,1.982589508862632e-08
194,111,1.5990978394466424e-08
194,112,1.2791938070529657e-08
194,113,1.0143419700370883e-08
194,114,7.968159360242722e-09
194,115,6.196698619006237e-09
194,116,4.767101727514379e-09
194,117,3.6245317198239734e-09
194,118,2.7208429348952022e-09
194,119,2.01411431549729e-09
194,120,1.46817178025702e-09
194,121,1.0520694279365217e-09
194,122,7.396098676385994e-10
194,123,5.088248381566556e-10
194,124,3.415095152757288e-10
194,125,2.2275263417257967e-10
194,126,1.4049658068492348e-10
194,127,8.513301916289816e-11
194,128,4.912338957365248e-11
194,129,2.6663640644193678e-11
194,130,1.337611188113411e-11
194,131,6.036012137910852e-12
194,132,2.345873243829443e-12
194,133,7.270683434049242e-13
194,134,1.5422829591868818e-13
194,135,1.5701009902941015e-14
194,136,4.421619674149595e-16
195,1,3.4152878059116034e-06
195,2,3.43049964292456e-05
195,3,0.0001031889060740827
195,4,0.00020728778804621466
195,5,0.0003441321945019382
195,6,0.000511575448540446
195,7,0.0007073736400864251
195,8,0.0009290104426109243
195,9,0.0011736752687982492
195,10,0.0014383242141765996
195,11,0.0017197815342145082
195,12,0.0020148550057350685
195,13,0.002320447687204132
195,14,0.002633654831346845
195,15,0.0029518394169808153
195,16,0.0032726835251055296
195,17,0.0035942156468217897
195,18,0.003914816076469872
195,19,0.004233203863241491
195,20,0.004548409450202903
195,21,0.0048597372848964366
195,22,0.005166722409212446
195,23,0.005469084566168528
195,24,0.00576668270969798
195,25,0.0060594721547835165
195,26,0.006347465952671344
195,27,0.006630701497795564
195,28,0.006909212942381603
195,29,0.007183009905305546
195,30,0.007452063133349121
195,31,0.007716293649464646
195,32,0.007975565668619154
195,33,0.008229683913775043
195,34,0.008478394993107789
195,35,0.00872139224874552
195,36,0.008958323475408982
195,37,0.009188800913751188
195,38,0.009412412913931257
195,39,0.009628736741257853
195,40,0.009837351979150318
195,41,0.010037854074482126
195,42,0.010229867593368193
195,43,0.01041305889942939
195,44,0.010587147942183968
195,45,0.010751919041446078
195,46,0.010907230557454187
195,47,0.011053023442295612
195,48,0.011189328721231306
195,49,0.011316273961645137
195,50,0.011434088646181078
195,51,0.011543108007051064
195,52,0.011643773733602801
195,53,0.011736626631045946
195,54,0.011822275113140384
195,55,0.011901280565444821
195,56,0.011973953809276218
195,57,0.01204041086734179
195,58,0.012100721808047075
195,59,0.012154942413977658
195,60,0.012203114135783844
195,61,0.012245264208131278
195,62,0.012281405883779685
195,63,0.012311538829265861
195,64,0.012335649597948615
195,65,0.012353712228312372
195,66,0.012365688903728082
195,67,0.012371530707587695
195,68,0.01237117841289741
195,69,0.012364563337652654
195,70,0.012351608235820126
195,71,0.0123322282102595
195,72,0.012306331660824968
195,73,0.012273821250323046
195,74,0.012234594893852686
195,75,0.012188546759236201
195,76,0.012135568300684785
195,77,0.01207554930616099
195,78,0.012008378982462514
195,79,0.01193394707022699
195,80,0.011852145006680649
195,81,0.011762867128387047
195,82,0.01166601193835575
195,83,0.011561481806824358
195,84,0.011449173212769153
195,85,0.011328967361780472
195,86,0.011200739695444216
195,87,0.011064373574093978
195,88,0.010919769837790907
195,89,0.010766853996487354
195,90,0.010605582037682932
195,91,0.010435945186580028
195,92,0.01025797373115874
195,93,0.010071739897896333
195,94,0.009877359711117853
195,95,0.009674993804685167
195,96,0.00946484713340189
195,97,0.009247167602907766
195,98,0.009022243670112179
195,99,0.008790401009673111
195,100,0.00855199840334758
195,101,0.008307423047695885
195,102,0.008057085525673477
195,103,0.007801414697623322
195,104,0.007540852811756776
195,105,0.007275851129741256
195,106,0.007006866365362623
195,107,0.006734358260368289
195,108,0.006458788715665611
195,109,0.006180623351019273
195,110,0.005900336447980391
195,111,0.005618414310147892
195,112,0.0053353514837672965
195,113,0.005051653665608186
195,114,0.004767843658027152
195,115,0.004484468324349131
195,116,0.004202106099462422
195,117,0.003921374496983689
195,118,0.003642936942842736
195,119,0.0033675082038649297
195,120,0.0030958576413858594
195,121,0.0028288095313856324
195,122,0.002567239770558366
195,123,0.0023120684228250454
195,124,0.0020642477898890656
195,125,0.001824745993276795
195,126,0.001594526486865208
195,127,0.0013745245108200085
195,128,0.0011656223831987072
195,129,0.00096862702885376
195,130,0.0007842561363094798
195,131,0.000613146188933553
195,132,0.00045591354410168
195,133,0.00031335286233776904
195,134,0.0001870404753997141
195,135,8.138823626456858e-05
195,136,1.2328691026103441e-05
197,1,3.592418644840376e-10
197,2,6.548875237436592e-09
197,3,2.882713186503497e-08
197,4,7.640027137858464e-08
197,5,1.5897034736844074e-07
197,6,2.8797472166935437e-07
197,7,4.772454541042408e-07
197,8,7.435262091513583e-07
197,9,1.1069629328216702e-06
197,10,1.5916005460238774e-06
197,11,2.2258914807273097e-06
197,12,3.0432111273435673e-06
197,13,4.082368874495647e-06
197,14,5.3880987899879105e-06
197,15,7.011509823917407e-06
197,16,9.010470998962222e-06
197,17,1.144990347701791e-05
197,18,1.4401947242162874e-05
197,19,1.794596697776978e-05
197,20,2.216835889430477e-05
197,21,2.716211832195961e-05
197,22,3.302612762681413e-05
197,23,3.9864124611787716e-05
197,24,4.7783314748491965e-05
197,25,5.689259659788215e-05
197,26,6.730037717028412e-05
197,27,7.911196654951072e-05
197,28,9.094974541768519e-05
197,29,0.00010018451745801359
197,30,0.0001098618309253972
197,31,0.00011995692751586429
197,32,0.0001304411868602027
197,33,0.0001412824862277153
197,34,0.0001524456900273953
197,35,0.0001638932947175153
197,36,0.00017558626393861303
197,37,0.00018748510013509614
197,38,0.00019955121472385292
197,39,0.00021174868206409188
197,40,0.00022404649017922928
197,41,0.00023642144541778212
197,42,0.00024886194106306863
197,43,0.000261372880522647
197,44,0.00027398215007704967
197,45,0.0002867491849485383
197,46,0.000299776367791995
197,47,0.0003132242598197092
197,48,0.000327331974613901
197,49,0.0003424442961763395
197,50,0.00035904711266981383
197,51,0.00037781130533612843
197,52,0.0003996384392606593
197,53,0.00042567322508172155
197,54,0.0004571167427318457
197,55,0.0004931550713283125
197,56,0.0005253250129799427
197,57,0.0005596526501051413
197,58,0.0005963030807831847
197,59,0.0006354543159996636
197,60,0.000677298191750301
197,61,0.0007220413249979028
197,62,0.0007699061155000967
197,63,0.0008211317865803644
197,64,0.0008759754636580004
197,65,0.0009347132821972129
197,66,0.0009976415184540835
197,67,0.001065077732483174
197,68,0.0011373619108843596
197,69,0.0012148575944712335
197,70,0.0012979529704249396
197,71,0.0013870619090574998
197,72,0.0014826249158903717
197,73,0.0015851099692069188
197,74,0.0016950132056266821
197,75,0.0018128594119422678
197,76,0.0019392022736912729
197,77,0.0020746243257881423
197,78,0.0022197365414370973
197,79,0.002375177490854576
197,80,0.0025416119883060707
197,81,0.002719729146151896
197,82,0.0029102397348995217
197,83,0.0030729024884518967
197,84,0.0032419048457926983
197,85,0.0034224912601904687
197,86,0.003615577513104358
197,87,0.0038221485598828047
197,88,0.0040432625787880675
197,89,0.004280054903749134
197,90,0.004533741707699711
197,91,0.004805623283802621
197,92,0.005097086710985892
197,93,0.005409607639933145
197,94,0.00574475085951388
197,95,0.00610416921355331
197,96,0.006489600311615012
197,97,0.006902860344551475
197,98,0.007345834124414348
197,99,0.00782046024049582
197,100,0.008328709960578804
197,101,0.008872558188793714
197,102,0.009453944490984181
197,103,0.010074722051032653
197,104,0.010736592888817788
197,105,0.011441030065780428
197,106,0.01218919647697485
197,107,0.01298190134232555
197,108,0.0138197622125869
197,109,0.014704355941834647
197,110,0.015615809431051628
197,111,0.016576457544592516
197,112,0.017600331029544978
197,113,0.018690242113195466
197,114,0.019848664033892793
197,115,0.021077557342957663
197,116,0.022378141748547183
197,117,0.023750596696140748
197,118,0.025193668108571963
197,119,0.0267041507403786
197,120,0.02827620438328596
197,121,0.029900446187047024
197,122,0.03156273828944552
197,123,0.03324255630426045
197,124,0.03491077423445722
197,125,0.036526626430075426
197,126,0.038033493000772425
197,127,0.03935297968880115
197,128,0.040376492469185586
197,129,0.040953094166673434
197,130,0.04087183248575318
197,131,0.039836016161002415
197,132,0.037426814814848844
197,133,0.0330581769328174
197,134,0.02595730866623924
197,135,0.015416382816294387
197,136,0.0033715235137356326
2,1,0.000128062185226947
2,2,0.0011890049483957857
2,3,0.0031360096538533546
2,4,0.005449960195932024
2,5,0.007821037235592193
2,6,0.01008340634093897
2,7,0.012151435310902245
2,8,0.013985403079015203
2,9,0.015572730828796821
2,10,0.016917084951171658
2,11,0.018031692779498436
2,12,0.01893507156714164
2,13,0.019648234550700992
2,14,0.020192854378966778
2,15,0.020590074661765267
2,16,0.020859772558054004
2,17,0.021020139042228086
2,18,0.021087482303722423
2,19,0.021076185020886887
2,20,0.020998764230781255
2,21,0.020865995635968696
2,22,0.020687074239514647
2,23,0.020469791155987432
2,24,0.02022071242188454
2,25,0.019945350468940387
2,26,0.01964832243420205
2,27,0.019333492125404105
2,28,0.019004094470017892
2,29,0.018662180948500848
2,30,0.018308391175009032
2,31,0.01794342609474846
2,32,0.017568356953639994
2,33,0.017184475272817024
2,34,0.016793180524534723
2,35,0.016395906734675923
2,36,0.01599407390786088
2,37,0.015589055891581747
2,38,0.015182159508002958
2,39,0.014774611515376207
2,40,0.014367551115137305
2,41,0.013962026392250547
2,42,0.013558993559231328
2,43,0.013159318186470623
2,44,0.012763777839691952
2,45,0.012373065711591687
2,46,0.011987794922870856
2,47,0.011608503322566998
2,48,0.011235658608076468
2,49,0.010869663680442742
2,50,0.010510862165529617
2,51,0.010159543957634439
2,52,0.00981595048583183
2,53,0.009480278673780311
2,54,0.009152679601584685
2,55,0.008833233255155488
2,56,0.008521891883377092
2,57,0.008218517403343922
2,58,0.007922946311539723
2,59,0.007635006237484125
2,60,0.0073545192353679685
2,61,0.007081304605776748
2,62,0.0068151813211853466
2,63,0.006555970067514456
2,64,0.006303494964887449
2,65,0.006057584986539009
2,66,0.005818075120363566
2,67,0.005584807286947341
2,68,0.005357631055756133
2,69,0.0051364041676620655
2,70,0.004920992899344975
2,71,0.004711272273854271
2,72,0.004507126144916212
2,73,0.004308447162854741
2,74,0.004115136641205637
2,75,0.003927104329616277
2,76,0.0037442681086782064
2,77,0.003566553611710695
2,78,0.0033938937864000374
2,79,0.003226228398948
2,80,0.003063503491045539
2,81,0.002905670791350178
2,82,0.002752687093078654
2,83,0.002605659910425062
2,84,0.002467431521001218
2,85,0.002339490432950372
2,86,0.002220814046322897
2,87,0.0021098045704189415
2,88,0.002004930331015273
2,89,0.0019049072253897348
2,90,0.0018087280303501182
2,91,0.001715639974498161
2,92,0.0016251068587021672
2,93,0.0015367694988873235
2,94,0.0014504095806345066
2,95,0.0013659184789620374
2,96,0.0012832711443008585
2,97,0.0012025045915162397
2,98,0.0011237003497107845
2,99,0.001046970228260508
2,100,0.0009724448173620459
2,101,0.0009002642221183927
2,102,0.0008305706202640197
2,103,0.0007635023038863615
2,104,0.000699188937186388
2,105,0.0006377478122398305
2,106,0.0005792809313162712
2,107,0.000523872781569491
2,108,0.0004715887016438088
2,109,0.00042247378633158777
2,110,0.00037655231162599643
2,111,0.00033382743146115833
2,112,0.0002942808211571711
2,113,0.0002578729617197884
2,114,0.0002245438271373816
2,115,0.00019421385749421967
2,116,0.00016678520370552198
2,117,0.00014214323194549285
2,118,0.00012015827249788996
2,119,0.00010068759399117261
2,120,8.357757712768302e-05
2,121,6.86660542896126e-05
2,122,5.57847724243706e-05
2,123,4.476192809323505e-05
2,124,3.542471618747972e-05
2,125,2.7601828807229934e-05
2,126,2.112583936500813e-05
2,127,1.5835409172714015e-05
2,128,1.1577261557444336e-05
2,129,8.207880563444714e-06
2,130,5.594909689183795e-06
2,131,3.6182500823785485e-06
2,132,2.170888047312182e-06
2,133,1.1595123814054016e-06
2,134,5.049550702912297e-07
2,135,1.4192063708567518e-07
2,136,1.0935670104655088e-08
2005,1,7.456597345424367e-06
2005,2,7.799958294841557e-05
2005,3,0.00022813324129062812
2005,4,0.0004333682703090244
2005,5,0.0006740813469356957
2005,6,0.0009373727323903314
2005,7,0.0012148095739430741
2005,8,0.0015007704931357339
2005,9,0.0017914128365811878
2005,10,0.002084034086766942
2005,11,0.0023766697790391813
2005,12,0.002667834451404682
2005,13,0.002956350990162189
2005,14,0.0032412360366393007
2005,15,0.0035216218155433503
2005,16,0.0037967022651332885
2005,17,0.0040656957862193225
2005,18,0.004327819673861697
2005,19,0.004582273006747938
2005,20,0.0048282258686932825
2005,21,0.005064813489794004
2005,22,0.005291134337150555
2005,23,0.005506251541189903
2005,24,0.00570919718585425
2005,25,0.005898979163764678
2005,26,0.0060745903435706185
2005,27,0.006235019863770929
2005,28,0.006396684938917306
2005,29,0.006589984765996904
2005,30,0.006778549222167563
2005,31,0.006962511005273983
2005,32,0.007141989229459385
2005,33,0.007317086868728679
2005,34,0.0074878884793533555
2005,35,0.007654458191106526
2005,36,0.007816837912906013
2005,37,0.007975045743724955
2005,38,0.008129074580468604
2005,39,0.008278890891181861
2005,40,0.008424433670732832
2005,41,0.008565613556207462
2005,42,0.008702312117407018
2005,43,0.008834381325500639
2005,44,0.00896164319986127
2005,45,0.00908388966169031
2005,46,0.009200882601446775
2005,47,0.00931235416238754
2005,48,0.009418007303047133
2005,49,0.009517516610624726
2005,50,0.00961052942991125
2005,51,0.009696667310626891
2005,52,0.009775527806222956
2005,53,0.009846686652178891
2005,54,0.009909700334738656
2005,55,0.009970116008035872
2005,56,0.010077931283231194
2005,57,0.010180796267414133
2005,58,0.010278521255272026
2005,59,0.010370893374443097
2005,60,0.010457676658442385
2005,61,0.010538612355657787
2005,62,0.010613419471087144
2005,63,0.010681795566561153
2005,64,0.010743417822466371
2005,65,0.010797944390634045
2005,66,0.010845016052640943
2005,67,0.010884258190604498
2005,68,0.010915283099265533
2005,69,0.010937692636656038
2005,70,0.010951081234868116
2005,71,0.010955039269000646
2005,72,0.010949156796361994
2005,73,0.010933027650708926
2005,74,0.010906253881086568
2005,75,0.01086845053742981
2005,76,0.010819250749767723
2005,77,0.010758311092930522
2005,78,0.010685317166739391
2005,79,0.010599989369774744
2005,80,0.01050208876831275
2005,81,0.01039142301796589
2005,82,0.010267852231089895
2005,83,0.010299269947060213
2005,84,0.010340945274719713
2005,85,0.010374228700894578
2005,86,0.010398878083176162
2005,87,0.010414645653579179
2005,88,0.010421279488379303
2005,89,0.010418525213204239
2005,90,0.010406127949947103
2005,91,0.010383834488002687
2005,92,0.01035139569092713
2005,93,0.010308569103788747
2005,94,0.01025512177732573
2005,95,0.010190833259402296
2005,96,0.010115498766855073
2005,97,0.010028932470314693
2005,98,0.009930970904352108
2005,99,0.00982147642570615
2005,100,0.009700340709336813
2005,101,0.009567488210967033
2005,102,0.00942287956475482
2005,103,0.009266514836646679
2005,104,0.009098436591599297
2005,105,0.008918732692008383
2005,106,0.008727538769483937
2005,107,0.008525040285133331
2005,108,0.00831147411866888
2005,109,0.008087129592281587
2005,110,0.007921741898712038
2005,111,0.007774341329101382
2005,112,0.007614855507229296
2005,113,0.00744322010600391
2005,114,0.007259386521781477
2005,115,0.007063320256570028
2005,116,0.006854998397202832
2005,117,0.0066344059924525085
2005,118,0.006401531112759775
2005,119,0.006156358318115102
2005,120,0.00589886022132862
2005,121,0.005628986765500537
2005,122,0.005346651794545452
2005,123,0.005051716424925456
2005,124,0.004743968750474892
2005,125,0.004423099524636504
2005,126,0.0040886739144450875
2005,127,0.003740100603846147
2005,128,0.003376602460472434
2005,129,0.0029972001614120246
2005,130,0.00260073793614162
2005,131,0.00218602636686894
2005,132,0.0017523027764940844
2005,133,0.0013005867196847814
2005,134,0.000837793507536105
2005,135,0.0003907176024457711
2005,136,6.208833029306919e-05
2006,1,3.539581694720745e-13
2006,2,1.081730339979895e-11
2006,3,6.762373869041941e-11
2006,4,2.330336323081194e-10
2006,5,5.985149629354724e-10
2006,6,1.2933840777471849e-09
2006,7,2.495158273829283e-09
2006,8,4.441109067496402e-09
2006,9,7.440794348191676e-09
2006,10,1.1889290988085256e-08
2006,11,1.8280769938230135e-08
2006,12,2.7221986960917373e-08
2006,13,3.944521012419391e-08
2006,14,5.58200931341239e-08
2006,15,7.736399860053298e-08
2006,16,1.0525032817642187e-07
2006,17,1.4081445025321674e-07
2006,18,1.8555693909766217e-07
2006,19,2.411438995617682e-07
2006,20,3.094042882742877e-07
2006,21,3.9232427737480404e-07
2006,22,4.92038794309013e-07
2006,23,6.108205797165502e-07
2006,24,7.510671667640107e-07
2006,25,9.152864249155567e-07
2006,26,1.1060814312632235e-06
2006,27,1.3261355854718422e-06
2006,28,1.5781992082903172e-06
2006,29,1.8650792473386052e-06
2006,30,2.189634249395157e-06
2006,31,2.5547746897109745e-06
2006,32,2.9634731596567794e-06
2006,33,3.418787384038589e-06
2006,34,3.923898801016868e-06
2006,35,4.48216993582143e-06
2006,36,5.097223371774418e-06
2006,37,5.773045403079699e-06
2006,38,6.514116231519199e-06
2006,39,7.325568131206375e-06
2006,40,8.213371114715575e-06
2006,41,9.184543843943687e-06
2006,42,1.0247384472063475e-05
2006,43,1.1411712493809958e-05
2006,44,1.268910765822425e-05
2006,45,1.4093125814382072e-05
2006,46,1.5639463450171622e-05
2006,47,1.7346033456527814e-05
2006,48,1.9232902442807726e-05
2006,49,2.132202849501376e-05
2006,50,2.363672685548795e-05
2006,51,2.6200790918284774e-05
2006,52,2.9037232181484535e-05
2006,53,3.216675908399315e-05
2006,54,3.5606695254979915e-05
2006,55,3.9373134745962615e-05
2006,56,4.3488114353211844e-05
2006,57,4.798044390398875e-05
2006,58,5.288243529337527e-05
2006,59,5.822931237466068e-05
2006,60,6.405950857764791e-05
2006,61,7.041499757258183e-05
2006,62,7.734166004850387e-05
2006,63,8.488969163239832e-05
2006,64,9.311405596298902e-05
2006,65,0.00010207498876198887
2006,66,0.00011183855847666413
2006,67,0.0001224772905722901
2006,68,0.00013407086274978947
2006,69,0.0001467068797514876
2006,70,0.00016048173721919538
2006,71,0.00017550158580160912
2006,72,0.00019188340706388185
2006,73,0.00020975621549819263
2006,74,0.00022926240211678563
2006,75,0.0002505592366251583
2006,76,0.0002738205488553595
2006,77,0.0002992386109430204
2006,78,0.00032702624657228723
2006,79,0.00035741919509129727
2006,80,0.00039067876391018136
2006,81,0.00042709480588281967
2006,82,0.0004669890642739529
2006,83,0.0005107185292528504
2006,84,0.0005586780207342162
2006,85,0.0006113039736827686
2006,86,0.0006690809340255044
2006,87,0.000732547718417887
2006,88,0.0008023039688362975
2006,89,0.0008790175363934895
2006,90,0.000963432873332339
2006,91,0.001056380606982396
2006,92,0.0011587884949575563
2006,93,0.0012716939969321778
2006,94,0.001396258744737087
2006,95,0.0015337852520667043
2006,96,0.0016857362683180912
2006,97,0.0018537572652030764
2006,98,0.0020397026364367757
2006,99,0.0022456663074136114
2006,100,0.0024740175817819184
2006,101,0.002727443199845075
2006,102,0.003008996761854179
2006,103,0.0033221568449743697
2006,104,0.0036708953329873026
2006,105,0.0040597576038349775
2006,106,0.00449395618584139
2006,107,0.004979478883721624
2006,108,0.005523209995749092
2006,109,0.006133054741353684
2006,110,0.006818047292059631
2006,111,0.00758847600308623
2006,112,0.008456112675166579
2006,113,0.00943443432999248
2006,114,0.010538852424631968
2006,115,0.011786958449440858
2006,116,0.013198779039579773
2006,117,0.01479702829765064
2006,118,0.01660733668253316
2006,119,0.018658422858879746
2006,120,0.02098215480482543
2006,121,0.023613414796046676
2006,122,0.026589632382778526
2006,123,0.029949767446701574
2006,124,0.033732389243684435
2006,125,0.03797226588590479
2006,126,0.04269447433087191
2006,127,0.047904312190049855
2006,128,0.0535699334291898
2006,129,0.05959199340978662
2006,130,0.06574924392130768
2006,131,0.07159763334933175
2006,132,0.07627488370338681
2006,133,0.07810217962569425
2006,134,0.07373298751744978
2006,135,0.05641279178153913
2006,136,0.017934483740479287
201,1,0.0008521279235628731
201,2,0.004636629015259919
201,3,0.008786257628668293
201,4,0.012311333004292609
201,5,0.015165866829683882
201,6,0.017441348101190735
201,7,0.01923621758626458
201,8,0.020634124041246166
201,9,0.02170299355759077
201,10,0.02249781630038133
201,11,0.023063495573955296
201,12,0.023437089936091067
201,13,0.023649463061947505
201,14,0.023726482603084346
201,15,0.023689901827903093
201,16,0.023558025205660794
201,17,0.02334622862318991
201,18,0.02306738156117051
201,19,0.022732202100665868
201,20,0.022349564290863867
201,21,0.02192676996642718
201,22,0.021469792192013122
201,23,0.02098349449741997
201,24,0.020471828265212762
201,25,0.019938009590798632
201,26,0.019384676503045095
201,27,0.01881402722068321
201,28,0.018245797760394776
201,29,0.017719493932796402
201,30,0.017202009798825156
201,31,0.01669393629929695
201,32,0.01619563528747033
201,33,0.01570729458559809
201,34,0.015228972420907155
201,35,0.01476063282552783
201,36,0.014302173386536476
201,37,0.013853446643315072
201,38,0.013414276251080765
201,39,0.012984468926980535
201,40,0.012563823028969955
201,41,0.012152134542717996
201,42,0.011749201079644288
201,43,0.011354824448803567
201,44,0.01096881223272602
201,45,0.010590978725143698
201,46,0.010221145556884685
201,47,0.009859142230602686
201,48,0.009504806801989235
201,49,0.00915798689154349
201,50,0.00881854127639752
201,51,0.008486342343817439
201,52,0.008161279905385036
201,53,0.007843267197918969
201,54,0.007532250072040987
201,55,0.007231120255058185
201,56,0.00696313077725761
201,57,0.006701975851988276
201,58,0.00644748193232033
201,59,0.006199471449518
201,60,0.005957765600036169
201,61,0.005722186816344652
201,62,0.00549256094961938
201,63,0.00526871919105976
201,64,0.005050499731972966
201,65,0.0048377491953322275
201,66,0.00463032383726881
201,67,0.004428090540461251
201,68,0.004230927607860195
201,69,0.0040387253618316184
201,70,0.003851386558461115
201,71,0.00366882662769138
201,72,0.0034909737390564364
201,73,0.0033177686993297283
201,74,0.00314916468843161
201,75,0.0029851268380185134
201,76,0.002825631651200078
201,77,0.002670666278581404
201,78,0.002520227640106878
201,79,0.002374321417086922
201,80,0.0022329609045605727
201,81,0.0020961657437176817
201,82,0.001963960542227502
201,83,0.001861547714724255
201,84,0.001764530094678841
201,85,0.001670052693858303
201,86,0.0015781612917559501
201,87,0.0014888972275683677
201,88,0.001402297938355355
201,89,0.0013183973644196251
201,90,0.0012372262174132201
201,91,0.0011588121099891384
201,92,0.001083179553185653
201,93,0.0010103498253460608
201,94,0.000940340721923556
201,95,0.000873166208789713
201,96,0.0008088360011067849
201,97,0.0007473550895656764
201,98,0.0006887232488038754
201,99,0.0006329345547952865
201,100,0.0005799769394707002
201,101,0.0005298318093265934
201,102,0.00048247374500643727
201,103,0.00043787029948146847
201,104,0.00039598189995174757
201,105,0.00035676185683480795
201,106,0.00032015647615590506
201,107,0.00028610526159092626
201,108,0.00025454120063393574
201,109,0.00022539111939535314
201,110,0.00020013170205159336
201,111,0.0001774002944412544
201,112,0.00015641082703445432
201,113,0.00013711229331914404
201,114,0.00011944939835667782
201,115,0.00010336288298248977
201,116,8.878982412872019e-05
201,117,7.566391162512556e-05
201,118,6.391571278670711e-05
201,119,5.3472935246853526e-05
201,120,4.426070533361583e-05
201,121,3.6201875587596054e-05
201,122,2.9217379541522764e-05
201,123,2.3226646147058125e-05
201,124,1.8148084255227517e-05
201,125,1.389964040122654e-05
201,126,1.0399427134266904e-05
201,127,7.566409719954051e-06
201,128,5.321132304149965e-06
201,129,3.5864530970961153e-06
201,130,2.288249736805387e-06
201,131,1.3560424588050918e-06
201,132,7.234619558346496e-07
201,133,3.2844991210819756e-07
201,134,1.1299241723788762e-07
201,135,2.1998933591391312e-08
201,136,9.169757154011572e-10
202,1,3.142843137922163e-11
202,2,9.892701681582923e-10
202,3,5.972076439140175e-09
202,4,1.9289995725341124e-08
202,5,4.574700361813095e-08
202,6,9.06027585841931e-08
202,7,1.5965424135683297e-07
202,8,2.5932903526285367e-07
202,9,3.967735051247726e-07
202,10,5.79933520715485e-07
202,11,8.176286621290058e-07
202,12,1.1196206958199347e-06
202,13,1.4966745828679054e-06
202,14,1.960612795380185e-06
202,15,2.524359332903911e-06
202,16,3.201971788861374e-06
202,17,4.008659153312798e-06
202,18,4.960779513833009e-06
202,19,6.075817139214762e-06
202,20,7.372330709411634e-06
202,21,8.869871224987787e-06
202,22,1.0588863194799368e-05
202,23,1.255044329889234e-05
202,24,1.4776255123903439e-05
202,25,1.7288190922439172e-05
202,26,2.0108079947579682e-05
202,27,2.3257320062191154e-05
202,28,2.6615404690902617e-05
202,29,2.9962651573817947e-05
202,30,3.3623463819481926e-05
202,31,3.76224844568559e-05
202,32,4.198533482958117e-05
202,33,4.673923942286168e-05
202,34,5.19132805738436e-05
202,35,5.75385644890887e-05
202,36,6.364836704665442e-05
202,37,7.027826288100747e-05
202,38,7.746625539115509e-05
202,39,8.525289687230527e-05
202,40,9.368140490124635e-05
202,41,0.00010279776972112569
202,42,0.00011265085306488743
202,43,0.00012329247089512115
202,44,0.00013477746396010153
202,45,0.0001471637436369575
202,46,0.0001605123187880904
202,47,0.00017488728842109683
202,48,0.00019035580348125943
202,49,0.0002069879891232346
202,50,0.00022485681901524959
202,51,0.00024403793932470543
202,52,0.00026460943009418364
202,53,0.0002866515013660756
202,54,0.0003102461166817766
202,55,0.0003353688737616776
202,56,0.00036122245071377334
202,57,0.0003888631695647342
202,58,0.00041840841730734373
202,59,0.0004499822249445154
202,60,0.00048371541707712437
202,61,0.0005197457283717934
202,62,0.0005582178820951282
202,63,0.0005992836145265779
202,64,0.0006431016429461022
202,65,0.0006898375623644869
202,66,0.0007396636591014237
202,67,0.000792758630888878
202,68,0.000849307199287333
202,69,0.0009094995965144827
202,70,0.0009735309100968942
202,71,0.0010416002745763323
202,72,0.0011139098873241106
202,73,0.001190663829435548
202,74,0.001272066681048072
202,75,0.0013583219024822413
202,76,0.0014496299786318871
202,77,0.0015461862931730535
202,78,0.001648178739568489
202,79,0.001755785035785118
202,80,0.0018691697631827656
202,81,0.0019884810985426205
202,82,0.0021138472650697004
202,83,0.002255223679876496
202,84,0.0024057212655730544
202,85,0.0025641869402908894
202,86,0.002730954378946047
202,87,0.0029065140461077736
202,88,0.0030914385805973724
202,89,0.0032863631395188566
202,90,0.003491981547554238
202,91,0.0037090481620802884
202,92,0.003938382146721726
202,93,0.004180872858120821
202,94,0.004437485739584813
202,95,0.004709268383209725
202,96,0.004997356492832765
202,97,0.005302979536651552
202,98,0.005627465865596951
202,99,0.005972247064417039
202,100,0.006338861286164903
202,101,0.006728955306371655
202,102,0.007144285024537566
202,103,0.007586714116238941
202,104,0.00805821054269856
202,105,0.008560840619658575
202,106,0.009096760357367995
202,107,0.009668203780470114
202,108,0.010277467999845665
202,109,0.010926894777580612
202,110,0.011674618762763433
202,111,0.01250490653337497
202,112,0.013400888279469383
202,113,0.014367643594556443
202,114,0.01541048800878198
202,115,0.016534956361649547
202,116,0.017746781523621618
202,117,0.019051867835964725
202,118,0.020456258246460714
202,119,0.021966093060659612
202,120,0.023587556410549215
202,121,0.025326802931597205
202,122,0.02718985044897831
202,123,0.029182411949096283
202,124,0.03130961638112475
202,125,0.033575522370345216
202,126,0.035982239380856484
202,127,0.038528289558533525
202,128,0.04120546124587159
202,129,0.04399256037687273
202,130,0.04684248476584964
202,131,0.04965404489694953
202,132,0.052206095739902376
202,133,0.053988192156666934
202,134,0.05370229158453712
202,135,0.04747196445754453
202,136,0.0215423908509183
2026,1,1.628339049794862e-08
2026,2,2.830729615541536e-07
2026,3,1.1576847258186215e-06
2026,4,2.815443824573379e-06
2026,5,5.34557576272716e-06
2026,6,8.816355030597489e-06
2026,7,1.3297369027451629e-05
2026,8,1.8868200054892865e-05
2026,9,2.5622495656873804e-05
2026,10,3.367041983345059e-05
2026,11,4.3140599438371916e-05
2026,12,5.418201916548887e-05
2026,13,6.696606296582763e-05
2026,14,8.168879936438441e-05
2026,15,9.857356002576433e-05
2026,16,0.00011787384999830735
2026,17,0.0001398766089049419
2026,18,0.00016490585073856572
2026,19,0.00019332669675699917
2026,20,0.00022554982100102884
2026,21,0.00026203632063912056
2026,22,0.00030330301904697346
2026,23,0.0003499282059746876
2026,24,0.0004025578033632631
2026,25,0.0004619119400317688
2026,26,0.0005287919009868011
2026,27,0.0006040873894314272
2026,28,0.0006720663360502504
2026,29,0.0007052787654168347
2026,30,0.0007398161008581807
2026,31,0.0007758837449766635
2026,32,0.0008136564535325564
2026,33,0.0008533012251654985
2026,34,0.0008949874600035729
2026,35,0.0009388921296617557
2026,36,0.0009852029916908773
2026,37,0.0010341209423364792
2026,38,0.0010858619859268465
2026,39,0.0011406590269249848
2026,40,0.0011987636101927072
2026,41,0.0012604476647900317
2026,42,0.0013260052953009793
2026,43,0.0013957546478033803
2026,44,0.0014700398676132972
2026,45,0.0015492331607130491
2026,46,0.0016337369722773023
2026,47,0.0017239862828372671
2026,48,0.0018204510255051885
2026,49,0.0019236386285802426
2026,50,0.0020340966672550854
2026,51,0.0021524156281317627
2026,52,0.002279231760614285
2026,53,0.0024152300025678136
2026,54,0.00256114695411968
2026,55,0.002710486099784931
2026,56,0.0028023917070660134
2026,57,0.002900216733876942
2026,58,0.0030043866612171426
2026,59,0.0031153538864675213
2026,60,0.0032335994450048487
2026,61,0.003359634735496594
2026,62,0.003494003254532384
2026,63,0.0036372822985734463
2026,64,0.003790084617639513
2026,65,0.0039530599824878845
2026,66,0.004126896627866608
2026,67,0.0043123225229135505
2026,68,0.004510106412599955
2026,69,0.004721058569185369
2026,70,0.004946031172535895
2026,71,0.005185918237582919
2026,72,0.005441654983018066
2026,73,0.005714216531325286
2026,74,0.006004615809242814
2026,75,0.006313900498924667
2026,76,0.00664314888839103
2026,77,0.006993464431839455
2026,78,0.00736596882804444
2026,79,0.007761793406350281
2026,80,0.008182068596050338
2026,81,0.008627911232245974
2026,82,0.009100409469234912
2026,83,0.009321951889956716
2026,84,0.009525573895486146
2026,85,0.00974333230624927
2026,86,0.009977132197643457
2026,87,0.010228603916293977
2026,88,0.010499082948144141
2026,89,0.010789632874996433
2026,90,0.01110107364440276
2026,91,0.011434005345709467
2026,92,0.011788824900455826
2026,93,0.012165735257731982
2026,94,0.012564747278766893
2026,95,0.012985674758163559
2026,96,0.013428123026906944
2026,97,0.013891471643842267
2026,98,0.014374851667221921
2026,99,0.014877118059505675
2026,100,0.015396817821133257
2026,101,0.015932154539770732
2026,102,0.016480950159693846
2026,103,0.017040604926375172
2026,104,0.01760805662821353
2026,105,0.018179740478989303
2026,106,0.01875155118913044
2026,107,0.019318809035954655
2026,108,0.019876231956417235
2026,109,0.020417915927305314
2026,110,0.0207701119003185
2026,111,0.02102191130265951
2026,112,0.021239303145863208
2026,113,0.021416364225764036
2026,114,0.021546883349858367
2026,115,0.021624409734949532
2026,116,0.021642312741152976
2026,117,0.02159385223706751
2026,118,0.021472257968670624
2026,119,0.021270815234184375
2026,120,0.02098295276796864
2026,121,0.020602327068166802
2026,122,0.020122895422700068
2026,123,0.0195389673941418
2026,124,0.018845221592153218
2026,125,0.018036670866986487
2026,126,0.01710855456715935
2026,127,0.016056131154513115
2026,128,0.01487433911989422
2026,129,0.01355729249205112
2026,130,0.01209759298616119
2026,131,0.010485522385641596
2026,132,0.008708503687269949
2026,133,0.0067524974904334375
2026,134,0.004612515122424058
2026,135,0.002348319846687808
2026,136,0.0004272216022500004
2032,1,7.737812945581261e-09
2032,2,9.422388487550495e-08
2032,3,3.2057009329716297e-07
2032,4,7.089023307828502e-07
2032,5,1.2835534903273492e-06
2032,6,2.0760987704222255e-06
2032,7,3.125512887006923e-06
2032,8,4.478136872220653e-06
2032,9,6.187782760431182e-06
2032,10,8.315931015960272e-06
2032,11,1.0931956309109593e-05
2032,12,1.4113332031861219e-05
2032,13,1.7945776476851995e-05
2032,14,2.2523312010537653e-05
2032,15,2.7948214700774148e-05
2032,16,3.433083618509057e-05
2032,17,4.178928451229449e-05
2032,18,5.0448954386703485e-05
2032,19,6.044190282686375e-05
2032,20,7.190607050892168e-05
2032,21,8.498435499217723e-05
2032,22,9.982354716197992e-05
2032,23,0.00011657314727261721
2032,24,0.00013538408221256364
2032,25,0.00015640734873184387
2032,26,0.00017979260997089548
2032,27,0.00020568677322810528
2032,28,0.00023059537637027617
2032,29,0.0002483633669153167
2032,30,0.00026673551558396857
2032,31,0.00028572323013214797
2032,32,0.00030534782440065134
2032,33,0.0003256422565866945
2032,34,0.0003466529181044793
2032,35,0.0003684414489730718
2032,36,0.00039108654851434247
2032,37,0.0004146857372588929
2032,38,0.0004393570123193588
2032,39,0.00046524032007460317
2032,40,0.0004924987473441881
2032,41,0.0005213193083124587
2032,42,0.0005519131707944073
2032,43,0.0005845151362602119
2032,44,0.0006193821506322993
2032,45,0.0006567905929771528
2032,46,0.0006970320653485952
2032,47,0.0007404074107621652
2032,48,0.0007872187339945577
2032,49,0.0008377593511029313
2032,50,0.0008923019252376313
2032,51,0.0009510857731306159
2032,52,0.001014305825714281
2032,53,0.0010821089322705251
2032,54,0.0011546100274435847
2032,55,0.0012300230331462525
2032,56,0.001292158451643546
2032,57,0.0013577976812626338
2032,58,0.0014271847742638177
2032,59,0.0015005795267009775
2032,60,0.001578258262034379
2032,61,0.001660514609795515
2032,62,0.0017476602727654297
2032,63,0.0018400257644422607
2032,64,0.0019379611022636886
2032,65,0.0020418364416950234
2032,66,0.002152042621681899
2032,67,0.00226899160512975
2032,68,0.0023931167778213237
2032,69,0.002524873074977707
2032,70,0.0026647368997338096
2032,71,0.0028132057855621974
2032,72,0.0029707977590007384
2032,73,0.0031380503482885706
2032,74,0.0033155191781361498
2032,75,0.003503776087149677
2032,76,0.00370340670172844
2032,77,0.003915007391832114
2032,78,0.004139181528390396
2032,79,0.00437653497115737
2032,80,0.004627670698162888
2032,81,0.00489318249973437
2032,82,0.005173647662651821
2032,83,0.005399150693798506
2032,84,0.005629386377602328
2032,85,0.005872758778969766
2032,86,0.006130066464923609
2032,87,0.006402142295088097
2032,88,0.0066898529784276935
2032,89,0.006994098157137589
2032,90,0.007315808907204056
2032,91,0.007655945546276452
2032,92,0.008015494604806501
2032,93,0.008395464782926142
2032,94,0.008796881708345798
2032,95,0.009220781238580117
2032,96,0.009668201051651478
2032,97,0.010140170175444135
2032,98,0.010637696075386074
2032,99,0.011161748854461452
2032,100,0.01171324201834038
2032,101,0.012293009191227323
2032,102,0.012901776061053265
2032,103,0.013540126693484164
2032,104,0.014208463225617543
2032,105,0.01490695775238577
2032,106,0.015635494940759442
2032,107,0.01639360353078883
2032,108,0.017180374160362985
2032,109,0.017994360171001936
2032,110,0.01880225955300221
2032,111,0.0196233595501407
2032,112,0.02046942513697494
2032,113,0.02133739340586956
2032,114,0.0222232067882027
2032,115,0.023121619769853663
2032,116,0.02402597124212159
2032,117,0.02492791565059575
2032,118,0.025817104442696946
2032,119,0.026680806959486814
2032,120,0.027503457017601547
2032,121,0.02826610756881244
2032,122,0.0289457708458647
2032,123,0.029514615258147563
2032,124,0.02993898291768207
2032,125,0.030178183727653202
2032,126,0.03018301590920286
2032,127,0.029893964815957783
2032,128,0.02923905902639743
2032,129,0.02813145907561056
2032,130,0.02646713848453562
2032,131,0.024123822653983176
2032,132,0.020964686888131794
2032,133,0.016857538696790908
2032,134,0.01174513527234366
2032,135,0.005903702167829468
2032,136,0.001004748567309404
204,1,2.6784849141071277e-09
204,2,3.348768140974286e-08
204,3,1.1823341599448081e-07
204,4,2.713414169456445e-07
204,5,5.084630001794767e-07
204,6,8.482070079140628e-07
204,7,1.3122157940570803e-06
204,8,1.92504769570171e-06
204,9,2.714003455744309e-06
204,10,3.7089085908531365e-06
204,11,4.94185473397106e-06
204,12,6.446908370306771e-06
204,13,8.259800894972798e-06
204,14,1.041761760798599e-05
204,15,1.2958504505501437e-05
204,16,1.5921410997180258e-05
204,17,1.934588386124612e-05
204,18,2.3271923861122713e-05
204,19,2.7739911209008567e-05
204,20,3.279060099897506e-05
204,21,3.8465184445794255e-05
204,22,4.4805407245857393e-05
204,23,5.185373307785656e-05
204,24,5.965353770236268e-05
204,25,6.824931816042797e-05
204,26,7.768690164325535e-05
204,27,8.801363975148868e-05
204,28,9.92785759986155e-05
204,29,0.00011153259631826273
204,30,0.0001248285657848492
204,31,0.00013922127183553206
204,32,0.00015476733374446324
204,33,0.00017152510396420994
204,34,0.0001895545464447288
204,35,0.00020891709443011017
204,36,0.00022967549939042703
204,37,0.0002518936856795965
204,38,0.0002756366257810655
204,39,0.0003009702525053604
204,40,0.00032796142200096964
204,41,0.00035667794051251716
204,42,0.000387188666039218
204,43,0.00041956369196682804
204,44,0.0004538746186326986
204,45,0.0004901949132673231
204,46,0.0005286003570130465
204,47,0.0005691695731938984
204,48,0.0006119846272817587
204,49,0.0006571316845878757
204,50,0.0007047017072645279
204,51,0.0007547911658155216
204,52,0.0008075027342863549
204,53,0.0008629459309559009
204,54,0.0009212376601385848
204,55,0.0009825026225351288
204,56,0.001046873687648137
204,57,0.0011144924036317803
204,58,0.0011855095052820332
204,59,0.0012600855096311248
204,60,0.0013383913514796442
204,61,0.0014206090393952648
204,62,0.0015069323310791074
204,63,0.0015975674324511537
204,64,0.0016927337187668593
204,65,0.0017926644795272406
204,66,0.0018976076869526254
204,67,0.002007826790948701
204,68,0.002123601535931488
204,69,0.0022452288050468366
204,70,0.0023730234850556585
204,71,0.0025073193579044344
204,72,0.0026484700078995833
204,73,0.002796849749508663
204,74,0.0029528545683232565
204,75,0.0031169030695073086
204,76,0.0032894374275619135
204,77,0.0034709243308417973
204,78,0.0036618559040276586
204,79,0.0038627506008482226
204,80,0.004074154044827838
204,81,0.00429663979859918
204,82,0.004530810034560163
204,83,0.00477729274801262
204,84,0.005036727316184544
204,85,0.00530975572254084
204,86,0.005597034834076291
204,87,0.005899240017661427
204,88,0.00621706401372734
204,89,0.006551214811510679
204,90,0.006902413194944863
204,91,0.007271390127361106
204,92,0.007658884060513647
204,93,0.008065638216783171
204,94,0.008492397901409498
204,95,0.008939907862830639
204,96,0.009408909733351309
204,97,0.009900139509583818
204,98,0.010414325004892614
204,99,0.010952183102859394
204,100,0.011514416566957945
204,101,0.012101710001220132
204,102,0.012714724417272545
204,103,0.013354089644752857
204,104,0.014020393597147981
204,105,0.01471416710764315
204,106,0.015435862746975382
204,107,0.01618582562830157
204,108,0.01696425377970558
204,109,0.0177711451584416
204,110,0.018606227841832784
204,111,0.019468871254244135
204,112,0.020357971832503322
204,113,0.02127180652212699
204,114,0.022207846990332354
204,115,0.02316252665952347
204,116,0.024130951499974407
204,117,0.025106544683477946
204,118,0.026080614433723445
204,119,0.02704183389356566
204,120,0.02797562153871632
204,121,0.028863410872713866
204,122,0.02968179836768578
204,123,0.030401559342380844
204,124,0.030986521667857567
204,125,0.03139228686664337
204,126,0.03156478645050515
204,127,0.031438658536318845
204,128,0.030935429759537135
204,129,0.029961506356747294
204,130,0.028406072754560703
204,131,0.026139356651685233
204,132,0.02301301271230972
204,133,0.018869143645394715
204,134,0.013583933657363503
204,135,0.007268306875235233
204,136,0.0014040796561596968
2050,1,5.4305157427139685e-14
2050,2,1.6532697126161774e-12
2050,3,1.0443006673130061e-11
2050,4,3.650818356610473e-11
2050,5,9.522571222831561e-11
2050,6,2.0902403258519535e-10
2050,7,4.0955952169454717e-10
2050,8,7.402593150623212e-10
2050,9,1.2592116155761188e-09
2050,10,2.0423705446903037e-09
2050,11,3.187016060500211e-09
2050,12,4.815388417919619e-09
2050,13,7.078396807773766e-09
2050,14,1.0159280662867791e-08
2050,15,1.427710108116695e-08
2050,16,1.968993559486267e-08
2050,17,2.669766352621247e-08
2050,18,3.564424472547599e-08
2050,19,4.6919438957973516e-08
2050,20,6.095993772529191e-08
2050,21,7.824994353773907e-08
2050,22,9.932126423032156e-08
2050,23,1.247530643631412e-07
2050,24,1.5517143825728936e-07
2050,25,1.9124905120129523e-07
2050,26,2.337050909893229e-07
2050,27,2.8330585547018805e-07
2050,28,3.4086627084373077e-07
2050,29,4.0725432475474464e-07
2050,30,4.833977629632517e-07
2050,31,5.70288389668332e-07
2050,32,6.689902587107833e-07
2050,33,7.806520696911243e-07
2050,34,9.065234019873996e-07
2050,35,1.0479753644033704e-06
2050,36,1.2065262170926962e-06
2050,37,1.3838725265359392e-06
2050,38,1.5819262420524323e-06
2050,39,1.8028578499055142e-06
2050,40,2.0491452876639134e-06
2050,41,2.323627927334465e-06
2050,42,2.629564038452767e-06
2050,43,2.9706891720879393e-06
2050,44,3.351271823722009e-06
2050,45,3.7761611172442054e-06
2050,46,4.250820080799814e-06
2050,47,4.781336473330665e-06
2050,48,5.374402802895385e-06
2050,49,6.03725786927894e-06
2050,50,6.777586112787494e-06
2050,51,7.603380659620795e-06
2050,52,8.522796994436067e-06
2050,53,9.544067633328417e-06
2050,54,1.0675637945824205e-05
2050,55,1.1926815905299046e-05
2050,56,1.3308622187247184e-05
2050,57,1.483373225697555e-05
2050,58,1.6516168126177228e-05
2050,59,1.837136932065265e-05
2050,60,2.041635066025299e-05
2050,61,2.266987923402332e-05
2050,62,2.515267272317058e-05
2050,63,2.7887621831926e-05
2050,64,3.090004011370389e-05
2050,65,3.4217944486302943e-05
2050,66,3.787237069935845e-05
2050,67,4.189772813037926e-05
2050,68,4.6332199241805024e-05
2050,69,5.1218189882061765e-05
2050,70,5.6602836882555034e-05
2050,71,6.253858116073781e-05
2050,72,6.908381504105491e-05
2050,73,7.630361465227742e-05
2050,74,8.427056832108299e-05
2050,75,9.306571595419307e-05
2050,76,0.00010277961377158554
2050,77,0.00011351354386930815
2050,78,0.00012538088869170586
2050,79,0.00013850869546166853
2050,80,0.00015303945822132153
2050,81,0.00016913315094382642
2050,82,0.0001869695490671192
2050,83,0.00020674961450862676
2050,84,0.0002286952814327182
2050,85,0.00025305324126590693
2050,86,0.0002801025390531437
2050,87,0.00031015877709621544
2050,88,0.0003435787959849648
2050,89,0.00038076624889710013
2050,90,0.0004221781482534981
2050,91,0.0004683325090565135
2050,92,0.0005198172595520364
2050,93,0.0005773006356322637
2050,94,0.0006415433211784086
2050,95,0.0007134126537656733
2050,96,0.0007938992782949658
2050,97,0.0008841367073561397
2050,98,0.0009854243393993126
2050,99,0.001099254593313508
2050,100,0.0012273449495386998
2050,101,0.0013716758384460677
2050,102,0.001534535507545199
2050,103,0.0017185732113675473
2050,104,0.001926862337604514
2050,105,0.002162975394871476
2050,106,0.002431073166009001
2050,107,0.002736010794391543
2050,108,0.003083464136206294
2050,109,0.0034800805044894923
2050,110,0.0039336598245906275
2050,111,0.004453376822170653
2050,112,0.005050050130875645
2050,113,0.005736464649511886
2050,114,0.006527760655132092
2050,115,0.0074419036419014935
2050,116,0.008500251127041811
2050,117,0.00972823516320187
2050,118,0.011156181479805134
2050,119,0.012820287374050532
2050,120,0.014763779235045477
2050,121,0.017038264278584153
2050,122,0.019705274435253033
2050,123,0.022837963311887848
2050,124,0.026522839654927275
2050,125,0.030861262504831427
2050,126,0.035970100346299945
2050,127,0.0419802889910747
2050,128,0.049030608065547425
2050,129,0.05725088759045531
2050,130,0.06672169728224442
2050,131,0.07738005728961507
2050,132,0.08879444774010421
2050,133,0.09959769642743285
2050,134,0.10592317129911372
2050,135,0.09653788515834943
2050,136,0.041016645134564676
2084,1,2.5747111721131127e-06
2084,2,2.669529197525103e-05
2084,3,8.040705468222327e-05
2084,4,0.0001602009117454569
2084,5,0.00026330759669077183
2084,6,0.0003878873410281142
2084,7,0.0005325651981531509
2084,8,0.0006961527980830903
2084,9,0.0008775007143760208
2084,10,0.0010754240954413143
2084,11,0.0012886695813781588
2084,12,0.0015159061144992656
2084,13,0.001755729765632542
2084,14,0.002006676589055432
2084,15,0.0022672396639019476
2084,16,0.002535887708692672
2084,17,0.0028110834541852582
2084,18,0.0030913004467894092
2084,19,0.0033750373753595924
2084,20,0.0036608292927843467
2084,21,0.003947255351871829
2084,22,0.0042329429268577095
2084,23,0.004516568170118674
2084,24,0.004796853232705831
2084,25,0.005072560588181561
2084,26,0.005342484995299371
2084,27,0.005605443809351343
2084,28,0.005845398810678209
2084,29,0.006044506833799636
2084,30,0.006239372871260717
2084,31,0.006430657840420553
2084,32,0.006619027776274412
2084,33,0.0068051317472024855
2084,34,0.006989580438235666
2084,35,0.007172925592219194
2084,36,0.00735564060563223
2084,37,0.007538102615659593
2084,38,0.007720576554515786
2084,39,0.007903201654139628
2084,40,0.008085981039027683
2084,41,0.008268775038537365
2084,42,0.008451298905589322
2084,43,0.008633125690406378
2084,44,0.008813694959348868
2084,45,0.008992328122174232
2084,46,0.009168251065778768
2084,47,0.009340624860600699
2084,48,0.00950858526923481
2084,49,0.009671291869129864
2084,50,0.009827987479029604
2084,51,0.009978068187406082
2084,52,0.010121162396047495
2084,53,0.010257210092405612
2084,54,0.010386504214243008
2084,55,0.010508828683630005
2084,56,0.01062053211414009
2084,57,0.010729179259812092
2084,58,0.010834724253842456
2084,59,0.010937085526415851
2084,60,0.011036145022225595
2084,61,0.011131747601850497
2084,62,0.011223700635141347
2084,63,0.011311773786004765
2084,64,0.011395699018286656
2084,65,0.011475170840510581
2084,66,0.01154984679099823
2084,67,0.011619348209134274
2084,68,0.011683261302606227
2084,69,0.011741138544872205
2084,70,0.011792500415252762
2084,71,0.011836837530668593
2084,72,0.011873613174927555
2084,73,0.011902266260145643
2084,74,0.011922214746469524
2084,75,0.011932859528142136
2084,76,0.01193358882361079
2084,77,0.01192378306504743
2084,78,0.011902820301339196
2084,79,0.011870082115856528
2084,80,0.011824960058086453
2084,81,0.01176686256101482
2084,82,0.011695222332192782
2084,83,0.011691103252848438
2084,84,0.011687944066259167
2084,85,0.011676760778442144
2084,86,0.01165728366199789
2084,87,0.011629224389632521
2084,88,0.011592277945147854
2084,89,0.011546124858494088
2084,90,0.01149043374547914
2084,91,0.011424864204091232
2084,92,0.011349070072361748
2084,93,0.011262703085574428
2084,94,0.011165416936918691
2084,95,0.011056871769071884
2084,96,0.010936739087935554
2084,97,0.010804707109992965
2084,98,0.010660486516640083
2084,99,0.010503816585768915
2084,100,0.010334471663490202
2084,101,0.010152267896465249
2084,102,0.009957070157956811
2084,103,0.00974879906604335
2084,104,0.009527437979147827
2084,105,0.009293039886007009
2084,106,0.009045734130562467
2084,107,0.008785733126922744
2084,108,0.008513339917826225
2084,109,0.00822896040245417
2084,110,0.007975334601999942
2084,111,0.007728142104685946
2084,112,0.00746955193294808
2084,113,0.007200009308248825
2084,114,0.006920031516064201
2084,115,0.006630207341788377
2084,116,0.006331195466697825
2084,117,0.006023721824813513
2084,118,0.005708575968541078
2084,119,0.00538660650496351
2084,120,0.005058715696035509
2084,121,0.004725853348417106
2084,122,0.004389010123698055
2084,123,0.004049210460006716
2084,124,0.0037075053719047963
2084,125,0.0033649655846562697
2084,126,0.0030226758912258126
2084,127,0.002681732520271895
2084,128,0.002343247296579394
2084,129,0.002008366699128383
2084,130,0.001678323779887146
2084,131,0.0013545645121183071
2084,132,0.0010390510424252947
2084,133,0.0007350178668382443
2084,134,0.00044902174897130416
2084,135,0.0001973278063432133
2084,136,2.9361575973058025e-05
21,1,2.319224074047323e-10
21,2,5.52327331247298e-09
21,3,2.822564215107201e-08
21,4,8.152258607881231e-08
21,5,1.782570106579876e-07
21,6,3.316799004504938e-07
21,7,5.559413237144665e-07
21,8,8.663651099986184e-07
21,9,1.2795938574652503e-06
21,10,1.8136500757527444e-06
21,11,2.487936553905052e-06
21,12,3.323188006757363e-06
21,13,4.341380608280907e-06
21,14,5.565604208082177e-06
21,15,7.019900093360862e-06
21,16,8.729066329224337e-06
21,17,1.0718433423411054e-05
21,18,1.3013610706186258e-05
21,19,1.564020537941999e-05
21,20,1.8623513593044105e-05
21,21,2.1988183612355104e-05
21,22,2.5757851675820567e-05
21,23,2.9954746825796136e-05
21,24,3.4599266399235955e-05
21,25,3.9709519722273175e-05
21,26,4.530083984938244e-05
21,27,5.138526437100263e-05
21,28,5.7961773040221885e-05
21,29,6.507240845936695e-05
21,30,7.279286433860713e-05
21,31,8.115937210101436e-05
21,32,9.021005530735149e-05
21,33,9.99849326073781e-05
21,34,0.00011052592337249936
21,35,0.00012187684203373512
21,36,0.0001340833789419439
21,37,0.00014719306928702428
21,38,0.00016125524760277722
21,39,0.00017632099122863473
21,40,0.000192443050890194
21,41,0.0002096757678910675
21,42,0.00022807497637466665
21,43,0.00024769788967239723
21,44,0.000268602967727122
21,45,0.00029084976281140766
21,46,0.00031449873703030687
21,47,0.00033961105067805433
21,48,0.00036624831264068874
21,49,0.0003944722891213883
21,50,0.00042434456094978803
21,51,0.00045592611987003756
21,52,0.0004892769009915899
21,53,0.000524455224881417
21,54,0.0005615171462381538
21,55,0.0006006282552243578
21,56,0.0006429263364164102
21,57,0.0006876484485764079
21,58,0.0007349160410005237
21,59,0.0007848551879956024
21,60,0.0008375964035176637
21,61,0.0008932743917179918
21,62,0.000952027722971739
21,63,0.0010139984291757155
21,64,0.0010793315092236782
21,65,0.0011481743382219722
21,66,0.0012206759644339408
21,67,0.0012969862943786011
21,68,0.0013772551470422896
21,69,0.0014616311709829224
21,70,0.0015502606160721765
21,71,0.0016432859454497061
21,72,0.0017408442834526872
21,73,0.0018430656814406117
21,74,0.0019500712044949872
21,75,0.002061970820234336
21,76,0.002178861085939532
21,77,0.002300822634823047
21,78,0.0024279174438821202
21,79,0.0025601858965268245
21,80,0.0026976436291801216
21,81,0.0028402781693687112
21,82,0.0029880453779036927
21,83,0.0031715633954109835
21,84,0.0033689465635447793
21,85,0.003577586949968613
21,86,0.003798031248447045
21,87,0.004030846227899907
21,88,0.004276619494299822
21,89,0.004535958873292673
21,90,0.0048094915184522195
21,91,0.005097862989107699
21,92,0.005401736376994015
21,93,0.005721791513046727
21,94,0.006058724256576951
21,95,0.006413245889810499
21,96,0.00678608261413022
21,97,0.007177975137157469
21,98,0.007589678333680316
21,99,0.008021960928118662
21,100,0.008475605116204796
21,101,0.00895140599862895
21,102,0.009450170635657774
21,103,0.009972716481644002
21,104,0.010519868825943676
21,105,0.011092456799802577
21,106,0.01169130734801731
21,107,0.012317236417907306
21,108,0.012971036426200613
21,109,0.013653458855727857
21,110,0.014453889744340054
21,111,0.015339603855390039
21,112,0.01627837513363497
21,113,0.017273212775984245
21,114,0.018327117526072727
21,115,0.019442995670424235
21,116,0.020623539075786585
21,117,0.02187106065842272
21,118,0.02318727130119961
21,119,0.02457297940651141
21,120,0.02602768730543448
21,121,0.027549048226746198
21,122,0.029132131255197643
21,123,0.03076841576567665
21,124,0.032444394366256915
21,125,0.03413959185300207
21,126,0.03582368381423113
21,127,0.03745217728168451
21,128,0.038959706963425524
21,129,0.04024921541940524
21,130,0.04117370987381711
21,131,0.041503967063129414
21,132,0.040868180567238545
21,133,0.03863243440176161
21,134,0.03365234805336096
21,135,0.02379449381895879
21,136,0.00704079405943641
2116,1,4.285279066868035e-06
2116,2,4.772244554008845e-05
2116,3,0.00014764062623213195
2116,4,0.0002950396353036167
2116,5,0.0004804129879747702
2116,6,0.0006961908213560809
2116,7,0.0009362578865119834
2116,8,0.0011954663282893224
2116,9,0.0014693226728730768
2116,10,0.0017538006703786667
2116,11,0.002045230672552365
2116,12,0.0023402334900263777
2116,13,0.0026356795835366237
2116,14,0.002928662496298972
2116,15,0.0032164803613825457
2116,16,0.0034966222398883466
2116,17,0.00376675775207006
2116,18,0.004024729408852244
2116,19,0.004268547527445281
2116,20,0.004496387742891044
2116,21,0.0047065911215673556
2116,22,0.004897666742592024
2116,23,0.005068296486335957
2116,24,0.005217341571670998
2116,25,0.005343850297586262
2116,26,0.005447066333293244
2116,27,0.005526436878849389
2116,28,0.005667568404504729
2116,29,0.006000637866208446
2116,30,0.006332657542876801
2116,31,0.00666247877130334
2116,32,0.0069889685450462554
2116,33,0.007311013258417676
2116,34,0.007627522948327928
2116,35,0.0079374350512393
2116,36,0.008239717489035682
2116,37,0.008533371087211989
2116,38,0.00881743133288814
2116,39,0.00909096955020216
2116,40,0.009353093562999133
2116,41,0.009602947959113935
2116,42,0.009839714053979664
2116,43,0.01006260970653239
2116,44,0.01027088908699082
2116,45,0.01046384253149653
2116,46,0.010640796610932705
2116,47,0.01080111449524194
2116,48,0.010944196733149884
2116,49,0.01106948248512947
2116,50,0.011176451286995374
2116,51,0.011264625362590626
2116,52,0.011333572495698056
2116,53,0.011382909444525809
2116,54,0.01141230588962745
2116,55,0.011443541525171071
2116,56,0.011656326273586277
2116,57,0.01185448047307477
2116,58,0.012037284995658253
2116,59,0.012204044576341598
2116,60,0.012354090546463204
2116,61,0.012486783928705352
2116,62,0.01260151892121727
2116,63,0.012697726704773073
2116,64,0.01277487957950645
2116,65,0.012832495366300194
2116,66,0.012870142049743242
2116,67,0.012887442592224371
2116,68,0.012884079875781902
2116,69,0.012859801715696437
2116,70,0.012814425847957146
2116,71,0.012747844873429077
2116,72,0.012660031021073282
2116,73,0.012551040714659185
2116,74,0.012421018805803553
2116,75,0.012270202434071193
2116,76,0.012098924405844206
2116,77,0.011907615998411477
2116,78,0.01169680913349738
2116,79,0.01146713779281837
2116,80,0.011219338609776959
2116,81,0.01095425055405033
2116,82,0.010672813618002703
2116,83,0.010715071358862795
2116,84,0.010777088073097912
2116,85,0.010820346468961862
2116,86,0.01084421545044201
2116,87,0.010848183657173905
2116,88,0.010831866275405262
2116,89,0.01079500890800269
2116,90,0.010737490654401641
2116,91,0.010659326026258157
2116,92,0.010560665166343219
2116,93,0.010441791944846306
2116,94,0.010303119751937852
2116,95,0.010145184959686426
2116,96,0.009968638243515317
2116,97,0.009774234071114878
2116,98,0.009562818829165912
2116,99,0.009335318127077576
2116,100,0.009092723867031267
2116,101,0.008836081687901155
2116,102,0.00856647933677462
2116,103,0.008285036453392382
2116,104,0.007992896154522517
2116,105,0.007691218636230588
2116,106,0.007381176900891805
2116,107,0.007063954527741277
2116,108,0.006740745263584902
2116,109,0.006412754073656214
2116,110,0.006167312854593232
2116,111,0.005948595653995251
2116,112,0.005719048037029776
2116,113,0.005479416285517869
2116,114,0.005230525771892683
2116,115,0.00497328981379776
2116,116,0.004708717162891589
2116,117,0.004437917264481792
2116,118,0.00416210241497761
2116,119,0.0038825860308822117
2116,120,0.003600776355182377
2116,121,0.0033181651217950715
2116,122,0.003036310919637027
2116,123,0.0027568172871567354
2116,124,0.002481305871602888
2116,125,0.002211385336506503
2116,126,0.001948617086428794
2116,127,0.0016944793573908
2116,128,0.0014503319488809014
2116,129,0.001217385236061585
2116,130,0.0009966801935683061
2116,131,0.0007890940030571869
2116,132,0.0005954078326320035
2116,133,0.0004165421682812959
2116,134,0.00025431413788092847
2116,135,0.00011418939829318228
2116,136,1.8115041294025886e-05
2117,1,4.599485280691133e-11
2117,2,1.2208296563393791e-09
2117,3,6.9524683263243145e-09
2117,4,2.2268270316193946e-08
2117,5,5.3662927532184834e-08
2117,6,1.0933833572147371e-07
2117,7,1.9941837702369179e-07
2117,8,3.3611172197479056e-07
2117,9,5.338181037811882e-07
2117,10,8.091746939928766e-07
2117,11,1.1810402249514768e-06
2117,12,1.6704166203092162e-06
2117,13,2.3003102800261765e-06
2117,14,3.09553798183185e-06
2117,15,4.082484538043138e-06
2117,16,5.288822606023445e-06
2117,17,6.74320460463406e-06
2117,18,8.474942513275702e-06
2117,19,1.0513686695705186e-05
2117,20,1.2889121559494397e-05
2117,21,1.563068980777351e-05
2117,22,1.876736115990909e-05
2117,23,2.2327455957985047e-05
2117,24,2.6338535804612413e-05
2117,25,3.0827365409634986e-05
2117,26,3.581995456394442e-05
2117,27,4.134167575182957e-05
2117,28,4.741746073889725e-05
2117,29,5.407234755519493e-05
2117,30,6.133248775470432e-05
2117,31,6.922540629474033e-05
2117,32,7.778042171741277e-05
2117,33,8.70293211353815e-05
2117,34,9.70071106383532e-05
2117,35,0.00010775279205013671
2117,36,0.00011931013474348935
2117,37,0.00013172841481961506
2117,38,0.00014506308069773657
2117,39,0.00015937631307296504
2117,40,0.00017473742759898243
2117,41,0.0001912230837735458
2117,42,0.00020891724729914043
2117,43,0.00022791087115550126
2117,44,0.00024830125489491456
2117,45,0.0002701910582456569
2117,46,0.0002936869630282076
2117,47,0.000318898002796224
2117,48,0.0003459336182686904
2117,49,0.000374901551146732
2117,50,0.00040590576824698645
2117,51,0.00043904474097257153
2117,52,0.0004744105939939981
2117,53,0.0005120900103305533
2117,54,0.0005521685263244617
2117,55,0.0005947413296766273
2117,56,0.000639925503504822
2117,57,0.0006878553920312301
2117,58,0.0007386742582076691
2117,59,0.000792533297938794
2117,60,0.0008495921680170667
2117,61,0.0009100195532862616
2117,62,0.0009739937679332751
2117,63,0.0010417034051405638
2117,64,0.0011133480182997442
2117,65,0.001189138855865442
2117,66,0.001269299631289595
2117,67,0.0013540673459574795
2117,68,0.0014436931509058037
2117,69,0.001538443262915373
2117,70,0.0016385999207629745
2117,71,0.001744462395700968
2117,72,0.0018563480464319458
2117,73,0.001974593427253088
2117,74,0.0020995554409356716
2117,75,0.002231612543956218
2117,76,0.002371165999328751
2117,77,0.0025186411764104707
2117,78,0.0026744888974075355
2117,79,0.002839186825996098
2117,80,0.0030132408954718884
2117,81,0.0031971867656750133
2117,82,0.003391591311811396
2117,83,0.003597009572051209
2117,84,0.00381386354033649
2117,85,0.004042468113060607
2117,86,0.00428320996992054
2117,87,0.0045365647523423445
2117,88,0.004803092041078796
2117,89,0.0050834336140083555
2117,90,0.005378314759032174
2117,91,0.005688547358267922
2117,92,0.006015033708983965
2117,93,0.006358770353285725
2117,94,0.0067208512957616815
2117,95,0.007102470096010795
2117,96,0.007504920334529157
2117,97,0.007929593971544349
2117,98,0.008377977142345809
2117,99,0.008851642890555393
2117,100,0.009352240366625268
2117,101,0.009881480006209713
2117,102,0.0104411141781881
2117,103,0.011032912804764448
2117,104,0.011658633467822454
2117,105,0.01231998554738284
2117,106,0.013018588087978082
2117,107,0.01375592143019592
2117,108,0.014533273839166392
2117,109,0.015351687894159038
2117,110,0.016211915375264143
2117,111,0.017114363288826755
2117,112,0.018059003184312906
2117,113,0.01904528362093306
2117,114,0.02007204007865833
2117,115,0.02113739794060519
2117,116,0.02223866788319754
2117,117,0.023372232079632373
2117,118,0.02453341814114479
2117,119,0.025716355357153883
2117,120,0.02691380402515446
2117,121,0.028116942606573242
2117,122,0.02931508773145498
2117,123,0.030495306141014172
2117,124,0.031641851053977904
2117,125,0.0327353097839642
2117,126,0.033751268529862676
2117,127,0.03465815191961584
2117,128,0.03541361112948934
2117,129,0.03595826601972267
2117,130,0.03620440378387947
2117,131,0.036014522721792105
2117,132,0.035158006028862335
2117,133,0.03321666356353977
2117,134,0.029358833903185774
2117,135,0.021755528141970838
2117,136,0.007225681615394016
213,1,0.010333529343506011
213,2,0.031193657314231
213,3,0.04141184145319543
213,4,0.045543011941955064
213,5,0.046623807173118
213,6,0.04611170197401918
213,7,0.04474981254734908
213,8,0.04294047652565164
213,9,0.040911618523892676
213,10,0.03879646613951975
213,11,0.03667434438200743
213,12,0.03459272528197342
213,13,0.032579694958721636
213,14,0.030651270477437667
213,15,0.028815829605271244
213,16,0.027076863405231556
213,17,0.02543472440766103
213,18,0.023887757314467312
213,19,0.02243304139377238
213,20,0.021066883791109346
213,21,0.019785150262139797
213,22,0.018583488128714108
213,23,0.017457476829494584
213,24,0.016402729241741593
213,25,0.01541495915222133
213,26,0.014490025296526796
213,27,0.013623959015681237
213,28,0.012812980440187267
213,29,0.012053656793470086
213,30,0.011342766062396236
213,31,0.010676914146516874
213,32,0.010052706579488984
213,33,0.009466938049037985
213,34,0.00891666912443622
213,35,0.008399242210678134
213,36,0.007912269772983805
213,37,0.0074536108619795
213,38,0.007021343770319694
213,39,0.0066137386716327564
213,40,0.0062292320928501125
213,41,0.005866404008331389
213,42,0.005523957819074235
213,43,0.0052007031474736645
213,44,0.0048955412743614405
213,45,0.004607452931856241
213,46,0.004335488166127694
213,47,0.004078757984060299
213,48,0.003836427503678406
213,49,0.0036077103640575962
213,50,0.003391864164729574
213,51,0.003188186749826037
213,52,0.002996013163754332
213,53,0.0028147131383365357
213,54,0.0026436889997214965
213,55,0.0024823738884501264
213,56,0.00233023029619266
213,57,0.0021867487619918226
213,58,0.0020514464590923685
213,59,0.001923866039256641
213,60,0.001803574595205167
213,61,0.001690162659179562
213,62,0.0015832432333813692
213,63,0.0014824508389476663
213,64,0.0013874405744670236
213,65,0.0012978871927477515
213,66,0.0012134841834555673
213,67,0.0011339428690671643
213,68,0.001058991512347042
213,69,0.0009883744438855921
213,70,0.0009218512013034549
213,71,0.0008591956926828463
213,72,0.0008001953796686939
213,73,0.0007446504879996848
213,74,0.0006923732397151253
213,75,0.0006431871155387806
213,76,0.0005969261460706278
213,77,0.0005534342301814016
213,78,0.0005125644847958893
213,79,0.0004741786252140373
213,80,0.0004381463735911547
213,81,0.00040434490090879494
213,82,0.0003726582960099001
213,83,0.00034302342775185284
213,84,0.00031550219610233435
213,85,0.0002901669834433227
213,86,0.0002669496618312719
213,87,0.0002456990155371763
213,88,0.00022623036927192216
213,89,0.00020835352449843542
213,90,0.00019188763715156395
213,91,0.00017666860514883834
213,92,0.00016255213829038449
213,93,0.00014941433511596853
213,94,0.00013715084467752706
213,95,0.0001256752553913906
213,96,0.00011491710277168252
213,97,0.00010481973432995424
213,98,9.533817506473239e-05
213,99,8.643708038254938e-05
213,100,7.808882657153529e-05
213,101,7.027176730459648e-05
213,102,6.296866987983167e-05
213,103,5.6165338051135365e-05
213,104,4.984942023765814e-05
213,105,4.4009400972840555e-05
213,106,3.863376921871867e-05
213,107,3.3710357581271966e-05
213,108,2.922584247957957e-05
213,109,2.5165396178060224e-05
213,110,2.1512480374255202e-05
213,111,1.824876841812894e-05
213,112,1.5354184334475227e-05
213,113,1.2807040868171094e-05
213,114,1.058426016151396e-05
213,115,8.661661547198797e-06
213,116,7.01430021983641e-06
213,117,5.616838761225577e-06
213,118,4.443933824361384e-06
213,119,3.470621109442726e-06
213,120,2.672681847621008e-06
213,121,2.0269768279894854e-06
213,122,1.511735668525977e-06
213,123,1.1067920380440854e-06
213,124,7.93758859166092e-07
213,125,5.561406526978874e-07
213,126,3.793834879176894e-07
213,127,2.508661300762006e-07
213,128,1.5983849232973586e-07
213,129,9.731549068613832e-08
213,130,5.593584926983739e-08
213,131,2.9795918175509384e-08
213,132,1.4268491588589932e-08
213,133,5.815651354537573e-09
213,134,1.803083056433449e-09
213,135,3.206181473969046e-10
213,136,1.271370281740556e-11
2132,1,5.424074154208734e-06
2132,2,6.105646024848236e-05
2132,3,0.00019022782653890547
2132,4,0.0003840582019807394
2132,5,0.0006331747953576771
2132,6,0.0009298465026159054
2132,7,0.001267277273325562
2132,8,0.0016391341009810386
2132,9,0.002039342475394962
2132,10,0.0024620366234582363
2132,11,0.0029015879927709507
2132,12,0.003352667336062201
2132,13,0.0038103149644344255
2132,14,0.004270005005071199
2132,15,0.004727696256882974
2132,16,0.0051798663195560535
2132,17,0.005623528245005912
2132,18,0.006056230491070712
2132,19,0.006476041861101166
2132,20,0.00688152361827347
2132,21,0.007271691168171375
2132,22,0.0076459677750163515
2132,23,0.008004132686518513
2132,24,0.008346265922454176
2132,25,0.00867269177864184
2132,26,0.008983922896694746
2132,27,0.009280606503487927
2132,28,0.009563474184982877
2132,29,0.009833347591770108
2132,30,0.010091169190593609
2132,31,0.010337856807436999
2132,32,0.010574227651654179
2132,33,0.010800973611678078
2132,34,0.011018645238069315
2132,35,0.011227639548965695
2132,36,0.011428192141394629
2132,37,0.01162037410784421
2132,38,0.011804093972481305
2132,39,0.011979104782166732
2132,40,0.012145016318402792
2132,41,0.012301312443896852
2132,42,0.012447373538114459
2132,43,0.012582504062803238
2132,44,0.01270596529293093
2132,45,0.012817013404385518
2132,46,0.012914943157703314
2132,47,0.012999137543226246
2132,48,0.013069123835193638
2132,49,0.013124636370310156
2132,50,0.013165685809988007
2132,51,0.013192632727129228
2132,52,0.01320625777486494
2132,53,0.013207804137532718
2132,54,0.013198915103311847
2132,55,0.013181216668023778
2132,56,0.013155572378271143
2132,57,0.013122248004917271
2132,58,0.01308139980970306
2132,59,0.013033174625714945
2132,60,0.012977711051308464
2132,61,0.012915140541171969
2132,62,0.012845588354374122
2132,63,0.012769174394763976
2132,64,0.012686013917272592
2132,65,0.012596218148757206
2132,66,0.012499894797266873
2132,67,0.012397148488578051
2132,68,0.01228808114704547
2132,69,0.012172792313098856
2132,70,0.012051379441467764
2132,71,0.011923938171414863
2132,72,0.01179056259695198
2132,73,0.011651345538689916
2132,74,0.011506378832495537
2132,75,0.011355753643734713
2132,76,0.011199560809041251
2132,77,0.01103789121761094
2132,78,0.010870836240141039
2132,79,0.010698488200006562
2132,80,0.010520940915572322
2132,81,0.010338290309578141
2132,82,0.01015063512446644
2132,83,0.009957958837191243
2132,84,0.00975989787971539
2132,85,0.00955598174660908
2132,86,0.00934608826679586
2132,87,0.009130375015305335
2132,88,0.008909182956359184
2132,89,0.008682969793655368
2132,90,0.008452263364482947
2132,91,0.008217627511993748
2132,92,0.007979636204817186
2132,93,0.007738853617864739
2132,94,0.0074958189285397854
2132,95,0.007251035129140136
2132,96,0.007004961449592796
2132,97,0.006758009070689255
2132,98,0.006510539897753739
2132,99,0.006262868092280092
2132,100,0.006015264087291225
2132,101,0.0057679607144145145
2132,102,0.00552116107313616
2132,103,0.005275047732560166
2132,104,0.0050297928342067375
2132,105,0.004785568705036837
2132,106,0.004542558653285894
2132,107,0.004300967778898115
2132,108,0.004061034168782503
2132,109,0.0038230422492212704
2132,110,0.00358733964093287
2132,111,0.0033543437450212626
2132,112,0.003124525633269738
2132,113,0.0028984058896779617
2132,114,0.0026765522969174047
2132,115,0.002459575290348445
2132,116,0.002248121200601978
2132,117,0.002042863377243478
2132,118,0.0018444913717961858
2132,119,0.0016536984450738939
2132,120,0.0014711677374439954
2132,121,0.0012975575086348386
2132,122,0.0011334859278824341
2132,123,0.0009795159500426247
2132,124,0.0008361408842081395
2132,125,0.000703771322669351
2132,126,0.0005827241838548133
2132,127,0.00047321473379476357
2132,128,0.00037535261701584306
2132,129,0.00028914322041242784
2132,130,0.00021449621889876836
2132,131,0.00015124415900173293
2132,132,9.917587986456447e-05
2132,133,5.809315538107134e-05
2132,134,2.7903530068490207e-05
2132,135,8.746287030417191e-06
2132,136,7.68847752616652e-07
218,1,2.738900906240462e-08
218,2,7.578182068371333e-07
218,3,4.075516446913036e-06
218,4,1.1820025128494353e-05
218,5,2.5302313956107296e-05
218,6,4.539944096515355e-05
218,7,7.267671105974217e-05
218,8,0.00010747532793839971
218,9,0.00014997097754803094
218,10,0.00020021261793162624
218,11,0.0002581480917019792
218,12,0.0003236413630657997
218,13,0.00039648384976945976
218,14,0.0004764020121695242
218,15,0.0005630622712556082
218,16,0.0006560742703297716
218,17,0.0007549929367286823
218,18,0.0008593199402677513
218,19,0.0009685047997156544
218,20,0.0010819460106291658
218,21,0.00119899230075547
218,22,0.0013189442835652308
218,23,0.0014410567076708401
218,24,0.0015645412268374677
218,25,0.0016885700855544384
218,26,0.0018122805208285852
218,27,0.0019347801667651933
218,28,0.0020682803872193777
218,29,0.002234852573716102
218,30,0.002406265040138201
218,31,0.002582096126727881
218,32,0.0027619754694250594
218,33,0.002945557978973348
218,34,0.0031325141781674572
218,35,0.0033225246272381814
218,36,0.0035152758958658043
218,37,0.003710457060256354
218,38,0.0039077564559182295
218,39,0.004106858632982616
218,40,0.004307441296185111
218,41,0.004509172305585255
218,42,0.004711706828235848
218,43,0.004914684495783509
218,44,0.00511772676301923
218,45,0.005320434387134
218,46,0.00552238512958699
218,47,0.005723131681944377
218,48,0.005922199878234562
218,49,0.006119087170110768
218,50,0.006313261513572756
218,51,0.006504160586789353
218,52,0.006691191465536508
218,53,0.006873730728564947
218,54,0.0070511251001641705
218,55,0.007229413520153696
218,56,0.0074647644471245184
218,57,0.007698705242242563
218,58,0.007930765845629871
218,59,0.00816044524994042
218,60,0.008387210178534317
218,61,0.008610493977443309
218,62,0.008829695880744734
218,63,0.009044180611768007
218,64,0.009253278388468095
218,65,0.009456285423336241
218,66,0.0096524648644575
218,67,0.00984104830994993
218,68,0.01002123788192735
218,69,0.010192208968398658
218,70,0.010353113560739256
218,71,0.010503084327424073
218,72,0.010641239398840626
218,73,0.010766687851129943
218,74,0.010878535998206313
218,75,0.010975894355846956
218,76,0.011057885388640375
218,77,0.01112365195319655
218,78,0.011172366372415943
218,79,0.011203240165222289
218,80,0.011215534271670552
218,81,0.0112085697521162
218,82,0.011181738783892675
218,83,0.011363620712892908
218,84,0.011594103661288178
218,85,0.011853802262513867
218,86,0.012134939260584008
218,87,0.012429666107715684
218,88,0.012731110214721316
218,89,0.013033308379032724
218,90,0.01333101961009199
218,91,0.013619563185038553
218,92,0.013894697901776165
218,93,0.014152536454490152
218,94,0.014389486969130722
218,95,0.014602215214676157
218,96,0.014787622779885354
218,97,0.014942837765683581
218,98,0.01506521545075886
218,99,0.015152346948285822
218,100,0.015202074265319148
218,101,0.015212510328311201
218,102,0.015182062677106832
218,103,0.015109459586694915
218,104,0.014993777333536325
218,105,0.014834467307726834
218,106,0.014631381674070423
218,107,0.014384796206784286
218,108,0.01409542895270564
218,109,0.013764453367952283
218,110,0.01352163580746633
218,111,0.013292691560990742
218,112,0.013023181616371013
218,113,0.012714395835410244
218,114,0.012368046915940956
218,115,0.011986260743904091
218,116,0.01157155698869118
218,117,0.01112681931458197
218,118,0.010655254792943434
218,119,0.010160342303015478
218,120,0.009645769879421357
218,121,0.009115361025405055
218,122,0.008572989893958141
218,123,0.008022484814272762
218,124,0.00746751867007601
218,125,0.0069114827852184415
218,126,0.006357337526116967
218,127,0.005807426565713083
218,128,0.005263230093705026
218,129,0.004725009924396966
218,130,0.004191254744895496
218,131,0.00365773960958869
218,132,0.0031158047133456233
218,133,0.002548975824766604
218,134,0.0019260027521624764
218,135,0.0011883060451257795
218,136,0.0003095609714042456
2199,1,8.20251628935894e-11
2199,2,1.3050860769762485e-09
2199,3,5.311539851546339e-09
2199,4,1.3344851037829056e-08
2199,5,2.665070368456488e-08
2199,6,4.66716815761681e-08
2199,7,7.513127643456314e-08
2199,8,1.1409582862043549e-07
2199,9,1.660353876328667e-07
2199,10,2.3389049298172323e-07
2199,11,3.21148435210195e-07
2199,12,4.319317554320897e-07
2199,13,5.71101781473131e-07
2199,14,7.443803792681497e-07
2199,15,9.584936747011376e-07
2199,16,1.2213421904469192e-06
2199,17,1.5422027138818469e-06
2199,18,1.9319681842764623e-06
2199,19,2.4034330114462315e-06
2199,20,2.971632615204818e-06
2199,21,3.654247431265385e-06
2199,22,4.472083345144602e-06
2199,23,5.449642567670657e-06
2199,24,6.615801054310979e-06
2199,25,8.00461118835061e-06
2199,26,9.656251021079994e-06
2199,27,1.1618144699399594e-05
2199,28,1.3546271533975196e-05
2199,29,1.4732368089281256e-05
2199,30,1.6002543796638355e-05
2199,31,1.7365506984621094e-05
2199,32,1.8831094451112038e-05
2199,33,2.0410375010818788e-05
2199,34,2.211576455478652e-05
2199,35,2.3961154506986523e-05
2199,36,2.5962056070132915e-05
2199,37,2.8135762914508668e-05
2199,38,3.0501535707522028e-05
2199,39,3.308081218407927e-05
2199,40,3.589744742896709e-05
2199,41,3.8977989533785345e-05
2199,42,4.2351997262155425e-05
2199,43,4.605240675327848e-05
2199,44,5.011595626278869e-05
2199,45,5.45836786349037e-05
2199,46,5.950147292526235e-05
2199,47,6.492076797022212e-05
2199,48,7.089929163529149e-05
2199,49,7.750196131983836e-05
2199,50,8.48019110540895e-05
2199,51,9.288167169275806e-05
2199,52,0.00010183451940570088
2199,53,0.00011176600571222374
2199,54,0.00012279567684462815
2199,55,0.0001346123255841127
2199,56,0.00014340247746599919
2199,57,0.00015296554780948974
2199,58,0.00016338371128552393
2199,59,0.0001747487060709029
2199,60,0.0001871630492173384
2199,61,0.00020074141410937564
2199,62,0.00021561219233278564
2199,63,0.00023191926584915153
2199,64,0.0002498240178815066
2199,65,0.00026950761603207815
2199,66,0.000291173604345542
2199,67,0.00031505084763560324
2199,68,0.0003413968753332812
2199,69,0.0003705016807318268
2199,70,0.00040269203666018234
2199,71,0.0004383363972181991
2199,72,0.00047785046632289977
2199,73,0.0005217035192099421
2199,74,0.0005704255794685769
2199,75,0.0006246155618411754
2199,76,0.0006849505064122093
2199,77,0.0007521960437569734
2199,78,0.0008272182448064839
2199,79,0.0009109970267724345
2199,80,0.001004641302388087
2199,81,0.0011094060756213775
2199,82,0.0012267117078054218
2199,83,0.0013049144503838603
2199,84,0.0013843319304058608
2199,85,0.001471148474197823
2199,86,0.0015661337477918661
2199,87,0.0016701453661764664
2199,88,0.001784139393441412
2199,89,0.0019091820791478672
2199,90,0.0020464629916818558
2199,91,0.0021973097107026987
2199,92,0.0023632042614313026
2199,93,0.0025458014790646945
2199,94,0.0027469495249192776
2199,95,0.0029687127805970524
2199,96,0.0032133973764665426
2199,97,0.0034835796244964616
2199,98,0.0037821376460586416
2199,99,0.004112286500256421
2199,100,0.004477617124563998
2199,101,0.004882139410412273
2199,102,0.005330329712477787
2199,103,0.00582718307724258
2199,104,0.0063782704068505395
2199,105,0.0069898006814319465
2199,106,0.007668688218143701
2199,107,0.00842262470069226
2199,108,0.00926015537831892
2199,109,0.010190758303652946
2199,110,0.011085883453666725
2199,111,0.012009027480460269
2199,112,0.013023809734543437
2199,113,0.014139506822637416
2199,114,0.015366201726321083
2199,115,0.01671478271334965
2199,116,0.018196904384358472
2199,117,0.01982489100641012
2199,118,0.021611553535460258
2199,119,0.023569879028101683
2199,120,0.02571253260642984
2199,121,0.028051084853924987
2199,122,0.030594836485123733
2199,123,0.033349049677274964
2199,124,0.036312297903476086
2199,125,0.03947249030754575
2199,126,0.04280087058336665
2199,127,0.046242856293063336
2199,128,0.04970382358294529
2199,129,0.05302655829295925
2199,130,0.05595447769078161
2199,131,0.058069581390271144
2199,132,0.05868364105652094
2199,133,0.056639991424533055
2199,134,0.04994853134353289
2199,135,0.03524471423000648
2199,136,0.010296291306797318
221,1,0.00025996544989007135
221,2,0.0018356616748890935
221,3,0.004101278060674691
221,4,0.00640565423825677
221,5,0.00853663002238041
221,6,0.010433125366439066
221,7,0.01208734384821999
221,8,0.013510754029671373
221,9,0.014721191741790795
221,10,0.015737743893535914
221,11,0.01657873388559186
221,12,0.017261005004334237
221,13,0.017799756892172162
221,14,0.01820861245169435
221,15,0.01849977143409397
221,16,0.01868418643298126
221,17,0.018771733264600046
221,18,0.01877136466313279
221,19,0.018691244014113775
221,20,0.018538859395682578
221,21,0.01832111965869195
221,22,0.01804443472563198
221,23,0.017714782303272628
221,24,0.01733776304587588
221,25,0.016918645923574106
221,26,0.016462405311504537
221,27,0.015973751107354703
221,28,0.015615244009575539
221,29,0.01559943345420097
221,30,0.015558888098523719
221,31,0.01549559165854552
221,32,0.015411128079739636
221,33,0.015306838049510108
221,34,0.015183899899878011
221,35,0.015043374535847627
221,36,0.014886234294063435
221,37,0.01471338356647947
221,38,0.014525674546767049
221,39,0.014323919692634373
221,40,0.014108901672441563
221,41,0.013881381276920278
221,42,0.013642103585965154
221,43,0.013391802637400257
221,44,0.013131204791229449
221,45,0.012861031013677216
221,46,0.01258199823169288
221,47,0.01229481998227733
221,48,0.012000206477190307
221,49,0.011698864278885664
221,50,0.011391495691469432
221,51,0.011078797983781447
221,52,0.010761462546180045
221,53,0.010440174042150292
221,54,0.01011560959437078
221,55,0.009801425855104089
221,56,0.009599348851924115
221,57,0.009390783530718915
221,58,0.009176316775799451
221,59,0.008956519902670598
221,60,0.008731948469810041
221,61,0.008503142377463347
221,62,0.008270626214306584
221,63,0.008034909810198483
221,64,0.007796488949419149
221,65,0.00755584619322902
221,66,0.007313451783377876
221,67,0.007069764579370048
221,68,0.006825232988768072
221,69,0.006580295866913292
221,70,0.006335383348483434
221,71,0.006090917583272242
221,72,0.005847313358788395
221,73,0.005604978586398012
221,74,0.005364314632547117
221,75,0.005125716485002137
221,76,0.004889572746031686
221,77,0.004656265438087707
221,78,0.004426169625315321
221,79,0.004199652850962304
221,80,0.003977074385205205
221,81,0.003758784293642281
221,82,0.003545122335048382
221,83,0.003415486571282398
221,84,0.003293644422564338
221,85,0.0031712163773756756
221,86,0.003048809223218708
221,87,0.0029268946824771874
221,88,0.0028058323427263385
221,89,0.002685889725087545
221,90,0.002567260431434624
221,91,0.0024500809276686566
221,92,0.0023344460541467127
221,93,0.0022204231226995146
221,94,0.0021080644113741745
221,95,0.0019974178621083253
221,96,0.0018885358655577364
221,97,0.001781482076109248
221,98,0.0016763362771166589
221,99,0.0015731973813293623
221,100,0.0014721847101258315
221,101,0.0013734377226883002
221,102,0.0012771144038983475
221,103,0.0011833885242171697
221,104,0.0010924459912623203
221,105,0.00100448050756878
221,106,0.0009196887412970934
221,107,0.0008382652025956333
221,108,0.0007603970073342287
221,109,0.0006862586956409725
221,110,0.000622695746500638
221,111,0.0005645562931668397
221,112,0.0005089153360367429
221,113,0.0004559631601261392
221,114,0.0004058672738141293
221,115,0.0003587690126842692
221,116,0.0003147806293974249
221,117,0.0002739829618163782
221,118,0.00023642376476415037
221,119,0.00020211677226122194
221,120,0.00017104153915549234
221,121,0.00014314408879973875
221,122,0.00011833836629571395
221,123,9.6508470372244e-05
221,124,7.751160816321773e-05
221,125,6.118168837322737e-05
221,126,4.733344308980508e-05
221,127,3.576694559291104e-05
221,128,2.6272375849422882e-05
221,129,1.8634872437291364e-05
221,130,1.2639306086316222e-05
221,131,8.074801249778224e-06
221,132,4.738804394226908e-06
221,133,2.4403697050616454e-06
221,134,1.0017964724315635e-06
221,135,2.5527496988371086e-07
221,136,1.668821372359612e-08
2226,1,2.918573793217203e-10
2226,2,6.497277366249209e-09
2226,3,3.223874026641926e-08
2226,4,9.201796761117827e-08
2226,5,2.0065265758863598e-07
2226,6,3.742047202074806e-07
2226,7,6.304874204125163e-07
2226,8,9.8931395273979e-07
2226,9,1.4725886323119717e-06
2226,10,2.104282919907596e-06
2226,11,2.9103137635204445e-06
2226,12,3.9183327871801875e-06
2226,13,5.15743193517398e-06
2226,14,6.657771712630398e-06
2226,15,8.450140021758926e-06
2226,16,1.0565451070465618e-05
2226,17,1.3034197051791572e-05
2226,18,1.5885866407845768e-05
2226,19,1.914834375048855e-05
2226,20,2.2847307272996608e-05
2226,21,2.7005640139805753e-05
2226,22,3.1642868104728665e-05
2226,23,3.677463794821377e-05
2226,24,4.241224422678543e-05
2226,25,4.856221241706876e-05
2226,26,5.522593910000627e-05
2226,27,6.239938987598532e-05
2226,28,7.017662192261604e-05
2226,29,7.88024045483826e-05
2226,30,8.811965408092897e-05
2226,31,9.816099570282154e-05
2226,32,0.0001089616232610662
2226,33,0.00012055962509861665
2226,34,0.00013299624990888143
2226,35,0.00014631609540122833
2226,36,0.00016056720614808588
2226,37,0.00017580106076522904
2226,38,0.00019207244467810833
2226,39,0.0002094391902528728
2226,40,0.00022796178598252483
2226,41,0.00024770284829261376
2226,42,0.0002687264643159797
2226,43,0.00029109741188917303
2226,44,0.000314880274674385
2226,45,0.0003401384775712737
2226,46,0.00036693327109931986
2226,47,0.00039532270521722656
2226,48,0.00042536063860980057
2226,49,0.0004570958390469888
2226,50,0.0004905712384079834
2226,51,0.0005258234159975611
2226,52,0.0005628824150697574
2226,53,0.0006017720303379069
2226,54,0.0006425108145911169
2226,55,0.0006853818504503102
2226,56,0.0007328564188356722
2226,57,0.0007828598712975169
2226,58,0.0008354975152664525
2226,59,0.0008908771434368552
2226,60,0.0009491086849410355
2226,61,0.001010303788590291
2226,62,0.0010745753225234302
2226,63,0.001142036794494702
2226,64,0.001212801679521994
2226,65,0.001286982651926074
2226,66,0.0013646907121624345
2226,67,0.0014460342079958752
2226,68,0.001531117735525774
2226,69,0.0016200409278259984
2226,70,0.001712897109293192
2226,71,0.0018097718315762616
2226,72,0.001910741269673119
2226,73,0.0020158704932842306
2226,74,0.0021252115967778738
2226,75,0.0022388017073348082
2226,76,0.002356660855735721
2226,77,0.0024787897311549668
2226,78,0.00260516731464269
2226,79,0.0027357484132506417
2226,80,0.0028704610873879536
2226,81,0.003009204011720296
2226,82,0.00315184375835478
2226,83,0.0033397998780566773
2226,84,0.0035425404990231837
2226,85,0.003756313225196979
2226,86,0.003981682112873306
2226,87,0.0042192308496548
2226,88,0.004469561666727137
2226,89,0.004733293863572844
2226,90,0.005011061928571825
2226,91,0.005303513231167522
2226,92,0.005611305253098697
2226,93,0.005935102317661641
2226,94,0.0062755717927193535
2226,95,0.006633379732001078
2226,96,0.007009185932067269
2226,97,0.007403638390258994
2226,98,0.007817367149601089
2226,99,0.008250977526434784
2226,100,0.008705042737654477
2226,101,0.009180095929060553
2226,102,0.009676621626803173
2226,103,0.01019504665112261
2226,104,0.01073573049282877
2226,105,0.011298955199077101
2226,106,0.011884914752997312
2226,107,0.012493703948429627
2226,108,0.013125306738127904
2226,109,0.013779584005835803
2226,110,0.014559593813107053
2226,111,0.015424349878998872
2226,112,0.01633430847953484
2226,113,0.017291147183259657
2226,114,0.01829650090331456
2226,115,0.01935192956140694
2226,116,0.020458871780545205
2226,117,0.021618578261151034
2226,118,0.022832015589201407
2226,119,0.02409972702378836
2226,120,0.025421630446638158
2226,121,0.026796723958570953
2226,122,0.028222654542004216
2226,123,0.029695081015914043
2226,124,0.03120672299295706
2226,125,0.03274592058284996
2226,126,0.03429441286805914
2226,127,0.03582383200876535
2226,128,0.03729001234851343
2226,129,0.03862343140622202
2226,130,0.03971247677910454
2226,131,0.040372658558205765
2226,132,0.04028643857790833
2226,133,0.038876715323510044
2226,134,0.03501725995849806
2226,135,0.02632912519810495
2226,136,0.00890376557765588
2229,1,1.4995531779995168e-09
2229,2,2.7588355452297868e-08
2229,3,1.230365337322621e-07
2229,4,3.294374407745433e-07
2229,5,6.895811624596071e-07
2229,6,1.2512251367911448e-06
2229,7,2.068493878356882e-06
2229,8,3.20243729290614e-06
2229,9,4.721162507569142e-06
2229,10,6.6996623629839355e-06
2229,11,9.219376804450498e-06
2229,12,1.2367500439260795e-05
2229,13,1.6236038961407693e-05
2229,14,2.0920623843251423e-05
2229,15,2.6519092674949232e-05
2229,16,3.312985223502944e-05
2229,17,4.085004342812544e-05
2229,18,4.9773535813082616e-05
2229,19,5.99887793713966e-05
2229,20,7.157655451809256e-05
2229,21,8.460765468575392e-05
2229,22,9.914055244013574e-05
2229,23,0.00011521909599097558
2229,24,0.00013287029172381678
2229,25,0.0001521022323956284
2229,26,0.00017290223147401723
2229,27,0.00019523523263710805
2229,28,0.00021807000852283988
2229,29,0.00023980687583779916
2229,30,0.0002625567953234075
2229,31,0.00028629679328974754
2229,32,0.0003110058354013284
2229,33,0.00033666626009102674
2229,34,0.00036326534319115186
2229,35,0.00039079703887212765
2229,36,0.00041926392470130827
2229,37,0.00044867938773997143
2229,38,0.0004790700900381832
2229,39,0.0005104787460109389
2229,40,0.0005429672271809301
2229,41,0.0005766200074465322
2229,42,0.0006115479240348255
2229,43,0.000647892191013338
2229,44,0.0006858285423298408
2229,45,0.0007255712920462723
2229,46,0.0007673769455384652
2229,47,0.0008115467860039344
2229,48,0.0008584274831945414
2229,49,0.0009084081541887861
2229,50,0.0009619111825285967
2229,51,0.001019371887364834
2229,52,0.0010811975474047542
2229,53,0.001147685766143705
2229,54,0.0012188573905562716
2229,55,0.001293846646143355
2229,56,0.0013695141705236146
2229,57,0.0014487053350248401
2229,58,0.001531568877431489
2229,59,0.0016182566879713145
2229,60,0.001708923104227677
2229,61,0.0018037240918922033
2229,62,0.0019028162823432272
2229,63,0.002006355876109276
2229,64,0.002114497388298634
2229,65,0.002227392221706926
2229,66,0.0023451870684911944
2229,67,0.0024680221178126427
2229,68,0.00259602906927018
2229,69,0.0027293289346034047
2229,70,0.0028680296288160875
2229,71,0.003012223343352412
2229,72,0.0031619837041406756
2229,73,0.0033173627091188855
2229,74,0.003478387463165935
2229,75,0.003645056711721686
2229,76,0.003817337205509685
2229,77,0.003995159902778685
2229,78,0.0041784160606395645
2229,79,0.0043669532367086525
2229,80,0.004560571269466193
2229,81,0.0047590182755288014
2229,82,0.004961986746548469
2229,83,0.005195304462303596
2229,84,0.005441261353289205
2229,85,0.005697613871248713
2229,86,0.0059647377695526424
2229,87,0.006243003216914422
2229,88,0.006532771732416871
2229,89,0.006834392830081241
2229,90,0.007148200401716082
2229,91,0.007474508850044907
2229,92,0.007813608972729083
2229,93,0.008165763645521783
2229,94,0.008531203322680151
2229,95,0.008910121390482197
2229,96,0.009302669431546166
2229,97,0.009708952429678277
2229,98,0.01012902396485801
2229,99,0.01056288144935201
2229,100,0.011010461412332225
2229,101,0.01147163483387441
2229,102,0.011946202477762098
2229,103,0.012433890054482831
2229,104,0.012934342883530557
2229,105,0.013447119323128162
2229,106,0.013971681512374592
2229,107,0.014507380129637043
2229,108,0.015053425411574502
2229,109,0.015608826620381513
2229,110,0.016248107696724797
2229,111,0.016939352394642695
2229,112,0.01765190352317841
2229,113,0.01838525824271514
2229,114,0.01913869658350111
2229,115,0.01991124435206999
2229,116,0.02070162735360776
2229,117,0.021508213544560856
2229,118,0.022328938082276362
2229,119,0.023161203787295664
2229,120,0.02400174570240857
2229,121,0.024846442490157973
2229,122,0.02569004792051691
2229,123,0.026525800273250702
2229,124,0.027344841887305106
2229,125,0.028135337360825716
2229,126,0.028881102130268798
2229,127,0.029559413548637278
2229,128,0.03013741289544902
2229,129,0.030565985922803834
2229,130,0.03076892644893115
2229,131,0.030622794976638314
2229,132,0.02991721535818974
2229,133,0.028270816227963323
2229,134,0.02493800508338378
2229,135,0.01834164456091382
2229,136,0.006007343529287886
2247,1,8.651594142737004e-12
2247,2,1.5329893671889658e-10
2247,3,6.961180762263323e-10
2247,4,1.9476271144900004e-09
2247,5,4.315407429072928e-09
2247,6,8.346582041341767e-09
2247,7,1.4765097608122422e-08
2247,8,2.4509747813235914e-08
2247,9,3.8773271872279435e-08
2247,10,5.904138397795211e-08
2247,11,8.712994372258793e-08
2247,12,1.2521810216568486e-07
2247,13,1.758750685292085e-07
2247,14,2.420781367183631e-07
2247,15,3.2721979401077636e-07
2247,16,4.3510212642614006e-07
2247,17,5.699173109657004e-07
2247,18,7.362137396520351e-07
2247,19,9.388481635016893e-07
2247,20,1.1829251863687889e-06
2247,21,1.4737262954969512e-06
2247,22,1.8166314822043666e-06
2247,23,2.2170371059570625e-06
2247,24,2.680274168489352e-06
2247,25,3.211531311058478e-06
2247,26,3.815786936896274e-06
2247,27,4.497754494337647e-06
2247,28,5.261844599533525e-06
2247,29,6.1121453675106535e-06
2247,30,7.052418747206055e-06
2247,31,8.086121113057006e-06
2247,32,9.216454754621839e-06
2247,33,1.0446451742437536e-05
2247,34,1.177909366295578e-05
2247,35,1.3217471489858751e-05
2247,36,1.4764990525694237e-05
2247,37,1.6425625994630958e-05
2247,38,1.8204235192827213e-05
2247,39,2.0106932023608854e-05
2247,40,2.2141528604631486e-05
2247,41,2.4318046702248693e-05
2247,42,2.6649297113995965e-05
2247,43,2.9151518706671707e-05
2247,44,3.184505764747241e-05
2247,45,3.475505166102514e-05
2247,46,3.791206034325307e-05
2247,47,4.135254833262401e-05
2247,48,4.511907858342611e-05
2247,49,4.9259999801349916e-05
2247,50,5.3828305285187016e-05
2247,51,5.887918201770943e-05
2247,52,6.446554819788444e-05
2247,53,7.063066112567696e-05
2247,54,7.739738843646545e-05
2247,55,8.476243271257843e-05
2247,56,9.273298115062276e-05
2247,57,0.00010134511592831919
2247,58,0.0001106466543805732
2247,59,0.00012068935880795376
2247,60,0.00013152932792082864
2247,61,0.00014322742928586288
2247,62,0.0001558497768983249
2247,63,0.00016946825925084663
2247,64,0.0001841611227126406
2247,65,0.00020001361681935227
2247,66,0.00021711870774269524
2247,67,0.00023557786824885438
2247,68,0.0002555019516624102
2247,69,0.00027701215987218064
2247,70,0.0003002411163840592
2247,71,0.000325334055154648
2247,72,0.00035245013934449284
2247,73,0.0003817639243967176
2247,74,0.000413466982234243
2247,75,0.000447769704600346
2247,76,0.0004849033066255804
2247,77,0.0005251220530750039
2247,78,0.0005687057334656661
2247,79,0.0006159624147294636
2247,80,0.0006672315026101232
2247,81,0.0007228871482068837
2247,82,0.0007833420396092062
2247,83,0.0008490515557309897
2247,84,0.0009205180656353056
2247,85,0.0009982955594262603
2247,86,0.00108299561565923
2247,87,0.001175293925556851
2247,88,0.001275937372484102
2247,89,0.001385751868534355
2247,90,0.0015056510755282221
2247,91,0.0016366461318037303
2247,92,0.001779856523555576
2247,93,0.0019365222609822757
2247,94,0.0021080175482695476
2247,95,0.0022958661726080183
2247,96,0.0025017588866278104
2247,97,0.002727573109095572
2247,98,0.002975395346659454
2247,99,0.0032475468196674225
2247,100,0.003546612894188652
2247,101,0.0038754770516598483
2247,102,0.004237360302169193
2247,103,0.004635867176916725
2247,104,0.005075039711544371
2247,105,0.0055594212164627125
2247,106,0.006094132080846388
2247,107,0.0066849602531290665
2247,108,0.007338468019396489
2247,109,0.008062102883833792
2247,110,0.008864236120577325
2247,111,0.009754089274640524
2247,112,0.010741914102246286
2247,113,0.011839161099513216
2247,114,0.013058590372122515
2247,115,0.014414375133745765
2247,116,0.01592218630601266
2247,117,0.017599240250237687
2247,118,0.01946428196897825
2247,119,0.021537461459258767
2247,120,0.023840038851748742
2247,121,0.026393820258132795
2247,122,0.029220174398483366
2247,123,0.03233839903341036
2247,124,0.0357630775155191
2247,125,0.03949985691670571
2247,126,0.04353873234689741
2247,127,0.04784332945806542
2247,128,0.052333632714756245
2247,129,0.05685769983087394
2247,130,0.061144283796134215
2247,131,0.06472113568122533
2247,132,0.06676913172377817
2247,133,0.06585222316890713
2247,134,0.05941009200854518
2247,135,0.0429574292168552
2247,136,0.01290740579649982
228,1,0.002998823323334119
228,2,0.009371558271802607
228,3,0.013195398183557154
228,4,0.01564643807791501
228,5,0.017385686797450582
228,6,0.018701666401115275
228,7,0.019733309352259917
228,8,0.020553666303446367
228,9,0.021204270915963472
228,10,0.021710688880077544
228,11,0.02209010851227842
228,12,0.02235525329132413
228,13,0.022516467916815854
228,14,0.022582844498137706
228,15,0.022562822452989906
228,16,0.022464491601699155
228,17,0.02229572573126583
228,18,0.02206421990152538
228,19,0.02177747485360124
228,20,0.021442754714971
228,21,0.021067033892900235
228,22,0.020656942847244866
228,23,0.02021871850048038
228,24,0.019758162591070362
228,25,0.01928060964386804
228,26,0.018790905253190594
228,27,0.018293394595241316
228,28,0.01779192067029093
228,29,0.01728991736396489
228,30,0.016790522762807555
228,31,0.016296391373742867
228,32,0.01580965317123148
228,33,0.015331960025567698
228,34,0.014864537693378106
228,35,0.014408234281915216
228,36,0.013963566183823908
228,37,0.013530762302691925
228,38,0.013109806875877176
228,39,0.012700480967934583
228,40,0.012302402432530606
228,41,0.011915064184026604
228,42,0.01153787050932032
228,43,0.011170171246785586
228,44,0.010811293673597257
228,45,0.010460572007695797
228,46,0.010117374589014471
228,47,0.009781128926666181
228,48,0.009451345028551996
228,49,0.009127637813714165
228,50,0.008809749905983193
228,51,0.008497577045184227
228,52,0.008191199646974179
228,53,0.007890925356458394
228,54,0.007597341663106402
228,55,0.007311270396313495
228,56,0.007033167848931638
228,57,0.006763005235498496
228,58,0.006500623366783574
228,59,0.0062458610177507845
228,60,0.005998556087243251
228,61,0.005758546537519859
228,62,0.005525671150057459
228,63,0.005299770099181061
228,64,0.005080685425606219
228,65,0.004868261376365608
228,66,0.004662344643840471
228,67,0.004462784563251367
228,68,0.004269433222517871
228,69,0.004082145565153079
228,70,0.0039007794185241876
228,71,0.0037251955343983625
228,72,0.0035552576097127113
228,73,0.003390832280685958
228,74,0.00323178913032595
228,75,0.003078000676893585
228,76,0.002929342393558016
228,77,0.002785692678722513
228,78,0.002646932873804871
228,79,0.0025129472656195235
228,80,0.00238362306810308
228,81,0.0022588504416502474
228,82,0.0021385224873746076
228,83,0.0020225106729915084
228,84,0.001910619040749301
228,85,0.001802638175321605
228,86,0.001698437190478239
228,87,0.0015979446258304354
228,88,0.001501124140704079
228,89,0.001407957967174916
228,90,0.0013184359129369714
228,91,0.0012325480450680096
228,92,0.0011502798043204192
228,93,0.0010716088847921332
228,94,0.000996503415525901
228,95,0.00092492110193353
228,96,0.0008568091527646229
228,97,0.000792104764637967
228,98,0.0007307360720578085
228,99,0.0006726233818565277
228,100,0.0006176806193551366
228,101,0.0005658168725431147
228,102,0.0005169379239515817
228,103,0.0004709477327918004
228,104,0.00042774977749587275
228,105,0.0003872481850168181
228,106,0.00034934866880773145
228,107,0.00031395918862117623
228,108,0.000280990358966846
228,109,0.00025035571152685074
228,110,0.00022197226177721164
228,111,0.0001957610625625424
228,112,0.00017164530561343799
228,113,0.00014954909893071344
228,114,0.0001293967686554516
228,115,0.00011111209398501812
228,116,9.461754656844059e-05
228,117,7.983356212511405e-05
228,118,6.667790968403392e-05
228,119,5.506518059942192e-05
228,120,4.4906452645939434e-05
228,121,3.6109155121092386e-05
228,122,2.857714209166217e-05
228,123,2.2211020309302747e-05
228,124,1.6908696368318415e-05
228,125,1.2566158595278413e-05
228,126,9.078461573646346e-06
228,127,6.340886312534074e-06
228,128,4.250234510883023e-06
228,129,2.7062000920392946e-06
228,130,1.6127738655103685e-06
228,131,8.796011934336068e-07
228,132,4.2325368324681767e-07
228,133,1.6834503029187667e-07
228,134,4.8501932176762056e-08
228,135,7.329102658258445e-09
228,136,2.050997435082114e-10
2294,1,0.000747729779017507
2294,2,0.0032487777697794585
2294,3,0.005525477051851255
2294,4,0.007356522048974689
2294,5,0.008855249847264088
2294,6,0.01011302522121925
2294,7,0.011190348252361905
2294,8,0.012127132105283185
2294,9,0.012950478824528785
2294,10,0.013679497936235002
2294,11,0.01432822255196889
2294,12,0.014907387920227362
2294,13,0.015425529015996942
2294,14,0.015889662994122016
2294,15,0.016305713496222635
2294,16,0.016678771991834814
2294,17,0.01701325551101043
2294,18,0.01731299885173948
2294,19,0.01758130622364306
2294,20,0.017820979027481268
2294,21,0.01803433103137576
2294,22,0.01822319851831736
2294,23,0.018388950497371742
2294,24,0.01853250221434695
2294,25,0.018654333988605158
2294,26,0.018754516417436223
2294,27,0.018832742352049882
2294,28,0.018718294782093876
2294,29,0.01821048168610002
2294,30,0.01772067544103965
2294,31,0.017248918894447407
2294,32,0.016794986294661397
2294,33,0.01635844756963932
2294,34,0.01593872300674997
2294,35,0.015535129057727602
2294,36,0.015146916063975537
2294,37,0.014773298681384071
2294,38,0.014413479815625777
2294,39,0.014066668863979203
2294,40,0.013732095011338322
2294,41,0.01340901633051846
2294,42,0.013096725365285182
2294,43,0.01279455184392932
2294,44,0.012501863105685414
2294,45,0.012218062775465062
2294,46,0.011942588153645968
2294,47,0.01167490675317543
2294,48,0.011414512313572153
2294,49,0.011160920619055662
2294,50,0.010913665287058266
2294,51,0.010672293667778533
2294,52,0.010436362698667729
2294,53,0.010205434142666002
2294,54,0.009979067046363633
2294,55,0.00974923203031329
2294,56,0.00945895764284496
2294,57,0.009179107113453811
2294,58,0.00890908419902974
2294,59,0.008648304899842935
2294,60,0.00839619875435225
2294,61,0.008152209920390693
2294,62,0.007915798094680009
2294,63,0.007686439305356185
2294,64,0.007463626632060768
2294,65,0.007246870858995107
2294,66,0.007035701115818253
2294,67,0.006829665507771237
2294,68,0.006628331772330994
2294,69,0.006431287967893122
2294,70,0.006238143211365216
2294,71,0.006048528468250467
2294,72,0.005862097402463301
2294,73,0.005678527285913583
2294,74,0.005497519968340122
2294,75,0.005318802880391957
2294,76,0.005142130088130794
2294,77,0.004967283347777508
2294,78,0.004794073174674086
2294,79,0.004622339865089155
2294,80,0.004451954476203765
2294,81,0.0042828196995255184
2294,82,0.004114870620765824
2294,83,0.003941642490873212
2294,84,0.003772153930658329
2294,85,0.0036071367518844596
2294,86,0.0034464376977274736
2294,87,0.0032899138340719107
2294,88,0.00313743341915756
2294,89,0.0029888766485119548
2294,90,0.0028441362588373037
2294,91,0.002703118011636916
2294,92,0.0025657410262110185
2294,93,0.002431937971680103
2294,94,0.0023016551163690603
2294,95,0.002174852212879183
2294,96,0.0020515022048706423
2294,97,0.0019315907734736078
2294,98,0.0018151156871313166
2294,99,0.0017020859730286994
2294,100,0.0015925209083375266
2294,101,0.0014864488277387437
2294,102,0.0013839057720672087
2294,103,0.0012849339960892376
2294,104,0.0011895803384993464
2294,105,0.0010978945102181176
2294,106,0.0010099273086642362
2294,107,0.0009257287961469424
2294,108,0.0008453464847750801
2294,109,0.0007688235645659992
2294,110,0.0006979661612004955
2294,111,0.0006316178267235576
2294,112,0.0005689801349639254
2294,113,0.0005100341130516823
2294,114,0.0004547542224958466
2294,115,0.00040310782318928203
2294,116,0.0003550546752160977
2294,117,0.0003105464607328045
2294,118,0.00026952631161304897
2294,119,0.00023192831891741988
2294,120,0.00019767703447659324
2294,121,0.00016668693811493915
2294,122,0.00013886189714960065
2294,123,0.0001140946364224901
2294,124,9.2266253753502e-05
2294,125,7.324582991395182e-05
2294,126,5.689019283426529e-05
2294,127,4.304388746535833e-05
2294,128,3.153939838571771e-05
2294,129,2.2197637742056776e-05
2294,130,1.4828653279525313e-05
2294,131,9.232399051401007e-06
2294,132,5.199209892357756e-06
2294,133,2.509173633521851e-06
2294,134,9.285836060569286e-07
2294,135,1.9906314921868397e-07
2294,136,9.631001247659334e-09
23,1,1.2472179627106731e-09
23,2,1.9819351090642964e-08
23,3,8.206879235472048e-08
23,4,2.1100273751426547e-07
23,5,4.3127572019808397e-07
23,6,7.712046429547673e-07
23,7,1.2632982149251083e-06
23,8,1.9443439381332545e-06
23,9,2.8552618017224736e-06
23,10,4.040782223018397e-06
23,11,5.548973756930534e-06
23,12,7.430641177424223e-06
23,13,9.738617330874657e-06
23,14,1.2526975143272649e-05
23,15,1.5850188917502873e-05
23,16,1.9762275595046206e-05
23,17,2.4315945940687844e-05
23,18,2.9561793549107332e-05
23,19,3.554754701053488e-05
23,20,4.231740633465513e-05
23,21,4.991147968496067e-05
23,22,5.8365333672459645e-05
23,23,6.770966325259144e-05
23,24,7.79700870020303e-05
23,25,8.916706653864064e-05
23,26,0.0001013159492215515
23,27,0.00011442713074346837
23,28,0.00012850633351726322
23,29,0.00014355992002531166
23,30,0.0001595990289139796
23,31,0.00017663199292138358
23,32,0.00019466349123858969
23,33,0.00021369627125597169
23,34,0.00023373258422503785
23,35,0.0002547755430273961
23,36,0.00027683058253191365
23,37,0.000299907118588379
23,38,0.00032402047321620635
23,39,0.0003491941214114686
23,40,0.00037546230402307805
23,41,0.00040287304194500074
23,42,0.000431491566974333
23,43,0.00046140415288938204
23,44,0.0004927222916650205
23,45,0.0005255870917744029
23,46,0.0005601736785702572
23,47,0.0005966952446066154
23,48,0.0006354061733036095
23,49,0.000676603302849588
23,50,0.0007206237356392109
23,51,0.0007678362422774761
23,52,0.0008186201353192794
23,53,0.0008733169903721573
23,54,0.0009321135206460183
23,55,0.0009947464855925335
23,56,0.0010607918167041415
23,57,0.0011301820205370974
23,58,0.0012030602203051293
23,59,0.0012795773648092636
23,60,0.0013598927907064382
23,61,0.0014441748209266655
23,62,0.001532601395707919
23,63,0.001625360744972986
23,64,0.0017226520905368112
23,65,0.0018246863920644146
23,66,0.001931687124779871
23,67,0.002043891095991772
23,68,0.0021615492957238174
23,69,0.0022849277797532008
23,70,0.002414308585786223
23,71,0.002549990672353814
23,72,0.0026922908876278696
23,73,0.0028415449497042867
23,74,0.0029981084438249067
23,75,0.0031623578246432506
23,76,0.0033346914106369384
23,77,0.0035155303703715557
23,78,0.00370531968021839
23,79,0.003904529044048695
23,80,0.004113653760599164
23,81,0.004333215520777199
23,82,0.0045637631145444
23,83,0.00480556185096737
23,84,0.005058087149311873
23,85,0.0053205803360782886
23,86,0.00559285278435888
23,87,0.005875037572892791
23,88,0.0061674559399976054
23,89,0.006470559305405378
23,90,0.00678490323534136
23,91,0.007111136140209742
23,92,0.007449995314855517
23,93,0.007802306762862562
23,94,0.008168986937292632
23,95,0.008551045272285037
23,96,0.008949586779443082
23,97,0.00936581413759895
23,98,0.009801028814731596
23,99,0.01025663077481477
23,100,0.010734116323847055
23,101,0.011235073574535794
23,102,0.011761174923049924
23,103,0.012314165722750254
23,104,0.012895847963111802
23,105,0.01350805695488632
23,106,0.01415262720211636
23,107,0.014831338835283203
23,108,0.015545820960509639
23,109,0.016297338932771015
23,110,0.017086499517584605
23,111,0.017913494704657376
23,112,0.018778232475742365
23,113,0.01967996114920601
23,114,0.02061711195091383
23,115,0.02158711623159832
23,116,0.022586193726434
23,117,0.023609107308764702
23,118,0.0246488782899904
23,119,0.02569645417108564
23,120,0.02674031747926096
23,121,0.027766019140833504
23,122,0.028755611854845188
23,123,0.029686946141054573
23,124,0.030532771383355712
23,125,0.031259551148012925
23,126,0.03182584748816863
23,127,0.03218003720008829
23,128,0.032256965008464894
23,129,0.0319728600879687
23,130,0.031217339915987734
23,131,0.029840407968731764
23,132,0.02763072060989628
23,133,0.024279040312111776
23,134,0.01932237162273373
23,135,0.012127155231215003
23,136,0.003067637362495667
2305,1,4.407845554571941e-05
2305,2,0.00033558127228015935
2305,3,0.0008363465412203816
2305,4,0.0014630132241506065
2305,5,0.0021750418942038806
2305,6,0.002947998430222106
2305,7,0.0037641258851310133
2305,8,0.00460890927430054
2305,9,0.0054697099555909056
2305,10,0.0063352004368815665
2305,11,0.007195131852742759
2305,12,0.008040243556785717
2305,13,0.008862231666941193
2305,14,0.009653738659283623
2305,15,0.010408346273752972
2305,16,0.011120563343273023
2305,17,0.011785804633485258
2305,18,0.012400359036489951
2305,19,0.012961346830472665
2305,20,0.013466666497775066
2305,21,0.013914932393384823
2305,22,0.014305405017261873
2305,23,0.014637916189952666
2305,24,0.014912791612170495
2305,25,0.015130773562307926
2305,26,0.015292946382687226
2305,27,0.015400667192879504
2305,28,0.015477150045020389
2305,29,0.01556767952280485
2305,30,0.01563242305441875
2305,31,0.015674271067880607
2305,32,0.01569587249677612
2305,33,0.015699600560423226
2305,34,0.01568752828164518
2305,35,0.015661412986151185
2305,36,0.01562268941100113
2305,37,0.015572471016617108
2305,38,0.015511559091952046
2305,39,0.01544045925804698
2305,40,0.015359404897525214
2305,41,0.015268386999646288
2305,42,0.015167189871107153
2305,43,0.015055432117616376
2305,44,0.014932612281324031
2305,45,0.014798158495747777
2305,46,0.014651481635779232
2305,47,0.014492031441310883
2305,48,0.014319355371516868
2305,49,0.01413316011997669
2305,50,0.013933375996250502
2305,51,0.013720224408252069
2305,52,0.013494287460246479
2305,53,0.013256572138746554
2305,54,0.013008529522991395
2305,55,0.01275710734777236
2305,56,0.012546854494142846
2305,57,0.012331362211836335
2305,58,0.012110891514201985
2305,59,0.011885672942815173
2305,60,0.011655911729162801
2305,61,0.011421792741930992
2305,62,0.011183485189055275
2305,63,0.01094114710530601
2305,64,0.010694929611995996
2305,65,0.010444980970329136
2305,66,0.010191450428052737
2305,67,0.00993449187075702
2305,68,0.009674267264102577
2305,69,0.009410949897326997
2305,70,0.009144727408583863
2305,71,0.008875804572284198
2305,72,0.008604405838294553
2305,73,0.008330777587860204
2305,74,0.008055190087298384
2305,75,0.007777939099623709
2305,76,0.007499347128791884
2305,77,0.007219764260835242
2305,78,0.006939568577603678
2305,79,0.006659166102990333
2305,80,0.006378990268188825
2305,81,0.006099500868024702
2305,82,0.005821182493229372
2305,83,0.00561920634612285
2305,84,0.005424265308266318
2305,85,0.0052282553588288766
2305,86,0.0050315509018569295
2305,87,0.0048345327837283425
2305,88,0.004637587890364532
2305,89,0.004441107982132147
2305,90,0.004245487831914531
2305,91,0.0040511227388896585
2305,92,0.003858405550854656
2305,93,0.0036677233882432612
2305,94,0.003479454293074331
2305,95,0.003293964043863561
2305,96,0.003111603358712973
2305,97,0.0029327056670532315
2305,98,0.00275758557271618
2305,99,0.002586538057991018
2305,100,0.0024198383975850054
2305,101,0.002257742681912576
2305,102,0.0021004887870904464
2305,103,0.001948297584185151
2305,104,0.0018013741620359902
2305,105,0.0016599088426174791
2305,106,0.0015240777951554718
2305,107,0.0013940431218648689
2305,108,0.0012699524258854835
2305,109,0.0011519383344478543
2305,110,0.0010479054317525038
2305,111,0.0009519743763874833
2305,112,0.000860695486371356
2305,113,0.0007742152472859744
2305,114,0.0006926573997701991
2305,115,0.0006161194788333042
2305,116,0.0005446694128089717
2305,117,0.00047834241090496493
2305,118,0.00041713836247212464
2305,119,0.00036101994685652447
2305,120,0.00030991161963602186
2305,121,0.0002636995901457765
2305,122,0.00022223285580048855
2305,123,0.00018532529870060255
2305,124,0.0001527587973023165
2305,125,0.0001242872553498412
2305,126,9.964141197952084e-05
2305,127,7.853427064495296e-05
2305,128,6.0666978633835954e-05
2305,129,4.573501007287517e-05
2305,130,3.343457221019843e-05
2305,131,2.346931404798795e-05
2305,132,1.5557793532894295e-05
2305,133,9.443144864028748e-06
2305,134,4.909356272847699e-06
2305,135,1.8192541784458554e-06
2305,136,2.27481444245521e-07
2306,1,3.2779446220882992e-06
2306,2,2.0968346244602407e-05
2306,3,4.808012423016488e-05
2306,4,8.167823426371155e-05
2306,5,0.00012154214188930029
2306,6,0.00016805439069330144
2306,7,0.0002217706669722299
2306,8,0.0002833030783001872
2306,9,0.0003532840146170476
2306,10,0.0004323566495852555
2306,11,0.0005211764918993701
2306,12,0.0006204186413699179
2306,13,0.0007307885302592848
2306,14,0.0008530349515617725
2306,15,0.0009879645158025908
2306,16,0.0011364567920489606
2306,17,0.0012994794315026583
2306,18,0.0014781026015515196
2306,19,0.0016735120915261994
2306,20,0.0018870204831233789
2306,21,0.0021200758197728814
2306,22,0.0023742672383397024
2306,23,0.0026513270605496592
2306,24,0.002953128859211871
2306,25,0.0032816810403377165
2306,26,0.0036391154997937147
2306,27,0.004027670944118002
2306,28,0.004353622711056646
2306,29,0.004468390773487084
2306,30,0.004584841067873954
2306,31,0.0047036152523498975
2306,32,0.004825302476186255
2306,33,0.004950440133451968
2306,34,0.005079516701709685
2306,35,0.005212975876618433
2306,36,0.00535122168027194
2306,37,0.005494624325340413
2306,38,0.0056435266819796675
2306,39,0.005798251194022642
2306,40,0.005959107107485891
2306,41,0.006126397865701627
2306,42,0.006300428520212138
2306,43,0.0064815129921007245
2306,44,0.006669981012814716
2306,45,0.006866184567271138
2306,46,0.007070503656982744
2306,47,0.00728335120014507
2306,48,0.0075051768887721415
2306,49,0.007736469814067067
2306,50,0.007977759628514451
2306,51,0.00822961586430381
2306,52,0.008492644666007446
2306,53,0.008767480971123637
2306,54,0.009054770325522822
2306,55,0.009333889968368097
2306,56,0.009432291283124714
2306,57,0.009538711606732114
2306,58,0.009653366083772128
2306,59,0.009776451685956864
2306,60,0.00990814588626108
2306,61,0.010048604902845206
2306,62,0.010197961526294737
2306,63,0.010356322482605786
2306,64,0.01052376533967055
2306,65,0.010700334928385173
2306,66,0.010886039269739573
2306,67,0.011080844997275047
2306,68,0.01128467228809473
2306,69,0.011497389276578382
2306,70,0.011718805993919897
2306,71,0.011948667825525906
2306,72,0.01218664855026171
2306,73,0.012432342966109265
2306,74,0.012685259208977395
2306,75,0.012944810795593686
2306,76,0.013210308524815246
2306,77,0.01348095230737457
2306,78,0.013755823118610445
2306,79,0.014033875160142092
2306,80,0.014313928483298845
2306,81,0.014594662215145784
2306,82,0.014874608671395296
2306,83,0.014823243337515708
2306,84,0.014737756431984942
2306,85,0.014654001830546002
2306,86,0.01457090592945167
2306,87,0.014487368275127515
2306,88,0.014402272515807472
2306,89,0.014314491359027981
2306,90,0.01422289048317211
2306,91,0.014126332788970243
2306,92,0.014023683335970049
2306,93,0.013913814989862138
2306,94,0.013795614683261114
2306,95,0.013667990113431424
2306,96,0.013529876702760667
2306,97,0.013380244633865685
2306,98,0.013218105771002407
2306,99,0.01304252037286279
2306,100,0.012852603403491083
2306,101,0.01264753049722134
2306,102,0.012426543520557649
2306,103,0.012188955890708831
2306,104,0.011934157849950514
2306,105,0.011661622005316563
2306,106,0.011370909586271119
2306,107,0.01106167790830751
2306,108,0.010733689838330552
2306,109,0.010386826218436668
2306,110,0.009971941577040956
2306,111,0.009525867082012135
2306,112,0.0090714158926133
2306,113,0.008608924393958104
2306,114,0.008138863107766209
2306,115,0.007661864617421065
2306,116,0.0071787553621869985
2306,117,0.006690590324666017
2306,118,0.0061986892520830535
2306,119,0.005704672338479501
2306,120,0.005210492804287084
2306,121,0.0047184632613582874
2306,122,0.004231272293194748
2306,123,0.0037519875886019055
2306,124,0.003284041961422839
2306,125,0.0028311992359391033
2306,126,0.0023974979973631896
2306,127,0.0019871729092035546
2306,128,0.0016045557020321
2306,129,0.0012539610015728472
2306,130,0.0009395659209616241
2306,131,0.0006652965716458186
2306,132,0.0004347380629188463
2306,133,0.0002510822045263304
2306,134,0.00011709097123980242
2306,135,3.4812164287996095e-05
2306,136,2.819241569490386e-06
2309,1,0.0
2309,2,2.2001529853306136e-16
2309,3,3.0786297057175614e-15
2309,4,1.624377613800449e-14
2309,5,5.838741030891258e-14
2309,6,1.6560937834022214e-13
2309,7,4.0032399729675376e-13
2309,8,8.662069307766773e-13
2309,9,1.7255735485411924e-12
2309,10,3.2225333253118902e-12
2309,11,5.719301296667676e-12
2309,12,9.733526391332412e-12
2309,13,1.599521642547941e-11
2309,14,2.5515785402158127e-11
2309,15,3.967322058650527e-11
2309,16,6.031894783094851e-11
2309,17,8.990742502593296e-11
2309,18,1.3166309804029386e-10
2309,19,1.8976048690842974e-10
2309,20,2.695657081036348e-10
2309,21,3.779032311050749e-10
2309,22,5.233719103715542e-10
2309,23,7.167175431933741e-10
2309,24,9.712601174060734e-10
2309,25,1.303376940637205e-09
2309,26,1.7330678010954781e-09
2309,27,2.284549986765911e-09
2309,28,2.923666371987885e-09
2309,29,3.534533257860382e-09
2309,30,4.247275908575329e-09
2309,31,5.075270504136014e-09
2309,32,6.033405235115222e-09
2309,33,7.138306924052225e-09
2309,34,8.408670067539496e-09
2309,35,9.865608294613578e-09
2309,36,1.1533175554992719e-08
2309,37,1.3438947112625881e-08
2309,38,1.5614837921258635e-08
2309,39,1.8098093753111486e-08
2309,40,2.0932571840932244e-08
2309,41,2.4170332464316453e-08
2309,42,2.7873628803578482e-08
2309,43,3.211740586904764e-08
2309,44,3.699223868724442e-08
2309,45,4.260801793216151e-08
2309,46,4.909814847773297e-08
2309,47,5.662441381845288e-08
2309,48,6.538221390116521e-08
2309,49,7.560592167160647e-08
2309,50,8.757353854513085e-08
2309,51,1.0160938063382768e-07
2309,52,1.1808294073047517e-07
2309,53,1.3740158048172494e-07
2309,54,1.5999683989880167e-07
2309,55,1.859110820115586e-07
2309,56,2.1172978865472682e-07
2309,57,2.4116361285070875e-07
2309,58,2.7473855710750176e-07
2309,59,3.130607217240577e-07
2309,60,3.5682899394234194e-07
2309,61,4.068498451176757e-07
2309,62,4.6405442326320636e-07
2309,63,5.29518701385417e-07
2309,64,6.044866400049988e-07
2309,65,6.903974239624379e-07
2309,66,7.889171372928428e-07
2309,67,9.019756873258461e-07
2309,68,1.0318098968622646e-06
2309,69,1.1810140580686225e-06
2309,70,1.3525984704191584e-06
2309,71,1.5500583837616725e-06
2309,72,1.7774541831826557e-06
2309,73,2.039505656222657e-06
2309,74,2.341701713709911e-06
2309,75,2.6904292944684006e-06
2309,76,3.093124166836259e-06
2309,77,3.558447729181059e-06
2309,78,4.09649425779696e-06
2309,79,4.719034129640894e-06
2309,80,5.43979928270285e-06
2309,81,6.274818523328396e-06
2309,82,7.242811682393865e-06
2309,83,8.18498496990922e-06
2309,84,9.239512055336765e-06
2309,85,1.0444385629630839e-05
2309,86,1.1823142584049096e-05
2309,87,1.3403309603673885e-05
2309,88,1.5217130361611881e-05
2309,89,1.7302433815287056e-05
2309,90,1.9703675960911113e-05
2309,91,2.2473188813021807e-05
2309,92,2.5672684683845086e-05
2309,93,2.9375070836518877e-05
2309,94,3.3666643851341036e-05
2309,95,3.864975134320352e-05
2309,96,4.4446029054409494e-05
2309,97,5.1200351693295415e-05
2309,98,5.9085668776564544e-05
2309,99,6.830894405992723e-05
2309,100,7.91184807095411e-05
2309,101,9.181298594519102e-05
2309,102,0.0001067528381809771
2309,103,0.00012437415353264763
2309,104,0.00014520642308999207
2309,105,0.00016989473880062248
2309,106,0.00019922793148484803
2309,107,0.00023417435390251694
2309,108,0.00027592749853619277
2309,109,0.00032596386774264664
2309,110,0.000384103084892933
2309,111,0.0004530242809496604
2309,112,0.0005361075315978997
2309,113,0.0006366651825569681
2309,114,0.0007588916398793295
2309,115,0.0009081318395246674
2309,116,0.0010912435319534604
2309,117,0.001317091129070637
2309,118,0.0015972263585615155
2309,119,0.00194683780164618
2309,120,0.0023860932597704857
2309,121,0.0029420655030375073
2309,122,0.0036515402396883946
2309,123,0.004565185276202121
2309,124,0.005753867523943479
2309,125,0.007318445408219212
2309,126,0.00940534676891553
2309,127,0.012232093786115136
2309,128,0.01613057393778441
2309,129,0.02162335029418937
2309,130,0.029564605331781225
2309,131,0.041415005844063074
2309,132,0.05981286463885284
2309,133,0.08984704802847338
2309,134,0.14204271928658813
2309,135,0.23781643243191464
2309,136,0.3015772804102439
2335,1,1.1650804175860783e-07
2335,2,1.2662667949484957e-06
2335,3,3.973778261571052e-06
2335,4,8.20894957004548e-06
2335,5,1.3960712966515496e-05
2335,6,2.127090199084711e-05
2335,7,3.021994700831859e-05
2335,8,4.09157878252853e-05
2335,9,5.3487147488251793e-05
2335,10,6.807962020146798e-05
2335,11,8.485346408418571e-05
2335,12,0.00010398243077521903
2335,13,0.00012565322304114598
2335,14,0.00015006531274800063
2335,15,0.00017743092724863555
2335,16,0.00020797505092965193
2335,17,0.00024193531295730117
2335,18,0.0002795616460857715
2335,19,0.00032111560853463134
2335,20,0.0003668692710088194
2335,21,0.00041710357808573406
2335,22,0.0004721061015518382
2335,23,0.0005321681120340386
2335,24,0.0005975809065772886
2335,25,0.0006686313411187757
2335,26,0.0007455965297164318
2335,27,0.0008287376875105842
2335,28,0.0009071056415437867
2335,29,0.0009628681830423021
2335,30,0.0010205796996900327
2335,31,0.0010803602605537828
2335,32,0.0011423371965756804
2335,33,0.001206644884488637
2335,34,0.001273424762186828
2335,35,0.0013428254337974775
2335,36,0.0014150028251269076
2335,37,0.0014901203727718543
2335,38,0.001568349217391632
2335,39,0.0016498683794744676
2335,40,0.0017348648909518347
2335,41,0.0018235338587096128
2335,42,0.0019160784266915316
2335,43,0.0020127096197368093
2335,44,0.0021136460372815336
2335,45,0.002219113374133311
2335,46,0.0023293437463466926
2335,47,0.0024445748009574216
2335,48,0.0025650485892318694
2335,49,0.0026910101831313315
2335,50,0.0028227060189661116
2335,51,0.002960381948499473
2335,52,0.0031042809835687257
2335,53,0.0032546407100834665
2335,54,0.003411690364865608
2335,55,0.0035715471148670707
2335,56,0.0037004566015460334
2335,57,0.0038346273993071726
2335,58,0.003974332684596194
2335,59,0.004119847854509378
2335,60,0.004271449289227353
2335,61,0.004429412907061029
2335,62,0.004594012495727808
2335,63,0.004765517784859735
2335,64,0.004944192241393116
2335,65,0.0051302905603486295
2335,66,0.005324055820095133
2335,67,0.005525716275703201
2335,68,0.0057354817707949216
2335,69,0.005953539733029436
2335,70,0.006180050736838822
2335,71,0.006415143606012024
2335,72,0.00665891005157916
2335,73,0.0069113988244844
2335,74,0.007172609378241927
2335,75,0.0074424850590318415
2335,76,0.007720905827577585
2335,77,0.008007680546785158
2335,78,0.008302538881924667
2335,79,0.008605122869877567
2335,80,0.008914978255665788
2335,81,0.009231545675518083
2335,82,0.009554151853621925
2335,83,0.009815351195080304
2335,84,0.010076500863215614
2335,85,0.010345009418315822
2335,86,0.010620699721412843
2335,87,0.010903356477138944
2335,88,0.011192721527506323
2335,89,0.011488488138303117
2335,90,0.01179029593633673
2335,91,0.01209772654154044
2335,92,0.012410299700686021
2335,93,0.012727469718397631
2335,94,0.013048622003585511
2335,95,0.013373069515264487
2335,96,0.013700048904230955
2335,97,0.014028716117941193
2335,98,0.014358141227889453
2335,99,0.014687302177286742
2335,100,0.01501507720090194
2335,101,0.01534023559609116
2335,102,0.015661426589001073
2335,103,0.015977166041566127
2335,104,0.016285820805865533
2335,105,0.01658559063867846
2335,106,0.0168744876798313
2335,107,0.017150313673809002
2335,108,0.01741063527805606
2335,109,0.017652758063620867
2335,110,0.017887340442216928
2335,111,0.018110983427949374
2335,112,0.01831610385608322
2335,113,0.018499225196317658
2335,114,0.018656376151553744
2335,115,0.018783044658432512
2335,116,0.01887413581499616
2335,117,0.018923935964608157
2335,118,0.01892608524421075
2335,119,0.018873560605133382
2335,120,0.01875867080731163
2335,121,0.01857306384852254
2335,122,0.01830774573787963
2335,123,0.017953107299509087
2335,124,0.017498952609311346
2335,125,0.016934518708674927
2335,126,0.016248471294062955
2335,127,0.015428855690019151
2335,128,0.014462977956150324
2335,129,0.013337193058445912
2335,130,0.012036602209066065
2335,131,0.010544765205084426
2335,132,0.008843906275206485
2335,133,0.006917465691155022
2335,134,0.004762500845031789
2335,135,0.002448001111334755
2335,136,0.0004571009059975288
2348,1,8.682812716360824e-09
2348,2,1.9659342278832034e-07
2348,3,9.701573973966085e-07
2348,4,2.7288953485005193e-06
2348,5,5.835366602357628e-06
2348,6,1.0636780934092562e-05
2348,7,1.7473836157069186e-05
2348,8,2.6682549449686605e-05
2348,9,3.859296370040423e-05
2348,10,5.352653910576723e-05
2348,11,7.179313349759081e-05
2348,12,9.368803567449415e-05
2348,13,0.00011948930943405216
2348,14,0.0001494555700934825
2348,15,0.00018382424101366797
2348,16,0.00022281029370627554
2348,17,0.0002666054180695706
2348,18,0.0003153775751306001
2348,19,0.0003692708343094467
2348,20,0.0004284054210816807
2348,21,0.0004928778614208177
2348,22,0.0005627611334458455
2348,23,0.0006381047118367185
2348,24,0.0007189344037806797
2348,25,0.000805251884929131
2348,26,0.0008970338021514602
2348,27,0.0009942303757972653
2348,28,0.0010885376552041749
2348,29,0.001166949268448282
2348,30,0.0012476875096008996
2348,31,0.0013309063058829032
2348,32,0.0014167918803880306
2348,33,0.0015055604486577075
2348,34,0.0015974553051034865
2348,35,0.0016927432145709637
2348,36,0.0017917099870001188
2348,37,0.0018946551232971848
2348,38,0.002001885372619822
2348,39,0.0021137071015357015
2348,40,0.0022304173419910246
2348,41,0.0023522934635460237
2348,42,0.0024795815058210663
2348,43,0.0026124833243616774
2348,44,0.0027511428682214525
2348,45,0.0028956322243755685
2348,46,0.0030459383902372277
2348,47,0.0032019522838071606
2348,48,0.003363462265624704
2348,49,0.0035301555717604234
2348,50,0.003701632858168133
2348,51,0.003877443991864447
2348,52,0.004057158184898528
2348,53,0.004240489419712385
2348,54,0.004427501914079929
2348,55,0.0046160884289619735
2348,56,0.00478491997968752
2348,57,0.004958314644217524
2348,58,0.005136402564301809
2348,59,0.005319301032455486
2348,60,0.00550711199794153
2348,61,0.005699919375503089
2348,62,0.005897786173557606
2348,63,0.006100751406622674
2348,64,0.006308826813649558
2348,65,0.00652199337118362
2348,66,0.006740197589154593
2348,67,0.006963347641502363
2348,68,0.007191309288417737
2348,69,0.007423901656066107
2348,70,0.00766089288744975
2348,71,0.00790199568786038
2348,72,0.008146862827588454
2348,73,0.008395082654777813
2348,74,0.008646174677297523
2348,75,0.008899585297628815
2348,76,0.00915468378881809
2348,77,0.00941075862724054
2348,78,0.009667014275747083
2348,79,0.009922568568130721
2348,80,0.010176450820841494
2348,81,0.010427600836167686
2348,82,0.0106748689280874
2348,83,0.010924100824275269
2348,84,0.01117578492857131
2348,85,0.011429221909095934
2348,86,0.01168405850709936
2348,87,0.011939888266669734
2348,88,0.012196248532400259
2348,89,0.012452617515309426
2348,90,0.012708411438245153
2348,91,0.012962981785590666
2348,92,0.01321561269626409
2348,93,0.013465518517998144
2348,94,0.013711841555338417
2348,95,0.013953650022340345
2348,96,0.014189936237041269
2348,97,0.014419615061408535
2348,98,0.01464152258143372
2348,99,0.014854415043692157
2348,100,0.015056967977774833
2348,101,0.015247775467788752
2348,102,0.015425349408813382
2348,103,0.015588118511534193
2348,104,0.015734426630378186
2348,105,0.0158625296255798
2348,106,0.015970589505618242
2348,107,0.01605666376715311
2348,108,0.016118688186937787
2348,109,0.0161544694348418
2348,110,0.01621575414886844
2348,111,0.016276119580231237
2348,112,0.016311755634349036
2348,113,0.01632082132936414
2348,114,0.01630144048685043
2348,115,0.01625170324292841
2348,116,0.01616966435038491
2348,117,0.016053336821025964
2348,118,0.015900678986224583
2348,119,0.0157095723991368
2348,120,0.015477787117701576
2348,121,0.015202929598688526
2348,122,0.014882366525088592
2348,123,0.014513115060435372
2348,124,0.014091685631415328
2348,125,0.013613856564219005
2348,126,0.013074349049754797
2348,127,0.012466353395609862
2348,128,0.011780828641510603
2348,129,0.011005449599942816
2348,130,0.010122996194750922
2348,131,0.009108857036017978
2348,132,0.007927176727616182
2348,133,0.006525320272007926
2348,134,0.004829015839619799
2348,135,0.00276423017402486
2348,136,0.0006046786610966503
235,1,6.061943169610351e-06
235,2,5.67073326935833e-05
235,3,0.00015736560731540684
235,4,0.0002919055349279405
235,5,0.0004498674255681314
235,6,0.0006250608765838614
235,7,0.0008137266234752579
235,8,0.0010135144661835378
235,9,0.001222921217085968
235,10,0.0014409687882410108
235,11,0.0016670112420358665
235,12,0.0019006139755166553
235,13,0.0021414748505272662
235,14,0.0023893705211751235
235,15,0.002644118368841906
235,16,0.002905548309928035
235,17,0.0031734809910983347
235,18,0.0034477102142002063
235,19,0.003727988198397721
235,20,0.004014012827741158
235,21,0.004305416363678511
235,22,0.004601755273688811
235,23,0.00490250106199238
235,24,0.005207032010670741
235,25,0.005514625895135771
235,26,0.0058244537384394965
235,27,0.006135574756330279
235,28,0.006399544812244251
235,29,0.0065505642762908305
235,30,0.006698913725978519
235,31,0.006845404792056015
235,32,0.006990604194822603
235,33,0.007134915540970701
235,34,0.007278637392445787
235,35,0.007421998261905314
235,36,0.0075651781507410434
235,37,0.007708322091398243
235,38,0.007851548683906374
235,39,0.0079949553479675
235,40,0.008138621302799643
235,41,0.00828260895813417
235,42,0.008426964128220311
235,43,0.008571715399462143
235,44,0.008716872850534553
235,45,0.008862426315414118
235,46,0.009008343295619928
235,47,0.009154566631284292
235,48,0.009301012020134817
235,49,0.009447565440936681
235,50,0.009594080535260206
235,51,0.009740376029532394
235,52,0.009886233193732939
235,53,0.010031393435073959
235,54,0.01017555602094884
235,55,0.01031173033604388
235,56,0.010387346509135198
235,57,0.010462926309868602
235,58,0.010538481944115807
235,59,0.010613989946601936
235,60,0.010689390134483912
235,61,0.010764584664183601
235,62,0.010839437130580042
235,63,0.010913771755825804
235,64,0.01098737265631038
235,65,0.011059983212389478
235,66,0.011131305557292538
235,67,0.011201000202221856
235,68,0.011268685834633049
235,69,0.011333939326656366
235,70,0.011396295960446834
235,71,0.01145524995820307
235,72,0.011510255316838722
235,73,0.011560727009451764
235,74,0.011606042611665252
235,75,0.011645544376984814
235,76,0.011678541835271661
235,77,0.01170431493768054
235,78,0.01172211780795888
235,79,0.01173118312973287
235,80,0.011730727216560731
235,81,0.011719955773817362
235,82,0.011698070393251252
235,83,0.011649387774257433
235,84,0.011595018009846173
235,85,0.01153901120022131
235,86,0.011482923252834967
235,87,0.011427658418623948
235,88,0.011373531063549665
235,89,0.011320360243358567
235,90,0.011267563978246633
235,91,0.011214244935342909
235,92,0.011159265561059244
235,93,0.011101312766607847
235,94,0.011038953081477272
235,95,0.010970679460320758
235,96,0.010894951031388881
235,97,0.01081022702300566
235,98,0.010714996049089995
235,99,0.010607801784609041
235,100,0.010487265962554686
235,101,0.01035210945149901
235,102,0.010201172019388903
235,103,0.010033431240444791
235,104,0.00984802083402268
235,105,0.009644248560906312
235,106,0.009421613663015476
235,107,0.009179823668262676
235,108,0.008918810238570468
235,109,0.008638743644397784
235,110,0.008357666421619165
235,111,0.00806736947366915
235,112,0.00776114851298965
235,113,0.007439829969205156
235,114,0.007104460129205833
235,115,0.006756304337816513
235,116,0.006396841853077179
235,117,0.006027755837657119
235,118,0.005650918088498869
235,119,0.0052683682241683755
235,120,0.004882287247476177
235,121,0.004494965583087298
235,122,0.004108765961625874
235,123,0.0037260817573621973
235,124,0.0033492916926053345
235,125,0.002980712131761904
235,126,0.0026225485674720634
235,127,0.0022768484170234316
235,128,0.001945458147359018
235,129,0.0016299895749824398
235,130,0.0013318044414130348
235,131,0.0010520372122824557
235,132,0.0007917060734354083
235,133,0.0005520546157917948
235,134,0.00033559620286709483
235,135,0.00014978524324485803
235,136,2.3596274734616654e-05
238,1,0.000756007651578221
238,2,0.004500217924067051
238,3,0.009008513494507956
238,4,0.013004626994876532
238,5,0.016280504341860014
238,6,0.018878154509155212
238,7,0.020893384091745997
238,8,0.022423678839892318
238,9,0.02355454745954666
238,10,0.024357281405691218
238,11,0.02489012735898965
238,12,0.025200301330896235
238,13,0.025326003095031902
238,14,0.025298178416861782
238,15,0.025141981888444846
238,16,0.024877962256078568
238,17,0.024523011440466196
238,18,0.02409111960642069
238,19,0.02359397405093235
238,20,0.02304143344621518
238,21,0.022441903167318287
238,22,0.021802632275412223
238,23,0.02112994849679479
238,24,0.020429444088095047
238,25,0.01970612268247092
238,26,0.018964515064885286
238,27,0.018208770031334042
238,28,0.017530770963392155
238,29,0.017054054013943772
238,30,0.01657704145767218
238,31,0.01610163673263718
238,32,0.015629434945254258
238,33,0.015161754242850177
238,34,0.014699666689777178
238,35,0.014244027365457367
238,36,0.013795501364887764
238,37,0.013354588723313689
238,38,0.012921647327964643
238,39,0.012496913914314666
238,40,0.012080523244524074
238,41,0.011672525524995786
238,42,0.011272902181241861
238,43,0.010881580019248119
238,44,0.01049844389322532
238,45,0.010123347922294364
238,46,0.009756125347992308
238,47,0.009396597120202695
238,48,0.009044579280940558
238,49,0.008699889240516326
238,50,0.00836235103129262
238,51,0.008031799615281067
238,52,0.007708084344147506
238,53,0.007391071636616128
238,54,0.007080646957375074
238,55,0.006782487100511752
238,56,0.0065413550568595175
238,57,0.006304244393308516
238,58,0.006071203603158104
238,59,0.0058422718328550675
238,60,0.005617480846992365
238,61,0.005396856775718983
238,62,0.005180421678599103
238,63,0.004968194928045621
238,64,0.004760194444072122
238,65,0.0045564377758092545
238,66,0.004356943049743936
238,67,0.004161729776871165
238,68,0.003970819528994348
238,69,0.003784236478141478
238,70,0.003602007798667533
238,71,0.003424163932439546
238,72,0.0032507387075579796
238,73,0.0030817693157041775
238,74,0.002917296140961919
238,75,0.002757362442700071
238,76,0.0026020138935158076
238,77,0.002451297975091645
238,78,0.002305263238097034
238,79,0.002163958434845419
238,80,0.002027431537368539
238,81,0.001895728651001957
238,82,0.0017688928464329081
238,83,0.0016793983252502403
238,84,0.0015952528499804798
238,85,0.001512818466643278
238,86,0.0014322321945158538
238,87,0.0013536235392375673
238,88,0.0012771100263510213
238,89,0.0012027943519395264
238,90,0.0011307627562417296
238,91,0.0010610844055089577
238,92,0.0009938116237623899
238,93,0.0009289808076616285
238,94,0.0008666138661183211
238,95,0.0008067200179605109
238,96,0.0007492977915214482
238,97,0.0006943370772848462
238,98,0.0006418211059598497
238,99,0.0005917282444636462
238,100,0.0005440335252593434
238,101,0.0004987098537658782
238,102,0.0004557288617346192
238,103,0.0004150613980276953
238,104,0.00037667767253134275
238,105,0.00034054708484523676
238,106,0.0003066377859962009
238,107,0.000274916032031674
238,108,0.00024534539598743273
238,109,0.00021788590641749623
238,110,0.00019438060838334538
238,111,0.00017322609734399055
238,112,0.00015352041373900997
238,113,0.00013525348467869011
238,114,0.00011840864322838139
238,115,0.00010296214441439351
238,116,8.888284497678405e-05
238,117,7.613207609912061e-05
238,118,6.466372736903787e-05
238,119,5.442455075896288e-05
238,120,4.535468130489687e-05
238,121,3.738836100939038e-05
238,122,3.045484200638038e-05
238,123,2.4479437726258293e-05
238,124,1.9384683208410808e-05
238,125,1.5091561854673675e-05
238,126,1.1520754054432577e-05
238,127,8.593863055009931e-06
238,128,6.23457654662368e-06
238,129,4.369726511775687e-06
238,130,2.9302156954346065e-06
238,131,1.8517833418324303e-06
238,132,1.075581120907593e-06
238,133,5.485046281067539e-07
238,134,2.2310858608318173e-07
238,135,5.639504233030427e-08
238,136,3.6713237946177327e-09
239,1,5.721783213279361e-05
239,2,0.0003731247468022208
239,3,0.0008350373443551728
239,4,0.001363526878828727
239,5,0.0019368971780683456
239,6,0.0025457131620480826
239,7,0.0031832356766446934
239,8,0.003843039927501305
239,9,0.0045184635290573625
239,10,0.005202609770846432
239,11,0.005888527953990779
239,12,0.006569437107963658
239,13,0.0072389385843726235
239,14,0.007891193451737161
239,15,0.00852105474347982
239,16,0.009124152409704735
239,17,0.009696933619203565
239,18,0.010236663978872036
239,19,0.010741396836354545
239,20,0.011209918338005897
239,21,0.011641675690094066
239,22,0.01203669526041322
239,23,0.01239549608272105
239,24,0.012719003119042335
239,25,0.013008463461327882
239,26,0.013265367658966147
239,27,0.013491377505567937
239,28,0.01368826097557717
239,29,0.01385783740708477
239,30,0.014001941118465143
239,31,0.014122392024169985
239,32,0.014220964094810142
239,33,0.014299357129050533
239,34,0.014359172361976804
239,35,0.014401892013213395
239,36,0.014428863028814604
239,37,0.014441285305552356
239,38,0.01444020474068629
239,39,0.014426511328793577
239,40,0.01440094250646656
239,41,0.014364091727637814
239,42,0.014316422133799314
239,43,0.014258284966877713
239,44,0.014189942197299295
239,45,0.014111592629296045
239,46,0.014023400590555476
239,47,0.01392552612107965
239,48,0.013818155417141674
239,49,0.013701530113088204
239,50,0.013575973711835757
239,51,0.013441912998806328
239,52,0.013299891293332044
239,53,0.013150567935815467
239,54,0.012994691661025593
239,55,0.012833011647438759
239,56,0.012666109034581437
239,57,0.012494409640302882
239,58,0.012318286048636206
239,59,0.012138084934196415
239,60,0.011954128331938865
239,61,0.011766715007403767
239,62,0.011576121882233892
239,63,0.011382605511702688
239,64,0.01118640358196985
239,65,0.010987736424562028
239,66,0.010786808515792789
239,67,0.010583809952009974
239,68,0.010378917907332762
239,69,0.010172298028274058
239,70,0.00996410578402398
239,71,0.009754487758653929
239,72,0.009543582881361116
239,73,0.009331523567184967
239,74,0.009118436817572352
239,75,0.008904445212385249
239,76,0.008689667848697947
239,77,0.008474221193925496
239,78,0.008258219875838682
239,79,0.008041777379263303
239,80,0.007825006705181721
239,81,0.007608020941741485
239,82,0.007390933796380292
239,83,0.007173859109358988
239,84,0.006956906237141319
239,85,0.006740178625739226
239,86,0.006523777039750815
239,87,0.006307804242021048
239,88,0.006092368798465666
239,89,0.005877587927099121
239,90,0.0056635895761104485
239,91,0.005450513800889123
239,92,0.0052385135646887656
239,93,0.005027754989040085
239,94,0.004818417114718181
239,95,0.00461069124162164
239,96,0.004404779894254338
239,97,0.00420089551582321
239,98,0.003999258953822773
239,99,0.0038000978356667048
239,100,0.003603644915864334
239,101,0.003410136493915962
239,102,0.003219810962432705
239,103,0.0030329075550028276
239,104,0.002849665336281108
239,105,0.0026703224646064828
239,106,0.002495115723771452
239,107,0.002324280323145701
239,108,0.002158049930296436
239,109,0.001996656973243386
239,110,0.0018403330584269525
239,111,0.0016893078083161728
239,112,0.001543807348448413
239,113,0.0014040536005396802
239,114,0.0012702633574480386
239,115,0.001142646889817363
239,116,0.0010214059645381243
239,117,0.0009067312227062656
239,118,0.0007987988701071291
239,119,0.0006977666887920866
239,120,0.0006037694305217785
239,121,0.000516913698044487
239,122,0.0004372724766744918
239,123,0.0003648795131895275
239,124,0.00029972377988392833
239,125,0.00024174428225769818
239,126,0.00019082545447134667
239,127,0.00014679340183714712
239,128,0.00010941316022815714
239,129,7.838707990096262e-05
239,130,5.335423193998764e-05
239,131,3.3890392054880845e-05
239,132,1.9507375617857294e-05
239,133,9.648778688822974e-06
239,134,3.6747152462197803e-06
239,135,8.155607647226696e-07
239,136,4.112382470389081e-08
2390,1,0.0006629769543413642
2390,2,0.0038395213388638374
2390,3,0.00760493787548136
2390,4,0.010990700875286141
2390,5,0.013851322531893294
2390,6,0.016208716213150495
2390,7,0.01811890141113679
2390,8,0.019640366193282563
2390,9,0.020826437220327836
2390,10,0.021724015749449495
2390,11,0.022373993467676028
2390,12,0.02281201098722321
2390,13,0.023069185621860895
2390,14,0.023172725436823943
2390,15,0.023146431193909724
2390,16,0.023011107830381003
2390,17,0.022784907453138988
2390,18,0.02248362127039182
2390,19,0.02212093306057208
2390,20,0.021708642957009718
2390,21,0.02125686755615462
2390,22,0.020774220516816124
2390,23,0.020267976576730434
2390,24,0.019744221173275327
2390,25,0.01920798732407728
2390,26,0.0186633811347027
2390,27,0.01811369707538527
2390,28,0.01754844964335861
2390,29,0.016968768115038967
2390,30,0.016415118134852646
2390,31,0.015887839057359188
2390,32,0.015386782657809909
2390,33,0.014911401988609945
2390,34,0.0144608272867315
2390,35,0.014033930377305043
2390,36,0.013629378952058815
2390,37,0.013245681952404694
2390,38,0.012881227204041154
2390,39,0.012534312271846353
2390,40,0.012203169442382682
2390,41,0.011885985566733995
2390,42,0.011580917445917292
2390,43,0.011286103328938629
2390,44,0.01099967106551509
2390,45,0.010719743456944002
2390,46,0.010444441481876125
2390,47,0.010171886375214184
2390,48,0.00990020231402505
2390,49,0.009627523189555336
2390,50,0.009352011010495952
2390,51,0.009071903547489327
2390,52,0.008785636360414774
2390,53,0.008492169622239315
2390,54,0.008191968196744183
2390,55,0.007891190572782092
2390,56,0.0076051215396397455
2390,57,0.007328093511087511
2390,58,0.007059747018427532
2390,59,0.00679972302376084
2390,60,0.006547665975612051
2390,61,0.006303226461206086
2390,62,0.00606606350597553
2390,63,0.005835846555534812
2390,64,0.005612257176391514
2390,65,0.005394990509734705
2390,66,0.005183756498547884
2390,67,0.004978280915750873
2390,68,0.004778306216925705
2390,69,0.004583592221097348
2390,70,0.004393916644672994
2390,71,0.004209075491564149
2390,72,0.004028883307781738
2390,73,0.0038531733092025833
2390,74,0.0036817973819267516
2390,75,0.0035146259581987646
2390,76,0.003351547770822371
2390,77,0.003192469484900242
2390,78,0.0030373152026213325
2390,79,0.0028860258502955848
2390,80,0.002738558433968133
2390,81,0.0025948851747568122
2390,82,0.0024549925218965585
2390,83,0.0023399764952928385
2390,84,0.0022300929614895945
2390,85,0.002122951764895733
2390,86,0.002018557284908945
2390,87,0.001916912443076659
2390,88,0.0018180192510073197
2390,89,0.0017218792558196792
2390,90,0.0016284938941945894
2390,91,0.00153786475225476
2390,92,0.0014499937316474628
2390,93,0.001364883131798519
2390,94,0.0012825356473548611
2390,95,0.0012029542842742352
2390,96,0.001126142201585923
2390,97,0.0010521024794605278
2390,98,0.0009808378230482559
2390,99,0.0009123502026199812
2390,100,0.0008466404401124288
2390,101,0.0007837077455177391
2390,102,0.0007235492069782943
2390,103,0.000666159237202022
2390,104,0.0006115289688584396
2390,105,0.0005596455728255552
2390,106,0.0005104914228317856
2390,107,0.00046404287503469386
2390,108,0.0004202679067885337
2390,109,0.0003791199940066472
2390,110,0.0003425854486049811
2390,111,0.00030904333765659935
2390,112,0.00027752975115012565
2390,113,0.0002480259246473921
2390,114,0.00022050698942726376
2390,115,0.0001949419296706932
2390,116,0.00017129359140915577
2390,117,0.0001495187481635062
2390,118,0.00012956822856209014
2390,119,0.00011138710551672662
2390,120,9.491495103185986e-05
2390,121,8.008615563941914e-05
2390,122,6.683031164182221e-05
2390,123,5.5072658242334646e-05
2390,124,4.473458455933934e-05
2390,125,3.573418714163586e-05
2390,126,2.798687512184856e-05
2390,127,2.1406013080799263e-05
2390,128,1.5903588722155627e-05
2390,129,1.1390881444106883e-05
2390,130,7.779088852559919e-06
2390,131,4.979828701116386e-06
2390,132,2.905337122929313e-06
2390,133,1.4679449516943422e-06
2390,134,5.777340002555729e-07
2390,135,1.3510388374054033e-07
2390,136,7.445840553204207e-09
2393,1,1.82806360100429e-12
2393,2,3.562911079172778e-11
2393,3,1.6737972243335912e-10
2393,4,4.703657219237739e-10
2393,5,1.031674561296314e-09
2393,6,1.960843157481051e-09
2393,7,3.3970278405343604e-09
2393,8,5.5164546830802205e-09
2393,9,8.540838855323679e-09
2393,10,1.274716855803833e-08
2393,11,1.8479185340981956e-08
2393,12,2.6160911026459218e-08
2393,13,3.631261447134871e-08
2393,14,4.956969199793927e-08
2393,15,6.670502891741028e-08
2393,16,8.865552626574491e-08
2393,17,1.1655363044427053e-07
2393,18,1.5176487452449908e-07
2393,19,1.9593267079931194e-07
2393,20,2.5103186169362037e-07
2393,21,3.1943285541735963e-07
2393,22,4.039785777333776e-07
2393,23,5.080769662475063e-07
2393,24,6.358122894862573e-07
2393,25,7.920792924121758e-07
2393,26,9.827450228973962e-07
2393,27,1.2148441805056816e-06
2393,28,1.4521997432885717e-06
2393,29,1.613228976590609e-06
2393,30,1.7881693108024508e-06
2393,31,1.97840445508795e-06
2393,32,2.185538715566123e-06
2393,33,2.411432159685464e-06
2393,34,2.658240510732459e-06
2393,35,2.9284605301403442e-06
2393,36,3.224981364435295e-06
2393,37,3.5511426920094114e-06
2393,38,3.910800377629789e-06
2393,39,4.308400370521156e-06
2393,40,4.749061687658903e-06
2393,41,5.238669373900799e-06
2393,42,5.783978198242278e-06
2393,43,6.392728111066406e-06
2393,44,7.07377237856893e-06
2393,45,7.83721957176114e-06
2393,46,8.694590813441305e-06
2393,47,9.658993911450031e-06
2393,48,1.0745317179894821e-05
2393,49,1.1970446595628285e-05
2393,50,1.335351251756188e-05
2393,51,1.4916176640572186e-05
2393,52,1.668297810617587e-05
2393,53,1.8681776475502364e-05
2393,54,2.094437419255923e-05
2393,55,2.3425829930294827e-05
2393,56,2.5424185350069497e-05
2393,57,2.7629520095575442e-05
2393,58,3.006700775288441e-05
2393,59,3.276520034265542e-05
2393,60,3.575651894004487e-05
2393,61,3.907781928826021e-05
2393,62,4.2771045130429546e-05
2393,63,4.6883982607790807e-05
2393,64,5.147113227886354e-05
2393,65,5.659471754101946e-05
2393,66,6.232585110908738e-05
2393,67,6.874588518655301e-05
2393,68,7.594797455430993e-05
2393,69,8.403888671790107e-05
2393,70,9.314109832392716e-05
2393,71,0.00010339522374024859
2393,72,0.00011496282799423276
2393,73,0.00012802968472965735
2393,74,0.00014280954865167006
2393,75,0.00015954852255902296
2393,76,0.00017853010985654187
2393,77,0.00020008105658865893
2393,78,0.0002245781017260494
2393,79,0.0002524557687545914
2393,80,0.0002842153502723188
2393,81,0.0003204352531042614
2393,82,0.0003617828935910455
2393,83,0.0003921662001190411
2393,84,0.00042391909975679514
2393,85,0.000459126808212062
2393,86,0.0004982197480124304
2393,87,0.0005416874303649085
2393,88,0.000590087139115609
2393,89,0.0006440539421933929
2393,90,0.0007043122369025503
2393,91,0.0007716890644859609
2393,92,0.0008471294665430883
2393,93,0.0009317141936526183
2393,94,0.001026680122663541
2393,95,0.0011334437904347587
2393,96,0.0012536285057165575
2393,97,0.0013890955690226336
2393,98,0.0015419801952487066
2393,99,0.0017147328167805293
2393,100,0.0019101665270223787
2393,101,0.002131511519904522
2393,102,0.0023824774808477497
2393,103,0.0026673249989388613
2393,104,0.002990947187281482
2393,105,0.00335896282946538
2393,106,0.0037778225235274446
2393,107,0.004254929471042914
2393,108,0.004798776854590122
2393,109,0.005419104296782636
2393,110,0.006051035867820374
2393,111,0.006731324836440463
2393,112,0.007500325503568593
2393,113,0.008370479872691745
2393,114,0.009356046957759398
2393,115,0.010473370356496033
2393,116,0.01174118249307074
2393,117,0.013180948198758988
2393,118,0.014817248573643938
2393,119,0.016678202582007178
2393,120,0.018795917102736134
2393,121,0.021206943714926638
2393,122,0.02395269763426286
2393,123,0.02707975241773813
2393,124,0.030639846845940934
2393,125,0.0346892958721183
2393,126,0.03928722109602365
2393,127,0.044491472449327836
2393,128,0.05035000568264915
2393,129,0.05688312702719409
2393,130,0.06404674641436117
2393,131,0.0716541941057661
2393,132,0.07920159999712811
2393,133,0.08544877805549736
2393,134,0.08730635899879952
2393,135,0.07647367367130775
2393,136,0.031568996057267186
24,1,6.858072846066961e-10
24,2,1.7191827567113867e-08
24,3,9.177255558919807e-08
24,4,2.765796268903733e-07
24,5,6.304547604737003e-07
24,6,1.2207399271731245e-06
24,7,2.1241169651971356e-06
24,8,3.426642556690519e-06
24,9,5.223201878499698e-06
24,10,7.616508111206174e-06
24,11,1.0715739660502277e-05
24,12,1.463489786840644e-05
24,13,1.94909708929743e-05
24,14,2.5401990415075605e-05
24,15,3.248506864800005e-05
24,16,4.0854500702330446e-05
24,17,5.0620009970539964e-05
24,18,6.188520426997619e-05
24,19,7.474630098434895e-05
24,20,8.929116194861359e-05
24,21,0.00010559866756404089
24,22,0.0001237384418778073
24,23,0.00014377092783311187
24,24,0.0001657477952779974
24,25,0.00018971265431545195
24,26,0.00021570203342625088
24,27,0.0002437465725550943
24,28,0.0002738723767929341
24,29,0.00030610342497987514
24,30,0.0003404662730433248
24,31,0.00037699186689006074
24,32,0.0004157171541898708
24,33,0.00045668740585575634
24,34,0.0004999586817818481
24,35,0.0005456001846198003
24,36,0.0005936963711855397
24,37,0.0006443487031362214
24,38,0.0006976769016903765
24,39,0.0007538195662947891
24,40,0.0008129340155834134
24,41,0.0008751951981923295
24,42,0.000940793541747447
24,43,0.001009931623542598
24,44,0.0010828195879164222
24,45,0.0011596693019482523
24,46,0.0012406873261211811
24,47,0.001326066935609777
24,48,0.0014159796156734846
24,49,0.0015105667759504518
24,50,0.0016099328916417506
24,51,0.001714142016689647
24,52,0.0018232207502622859
24,53,0.001937172514153712
24,54,0.0020560096443901026
24,55,0.002179801296159215
24,56,0.002308673448802342
24,57,0.0024427669011396953
24,58,0.002582223119783363
24,59,0.0027271874151962223
24,60,0.002877809084555
24,61,0.0030342415484343127
24,62,0.003196642485624992
24,63,0.0033651739552528403
24,64,0.0035400024977645947
24,65,0.0037212992076145644
24,66,0.003909239772976831
24,67,0.0041040044664052274
24,68,0.004305778084880729
24,69,0.004514749821992738
24,70,0.004731113070171995
24,71,0.004955065132757121
24,72,0.005186806838661521
24,73,0.0054265420482342815
24,74,0.00567447703128039
24,75,0.005930819706374922
24,76,0.006195778714945577
24,77,0.006469562328070519
24,78,0.006752377140976088
24,79,0.007044426545160419
24,80,0.007345908957619546
24,81,0.007657015752357158
24,82,0.00797792888499586
24,83,0.00830876833883808
24,84,0.008649407986448946
24,85,0.008999443649730444
24,86,0.009358425838575973
24,87,0.009725922127499176
24,88,0.01010152474394121
24,89,0.01048485384475395
24,90,0.010875561602785277
24,91,0.011273336848683098
24,92,0.011677909215424078
24,93,0.01208905168961899
24,94,0.01250658050870354
24,95,0.012930351463189396
24,96,0.013360251761701627
24,97,0.013796186746321598
24,98,0.014238060883079301
24,99,0.014685752595725902
24,100,0.015139082668586674
24,101,0.015597776077413783
24,102,0.016061417212765
24,103,0.01652939854739033
24,104,0.017000862858066703
24,105,0.017474639040143597
24,106,0.01794917163604319
24,107,0.01842244444414593
24,108,0.018891901026945133
24,109,0.01935438091430371
24,110,0.019806138055876815
24,111,0.02024292775545139
24,112,0.020659877104845605
24,113,0.02105140252356427
24,114,0.02141117996845962
24,115,0.02173212658113713
24,116,0.022006395568002886
24,117,0.022225385657893552
24,118,0.022379765786717635
24,119,0.0224595147824639
24,120,0.022453974493176966
24,121,0.022351913097178183
24,122,0.022141593047761032
24,123,0.02181083508463764
24,124,0.021347065782615637
24,125,0.02073733095597297
24,126,0.019968250477509632
24,127,0.01902588166016712
24,128,0.017895448972893885
24,129,0.016560891611440608
24,130,0.015004193099579297
24,131,0.01320454558701092
24,132,0.011137776185194436
24,133,0.00877797181695162
24,134,0.00610984928271116
24,135,0.0031957672886404383
24,136,0.0006132867610226357
242,1,2.5399723107577565e-10
242,2,5.372772939172226e-09
242,3,2.6403067265557524e-08
242,4,7.60353617846106e-08
242,5,1.6868956945798932e-07
242,6,3.2123506848562706e-07
242,7,5.533435219197182e-07
242,8,8.876449383338801e-07
242,9,1.3497537758754137e-06
242,10,1.968191412904261e-06
242,11,2.7742188965029046e-06
242,12,3.8015913289769005e-06
242,13,5.086245089474043e-06
242,14,6.665929973865526e-06
242,15,8.579800655566869e-06
242,16,1.086798143860295e-05
242,17,1.3571121786310824e-05
242,18,1.6729959366520862e-05
242,19,2.0384909663975554e-05
242,20,2.4575701671008793e-05
242,21,2.9341078266907013e-05
242,22,3.47185821950531e-05
242,23,4.0744442582834424e-05
242,24,4.7453580311832504e-05
242,25,5.487974149493868e-05
242,26,6.305576887630618e-05
242,27,7.20140122498e-05
242,28,8.17868764886511e-05
242,29,9.240747147368859e-05
242,30,0.00010391027249088161
242,31,0.00011633170676768445
242,32,0.00012971078301339886
242,33,0.00014408974826466686
242,34,0.0001595147321153164
242,35,0.00017603633786634785
242,36,0.00019371015412202264
242,37,0.0002125971603904526
242,38,0.00023276400330495936
242,39,0.00025428312649116125
242,40,0.00027723273697343977
242,41,0.0003016965983549026
242,42,0.00032776364837715477
242,43,0.0003555274379318438
242,44,0.000385085402968845
242,45,0.0004165379840822181
242,46,0.00044998762124404617
242,47,0.0004855376674436606
242,48,0.0005232912712534018
242,49,0.0005633503236850186
242,50,0.0006058145847236279
242,51,0.0006507811816751638
242,52,0.0006983447879177354
242,53,0.000748599029305937
242,54,0.0008016401643855714
242,55,0.0008575749068802787
242,56,0.0009165279171034769
242,57,0.0009786378205372582
242,58,0.0010440516317572544
242,59,0.0011129242762052476
242,60,0.0011854190647275168
242,61,0.001261708195653578
242,62,0.0013419732876855468
242,63,0.0014264059484035145
242,64,0.001515208370724299
242,65,0.0016085939673806907
242,66,0.0017067880396708546
242,67,0.0018100284804772719
242,68,0.0019185665116654657
242,69,0.0020326674594543246
242,70,0.002152611559479002
242,71,0.002278694797847898
242,72,0.0024112297815468706
242,73,0.0025505466425970046
242,74,0.0026969939638517232
242,75,0.002850939733196922
242,76,0.003012772323194607
242,77,0.0031829014791276058
242,78,0.00336175933283487
242,79,0.0035498014150177454
242,80,0.0037475076734266996
242,81,0.003955383482159267
242,82,0.0041739606401839215
242,83,0.004403792617512188
242,84,0.004645426951946281
242,85,0.004899385454719741
242,86,0.005166194598885086
242,87,0.005446405294382607
242,88,0.005740601109053585
242,89,0.006049403640848852
242,90,0.00637347706894796
242,91,0.006713532355994801
242,92,0.007070331104550872
242,93,0.007444688876355259
242,94,0.007837477696174409
242,95,0.008249627397601687
242,96,0.008682125393382725
242,97,0.00913601445544469
242,98,0.009612388018670271
242,99,0.010112382513505717
242,100,0.010637166210882978
242,101,0.011187924059185795
242,102,0.01176583798540026
242,103,0.012372062147461274
242,104,0.01300769265157138
242,105,0.013673731275877
242,106,0.014371042816526293
242,107,0.015100305738506407
242,108,0.015861956027141137
242,109,0.01665612442676081
242,110,0.017482567371958854
242,111,0.01834059363829223
242,112,0.0192289725624828
242,113,0.020145834425797857
242,114,0.021088563023874633
242,115,0.022053678319807767
242,116,0.02303670752522872
242,117,0.024032041873586808
242,118,0.0250327745538352
242,119,0.026030512487965812
242,120,0.027015150543066507
242,121,0.027974590503549876
242,122,0.028894377726688143
242,123,0.029757213696982036
242,124,0.030542279528955416
242,125,0.031224267583358528
242,126,0.031771954643611856
242,127,0.03214603933966287
242,128,0.0322957664116048
242,129,0.032153484894954565
242,130,0.03162555085496947
242,131,0.030576473141686714
242,132,0.02879995187666702
242,133,0.025963299533667997
242,134,0.021497418006777187
242,135,0.014409421301971205
242,136,0.004072303636467649
2426,1,2.7782902132170753e-05
2426,2,0.000237298784839045
2426,3,0.0006069761426338795
2426,4,0.0010530249355532114
2426,5,0.0015334839236854215
2426,6,0.0020274616111906098
2426,7,0.002523815653252892
2426,8,0.0030161822080219977
2426,9,0.003500663191309031
2426,10,0.003974679932942868
2426,11,0.004436374850279028
2426,12,0.004884286745397563
2426,13,0.005317169966236952
2426,14,0.005733892627428436
2426,15,0.006133379995832659
2426,16,0.006514584578621488
2426,17,0.006876472510819788
2426,18,0.007218020163541094
2426,19,0.007538217310038983
2426,20,0.007836074564398797
2426,21,0.008110633626706212
2426,22,0.008360979317671793
2426,23,0.008586252693781654
2426,24,0.00878566471405181
2426,25,0.008958510028149225
2426,26,0.009104180517956232
2426,27,0.00922217829255935
2426,28,0.009362519637262543
2426,29,0.00960294999995733
2426,30,0.009832467490041113
2426,31,0.010051767296064567
2426,32,0.010261176930382566
2426,33,0.010460849856810218
2426,34,0.010650845291493653
2426,35,0.010831162709739895
2426,36,0.011001758534590903
2426,37,0.011162555093564133
2426,38,0.011313445983646796
2426,39,0.011454299750954532
2426,40,0.01158496278864407
2426,41,0.011705261919895769
2426,42,0.011815006905974786
2426,43,0.011913992997563346
2426,44,0.012002003577295809
2426,45,0.012078812929098867
2426,46,0.01214418911078344
2426,47,0.012197896939801731
2426,48,0.012239701054982238
2426,49,0.01226936905079817
2426,50,0.012286674654074597
2426,51,0.012291400922226296
2426,52,0.012283343448431499
2426,53,0.01226231355703875
2426,54,0.012228141466366766
2426,55,0.012190449696884435
2426,56,0.012228706702750435
2426,57,0.01225608196123933
2426,58,0.012272529469619885
2426,59,0.012278006470094223
2426,60,0.012272473511451889
2426,61,0.012255894628226422
2426,62,0.012228237666901622
2426,63,0.012189474751335867
2426,64,0.012139582922485336
2426,65,0.01207854496024139
2426,66,0.012006350372064201
2426,67,0.01192299658504211
2426,68,0.011828490319299355
2426,69,0.011722849132140722
2426,70,0.011606103153621913
2426,71,0.011478296974216066
2426,72,0.0113394916768444
2426,73,0.011189767003164042
2426,74,0.011029223618599612
2426,75,0.010857985461157387
2426,76,0.010676202134511262
2426,77,0.010484051327885853
2426,78,0.010281741218064286
2426,79,0.010069512828956077
2426,80,0.009847642308614712
2426,81,0.00961644308542036
2426,82,0.009376267873560419
2426,83,0.009279095096267129
2426,84,0.009185501058892317
2426,85,0.00907684948587675
2426,86,0.008953492557566188
2426,87,0.00881650286904043
2426,88,0.008667179969921043
2426,89,0.008506850134244435
2426,90,0.0083367763489532
2426,91,0.008158115951070377
2426,92,0.007971901542232672
2426,93,0.007779034607968931
2426,94,0.007580286838493634
2426,95,0.007376306534498121
2426,96,0.0071676286309959505
2426,97,0.006954687361657484
2426,98,0.00673783086862452
2426,99,0.006517337179144608
2426,100,0.006293431070282148
2426,101,0.006066301352545055
2426,102,0.0058361181742273985
2426,103,0.005603049967396725
2426,104,0.005367279672801146
2426,105,0.005129019945937588
2426,106,0.004888527036031138
2426,107,0.004646113082014618
2426,108,0.004402156577752043
2426,109,0.004157110784878817
2426,110,0.003943667113780834
2426,111,0.003740671951935318
2426,112,0.0035342719040904885
2426,113,0.00332506986845315
2426,114,0.003113766867901246
2426,115,0.0029011624448277446
2426,116,0.0026881523397506817
2426,117,0.0024757232315029713
2426,118,0.0022649443622800437
2426,119,0.0020569559370900658
2426,120,0.001852954296963232
2426,121,0.00165417396373088
2426,122,0.0014618668187889438
2426,123,0.0012772788539569424
2426,124,0.0011016251247180058
2426,125,0.0009360637932196657
2426,126,0.0007816703890925206
2426,127,0.0006394137416154703
2426,128,0.00051013538131162
2426,129,0.0003945346769820356
2426,130,0.0002931626276159833
2426,131,0.0002064282113512047
2426,132,0.00013462268381715284
2426,133,7.796875498923779e-05
2426,134,3.6697757618386644e-05
2426,135,1.1103051762603637e-05
2426,136,9.196506288380873e-07
2429,1,3.0408615749670555e-13
2429,2,8.09756378070975e-12
2429,3,4.5928013567014054e-11
2429,4,1.4632782677826973e-10
2429,5,3.512373829928779e-10
2429,6,7.145562748255182e-10
2429,7,1.3049680207697796e-09
2429,8,2.2088715944440836e-09
2429,9,3.5334223912534984e-09
2429,10,5.409670897165518e-09
2429,11,7.995775633366051e-09
2429,12,1.1480260804450501e-08
2429,13,1.6085298702475274e-08
2429,14,2.207000604853049e-08
2429,15,2.9733760263311163e-08
2429,16,3.9419563501106705e-08
2429,17,5.151750220736434e-08
2429,18,6.646836958726656e-08
2429,19,8.476752521494207e-08
2429,20,1.0696910440489124e-07
2429,21,1.3369064702705354e-07
2429,22,1.656182624702294e-07
2429,23,2.0351240471439176e-07
2429,24,2.482143250840992e-07
2429,25,3.006532552391381e-07
2429,26,3.618543456728006e-07
2429,27,4.3294737156776165e-07
2429,28,5.151761599061091e-07
2429,29,6.09909988449047e-07
2429,30,7.186590352130158e-07
2429,31,8.430855028884293e-07
2429,32,9.850140368347954e-07
2429,33,1.146443967885669e-06
2429,34,1.3295627067456081e-06
2429,35,1.5367600740895067e-06
2429,36,1.7706435482862699e-06
2429,37,2.034054660587866e-06
2429,38,2.330086696478033e-06
2429,39,2.662104117469688e-06
2429,40,3.0337638899880168e-06
2429,41,3.449039252096889e-06
2429,42,3.912246287029662e-06
2429,43,4.4280736974598235e-06
2429,44,5.001616421752559e-06
2429,45,5.638413405936832e-06
2429,46,6.344490133227905e-06
2429,47,7.1264064113184155e-06
2429,48,7.99130988772548e-06
2429,49,8.946995911401594e-06
2429,50,1.0001974133659311e-05
2429,51,1.1165542703453683e-05
2429,52,1.2447870310855733e-05
2429,53,1.386008716252358e-05
2429,54,1.5414385151055568e-05
2429,55,1.7124128235006612e-05
2429,56,1.9003970482468812e-05
2429,57,2.106998406062536e-05
2429,58,2.3339816233081543e-05
2429,59,2.583286089496099e-05
2429,60,2.8570447935819105e-05
2429,61,3.1576054468269586e-05
2429,62,3.4875540765184056e-05
2429,63,3.84974141543904e-05
2429,64,4.247312418830706e-05
2429,65,4.683739307785833e-05
2429,66,5.162858610142382e-05
2429,67,5.6889127155608305e-05
2429,68,6.266596514899063e-05
2429,69,6.901109814019288e-05
2429,70,7.598216292992013e-05
2429,71,8.36430985928403e-05
2429,72,9.206489446648839e-05
2429,73,0.00010132643340536785
2429,74,0.00011151544382042328
2429,75,0.00012272957540143518
2429,76,0.0001350776157737422
2429,77,0.00014868086743000214
2429,78,0.00016367470798636522
2429,79,0.0001802103595709573
2429,80,0.000198456897135909
2429,81,0.00021860353047118507
2429,82,0.00024086219874789076
2429,83,0.00026546944002810304
2429,84,0.0002926846608110784
2429,85,0.00032279034371553476
2429,86,0.0003561001187395877
2429,87,0.0003929650086042557
2429,88,0.0004337787357252353
2429,89,0.00047898347216479873
2429,90,0.0005290764082013428
2429,91,0.0005846173585736634
2429,92,0.0006462376148257715
2429,93,0.0007146502798136064
2429,94,0.0007906623637235561
2429,95,0.0008751889774837818
2429,96,0.0009692700295413077
2429,97,0.0010740899132275436
2429,98,0.001191000773749733
2429,99,0.0013215500673157883
2429,100,0.0014675132670224893
2429,101,0.0016309327508195262
2429,102,0.0018141641177492806
2429,103,0.0020199314321792824
2429,104,0.0022513932003883725
2429,105,0.0025122212545985035
2429,106,0.002806695143670827
2429,107,0.0031398151469713385
2429,108,0.003517437634978013
2429,109,0.003946437189701451
2429,110,0.004434900644241268
2429,111,0.0049923590576745275
2429,112,0.005630062583964376
2429,113,0.006361309683061612
2429,114,0.007201839066119926
2429,115,0.008170293355764628
2429,116,0.009288764224768143
2429,117,0.010583428007852922
2429,118,0.012085278382006216
2429,119,0.013830957373215899
2429,120,0.0158636757233757
2429,121,0.01823419498676963
2429,122,0.021001810503016388
2429,123,0.02423521562516301
2429,124,0.028013022769439427
2429,125,0.032423526657897425
2429,126,0.037562941158804986
2429,127,0.04353065991440009
2429,128,0.050418726945761355
2429,129,0.058289838900485585
2429,130,0.06713183919114658
2429,131,0.07676155879048528
2429,132,0.08661195277311284
2429,133,0.09522567015094285
2429,134,0.09892091579371054
2429,135,0.08779156103743802
2429,136,0.03647827626186571
2433,1,2.6134698104215174e-10
2433,2,5.129782227724885e-09
2433,3,2.362556467061717e-08
2433,4,6.445172332737964e-08
2433,5,1.3672085727489068e-07
2433,6,2.5093679433471413e-07
2433,7,4.1954187755261085e-07
2433,8,6.573195394676682e-07
2433,9,9.817438835176105e-07
2433,10,1.4133021357955396e-06
2433,11,1.975792603559572e-06
2433,12,2.696590527485784e-06
2433,13,3.6068686277713564e-06
2433,14,4.741755166367031e-06
2433,15,6.140409886506563e-06
2433,16,7.845995670358922e-06
2433,17,9.905522695929258e-06
2433,18,1.2369541727324603e-05
2433,19,1.5291663470121748e-05
2433,20,1.8727883566142938e-05
2433,21,2.2735696472974374e-05
2433,22,2.737298712215274e-05
2433,23,3.269669667452419e-05
2433,24,3.876126899486157e-05
2433,25,4.561689524645552e-05
2433,26,5.330758827044811e-05
2433,27,6.186913324772581e-05
2433,28,7.06498464753048e-05
2433,29,7.845975505636055e-05
2433,30,8.670790781400073e-05
2433,31,9.537696155717171e-05
2433,32,0.00010444633059135657
2433,33,0.00011389280404413094
2433,34,0.0001236913676561615
2433,35,0.00013381625857261526
2433,36,0.0001442422828666775
2433,37,0.00015494643284470354
2433,38,0.0001659098434005105
2433,39,0.000177120133450209
2433,40,0.00018857418278822255
2433,41,0.00020028140111258755
2433,42,0.00021226754832196285
2433,43,0.00022457916716004734
2433,44,0.0002372886832172649
2433,45,0.0002505002118129454
2433,46,0.00026435607014218746
2433,47,0.0002790439076290101
2433,48,0.00029480418555760175
2433,49,0.0003119373443567141
2433,50,0.00033080913044668194
2433,51,0.0003518505085699068
2433,52,0.00037554338571076275
2433,53,0.00040236864779550827
2433,54,0.0004326455203206872
2433,55,0.00046568049876481276
2433,56,0.0004974951317129971
2433,57,0.0005313233614046522
2433,58,0.0005672986309036008
2433,59,0.0006055630790916307
2433,60,0.0006462679459469534
2433,61,0.0006895739728662254
2433,62,0.000735651793354219
2433,63,0.0007846823055648757
2433,64,0.0008368570214609178
2433,65,0.0008923783841297117
2433,66,0.0009514600438446938
2433,67,0.001014327080548395
2433,68,0.0010812161636042155
2433,69,0.0011523756310461908
2433,70,0.001228065476842597
2433,71,0.0013085572248633882
2433,72,0.0013941336745611997
2433,73,0.001485088492936815
2433,74,0.0015817256334280962
2433,75,0.001684358554131434
2433,76,0.0017933092079609396
2433,77,0.0019089067785000415
2433,78,0.0020314861245102297
2433,79,0.0021613859078860806
2433,80,0.002298946360581213
2433,81,0.002444506664240796
2433,82,0.002598401896080762
2433,83,0.0027528204917355876
2433,84,0.0029162728036711398
2433,85,0.003090440625233804
2433,86,0.003276116213884305
2433,87,0.0034741467168806772
2433,88,0.003685436695063372
2433,89,0.003910950482274177
2433,90,0.004151714303446125
2433,91,0.004408818071939034
2433,92,0.004683416748163034
2433,93,0.004976731156664163
2433,94,0.005290048117351996
2433,95,0.0056247197455074355
2433,96,0.005982161763897303
2433,97,0.0063638506472066605
2433,98,0.006771319444753816
2433,99,0.007206152111660857
2433,100,0.007669976264524775
2433,101,0.008164454361769786
2433,102,0.00869127356350981
2433,103,0.009252135021068785
2433,104,0.009848744434616707
2433,105,0.010482808102355565
2433,106,0.011156044544094988
2433,107,0.011870237086436168
2433,108,0.012627398686066434
2433,109,0.013430241750374551
2433,110,0.014309131364052825
2433,111,0.015261760723245843
2433,112,0.016282426422530555
2433,113,0.01737532270971073
2433,114,0.01854459424432595
2433,115,0.019794214247205216
2433,116,0.021127815603325075
2433,117,0.022548458317224438
2433,118,0.024058310418126595
2433,119,0.025658210425525314
2433,120,0.027347066580304107
2433,121,0.029121029049930382
2433,122,0.030972343284530912
2433,123,0.03288775031477261
2433,124,0.034846234944879685
2433,125,0.03681582166254469
2433,126,0.03874895730960053
2433,127,0.04057575927415466
2433,128,0.04219397832579714
2433,129,0.04345380573634671
2433,130,0.04413444338740024
2433,131,0.04390736982644701
2433,132,0.042278390029056576
2433,133,0.03849915702294362
2433,134,0.03145908326407084
2433,135,0.01977903070011467
2433,136,0.004714356674167171
2439,1,4.9774490979162196e-08
2439,2,5.328137892534363e-07
2439,3,1.6767733565315169e-06
2439,4,3.49952936631492e-06
2439,5,6.033451169348851e-06
2439,6,9.337158413889296e-06
2439,7,1.3491297216929918e-05
2439,8,1.8596056654263315e-05
2439,9,2.4770534798161236e-05
2439,10,3.215334036514574e-05
2439,11,4.090403856046196e-05
2439,12,5.120522845288839e-05
2439,13,6.326514250733308e-05
2439,14,7.73207168924192e-05
2439,15,9.364111294419463e-05
2439,16,0.00011253169181819206
2439,17,0.00013433845521260967
2439,18,0.00015945297319487986
2439,19,0.00018831782523419093
2439,20,0.0002214325800234095
2439,21,0.000259360339831229
2439,22,0.0003027348694824757
2439,23,0.0003522683201294601
2439,24,0.00040875954780552443
2439,25,0.00047310300611007165
2439,26,0.0005462981695351293
2439,27,0.0006294594105974212
2439,28,0.0007054868038867317
2439,29,0.0007437816592373664
2439,30,0.0007835568222554852
2439,31,0.0008250081859172817
2439,32,0.0008683465143240283
2439,33,0.0009137945510524979
2439,34,0.0009615870044809708
2439,35,0.00101197140551151
2439,36,0.0010652093931935965
2439,37,0.0011215782914680574
2439,38,0.0011813729234394933
2439,39,0.0012449076323858036
2439,40,0.001312518498172434
2439,41,0.0013845657297420289
2439,42,0.0014614362304002915
2439,43,0.001543546329163028
2439,44,0.0016313446734773761
2439,45,0.0017253152867326036
2439,46,0.0018259807862159643
2439,47,0.0019339057659005516
2439,48,0.00204970033776189
2439,49,0.002174023832579051
2439,50,0.002307588649957184
2439,51,0.0024511642412905943
2439,52,0.0026055812104375984
2439,53,0.0027717354974506484
2439,54,0.002950592605988394
2439,55,0.00313429794842473
2439,56,0.0032483078910934132
2439,57,0.00336967623390973
2439,58,0.003498932298972918
2439,59,0.003636640928492634
2439,60,0.003783404757563902
2439,61,0.003939866496871863
2439,62,0.004106711185118042
2439,63,0.004284668389470417
2439,64,0.0044745142963188884
2439,65,0.0046770736486625025
2439,66,0.004893221458683405
2439,67,0.005123884419153364
2439,68,0.005370041920204191
2439,69,0.005632726556085652
2439,70,0.005913023997940844
2439,71,0.00621207207909628
2439,72,0.006531058918084429
2439,73,0.006871219888051437
2439,74,0.007233833192033878
2439,75,0.007620213812524774
2439,76,0.008031705533265151
2439,77,0.0084696707339888
2439,78,0.008935477626198958
2439,79,0.009430484546127346
2439,80,0.00995602095252525
2439,81,0.010513364703955221
2439,82,0.011103715240322784
2439,83,0.011367849055145205
2439,84,0.01160490054023902
2439,85,0.011852831433327719
2439,86,0.012110947377625648
2439,87,0.012379002824217597
2439,88,0.012657140173134247
2439,89,0.012945788248589964
2439,90,0.013245559486275212
2439,91,0.01355715516903231
2439,92,0.013881280693699535
2439,93,0.014218570504166927
2439,94,0.01456952141826173
2439,95,0.014934432618378886
2439,96,0.015313350377792075
2439,97,0.015706015592917382
2439,98,0.01611181237754168
2439,99,0.01652971630295629
2439,100,0.016958241354058573
2439,101,0.01739538521398706
2439,102,0.017838573236886902
2439,103,0.018284602171914546
2439,104,0.018729585546934324
2439,105,0.01916890345356845
2439,106,0.019597160367187245
2439,107,0.020008155427835288
2439,108,0.020394870414076827
2439,109,0.02074948123832133
2439,110,0.02088935111288581
2439,111,0.020910962185958032
2439,112,0.020882622470232277
2439,113,0.020797015901188515
2439,114,0.020646813840041463
2439,115,0.020424868744769595
2439,116,0.020124440392055503
2439,117,0.019739450834238028
2439,118,0.019264761498731704
2439,119,0.018696462770033458
2439,120,0.01803216328880413
2439,121,0.017271263141008745
2439,122,0.016415192614835518
2439,123,0.015467596406109438
2439,124,0.014434442551665995
2439,125,0.013324036262066854
2439,126,0.012146921547195495
2439,127,0.01091565848442249
2439,128,0.009644471655348355
2439,129,0.008348777343731855
2439,130,0.007044618215646176
2439,131,0.005748080128998555
2439,132,0.004474890638406239
2439,133,0.0032408113849026893
2439,134,0.002065081762039516
2439,135,0.0009875953908611978
2439,136,0.00017485214223435686
2440,1,4.877626812273081e-12
2440,2,1.6084992376338256e-10
2440,3,1.022665315815113e-09
2440,4,3.4967274618399053e-09
2440,5,8.809514999794247e-09
2440,6,1.8572815549841943e-08
2440,7,3.4874057158225463e-08
2440,8,6.038069507637013e-08
2440,9,9.845832592428024e-08
2440,10,1.5330379406802021e-07
2440,11,2.3009486778140535e-07
2440,12,3.3515826394622187e-07
2440,13,4.7615789171623007e-07
2440,14,6.62305422995407e-07
2440,15,9.045953831773246e-07
2440,16,1.2160673312390516e-06
2440,17,1.612097727781284e-06
2440,18,2.1107243427654272e-06
2440,19,2.733006228171948e-06
2440,20,3.503422258535162e-06
2440,21,4.450311553977988e-06
2440,22,5.606358670486625e-06
2440,23,7.009126824594645e-06
2440,24,8.701642193608443e-06
2440,25,1.0733031666979508e-05
2440,26,1.3159217500714586e-05
2440,27,1.604367069178446e-05
2440,28,1.897002500561038e-05
2440,29,2.1047960466626666e-05
2440,30,2.326874760165907e-05
2440,31,2.563938161641899e-05
2440,32,2.8167886581219656e-05
2440,33,3.086351372698402e-05
2440,34,3.37369740144788e-05
2440,35,3.680071525792442e-05
2440,36,4.006925486153223e-05
2440,37,4.355958249251589e-05
2440,38,4.729164922425575e-05
2440,39,5.1288962749176585e-05
2440,40,5.557931230868527e-05
2440,41,6.019564809571672e-05
2440,42,6.517714533465915e-05
2440,43,7.057048248546274e-05
2440,44,7.643136399979634e-05
2440,45,8.282631139664818e-05
2440,46,8.983473289308641e-05
2440,47,9.755125163038289e-05
2440,48,0.00010608820981147831
2440,49,0.0001155781481193358
2440,50,0.0001261758160989661
2440,51,0.000138058778795047
2440,52,0.00015142460639162226
2440,53,0.00016648013319578206
2440,54,0.00018341218124680965
2440,55,0.00020176402647149739
2440,56,0.00021661821151352896
2440,57,0.0002327256120633374
2440,58,0.00025021099813737695
2440,59,0.00026921244043813297
2440,60,0.00028988278788709827
2440,61,0.0003123913106473587
2440,62,0.0003369255274524198
2440,63,0.0003636932348602372
2440,64,0.00039292476154904237
2440,65,0.0004248754683810381
2440,66,0.0004598285191373739
2440,67,0.0004980979490459983
2440,68,0.0005400320578279849
2440,69,0.0005860171566387794
2440,70,0.0006364817005232547
2440,71,0.0006919008381129642
2440,72,0.0007528014093316805
2440,73,0.0008197674275673347
2440,74,0.0008934460736699688
2440,75,0.0009745542360689561
2440,76,0.0010638856230990746
2440,77,0.0011623184707656084
2440,78,0.0012708238642131638
2440,79,0.0013904746806318175
2440,80,0.0015224551513294748
2440,81,0.0016680710278419064
2440,82,0.0018287603135626906
2440,83,0.0019451581688211812
2440,84,0.0020642587617282844
2440,85,0.0021932350283344094
2440,86,0.0023330048527465405
2440,87,0.002484574636595809
2440,88,0.0026490478013273633
2440,89,0.002827634022482474
2440,90,0.003021659255926313
2440,91,0.003232576595114671
2440,92,0.0034619780104205937
2440,93,0.0037116070134322185
2440,94,0.003983372283431236
2440,95,0.004279362296319213
2440,96,0.004601860969866912
2440,97,0.00495336434248169
2440,98,0.005336598274786097
2440,99,0.005754537131444037
2440,100,0.006210423366325299
2440,101,0.006707787874918172
2440,102,0.007250470880144093
2440,103,0.007842642986047242
2440,104,0.008488825796537413
2440,105,0.009193911080697255
2440,106,0.009963176679106586
2440,107,0.010802295599084957
2440,108,0.011717330530050401
2440,109,0.012714695023498864
2440,110,0.0136834773634993
2440,111,0.014680564552059589
2440,112,0.015759076560079088
2440,113,0.01692477238474722
2440,114,0.018183471838160572
2440,115,0.019540930295556883
2440,116,0.021002663711366245
2440,117,0.0225737067272149
2440,118,0.024258280154210606
2440,119,0.0260593346991938
2440,120,0.027977924054202952
2440,121,0.0300123399260173
2440,122,0.03215691061390728
2440,123,0.03440031698293493
2440,124,0.03672320478314937
2440,125,0.03909475236045632
2440,126,0.041467656711929854
2440,127,0.04377067275162586
2440,128,0.04589727889926844
2440,129,0.04768805826672693
2440,130,0.04890263097554086
2440,131,0.04917384153673953
2440,132,0.04793159867247823
2440,133,0.04427721965348122
2440,134,0.036801300942616876
2440,135,0.023572815463615622
2440,136,0.005642914130236667
245,1,0.0007276057931065073
245,2,0.0038364985001233406
245,3,0.007214949984259362
245,4,0.010120835737422555
245,5,0.012523833124710866
245,6,0.014491149303100241
245,7,0.0160941686378664
245,8,0.017393425177911773
245,9,0.01843808990694201
245,10,0.01926797505383422
245,11,0.01991556183017762
245,12,0.020407613085628107
245,13,0.020766387373882093
245,14,0.02101054872780211
245,15,0.021155857742742566
245,16,0.02121570671295878
245,17,0.021201541916983337
245,18,0.021123201986859953
245,19,0.020989191976499542
245,20,0.02080690671424208
245,21,0.020582813273022763
245,22,0.020322599957795773
245,23,0.02003129768297897
245,24,0.019713378533300508
245,25,0.019372835566206587
245,26,0.019013247282184845
245,27,0.018637829682755513
245,28,0.018249478412155073
245,29,0.01785090999453948
245,30,0.017444809779385746
245,31,0.017033595490576578
245,32,0.01661935798495717
245,33,0.01620389820917292
245,34,0.015788764013703393
245,35,0.01537527939637531
245,36,0.014964568792057088
245,37,0.014557578318624828
245,38,0.014155094987458062
245,39,0.013757764458090686
245,40,0.013366107588876634
245,41,0.012980535923631176
245,42,0.012601366113428292
245,43,0.01222883330627615
245,44,0.011863103433241885
245,45,0.011504284416762576
245,46,0.01115243625259193
245,47,0.010807579988677063
245,48,0.010469705622944171
245,49,0.010138778949345801
245,50,0.009814747412275043
245,51,0.009497545028884072
245,52,0.009187096452520077
245,53,0.008883320246883044
245,54,0.008586131439355023
245,55,0.008295443388984058
245,56,0.00801116922632257
245,57,0.007733223348335347
245,58,0.007461522374162504
245,59,0.007195985472325514
245,60,0.006936534407190491
245,61,0.006683093421513339
245,62,0.006435589021496584
245,63,0.0061939496771265335
245,64,0.005958105498568299
245,65,0.0057279878923603145
245,66,0.0055035292464639465
245,67,0.005284662625264116
245,68,0.005071321525382245
245,69,0.004863439664769056
245,70,0.0046609508345019385
245,71,0.004463788803791306
245,72,0.004271887270869184
245,73,0.004085179876648294
245,74,0.00390360024712704
245,75,0.003727082089013076
245,76,0.003555559307864832
245,77,0.003388966153136399
245,78,0.003227237380361124
245,79,0.0030703084188910446
245,80,0.0029181155453239156
245,81,0.00277059604383326
245,82,0.0026276883598215233
245,83,0.0024893164066027208
245,84,0.0023553701621267546
245,85,0.0022257549431178615
245,86,0.002100443476736289
245,87,0.001979449620890308
245,88,0.0018628041079102344
245,89,0.0017505381570074503
245,90,0.0016426725792097017
245,91,0.0015392108107756036
245,92,0.0014401349782729644
245,93,0.0013454043579586576
245,94,0.00125495574901017
245,95,0.0011687053230042986
245,96,0.0010865515492671813
245,97,0.0010083788338918311
245,98,0.0009340615299195986
245,99,0.0008634680373605465
245,100,0.0007964647448140906
245,101,0.0007329196206782135
245,102,0.0006727053110276967
245,103,0.0006157016377660246
245,104,0.0005617974454880867
245,105,0.0005108917644787463
245,106,0.00046289429625590624
245,107,0.00041772525253230467
245,108,0.0003753145947285295
245,109,0.0003356007430325747
245,110,0.0002985288371775569
245,111,0.0002640486487805987
245,112,0.00023211226831216315
245,113,0.0002026716623897243
245,114,0.00017567619837000252
245,115,0.00015107024884440813
245,116,0.00012879100129811885
245,117,0.00010876658892753073
245,118,9.091465356816663e-05
245,119,7.514142943576801e-05
245,120,6.134141674867018e-05
245,121,4.939768087089138e-05
245,122,3.918277959102482e-05
245,123,3.0560284534733135e-05
245,124,2.3386824811728614e-05
245,125,1.7514550958695078e-05
245,126,1.2793886299447216e-05
245,127,9.07641662248075e-06
245,128,6.217758308732968e-06
245,129,4.080247020276564e-06
245,130,2.5353000137795283e-06
245,131,1.4653237179769595e-06
245,132,7.650593975654662e-07
245,133,3.4226853216277356e-07
245,134,1.1762721607846361e-07
245,135,2.3532702734010837e-08
245,136,1.0721489770003776e-09
2459,1,5.33532099713015e-10
2459,2,1.2000095992403736e-08
2459,3,5.938572341447159e-08
2459,4,1.6849836935268257e-07
2459,5,3.649885443816766e-07
2459,6,6.762161526722274e-07
2459,7,1.1323329377710696e-06
2459,8,1.766981672138939e-06
2459,9,2.6178525066878977e-06
2459,10,3.7272102635376378e-06
2459,11,5.142453923563541e-06
2459,12,6.916747573173954e-06
2459,13,9.109752613612935e-06
2459,14,1.1788485809085707e-05
2459,15,1.5028326127141527e-05
2459,16,1.8914190376058002e-05
2459,17,2.3541896545563948e-05
2459,18,2.9019731522518827e-05
2459,19,3.547023815300834e-05
2459,20,4.303223144814521e-05
2459,21,5.186305282037293e-05
2459,22,6.21410636739512e-05
2459,23,7.406837499418509e-05
2459,24,8.787380273497946e-05
2459,25,0.00010381602801077706
2459,26,0.00012218693359131115
2459,27,0.00014331507375621108
2459,28,0.000163692513179876
2459,29,0.00017664924988113642
2459,30,0.00019035083871785525
2459,31,0.00020486720796390875
2459,32,0.0002202748271071052
2459,33,0.00023665682294394288
2459,34,0.00025410315949367623
2459,35,0.0002727108936529897
2459,36,0.0002925845170682317
2459,37,0.00031383639783083816
2459,38,0.00033658733496997375
2459,39,0.0003609672363885091
2459,40,0.0003871159401670375
2459,41,0.000415184188621949
2459,42,0.000445334774655423
2459,43,0.0004777438762662189
2459,44,0.0005126025919517195
2459,45,0.0005501186975144855
2459,46,0.0005905186352717289
2459,47,0.0006340497446208842
2459,48,0.0006809827410527447
2459,49,0.0007316144315503446
2459,50,0.0007862706375632603
2459,51,0.0008453092442552981
2459,52,0.0009091232086988612
2459,53,0.0009781431597261545
2459,54,0.0010528387732080529
2459,55,0.0011308972003969894
2459,56,0.0011885369091510596
2459,57,0.0012500740006750584
2459,58,0.0013158272757594087
2459,59,0.0013861402957642173
2459,60,0.0014613832542805163
2459,61,0.0015419549429516147
2459,62,0.00162828480455544
2459,63,0.0017208350684425236
2459,64,0.0018201029555564908
2459,65,0.0019266229408848978
2459,66,0.002040969053151158
2459,67,0.0021637571891832794
2459,68,0.002295647414879851
2459,69,0.002437346216303723
2459,70,0.0025896086604882108
2459,71,0.0027532404094669327
2459,72,0.0029290995344754245
2459,73,0.0031180980552651494
2459,74,0.0033212031191749785
2459,75,0.003539437730624624
2459,76,0.003773880919188068
2459,77,0.004025667223474961
2459,78,0.004295985344842321
2459,79,0.004586075828346145
2459,80,0.004897227581998965
2459,81,0.0052307730534923
2459,82,0.005588081844694963
2459,83,0.005820345152736213
2459,84,0.006049744105066575
2459,85,0.006293083953464219
2459,86,0.00655115830896519
2459,87,0.006824789064476023
2459,88,0.007114824579235778
2459,89,0.007422137191089178
2459,90,0.007747619986559225
2459,91,0.008092182747011078
2459,92,0.008456746979972398
2459,93,0.008842239934267493
2459,94,0.009249587482597485
2459,95,0.009679705765017319
2459,96,0.010133491451702259
2459,97,0.01061181048916305
2459,98,0.011115485160317639
2459,99,0.011645279265961588
2459,100,0.012201881209576384
2459,101,0.012785884712408177
2459,102,0.013397766842796187
2459,103,0.014037862980966626
2459,104,0.014706338248639914
2459,105,0.015403154876706886
2459,106,0.016128034884004338
2459,107,0.016880417368693258
2459,108,0.01765940971473584
2459,109,0.018463732120098168
2459,110,0.019171317435751813
2459,111,0.01984482624539785
2459,112,0.02053322768985667
2459,113,0.02123417278082234
2459,114,0.0219446948556856
2459,115,0.022661086629935354
2459,116,0.02337875301563753
2459,117,0.024092034965846287
2459,118,0.024793998437247843
2459,119,0.025476180802487414
2459,120,0.026128284403825478
2459,121,0.026737802857785927
2459,122,0.027289559340050548
2459,123,0.02776512592823669
2459,124,0.028142077112391927
2459,125,0.028393004807960254
2459,126,0.028484180796623182
2459,127,0.028373684916815585
2459,128,0.02800870624030579
2459,129,0.027321541222522814
2459,130,0.026223514811919296
2459,131,0.024595599705289933
2459,132,0.022274024089556508
2459,133,0.019029864497214312
2459,134,0.014552098187145153
2459,135,0.00853105748983987
2459,136,0.0018741213023565169
248,1,3.905420030892841e-05
248,2,0.00032792564833749303
248,3,0.0008275517886458404
248,4,0.0014172258100622016
248,5,0.002038365414679729
248,6,0.0026638642308354646
248,7,0.003281226417994664
248,8,0.0038850523422884957
248,9,0.004473510801114267
248,10,0.005046585266263529
248,11,0.0056051613235545
248,12,0.006150535559602459
248,13,0.006684145048114797
248,14,0.007207416210188233
248,15,0.007721679779528918
248,16,0.008228122866675786
248,17,0.008727761899915443
248,18,0.00922142718137746
248,19,0.009709753751483132
248,20,0.010193175485453706
248,21,0.010671920726852302
248,22,0.011146008542100468
248,23,0.011615245188525618
248,24,0.012079220734583914
248,25,0.01253730593842207
248,26,0.012988649678118847
248,27,0.013432177280243839
248,28,0.013712029767572608
248,29,0.013625358891277042
248,30,0.013536352449421238
248,31,0.013446508704386986
248,32,0.013357015336675784
248,33,0.013268809397872488
248,34,0.013182623158686412
248,35,0.013099018843292606
248,36,0.013018416271272102
248,37,0.012941115574368285
248,38,0.01286731608985328
248,39,0.012797132171881597
248,40,0.012730606337889005
248,41,0.012667720146462325
248,42,0.012608403040944622
248,43,0.012552539444297427
248,44,0.012499974310132124
248,45,0.01245051733978645
248,46,0.012403946065830094
248,47,0.012360007988253789
248,48,0.012318421914974112
248,49,0.012278878690666932
248,50,0.01224104144940959
248,51,0.012204545512624648
248,52,0.012168998085654513
248,53,0.012133977831763527
248,54,0.012099034461361612
248,55,0.012051040120979111
248,56,0.011891735771201192
248,57,0.01173743159998353
248,58,0.011587853223089264
248,59,0.011442702772224124
248,60,0.011301659916710968
248,61,0.011164382851675212
248,62,0.011030509242187412
248,63,0.010899657191876515
248,64,0.010771426220220474
248,65,0.01064539830509195
248,66,0.010521139005079817
248,67,0.010398198692685474
248,68,0.010276113926213746
248,69,0.01015440899360267
248,70,0.01003259765863219
248,71,0.00991018514317271
248,72,0.009786670365763259
248,73,0.009661548478711299
248,74,0.009534313718909244
248,75,0.009404462600945605
248,76,0.009271497464795908
248,77,0.009134930390583917
248,78,0.00899428749111238
248,79,0.008849113562999337
248,80,0.008698977091822024
248,81,0.008543475574052214
248,82,0.008382241122024823
248,83,0.008168932284433428
248,84,0.007953083568712504
248,85,0.007741215978016519
248,86,0.007533918116529124
248,87,0.00733142984820417
248,88,0.007133724220639271
248,89,0.006940565615123771
248,90,0.006751554084357985
248,91,0.006566162531715783
248,92,0.006383769922721536
248,93,0.006203691930523736
248,94,0.006025209529242334
248,95,0.005847595609939749
248,96,0.00567013952856085
248,97,0.005492169418314651
248,98,0.005313072124619907
248,99,0.005132310636397412
248,100,0.004949438934906929
248,101,0.004764114229873106
248,102,0.004576106561314383
248,103,0.0043853057863705025
248,104,0.0041917259643485
248,105,0.003995507174211588
248,106,0.0037969147837586476
248,107,0.0035963362077856592
248,108,0.003394275191300108
248,109,0.003191343671214623
248,110,0.0029910867735160355
248,111,0.0027932588926794137
248,112,0.002597431963229443
248,113,0.00240431937318288
248,114,0.0022146693219141653
248,115,0.0020292506105078416
248,116,0.001848837603412939
248,117,0.0016741946706325423
248,118,0.0015060604743256647
248,119,0.001345132496366446
248,120,0.0011920522301491058
248,121,0.001047391485786715
248,122,0.0009116402563930249
248,123,0.0007851965885785183
248,124,0.0006683588800849025
248,125,0.0005613210038837982
248,126,0.00046417062794547277
248,127,0.0003768911097661703
248,128,0.00029936738810335174
248,129,0.0002313964829987555
248,130,0.00017270364191014986
248,131,0.00012296614210881288
248,132,8.184888920609335e-05
248,133,4.9060679274027476e-05
248,134,2.4450298998950448e-05
248,135,8.176766331179037e-06
248,136,8.150073471571562e-07
2483,1,0.05726150745479165
2483,2,0.1072738607542972
2483,3,0.10601314931613229
2483,4,0.0944677857349805
2483,5,0.08177587103729243
2483,6,0.07018266667897341
2483,7,0.060152523288208706
2483,8,0.051637292726904954
2483,9,0.04445061590722259
2483,10,0.03838726128669252
2483,11,0.033260397484918394
2483,12,0.028910767726898167
2483,13,0.025206240537296646
2483,14,0.02203840081217093
2483,15,0.019318611840244648
2483,16,0.01697438976884033
2483,17,0.01494632557361708
2483,18,0.01318556358324949
2483,19,0.011651769955832312
2483,20,0.010311507675618264
2483,21,0.009136939525087638
2483,22,0.008104792165339119
2483,23,0.007195526837000259
2483,24,0.006392673312679304
2483,25,0.005682292939167001
2483,26,0.005052543983709302
2483,27,0.00449332833310381
2483,28,0.004024803014340127
2483,29,0.003668369077042616
2483,30,0.003346327408286592
2483,31,0.003054477149358741
2483,32,0.002789375069349995
2483,33,0.002548166037436898
2483,34,0.002328431674856546
2483,35,0.002128084124881968
2483,36,0.0019452933019322742
2483,37,0.0017784364934512722
2483,38,0.0016260626425787029
2483,39,0.0014868663175606545
2483,40,0.0013596681389618575
2483,41,0.0012433995707484059
2483,42,0.0011370907143342373
2483,43,0.001039860209116313
2483,44,0.0009509066507690678
2483,45,0.0008695011351729796
2483,46,0.000794980663613241
2483,47,0.0007267422360534804
2483,48,0.0006642375080906728
2483,49,0.0006069679283425129
2483,50,0.0005544802955917556
2483,51,0.0005063626891835263
2483,52,0.00046224073901152336
2483,53,0.00042177420467164544
2483,54,0.0003846538411464254
2483,55,0.0003509676899321899
2483,56,0.0003231202705639956
2483,57,0.0002973593204195286
2483,58,0.00027352805110302875
2483,59,0.0002514817431679444
2483,60,0.0002310868929142199
2483,61,0.00021222039663880586
2483,62,0.00019476877556174406
2483,63,0.00017862744241692438
2483,64,0.0001637000110450865
2483,65,0.0001498976476690159
2483,66,0.00013713846438291512
2483,67,0.00012534695322809482
2483,68,0.00011445345995270083
2483,69,0.0001043936952603336
2483,70,9.510828327802513e-05
2483,71,8.654234367541906e-05
2483,72,7.864510708666721e-05
2483,73,7.136956118643895e-05
2483,74,6.467212610785026e-05
2483,75,5.8512357442256076e-05
2483,76,5.285267436112128e-05
2483,77,4.765811274691324e-05
2483,78,4.289609988884821e-05
2483,79,3.8536250896292544e-05
2483,80,3.4550184352459974e-05
2483,81,3.0911356220343136e-05
2483,82,2.7594910479309192e-05
2483,83,2.5101978598911977e-05
2483,84,2.2857306360987914e-05
2483,85,2.0799826094814708e-05
2483,86,1.892257744521546e-05
2483,87,1.7211986943971964e-05
2483,88,1.5651931498606073e-05
2483,89,1.4226228758715694e-05
2483,90,1.2919932082488657e-05
2483,91,1.1719891618818493e-05
2483,92,1.0614893298394959e-05
2483,93,9.59556752624396e-06
2483,94,8.65418414425426e-06
2483,95,7.784401185706816e-06
2483,96,6.981007423109138e-06
2483,97,6.2396805333193155e-06
2483,98,5.556771942561292e-06
2483,99,4.929123258989018e-06
2483,100,4.353914726407652e-06
2483,101,3.828544832331217e-06
2483,102,3.3505377943703135e-06
2483,103,2.9174763641730224e-06
2483,104,2.526955808700936e-06
2483,105,2.176556286157795e-06
2483,106,1.863829841069723e-06
2483,107,1.5862992400153524e-06
2483,108,1.3414657618795709e-06
2483,109,1.1268235579402726e-06
2483,110,9.493411669643023e-07
2483,111,7.975623603227757e-07
2483,112,6.650919138373765e-07
2483,113,5.503001670856607e-07
2483,114,4.515707615916128e-07
2483,115,3.673198181159489e-07
2483,116,2.960134842748435e-07
2483,117,2.361833586360289e-07
2483,118,1.864394689586675e-07
2483,119,1.4548065124197236e-07
2483,120,1.1210224366663963e-07
2483,121,8.5201125262132e-08
2483,122,6.377825164071572e-08
2483,123,4.693882884844858e-08
2483,124,3.3890439365180804e-08
2483,125,2.39393642197877e-08
2483,126,1.6485445376022054e-08
2483,127,1.1015793913071937e-08
2483,128,7.097670235468299e-09
2483,129,4.3708381631495e-09
2483,130,2.5396561412836665e-09
2483,131,1.3651535171913648e-09
2483,132,6.572807859584908e-10
2483,133,2.674902973645283e-10
2483,134,8.173544558514566e-11
2483,135,1.3967242670502933e-11
2483,136,5.052149175475761e-13
249,1,7.178439048371001e-08
249,2,1.2723550720693847e-06
249,3,5.334447722143468e-06
249,4,1.32410524898255e-05
249,5,2.5505526330656495e-05
249,6,4.242606735277024e-05
249,7,6.418210135490487e-05
249,8,9.087387495648943e-05
249,9,0.00012253994687704372
249,10,0.00015916520214602665
249,11,0.0002006845070438831
249,12,0.0002469842350243298
249,13,0.00029790276127142254
249,14,0.0003532304574374734
249,15,0.00041270954292651503
249,16,0.00047603402605823854
249,17,0.0005428499486831114
249,18,0.0006127560564042027
249,19,0.0006853050839728485
249,20,0.0007600057437174318
249,21,0.0008363255268080005
249,22,0.0009136943839878242
249,23,0.0009915092921235983
249,24,0.0010691397478337049
249,25,0.0011459341005871544
249,26,0.001221226691408986
249,27,0.0012943457046528128
249,28,0.0013799315497582331
249,29,0.0015034379964221124
249,30,0.0016319499878701528
249,31,0.0017653181732984371
249,32,0.0019033794510847143
249,33,0.0020459555795487834
249,34,0.0021928527940915403
249,35,0.0023438614153261173
249,36,0.0024987552530410804
249,37,0.0026572908150864385
249,38,0.002819206318732084
249,39,0.002984220560804845
249,40,0.003152031672103297
249,41,0.0033223157708802283
249,42,0.003494725617622785
249,43,0.0036688892687705764
249,44,0.0038444088068673834
249,45,0.004020859193227908
249,46,0.004197787304088931
249,47,0.004374711199617249
249,48,0.004551119679545932
249,49,0.0047264721826846875
249,50,0.004900199078328157
249,51,0.005071702381536711
249,52,0.005240356953247577
249,53,0.005405512202179699
249,54,0.005566494301558703
249,55,0.005731137421014684
249,56,0.005970952009710079
249,57,0.006211874619116314
249,58,0.006453366272644545
249,59,0.006694855826306994
249,60,0.006935739968082906
249,61,0.007175383485154712
249,62,0.0074131197887246465
249,63,0.007648251738867656
249,64,0.007880052780093955
249,65,0.00810776838653521
249,66,0.008330617862860037
249,67,0.008547796481988801
249,68,0.00875847801514602
249,69,0.00896181763619983
249,70,0.009156955230777438
249,71,0.00934301911369286
249,72,0.009519130182121829
249,73,0.009684406490837207
249,74,0.009837968256210083
249,75,0.009978943309880675
249,76,0.010106472962986961
249,77,0.010219718293432227
249,78,0.01031786682210087
249,79,0.0104001395548873
249,80,0.010465798352095672
249,81,0.010514153580293392
249,82,0.010544571975165883
249,83,0.010838660968253718
249,84,0.011158448496834332
249,85,0.01147156720509073
249,86,0.011776316132428084
249,87,0.012071150089581607
249,88,0.012354681543701526
249,89,0.012625671195671356
249,90,0.012883017746740704
249,91,0.013125747312441417
249,92,0.013353001735741905
249,93,0.0135640252003991
249,94,0.013758148922968741
249,95,0.01393477400229566
249,96,0.014093352796087082
249,97,0.014233369376135206
249,98,0.014354319781703033
249,99,0.01445569290224011
249,100,0.014536952857798026
249,101,0.014597523809435138
249,102,0.014636778015664363
249,103,0.014654027997836125
249,104,0.014648523432440747
249,105,0.014619453348695419
249,106,0.014565953962322284
249,107,0.014487122301662958
249,108,0.014382035551470551
249,109,0.014249775803811095
249,110,0.014258092748699875
249,111,0.014311738821260344
249,112,0.014336847261164937
249,113,0.014331333671221193
249,114,0.014293127158857753
249,115,0.014220212895783745
249,116,0.014110677709938556
249,117,0.013962756874336558
249,118,0.013774879753979128
249,119,0.013545711411306028
249,120,0.01327418656423842
249,121,0.012959531434822579
249,122,0.012601267808457198
249,123,0.012199191838923129
249,124,0.011753317339188626
249,125,0.011263768673087655
249,126,0.010730600390338095
249,127,0.010153506506854348
249,128,0.00953135582606852
249,129,0.00886143836959434
249,130,0.00813820373863644
249,131,0.007351048664598668
249,132,0.006480201715440531
249,133,0.005488521260987564
249,134,0.004304000082894772
249,135,0.002783402676290067
249,136,0.0007916342206927742
25,1,4.1439168085747157e-07
25,2,6.663956990170899e-06
25,3,2.5713102249303343e-05
25,4,5.9513526821101775e-05
25,5,0.00010796242976174168
25,6,0.00017043263932103116
25,7,0.0002462202221868375
25,8,0.0003346793905611755
25,9,0.0004352564656685475
25,10,0.0005474888879550112
25,11,0.0006709921502923843
25,12,0.0008054431540714524
25,13,0.0009505631942891793
25,14,0.0011061017067647576
25,15,0.0012718211363867723
25,16,0.0014474828860659057
25,17,0.0016328342387844717
25,18,0.0018275960781569086
25,19,0.0020314512753960598
25,20,0.0022440336309181345
25,21,0.0024649172902009883
25,22,0.002693606643070496
25,23,0.0029295267267455227
25,24,0.003172014213474666
25,25,0.0034203091439607017
25,26,0.0036735475594943585
25,27,0.003930755278645704
25,28,0.00416685428158287
25,29,0.00434736198095743
25,30,0.00452743581563287
25,31,0.004707322532784919
25,32,0.004887277715308406
25,33,0.005067554435808216
25,34,0.005248396709063025
25,35,0.005430034508060508
25,36,0.005612679638876849
25,37,0.005796522254924567
25,38,0.005981727908081438
25,39,0.006168434997833308
25,40,0.006356752611676778
25,41,0.006546758632250424
25,42,0.006738498066955784
25,43,0.006931981510201864
25,44,0.0071271837174969365
25,45,0.00732404218887258
25,46,0.0075224557774687855
25,47,0.007722283250666454
25,48,0.007923341792824595
25,49,0.00812540547060367
25,50,0.008328203594059913
25,51,0.008531419085600117
25,52,0.008734686763692236
25,53,0.008937591689434643
25,54,0.00913966752428419
25,55,0.009336641204742013
25,56,0.009498952559664908
25,57,0.009661013318328578
25,58,0.009822733386683437
25,59,0.009983991272350539
25,60,0.010144631881286293
25,61,0.010304464295835725
25,62,0.010463259522877457
25,63,0.010620748285392306
25,64,0.010776618868216493
25,65,0.010930515095743632
25,66,0.01108203446994561
25,67,0.01123072652634811
25,68,0.011376091500358045
25,69,0.011517579316438592
25,70,0.011654589018779889
25,71,0.011786468687228924
25,72,0.011912515927411466
25,73,0.012031979009058934
25,74,0.012144058734883514
25,75,0.01224791110756451
25,76,0.01234265088833985
25,77,0.01242735609542646
25,78,0.012501073532022436
25,79,0.012562825361811603
25,80,0.012611616800012672
25,81,0.012646444933206333
25,82,0.012666308645162355
25,83,0.012708980423045503
25,84,0.01274770355951465
25,85,0.012778394624701364
25,86,0.012801031167795776
25,87,0.012815716274383104
25,88,0.01282260489908123
25,89,0.012821839641020762
25,90,0.0128134979498672
25,91,0.01279755063349926
25,92,0.012773831279179628
25,93,0.012742016113223762
25,94,0.012701613677437024
25,95,0.012651963617394936
25,96,0.012592243737563088
25,97,0.012521484422146385
25,98,0.012438589460306017
25,99,0.01234236233269908
25,100,0.012231536982916309
25,101,0.012104812182440743
25,102,0.011960888577337368
25,103,0.011798507548538069
25,104,0.011616491048503671
25,105,0.011413781558081053
25,106,0.011189481309370326
25,107,0.010942889930977358
25,108,0.010673539607474587
25,109,0.010381226883607028
25,110,0.010106459562592634
25,111,0.009826969848859212
25,112,0.009525704731515268
25,113,0.009203080014272919
25,114,0.008859800705661182
25,115,0.008496868185729315
25,116,0.00811558061043184
25,117,0.007717525934095628
25,118,0.007304567061820004
25,119,0.006878818822459606
25,120,0.0064426166390036226
25,121,0.005998476969152772
25,122,0.005549049813702937
25,123,0.0050970637627433465
25,124,0.004645264212364619
25,125,0.004196345489285008
25,126,0.0037528776515917063
25,127,0.003317228760361922
25,128,0.002891483574220845
25,129,0.0024773605178287235
25,130,0.0020761322242532094
25,131,0.0016885668635934004
25,132,0.001314948256988365
25,133,0.0009553809394576561
25,134,0.000611196162675274
25,135,0.0002913801530536087
25,136,4.96570701419074e-05
2509,1,5.425647227420622e-08
2509,2,9.302079480636246e-07
2509,3,3.78200779795658e-06
2509,4,9.151755004274865e-06
2509,5,1.7273929977614304e-05
2509,6,2.8286410333429e-05
2509,7,4.230384896132873e-05
2509,8,5.944542219786645e-05
2509,9,7.98459841167473e-05
2509,10,0.00010366062399126882
2509,11,0.00013106642566006792
2509,12,0.00016226299768236065
2509,13,0.0001974724315750143
2509,14,0.00023693896594384505
2509,15,0.0002809284681193404
2509,16,0.00032972774669891015
2509,17,0.0003836437011636128
2509,18,0.00044300225456066
2509,19,0.0005081470373084558
2509,20,0.0005794377758076892
2509,21,0.0006572483222598841
2509,22,0.0007419642825542981
2509,23,0.0008339801791581463
2509,24,0.0009336960947383331
2509,25,0.001041513738827018
2509,26,0.0011578318768340784
2509,27,0.0012830410736330473
2509,28,0.0013984981863097515
2509,29,0.0014741567698365972
2509,30,0.0015519782836562281
2509,31,0.0016321813164568984
2509,32,0.0017149302605274164
2509,33,0.0018003736276656192
2509,34,0.001888659091051747
2509,35,0.001979939791109249
2509,36,0.0020743772394335564
2509,37,0.0021721426661185186
2509,38,0.002273417607479159
2509,39,0.002378394021559269
2509,40,0.0024872741297760088
2509,41,0.0026002700338260028
2509,42,0.00271760316110945
2509,43,0.0028395035542124864
2509,44,0.0029662090095505856
2509,45,0.003097964078620893
2509,46,0.003235018890980055
2509,47,0.0033776278445041543
2509,48,0.0035260481023234123
2509,49,0.003680537902718217
2509,50,0.0038413546705622177
2509,51,0.004008752895612392
2509,52,0.004182981780610886
2509,53,0.004364282604696669
2509,54,0.004552885817999202
2509,55,0.004742825238950459
2509,56,0.004883262488667441
2509,57,0.005028775524170268
2509,58,0.005179600313719508
2509,59,0.00533596689898252
2509,60,0.005498097845670737
2509,61,0.005666206518530449
2509,62,0.005840495159742344
2509,63,0.006021152745043668
2509,64,0.006208352612962399
2509,65,0.006402249822370945
2509,66,0.006602978261339782
2509,67,0.006810647448059772
2509,68,0.007025339053756804
2509,69,0.007247103101389096
2509,70,0.0074759538552504065
2509,71,0.007711865393220544
2509,72,0.007954766861672638
2509,73,0.008204537422400057
2509,74,0.008461000904603281
2509,75,0.00872392020428171
2509,76,0.008992991433174127
2509,77,0.009267837891617284
2509,78,0.009548003922081372
2509,79,0.009832948696180533
2509,80,0.010122040073030941
2509,81,0.010414548586524477
2509,82,0.010709641742442336
2509,83,0.010896384103015452
2509,84,0.01107898902662785
2509,85,0.011274642725143396
2509,86,0.011485288377808496
2509,87,0.011711413738966404
2509,88,0.011952702143753541
2509,89,0.012208334333206911
2509,90,0.012477146271791494
2509,91,0.012757718567370109
2509,92,0.013048429466560025
2509,93,0.013347486693903336
2509,94,0.01365294621931621
2509,95,0.013962722725224676
2509,96,0.01427459479594989
2509,97,0.014586206979336595
2509,98,0.01489507033316292
2509,99,0.015198562806342804
2509,100,0.015493930566486012
2509,101,0.01577829130444736
2509,102,0.016048640426539636
2509,103,0.016301860961971497
2509,104,0.01653473792860615
2509,105,0.01674397779255933
2509,106,0.016926233532566778
2509,107,0.017078135673087406
2509,108,0.017196329449861106
2509,109,0.017277518066774508
2509,110,0.01729895649850864
2509,111,0.01727436264982677
2509,112,0.017210690089659562
2509,113,0.017105763475602335
2509,114,0.01695763615228165
2509,115,0.016764633856201586
2509,116,0.01652539637337496
2509,117,0.016238914962108417
2509,118,0.015904562960826017
2509,119,0.01552211652801349
2509,120,0.015091761958512608
2509,121,0.014614085308903445
2509,122,0.01409003914877469
2509,123,0.013520879775465348
2509,124,0.012908065933625349
2509,125,0.012253106156324915
2509,126,0.011557335073448973
2509,127,0.010821586952899108
2509,128,0.01004571266200639
2509,129,0.00922784445147885
2509,130,0.008363231029816965
2509,131,0.007442297569873693
2509,132,0.006447226789337193
2509,133,0.005345575143926392
2509,134,0.004077924416544956
2509,135,0.0025378284616520775
2509,136,0.0006870594331576159
251,1,0.021267344377838934
251,2,0.05294537698557231
251,3,0.06295820870186557
251,4,0.06460066816084056
251,5,0.06285953659037545
251,6,0.059652559307204006
251,7,0.05582770079381852
251,8,0.05179867579612982
251,9,0.04778112204009592
251,10,0.04389173910923589
251,11,0.04019402669608904
251,12,0.03672108237536318
251,13,0.03348775414466338
251,14,0.03049752630840579
251,15,0.027746648112664443
251,16,0.025226739878947604
251,17,0.022926512963678928
251,18,0.020832945752606285
251,19,0.018932107883942
251,20,0.017209745653188235
251,21,0.01565169844157766
251,22,0.014244191659404675
251,23,0.012974037487110884
251,24,0.011828765926499177
251,25,0.010796703016008566
251,26,0.009867009167258528
251,27,0.009029687752464505
251,28,0.008275571936594915
251,29,0.007596361542293429
251,30,0.00698459331197169
251,31,0.006433411687898984
251,32,0.005936530681494382
251,33,0.005488241093712997
251,34,0.0050833935117478865
251,35,0.004717363991879508
251,36,0.004386011630793882
251,37,0.004085633412317631
251,38,0.00381291932996631
251,39,0.0035649093826390374
251,40,0.003338953250064592
251,41,0.0031326729343561103
251,42,0.0029439283298985817
251,43,0.002770785451992515
251,44,0.0026114868739405316
251,45,0.002464423717219946
251,46,0.0023281083279883346
251,47,0.002201146402116055
251,48,0.002082206790949797
251,49,0.001969986282297139
251,50,0.0018631651001640253
251,51,0.0017603464579810106
251,52,0.001659971141592547
251,53,0.0015602079310167924
251,54,0.0014589672612594254
251,55,0.0013565739539996937
251,56,0.001258500421968434
251,57,0.0011674424150843697
251,58,0.001082880065717066
251,59,0.0010043336051442531
251,60,0.0009313602112184691
251,61,0.0008635511165437759
251,62,0.0008005289510691311
251,63,0.0007419452978858886
251,64,0.0006874784415572074
251,65,0.0006368312912688851
251,66,0.0005897294650481046
251,67,0.0005459195209428554
251,68,0.000505167322348497
251,69,0.00046725653144473526
251,70,0.0004319872125472499
251,71,0.0003991745469084011
251,72,0.00036864764125917374
251,73,0.00034024843027679594
251,74,0.00031383066312660915
251,75,0.0002892589648108736
251,76,0.00026640797495207705
251,77,0.0002451615474287978
251,78,0.00022541201768943016
251,79,0.00020705952282062856
251,80,0.0001900113771266902
251,81,0.00017418149658256248
251,82,0.00015948986793438218
251,83,0.00014586575444935294
251,84,0.0001332550951312282
251,85,0.00012161265193828099
251,86,0.0001108861496523604
251,87,0.0001010175880546283
251,88,9.194652044367873e-05
251,89,8.361260128532696e-05
251,90,7.59573839304267e-05
251,91,6.892552086061921e-05
251,92,6.246549312653458e-05
251,93,5.652998107579595e-05
251,94,5.107596147647542e-05
251,95,4.606460923006512e-05
251,96,4.146106098615587e-05
251,97,3.723409219916057e-05
251,98,3.335574562692724e-05
251,99,2.9800942089369067e-05
251,100,2.654709674189702e-05
251,101,2.357375418791325e-05
251,102,2.0862256660951974e-05
251,103,1.8395449243145633e-05
251,104,1.6157426070381794e-05
251,105,1.4133319990786908e-05
251,106,1.2309134094937969e-05
251,107,1.067160856958014e-05
251,108,9.208076236502097e-06
251,109,7.905741732523475e-06
251,110,6.749937682006654e-06
251,111,5.7261200457964395e-06
251,112,4.824226032497618e-06
251,113,4.034468636117568e-06
251,114,3.347342958678802e-06
251,115,2.753642112853798e-06
251,116,2.244481218171025e-06
251,117,1.8113255535471578e-06
251,118,1.4460221271276554e-06
251,119,1.1408315333648553e-06
251,120,8.8845861399681e-07
251,121,6.82080185543711e-07
251,122,5.153679963974056e-07
251,123,3.8250629168637647e-07
251,124,2.782023278177351e-07
251,125,1.9768992901884082e-07
251,126,1.367252473858286e-07
251,127,9.157516763410027e-08
251,128,5.8998455982574696e-08
251,129,3.6220449407545446e-08
251,130,2.0902059057600543e-08
251,131,1.1104143277355458e-08
251,132,5.2485048821372685e-09
251,133,2.076615077776393e-09
251,134,6.075054959946252e-10
251,135,9.673344202848888e-11
251,136,3.085801472440604e-12
252,1,0.0014278912329457557
252,2,0.007421706543979281
252,3,0.013604253832031874
252,4,0.018514302620395034
252,5,0.022194941708849152
252,6,0.024873055326918934
252,7,0.026759295345038733
252,8,0.028021588157410477
252,9,0.028789575091888685
252,10,0.02916320304689224
252,11,0.029220199334033147
252,12,0.029021752643863925
252,13,0.02861667217776495
252,14,0.028044409143703174
252,15,0.027337258906390813
252,16,0.02652197796655449
252,17,0.02562098177066286
252,18,0.02465323997274351
252,19,0.023634951314359366
252,20,0.022580056458714845
252,21,0.021500630598439357
252,22,0.020407186159694442
252,23,0.019308907779452638
252,24,0.018213835965657357
252,25,0.017129011692804914
252,26,0.01606059114421807
252,27,0.015013937627172971
252,28,0.014255108079994146
252,29,0.014099509097319702
252,30,0.01391971251421548
252,31,0.013717836933183231
252,32,0.013495895824019671
252,33,0.01325578262840366
252,34,0.012999272232289166
252,35,0.012728026241679105
252,36,0.012443599800502487
252,37,0.012147449322140185
252,38,0.011840940786271775
252,39,0.01152535831673835
252,40,0.01120191274755716
252,41,0.01087174991353411
252,42,0.010535958424885035
252,43,0.010195576748019838
252,44,0.00985159943458274
252,45,0.009504982415297798
252,46,0.009156647324101399
252,47,0.008807484844052993
252,48,0.008458357120337984
252,49,0.008110099314003022
252,50,0.0077635203628154065
252,51,0.007419403079648107
252,52,0.007078503666453516
252,53,0.006741550768226673
252,54,0.006409244157009665
252,55,0.006096377747647679
252,56,0.00591085456947617
252,57,0.0057215275796627125
252,58,0.005529069332004501
252,59,0.005334139285479777
252,60,0.0051373816352294575
252,61,0.0049394233706163216
252,62,0.004740872545083159
252,63,0.0045423167561832855
252,64,0.004344321813324055
252,65,0.004147430587076657
252,66,0.00395216200860881
252,67,0.0037590101985156025
252,68,0.003568443720373629
252,69,0.003380904912260573
252,70,0.003196809305666293
252,71,0.003016545098410729
252,72,0.002840472674724904
252,73,0.002668924166607882
252,74,0.002502203049359748
252,75,0.0023405837686215456
252,76,0.002184311402822486
252,77,0.0020336013712897705
252,78,0.001888639191822667
252,79,0.0017495803040298984
252,80,0.0016165499751514864
252,81,0.0014896433020833702
252,82,0.0013689253318256874
252,83,0.0013024797234092497
252,84,0.0012414025740981717
252,85,0.0011802756343980163
252,86,0.0011193648362271657
252,87,0.0010589366211726954
252,88,0.0009992472828153273
252,89,0.0009405351347099728
252,90,0.0008830154215179508
252,91,0.0008268775478613516
252,92,0.0007722841808198654
252,93,0.0007193718064700889
252,94,0.0006682523337622859
252,95,0.0006190153856686638
252,96,0.0005717309440875157
252,97,0.0005264520792809332
252,98,0.0004832175427399315
252,99,0.0004420540671069248
252,100,0.0004029782746283039
252,101,0.00036599814272095536
252,102,0.00033111402902241243
252,103,0.00029831928671373106
252,104,0.00026760053148402037
252,105,0.00023893763753967366
252,106,0.00021230354784868116
252,107,0.00018766398563358218
252,108,0.0001649771505229045
252,109,0.00014419347061848709
252,110,0.00012726051968288323
252,111,0.0001123740342286291
252,112,9.857236291259233e-05
252,113,8.585748551283522e-05
252,114,7.422236895968298e-05
252,115,6.365094117955172e-05
252,116,5.4118271780166364e-05
252,117,4.559096479768423e-05
252,118,3.802775853692155e-05
252,119,3.138031921442064e-05
252,120,2.5594204312024177e-05
252,121,2.0609966840141624e-05
252,122,1.6364362260473665e-05
252,123,1.2791618178629774e-05
252,124,9.824722303549305e-06
252,125,7.3966853942149795e-06
252,126,5.441736707515897e-06
252,127,3.896413582703509e-06
252,128,2.7005121647885355e-06
252,129,1.7978725539525921e-06
252,130,1.1369790390945227e-06
252,131,6.713613851543237e-07
252,132,3.597860831149522e-07
252,133,1.6621869908540443e-07
252,134,5.950269369602418e-08
252,135,1.2573715647145392e-08
252,136,6.205797581256296e-10
2534,1,2.918370766230038e-11
2534,2,3.95352525615201e-10
2534,3,1.4860170975844598e-09
2534,4,3.6050115671846485e-09
2534,5,7.118227535723366e-09
2534,6,1.249124797182268e-08
2534,7,2.0308372894879987e-08
2534,8,3.129062678887955e-08
2534,9,4.631458601050783e-08
2534,10,6.643209797638056e-08
2534,11,9.289073064210624e-08
2534,12,1.271548005532041e-07
2534,13,1.7092689279472722e-07
2534,14,2.2616985770450272e-07
2534,15,2.951293378692442e-07
2534,16,3.8035693074606104e-07
2534,17,4.847341317219638e-07
2534,18,6.114972035807834e-07
2534,19,7.642631110650668e-07
2534,20,9.470566114018458e-07
2534,21,1.164338541794066e-06
2534,22,1.4210352692325493e-06
2534,23,1.7225692043699858e-06
2534,24,2.0748902169895267e-06
2534,25,2.484507752832972e-06
2534,26,2.958523422330454e-06
2534,27,3.5046638568722257e-06
2534,28,4.131313621255084e-06
2534,29,4.847577725863591e-06
2534,30,5.663406602462068e-06
2534,31,6.589620897277622e-06
2534,32,7.637931309596244e-06
2534,33,8.820983998073785e-06
2534,34,1.0152415860057945e-05
2534,35,1.164691530809813e-05
2534,36,1.3320288873952843e-05
2534,37,1.5189534645202772e-05
2534,38,1.7272923818536585e-05
2534,39,1.959009164885695e-05
2534,40,2.2162139131759315e-05
2534,41,2.5011746756439015e-05
2534,42,2.8163301624508838e-05
2534,43,3.164303920568715e-05
2534,44,3.5479200927160994e-05
2534,45,3.970220886374423e-05
2534,46,4.434485868616296e-05
2534,47,4.944253225513593e-05
2534,48,5.503343107874357e-05
2534,49,6.115883230314444e-05
2534,50,6.786336869953035e-05
2534,51,7.519533476103756e-05
2534,52,8.320702080532314e-05
2534,53,9.195507745113834e-05
2534,54,0.00010150091311811865
2534,55,0.00011191112735835141
2534,56,0.00012325798649728023
2534,57,0.00013561994736611225
2534,58,0.0001490822377734701
2534,59,0.00016373748978952825
2534,60,0.00017968643328364884
2534,61,0.00019703865744455834
2534,62,0.0002159134466519774
2534,63,0.00023644069938922842
2534,64,0.00025876193840723255
2534,65,0.00028303142224141186
2534,66,0.00030941736890004217
2534,67,0.0003381033040328073
2534,68,0.000369289546559685
2534,69,0.0004031948474557918
2534,70,0.00044005819721771564
2534,71,0.0004801408207676459
2534,72,0.0005237283794618595
2534,73,0.0005711334013787157
2534,74,0.0006226979648579672
2534,75,0.0006787966590860407
2534,76,0.0007398398516760784
2534,77,0.00080627729095738
2534,78,0.0008786020767805637
2534,79,0.0009573550322321909
2534,80,0.00104312951324958
2534,81,0.0011365766926039389
2534,82,0.0012384113564052077
2534,83,0.0013494028530860755
2534,84,0.0014703217665688736
2534,85,0.001601920771587218
2534,86,0.0017449987757093071
2534,87,0.0019004218839405698
2534,88,0.0020691305433215815
2534,89,0.0022521465064689636
2534,90,0.0024505814197508346
2534,91,0.002665647486666044
2534,92,0.0028986704634473242
2534,93,0.0031511052436221753
2534,94,0.003424554294120133
2534,95,0.0037207892209956688
2534,96,0.004041775743015092
2534,97,0.004389702310815854
2534,98,0.004767012589975413
2534,99,0.0051764419185560545
2534,100,0.005621057769810443
2534,101,0.0061043040532304605
2534,102,0.006630048873128056
2534,103,0.007202635024638038
2534,104,0.007826932065222324
2534,105,0.008508388165560743
2534,106,0.009253079140737764
2534,107,0.010067750925070833
2534,108,0.010959850327631991
2534,109,0.011937536954792443
2534,110,0.01300966674297843
2534,111,0.014185734774149184
2534,112,0.015475758554950694
2534,113,0.016890080365620175
2534,114,0.018439058933041774
2534,115,0.02013261372360388
2534,116,0.02197957721875964
2534,117,0.023986801843468204
2534,118,0.026157959261245752
2534,119,0.028491961946761922
2534,120,0.030980931067915163
2534,121,0.033607633001315106
2534,122,0.036342310825285155
2534,123,0.03913884952040452
2534,124,0.04193023585215028
2534,125,0.04462330757895139
2534,126,0.04709283107443408
2534,127,0.04917500087050162
2534,128,0.050660520299962784
2534,129,0.0512875189531126
2534,130,0.05073478136991541
2534,131,0.048616453090851025
2534,132,0.04448187327481363
2534,133,0.037833710042674384
2534,134,0.02821811897114483
2534,135,0.015649923443914884
2534,136,0.003143000428203581
254,1,0.00010506900835559037
254,2,0.001045264642128768
254,3,0.002890146571904806
254,4,0.005182070662781287
254,5,0.00760219223516581
254,6,0.009963699276371403
254,7,0.01216139480917931
254,8,0.014139026963121245
254,9,0.015869954213600747
254,10,0.017345648814739045
254,11,0.018568721017222338
254,12,0.019548595548206787
254,13,0.02029878101594511
254,14,0.020835118327936955
254,15,0.021174643128243645
254,16,0.021334840451375008
254,17,0.02133315392302525
254,18,0.02118666244759323
254,19,0.02091186852271899
254,20,0.02052456168080302
254,21,0.020039732993694655
254,22,0.01947152464251615
254,23,0.01883320348872104
254,24,0.018137151416183172
254,25,0.017394867205870815
254,26,0.01661697650538928
254,27,0.015813247432285113
254,28,0.015285593954353582
254,29,0.015412251935226518
254,30,0.015501259054367481
254,31,0.015553799831535228
254,32,0.015571061257316696
254,33,0.015554234318503854
254,34,0.015504518168495011
254,35,0.015423126155028975
254,36,0.015311292785261837
254,37,0.01517028074965505
254,38,0.015001387290682854
254,39,0.014805949287536788
254,40,0.014585346717120364
254,41,0.014341004241455308
254,42,0.01407439087992661
254,43,0.013787017843343814
254,44,0.013480434687137076
254,45,0.013156224057537703
254,46,0.012815995266624138
254,47,0.012461377040398387
254,48,0.012094009671503926
254,49,0.01171553688318387
254,50,0.011327597594464786
254,51,0.01093181779959573
254,52,0.010529802686799502
254,53,0.01012312912963515
254,54,0.009713338603029536
254,55,0.009324758768505978
254,56,0.009134373846931752
254,57,0.008932024048120856
254,58,0.008718677729885728
254,59,0.008495315749450704
254,60,0.008262926743213852
254,61,0.008022502777879265
254,62,0.007775035315761924
254,63,0.007521511489299476
254,64,0.0072629106105143925
254,65,0.007000200900147194
254,66,0.006734336379373226
254,67,0.006466253895019995
254,68,0.0061968702407006184
254,69,0.005927079355223896
254,70,0.005657749569742949
254,71,0.005389720892874206
254,72,0.005123802328920134
254,73,0.004860769231701677
254,74,0.004601360696528176
254,75,0.0043462770106533705
254,76,0.004096177182374655
254,77,0.003851676572925186
254,78,0.0036133446697582706
254,79,0.0033817030248119322
254,80,0.0031572234072349816
254,81,0.0029403262024514025
254,82,0.0027313790972664435
254,83,0.0026293975779216193
254,84,0.002536326252589892
254,85,0.0024413315843634597
254,86,0.0023451181960103527
254,87,0.0022483133865659737
254,88,0.002151445127621847
254,89,0.002054941410637541
254,90,0.0019591392386696413
254,91,0.0018642983182136769
254,92,0.0017706167532421243
254,93,0.001678246999653808
254,94,0.001587310887469888
254,95,0.0014979128903153556
254,96,0.0014101511328780457
254,97,0.0013241258705052096
254,98,0.0012399453840664047
254,99,0.0011577293928987748
254,100,0.0010776102091253536
254,101,0.0009997319401674044
254,102,0.0009242480957428761
254,103,0.0008513179756354949
254,104,0.0007811022188918378
254,105,0.0007137578702928858
254,106,0.0006494332971734973
254,107,0.0005882632439156507
254,108,0.000530364271895616
254,109,0.0004758307834257537
254,110,0.00043143233042787873
254,111,0.00039178806738739006
254,112,0.000353893813490895
254,113,0.00031789106908862544
254,114,0.0002838973747580028
254,115,0.00025200455000611504
254,116,0.00022227761645628714
254,117,0.0001947544237179619
254,118,0.00016944596932992544
254,119,0.00014633737805068016
254,120,0.00012538948249382503
254,121,0.00010654092836878372
254,122,8.971071148426784e-05
254,123,7.480104422836544e-05
254,124,6.170044377406229e-05
254,125,5.028693496450901e-05
254,126,4.043126747126311e-05
254,127,3.200005932017668e-05
254,128,2.4858799804906787e-05
254,129,1.8874676755267886e-05
254,130,1.3919246456049708e-05
254,131,9.871064302646525e-06
254,132,6.618610925066481e-06
254,133,4.064396086651633e-06
254,134,2.1327339159083173e-06
254,135,7.892022172828909e-07
254,136,9.49227567086392e-08
256,1,1.0794804628210062e-07
256,2,1.6117850854513682e-06
256,3,6.14824259101491e-06
256,4,1.448711533021153e-05
256,5,2.712837035409509e-05
256,6,4.450366307260509e-05
256,7,6.701502057813152e-05
256,8,9.503870565175035e-05
256,9,0.00012892062431648545
256,10,0.00016897017307755018
256,11,0.00021545462887977382
256,12,0.0002685947637850805
256,13,0.00032856187528668515
256,14,0.0003954762148474772
256,15,0.0004694067030589833
256,16,0.0005503717383176594
256,17,0.000638340873325765
256,18,0.000733237096703079
256,19,0.0008349394383176595
256,20,0.0009432856023963107
256,21,0.0010580743529940808
256,22,0.0011790673752230397
256,23,0.0013059903868711093
256,24,0.0014385332961625247
256,25,0.0015763492801313115
256,26,0.001719052706582676
256,27,0.0018662159028670425
256,28,0.0020078352422229833
256,29,0.002129843606397912
256,30,0.002254011736089301
256,31,0.002380509059247027
256,32,0.0025095250986859937
256,33,0.002641261285446667
256,34,0.002775922755455922
256,35,0.002913710320409596
256,36,0.0030548127861243224
256,37,0.0031993997815096278
256,38,0.0033476152550719713
256,39,0.0034995717750958997
256,40,0.0036553457629710713
256,41,0.003814973791871088
256,42,0.003978450059410083
256,43,0.004145725137821746
256,44,0.004316706147470925
256,45,0.004491258447987148
256,46,0.0046692090169258745
256,47,0.004850351701945995
256,48,0.005034454575544929
256,49,0.005221269745035118
256,50,0.00541054598944837
256,51,0.005602044719139709
256,52,0.0057955594545162125
256,53,0.005990937579096301
256,54,0.006188095945835071
256,55,0.006385038273102625
256,56,0.006566587024323087
256,57,0.006750649101827739
256,58,0.006937248062119753
256,59,0.00712638594192323
256,60,0.007318040757417298
256,61,0.007512163923795556
256,62,0.0077086776275732734
256,63,0.007907472145003395
256,64,0.008108403122334388
256,65,0.008311288836594065
256,66,0.008515907449685221
256,67,0.008721994283506491
256,68,0.008929239154232093
256,69,0.009137283777735018
256,70,0.009345719322464894
256,71,0.00955408411160683
256,72,0.00976186156196114
256,73,0.009968478398540965
256,74,0.010173303203315475
256,75,0.010375645378698202
256,76,0.01057475457316786
256,77,0.010769820665283631
256,78,0.010959974358053398
256,79,0.01114428848122208
256,80,0.011321780060254952
256,81,0.01149141322686234
256,82,0.011652103054850142
256,83,0.011848562357342864
256,84,0.012047763986338098
256,85,0.0122446563305796
256,86,0.012438788071727134
256,87,0.0126296526944363
256,88,0.012816686141816016
256,89,0.012999264791588062
256,90,0.01317670381302288
256,91,0.013348256010281855
256,92,0.013513111202468342
256,93,0.013670396281248555
256,94,0.013819175989776849
256,95,0.013958454549737646
256,96,0.014087178192957624
256,97,0.014204238697385348
256,98,0.014308477967533893
256,99,0.014398693715586008
256,100,0.01447364626665598
256,101,0.014532066476659802
256,102,0.014572664738866413
256,103,0.01459414100444567
256,104,0.014595195732191982
256,105,0.014574541620644603
256,106,0.014530916025665176
256,107,0.014463093995276429
256,108,0.014369902289311395
256,109,0.014250236718138005
256,110,0.014161228924990613
256,111,0.014072132847827632
256,112,0.013957503024511075
256,113,0.013816198861699455
256,114,0.013647093512030547
256,115,0.013449073414183863
256,116,0.013221035839637392
256,117,0.012961884198594087
256,118,0.012670520759402698
256,119,0.012345836430357469
256,120,0.01198669704140128
256,121,0.011591925349408644
256,122,0.01116027750975537
256,123,0.010690412098425315
256,124,0.010180848743885595
256,125,0.00962991200648659
256,126,0.009035654219039459
256,127,0.008395748735097554
256,128,0.007707342934641918
256,129,0.0069668608340551315
256,130,0.00616975573397497
256,131,0.0053102597414004206
256,132,0.004381349173213222
256,133,0.0033757927243554886
256,134,0.0022918539398869083
256,135,0.001161016043888396
256,136,0.0002118831580806017
2567,1,7.783336815498192e-05
2567,2,0.0003932533442061742
2567,3,0.0007595100320374783
2567,4,0.001123019857668963
2567,5,0.0014807035138736985
2567,6,0.0018352370316209135
2567,7,0.0021894042180256087
2567,8,0.002545307512039943
2567,9,0.0029044024029170495
2567,10,0.0032676581397231234
2567,11,0.0036357086886729183
2567,12,0.0040089721670012075
2567,13,0.004387740834691366
2567,14,0.004772247389624469
2567,15,0.005162712601317749
2567,16,0.005559378038039693
2567,17,0.005962526583326762
2567,18,0.006372492705796224
2567,19,0.006789663986232855
2567,20,0.00721447510215499
2567,21,0.007647395309897481
2567,22,0.008088910366639626
2567,23,0.008539499776085719
2567,24,0.008999610230179103
2567,25,0.00946962610189819
2567,26,0.009949837866201135
2567,27,0.010440409317196548
2567,28,0.010778465037768404
2567,29,0.01073995167503792
2567,30,0.010702263934302117
2567,31,0.010666529022799107
2567,32,0.01063366174232853
2567,33,0.010604387798139806
2567,34,0.010579267019724142
2567,35,0.010558716096133023
2567,36,0.010543030487462484
2567,37,0.010532405216369337
2567,38,0.010526954287740755
2567,39,0.010526728507664082
2567,40,0.010531731533621327
2567,41,0.010541933987421865
2567,42,0.010557285536304643
2567,43,0.010577724864493416
2567,44,0.010603187524265567
2567,45,0.010633611692592568
2567,46,0.010668941944995215
2567,47,0.01070913116238885
2567,48,0.010754140800796954
2567,49,0.010803939737444625
2567,50,0.010858501963075582
2567,51,0.010917803353126311
2567,52,0.010981817599762243
2567,53,0.011050510842576721
2567,54,0.011123832295962309
2567,55,0.011184196069457279
2567,56,0.011093292796146865
2567,57,0.011009812334169445
2567,58,0.010933544941196055
2567,59,0.01086426616976643
2567,60,0.010801737326991466
2567,61,0.010745705656852114
2567,62,0.010695904269650216
2567,63,0.010652051840038234
2567,64,0.010613852105865974
2567,65,0.010580993174166081
2567,66,0.010553146667926113
2567,67,0.010529966740238976
2567,68,0.01051108896597112
2567,69,0.010496129140096785
2567,70,0.010484682009175525
2567,71,0.010476319968841338
2567,72,0.01047059173148752
2567,73,0.010467021029549982
2567,74,0.010465105349078036
2567,75,0.01046431475678353
2567,76,0.010464090840302724
2567,77,0.010463845816214519
2567,78,0.010462961837950507
2567,79,0.010460790546446625
2567,80,0.010456652943580497
2567,81,0.010449839599584409
2567,82,0.010439611294191386
2567,83,0.010276636319723309
2567,84,0.010100865695981311
2567,85,0.009928780035649077
2567,86,0.009759898473051297
2567,87,0.009593732728414947
2567,88,0.009429788137072065
2567,89,0.009267564853724748
2567,90,0.009106559231326939
2567,91,0.008946265400682952
2567,92,0.008786177075912335
2567,93,0.008625789596531623
2567,94,0.008464602213469312
2567,95,0.008302120663773747
2567,96,0.00813785996471582
2567,97,0.007971347506624685
2567,98,0.007802126342128956
2567,99,0.00762975871709211
2567,100,0.007453829788412717
2567,101,0.007273951476168525
2567,102,0.007089766470375933
2567,103,0.006900952286336891
2567,104,0.006707225416492619
2567,105,0.006508345485124882
2567,106,0.006304119444747029
2567,107,0.00609440580327005
2567,108,0.0058791189311301496
2567,109,0.00565823359217978
2567,110,0.005416444327716046
2567,111,0.00516600918756925
2567,112,0.0049141756902549485
2567,113,0.004661055320978829
2567,114,0.004406810146442347
2567,115,0.004151657338908519
2567,116,0.0038958745720189597
2567,117,0.0036398064014261777
2567,118,0.0033838717074924154
2567,119,0.0031285721987712044
2567,120,0.002874501891493185
2567,121,0.0026223574112747595
2567,122,0.0023729488075320687
2567,123,0.0021272105951170646
2567,124,0.0018862126208215547
2567,125,0.0016511704729001004
2567,126,0.001423455360161176
2567,127,0.001204603864920291
2567,128,0.000996328794622225
2567,129,0.0008005338698857063
2567,130,0.0006193374204324216
2567,131,0.00045511432557930295
2567,132,0.00031057204666286786
2567,133,0.0001888855309799173
2567,134,9.391672004034069e-05
2567,135,3.0433759157466753e-05
2567,136,2.809895485317334e-06
2572,1,4.3745328615007214e-13
2572,2,1.6815889484279832e-11
2572,3,1.1919282942627207e-10
2572,4,4.424605924269176e-10
2572,5,1.1881348760135047e-09
2572,6,2.635487149601078e-09
2572,7,5.156911688939291e-09
2572,8,9.235716609079372e-09
2572,9,1.5485783256991885e-08
2572,10,2.467282362179083e-08
2572,11,3.7736793541272767e-08
2572,12,5.581580444717022e-08
2572,13,8.027092709436824e-08
2572,14,1.1271191401744176e-07
2572,15,1.5502409371033588e-07
2572,16,2.093956648557787e-07
2572,17,2.783464934649547e-07
2572,18,3.6475735054981196e-07
2572,19,4.71900537995254e-07
2572,20,6.034713950348031e-07
2572,21,7.636213474099579e-07
2572,22,9.569917803091845e-07
2572,23,1.1887498276412992e-06
2572,24,1.4646241843154177e-06
2572,25,1.7909421939415543e-06
2572,26,2.1746655871686755e-06
2572,27,2.6234259849346013e-06
2572,28,3.1078590994743138e-06
2572,29,3.5625088545605663e-06
2572,30,4.067862655222865e-06
2572,31,4.628764511545834e-06
2572,32,5.250607166262055e-06
2572,33,5.939394529443544e-06
2572,34,6.701806961808789e-06
2572,35,7.545267865979992e-06
2572,36,8.478011935351747e-06
2572,37,9.50915385027092e-06
2572,38,1.0648757583640708e-05
2572,39,1.1907906149114636e-05
2572,40,1.3298771667970136e-05
2572,41,1.4834686172213159e-05
2572,42,1.653021450349332e-05
2572,43,1.8401231094508376e-05
2572,44,2.0465001558528776e-05
2572,45,2.2740272683484624e-05
2572,46,2.5247376328738158e-05
2572,47,2.8008346277903402e-05
2572,48,3.104705555458151e-05
2572,49,3.438937878398209e-05
2572,50,3.806337711720302e-05
2572,51,4.209951163187476e-05
2572,52,4.653088119324351e-05
2572,53,5.139347175593862e-05
2572,54,5.67264047403996e-05
2572,55,6.250283092126272e-05
2572,56,6.815450136314218e-05
2572,57,7.429953148100444e-05
2572,58,8.098244331636293e-05
2572,59,8.825184837126865e-05
2572,60,9.616079934579913e-05
2572,61,0.00010476717020680746
2572,62,0.00011413406213032309
2572,63,0.00012433023827359822
2572,64,0.00013543058437211913
2572,65,0.00014751659964481881
2572,66,0.00016067691599154418
2572,67,0.00017500784545719194
2572,68,0.00019061395166511202
2572,69,0.00020760865107114312
2572,70,0.0002261148318806583
2572,71,0.00024626549587183477
2572,72,0.00026820441153855044
2572,73,0.0002920867784855461
2572,74,0.00031807989198164813
2572,75,0.00034636379593237934
2572,76,0.000377131923463075
2572,77,0.0004105916985753253
2572,78,0.00044696509301789527
2572,79,0.00048648911502225533
2572,80,0.0005294162118986785
2572,81,0.0005760145572987088
2572,82,0.0006265682050340836
2572,83,0.0006769851518008025
2572,84,0.0007312217295837188
2572,85,0.0007901515945577021
2572,86,0.0008542150215072252
2572,87,0.0009238949801308393
2572,88,0.0009997212562872478
2572,89,0.0010822749607553082
2572,90,0.0011721934491956399
2572,91,0.0012701757091634531
2572,92,0.0013769882414258877
2572,93,0.001493471517000392
2572,94,0.0016205470449650494
2572,95,0.0017592251428790021
2572,96,0.0019106134987682476
2572,97,0.002075926630640308
2572,98,0.0022564963781103397
2572,99,0.0024537835963599707
2572,100,0.0026693912581985495
2572,101,0.0029050792149041375
2572,102,0.003162780941630842
2572,103,0.0034446226540755295
2572,104,0.003752945309164546
2572,105,0.004090330097923753
2572,106,0.00445962821878127
2572,107,0.0048639959283917344
2572,108,0.005306936133054491
2572,109,0.005792348189939045
2572,110,0.006329267521627517
2572,111,0.006923640187113478
2572,112,0.0075807375307433734
2572,113,0.008308274348958493
2572,114,0.009115142609609172
2572,115,0.010011642008866537
2572,116,0.011009766608576077
2572,117,0.012123563769487722
2572,118,0.013369587189393416
2572,119,0.01476747358038921
2572,120,0.01634068353811795
2572,121,0.01811746283297534
2572,122,0.020132103012413007
2572,123,0.02242661300802046
2572,124,0.025052961142040815
2572,125,0.028076115468831153
2572,126,0.031578206450231905
2572,127,0.035664260083071726
2572,128,0.040470074248581955
2572,129,0.046172797493614116
2572,130,0.053004067049062686
2572,131,0.061262044552461835
2572,132,0.07130367990286328
2572,133,0.08343234288864713
2572,134,0.09725897998243015
2572,135,0.10784318997259307
2572,136,0.07089413389859998
2579,1,0.0018021770904492157
2579,2,0.007022594148239314
2579,3,0.010976683880407588
2579,4,0.01363632872012545
2579,5,0.015460203637131204
2579,6,0.016742564037575663
2579,7,0.017662366187127274
2579,8,0.018331556801498224
2579,9,0.018822760728171774
2579,10,0.019184680968861854
2579,11,0.01945089398983712
2579,12,0.019645058547917166
2579,13,0.01978411484561572
2579,14,0.0198803179483971
2579,15,0.01994257206593478
2579,16,0.01997733229272297
2579,17,0.019989230849424607
2579,18,0.019981523022049627
2579,19,0.019956412046886852
2579,20,0.019915290762728986
2579,21,0.019858924778766576
2579,22,0.019787593747149192
2579,23,0.019701202139220688
2579,24,0.019599367543173565
2579,25,0.019481492248080972
2579,26,0.019346822382509756
2579,27,0.01919449775438444
2579,28,0.01886455241005679
2579,29,0.018177558603390286
2579,30,0.017521698363625462
2579,31,0.016895917012921497
2579,32,0.016299111884124515
2579,33,0.015730142406052434
2579,34,0.015187842330958282
2579,35,0.01467103094346506
2579,36,0.014178522555405205
2579,37,0.013709134340853035
2579,38,0.013261692715132375
2579,39,0.012835038509450943
2579,40,0.01242803117684996
2579,41,0.012039552199229028
2579,42,0.011668507867076558
2579,43,0.011313831537755527
2579,44,0.010974485483534968
2579,45,0.010649462395242778
2579,46,0.010337786609396063
2579,47,0.010038515100686674
2579,48,0.009750738290994387
2579,49,0.00947358069979047
2579,50,0.009206201467813539
2579,51,0.008947794795283006
2579,52,0.00869759029269864
2579,53,0.008454853293413427
2579,54,0.008218885128912595
2579,55,0.00798341160201681
2579,56,0.007706388322586039
2579,57,0.007440473135232382
2579,58,0.007184964390809859
2579,59,0.006939194499364609
2579,60,0.0067025294529354145
2579,61,0.006474368187098427
2579,62,0.0062541418433234115
2579,63,0.006041312970583533
2579,64,0.005835374680281351
2579,65,0.005635849820700841
2579,66,0.005442290162705576
2579,67,0.0052542756230014535
2579,68,0.005071413559152717
2579,69,0.0048933381239566216
2579,70,0.004719709692195984
2579,71,0.004550214378532197
2579,72,0.004384563620967952
2579,73,0.004222493851053407
2579,74,0.004063766218350626
2579,75,0.003908166391819456
2579,76,0.003755504389634988
2579,77,0.003605614444401912
2579,78,0.003458354885638521
2579,79,0.0033136080094515958
2579,80,0.0031712799063094315
2579,81,0.0030313002564282695
2579,82,0.0028936220199921106
2579,83,0.0027562125074062074
2579,84,0.0026229011289030458
2579,85,0.002493843183862624
2579,86,0.0023688714044944586
2579,87,0.0022478438666414463
2579,88,0.0021306444118401715
2579,89,0.002017179527557164
2579,90,0.0019073740713123858
2579,91,0.0018011668307884399
2579,92,0.001698506377556519
2579,93,0.0015993474287333011
2579,94,0.0015036478662561708
2579,95,0.0014113664338594903
2579,96,0.001322461147851666
2579,97,0.0012368883626679501
2579,98,0.0011546024395870963
2579,99,0.001075555932171428
2579,100,0.0009997001700647946
2579,101,0.0009269861397625623
2579,102,0.0008573655324452805
2579,103,0.0007907918321873596
2579,104,0.0007272213472629542
2579,105,0.0006666140640488356
2579,106,0.000608934248656865
2579,107,0.0005541507215724181
2579,108,0.0005022367693392159
2579,109,0.0004531696506263677
2579,110,0.0004080741939563204
2579,111,0.0003661240320847772
2579,112,0.00032677135559812864
2579,113,0.0002899864379260083
2579,114,0.0002557399603778154
2579,115,0.00022400128129346385
2579,116,0.00019473658117097806
2579,117,0.00016790695916128292
2579,118,0.0001434665837476255
2579,119,0.00012136098134965394
2579,120,0.00010152556182367932
2579,121,8.388446364601249e-05
2579,122,6.834979820094808e-05
2579,123,5.482134751175321e-05
2579,124,4.3186756060389855e-05
2579,125,3.3322234033072744e-05
2579,126,2.5093752974176064e-05
2579,127,1.8358703381718534e-05
2579,128,1.2967932360470094e-05
2579,129,8.76807490997275e-06
2579,130,5.6040371678230025e-06
2579,131,3.3214761394935087e-06
2579,132,1.769053634266371e-06
2579,133,8.001706595418153e-07
2579,134,2.737049090412043e-07
2579,135,5.294603628123203e-08
2579,136,2.2054023775680217e-09
258,1,6.28191994337542e-06
258,2,8.11900256590413e-05
258,3,0.00027254599233796144
258,4,0.0005725788131627961
258,5,0.0009641293452913933
258,6,0.001430410161898063
258,7,0.0019560944668989763
258,8,0.002527271075846502
258,9,0.003131322828376698
258,10,0.0037568674558878124
258,11,0.004393748269320238
258,12,0.0050330444439539365
258,13,0.0056670774712009675
258,14,0.006289399557201503
258,15,0.006894757327307436
258,16,0.007479029653710871
258,17,0.008039142126199024
258,18,0.008572962797299135
258,19,0.009079185049524758
258,20,0.009557203596252973
258,21,0.010006989329619206
258,22,0.010428968057340974
258,23,0.010823907154287434
258,24,0.011192813153372436
258,25,0.011536842253986096
258,26,0.011857224828273845
258,27,0.012155204065531696
258,28,0.012431988417159397
258,29,0.012688601969399966
258,30,0.012925625858113516
258,31,0.013143399816540453
258,32,0.013342170475598368
258,33,0.013522132166142535
258,34,0.013683445978648836
258,35,0.013826256032502565
258,36,0.013950704959204401
258,37,0.014056948678454674
258,38,0.014145170058959423
258,39,0.014215591104360522
258,40,0.01426848332472689
258,41,0.014304175974945644
258,42,0.014323062030598275
258,43,0.014325601773422349
258,44,0.014312323946879212
258,45,0.014283824580347501
258,46,0.014240763574315338
258,47,0.014183859286090268
258,48,0.014113881370832077
258,49,0.014031642148646715
258,50,0.013937986836059128
258,51,0.013833782782700664
258,52,0.013719907509910536
258,53,0.01359723409821326
258,54,0.013466607998834765
258,55,0.013328789772953892
258,56,0.013184360712649206
258,57,0.013033766324409533
258,58,0.012877399006364811
258,59,0.012715616943108524
258,60,0.012548746147214327
258,61,0.012377082650379699
258,62,0.012200894830409996
258,63,0.012020425788451788
258,64,0.011835895771772013
258,65,0.011647504597048794
258,66,0.011455434065236643
258,67,0.011259850322234751
258,68,0.01106090618954841
258,69,0.01085874342051802
258,70,0.010653494889108507
258,71,0.010445286708511525
258,72,0.010234240267871843
258,73,0.010020474183469725
258,74,0.009804106169831297
258,75,0.009585254819775768
258,76,0.009364041295987257
258,77,0.009140590921329031
258,78,0.008915034685318884
258,79,0.008687510637448896
258,80,0.008458165181763589
258,81,0.008227154252450115
258,82,0.00799464437864674
258,83,0.0077614730242300325
258,84,0.007530525559362185
258,85,0.007305467184066256
258,86,0.0070880872680880004
258,87,0.006878683111487878
258,88,0.006676652846458457
258,89,0.006480894495635977
258,90,0.006290064815993389
258,91,0.0061027486520770745
258,92,0.005917570376298857
258,93,0.005733266657760523
258,94,0.005548732624113844
258,95,0.005363049284455196
258,96,0.005175497510185908
258,97,0.004985562265551775
258,98,0.004792929699669158
258,99,0.004597479000818685
258,100,0.004399270395784749
258,101,0.0041985303312812175
258,102,0.003995634614944953
258,103,0.0037910901168165113
258,104,0.003585515513049506
258,105,0.003379621456995979
258,106,0.0031741905317531093
258,107,0.00297005728424475
258,108,0.002768088655341689
258,109,0.0025691651606779093
258,110,0.0023741631930430333
258,111,0.0021839381013685345
258,112,0.001999307446099742
258,113,0.0018210365647751327
258,114,0.0016498260216343188
258,115,0.001486300859281976
258,116,0.0013310017841647208
258,117,0.0011843783542348455
258,118,0.0010467841916932572
258,119,0.0009184741947356612
258,120,0.0007996036856447227
258,121,0.0006902294040284926
258,122,0.0005903122371162346
258,123,0.0004997215714778112
258,124,0.0004182411532485391
258,125,0.0003455763536782235
258,126,0.0002813627572004507
258,127,0.00022517602461819523
258,128,0.00017654304704659333
258,129,0.00013495453825500357
258,130,9.987948961569183e-05
258,131,7.078253073959882e-05
258,132,4.7146690348266595e-05
258,133,2.850767521356684e-05
258,134,1.451555156951076e-05
258,135,5.066627517891598e-06
258,136,5.426094004342622e-07
259,1,5.799640962397874e-08
259,2,8.134266721298258e-07
259,3,3.058166657548693e-06
259,4,7.313800614467837e-06
259,5,1.4118624744199828e-05
259,6,2.4071692832896015e-05
259,7,3.7823274330831665e-05
259,8,5.6055477059812834e-05
259,9,7.945890816369293e-05
259,10,0.000108707173620072
259,11,0.00014443062119378155
259,12,0.0001871907942537495
259,13,0.00023745708743880666
259,14,0.0002955869997261472
259,15,0.0003618111626246944
259,16,0.00043622400636476465
259,17,0.0005187805550696063
259,18,0.0006092994399587596
259,19,0.0007074718342614778
259,20,0.0008128756734398687
259,21,0.0009249942434616723
259,22,0.0010432380367747444
259,23,0.001166968663971616
259,24,0.0012955236012958716
259,25,0.0014282406103445784
259,26,0.0015644807934952088
259,27,0.0017036494140043302
259,28,0.001845213815884119
259,29,0.0019887178834529584
259,30,0.002133792677205012
259,31,0.002280163693380834
259,32,0.002427654901222623
259,33,0.002576189479813233
259,34,0.0027257874680987515
259,35,0.00287656058350483
259,36,0.0030287044604110063
259,37,0.0031824885293064704
259,38,0.0033382437010359123
259,39,0.0034963479766042336
259,40,0.003657210028115305
259,41,0.0038212507798040247
259,42,0.00398888299358219
259,43,0.004160488905154104
259,44,0.004336396059502957
259,45,0.004516851656126064
259,46,0.004701996030639438
259,47,0.00489183631835578
259,48,0.005086222050936562
259,49,0.005284825534774585
259,50,0.005487131679854494
259,51,0.0056924452886231705
259,52,0.005899930300194087
259,53,0.006108709114243507
259,54,0.006318078211756767
259,55,0.006527876793316646
259,56,0.006738265065404929
259,57,0.006949267874484882
259,58,0.007160808215775292
259,59,0.007372813991704318
259,60,0.0075852170983925745
259,61,0.007797952454672728
259,62,0.008010956992513113
259,63,0.008224168598707907
259,64,0.008437525028656254
259,65,0.008650962776704444
259,66,0.008864415934209974
259,67,0.009077815007449568
259,68,0.009291085728901194
259,69,0.0095041478470522
259,70,0.009716913905918726
259,71,0.009929288017420003
259,72,0.010141164628488327
259,73,0.0103524272864883
259,74,0.01056294741063039
259,75,0.010772583065152516
259,76,0.010981177731809963
259,77,0.011188559100763032
259,78,0.011394537856275632
259,79,0.011598906474029851
259,80,0.011801438004664449
259,81,0.012001884863512086
259,82,0.012199977597071539
259,83,0.012395422711679066
259,84,0.012587897679722107
259,85,0.012777050514665333
259,86,0.012962499229441548
259,87,0.013143829866057458
259,88,0.013320594427950496
259,89,0.013492308702957197
259,90,0.013658449967132405
259,91,0.01381845459691069
259,92,0.013971715562257228
259,93,0.014117579849527872
259,94,0.014255345824148174
259,95,0.014384260553368722
259,96,0.014503517153387522
259,97,0.014612252181150524
259,98,0.01470954315219806
259,99,0.01479440623206067
259,100,0.014865794169103651
259,101,0.014922594515963894
259,102,0.014963628190449834
259,103,0.014987648354764576
259,104,0.014993339548162022
259,105,0.014979316832129944
259,106,0.01494412451704399
259,107,0.014886233665494126
259,108,0.014804037594012592
259,109,0.014695852579897252
259,110,0.014559983636254282
259,111,0.01439488838201488
259,112,0.014199124074937354
259,113,0.013971306272039205
259,114,0.013710126863170356
259,115,0.013414372603085322
259,116,0.013082944071188563
259,117,0.012714874868163153
259,118,0.012309351001001662
259,119,0.011865730538979734
259,120,0.011383563795495894
259,121,0.010862614640070907
259,122,0.010302883981780649
259,123,0.009704637122651604
259,124,0.009068437751006207
259,125,0.008395192992994167
259,126,0.007686216752648225
259,127,0.006943323615272915
259,128,0.006168974870061325
259,129,0.0053665166553865705
259,130,0.004540588267071872
259,131,0.003697862907193949
259,132,0.002848483803711483
259,133,0.002009084761251537
259,134,0.0012098442038447374
259,135,0.0005134107338150777
259,136,7.105511273259198e-05
26,1,8.164506455161231e-09
26,2,9.987281860254229e-08
26,3,3.474512907737787e-07
26,4,7.90654421834969e-07
26,5,1.4746576220770659e-06
26,6,2.453974202639425e-06
26,7,3.792194929591618e-06
26,8,5.56137937078742e-06
26,9,7.841313576546456e-06
26,10,1.071859677758247e-05
26,11,1.4285527870771479e-05
26,12,1.8638789788447163e-05
26,13,2.387795175138814e-05
26,14,3.010382554124086e-05
26,15,3.741672307073235e-05
26,16,4.591466953435983e-05
26,17,5.5691630584324346e-05
26,18,6.683581271010679e-05
26,19,7.942809454766596e-05
26,20,9.354064343565849e-05
26,21,0.00010923576588387446
26,22,0.00012656503317455762
26,23,0.00014556871481000405
26,24,0.00016627554169773437
26,25,0.00018870280938138265
26,26,0.00021285681863290616
26,27,0.0002387336374045568
26,28,0.00026632015030458774
26,29,0.0002955956939086636
26,30,0.00032653523432746144
26,31,0.00035911295575645583
26,32,0.00039330578311832197
26,33,0.00042909731265637505
26,34,0.00046648200030485656
26,35,0.0005054694324599116
26,36,0.0005460884994487896
26,37,0.000588391265092759
26,38,0.0006324563018171925
26,39,0.0006783912388478505
26,40,0.0007263342488865386
26,41,0.0007764541917291727
26,42,0.0008289491272772736
26,43,0.0008840429302933018
26,44,0.000941979776129379
26,45,0.0010030163366933616
26,46,0.0010674116487304117
26,47,0.001135414801583382
26,48,0.0012072508738526664
26,49,0.0012831059832597459
26,50,0.0013631129722315824
26,51,0.0014473402773247297
26,52,0.0015357881924838103
26,53,0.0016283994289281402
26,54,0.0017250949353892285
26,55,0.001825845469282698
26,56,0.001930722762219533
26,57,0.0020398564591184373
26,58,0.002153389167161339
26,59,0.002271470986029151
26,60,0.0023942598598841714
26,61,0.0025219219393440738
26,62,0.0026546319488611582
26,63,0.002792573560044135
26,64,0.0029359397709064214
26,65,0.0030849332853275027
26,66,0.0032397668956733764
26,67,0.0034006638610071566
26,68,0.003567858280900293
26,69,0.0037415954589210755
26,70,0.00392213225697317
26,71,0.004109737427020025
26,72,0.004304691924874862
26,73,0.004507289194226541
26,74,0.004717835417257669
26,75,0.004936649721166071
26,76,0.00516406433514214
26,77,0.005400424680241337
26,78,0.00564608938378848
26,79,0.005901430195205125
26,80,0.006166831788630285
26,81,0.006442691411476903
26,82,0.006729418367592962
26,83,0.007027422803436622
26,84,0.007337070553304479
26,85,0.007658665749529356
26,86,0.0079924833711054
26,87,0.008338779808650096
26,88,0.008697794268963775
26,89,0.009069749083241653
26,90,0.009454850292325023
26,91,0.009853288753916393
26,92,0.010265241682309958
26,93,0.01069087435875537
26,94,0.011130341633371347
26,95,0.011583788690273001
26,96,0.012051350471866082
26,97,0.012533148986293909
26,98,0.013029287666040492
26,99,0.013539841824159468
26,100,0.014064844173114535
26,101,0.014604264340478585
26,102,0.01515798125811374
26,103,0.015725747306482477
26,104,0.01630714316513033
26,105,0.016901522360166343
26,106,0.01750794469078402
26,107,0.0181250979320233
26,108,0.018751207615343653
26,109,0.019383935575057538
26,110,0.02002027115254943
26,111,0.02065640072227223
26,112,0.02128759716100695
26,113,0.021908090319469522
26,114,0.022510925992169452
26,115,0.02308782178281322
26,116,0.023629024376195348
26,117,0.02412317310784582
26,118,0.024557175545915643
26,119,0.024916101452931588
26,120,0.025183102189644105
26,121,0.025339362879978844
26,122,0.025364095105609493
26,123,0.025234578129070036
26,124,0.024926257615459413
26,125,0.024412913251109378
26,126,0.02366691308974624
26,127,0.02265958753773345
26,128,0.02136179078379758
26,129,0.01974479682554251
26,130,0.01778186231126149
26,131,0.015451237139008022
26,132,0.012742566087533658
26,133,0.00967191989325844
26,134,0.006321278939557601
26,135,0.002958607945080801
26,136,0.0004664625987541553
2628,1,0.002459530443028362
2628,2,0.011994709651091447
2628,3,0.020867285046282463
2628,4,0.02709792680564405
2628,5,0.031109895676907817
2628,6,0.03349173772657751
2628,7,0.03471390631136704
2628,8,0.03511982870161525
2628,9,0.03495498377402764
2628,10,0.03439445535799529
2628,11,0.033563565100105566
2628,12,0.03255245413408808
2628,13,0.03142624415504979
2628,14,0.03023212362764488
2628,15,0.029004321383133667
2628,16,0.027767627214006864
2628,17,0.02653990676021964
2628,18,0.02533391436683404
2628,19,0.024158611403227902
2628,20,0.023020132996391794
2628,21,0.02192250251235807
2628,22,0.02086816350630611
2628,23,0.019858378420332754
2628,24,0.018893529254547223
2628,25,0.017973345513593385
2628,26,0.017097077828600763
2628,27,0.016263630664069273
2628,28,0.015471664017884662
2628,29,0.014719669447565366
2628,30,0.014006018278065187
2628,31,0.01332900401483561
2628,32,0.012686881927452473
2628,33,0.01207790076123095
2628,34,0.011500327185495087
2628,35,0.010952464600281653
2628,36,0.01043266741577837
2628,37,0.00993935164725895
2628,38,0.009471002456202752
2628,39,0.009026179151004088
2628,40,0.008603518056716386
2628,41,0.008201733626106877
2628,42,0.007819618091040051
2628,43,0.00745603993618783
2628,44,0.0071099414438848645
2628,45,0.006780335533579579
2628,46,0.006466302092249728
2628,47,0.006166983975263151
2628,48,0.005881582820864711
2628,49,0.005609354815463063
2628,50,0.005349606511703193
2628,51,0.005101690771481936
2628,52,0.004865002913493084
2628,53,0.004638977090030044
2628,54,0.0044230829283615075
2628,55,0.004216822451574005
2628,56,0.004019727340953682
2628,57,0.0038313565568838122
2628,58,0.0036512941641960875
2628,59,0.0034791473380796213
2628,60,0.003314544597173925
2628,61,0.0031571342487308443
2628,62,0.003006583022063671
2628,63,0.002862574864789243
2628,64,0.002724809879307092
2628,65,0.0025930033840596087
2628,66,0.002466885070847535
2628,67,0.002346198251092823
2628,68,0.002230699171731318
2628,69,0.0021201563881675053
2628,70,0.0020143501833935
2628,71,0.0019130720286516564
2628,72,0.001816124070705793
2628,73,0.0017233186472191966
2628,74,0.0016344778212996412
2628,75,0.0015494329318690805
2628,76,0.0014680241589717336
2628,77,0.0013901001008152663
2628,78,0.0013155173599350186
2628,79,0.0012441401386015629
2628,80,0.0011758398456365893
2628,81,0.0011104947065718788
2628,82,0.0010479893877418712
2628,83,0.0009882169328656652
2628,84,0.0009310902990478028
2628,85,0.0008765474362212453
2628,86,0.0008245346751598594
2628,87,0.0007749948519068657
2628,88,0.0007278630103149498
2628,89,0.0006830652591816216
2628,90,0.0006405191931108055
2628,91,0.0006001351838678101
2628,92,0.0005618181689345984
2628,93,0.0005254696871552844
2628,94,0.0004909899831659225
2628,95,0.00045828003893392454
2628,96,0.0004272434279293413
2628,97,0.0003977879176502012
2628,98,0.00036982676798573557
2628,99,0.0003432797024616739
2628,100,0.0003180735453703572
2628,101,0.0002941425386888809
2628,102,0.00027142836085284694
2628,103,0.00024987988507503106
2628,104,0.00022945271555753095
2628,105,0.00021010854755581588
2628,106,0.0001918143947700948
2628,107,0.00017454172892205402
2628,108,0.00015826557158610873
2628,109,0.00014296357583683974
2628,110,0.00012861513081225114
2628,111,0.00011520052154318693
2628,112,0.0001027001801829707
2628,113,9.10940244443257e-05
2628,114,8.036087842290859e-05
2628,115,7.047798892227732e-05
2628,116,6.142065049417773e-05
2628,117,5.316194383669111e-05
2628,118,4.5672591422067704e-05
2628,119,3.892092668381811e-05
2628,120,3.287297199899351e-05
2628,121,2.7492614922154022e-05
2628,122,2.2741871905844434e-05
2628,123,1.8581224382349785e-05
2628,124,1.4970012138143422e-05
2628,125,1.1866867478792046e-05
2628,126,9.230173749025694e-06
2628,127,7.01853150897946e-06
2628,128,5.191216537058674e-06
2628,129,3.7086136692932342e-06
2628,130,2.5326091076254875e-06
2628,131,1.6269174210913877e-06
2628,132,9.573009561731373e-07
2628,133,4.915819114146613e-07
2628,134,1.9916552699914614e-07
2628,135,4.9127478003559643e-08
2628,136,3.006843085845427e-09
2633,1,0.008596907894171698
2633,2,0.028590596484484976
2633,3,0.04036064929320845
2633,4,0.04619733843585176
2633,5,0.048614866139385426
2633,6,0.049014400068025696
2633,7,0.04819529016507126
2633,8,0.04663606430064027
2633,9,0.04463514231696394
2633,10,0.04238437679807865
2633,11,0.040009671735222914
2633,12,0.03759460906993146
2633,13,0.03519483099377806
2633,14,0.03284714169913065
2633,15,0.030575456467748702
2633,16,0.028394792309291234
2633,17,0.026313998690216566
2633,18,0.02433765299351935
2633,19,0.02246738824862843
2633,20,0.020702827376936912
2633,21,0.019042240774230453
2633,22,0.017483007561891143
2633,23,0.016021936858714107
2633,24,0.014655489248753114
2633,25,0.013379927360740604
2633,26,0.01219141648484916
2633,27,0.011086090447351152
2633,28,0.010237246334352957
2633,29,0.009832044758178123
2633,30,0.009432527399136368
2633,31,0.009039445420937115
2633,32,0.008653461936905537
2633,33,0.008275158287878163
2633,34,0.007905039500129872
2633,35,0.007543539154829771
2633,36,0.0071910238888743365
2633,37,0.006847797685307782
2633,38,0.006514106078958131
2633,39,0.006190140329513025
2633,40,0.005876041608231422
2633,41,0.0055719051767764895
2633,42,0.005277784552669777
2633,43,0.004993695614546887
2633,44,0.0047196206052410065
2633,45,0.0044555119906223815
2633,46,0.004201296122921256
2633,47,0.003956876674395921
2633,48,0.0037221378090626285
2633,49,0.003496947061460417
2633,50,0.0032811579098559027
2633,51,0.0030746120359977543
2633,52,0.002877141262683579
2633,53,0.0026885691722891877
2633,54,0.0025087123904691468
2633,55,0.0023425751588213393
2633,56,0.002228387856066615
2633,57,0.0021168775822379996
2633,58,0.002008155656767497
2633,59,0.0019023204745557355
2633,60,0.001799458209427512
2633,61,0.0016996434361045594
2633,62,0.0016029396743883883
2633,63,0.0015093998683555889
2633,64,0.0014190668063297578
2633,65,0.0013319734908596574
2633,66,0.0012481434678597982
2633,67,0.0011675911259122328
2633,68,0.0010903219694684589
2633,69,0.001016332877813036
2633,70,0.0009456123558479993
2633,71,0.0008781407820860173
2633,72,0.0008138906605767035
2633,73,0.0007528268824467199
2633,74,0.0006949069997685622
2633,75,0.0006400815157635013
2633,76,0.000588294195754489
2633,77,0.0005394823988309127
2633,78,0.0004935774331870467
2633,79,0.0004505049358973539
2633,80,0.0004101852768827525
2633,81,0.0003725339867148522
2633,82,0.0003374622088414017
2633,83,0.0003158907036812625
2633,84,0.00029617127452799465
2633,85,0.0002770249330229447
2633,86,0.00025848929976358953
2633,87,0.000240597541256312
2633,88,0.00022337838018398563
2633,89,0.00020685603695574435
2633,90,0.00019105015360911274
2633,91,0.00017597573505280943
2633,92,0.00016164312993065664
2633,93,0.0001480580661231949
2633,94,0.00013522175067586642
2633,95,0.00012313103694052262
2633,96,0.0001117786559950914
2633,97,0.00010115350586892719
2633,98,9.124098739742202e-05
2633,99,8.202337485128598e-05
2633,100,7.348020642620529e-05
2633,101,6.558868227967847e-05
2633,102,5.832405648579888e-05
2633,103,5.1660013637879674e-05
2633,104,4.556902119656974e-05
2633,105,4.002265287452245e-05
2633,106,3.499187936091045e-05
2633,107,3.0447326679758926e-05
2633,108,2.6359502858362578e-05
2633,109,2.269899598250476e-05
2633,110,1.972759846932897e-05
2633,111,1.7155177942393877e-05
2633,112,1.482730321423499e-05
2633,113,1.2732145645567087e-05
2633,114,1.0857305327371511e-05
2633,115,9.189911328813228e-06
2633,116,7.71672376856091e-06
2633,117,6.4242396999838884e-06
2633,118,5.298803422954505e-06
2633,119,4.326721408542823e-06
2633,120,3.4943808317661586e-06
2633,121,2.788370065152759e-06
2633,122,2.1955986198696707e-06
2633,123,1.703413553835728e-06
2633,124,1.29970903558582e-06
2633,125,9.730257231019242e-07
2633,126,7.126367661281441e-07
2633,127,5.086176811647555e-07
2633,128,3.5189796438785723e-07
2633,129,2.342929651740692e-07
2633,130,1.4851535713961602e-07
2633,131,8.816604214287067e-08
2633,132,4.7704496482167676e-08
2633,133,2.2397547994756212e-08
2633,134,8.240973534736896e-09
2633,135,1.8315775743116745e-09
2633,136,1.0034456998721928e-10
2636,1,6.103286724280727e-07
2636,2,5.348812930118805e-06
2636,3,1.517071936917512e-05
2636,4,2.999874862520268e-05
2636,5,5.018495470621377e-05
2636,6,7.624905351644575e-05
2636,7,0.00010875391999839452
2636,8,0.00014824096599697442
2636,9,0.00019518921315443032
2636,10,0.00024998676600578804
2636,11,0.0003129111249198561
2636,12,0.00038411723141516796
2636,13,0.00046363279595868894
2636,14,0.0005513604577400455
2636,15,0.0006470860879789642
2636,16,0.0007504922699925165
2636,17,0.0008611757583331052
2636,18,0.0009786675859323978
2636,19,0.0011024544581282863
2636,20,0.0012320001503720234
2636,21,0.0013667657844336333
2636,22,0.0015062280799633017
2636,23,0.001649894925467814
2636,24,0.0017973178634999763
2636,25,0.0019481013241832766
2636,26,0.002101908635632675
2636,27,0.002258464999912066
2636,28,0.002417557730637224
2636,29,0.0025790343002967137
2636,30,0.002742798769290668
2636,31,0.0029088058198741278
2636,32,0.0030770532356450757
2636,33,0.0032475732798520384
2636,34,0.0034204231466382394
2636,35,0.003595674706012867
2636,36,0.0037734038024941794
2636,37,0.003953679360379291
2636,38,0.0041365525835531484
2636,39,0.004322046552130407
2636,40,0.004510146550542803
2636,41,0.004700791498320662
2636,42,0.004893866894356294
2636,43,0.005089199715330196
2636,44,0.005286555752287835
2636,45,0.005485639931084178
2636,46,0.005686100189337403
2636,47,0.005887535617214611
2636,48,0.006089509685037141
2636,49,0.006291569627051993
2636,50,0.006493273430642385
2636,51,0.00669422639772316
2636,52,0.006894129837393528
2636,53,0.007092843848614387
2636,54,0.007290456839100498
2636,55,0.00748727654699965
2636,56,0.007683514934440949
2636,57,0.007879186929318731
2636,58,0.008074256780069048
2636,59,0.008268691121367187
2636,60,0.008462457773659024
2636,61,0.00865552453374467
2636,62,0.008847857963769155
2636,63,0.009039422182724506
2636,64,0.00923017766281553
2636,65,0.009420080032158716
2636,66,0.009609078888661714
2636,67,0.009797116620024042
2636,68,0.009984127239729702
2636,69,0.010170035221823267
2636,70,0.010354754350737206
2636,71,0.010538186575694414
2636,72,0.010720220857632875
2636,73,0.010900732029863129
2636,74,0.011079579638579477
2636,75,0.011256606791958198
2636,76,0.011431638980836642
2636,77,0.011604482899884909
2636,78,0.011774925245829211
2636,79,0.011942731491932364
2636,80,0.012107644645155227
2636,81,0.012269383976015208
2636,82,0.012427643713887453
2636,83,0.012582088981868886
2636,84,0.012732343483353852
2636,85,0.012877983703088063
2636,86,0.013018548412905423
2636,87,0.013153541062423179
2636,88,0.013282429400211567
2636,89,0.013404645004764766
2636,90,0.013519583159133628
2636,91,0.013626603206108319
2636,92,0.013725029441551675
2636,93,0.013814152578373626
2636,94,0.013893231779552088
2636,95,0.013961497232202922
2636,96,0.014018153249821239
2636,97,0.014062381791883228
2636,98,0.014093346323703352
2636,99,0.014110195888625447
2636,100,0.014112069205855579
2636,101,0.014098098663544188
2636,102,0.014067413959460356
2636,103,0.014019145239279433
2636,104,0.013952425491869452
2636,105,0.01386639207583496
2636,106,0.013760187213879534
2636,107,0.013632957611262474
2636,108,0.013483854104551654
2636,109,0.013312037124360892
2636,110,0.013116705854341514
2636,111,0.01289713702284042
2636,112,0.01265264351245867
2636,113,0.012382557443917575
2636,114,0.0120862311564235
2636,115,0.011763040569202233
2636,116,0.011412392099516505
2636,117,0.011033734335696242
2636,118,0.0106265757934499
2636,119,0.010190510028739308
2636,120,0.009725249334968192
2636,121,0.009230668054412883
2636,122,0.008706856352441863
2636,123,0.008154185084659775
2636,124,0.007573382269211291
2636,125,0.006965621913140919
2636,126,0.006332626890263709
2636,127,0.005676790030033644
2636,128,0.005001323216936168
2636,129,0.004310456430579517
2636,130,0.00360973509426569
2636,131,0.0029065236171204366
2636,132,0.0022109654825763106
2636,133,0.0015380225527722269
2636,134,0.0009123086437984341
2636,135,0.0003811186752779935
2636,136,5.2205404493162874e-05
2638,1,2.6935003738749483e-09
2638,2,4.195870765447428e-08
2638,3,1.6598081364615897e-07
2638,4,4.032514091600765e-07
2638,5,7.761878138864052e-07
2638,6,1.3072854768552363e-06
2638,7,2.0209721428123065e-06
2638,8,2.9443486329129827e-06
2638,9,4.10758693927472e-06
2638,10,5.544214906281518e-06
2638,11,7.291365186064401e-06
2638,12,9.390016473386931e-06
2638,13,1.188523455378058e-05
2638,14,1.4826412933301488e-05
2638,15,1.826750694205916e-05
2638,16,2.2267251446931312e-05
2638,17,2.688935056747905e-05
2638,18,3.220262206290622e-05
2638,19,3.828108087040938e-05
2638,20,4.5203938426910724e-05
2638,21,5.3055497642324836e-05
2638,22,6.19249169415137e-05
2638,23,7.190581828511665e-05
2638,24,8.309571239908447e-05
2638,25,9.559521317519226e-05
2638,26,0.00010950701690647232
2638,27,0.00012493461861177082
2638,28,0.00014037741485701418
2638,29,0.00015317317172175806
2638,30,0.00016678663285411673
2638,31,0.0001812693175587317
2638,32,0.00019667666588160142
2638,33,0.0002130682902621756
2638,34,0.00023050827624472442
2638,35,0.00024906547994447655
2638,36,0.00026881382601080784
2638,37,0.0002898326101384924
2638,38,0.0003122068025940898
2638,39,0.0003360273551768418
2638,40,0.0003613915030408552
2638,41,0.0003884030582119735
2638,42,0.0004171726886486142
2638,43,0.00044781817605144886
2638,44,0.0004804646425977795
2638,45,0.0005152447403023443
2638,46,0.0005522987922218932
2638,47,0.0005917748747457811
2638,48,0.0006338288310379858
2638,49,0.0006786242007487287
2638,50,0.000726332051838152
2638,51,0.000777130702009229
2638,52,0.0008312053066691145
2638,53,0.0008887472999318005
2638,54,0.0009499536644519238
2638,55,0.00101396739356431
2638,56,0.0010720167680422802
2638,57,0.0011334219874483702
2638,58,0.0011984009446817903
2638,59,0.0012671832148582346
2638,60,0.0013400102146393052
2638,61,0.0014171352855364132
2638,62,0.0014988236832171203
2638,63,0.0015853524614003348
2638,64,0.0016770102209024585
2638,65,0.0017740967112830658
2638,66,0.0018769222526791888
2638,67,0.0019858069512423402
2638,68,0.0021010796865550585
2638,69,0.0022230768279415856
2638,70,0.0023521406571396586
2638,71,0.0024886174517243813
2638,72,0.00263285520257301
2638,73,0.002785200919548917
2638,74,0.0029459974887468573
2638,75,0.0031155800529017665
2638,76,0.0032942718608488463
2638,77,0.003482379572846976
2638,78,0.0036801879810983676
2638,79,0.003887954120164388
2638,80,0.004105900764042994
2638,81,0.004334209292958404
2638,82,0.004573011939447859
2638,83,0.004798615045919845
2638,84,0.0050331648667579516
2638,85,0.005279663380789251
2638,86,0.0055384860620985325
2638,87,0.005810063106635712
2638,88,0.006094864524258243
2638,89,0.006393390522664472
2638,90,0.006706165700260901
2638,91,0.0070337355219422274
2638,92,0.00737666416234881
2638,93,0.007735533136224606
2638,94,0.008110940321317149
2638,95,0.008503499049079053
2638,96,0.008913836956573546
2638,97,0.009342594254408577
2638,98,0.009790421051581566
2638,99,0.010257973300828446
2638,100,0.010745906859228377
2638,101,0.01125486910436738
2638,102,0.011785487456016713
2638,103,0.012338354084306582
2638,104,0.012914006023771277
2638,105,0.013512899850585606
2638,106,0.014135380054645236
2638,107,0.014781640170066727
2638,108,0.015451675796347828
2638,109,0.0161452285933305
2638,110,0.01688719321870647
2638,111,0.017672045268325255
2638,112,0.018490724284906557
2638,113,0.019343022912410256
2638,114,0.02022814457150681
2638,115,0.02114455143147966
2638,116,0.02208978608825487
2638,117,0.02306026307731119
2638,118,0.024051025167517646
2638,119,0.025055457364694316
2638,120,0.02606494823742126
2638,121,0.027068482803711432
2638,122,0.028052142428801906
2638,123,0.028998472846615487
2638,124,0.029885657905535302
2638,125,0.03068639750729598
2638,126,0.031366321762010534
2638,127,0.03188165799685486
2638,128,0.0321756603961269
2638,129,0.032172928081667364
2638,130,0.03176999525865785
2638,131,0.03081907974148246
2638,132,0.029098733919274797
2638,133,0.02625847457942532
2638,134,0.02171238443267656
2638,135,0.01447289573942066
2638,136,0.004043847683998923
264,1,0.0009837187683610976
264,2,0.004572625951566919
264,3,0.008158113788197982
264,4,0.011127671508095589
264,5,0.013518909778926343
264,6,0.015428750314759262
264,7,0.016942697010125858
264,8,0.01812809141036562
264,9,0.01903715036489497
264,10,0.019710753157741717
264,11,0.02018147386018086
264,12,0.02047579902113992
264,13,0.020615713985053005
264,14,0.02061983681062065
264,15,0.02050423417338769
264,16,0.020283013387858838
264,17,0.01996875518944555
264,18,0.019572831689504553
264,19,0.019105640345861763
264,20,0.018576775676514237
264,21,0.01799515434054452
264,22,0.01736910501541431
264,23,0.01670643165041031
264,24,0.016014456602350065
264,25,0.015300048756435074
264,26,0.01456964060245816
264,27,0.013829237455924683
264,28,0.013349745663149415
264,29,0.0134697555015952
264,30,0.0135609563071747
264,31,0.013624162111772012
264,32,0.013660181010649633
264,33,0.013669801019070671
264,34,0.013653800174650014
264,35,0.013612956020313892
264,36,0.013548052588902432
264,37,0.013459885536091626
264,38,0.013349266118425948
264,39,0.01321702444545777
264,40,0.01306401228713643
264,41,0.012891105520894397
264,42,0.012699206258672607
264,43,0.01248924461231089
264,44,0.012262180053958684
264,45,0.01201900227266925
264,46,0.011760731498312872
264,47,0.011488418206748924
264,48,0.011203142170651815
264,49,0.010906010829347616
264,50,0.010598156979013769
264,51,0.010280735775898303
264,52,0.00995492109684309
264,53,0.009621901304276329
264,54,0.009282874455109866
264,55,0.008961382463896328
264,56,0.008831638677062294
264,57,0.008688720119501106
264,58,0.008533287723194888
264,59,0.008366044271822992
264,60,0.008187730133236334
264,61,0.007999118849398947
264,62,0.007801012620747432
264,63,0.0075942377293236425
264,64,0.007379639949790211
264,65,0.007158079958351857
264,66,0.006930428782940125
264,67,0.006697563320554484
264,68,0.0064603619271894315
264,69,0.00621970010264872
264,70,0.005976446290461576
264,71,0.005731457790325553
264,72,0.005485576803636841
264,73,0.00523962660956854
264,74,0.0049944078977470704
264,75,0.0047506952449737965
264,76,0.004509233766402899
264,77,0.004270735942851394
264,78,0.00403587863542983
264,79,0.0038053003118701596
264,80,0.003579598490011521
264,81,0.0033593274271654073
264,82,0.0031449960586241625
264,83,0.00305221074041274
264,84,0.0029681666819552813
264,85,0.002879697609755512
264,86,0.0027871532037089253
264,87,0.0026910169460532653
264,88,0.002591851620000312
264,89,0.002490256737993099
264,90,0.002386838108114768
264,91,0.0022821866618622216
264,92,0.002176864212686949
264,93,0.0020713944673670793
264,94,0.0019662580667322493
264,95,0.0018618907057523038
264,96,0.0017586835595508913
264,97,0.0016569853696959433
264,98,0.0015571056394747026
264,99,0.0014593184675920706
264,100,0.001363866630199644
264,101,0.0012709655886326769
264,102,0.0011808071810902579
264,103,0.001093562818440859
264,104,0.0010093860620813437
264,105,0.0009284145364620767
264,106,0.0008507711556167297
264,107,0.0007765647075497234
264,108,0.0007058898570417925
264,109,0.0006388266615038557
264,110,0.0005845669987470514
264,111,0.0005359689399438282
264,112,0.0004889363384227226
264,113,0.0004436386961091677
264,114,0.0004002346131196969
264,115,0.0003588692625790139
264,116,0.000319671874141597
264,117,0.0002827533297929411
264,118,0.0002482039724224934
264,119,0.00021609172823669787
264,120,0.00018646063141394034
264,121,0.00015932982945767902
264,122,0.00013469313477914297
264,123,0.00011251916587528485
264,124,9.275210545580137e-05
264,125,7.531307893522465e-05
264,126,6.010213765878913e-05
264,127,4.7000810928966336e-05
264,128,3.587517748858079e-05
264,129,2.6579402844583298e-05
264,130,1.895969818419709e-05
264,131,1.285869959913016e-05
264,132,8.120359441155156e-06
264,133,4.59563717222499e-06
264,134,2.1495952108761306e-06
264,135,6.701985689237883e-07
264,136,6.225217776385167e-08
2641,1,0.0009748166292256584
2641,2,0.005572694546567981
2641,3,0.010861682861253889
2641,4,0.015377483578540086
2641,5,0.018951441489404135
2641,6,0.021681644135715133
2641,7,0.023708822149693925
2641,8,0.025163351201478782
2641,9,0.026154528268267713
2641,10,0.02677107164516474
2641,11,0.027084287970932812
2641,12,0.027151437277619705
2641,13,0.027018638608641184
2641,14,0.0267232154526168
2641,15,0.026295541388261998
2641,16,0.025760480021246018
2641,17,0.025138507372346283
2641,18,0.024446589191042926
2641,19,0.023698869887212554
2641,20,0.02290721633338704
2641,21,0.022081649432860787
2641,22,0.0212306883373132
2641,23,0.020361626168995388
2641,24,0.0194807516645069
2641,25,0.018593527776251628
2641,26,0.017704735697030155
2641,27,0.01681859095668587
2641,28,0.016125219397270223
2641,29,0.015838437664245038
2641,30,0.015515767865702674
2641,31,0.015167483592132108
2641,32,0.01480134164779325
2641,33,0.014422572508695476
2641,34,0.014034954623018068
2641,35,0.013641362734061245
2641,36,0.013244061958493572
2641,37,0.012844879169838794
2641,38,0.012445310714431971
2641,39,0.012046594719897554
2641,40,0.011649762378213066
2641,41,0.011255676063807602
2641,42,0.010865058742235091
2641,43,0.010478517384453693
2641,44,0.010096562055199697
2641,45,0.009719621766869184
2641,46,0.009348057853181876
2641,47,0.008982175341998695
2641,48,0.008622232722480904
2641,49,0.008268450356236624
2641,50,0.007921017729926554
2641,51,0.0075800997245171
2641,52,0.007245841988316593
2641,53,0.0069183755442607285
2641,54,0.006597820673822384
2641,55,0.006293813097599576
2641,56,0.006079146394646862
2641,57,0.005865508703120309
2641,58,0.005653202608886354
2641,59,0.0054425094357649206
2641,60,0.005233691639586953
2641,61,0.005026995020945764
2641,62,0.004822650764321542
2641,63,0.004620877289103137
2641,64,0.00442188190724003
2641,65,0.004225862287130564
2641,66,0.004033007718236391
2641,67,0.003843500170656481
2641,68,0.003657515155703077
2641,69,0.003475222381879204
2641,70,0.0032967862081030998
2641,71,0.0031223659003019395
2641,72,0.002952115691802984
2641,73,0.002786184654948002
2641,74,0.0026247163921954133
2641,75,0.00246784855696314
2641,76,0.002315712213009294
2641,77,0.002168431054222089
2641,78,0.0020261204924404527
2641,79,0.0018888866422482097
2641,80,0.0017568252201342195
2641,81,0.0016300203820856284
2641,82,0.001508543533354003
2641,83,0.001437451959507071
2641,84,0.0013837679535600093
2641,85,0.0013373029959534868
2641,86,0.0012935075127806193
2641,87,0.0012501198976537843
2641,88,0.0012060134772457047
2641,89,0.0011606577117794243
2641,90,0.001113857834124611
2641,91,0.0010656189757165214
2641,92,0.0010160701095948777
2641,93,0.000965418735695028
2641,94,0.0009139222695358261
2641,95,0.0008618689345179648
2641,96,0.000809564277012347
2641,97,0.0007573211350209448
2641,98,0.0007054518095660641
2641,99,0.0006542617067800126
2641,100,0.000604044022044603
2641,101,0.00055507521666244
2641,102,0.0005076111476028254
2641,103,0.0004618837814005483
2641,104,0.00041809846417981903
2641,105,0.0003764317423773152
2641,106,0.0003370297441949115
2641,107,0.0003000071343055785
2641,108,0.0002654466518322172
2641,109,0.00023339923592114316
2641,110,0.00020651507916564336
2641,111,0.00018254682087451692
2641,112,0.00016028077195841066
2641,113,0.00013974527606749643
2641,114,0.00012094594768293812
2641,115,0.00010386695065918203
2641,116,8.847264292746477e-05
2641,117,7.470954018981345e-05
2641,118,6.250854206202125e-05
2641,119,5.178735598483059e-05
2641,120,4.2453048868813105e-05
2641,121,3.4404654159427796e-05
2641,122,2.7535760801503156e-05
2641,123,2.1737015073156206e-05
2641,124,1.6898470406157806e-05
2641,125,1.2911729926827974e-05
2641,126,9.671836070931892e-06
2641,127,7.078873913783392e-06
2641,128,5.03926782156186e-06
2641,129,3.466763758147198e-06
2641,130,2.283102014971746e-06
2641,131,1.4183948855618958e-06
2641,132,8.112284700878094e-07
2641,133,4.084971101136385e-07
2641,134,1.6491292697455668e-07
2641,135,4.180709412565265e-08
2641,136,2.7925672722678613e-09
2649,1,2.6939002034453358e-06
2649,2,2.9091786772469914e-05
2649,3,9.013597188275696e-05
2649,4,0.00018298226652436938
2649,5,0.0003045364450815029
2649,6,0.00045230384663767304
2649,7,0.00062411384834064
2649,8,0.0008179192043483954
2649,9,0.001031695302771894
2649,10,0.001263402147983417
2649,11,0.001510982181056372
2649,12,0.0017723775168837748
2649,13,0.002045556571558973
2649,14,0.0023285437608977426
2649,15,0.00261944822562931
2649,16,0.002916488940937499
2649,17,0.003218014658046972
2649,18,0.003522517816649535
2649,19,0.0038286422488804837
2649,20,0.00413518490490014
2649,21,0.00444109225173834
2649,22,0.004745452223236714
2649,23,0.005047482757481835
2649,24,0.005346518014948672
2649,25,0.005641993350967178
2649,26,0.005933430031144275
2649,27,0.006220420491783608
2649,28,0.006502614819172081
2649,29,0.006779712846816158
2649,30,0.007051462058438777
2649,31,0.007317642868663167
2649,32,0.007578057684249387
2649,33,0.007832525431874446
2649,34,0.008080878369353783
2649,35,0.008322960379192024
2649,36,0.00855862645932145
2649,37,0.00878774314632519
2649,38,0.009010189578346189
2649,39,0.009225858921653767
2649,40,0.00943465989344744
2649,41,0.00963651814299954
2649,42,0.009831377264187728
2649,43,0.010019199309514022
2649,44,0.010199964664064734
2649,45,0.010373671249425755
2649,46,0.010540333035174517
2649,47,0.010699977918523156
2649,48,0.010852645056560733
2649,49,0.010998381782327992
2649,50,0.011137240206965673
2649,51,0.011269273693201928
2649,52,0.01139453322862978
2649,53,0.011513063766999735
2649,54,0.011624900434250709
2649,55,0.011730064637571928
2649,56,0.011828562918811219
2649,57,0.011920391368079512
2649,58,0.0120055420408434
2649,59,0.01208400423318212
2649,60,0.012155764541042849
2649,61,0.012220806821447721
2649,62,0.012279112022686903
2649,63,0.012330657922902414
2649,64,0.012375418788879199
2649,65,0.012413364962470816
2649,66,0.012444462431521898
2649,67,0.012468672372008835
2649,68,0.012485950726906362
2649,69,0.012496247812386393
2649,70,0.012499508001070301
2649,71,0.012495669482620998
2649,72,0.012484664135175011
2649,73,0.012466417510092063
2649,74,0.012440848940732791
2649,75,0.012407871800476434
2649,76,0.0123673938964165
2649,77,0.012319318015540457
2649,78,0.012263542627781412
2649,79,0.012199962743514588
2649,80,0.0121284709393101
2649,81,0.012048958543330369
2649,82,0.011961316990876596
2649,83,0.011865432706919622
2649,84,0.011761180931541354
2649,85,0.011648455507810627
2649,86,0.011527207954082878
2649,87,0.011397447873306729
2649,88,0.011259236545715373
2649,89,0.011112679043006928
2649,90,0.010957915092048258
2649,91,0.01079510887695654
2649,92,0.0106244381804315
2649,93,0.01044608345404689
2649,94,0.01026021751505568
2649,95,0.01006699656447619
2649,96,0.00986655317507872
2649,97,0.0096589917895191
2649,98,0.009444387071446408
2649,99,0.009222785315759102
2649,100,0.008994208871481302
2649,101,0.008758663394957844
2649,102,0.008516147551868962
2649,103,0.008266664684769042
2649,104,0.00801023587369211
2649,105,0.0077469137778271744
2649,106,0.007476796646327285
2649,107,0.007200041948012887
2649,108,0.006916879110133322
2649,109,0.006627620963540395
2649,110,0.0063326734206669
2649,111,0.006032542091464423
2649,112,0.005727835332214975
2649,113,0.005419269203006097
2649,114,0.005107671469886443
2649,115,0.004793983134412985
2649,116,0.004479257242980363
2649,117,0.004164654745115128
2649,118,0.003851437160526903
2649,119,0.0035409558086384476
2649,120,0.0032346373673999475
2649,121,0.0029339655762798734
2649,122,0.002640458993192088
2649,123,0.002355644899817092
2649,124,0.002081029693943194
2649,125,0.0018180664713555014
2649,126,0.001568120961460645
2649,127,0.001332437592181997
2649,128,0.0011121083258052774
2649,129,0.0009080483010258729
2649,130,0.0007209849836375917
2649,131,0.0005514735084030489
2649,132,0.0003999661296930968
2649,133,0.00026700752029654076
2649,134,0.00015377279551244524
2649,135,6.374499822804267e-05
2649,136,8.961748395870276e-06
265,1,4.658976138572459e-07
265,2,4.653250395946733e-06
265,3,1.3711424595181945e-05
265,4,2.688042733736515e-05
265,5,4.36400198053309e-05
265,6,6.373088410515824e-05
265,7,8.706667798005468e-05
265,8,0.00011367912516142931
265,9,0.00014368664894331946
265,10,0.0001772764275361346
265,11,0.0002146941227837199
265,12,0.00025623816751098257
265,13,0.00030225687771766606
265,14,0.0003531473850307623
265,15,0.00040935578231953963
265,16,0.000471378083852374
265,17,0.0005397617289367933
265,18,0.0006151074177084477
265,19,0.0006980711070587706
265,20,0.000789366005675043
265,21,0.0008897644128338411
265,22,0.0010000992416917057
265,23,0.0011212650500141154
265,24,0.0012542184004123028
265,25,0.0013999773384108655
265,26,0.001559619774064481
265,27,0.0017342805297241239
265,28,0.0018839991313122856
265,29,0.0019444464710242798
265,30,0.0020064493330434743
265,31,0.0020703678759177325
265,32,0.0021365454560970743
265,33,0.002205316102988783
265,34,0.0022770100650607666
265,35,0.002351957452480406
265,36,0.0024304908903355436
265,37,0.002512947653665665
265,38,0.0025996715029064383
265,39,0.0026910143369033293
265,40,0.0027873377136730104
265,41,0.0028890142697452653
265,42,0.0029964290396705196
265,43,0.0031099806759551413
265,44,0.003230082551262568
265,45,0.0033571637388716997
265,46,0.003491669827341407
265,47,0.0036340635630529665
265,48,0.003784825269391435
265,49,0.0039444530217149845
265,50,0.004113462518959585
265,51,0.004292386624715444
265,52,0.0044817745081018705
265,53,0.004682190338847089
265,54,0.004894211482559595
265,55,0.005106979120997411
265,56,0.005226238658882944
265,57,0.005352751660733415
265,58,0.005486866214876403
265,59,0.005628940150761825
265,60,0.005779340476586336
265,61,0.005938442503609236
265,62,0.00610662865168492
265,63,0.006284286879632678
265,64,0.00647180873385048
265,65,0.006669586942768874
265,66,0.006878012551418566
265,67,0.007097471522598852
265,68,0.00732834078562793
265,69,0.007570983670894729
265,70,0.007825744692766437
265,71,0.008092943639700848
265,72,0.008372868936320221
265,73,0.008665770232172337
265,74,0.008971850205117057
265,75,0.009291255551915466
265,76,0.009624067169260944
265,77,0.009970289530895725
265,78,0.01032983927938817
265,79,0.010702533096609878
265,80,0.01108807490004119
265,81,0.01148604247508408
265,82,0.011895873650949929
265,83,0.01205880584133331
265,84,0.012199734315289642
265,85,0.0123468481546197
265,86,0.01250029947869844
265,87,0.012660433666421457
265,88,0.012827642991160479
265,89,0.01300228279999977
265,90,0.01318461702479152
265,91,0.013374778358377089
265,92,0.013572736513942182
265,93,0.013778271453974191
265,94,0.013990950141670906
265,95,0.014210106121363517
265,96,0.01443482168264475
265,97,0.01466391258186057
265,98,0.014895915421574518
265,99,0.015129077937913588
265,100,0.01536135245770614
265,101,0.015590392941553432
265,102,0.01581355602942024
265,103,0.01602790659223125
265,104,0.01623022836794442
265,105,0.01641704026313557
265,106,0.01658461895288133
265,107,0.01672902838584659
265,108,0.01684615677895955
265,109,0.016931761588846496
265,110,0.016905847968303342
265,111,0.016814488999995342
265,112,0.01668798282623305
265,113,0.016523124905173207
265,114,0.016316863179976653
265,115,0.01606635941313304
265,116,0.015769052465269297
265,117,0.015422721834528676
265,118,0.015025549342574832
265,119,0.014576176427502533
265,120,0.014073754023926053
265,121,0.013517981567061273
265,122,0.012909131175796064
265,123,0.012248052563011303
265,124,0.011536153786022322
265,125,0.010775352388739319
265,126,0.009967991106363837
265,127,0.0091167120262963
265,128,0.008224283898118667
265,129,0.007293381109551356
265,130,0.00632632683876015
265,131,0.005324859100844964
265,132,0.004290133529334738
265,133,0.0032237334922032342
265,134,0.002132728520049555
265,135,0.0010532880662133836
265,136,0.00018820709089221145
2653,1,1.2891451669359894e-07
2653,2,1.6440574216435562e-06
2653,3,5.7329243954042705e-06
2653,4,1.274531424306857e-05
2653,5,2.2886271268118683e-05
2653,6,3.6352593320124944e-05
2653,7,5.334955925745215e-05
2653,8,7.409084264929666e-05
2653,9,9.87965892833674e-05
2653,10,0.00012769230515413134
2653,11,0.00016100887799186552
2653,12,0.00019898359513924544
2653,13,0.00024186194720194454
2653,14,0.00028990002368935137
2653,15,0.0003433673373164949
2653,16,0.0004025499305079166
2653,17,0.0004677536417775067
2653,18,0.0005393074059602764
2653,19,0.000617566475703633
2653,20,0.0007029154336204743
2653,21,0.0007957708576522988
2653,22,0.0008965834814559099
2653,23,0.001005839673340681
2653,24,0.0011240620167432165
2653,25,0.0012518087574072084
2653,26,0.0013896718393292373
2653,27,0.0015382732160446097
2653,28,0.0016693949427573475
2653,29,0.0017379491141463431
2653,30,0.001807826603751765
2653,31,0.0018794241334774385
2653,32,0.0019531457172805066
2653,33,0.0020293986640355192
2653,34,0.002108589685681032
2653,35,0.002191121043629231
2653,36,0.002277386686364456
2653,37,0.002367768343948214
2653,38,0.002462631580124233
2653,39,0.002562321815950678
2653,40,0.0026671603663001565
2653,41,0.002777440559175108
2653,42,0.002893424026065798
2653,43,0.0030153372812738587
2653,44,0.003143368746325971
2653,45,0.003277666392653291
2653,46,0.0034183362739351186
2653,47,0.003565442321906518
2653,48,0.0037190080245373914
2653,49,0.0038790210793025336
2653,50,0.004045443098434642
2653,51,0.004218228623885475
2653,52,0.004397362798631052
2653,53,0.004582940364193971
2653,54,0.004775346689160414
2653,55,0.004967038598926863
2653,56,0.005088235672850724
2653,57,0.005215280610168037
2653,58,0.005348480582671365
2653,59,0.00548814157775973
2653,60,0.005634567500931527
2653,61,0.005788058995296703
2653,62,0.005948911971920071
2653,63,0.0061174158201263325
2653,64,0.006293851251856305
2653,65,0.00647848776052578
2653,66,0.0066715806655608
2653,67,0.006873367692669829
2653,68,0.007084065081463101
2653,69,0.007303863170384206
2653,70,0.007532921439474106
2653,71,0.007771362991029467
2653,72,0.008019268447666367
2653,73,0.008276669244103446
2653,74,0.008543540334095307
2653,75,0.008819792305944875
2653,76,0.009105262922861181
2653,77,0.009399708152132428
2653,78,0.009702792708426554
2653,79,0.010014080227766039
2653,80,0.010333023144919063
2653,81,0.01065895242804553
2653,82,0.010991067338324988
2653,83,0.011168747583935804
2653,84,0.011334346541242709
2653,85,0.011505556827767518
2653,86,0.011682241893698497
2653,87,0.01186421773950363
2653,88,0.012051248530761163
2653,89,0.012243041874363248
2653,90,0.01243924376224597
2653,91,0.012639433253215713
2653,92,0.012843116906508637
2653,93,0.013049723043000009
2653,94,0.013258595901075417
2653,95,0.01346898979946109
2653,96,0.01368006338253979
2653,97,0.013890874118874233
2653,98,0.014100373149699197
2653,99,0.01430740067330754
2653,100,0.014510682006026362
2653,101,0.01470882447652031
2653,102,0.014900315258476168
2653,103,0.015083520223457464
2653,104,0.015256683702629574
2653,105,0.015417928808999153
2653,106,0.015565257299428925
2653,107,0.015696546390847083
2653,108,0.015809535773631388
2653,109,0.01590179127808018
2653,110,0.015944291420915177
2653,111,0.015956784948511556
2653,112,0.015950038863986712
2653,113,0.015922234007992395
2653,114,0.015871484591520747
2653,115,0.015795837292624276
2653,116,0.015693267878874595
2653,117,0.015561674248275209
2653,118,0.015398864351599695
2653,119,0.015202536948141134
2653,120,0.014970252350444897
2653,121,0.014699389181118612
2653,122,0.014387081478136754
2653,123,0.014030127915639509
2653,124,0.013624860961250122
2653,125,0.013166957559949092
2653,126,0.012651162936557743
2653,127,0.012070882678205512
2653,128,0.01141757065229067
2653,129,0.010679792855436807
2653,130,0.00984176457145193
2653,131,0.008881014777149853
2653,132,0.007764602858067057
2653,133,0.006443102064439959
2653,134,0.004842680218401492
2653,135,0.0028711634455118834
2653,136,0.0006893612469898916
2655,1,4.517490448554145e-06
2655,2,4.0045057887690735e-05
2655,3,0.00011061439960437679
2655,4,0.0002079945298890663
2655,5,0.0003268833721905543
2655,6,0.0004637682095798629
2655,7,0.000616069265578891
2655,8,0.0007817345201366346
2655,9,0.000959043713249448
2655,10,0.001146508362359287
2655,11,0.0013428169343422459
2655,12,0.001546801510322897
2655,13,0.001757414741348769
2655,14,0.001973711841658976
2655,15,0.002194835303927418
2655,16,0.002420001464756714
2655,17,0.0026484886895189316
2655,18,0.0028796272075161163
2655,19,0.0031127906955343474
2655,20,0.0033473896046795834
2655,21,0.003582866214824871
2655,22,0.0038186912588430346
2655,23,0.004054361922100539
2655,24,0.004289400990764917
2655,25,0.004523356856642741
2655,26,0.004755804149452324
2655,27,0.004986344735956897
2655,28,0.0052146088404190945
2655,29,0.005440274128022278
2655,30,0.005663107896254998
2655,31,0.005882938362613913
2655,32,0.006099631809829273
2655,33,0.006313086700557624
2655,34,0.006523231224127584
2655,35,0.006730020813682189
2655,36,0.006933435185880494
2655,37,0.0071334749636157374
2655,38,0.0073301579910368285
2655,39,0.007523515491683395
2655,40,0.007713588202611088
2655,41,0.007900422590273628
2655,42,0.008084067270025608
2655,43,0.008264569693101286
2655,44,0.008441973179372
2655,45,0.008616314336580293
2655,46,0.008787620883903125
2655,47,0.008955909910450232
2655,48,0.00912118655358387
2655,49,0.009283443076575873
2655,50,0.00944265831681005
2655,51,0.009598797484069053
2655,52,0.009751812229440639
2655,53,0.009901640964668121
2655,54,0.010048209356922163
2655,55,0.01019143105604121
2655,56,0.01033120862495029
2655,57,0.01046743457602915
2655,58,0.010599993375685702
2655,59,0.010728762810498444
2655,60,0.010853615104933892
2655,61,0.010974417936022692
2655,62,0.011091035354037751
2655,63,0.011203328555328311
2655,64,0.011311156504126842
2655,65,0.011414376399558874
2655,66,0.011512843980118374
2655,67,0.01160641367300487
2655,68,0.011694938576595872
2655,69,0.011778270319968283
2655,70,0.011856258784457806
2655,71,0.011928751724957047
2655,72,0.011995594299169413
2655,73,0.01205662852777451
2655,74,0.012111692721927601
2655,75,0.012160620884300647
2655,76,0.012203242110864662
2655,77,0.012239380033911043
2655,78,0.012268852304367903
2655,79,0.012291470155151104
2655,80,0.012307038056729138
2655,81,0.012315353494930898
2655,82,0.012316206882971734
2655,83,0.012309275262067593
2655,84,0.012293825999066867
2655,85,0.01226882776096539
2655,86,0.012233475489968556
2655,87,0.012187265675543544
2655,88,0.012129959083065564
2655,89,0.012061534984684473
2655,90,0.011982147593571288
2655,91,0.011892085121225544
2655,92,0.011791730904288244
2655,93,0.011681526328608091
2655,94,0.011561935743194111
2655,95,0.011433413773669033
2655,96,0.011296375644621152
2655,97,0.011151171118248546
2655,98,0.01099806263712861
2655,99,0.010837208215782343
2655,100,0.010668649449948287
2655,101,0.010492304988886253
2655,102,0.010307969603958978
2655,103,0.010115318955827115
2655,104,0.009913919990449965
2655,105,0.00970324683381936
2655,106,0.009482701926954282
2655,107,0.009251642040281345
2655,108,0.009009408689437977
2655,109,0.008755362342881134
2655,110,0.008488919607435513
2655,111,0.008209591097304264
2655,112,0.007917021644227718
2655,113,0.007611031844606685
2655,114,0.007291658603467928
2655,115,0.0069591925898094065
2655,116,0.006614210566526516
2655,117,0.006257600453217795
2655,118,0.005890577047215624
2655,119,0.005514686472554834
2655,120,0.005131797752627629
2655,121,0.004744080326581613
2655,122,0.004353966899694133
2655,123,0.0039641016709844115
2655,124,0.003577274700346555
2655,125,0.0031963438934173487
2655,126,0.0028241467225594966
2655,127,0.0024634043169553875
2655,128,0.002116620872485588
2655,129,0.001785981492263264
2655,130,0.0014732519674004693
2655,131,0.001179686214919144
2655,132,0.0009059575433741453
2655,133,0.0006521761991844484
2655,134,0.00041827753075489565
2655,135,0.0002063953858638797
2655,136,3.9803098437579334e-05
2711,1,6.44869368182779e-10
2711,2,1.3639530738418704e-08
2711,3,6.646362044306467e-08
2711,4,1.895876893473871e-07
2711,5,4.167756547343979e-07
2711,6,7.867740957034568e-07
2711,7,1.343888628135411e-06
2711,8,2.137987960496134e-06
2711,9,3.224152851471092e-06
2711,10,4.66207646722811e-06
2711,11,6.5152947110693255e-06
2711,12,8.850319784806884e-06
2711,13,1.1735748985911134e-05
2711,14,1.5241416378590966e-05
2711,15,1.943764635819599e-05
2711,16,2.439465476338525e-05
2711,17,3.0182127214384917e-05
2711,18,3.686898688715682e-05
2711,19,4.452334762262948e-05
2711,20,5.3212632833171484e-05
2711,21,6.300383106881048e-05
2711,22,7.396384947662507e-05
2711,23,8.61599251190494e-05
2711,24,9.96600523063304e-05
2711,25,0.00011453338887763204
2711,26,0.00013085060853053083
2711,27,0.00014868417489614916
2711,28,0.00016810852061184108
2711,29,0.00018920046035738954
2711,30,0.00021203966516591738
2711,31,0.0002367080687693989
2711,32,0.00026328947156809766
2711,33,0.000291869205241034
2711,34,0.0003225337103399324
2711,35,0.0003553700526115181
2711,36,0.00039046541864395717
2711,37,0.0004279066354305558
2711,38,0.0004677797600211163
2711,39,0.000510169779649984
2711,40,0.0005551604675875365
2711,41,0.0006028344262829383
2711,42,0.0006532733474729319
2711,43,0.0007065584961488718
2711,44,0.0007627714207337979
2711,45,0.0008219948673098041
2711,46,0.0008843138583262891
2711,47,0.0009498168770441435
2711,48,0.0010185970845214293
2711,49,0.001090753478875141
2711,50,0.0011663918933362768
2711,51,0.0012456257284123634
2711,52,0.0013285763017441045
2711,53,0.0014153726922708
2711,54,0.0015061509726951791
2711,55,0.0016010528921555844
2711,56,0.0017002255899666295
2711,57,0.0018038232968375391
2711,58,0.0019120080999901346
2711,59,0.0020249502140663946
2711,60,0.0021428282629004335
2711,61,0.0022658295473383184
2711,62,0.0023941502902229974
2711,63,0.0025279958642140878
2711,64,0.002667580997194814
2711,65,0.002813129954309159
2711,66,0.002964876692954754
2711,67,0.0031230649926380395
2711,68,0.0032879485470347566
2711,69,0.0034597910178070347
2711,70,0.003638866048296345
2711,71,0.003825457217521776
2711,72,0.004019857934682003
2711,73,0.004222371260828113
2711,74,0.004433309638505676
2711,75,0.004652994524475868
2711,76,0.0048817558975001105
2711,77,0.005119931629427708
2711,78,0.005367866689188864
2711,79,0.005625912166052611
2711,80,0.0058944240721448184
2711,81,0.006173761902693304
2711,82,0.006464286913845051
2711,83,0.006766327174005306
2711,84,0.007080103546455232
2711,85,0.007405760457376331
2711,86,0.007743460528228552
2711,87,0.008093370000565302
2711,88,0.008455645377772405
2711,89,0.008830425310951682
2711,90,0.009217825177692733
2711,91,0.009617933138014888
2711,92,0.010030807075678124
2711,93,0.010456472133825593
2711,94,0.010894918617384855
2711,95,0.011346100089948854
2711,96,0.011809931438325297
2711,97,0.012286286678005973
2711,98,0.012774996166154079
2711,99,0.013275842863697318
2711,100,0.013788557149960827
2711,101,0.014312809674177971
2711,102,0.014848201584803098
2711,103,0.015394251413423975
2711,104,0.01595037782876268
2711,105,0.016515877364236493
2711,106,0.017089896190390703
2711,107,0.01767139495889804
2711,108,0.01825910567674873
2711,109,0.018851479571894706
2711,110,0.0194466247003862
2711,111,0.02004223580188659
2711,112,0.020635507056666787
2711,113,0.021223027907991264
2711,114,0.02180066271615205
2711,115,0.022363413779305414
2711,116,0.02290526739242347
2711,117,0.023419023116637554
2711,118,0.02389610675613248
2711,119,0.024326367859019635
2711,120,0.02469786244986305
2711,121,0.02499662111437339
2711,122,0.02520640091995814
2711,123,0.02530841629021203
2711,124,0.025281037927070992
2711,125,0.025099438466615904
2711,126,0.024735146549059422
2711,127,0.02415544399731979
2711,128,0.023322499352762673
2711,129,0.022192071118523646
2711,130,0.020711539490334836
2711,131,0.018816983099055794
2711,132,0.016429253598770444
2711,133,0.013450719499331852
2711,134,0.009773987988551185
2711,135,0.0053742902025164805
2711,136,0.0010875488485517742
275,1,7.492774905944751e-05
275,2,0.0005919745255970068
275,3,0.0014334007857769338
275,4,0.002388169460748234
275,5,0.003366249891951772
275,6,0.004328041624517307
275,7,0.005255053890734292
275,8,0.00613846191563189
275,9,0.006974209643947903
275,10,0.007760736428683438
275,11,0.008497849117679226
275,12,0.009186130598026306
275,13,0.00982661487748975
275,14,0.01042060152020871
275,15,0.010969546301827008
275,16,0.011474995234736034
275,17,0.011938544078979608
275,18,0.012361813197607483
275,19,0.012746431730633025
275,20,0.013094027433050638
275,21,0.013406219867770335
275,22,0.013684615500175547
275,23,0.013930803777506634
275,24,0.01414635366497998
275,25,0.01433281030856779
275,26,0.014491691692674486
275,27,0.014624485263106961
275,28,0.014732644536832975
275,29,0.014818410521105843
275,30,0.014884309496375737
275,31,0.014931822173584216
275,32,0.014961802303025245
275,33,0.014974905782754039
275,34,0.014971745807754776
275,35,0.014952947034798308
275,36,0.014919161117857094
275,37,0.01487106635204059
275,38,0.014809360812349875
275,39,0.014734753253229782
275,40,0.01464795380789028
275,41,0.014549665491759858
275,42,0.01444057694797303
275,43,0.014321356624218776
275,44,0.014192648372239335
275,45,0.014055068362567492
275,46,0.013909203202628813
275,47,0.01375560903959882
275,48,0.013594811510764766
275,49,0.013427306328323249
275,50,0.013253560363739534
275,51,0.013074013064618755
275,52,0.012889078091572708
275,53,0.012699145053949808
275,54,0.01250458127903294
275,55,0.012305733535373087
275,56,0.01210293051271322
275,57,0.011896485152550481
275,58,0.011686693973066356
275,59,0.011473837906683642
275,60,0.011258183573117333
275,61,0.011039984415048653
275,62,0.010819481724918865
275,63,0.010596905564303148
275,64,0.010372475608107999
275,65,0.010146401910467874
275,66,0.009918885638186695
275,67,0.009690119761161608
275,68,0.00946028973818843
275,69,0.009229574191088686
275,70,0.00899814559611151
275,71,0.008766170983240928
275,72,0.008533812657604013
275,73,0.00830122894681208
275,74,0.008068574962809178
275,75,0.00783600339222649
275,76,0.007603665294993946
275,77,0.007371710917528878
275,78,0.0071402905073574
275,79,0.006909555118297539
275,80,0.006679657404452566
275,81,0.00645075238546861
275,82,0.00622299817524699
275,83,0.0059975228531275425
275,84,0.005777227882789713
275,85,0.005564361394433881
275,86,0.005359013434213049
275,87,0.005160484362993105
275,88,0.004967841547637785
275,89,0.004780144288141338
275,90,0.004596538666004778
275,91,0.004416294361101245
275,92,0.004238813417599761
275,93,0.004063625151900117
275,94,0.003890374621092309
275,95,0.0037188087862348057
275,96,0.003548762740128486
275,97,0.0033801473293151004
275,98,0.003212938807489443
275,99,0.0030471707306180752
275,100,0.002882927969883393
275,101,0.002720342547436299
275,102,0.0025595908388804313
275,103,0.0024008916481166997
275,104,0.0022445046372284584
275,105,0.0020907286020463807
275,106,0.001939899162382526
275,107,0.0017923854819264736
275,108,0.0016485857481656789
275,109,0.0015089212251335775
275,110,0.0013738288181554866
275,111,0.0012437522439338199
275,112,0.001119131929592073
275,113,0.0010003937644708187
275,114,0.0008879371291070932
275,115,0.0007821226395243174
275,116,0.0006832600935422909
275,117,0.0005915971411167005
275,118,0.0005073092452942049
275,119,0.0004304914661277282
275,120,0.000361152571852762
275,121,0.0002992118789187652
275,122,0.0002444991156658208
275,123,0.000196757446927413
275,124,0.0001556496340527171
275,125,0.00012076712371982032
275,126,9.164168882146506e-05
275,127,6.775908448407498e-05
275,128,4.857405808270403e-05
275,129,3.352596702795542e-05
275,130,2.2054211075003507e-05
275,131,1.361268240311639e-05
275,132,7.682426034964279e-06
275,133,3.7815704404558908e-06
275,134,1.4708723423167653e-06
275,135,3.4986554196506256e-07
275,136,2.0734343209386865e-08
2751,1,3.518811975625402e-07
2751,2,4.169572628147431e-06
2751,3,1.3570956401221192e-05
2751,4,2.8330427900790194e-05
2751,5,4.803380203815351e-05
2751,6,7.239580287428664e-05
2751,7,0.00010125639419646382
2751,8,0.0001345487711271975
2751,9,0.00017227235710322428
2751,10,0.0002144730351209857
2751,11,0.00026122880432609045
2751,12,0.0003126390732177586
2751,13,0.00036881630467973966
2751,14,0.00042987915344065437
2751,15,0.0004959465310548909
2751,16,0.0005671322193132668
2751,17,0.0006435397885192443
2751,18,0.0007252576452084914
2751,19,0.0008123541126524583
2751,20,0.0009048724638894806
2751,21,0.0010028258852000634
2751,22,0.0011061923447782558
2751,23,0.0012149093857177578
2751,24,0.0013288688640740796
2751,25,0.0014479116813768576
2751,26,0.0015718225701041246
2751,27,0.001700325012835379
2751,28,0.0018225176850964558
2751,29,0.0019229498382674394
2751,30,0.002026027123141415
2751,31,0.002132160588476805
2751,32,0.00224162774181188
2751,33,0.002354625959718982
2751,34,0.002471306274431598
2751,35,0.0025917911758266163
2751,36,0.00271618429092434
2751,37,0.0028445757718413615
2751,38,0.0029770452775958072
2751,39,0.003113663498578877
2751,40,0.003254492736314524
2751,41,0.0033995868436343985
2751,42,0.003548990676542136
2751,43,0.0037027391728421738
2751,44,0.003860856110037488
2751,45,0.004023352588591146
2751,46,0.004190225263045677
2751,47,0.004361454344716993
2751,48,0.0045370013797479914
2751,49,0.004716806823236001
2751,50,0.004900787416362184
2751,51,0.005088833380008791
2751,52,0.005280805440414629
2751,53,0.00547653169666221
2751,54,0.005675804362539747
2751,55,0.005876208737412341
2751,56,0.006060525150948084
2751,57,0.006248534721788909
2751,58,0.00644026676899891
2751,59,0.006635733007590382
2751,60,0.006834924813377688
2751,61,0.007037810340094659
2751,62,0.007244331478116733
2751,63,0.007454400684536968
2751,64,0.007667897656281529
2751,65,0.007884665893422247
2751,66,0.008104509132598489
2751,67,0.008327187692307626
2751,68,0.008552414736857696
2751,69,0.008779852510917348
2751,70,0.009009108550607683
2751,71,0.009239731952580677
2751,72,0.009471209717155864
2751,73,0.009702963267507298
2751,74,0.009934345182020632
2751,75,0.010164636260134302
2751,76,0.010393042979659014
2751,77,0.010618695497924319
2751,78,0.010840646269966593
2751,79,0.011057869455440851
2751,80,0.01126926122621842
2751,81,0.011473641134293545
2751,82,0.01166975469659482
2751,83,0.011896713399191928
2751,84,0.012122150727112887
2751,85,0.01233789998683631
2751,86,0.012543164775129404
2751,87,0.012738726085512601
2751,88,0.012925920714788732
2751,89,0.013106159619302657
2751,90,0.013280699217932694
2751,91,0.013450533844464636
2751,92,0.013616348756310188
2751,93,0.013778504392664249
2751,94,0.013937036976508844
2751,95,0.01409166766003072
2751,96,0.014241815989058397
2751,97,0.014386615476947178
2751,98,0.014524930152761583
2751,99,0.01465537159843007
2751,100,0.014776316419526852
2751,101,0.014885924335694896
2751,102,0.01498215728082016
2751,103,0.015062799977698072
2751,104,0.015125482582006394
2751,105,0.015167705992521364
2751,106,0.015186870452010962
2751,107,0.015180308005997999
2751,108,0.01514531934683101
2751,109,0.01507921543808066
2751,110,0.01504403614095285
2751,111,0.015004864900079564
2751,112,0.014931951885939107
2751,113,0.014822463599464658
2751,114,0.014673663712009618
2751,115,0.014482970063140737
2751,116,0.01424801605894597
2751,117,0.013966715150826498
2751,118,0.013637326494720988
2751,119,0.013258519307951695
2751,120,0.012829432768235293
2751,121,0.012349727601228155
2751,122,0.011819624698356155
2751,123,0.011239925320625205
2751,124,0.010612006461185123
2751,125,0.00993778387559028
2751,126,0.009219633803300133
2751,127,0.008460262476207079
2751,128,0.007662509747458396
2751,129,0.006829069750695035
2751,130,0.005962109129323688
2751,131,0.0050627711673291755
2751,132,0.0041306124651618766
2751,133,0.0031633122840868458
2751,134,0.0021584863149807653
2751,135,0.0011285889865756905
2751,136,0.0002264188147201026
276,1,1.6432138742235834e-09
276,2,2.5646915703103654e-08
276,3,1.0423353394139978e-07
276,4,2.640528395925936e-07
276,5,5.337058606320044e-07
276,6,9.464538342297208e-07
276,7,1.5409372734563152e-06
276,8,2.361361114004667e-06
276,9,3.4574043224542315e-06
276,10,4.883910897810613e-06
276,11,6.70037974153131e-06
276,12,8.970266873785668e-06
276,13,1.176011812371989e-05
276,14,1.5138556943170972e-05
276,15,1.9175157619098053e-05
276,16,2.3939238176495825e-05
276,17,2.9498609450119827e-05
276,18,3.5918317497362044e-05
276,19,4.3259414770574054e-05
276,20,5.157779392146426e-05
276,21,6.0923114296911866e-05
276,22,7.133784802538833e-05
276,23,8.285646787563953e-05
276,24,9.550479656665301e-05
276,25,0.00010929953138479244
276,26,0.00012424795653898736
276,27,0.00014034785103038617
276,28,0.00015758759810389036
276,29,0.00017596430509107488
276,30,0.00019547494254056112
276,31,0.00021610235806916132
276,32,0.00023781880842790396
276,33,0.000260589661115343
276,34,0.00028437527181997713
276,35,0.0003091326716305197
276,36,0.0003348173993136232
276,37,0.0003613856103405088
276,38,0.00038879655599323047
276,39,0.0004170155206389949
276,40,0.0004460173226129264
276,41,0.00047579050428653925
276,42,0.0005063423687063973
276,43,0.0005377050617871905
276,44,0.0005699429430088132
276,45,0.0006031615512478095
276,46,0.0006375185399516937
276,47,0.0006732370208846489
276,48,0.000710621798924742
276,49,0.0007500788816558003
276,50,0.0007921381422111974
276,51,0.0008374771460279497
276,52,0.0008869377324592654
276,53,0.0009415029940168684
276,54,0.0010020949157744342
276,55,0.001068438292204672
276,56,0.0011389844380258972
276,57,0.001213032057337753
276,58,0.0012907254223636314
276,59,0.0013722170920330821
276,60,0.001457668573747215
276,61,0.0015472510270749835
276,62,0.0016411460109198883
276,63,0.0017395462747953232
276,64,0.0018426565924948124
276,65,0.001950694641758305
276,66,0.002063891926184695
276,67,0.002182494742015302
276,68,0.0023067651871048326
276,69,0.002436982208275257
276,70,0.0025734426925984244
276,71,0.0027164625891951785
276,72,0.0028663780648942993
276,73,0.0030235466892951923
276,74,0.0031883486345391896
276,75,0.003361187893166497
276,76,0.0035424934953908454
276,77,0.0037327207173135928
276,78,0.003932352266072366
276,79,0.004141899420850848
276,80,0.004361903115558094
276,81,0.004592934928944024
276,82,0.0048355979615750545
276,83,0.005089521607159641
276,84,0.005352918337120876
276,85,0.005624775720473816
276,86,0.005905188195001625
276,87,0.0061945914982962005
276,88,0.006493590971363894
276,89,0.0068029047192291045
276,90,0.007123342077343112
276,91,0.007455795490574454
276,92,0.0078012380391442905
276,93,0.008160723279398666
276,94,0.008535385768242846
276,95,0.008926441318876068
276,96,0.009335186313110538
276,97,0.009762995556002624
276,98,0.010211318171001916
276,99,0.010681671068794174
276,100,0.011175629483250606
276,101,0.011694814091400241
276,102,0.0122408741960504
276,103,0.012815466529757747
276,104,0.013420229307431867
276,105,0.014056751532923115
276,106,0.014726538311348614
276,107,0.015430975142306767
276,108,0.01617130158405259
276,109,0.01694863629465401
276,110,0.017763954407150135
276,111,0.01861750038677506
276,112,0.01950849237592385
276,113,0.02043527249702479
276,114,0.021395100312374436
276,115,0.02238391158577196
276,116,0.02339603775384112
276,117,0.02442388078505634
276,118,0.025457537203955622
276,119,0.02648436377141398
276,120,0.027488475420664384
276,121,0.028450163275408096
276,122,0.029345216334776682
276,123,0.030144124016420755
276,124,0.03081112695384755
276,125,0.031303068758310244
276,126,0.03156797944410855
276,127,0.03154328974998389
276,128,0.031153533446754443
276,129,0.030307349334567798
276,130,0.02889358557243288
276,131,0.026776495859336478
276,132,0.02379102114943904
276,133,0.019743532607922186
276,134,0.014443199819413275
276,135,0.007895036988782744
276,136,0.0015619802332218905
277,1,1.5531331556779454e-06
277,2,1.7930345834964716e-05
277,3,5.6835812475089974e-05
277,4,0.00011627574970642893
277,5,0.00019406534695995203
277,6,0.0002886636394307048
277,7,0.00039895715006287643
277,8,0.0005240674491961056
277,9,0.0006632335417085798
277,10,0.0008157457975297494
277,11,0.000980911371028571
277,12,0.001158038296282275
277,13,0.0013464302906814754
277,14,0.0015453871728876134
277,15,0.0017542075516668344
277,16,0.0019721915635339273
277,17,0.002198642216602416
277,18,0.002432864460760871
277,19,0.0026741615724293535
277,20,0.0029218287708847996
277,21,0.0031751442985853374
277,22,0.003433358387671937
277,23,0.0036956807197427344
277,24,0.003961267071581295
277,25,0.004229205912035955
277,26,0.004498505720350076
277,27,0.0047680837625825
277,28,0.0050180906456814365
277,29,0.005222810762341703
277,30,0.005425841581614642
277,31,0.005627314936937746
277,32,0.00582735102136615
277,33,0.0060260542411423555
277,34,0.006223510706430844
277,35,0.006419787072674279
277,36,0.006614930478886388
277,37,0.006808969318151301
277,38,0.007001914605038018
277,39,0.007193761664796213
277,40,0.007384491935470679
277,41,0.0075740746406144956
277,42,0.007762468139546457
277,43,0.007949620786148276
277,44,0.008135471138380949
277,45,0.00831994743623217
277,46,0.00850296624948984
277,47,0.008684430310760336
277,48,0.008864225520655755
277,49,0.009042217198547888
277,50,0.009218245658271994
277,51,0.00939212121215541
277,52,0.009563618654611252
277,53,0.009732471258170217
277,54,0.009898364092523385
277,55,0.010058361959503959
277,56,0.010192659823003696
277,57,0.010325152512183227
277,58,0.010455840734696086
277,59,0.010584692481605021
277,60,0.010711641378248407
277,61,0.010836585105799185
277,62,0.0109593839191044
277,63,0.011079859252129577
277,64,0.011197792422156481
277,65,0.011312923476669366
277,66,0.011424950161001913
277,67,0.011533527071889472
277,68,0.011638265004547814
277,69,0.0117387305199445
277,70,0.011834445798319828
277,71,0.011924888779580402
277,72,0.012009493667767768
277,73,0.012087651826677684
277,74,0.012158713129865648
277,75,0.012221987797712053
277,76,0.01227674880614361
277,77,0.012322234893857895
277,78,0.012357654245644169
277,79,0.012382188897343577
277,80,0.01239499991966453
277,81,0.012395233452266334
277,82,0.012382027600994156
277,83,0.012400522744612827
277,84,0.012416295800358437
277,85,0.01242424830862421
277,86,0.012423987331813562
277,87,0.012415088640270638
277,88,0.012397100851226552
277,89,0.012369549293174019
277,90,0.012331940167676239
277,91,0.012283765200905614
277,92,0.01222450681320535
277,93,0.012153643787559119
277,94,0.012070657395711126
277,95,0.01197503790487492
277,96,0.011866291367680729
277,97,0.011743946605081195
277,98,0.01160756226578285
277,99,0.011456733839972005
277,100,0.011291100536987992
277,101,0.011110351919459999
277,102,0.010914234220049737
277,103,0.01070255631728526
277,104,0.010475195338470442
277,105,0.010232101948342813
277,106,0.009973305411645275
277,107,0.009698918549090704
277,108,0.009409142770544526
277,109,0.00910427339284064
277,110,0.008821312539131376
277,111,0.008540039745028339
277,112,0.008245021460120941
277,113,0.007936496582148355
277,114,0.007614771234525464
277,115,0.0072802311853883035
277,116,0.006933357077297314
277,117,0.006574742510373465
277,118,0.00620511483381639
277,119,0.005825358225543487
277,120,0.005436538406005103
277,121,0.00503992804369335
277,122,0.004637031714767301
277,123,0.004229609217241461
277,124,0.003819696110922504
277,125,0.003409620840118518
277,126,0.00300201872481111
277,127,0.002599844920471818
277,128,0.0022063916584314
277,129,0.0018253208268854285
277,130,0.0014607337120732804
277,131,0.0011173207941799186
277,132,0.0008006789030833707
277,133,0.000517983151402951
277,134,0.0002794389550014214
277,135,0.00010145060338398426
277,136,1.0946290577826662e-05
278,1,2.918311717245477e-08
278,2,4.870749152753747e-07
278,3,2.036082527809454e-06
278,4,5.19220943977368e-06
278,5,1.043434172248839e-05
278,6,1.82543860198515e-05
278,7,2.9164297785444917e-05
278,8,4.369098796797593e-05
278,9,6.23666371027912e-05
278,10,8.571693655691384e-05
278,11,0.00011424848563275162
278,12,0.00014843618750794404
278,13,0.0001887113533647567
278,14,0.00023545114461519714
278,15,0.0002889699031253874
278,16,0.00034951281453021445
278,17,0.00041725221915038654
278,18,0.0004922867336325123
278,19,0.0005746431902240483
278,20,0.0006642812440152356
278,21,0.000761100341346683
278,22,0.000864948643976416
278,23,0.0009756333936498015
278,24,0.0010929321551373973
278,25,0.0012166043576897093
278,26,0.001346402564929184
278,27,0.0014820829535464272
278,28,0.0016234145563340594
278,29,0.0017701951755455091
278,30,0.0019222843596637563
278,31,0.002079598962018706
278,32,0.002242100143413382
278,33,0.0024097855882910107
278,34,0.002582682832726849
278,35,0.002760841676689955
278,36,0.0029443254877030574
278,37,0.00313320161129316
278,38,0.0033275313168872438
278,39,0.0035273597432148034
278,40,0.003732706378071245
278,41,0.003943556583362051
278,42,0.004159854673087062
278,43,0.004381498974685388
278,44,0.004608339238268187
278,45,0.004840176604818912
278,46,0.0050767662092931
278,47,0.0053178223171718025
278,48,0.005563025716054355
278,49,0.005812032884186776
278,50,0.006064486337442187
278,51,0.006320025353083324
278,52,0.00657829623454908
278,53,0.006838961041489678
278,54,0.007101703336851961
278,55,0.007366227980891819
278,56,0.007632251013913812
278,57,0.007899490711032412
278,58,0.008167666039573343
278,59,0.008436497045943913
278,60,0.00870570469559663
278,61,0.008975010425354826
278,62,0.009244135419765704
278,63,0.0095127996166676
278,64,0.009780720443946657
278,65,0.010047611322628948
278,66,0.010313179956328614
278,67,0.010577126422839984
278,68,0.01083914110756061
278,69,0.011098902505999379
278,70,0.011356074927394407
278,71,0.011610306126805019
278,72,0.011861224902556505
278,73,0.012108438690731976
278,74,0.012351531195725563
278,75,0.012590060075963867
278,76,0.012823554725817933
278,77,0.013051514184152882
278,78,0.0132734052023692
278,79,0.013488660509320556
278,80,0.013696677285342955
278,81,0.013896815930944214
278,82,0.014088399092568532
278,83,0.014270606408829656
278,84,0.014442190207837572
278,85,0.014601690256415775
278,86,0.01474811551441708
278,87,0.014881027139504118
278,88,0.015000417678215716
278,89,0.015106565318784683
278,90,0.015199895631185402
278,91,0.015280858716112644
278,92,0.015349824031617453
278,93,0.015406993597062164
278,94,0.015452333508346279
278,95,0.015485523324916293
278,96,0.015505922698942522
278,97,0.015512554382771743
278,98,0.01550410279177989
278,99,0.015478927252562854
278,100,0.015435089100186351
278,101,0.015370391831352654
278,102,0.015282433494077196
278,103,0.015168670420269556
278,104,0.015026491261890571
278,105,0.014853300054828706
278,106,0.014646606757585567
278,107,0.01440412331115606
278,108,0.01412386293878783
278,109,0.013804240051322591
278,110,0.01344416759793779
278,111,0.013043146565612538
278,112,0.012601346265138176
278,113,0.012119672961305733
278,114,0.01159982022214373
278,115,0.01104429655308946
278,116,0.010456426825028559
278,117,0.009840324864317176
278,118,0.00920083574999419
278,119,0.008543447756216786
278,120,0.007874175427190483
278,121,0.007199416851932641
278,122,0.006525789761891416
278,123,0.005859952382318532
278,124,0.005208416027392498
278,125,0.00457735703016644
278,126,0.003972435747008218
278,127,0.0033986300021909394
278,128,0.002860089541222492
278,129,0.0023600170910138027
278,130,0.0019005812976812327
278,131,0.0014828697251259785
278,132,0.0011069054521172096
278,133,0.000771815919571143
278,134,0.0004765379969362095
278,135,0.0002231146242009524
278,136,3.908136333275992e-05
290,1,4.97963824118155e-09
290,2,5.9284978803244677e-08
290,3,2.0316149226034803e-07
290,4,4.5923607396416995e-07
290,5,8.552032519763343e-07
290,6,1.4257196122884985e-06
290,7,2.212374327075356e-06
290,8,3.2636008977317727e-06
290,9,4.634529249561195e-06
290,10,6.38670205235585e-06
290,11,8.587604457297262e-06
290,12,1.1309981355232916e-05
290,13,1.4630936371649362e-05
290,14,1.8630823650145462e-05
290,15,2.3391957842517714e-05
290,16,2.8997179561710966e-05
290,17,3.5528322240857596e-05
290,18,4.306463180022368e-05
290,19,5.168119242949709e-05
290,20,6.144741019596595e-05
290,21,7.242560185925903e-05
290,22,8.466972962153279e-05
290,23,9.82243146923496e-05
290,24,0.00011312355436952466
290,25,0.00012939065998902714
290,26,0.0001470374265525864
290,27,0.0001660640416463704
290,28,0.00018645913846808174
290,29,0.000208200175192607
290,30,0.00023125426204977881
290,31,0.00025557903820409107
290,32,0.0002811238624120358
290,33,0.0003078314337916723
290,34,0.00033563985431432744
290,35,0.0003644851806736003
290,36,0.00039430453815769354
290,37,0.00042503987860623653
290,38,0.00045664247425037844
290,39,0.0004890782412886537
290,40,0.0005223339840911765
290,41,0.0005564246327085486
290,42,0.0005914015130004331
290,43,0.000627361620873465
290,44,0.0006644577543690373
290,45,0.0007029091583939019
290,46,0.0007430120001397289
290,47,0.0007851484328916105
290,48,0.0008297920654248689
290,49,0.0008775060593470388
290,50,0.0009289273381890313
290,51,0.0009847256080238618
290,52,0.0010455175731769125
290,53,0.0011117034422746792
290,54,0.001183185128129157
290,55,0.0012591174269195868
290,56,0.0013387786137122899
290,57,0.001422084810985723
290,58,0.0015091758260719068
290,59,0.001600200793576847
290,60,0.0016953188880244531
290,61,0.0017947000532380145
290,62,0.0018985257516890039
290,63,0.0020069897321567894
290,64,0.0021202988143641938
290,65,0.0022386736923229976
290,66,0.0023623497508969203
290,67,0.0024915779005042294
290,68,0.00262662542280009
290,69,0.0027677768268574024
290,70,0.0029153347141150825
290,71,0.003069620646542896
290,72,0.0032309760137677716
290,73,0.0033997628939891034
290,74,0.00357636489941626
290,75,0.003761187997961241
290,76,0.003954661300850564
290,77,0.004157237798517911
290,78,0.004369395029793573
290,79,0.004591635663909158
290,80,0.004824487963620357
290,81,0.005068506106483004
290,82,0.005324270317823399
290,83,0.0055923838063876635
290,84,0.005873460014290505
290,85,0.006168115428123873
290,86,0.006476978701244193
290,87,0.006800691744589869
290,88,0.007139907201207437
290,89,0.007495285013578897
290,90,0.007867488485774682
290,91,0.008257179901605247
290,92,0.008665015721837258
290,93,0.00909164136173852
290,94,0.009537685551488656
290,95,0.010003754312366208
290,96,0.010490424542105099
290,97,0.01099823723454489
290,98,0.011527690339531696
290,99,0.012079231250982689
290,100,0.012653248902227267
290,101,0.013250065375293172
290,102,0.01386992691197001
290,103,0.014512994077744356
290,104,0.015179330689282415
290,105,0.015868890839809156
290,106,0.01658150280472414
290,107,0.017316847373683768
290,108,0.01807442392694381
290,109,0.018853474484491557
290,110,0.019652755110705928
290,111,0.020470169641758695
290,112,0.02130279746288305
290,113,0.02214682140935284
290,114,0.022997326200614426
290,115,0.023848054572929676
290,116,0.02469111382104079
290,117,0.025516625107459067
290,118,0.026312307841214928
290,119,0.027062992308837606
290,120,0.027750055568564386
290,121,0.028350779479722484
290,122,0.02883763631455989
290,123,0.029177518541270903
290,124,0.02933094747099638
290,125,0.029251325332446135
290,126,0.028884345095722762
290,127,0.028167757656200932
290,128,0.02703184864409965
290,129,0.025401262814715966
290,130,0.023199379937238796
290,131,0.02035763632418638
290,132,0.016834867625171307
290,133,0.0126582724113656
290,134,0.008014871146864002
290,135,0.0034708067701473924
290,136,0.0004604591927993829
295,1,4.389712880077336e-07
295,2,6.670140727998721e-06
295,3,2.5560324237966943e-05
295,4,5.999906291006488e-05
295,5,0.00011131132667653813
295,6,0.00018019360979146102
295,7,0.00026693377610951315
295,8,0.00037146826761013817
295,9,0.000493400318593546
295,10,0.000632012858336327
295,11,0.0007862860621551391
295,12,0.0009549219967162097
295,13,0.0011363760806162898
295,14,0.0013288941325339042
295,15,0.001530553294357968
295,16,0.0017393051278291934
295,17,0.0019530191875091136
295,18,0.002169525558064169
295,19,0.0023866550234561083
295,20,0.0026022758308888415
295,21,0.0028143261665066837
295,22,0.003020841823772863
295,23,0.0032199787241996188
295,24,0.00341003021144644
295,25,0.003589439284426203
295,26,0.003756806072037219
295,27,0.00391089112725818
295,28,0.004086122738774431
295,29,0.004339882020189552
295,30,0.004594826756119236
295,31,0.004850754016164268
295,32,0.005107504430224351
295,33,0.005364942830101939
295,34,0.005622937494561158
295,35,0.0058813385464241185
295,36,0.006139956096728019
295,37,0.006398538843851063
295,38,0.006656753731973171
295,39,0.006914167493864758
295,40,0.007170230803698547
295,41,0.0074242659102398
295,42,0.007675458601956052
295,43,0.007922855452673188
295,44,0.008165367328824169
295,45,0.008401780189530753
295,46,0.008630774343555839
295,47,0.008850953416412476
295,48,0.009060884557335183
295,49,0.009259151681872222
295,50,0.009444423996036864
295,51,0.00961554246433917
295,52,0.009771626321293725
295,53,0.009912196489916399
295,54,0.010037282367229271
295,55,0.010159989754162062
295,56,0.01038584309714049
295,57,0.010603318947298579
295,58,0.010811856502190256
295,59,0.011010882907430894
295,60,0.011199813239420672
295,61,0.011378050972387926
295,62,0.01154498893525944
295,63,0.011700010817388546
295,64,0.01184249319840597
295,65,0.011971808191597957
295,66,0.012087326648981505
295,67,0.012188421970362058
295,68,0.012274474503196764
295,69,0.01234487652628037
295,70,0.012399037793352807
295,71,0.012436391595712658
295,72,0.012456401309423467
295,73,0.01245856736317266
295,74,0.012442434559710428
295,75,0.012407599662371776
295,76,0.012353719133169572
295,77,0.012280516954372902
295,78,0.012187792348349222
295,79,0.012075427318275359
295,80,0.011943393839864898
295,81,0.011791760544283984
295,82,0.011620698773602275
295,83,0.011713143871200274
295,84,0.011822176858748453
295,85,0.011916056397918573
295,86,0.011994225367978548
295,87,0.012056149036362492
295,88,0.012101318771071146
295,89,0.012129256091992018
295,90,0.01213951705770747
295,91,0.012131696960294492
295,92,0.012105435322064477
295,93,0.012060421143670137
295,94,0.011996398370900755
295,95,0.011913171517450727
295,96,0.011810611386630162
295,97,0.011688660804423063
295,98,0.011547340257446163
295,99,0.011386753347971713
295,100,0.011207091913911532
295,101,0.011008640674645133
295,102,0.010791781253955815
295,103,0.01055699538119064
295,104,0.01030486711255171
295,105,0.01003608387269421
295,106,0.009751436210362327
295,107,0.009451816353484382
295,108,0.009138216617127904
295,109,0.00881173344766884
295,110,0.008571635458103759
295,111,0.008357927709652428
295,112,0.008128401487579128
295,113,0.007883823657819106
295,114,0.007625050576959688
295,115,0.0073530208276313316
295,116,0.007068745945538849
295,117,0.0067732990611404295
295,118,0.006467801369787128
295,119,0.006153406322323996
295,120,0.005831281367964944
295,121,0.005502586966914639
295,122,0.005168452416087422
295,123,0.004829947712645794
295,124,0.004488050238084885
295,125,0.004143604319261151
295,126,0.0037972706394149847
295,127,0.0034494607978027268
295,128,0.003100249758594522
295,129,0.0027492551136528067
295,130,0.0023954668955897375
295,131,0.0020370070282302684
295,132,0.0016708059475104976
295,133,0.0012922728511553763
295,134,0.0008955917554728065
295,135,0.0004790733791441969
295,136,9.898430340328709e-05
30,1,0.00812612897271909
30,2,0.032102913291384025
30,3,0.048294001816878034
30,4,0.056241116931446115
30,5,0.05903251618847764
30,6,0.058792240713653986
30,7,0.05682148031661729
30,8,0.053908826036330654
30,9,0.0505341484843025
30,10,0.046989987426388116
30,11,0.043453516605374304
30,12,0.04002987756826526
30,13,0.036778780645445375
30,14,0.033731134926745815
30,15,0.030899609344714377
30,16,0.028285424997029723
30,17,0.025882764468912977
30,18,0.02368165055939932
30,19,0.021669828780134244
30,20,0.019833994345205632
30,21,0.018160584176462744
30,22,0.016636278593804205
30,23,0.015248308622882845
30,24,0.013984633193940655
30,25,0.012834029579512216
30,26,0.011786126530770944
30,27,0.010831400165210905
30,28,0.009961146307861105
30,29,0.00916555666668667
30,30,0.008435940572718272
30,31,0.007765854108011457
30,32,0.007150029774646977
30,33,0.006583832332127043
30,34,0.00606309471360709
30,35,0.005584040710739459
30,36,0.0051432360290393185
30,37,0.004737550946699361
30,38,0.004364128969139148
30,39,0.004020359444514796
30,40,0.0037038533268558384
30,41,0.0034124216758016253
30,42,0.0031440566116006886
30,43,0.002896914479947802
30,44,0.0026693009691894577
30,45,0.0024596579445739877
30,46,0.0022665517714141954
30,47,0.00208866291113441
30,48,0.0019247766102944114
30,49,0.0017737745173405867
30,50,0.001634627093561454
30,51,0.0015063867033533968
30,52,0.0013881812918433844
30,53,0.0012792085762452605
30,54,0.0011787306862024512
30,55,0.0010860692091902455
30,56,0.0010006005937729413
30,57,0.0009217518922754048
30,58,0.0008489968074850207
30,59,0.0007818520178299631
30,60,0.0007198737630568553
30,61,0.0006626546763464018
30,62,0.0006098208453370188
30,63,0.0005610290882492545
30,64,0.0005159644332545782
30,65,0.0004743377867517962
30,66,0.0004358837794082487
30,67,0.0004003587791320946
30,68,0.00036753905919096225
30,69,0.00033721911219717694
30,70,0.0003092100993302026
30,71,0.00028333842532510955
30,72,0.00025944443152532026
30,73,0.00023738119682148445
30,74,0.00021701343956691873
30,75,0.00019821651265008566
30,76,0.0001808754848537526
30,77,0.00016488430104323474
30,78,0.0001501450163924608
30,79,0.00013656709711491649
30,80,0.00012406678400895838
30,81,0.00011256651231910927
30,82,0.00010199438461827504
30,83,9.233616008151502e-05
30,84,8.362540130084423e-05
30,85,7.582214876199088e-05
30,86,6.88318549770577e-05
30,87,6.255589143469547e-05
30,88,5.690216521573361e-05
30,89,5.1788306750616776e-05
30,90,4.7142474136769184e-05
30,91,4.2903149185540494e-05
30,92,3.9018449069106084e-05
30,93,3.544520287347462e-05
30,94,3.2147927630835666e-05
30,95,2.909778335461718e-05
30,96,2.627155394937121e-05
30,97,2.365068384420371e-05
30,98,2.1220388044190524e-05
30,99,1.8968846576925754e-05
30,100,1.6886489465183232e-05
30,101,1.4965374723649732e-05
30,102,1.319865968061139e-05
30,103,1.1580163409484384e-05
30,104,1.0104016638939687e-05
30,105,8.764393796486073e-06
30,106,7.555320669411817e-06
30,107,6.470550006137384e-06
30,108,5.503496892772879e-06
30,109,4.647224732072771e-06
30,110,3.894472906480456e-06
30,111,3.237716937765499e-06
30,112,2.6692525827246034e-06
30,113,2.1812945686661897e-06
30,114,1.7660822013240736e-06
30,115,1.4159854312807172e-06
30,116,1.1236059118692204e-06
30,117,8.818685430327008e-07
30,118,6.84100012793457e-07
30,119,5.240919333719571e-07
30,120,3.961472607708915e-07
30,121,2.9510965123475233e-07
30,122,2.163762924730481e-07
30,123,1.558954915303127e-07
30,124,1.1015086772443505e-07
30,125,7.613437789171903e-08
30,126,5.1310620882641365e-08
30,127,3.357491813412364e-08
30,128,2.1207577341686915e-08
30,129,1.2826534419999022e-08
30,130,7.3402807773017405e-09
30,131,3.902623223808949e-09
30,132,1.8704498715837997e-09
30,133,7.65266439038238e-10
30,134,2.3884275144291827e-10
30,135,4.2807045282823565e-11
30,136,1.699675861445462e-12
309,1,1.0402483656665581e-07
309,2,1.2064571574682298e-06
309,3,3.881343668620696e-06
309,4,8.072523377598508e-06
309,5,1.3706616333641022e-05
309,6,2.076081947194037e-05
309,7,2.9254272532619422e-05
309,8,3.923692739107916e-05
309,9,5.0781699972121024e-05
309,10,6.397930760740213e-05
309,11,7.893484294067845e-05
309,12,9.576541312384288e-05
309,13,0.00011459841164421014
309,14,0.00013557014613777688
309,15,0.0001588246390762157
309,16,0.0001845124774022767
309,17,0.0002127896206961806
309,18,0.00024381610363806555
309,19,0.0002777545795310332
309,20,0.0003147686670354361
309,21,0.0003550210657845241
309,22,0.0003986714170908007
309,23,0.0004458738869183276
309,24,0.0004967744583821189
309,25,0.0005515079222331271
309,26,0.0006101945610705115
309,27,0.0006729365318798977
309,28,0.0007331023785819878
309,29,0.0007801454419392185
309,30,0.0008289466275487743
309,31,0.0008796376508706001
309,32,0.0009323462688170189
309,33,0.0009871996794426718
309,34,0.0010443271452243357
309,35,0.001103861462679277
309,36,0.0011659397929723928
309,37,0.0012307041270171193
309,38,0.0012983015194037984
309,39,0.0013688841650138872
309,40,0.001442609348487255
309,41,0.0015196392877131338
309,42,0.0016001408780464536
309,43,0.001684285337026867
309,44,0.0017722477500418418
309,45,0.0018642065099247344
309,46,0.001960342646905863
309,47,0.0020608390380427964
309,48,0.0021658794864047037
309,49,0.0022756476643035527
309,50,0.002390325904952164
309,51,0.0025100938312703964
309,52,0.002635126812733226
309,53,0.0027655942338347733
309,54,0.0029016575685104867
309,55,0.003041013275059003
309,56,0.0031635078385493917
309,57,0.003290893475777326
309,58,0.0034233898663632366
309,59,0.0035612194924194564
309,60,0.003704606893519358
309,61,0.003853777796245461
309,62,0.004008958106146663
309,63,0.004170372741417229
309,64,0.0043382442959420545
309,65,0.004512791506882466
309,66,0.004694227510577984
309,67,0.004882757870727351
309,68,0.005078578345777143
309,69,0.0052818723925806225
309,70,0.0054928083680176815
309,71,0.005711536427955524
309,72,0.0059381850846688565
309,73,0.0061728574295042546
309,74,0.006415626992296271
309,75,0.0066665332329890765
309,76,0.006925576665574263
309,77,0.00719271361689899
309,78,0.007467850625626711
309,79,0.0077508385055846596
309,80,0.008041466104231093
309,81,0.008339453789439413
309,82,0.00864444673212324
309,83,0.008923400985848458
309,84,0.009205933915987142
309,85,0.00949385433200427
309,86,0.00978600880845384
309,87,0.010081780786305035
309,88,0.010380878628300665
309,89,0.01068321659539486
309,90,0.010988845872626612
309,91,0.011297911870046308
309,92,0.011610625642120473
309,93,0.011927242838494697
309,94,0.012248046396750976
309,95,0.012573330637189127
309,96,0.012903385206845627
309,97,0.013238477810520101
309,98,0.013578834911829098
309,99,0.013924619834000614
309,100,0.014275907797273406
309,101,0.014632657553626385
309,102,0.01499467940385597
309,103,0.015361599451811706
309,104,0.015732820065640973
309,105,0.016107476648081945
309,106,0.016484390879394573
309,107,0.01686202076532411
309,108,0.01723840794346338
309,109,0.017611122852097358
309,110,0.01799876507059166
309,111,0.018392140408439752
309,112,0.01877957218166973
309,113,0.019156766293441027
309,114,0.019518601577411688
309,115,0.01985904662218527
309,116,0.020171076862674466
309,117,0.020446593588347845
309,118,0.020676346692944946
309,119,0.020849862970080024
309,120,0.020955381760817064
309,121,0.02097979942529878
309,122,0.020908623764425493
309,123,0.020725938838801694
309,124,0.02041437997106615
309,125,0.01995511829587635
309,126,0.01932785510645632
309,127,0.01851083080833159
309,128,0.017480867794281343
309,129,0.016213506580892434
309,130,0.014683401558756977
309,131,0.012865433271004059
309,132,0.010737823004971293
309,133,0.008291108228091542
309,134,0.005555898215807874
309,135,0.0027007671029612205
309,136,0.00044957929354731447
324,1,8.787758460003987e-11
324,2,1.5388043368326342e-09
324,3,6.6326697346980185e-09
324,4,1.7323208238407014e-08
324,5,3.561477123770838e-08
324,6,6.383553912386036e-08
324,7,1.0477557726930894e-07
324,8,1.6179128778709227e-07
324,9,2.389038140426017e-07
324,10,3.4090016968507767e-07
324,11,4.734402889414466e-07
324,12,6.431712008580941e-07
324,13,8.578488471133484e-07
324,14,1.1264677086515866e-06
324,15,1.459398365757949e-06
324,16,1.868533131131047e-06
324,17,2.3674400037191097e-06
324,18,2.9715254093160784e-06
324,19,3.6982064007072017e-06
324,20,4.567093247857462e-06
324,21,5.600183782183606e-06
324,22,6.822070909714654e-06
324,23,8.260165194144277e-06
324,24,9.944934260336547e-06
324,25,1.191016088207469e-05
324,26,1.4193220933613304e-05
324,27,1.6835381945857995e-05
324,28,1.9507692184177056e-05
324,29,2.155159548308861e-05
324,30,2.3748124328137558e-05
324,31,2.610890745365491e-05
324,32,2.8647300704032267e-05
324,33,3.1378624379309875e-05
324,34,3.43204124577725e-05
324,35,3.749267093313993e-05
324,36,4.0918142627466204e-05
324,37,4.462257392831728e-05
324,38,4.863497937280164e-05
324,39,5.298789854640722e-05
324,40,5.7717639558812434e-05
324,41,6.286450408784705e-05
324,42,6.847298915190108e-05
324,43,7.459196268213166e-05
324,44,8.127481354107502e-05
324,45,8.857958035465398e-05
324,46,9.656907006052241e-05
324,47,0.00010531098583401932
324,48,0.00011487809368342378
324,49,0.00012534847038531212
324,50,0.000136805889949599
324,51,0.00014934042506625845
324,52,0.0001630493594097281
324,53,0.00017803852828761362
324,54,0.00019442420205398423
324,55,0.00021191841224438713
324,56,0.0002269965063504965
324,57,0.0002432546079172513
324,58,0.00026079959335157386
324,59,0.00027974853345298775
324,60,0.0003002296671893631
324,61,0.00032238346239112943
324,62,0.0003463637720619985
324,63,0.0003723390913704334
324,64,0.00040049392170814994
324,65,0.0004310302491010735
324,66,0.0004641691422963249
324,67,0.0005001524764153099
324,68,0.0005392447861874429
324,69,0.000581735254864604
324,70,0.0006279398381703879
324,71,0.0006782035271995887
324,72,0.0007329027468605366
324,73,0.0007924478872296882
324,74,0.0008572859584919691
324,75,0.0009279033601626985
324,76,0.0010048287460071264
324,77,0.0010886359640756
324,78,0.0011799470404885543
324,79,0.0012794351714196946
324,80,0.0013878276756799763
324,81,0.001505908850946436
324,82,0.001634522664610618
324,83,0.001742206095840652
324,84,0.0018548792319208235
324,85,0.0019767181098330963
324,86,0.0021085683793493934
324,87,0.0022513566771217705
324,88,0.002406098351318106
324,89,0.002573905817459053
324,90,0.002755997569578753
324,91,0.002953707864042824
324,92,0.0031684970829983176
324,93,0.003401962759293632
324,94,0.0036558512424097445
324,95,0.003932069942668796
324,96,0.0042327000760586
324,97,0.00456000979036344
324,98,0.004916467505334852
324,99,0.005304755263744408
324,100,0.005727781811670959
324,101,0.0061886950672013635
324,102,0.0066908935492679756
324,103,0.007238036237005112
324,104,0.007834050212576184
324,105,0.008483135288647935
324,106,0.009189764653189799
324,107,0.00995868033576716
324,108,0.010794882023623003
324,109,0.011703607466911526
324,110,0.012644668874312877
324,111,0.013646221310059938
324,112,0.014733454241849284
324,113,0.015912936955249493
324,114,0.01719144466219758
324,115,0.018575862069180993
324,116,0.02007304243756876
324,117,0.021689605241073384
324,118,0.023431648659939748
324,119,0.02530434304463048
324,120,0.0273113566214485
324,121,0.029454042487558518
324,122,0.03173028226899103
324,123,0.03413282988268383
324,124,0.03664691762552171
324,125,0.03924675685914959
324,126,0.04189035347143217
324,127,0.04451170333094008
324,128,0.04700882327490426
324,129,0.04922499627412923
324,130,0.05091865556739442
324,131,0.05171371555277742
324,132,0.051015508145391686
324,133,0.04786664539347689
324,134,0.04071314869570161
324,135,0.027214016846232612
324,136,0.007211336810024992
326,1,2.1709752724172714e-06
326,2,2.489220621871097e-05
326,3,7.95169067991155e-05
326,4,0.000163727086347793
326,5,0.0002739863479527692
326,6,0.00040715497259069587
326,7,0.0005605001702888058
326,8,0.0007315957035728727
326,9,0.0009182519576173548
326,10,0.0011184770711297686
326,11,0.0013304563681322045
326,12,0.001552540347520304
326,13,0.001783235413102689
326,14,0.002021194374632755
326,15,0.0022652056017236142
326,16,0.0025141807533139602
326,17,0.002767141576086253
326,18,0.0030232064805259416
326,19,0.0032815776012154073
326,20,0.003541528937694308
326,21,0.003802395985913604
326,22,0.004063567105988957
326,23,0.004324476666948331
326,24,0.004584599906791793
326,25,0.004843449312667809
326,26,0.005100572283770192
326,27,0.005355549780976517
326,28,0.005607995714009789
326,29,0.005857727504252581
326,30,0.006104898755015451
326,31,0.0063496092707286365
326,32,0.0065918128656351025
326,33,0.00683136533858186
326,34,0.0070680648716259014
326,35,0.007301678366603021
326,36,0.007531959166128149
326,37,0.007758659418392418
326,38,0.007981538830209089
326,39,0.008200370831003412
326,40,0.008414946707693976
326,41,0.008625078122332068
326,42,0.008830598324220977
326,43,0.009031362252339468
326,44,0.009227245780017908
326,45,0.009418144254341348
326,46,0.009603970522601044
326,47,0.009784652595087314
326,48,0.009960131086758648
326,49,0.010130356551059422
326,50,0.01029528681481349
326,51,0.010454884383338114
326,52,0.010609113976058796
326,53,0.010757940191050752
326,54,0.010901325252569084
326,55,0.011039226645746537
326,56,0.011171596237563138
326,57,0.011298382047599535
326,58,0.011419526519537473
326,59,0.011534965096162985
326,60,0.011644625370208059
326,61,0.011748426432282194
326,62,0.011846278425824131
326,63,0.01193808224800837
326,64,0.012023729431862811
326,65,0.012103102131377625
326,66,0.012176073243633855
326,67,0.012242506599587161
326,68,0.01230225726078149
326,69,0.01235517186865279
326,70,0.01240108905502674
326,71,0.012439839905440559
326,72,0.012471248488873937
326,73,0.012495132407819845
326,74,0.012511303436479325
326,75,0.012519568195174953
326,76,0.012519728903245524
326,77,0.01251158421060478
326,78,0.012494930112582316
326,79,0.012469560975958815
326,80,0.012435270672209288
326,81,0.012391853842852619
326,82,0.012339107304883773
326,83,0.012276787358436738
326,84,0.01220481174600606
326,85,0.012123704274041898
326,86,0.01203443332101254
326,87,0.01193798191705867
326,88,0.011835149685320782
326,89,0.011726482629261821
326,90,0.011612264144745192
326,91,0.011492535365219077
326,92,0.011367128761726339
326,93,0.011235706497688867
326,94,0.011097798834237357
326,95,0.010952840046813432
326,96,0.010800200564169382
326,97,0.010639214855105633
326,98,0.010469205140253
326,99,0.010289501344939677
326,100,0.010099457966602693
326,101,0.009898468636071764
326,102,0.009685979242575148
326,103,0.009461500411942231
326,104,0.009224620103285357
326,105,0.008975016894071099
326,106,0.008712474369501457
326,107,0.00843689678943028
326,108,0.008148325968120002
326,109,0.007846959041338008
326,110,0.007533166579329391
326,111,0.007207510893423247
326,112,0.006870763132716731
326,113,0.006523916274657919
326,114,0.0061681938730782674
326,115,0.005805053600748095
326,116,0.00543618411293463
326,117,0.005063493922356891
326,118,0.004689091244265617
326,119,0.004315254157169617
326,120,0.003944390948321035
326,121,0.0035789911014485394
326,122,0.0032215680374604984
326,123,0.002874595356676288
326,124,0.002540438934328009
326,125,0.002221287686558537
326,126,0.00191908613529288
326,127,0.001635472000069212
326,128,0.0013717219483337531
326,129,0.0011287084709969313
326,130,0.0009068710145031157
326,131,0.0007062063792115437
326,132,0.0005262916450577375
326,133,0.0003663858934902031
326,134,0.00022580079749925998
326,135,0.0001055148507246369
326,136,1.8558389129471336e-05
328,1,1.9502575890664833e-09
328,2,4.120237255263039e-08
328,3,2.006599609057785e-07
328,4,5.703780149941335e-07
328,5,1.2459536944296722e-06
328,6,2.332108781378669e-06
328,7,3.94334706190766e-06
328,8,6.203138463135876e-06
328,9,9.24228218425269e-06
328,10,1.3196762830741832e-05
328,11,1.8205299788001314e-05
328,12,2.440674643460168e-05
328,13,3.193747534494791e-05
328,14,4.092886941671388e-05
328,15,5.1505028183644955e-05
328,16,6.378078136557276e-05
328,17,7.786008775581464e-05
328,18,9.383487632401296e-05
328,19,0.00011178437073263085
328,20,0.00013177491562553538
328,21,0.00015386030384191064
328,22,0.00017808258792059622
328,23,0.00020447333482437717
328,24,0.00023305527449260914
328,25,0.00026384427369240284
328,26,0.0002968515606187797
328,27,0.0003320861211814262
328,28,0.00036955717304624494
328,29,0.0004092800951174903
328,30,0.00045128397465065366
328,31,0.0004956083749047348
328,32,0.0005423030345490816
328,33,0.0005914296588031159
328,34,0.0006430633904607857
328,35,0.0006972937017212213
328,36,0.0007542246648538757
328,37,0.0008139745782692935
328,38,0.0008766749038858633
328,39,0.0009424684992894125
328,40,0.001011507134111296
328,41,0.001083948298258418
328,42,0.0011599513713179156
328,43,0.0012396732207869228
328,44,0.0013232634044704746
328,45,0.0014108591719659215
328,46,0.0015025805958670446
328,47,0.0015985262258420365
328,48,0.001698769844216353
328,49,0.0018033590499986398
328,50,0.0019123166761268978
328,51,0.0020256463612855205
328,52,0.002143344095317078
328,53,0.0022654179685762154
328,54,0.0023919173283994148
328,55,0.0025229565313512146
328,56,0.0026586682764990436
328,57,0.002799165647448888
328,58,0.002944555440279417
328,59,0.003094947551313739
328,60,0.0032504550954923594
328,61,0.003411194513443351
328,62,0.0035772856461557907
328,63,0.003748851779188554
328,64,0.003926019639756349
328,65,0.004108919345356494
328,66,0.004297684293935187
328,67,0.004492450985441328
328,68,0.004693358770588221
328,69,0.004900549516969474
328,70,0.005114167187482715
328,71,0.005334357326219931
328,72,0.005561266435595792
328,73,0.005795041250541511
328,74,0.0060358278928931185
328,75,0.006283770905948489
328,76,0.00653901214902896
328,77,0.006801689561792274
328,78,0.007071935764907865
328,79,0.007349876500933624
328,80,0.007635628897740619
328,81,0.007929299534132066
328,82,0.008230982295421475
328,83,0.008540590521245636
328,84,0.008857510015891247
328,85,0.009180849149462203
328,86,0.00951002117376238
328,87,0.009844686784193937
328,88,0.010184678443809084
328,89,0.010529954542309388
328,90,0.010880569338303584
328,91,0.011236650114131424
328,92,0.01159837701244678
328,93,0.011965963098056849
328,94,0.012339633325841138
328,95,0.01271960168275763
328,96,0.013106046165450526
328,97,0.01349908149913103
328,98,0.013898729672347615
328,99,0.014304888496149512
328,100,0.014717298458739217
328,101,0.015135508264886808
328,102,0.015558839456990431
328,103,0.01598635055685797
328,104,0.016416801225787415
328,105,0.016848616897430238
328,106,0.01727985443212147
328,107,0.017708169518016483
328,108,0.01813078775308526
328,109,0.018544488988585697
328,110,0.018945636830274937
328,111,0.019330242075210436
328,112,0.01969391281022524
328,113,0.02003183848515805
328,114,0.020338806082921494
328,115,0.020609224444119736
328,116,0.02083715613740802
328,117,0.02101635558939807
328,118,0.02114031122223025
328,119,0.021202288180295906
328,120,0.021195366571032125
328,121,0.021112467908633997
328,122,0.020946359295959165
328,123,0.020689620248505323
328,124,0.020334550030054886
328,125,0.01987298236548753
328,126,0.019295956385687242
328,127,0.01859316237486543
328,128,0.017752027866353617
328,129,0.01675621373689865
328,130,0.015583110381784837
328,131,0.014199577939670223
328,132,0.012554502971514494
328,133,0.010565549831581292
328,134,0.008096692934535483
328,135,0.004940620336594668
328,136,0.0012275091526925538
333,1,0.016007634481432807
333,2,0.04245623913238361
333,3,0.05216256032169379
333,4,0.0547687003978149
333,5,0.05437605539615375
333,6,0.05261457845063543
333,7,0.050212990807600194
333,8,0.04752753197608976
333,9,0.044744186348252855
333,10,0.04196486224385505
333,11,0.039247307321037206
333,12,0.03662483696241413
333,13,0.034116607672375385
333,14,0.03173320642446728
333,15,0.029479812746652973
333,16,0.027358056212816062
333,17,0.02536715111403094
333,18,0.023504619876897705
333,19,0.021766776516612643
333,20,0.020149066221844626
333,21,0.018646315811369198
333,22,0.017252926649033024
333,23,0.015963028368806226
333,24,0.014770604253215637
333,25,0.013669594744994695
333,26,0.012653983102372496
333,27,0.011717865831715277
333,28,0.010855509796880498
333,29,0.010060840505905113
333,30,0.0093269806294905
333,31,0.008647983674194127
333,32,0.008019122683995404
333,33,0.007436497883716108
333,34,0.006896720665068219
333,35,0.00639672811576137
333,36,0.005933681807421907
333,37,0.005504915913355671
333,38,0.005107913158949099
333,39,0.004740295790251486
333,40,0.004399823997681869
333,41,0.004084397338979939
333,42,0.0037920566160413094
333,43,0.0035209847994477766
333,44,0.0032695062981107706
333,45,0.0030360843156601153
333,46,0.002819316286256543
333,47,0.0026179275437550648
333,48,0.0024307634584288204
333,49,0.0022567802967798853
333,50,0.0020950350457966506
333,51,0.00194467437097821
333,52,0.001804922688771865
333,53,0.001675069011387519
333,54,0.0015544514227966947
333,55,0.0014424369857964556
333,56,0.001338408463246572
333,57,0.0012417785595380182
333,58,0.0011520024015723902
333,59,0.0010685766399403315
333,60,0.000991036419840828
333,61,0.0009189525275750766
333,62,0.0008519287101846288
333,63,0.0007895991660921439
333,64,0.0007316261997402906
333,65,0.0006776980370253739
333,66,0.0006275267932749569
333,67,0.0005808465872305991
333,68,0.0005374117917756124
333,69,0.0004969954190199825
333,70,0.0004593876227197529
333,71,0.00042439432257938766
333,72,0.00039183593182895725
333,73,0.0003615461875493576
333,74,0.0003333710733736871
333,75,0.00030716783240603213
333,76,0.00028280405735531093
333,77,0.0002601568571898457
333,78,0.00023911209257998454
333,79,0.00021956367524733045
333,80,0.00020141292648383457
333,81,0.00018456798733913768
333,82,0.00016894328134240837
333,83,0.0001544777087619743
333,84,0.00014116760738320584
333,85,0.0001290173497874135
333,86,0.00011796656970584782
333,87,0.000107916613305916
333,88,9.875761534809079e-05
333,89,9.0383257165401e-05
333,90,8.269765401276542e-05
333,91,7.561786316024284e-05
333,92,6.907407089934192e-05
333,93,6.300861301812291e-05
333,94,5.737448066034685e-05
333,95,5.213366527559e-05
333,96,4.725553589216986e-05
333,97,4.271534819191461e-05
333,98,3.849292515435556e-05
333,99,3.457152764723949e-05
333,100,3.093690822963371e-05
333,101,2.7576535711059018e-05
333,102,2.4478977342974538e-05
333,103,2.1633417008368074e-05
333,104,1.902929394347833e-05
333,105,1.6656044937406817e-05
333,106,1.4502932953898451e-05
333,107,1.255894934533489e-05
333,108,1.0812775975145648e-05
333,109,9.252795066167854e-06
333,110,7.867135954921108e-06
333,111,6.643746464877171e-06
333,112,5.570477062173099e-06
333,113,4.635187190891929e-06
333,114,3.8258585047262896e-06
333,115,3.1307069391102183e-06
333,116,2.538289815375094e-06
333,117,2.0376041530740793e-06
333,118,1.6181726048772082e-06
333,119,1.2701161742778962e-06
333,120,9.842112224166122e-07
333,121,7.51930934113164e-07
333,122,5.654708612136963e-07
333,123,4.1775945760749943e-07
333,124,3.024546174942286e-07
333,125,2.1392773379201706e-07
333,126,1.4723709150412473e-07
333,127,9.80924802129143e-08
333,128,6.281300643740438e-08
333,129,3.8279906918822026e-08
333,130,2.1886287088154978e-08
333,131,1.1485186661014222e-08
333,132,5.337463751412257e-09
333,133,2.06074296493532e-09
333,134,5.806453534262542e-10
333,135,8.687206926396788e-11
333,136,2.4640698332879995e-12
338,1,8.430906630597968e-12
338,2,1.5024408918675812e-10
338,3,6.97237896864778e-10
338,4,1.984941431428366e-09
338,5,4.443995926315303e-09
338,6,8.630768808053922e-09
338,7,1.5251930396514914e-08
338,8,2.5186872546319566e-08
338,9,3.95082938591795e-08
338,10,5.950064709325891e-08
338,11,8.667567801849132e-08
338,12,1.2278450668909095e-07
338,13,1.698254796080181e-07
338,14,2.3004727166861522e-07
338,15,3.059465544782339e-07
338,16,4.0026007534679527e-07
338,17,5.159504131336258e-07
338,18,6.56185806324074e-07
338,19,8.243136478216396e-07
338,20,1.0238282037589517e-06
338,21,1.2583332589640362e-06
338,22,1.5315003394196167e-06
338,23,1.8470242111915998e-06
338,24,2.208576841998375e-06
338,25,2.61976242280288e-06
338,26,3.0840750671308574e-06
338,27,3.6048623589970146e-06
338,28,4.185296961342944e-06
338,29,4.828360918135179e-06
338,30,5.5368497533490865e-06
338,31,6.313392208633737e-06
338,32,7.16049054528331e-06
338,33,8.080586094026476e-06
338,34,9.076154122967172e-06
338,35,1.0149829077978075e-05
338,36,1.130456333660154e-05
338,37,1.254381999693482e-05
338,38,1.3871800851246884e-05
338,39,1.5293708427473172e-05
338,40,1.6816038742152085e-05
338,41,1.8446902090386984e-05
338,42,2.0196360562709275e-05
338,43,2.2076770796193165e-05
338,44,2.410311234273061e-05
338,45,2.629327291162839e-05
338,46,2.866825043400753e-05
338,47,3.1252216779388865e-05
338,48,3.407236681846787e-05
338,49,3.7158447741077665e-05
338,50,4.054183104334838e-05
338,51,4.425394559761375e-05
338,52,4.8323864776847745e-05
338,53,5.277491240645253e-05
338,54,5.762084623255652e-05
338,55,6.286680750014216e-05
338,56,6.852639552989188e-05
338,57,7.462659495028896e-05
338,58,8.119957044966056e-05
338,59,8.828001014448356e-05
338,60,9.590534967354099e-05
338,61,0.00010411601760270429
338,62,0.00011295570646538167
338,63,0.00012247166874713823
338,64,0.0001327150439434079
338,65,0.0001437412159413429
338,66,0.00015561021029296244
338,67,0.0001683871270912576
338,68,0.00018214262106599257
338,69,0.0001969534300468901
338,70,0.0002129029564198263
338,71,0.00023008190979429606
338,72,0.00024858901483036335
338,73,0.00026853179328097
338,74,0.00029002742755166225
338,75,0.0003132037135715208
338,76,0.0003382001162389012
338,77,0.0003651689337461382
338,78,0.00039427658941070735
338,79,0.0004257050601828182
338,80,0.00045965346261289073
338,81,0.000496339812630687
338,82,0.0005360029794104299
338,83,0.0005789043311393892
338,84,0.0006253272407465365
338,85,0.0006755771878140431
338,86,0.0007299865250626813
338,87,0.0007889191538154657
338,88,0.0008527747755180471
338,89,0.0009219934654737535
338,90,0.0009970608255824474
338,91,0.00107851388645913
338,92,0.0011669478879276316
338,93,0.0012630240794883067
338,94,0.0013674786907284238
338,95,0.001481133242513642
338,96,0.0016049063897035877
338,97,0.0017398275065250409
338,98,0.0018870522722796899
338,99,0.0020478805291320825
338,100,0.002223776763577545
338,101,0.002416393580948751
338,102,0.0026275986431000824
338,103,0.0028595056130638597
338,104,0.003114509743065015
338,105,0.0033953288894642483
338,106,0.003705050828530545
338,107,0.004047187795357491
338,108,0.004425738600337766
338,109,0.004845254923343852
338,110,0.005310898500675908
338,111,0.005828498867233216
338,112,0.0064046862741138555
338,113,0.007047032072585456
338,114,0.007764205747504748
338,115,0.008566167912292514
338,116,0.009464410882715818
338,117,0.010472262994266584
338,118,0.011605279365387085
338,119,0.012881751328737217
338,120,0.014323380844312518
338,121,0.015956187268667057
338,122,0.01781174610307877
338,123,0.01992890944536761
338,124,0.02235623772463289
338,125,0.02515550246103443
338,126,0.02840683773585592
338,127,0.032216493449012215
338,128,0.03672880959881681
338,129,0.04214524799396015
338,130,0.04875559571429316
338,131,0.056990729175077436
338,132,0.0675137318193034
338,133,0.08137262978827135
338,134,0.10017472261678592
338,135,0.12515685269736052
338,136,0.1191927674017623
344,1,1.0258222400805977e-05
344,2,9.25456038063029e-05
344,3,0.0002530184556678564
344,4,0.0004685795832568406
344,5,0.0007251449703171299
344,6,0.001013622046849575
344,7,0.0013273008024591412
344,8,0.0016607043526839138
344,9,0.002009082293458295
344,10,0.002368192097780943
344,11,0.002734213678761861
344,12,0.003103724619766112
344,13,0.003473699949936899
344,14,0.003841517789468871
344,15,0.004204961310186717
344,16,0.004562212520153722
344,17,0.004911836403535458
344,18,0.0052527557639840605
344,19,0.005584218138582183
344,20,0.005905756759395136
344,21,0.006217147683360691
344,22,0.006518365239754427
344,23,0.006809537697111831
344,24,0.00709090476424437
344,25,0.007362778231102389
344,26,0.007625506628508759
344,27,0.007879444504212978
344,28,0.00812492657931596
344,29,0.008364632892020368
344,30,0.008600665327030563
344,31,0.008833157939516055
344,32,0.009061621676393499
344,33,0.00928549488114873
344,34,0.009504216217401466
344,35,0.00971723567882814
344,36,0.009924017005896277
344,37,0.010124040620517662
344,38,0.010316808202343253
344,39,0.01050184845450248
344,40,0.010678723368903974
344,41,0.010847034441065438
344,42,0.011006428408415984
344,43,0.011156602299098522
344,44,0.01129730769270847
344,45,0.011428354232919219
344,46,0.011549612579566958
344,47,0.011661017076268942
344,48,0.011762568611908776
344,49,0.011854338230583298
344,50,0.011936472356833285
344,51,0.012009200618391435
344,52,0.012072847416951795
344,53,0.012127847213043696
344,54,0.012174755260401257
344,55,0.01221418494959371
344,56,0.012246541227630978
344,57,0.012272009522951984
344,58,0.01229071999837437
344,59,0.012302793350753115
344,60,0.012308339876823643
344,61,0.012307458707464781
344,62,0.012300237221155011
344,63,0.012286750606070308
344,64,0.012267061596906706
344,65,0.012241220344130494
344,66,0.012209264435876367
344,67,0.012171219058071413
344,68,0.012127097273690223
344,69,0.012076900436557422
344,70,0.012020618717665943
344,71,0.011958231743309148
344,72,0.011889709346260137
344,73,0.01181501241628458
344,74,0.011734093853170108
344,75,0.01164689962468655
344,76,0.01155336991733602
344,77,0.011453440386676141
344,78,0.01134704350305568
344,79,0.011234109993089042
344,80,0.011114570383546237
344,81,0.010988356633850923
344,82,0.010855403865704901
344,83,0.010714445616991877
344,84,0.010564112181808296
344,85,0.010405951986788621
344,86,0.010242122493036162
344,87,0.010074111588416559
344,88,0.009902828188552721
344,89,0.009728757412408934
344,90,0.009552081308237325
344,91,0.009372766737584814
344,92,0.009190629971415953
344,93,0.00900538540084016
344,94,0.008816683252763125
344,95,0.008624139484963697
344,96,0.008427359963118851
344,97,0.00822596029711811
344,98,0.008019582317226676
344,99,0.007807907873845098
344,100,0.007590670457389448
344,101,0.007367665018200484
344,102,0.00713875626774166
344,103,0.0069038856839996315
344,104,0.00666307737853218
344,105,0.006416442955089739
344,106,0.006164185433755445
344,107,0.005906602320445479
344,108,0.005644087927802496
344,109,0.0053771355748172545
344,110,0.005106341462903083
344,111,0.0048324054654306624
344,112,0.004556125238042866
344,113,0.004278392089166788
344,114,0.004000186681533938
344,115,0.003722572942514251
344,116,0.003446690012484174
344,117,0.0031737419721333507
344,118,0.002904985102078481
344,119,0.002641712455520232
344,120,0.00238523561327404
344,121,0.0021368636067544957
344,122,0.00189787918047289
344,123,0.001669512788467845
344,124,0.001452915011135557
344,125,0.0012491283889488475
344,126,0.0010590600287372957
344,127,0.0008834567309960574
344,128,0.0007228848459056109
344,129,0.0005777177530206738
344,130,0.0004481351129906381
344,131,0.0003341408655176449
344,132,0.0002356141426087819
344,133,0.0001524276115535421
344,134,8.473314183684532e-05
344,135,3.3765484376950434e-05
344,136,4.576795294957537e-06
349,1,1.517788276608891e-06
349,2,1.2386105823034656e-05
349,3,3.256075208655917e-05
349,4,5.9539473652621445e-05
349,5,9.221085323261741e-05
349,6,0.00013010969663374334
349,7,0.00017308664029951754
349,8,0.00022117222214145668
349,9,0.00027451717017776804
349,10,0.000333365574184236
349,11,0.00039804344661368977
349,12,0.00046895488083964655
349,13,0.0005465820389766438
349,14,0.000631487018649352
349,15,0.0007243145274249882
349,16,0.0008257947414563687
349,17,0.0009367459515274104
349,18,0.0010580767215190056
349,19,0.0011907873236075156
349,20,0.0013359702248542976
349,21,0.0014948093767783405
349,22,0.0016685780191260395
349,23,0.001858634658959136
349,24,0.002066416819528359
349,25,0.0022934321029395733
349,26,0.0025412460385795537
349,27,0.002811466141963872
349,28,0.0030365857662974205
349,29,0.0031101269251222145
349,30,0.003185523194491526
349,31,0.003263171412476772
349,32,0.003343458721610459
349,33,0.0034267669708647084
349,34,0.0035134766135196363
349,35,0.0036039701214200435
349,36,0.003698634948617001
349,37,0.003797866077783987
349,38,0.0039020681888784
349,39,0.004011657477476254
349,40,0.004127063146380805
349,41,0.004248728592830463
349,42,0.0043771122883042085
349,43,0.004512688361048014
349,44,0.004655946853840978
349,45,0.004807393650781516
349,46,0.0049675500243791726
349,47,0.005136951772128726
349,48,0.005316147881487955
349,49,0.005505698666334121
349,50,0.0057061733000216205
349,51,0.005918146652487519
349,52,0.006142195336805323
349,53,0.006378892801608613
349,54,0.006628803150157919
349,55,0.00687658313834907
349,56,0.006992386183006399
349,57,0.0071169226095977485
349,58,0.007250495161020481
349,59,0.007393403104831018
349,60,0.007545940338700526
349,61,0.007708392996902685
349,62,0.00788103648676783
349,63,0.008064131930058267
349,64,0.008257921944115669
349,65,0.00846262572252617
349,66,0.008678433354869453
349,67,0.008905499350517512
349,68,0.009143935306497477
349,69,0.009393801698627894
349,70,0.009655098753339643
349,71,0.009927756406308027
349,72,0.010211623345533027
349,73,0.010506455159077195
349,74,0.01081190168084576
349,75,0.011127493590756585
349,76,0.011452628445199512
349,77,0.011786556296414258
349,78,0.012128365163078041
349,79,0.012476966653692472
349,80,0.012831082099422846
349,81,0.013189229666254658
349,82,0.013549712920779835
349,83,0.013641532248988624
349,84,0.013707677275415784
349,85,0.013777722425263726
349,86,0.013851017080697373
349,87,0.013926838302166233
349,88,0.014004389000060558
349,89,0.01408279656925444
349,90,0.014161112016328234
349,91,0.014238309676472626
349,92,0.014313287529220165
349,93,0.014384868129809134
349,94,0.014451800114186307
349,95,0.014512760264556696
349,96,0.014566356085579586
349,97,0.014611128867652312
349,98,0.014645557236168848
349,99,0.014668061247424731
349,100,0.01467700711511386
349,101,0.014670712749309183
349,102,0.014647454374320742
349,103,0.014605474551087445
349,104,0.014542992036138522
349,105,0.014458213982234945
349,106,0.01434935104527501
349,107,0.014214635971260124
349,108,0.014052346242906839
349,109,0.013860831339953871
349,110,0.013606491239739681
349,111,0.013315580567430348
349,112,0.01300225706353666
349,113,0.012665378311365081
349,114,0.012303914558281262
349,115,0.011916989828162987
349,116,0.011503927262110733
349,117,0.01106429734851456
349,118,0.010597967217363027
349,119,0.010105148696322862
349,120,0.009586442402999487
349,121,0.009042874823320009
349,122,0.008475925192253443
349,123,0.007887539018243373
349,124,0.0072801254724231615
349,125,0.006656536558346306
349,126,0.006020027282532898
349,127,0.0053741981975928745
349,128,0.004722925564811009
349,129,0.00407029190769116
349,130,0.0034205459078604137
349,131,0.0027781593822404226
349,132,0.00214815217164624
349,133,0.0015371639676484065
349,134,0.0009568208172979134
349,135,0.00043550759139154453
349,136,6.959345793085333e-05
356,1,0.0026668118755244523
356,2,0.011771469662688336
356,3,0.019718035543917968
356,4,0.025258194901770916
356,5,0.028891405650034545
356,6,0.03113955987034505
356,7,0.032396705000275104
356,8,0.03294552360577277
356,9,0.03298755042387318
356,10,0.03266712445899707
356,11,0.03208832882116203
356,12,0.03132671461020503
356,13,0.030437435602023152
356,14,0.029460946153071495
356,15,0.02842703511150168
356,16,0.027357710018056595
356,17,0.026269276638689058
356,18,0.025173848650365507
356,19,0.024080449539789696
356,20,0.022995820198825165
356,21,0.021925012669074494
356,22,0.020871827589987228
356,23,0.01983913697118143
356,24,0.018829122485379737
356,25,0.017843451415399312
356,26,0.01688340641220995
356,27,0.015949981020476626
356,28,0.01513594077699649
356,29,0.014556580233044802
356,30,0.0139935082894319
356,31,0.013447100522859889
356,32,0.012917552817892256
356,33,0.012404908677172472
356,34,0.011909083749141678
356,35,0.011429887475484983
356,36,0.01096704214566881
356,37,0.010520199665350055
356,38,0.010088956340166847
356,39,0.009672865905918333
356,40,0.009271450986064734
356,41,0.008884213138509922
356,42,0.008510641618166732
356,43,0.008150220950937816
356,44,0.007802437437227818
356,45,0.007466784646206592
356,46,0.0071427680102909554
356,47,0.006829908573903089
356,48,0.00652774599022985
356,49,0.006235840833218501
356,50,0.005953776293446638
356,51,0.005681159316063576
356,52,0.005417621241608111
356,53,0.00516281797171879
356,54,0.0049164296318158635
356,55,0.0046823380614713275
356,56,0.004492271160266091
356,57,0.004307315071008128
356,58,0.004127379590187899
356,59,0.0039523730511102995
356,60,0.00378220342882337
356,61,0.003616779272425493
356,62,0.0034560104927822094
356,63,0.0032998090202260577
356,64,0.003148089353676258
356,65,0.0030007690100057535
356,66,0.0028577688868976015
356,67,0.0027190135475025903
356,68,0.0025844314272900457
356,69,0.0024539549771709405
356,70,0.002327520734720711
356,71,0.0022050693347278297
356,72,0.0020865454514349406
356,73,0.0019718976837613087
356,74,0.001861078374995671
356,75,0.0017540433732060646
356,76,0.0016507517347485122
356,77,0.0015511653680155381
356,78,0.0014552486279550364
356,79,0.0013629678571854455
356,80,0.0012742908834479823
356,81,0.0011891864782270919
356,82,0.001107623779676049
356,83,0.0010491717893511964
356,84,0.0009943378987400384
356,85,0.000940900029532156
356,86,0.0008889228278888368
356,87,0.000838465104394741
356,88,0.000789577519902709
356,89,0.000742301355279448
356,90,0.0006966679922617441
356,91,0.0006526989277835248
356,92,0.0006104062005042422
356,93,0.0005697931353819132
356,94,0.0005308553136304305
356,95,0.0004935816871469884
356,96,0.00045795575782071646
356,97,0.0004239567506151924
356,98,0.000391560721337119
356,99,0.00036074154568248236
356,100,0.0003314717555926515
356,101,0.00030372319456009557
356,102,0.00027746748072372585
356,103,0.00025267627587238013
356,104,0.0002293213698806184
356,105,0.0002073745972436399
356,106,0.00018680761235727428
356,107,0.00016759155301684226
356,108,0.0001496966256047999
356,109,0.0001330916489988182
356,110,0.00011886302422182763
356,111,0.00010606128854544753
356,112,9.41466629244474e-05
356,113,8.310744436086e-05
356,114,7.292861469528578e-05
356,115,6.35916314652581e-05
356,116,5.507428814647452e-05
356,117,4.7350660826819025e-05
356,118,4.0391153824776843e-05
356,119,3.416265059619117e-05
356,120,2.8628771221889398e-05
356,121,2.3750232181810194e-05
356,122,1.948529827244758e-05
356,123,1.579031294109661e-05
356,124,1.2620288582027032e-05
356,125,9.929536503804566e-06
356,126,7.672314675228119e-06
356,127,5.803471278982099e-06
356,128,4.279063724352666e-06
356,129,3.056935378606196e-06
356,130,2.0972366164622583e-06
356,131,1.3628817189091728e-06
356,132,8.199388146269813e-07
356,133,4.3794960382572167e-07
356,134,1.9014037321128446e-07
356,135,5.3221306601616356e-08
356,136,4.144013082931763e-09
36,1,3.077505149966621e-09
36,2,5.755739112550734e-08
36,3,2.548720888530264e-07
36,4,6.709216708401458e-07
36,5,1.3748976773820668e-06
36,6,2.4381050794933174e-06
36,7,3.937224210214091e-06
36,8,5.955777283501011e-06
36,9,8.584977298588542e-06
36,10,1.1924375554539118e-05
36,11,1.6082479756304283e-05
36,12,2.1177427828856212e-05
36,13,2.7337767319783805e-05
36,14,3.4703371328775545e-05
36,15,4.342651647563751e-05
36,16,5.367313902806426e-05
36,17,6.562428554051175e-05
36,18,7.947776658478633e-05
36,19,9.545002151968128e-05
36,20,0.00011377819504210833
36,21,0.00013472242284798765
36,22,0.00015856831463644715
36,23,0.000185629615372273
36,24,0.0002162510171335494
36,25,0.00025081107527613307
36,26,0.0002897251761858739
36,27,0.0003334484836236317
36,28,0.000374371926575923
36,29,0.0003989102323466886
36,30,0.0004244027380532061
36,31,0.0004509647163100105
36,32,0.0004787258555205005
36,33,0.0005078302821049872
36,34,0.0005384365164427126
36,35,0.0005707173323387417
36,36,0.0006048594844494297
36,37,0.0006410632728216008
36,38,0.0006795419127658453
36,39,0.0007205206824154783
36,40,0.0007642358383979509
36,41,0.0008109332933206354
36,42,0.0008608670855528457
36,43,0.0009142976907058121
36,44,0.0009714902753822761
36,45,0.0010327130483088812
36,46,0.0010982359536301641
36,47,0.0011683300614496448
36,48,0.0012432681781554874
36,49,0.0013233274553017557
36,50,0.0014087951225324143
36,51,0.0014999790309660342
36,52,0.0015972254367670195
36,53,0.0017009472341095128
36,54,0.0018116642100786825
36,55,0.0019257357450769119
36,56,0.0020073386800663305
36,57,0.0020937885243306658
36,58,0.0021854360401586917
36,59,0.002282652737643807
36,60,0.002385831930586692
36,61,0.0024953897745042383
36,62,0.0026117662641435475
36,63,0.0027354261830381285
36,64,0.0028668599680693597
36,65,0.0030065844856788934
36,66,0.0031551436778298535
36,67,0.0033131090573403736
36,68,0.003481080017231913
36,69,0.0036596839171539487
36,70,0.003849575906649704
36,71,0.004051438445776617
36,72,0.004265980462261056
36,73,0.004493936110358989
36,74,0.004736063057050022
36,75,0.004993140244564713
36,76,0.005265965055013411
36,77,0.00555534981319387
36,78,0.0058621175406716455
36,79,0.006187096888930779
36,80,0.006531116153774259
36,81,0.006894996289875545
36,82,0.00727954280652639
36,83,0.0075195576191565815
36,84,0.007753397602000401
36,85,0.007999504383729079
36,86,0.008258398165441166
36,87,0.008530602433432413
36,88,0.008816640891301452
36,89,0.009117033741798708
36,90,0.009432293249924726
36,91,0.00976291849370591
36,92,0.010109389202400667
36,93,0.010472158588273293
36,94,0.010851645046494789
36,95,0.011248222618526768
36,96,0.011662210088035672
36,97,0.012093858561273449
36,98,0.012543337408783115
36,99,0.013010718374836833
36,100,0.013495957695257823
36,101,0.013998875993748482
36,102,0.014519135704465789
36,103,0.015056215703510642
36,104,0.015609382737869867
36,105,0.016177659135031497
36,106,0.016759786100842375
36,107,0.01735418194501811
36,108,0.017958895549171443
36,109,0.018571564918503685
36,110,0.019089436870952242
36,111,0.01956603961420438
36,112,0.02004149355920356
36,113,0.020512844610378743
36,114,0.020976681962011797
36,115,0.02142907242176699
36,116,0.021865481154184633
36,117,0.022280674937755873
36,118,0.0226686027485933
36,119,0.023022246714053902
36,120,0.023333433974138097
36,121,0.023592596432062806
36,122,0.023788460169163927
36,123,0.023907638589265832
36,124,0.023934091743513106
36,125,0.023848396535068383
36,126,0.023626744915709066
36,127,0.023239544113438076
36,128,0.02264942514742741
36,129,0.0218083609219431
36,130,0.020653441524383403
36,131,0.019100673047421166
36,132,0.017036174022867737
36,133,0.014305597417896785
36,134,0.010712785470928271
36,135,0.006108275807115296
36,136,0.0012943541164527272
38,1,7.941894190824878e-06
38,2,7.736190293163966e-05
38,3,0.00022184608974770465
38,4,0.0004253509865771169
38,5,0.0006770788648432452
38,6,0.0009697414005290326
38,7,0.0012976566425738935
38,8,0.0016558437481624506
38,9,0.0020396166023022503
38,10,0.0024444182497006597
38,11,0.0028657756183340603
38,12,0.0032993153600161056
38,13,0.003740809535120193
38,14,0.004186233419935806
38,15,0.004631824768092282
38,16,0.005074137846379305
38,17,0.005510088100609758
38,18,0.005936984989054585
38,19,0.006352551839539418
38,20,0.006754932539359869
38,21,0.007142685668033431
38,22,0.007514767267674472
38,23,0.007870503870910942
38,24,0.008209557699143399
38,25,0.00853188606807012
38,26,0.008837697051262852
38,27,0.00912740339983879
38,28,0.00940157652197125
38,29,0.009661386874389371
38,30,0.009908114614996353
38,31,0.010142768953151471
38,32,0.01036621069569858
38,33,0.010579213760144287
38,34,0.010782460596957453
38,35,0.01097652759249031
38,36,0.011161870853472342
38,37,0.011338815589196029
38,38,0.011507550363105815
38,39,0.011668126736369808
38,40,0.011820464495237614
38,41,0.011964362399671467
38,42,0.012099514237303948
38,43,0.012225529811220359
38,44,0.012341960399500581
38,45,0.012448328140619708
38,46,0.01254415873307508
38,47,0.012629016854944795
38,48,0.01270254369464892
38,49,0.012764495974104742
38,50,0.012814785747385806
38,51,0.012853519628928998
38,52,0.012881034291593665
38,53,0.012897918846199619
38,54,0.012904993015115827
38,55,0.012903125974837336
38,56,0.01289285835978923
38,57,0.0128744464269205
38,58,0.012848090822919989
38,59,0.012813987578874168
38,60,0.012772327166821808
38,61,0.012723293618726705
38,62,0.012667063744431802
38,63,0.012603806441583655
38,64,0.012533682126603062
38,65,0.01245684229294453
38,66,0.012373429184644947
38,67,0.012283575613115496
38,68,0.012187404892600933
38,69,0.012085030912847418
38,70,0.01197655832401199
38,71,0.011862082848569393
38,72,0.011741691706375151
38,73,0.011615464134424573
38,74,0.011483472022614275
38,75,0.011345780635248706
38,76,0.011202449426076526
38,77,0.011053532938311367
38,78,0.01089908179184099
38,79,0.010739143744425209
38,80,0.0105737648465389
38,81,0.010402990658058905
38,82,0.010226867569958718
38,83,0.010045231308840415
38,84,0.00985796539122442
38,85,0.009665617304371994
38,86,0.009468965643708197
38,87,0.009268723173445232
38,88,0.009065482626175143
38,89,0.008859706146771174
38,90,0.008651728129211141
38,91,0.008441763818696752
38,92,0.008229921164172796
38,93,0.008016214888890805
38,94,0.007800582144708177
38,95,0.007582899304286999
38,96,0.007362999462045526
38,97,0.007140690242449307
38,98,0.00691577154879929
38,99,0.0066880528779096
38,100,0.006457369885449345
38,101,0.006223599895590321
38,102,0.005986676097849421
38,103,0.0057466001858695335
38,104,0.005503453258289054
38,105,0.0052574048042839956
38,106,0.005008719667872183
38,107,0.004757762955247442
38,108,0.00450500306384159
38,109,0.004251013649028698
38,110,0.003996475421097383
38,111,0.0037421727361977844
38,112,0.0034889768064514707
38,113,0.003237833106920001
38,114,0.002989748584121829
38,115,0.00274577667527415
38,116,0.0025070004050317994
38,117,0.0022745139041099273
38,118,0.0020494027731313923
38,119,0.0018327237593195563
38,120,0.0016254842686592096
38,121,0.0014286222643230327
38,122,0.0012429871249119368
38,123,0.001069322051254182
38,124,0.0009082486197955842
38,125,0.0007602540935528247
38,126,0.0006256821230386238
38,127,0.0005047275337150661
38,128,0.0003974360049916323
38,129,0.0003037096812044094
38,130,0.0002233201880731402
38,131,0.0001559313685819433
38,132,0.00010113563028459037
38,133,5.851049349869388e-05
38,134,2.770429623001821e-05
38,135,8.538520106969097e-06
38,136,7.362785496058349e-07
41,1,3.1269526233923877e-07
41,2,4.750620820288508e-06
41,3,1.8042345481630806e-05
41,4,4.190463650268226e-05
41,5,7.69592212777449e-05
41,6,0.0001234673335154968
41,7,0.00018149959431359118
41,8,0.0002509781878375971
41,9,0.000331687920046864
41,10,0.00042328171426597635
41,11,0.0005252876964930529
41,12,0.0006371194281137063
41,13,0.0007580889371716455
41,14,0.0008874215762654957
41,15,0.0010242715699283608
41,16,0.0011677371930620714
41,17,0.0013168746877862487
41,18,0.0014707102776789134
41,19,0.0016282498825669145
41,20,0.0017884864255087723
41,21,0.0019504048163820802
41,22,0.0021129849631587134
41,23,0.002275203245400361
41,24,0.002436033046575756
41,25,0.0025944449509684884
41,26,0.002749407208195694
41,27,0.0028998870478717646
41,28,0.0030634567352078724
41,29,0.0032706980732534487
41,30,0.0034813770907072914
41,31,0.003695158682678603
41,32,0.003911694460725218
41,33,0.004130620112074436
41,34,0.004351553751128789
41,35,0.004574095295104395
41,36,0.0047978267938726
41,37,0.005022313593817604
41,38,0.00524710617912074
41,39,0.005471742493285043
41,40,0.005695750520183282
41,41,0.005918650899140935
41,42,0.006139959372460226
41,43,0.00635918885961176
41,44,0.006575851042959498
41,45,0.006789457330884411
41,46,0.00699951917507307
41,47,0.007205547761497465
41,48,0.007407053096743853
41,49,0.007603542645325821
41,50,0.007794519595733921
41,51,0.007979480938267586
41,52,0.00815791540340681
41,53,0.00832930131794343
41,54,0.008493104082777368
41,55,0.008656362648916852
41,56,0.008882110426811161
41,57,0.009103953984207073
41,58,0.009321502999731425
41,59,0.009534351906474208
41,60,0.009742078709876865
41,61,0.009944243978813456
41,62,0.010140390093433434
41,63,0.01033004071277552
41,64,0.010512700556122198
41,65,0.010687855451157186
41,66,0.010854972748422977
41,67,0.011013502056835545
41,68,0.011162876363247023
41,69,0.011302513541221103
41,70,0.011431818247008011
41,71,0.01155018424696169
41,72,0.011656997145782715
41,73,0.011751637552842293
41,74,0.011833484657330487
41,75,0.01190192023694339
41,76,0.011956333065474228
41,77,0.01199612372565
41,78,0.012020709796553022
41,79,0.012029531416765049
41,80,0.012022057164178054
41,81,0.011997790262261885
41,82,0.011956275055207653
41,83,0.012107357058291789
41,84,0.012270770231550139
41,85,0.012422867269561601
41,86,0.012562962836505395
41,87,0.01269035536326519
41,88,0.012804332228266742
41,89,0.012904174956822353
41,90,0.012989164802105508
41,91,0.013058588816163166
41,92,0.013111746439670308
41,93,0.01314795657293824
41,94,0.013166565006897333
41,95,0.013166952119995195
41,96,0.01314854063194756
41,97,0.013110803270021832
41,98,0.013053270130184542
41,99,0.012975535537748792
41,100,0.012877264223991233
41,101,0.012758196647861687
41,102,0.012618153338287419
41,103,0.012457038175022755
41,104,0.01227484058293857
41,105,0.012071636687934557
41,106,0.011847589553097554
41,107,0.011602948683928561
41,108,0.011338049055147834
41,109,0.011053309994677395
41,110,0.010841548106614503
41,111,0.010648293057134585
41,112,0.010433542301118174
41,113,0.010197222883118985
41,114,0.009939297961439842
41,115,0.009659771426935335
41,116,0.009358695340899137
41,117,0.009036180428204615
41,118,0.008692409664667297
41,119,0.008327654666118236
41,120,0.00794229423212197
41,121,0.007536833957413032
41,122,0.00711192535424407
41,123,0.0066683824591156
41,124,0.006207193477439434
41,125,0.005729524714174946
41,126,0.005236714043703718
41,127,0.004730251738151389
41,128,0.004211748373373124
41,129,0.003682894557026295
41,130,0.003145430245910596
41,131,0.0026011766174702335
41,132,0.0020522853384976492
41,133,0.001502186290814372
41,134,0.0009589158523610833
41,135,0.0004479280177747311
41,136,7.242740289157784e-05
5,1,7.95293963187486e-11
5,2,2.1200416811081553e-09
5,3,1.1867583106888047e-08
5,4,3.7018407474026724e-08
5,5,8.656596585256721e-08
5,6,1.7101687674467045e-07
5,7,3.0263663469579763e-07
5,8,4.956683097904233e-07
5,9,7.665335279359378e-07
5,10,1.134025770739034e-06
5,11,1.6195050441906686e-06
5,12,2.2470999815110123e-06
5,13,3.043925325311215e-06
5,14,4.040320229772946e-06
5,15,5.270112747488096e-06
5,16,6.770917579987173e-06
5,17,8.584469020689075e-06
5,18,1.0756994492732332e-05
5,19,1.3339627638769291e-05
5,20,1.6388862804276856e-05
5,21,1.9967043543426918e-05
5,22,2.4142880850482154e-05
5,23,2.899198797864196e-05
5,24,3.459741829738285e-05
5,25,4.1050182705327425e-05
5,26,4.844972418472277e-05
5,27,5.69043175839061e-05
5,28,6.543434706809233e-05
5,29,7.214198929815841e-05
5,30,7.93428163309391e-05
5,31,8.707671926798475e-05
5,32,9.538794458033066e-05
5,33,0.0001043252321032319
5,34,0.00011394193836198341
5,35,0.00012429614232445184
5,36,0.0001354507467163831
5,37,0.0001474735757005447
5,38,0.00016043748013306502
5,39,0.0001744204633351586
5,40,0.0001895058328974756
5,41,0.00020578239765687797
5,42,0.000223344723163813
5,43,0.00024229346459065667
5,44,0.0002627357945552421
5,45,0.00028478595244324766
5,46,0.0003085659335491677
5,47,0.00033420634355379986
5,48,0.00036184744460426025
5,49,0.0003916404049941018
5,50,0.0004237487630316954
5,51,0.00045835006338739446
5,52,0.0004956375591634537
5,53,0.0005358216564201005
5,54,0.000579130252738657
5,55,0.0006247918462239178
5,56,0.0006642908321298229
5,57,0.00070642769939736
5,58,0.000751402382594594
5,59,0.0007994290386276908
5,60,0.0008507368282354686
5,61,0.0009055707080503826
5,62,0.0009641922175924106
5,63,0.0010268802552300673
5,64,0.0010939318259639036
5,65,0.0011656627599600155
5,66,0.0012424083604460924
5,67,0.0013245239941048301
5,68,0.001412385571770451
5,69,0.0015063899143744745
5,70,0.0016069549716357554
5,71,0.001714519848349773
5,72,0.001829544621044688
5,73,0.0019525098946840357
5,74,0.0020839160486467584
5,75,0.0022242821356666556
5,76,0.0023741443660522353
5,77,0.002534054123992648
5,78,0.0027045754477826095
5,79,0.002886281908414996
5,80,0.0030797528008951257
5,81,0.00328556858205256
5,82,0.003504305456986495
5,83,0.0036887618733367584
5,84,0.003878873402102105
5,85,0.004080465278469068
5,86,0.004294254301407048
5,87,0.004520990829689961
5,88,0.004761458634948195
5,89,0.005016474418070924
5,90,0.005286886973093477
5,91,0.00557357594423833
5,92,0.005877450124888774
5,93,0.006199445288716661
5,94,0.006540521471156644
5,95,0.0069016597029410275
5,96,0.007283858129411371
5,97,0.007688127494975057
5,98,0.00811548596014283
5,99,0.008566953215729868
5,100,0.009043543867420557
5,101,0.009546260059497436
5,102,0.010076083306719934
5,103,0.010633965496471847
5,104,0.011220819033393208
5,105,0.011837506085261712
5,106,0.01248482693791618
5,107,0.013163507516930196
5,108,0.013874186413768665
5,109,0.014617402259629039
5,110,0.015369644768755852
5,111,0.016148143439099767
5,112,0.01696500741975491
5,113,0.017821612350881217
5,114,0.018719299525123214
5,115,0.01965934892622739
5,116,0.020642942100897965
5,117,0.021671111231128526
5,118,0.022744669311337513
5,119,0.023864114163758422
5,120,0.025029495589258297
5,121,0.026240229297099574
5,122,0.027494831979321982
5,123,0.028790535983559882
5,124,0.0301227142941499
5,125,0.031483996946144635
5,126,0.03286286867605248
5,127,0.03424136390194025
5,128,0.035591131463496316
5,129,0.03686642917022494
5,130,0.037991046361565625
5,131,0.03883248843560252
5,132,0.039147417359882954
5,133,0.03845597249164957
5,134,0.03571832486037299
5,135,0.02838573779346472
5,136,0.010560444793389577
52,1,0.0004905408450831365
52,2,0.003853992870968033
52,3,0.009177470086966039
52,4,0.014780803666180583
52,5,0.019878934924611576
52,6,0.024150768629953846
52,7,0.02750170312935653
52,8,0.029950796299553946
52,9,0.03157349592649491
52,10,0.0324707449081005
52,11,0.032751654929236124
52,12,0.032523670028456055
52,13,0.031887101020836243
52,14,0.03093231108510352
52,15,0.02973854434703186
52,16,0.02837377503354839
52,17,0.026895178348974043
52,18,0.02534996087318508
52,19,0.023776376336252743
52,20,0.022204811128196653
52,21,0.020658864063149485
52,22,0.019156372928738164
52,23,0.017710359712535175
52,24,0.016329880006020512
52,25,0.015020771409809277
52,26,0.013786301911040168
52,27,0.012627723243922636
52,28,0.011851634875660539
52,29,0.01180859181904768
52,30,0.011752427254449463
52,31,0.011684393470472619
52,32,0.011605449346344074
52,33,0.011516283018759893
52,34,0.011417335974526127
52,35,0.01130882795304202
52,36,0.01119078202623022
52,37,0.011063049424338778
52,38,0.010925333663944475
52,39,0.010777213668020102
52,40,0.0106181656037109
52,41,0.010447583266422289
52,42,0.010264796895338582
52,43,0.010069090475358073
52,44,0.00985971770583541
52,45,0.009635917153594114
52,46,0.009396927535533327
52,47,0.009142004979799157
52,48,0.008870445721575448
52,49,0.008581620921723682
52,50,0.008275037202908264
52,51,0.007950452025211234
52,52,0.007608111760905046
52,53,0.007249287610160311
52,54,0.006877622674504563
52,55,0.006523078258489516
52,56,0.006351410286384152
52,57,0.006172916391335596
52,58,0.00598838588366725
52,59,0.005798609623859307
52,60,0.005604376576714284
52,61,0.005406470429713147
52,62,0.005205666278749021
52,63,0.005002727384914856
52,64,0.004798402010931979
52,65,0.004593420340792867
52,66,0.0043884915037152835
52,67,0.004184300696608974
52,68,0.003981506440630476
52,69,0.0037807379656996337
52,70,0.003582592760348593
52,71,0.003387634287167581
52,72,0.0031963898963534502
52,73,0.0030093489472830227
52,74,0.0028269611658155664
52,75,0.002649635246023432
52,76,0.002477737723099846
52,77,0.0023115921289963816
52,78,0.0021514784436032397
52,79,0.001997632856312759
52,80,0.001850247844475152
52,81,0.001709472572445533
52,82,0.0015754136139134944
52,83,0.00151627919915692
52,84,0.0014633186551423212
52,85,0.0014087974587212312
52,86,0.0013529963043924756
52,87,0.0012961969185202352
52,88,0.0012386797930072466
52,89,0.0011807219608810772
52,90,0.001122594836473701
52,91,0.0010645621450503884
52,92,0.0010068779612164359
52,93,0.0009497848792645769
52,94,0.0008935123345496269
52,95,0.0008382750919536688
52,96,0.0007842719187882023
52,97,0.000731684453283533
52,98,0.0006806762791181589
52,99,0.0006313922126314114
52,100,0.000583957804501987
52,101,0.0005384790541584432
52,102,0.0004950423276604822
52,103,0.00045371446073047236
52,104,0.00041454301271510606
52,105,0.000377556604550435
52,106,0.00034276520283031215
52,107,0.000310160023276722
52,108,0.00027971216612576445
52,109,0.00025136786120198517
52,110,0.00022911372435169045
52,111,0.00020962923919927133
52,112,0.00019104432066107692
52,113,0.0001733952634091609
52,114,0.00015670864287710906
52,115,0.00014100160010052502
52,116,0.00012628223384363816
52,117,0.00011255008951656258
52,118,9.979673248781173e-05
52,119,8.800639276153034e-05
52,120,7.715666722030996e-05
52,121,6.72192653769634e-05
52,122,5.816078486335703e-05
52,123,4.994350356896372e-05
52,124,4.252617675029486e-05
52,125,3.5864829769550515e-05
52,126,2.9913540997660745e-05
52,127,2.462521564595489e-05
52,128,1.9952362845689097e-05
52,129,1.5847910086334885e-05
52,130,1.2266134343358772e-05
52,131,9.163891063981282e-06
52,132,6.502572540557254e-06
52,133,4.251914131739929e-06
52,134,2.3989266011969892e-06
52,135,9.73358845174031e-07
52,136,1.3450747163697165e-07
55,1,5.3450238688131587e-08
55,2,8.277640458136466e-07
55,3,3.2785586185185085e-06
55,4,7.995623679806346e-06
55,5,1.5434942444647576e-05
55,6,2.6001975593980124e-05
55,7,4.0064327949987074e-05
55,8,5.794979567602628e-05
55,9,7.994215113209687e-05
55,10,0.00010627814359806036
55,11,0.00013714671230883224
55,12,0.00017269050638354084
55,13,0.00021300940193137943
55,14,0.000258165517062394
55,15,0.0003081891630155206
55,16,0.00036308517006696466
55,17,0.00042283909958185475
55,18,0.00048742294014902867
55,19,0.0005567999905717966
55,20,0.0006309287530396658
55,21,0.0007097657585065842
55,22,0.0007932673299700686
55,23,0.0008813903790083264
55,24,0.0009740923683447569
55,25,0.001071330621654572
55,26,0.0011730611836193487
55,27,0.0012792374185823534
55,28,0.001389808558718358
55,29,0.0015047200584079466
55,30,0.001623917899955518
55,31,0.0017473463377422123
55,32,0.0018749448604878595
55,33,0.002006646591137172
55,34,0.0021423774357739287
55,35,0.002282055709983831
55,36,0.0024255922352090713
55,37,0.002572890914800319
55,38,0.0027238497873449956
55,39,0.002878362537754101
55,40,0.0030363204110766067
55,41,0.0031976144454254987
55,42,0.0033621379375053453
55,43,0.0035297890195334527
55,44,0.003700473211957972
55,45,0.0038741058266072996
55,46,0.004050614090096876
55,47,0.004229938817897718
55,48,0.004412035532494413
55,49,0.0045968748487846735
55,50,0.004784441951332726
55,51,0.004974734946365608
55,52,0.005167761739955595
55,53,0.005363534938782147
55,54,0.005562064046669531
55,55,0.005763344821124081
55,56,0.005967354564055765
55,57,0.006174060402790135
55,58,0.006383424855160833
55,59,0.006595405809141105
55,60,0.006809955914186022
55,61,0.0070270219771788765
55,62,0.007246544350712891
55,63,0.00746845631258229
55,64,0.007692683417550881
55,65,0.007919142823097289
55,66,0.008147742581045348
55,67,0.008378380875333078
55,68,0.008610945207791461
55,69,0.008845311531967244
55,70,0.00908134331160997
55,71,0.009318890524131263
55,72,0.009557788574040998
55,73,0.009797857156138507
55,74,0.010038899020507428
55,75,0.010280698678845523
55,76,0.01052302103782547
55,77,0.01076560995588166
55,78,0.011008186744847364
55,79,0.011250448608797942
55,80,0.01149206704090208
55,81,0.01173268616735266
55,82,0.011971921081214998
55,83,0.012209320602076317
55,84,0.012444232510447805
55,85,0.01267578051737003
55,86,0.01290305525415543
55,87,0.013125182495172898
55,88,0.013341335906747468
55,89,0.013550739755252129
55,90,0.013752669102099373
55,91,0.013946448724760373
55,92,0.014131450712844535
55,93,0.014307090433701427
55,94,0.014472820579337568
55,95,0.014628123117452364
55,96,0.014772499066887539
55,97,0.014905456205516258
55,98,0.015026494862151114
55,99,0.015135092119278395
55,100,0.015230684828562914
55,101,0.015312651932005917
55,102,0.0153802966451866
55,103,0.015432829134549022
55,104,0.015469350330291225
55,105,0.015488837590567649
55,106,0.01549013288733709
55,107,0.015471934283097006
55,108,0.015432791397621048
55,109,0.015371105597864924
55,110,0.015285135324059044
55,111,0.015173011690555807
55,112,0.015032751551179974
55,113,0.014862278150590448
55,114,0.014659451162556117
55,115,0.014422105738048122
55,116,0.014148100789780176
55,117,0.013835376497131307
55,118,0.013482020446202846
55,119,0.013086341073592135
55,120,0.012646946096251324
55,121,0.012162822389914849
55,122,0.011633412329260504
55,123,0.011058679922619082
55,124,0.010439158157088655
55,125,0.00977596682158535
55,126,0.009070787538686344
55,127,0.008325779628190137
55,128,0.0075434163431789885
55,129,0.006726215483083558
55,130,0.0058763319450035436
55,131,0.004994978312083775
55,132,0.004081675835145996
55,133,0.0031335782341808454
55,134,0.0021464829452031
55,135,0.0011282246148205106
55,136,0.00022616730328441778
57,1,0.00037514670517398656
57,2,0.002305731595655097
57,3,0.0048049321141477785
57,4,0.007266994671755957
57,5,0.009550431200141154
57,6,0.011620666181251037
57,7,0.013471349403073013
57,8,0.015104079167715768
57,9,0.01652283176201842
57,10,0.017732596899916207
57,11,0.018739235394416808
57,12,0.019549625804042507
57,13,0.020171802000620714
57,14,0.020614997691952158
57,15,0.020889589430409194
57,16,0.021006955772934544
57,17,0.020979277752390054
57,18,0.02081930583433583
57,19,0.020540115493534322
57,20,0.020154869281418766
57,21,0.019676598683949414
57,22,0.01911801465458801
57,23,0.01849135168135507
57,24,0.01780824692914842
57,25,0.017079653265801555
57,26,0.016315783054172868
57,27,0.01552607833763745
57,28,0.015017065509452568
57,29,0.015173844883765168
57,30,0.015292954903942151
57,31,0.015375124454829702
57,32,0.015421129410605444
57,33,0.015431790388978503
57,34,0.015407975435995145
57,35,0.015350606245148732
57,36,0.015260666547048333
57,37,0.015139211423919073
57,38,0.014987376358390111
57,39,0.014806385030870763
57,40,0.014597555015786617
57,41,0.014362300774345426
57,42,0.014102133517637706
57,43,0.013818657732725849
57,44,0.013513564359946238
57,45,0.013188620788443595
57,46,0.012845657966515376
57,47,0.012486555089581191
57,48,0.012113222388565322
57,49,0.011727582683759761
57,50,0.011331552385080582
57,51,0.010927022716663452
57,52,0.010515842029760589
57,53,0.010099800213689553
57,54,0.009680616645023834
57,55,0.009283413086720604
57,56,0.00909004226369318
57,57,0.008884197186292448
57,58,0.008666916506555171
57,59,0.00843925452035333
57,60,0.008202275839863604
57,61,0.007957050290109341
57,62,0.007704648008832096
57,63,0.0074461347604765265
57,64,0.0071825674338849115
57,65,0.00691498973008044
57,66,0.006644428019431885
57,67,0.0063718873658708
57,68,0.006098347714048215
57,69,0.005824760236187622
57,70,0.005552043838610555
57,71,0.005281081828781791
57,72,0.005012718756810374
57,73,0.004747757436870984
57,74,0.004486956162023238
57,75,0.004231026127376678
57,76,0.003980629085959959
57,77,0.0037363752518183827
57,78,0.0034988214732454303
57,79,0.0032684697066813545
57,80,0.0030457657998735786
57,81,0.0028310986196268635
57,82,0.0026247995390899326
57,83,0.002524224562743078
57,84,0.0024323925502502696
57,85,0.002338362166874017
57,86,0.0022425616090027568
57,87,0.002145418486318064
57,88,0.0020473574225268725
57,89,0.001948797587617225
57,90,0.001850150248858967
57,91,0.0017518163606333281
57,92,0.0016541842142039412
57,93,0.0015576271576282262
57,94,0.0014625013921945678
57,95,0.0013691438731266439
57,96,0.0012778703232400384
57,97,0.001188973391818225
57,98,0.0011027209722200874
57,99,0.0010193547142072353
57,100,0.0009390887551615018
57,101,0.000862108698467283
57,102,0.0007885708623100204
57,103,0.0007186018300598462
57,104,0.0006522983141807821
57,105,0.0005897273502845466
57,106,0.0005309268281666205
57,107,0.0004759063549814292
57,108,0.00042464844379869817
57,109,0.0003771100006711185
57,110,0.00033857222558095917
57,111,0.00030449879375572407
57,112,0.00027239327733446806
57,113,0.0002422949479149186
57,114,0.00021422518999910154
57,115,0.00018818833525447592
57,116,0.00016417266549504237
57,117,0.00014215154713518463
57,118,0.00012208466315555473
57,119,0.00010391930104287764
57,120,8.759166582661453e-05
57,121,7.302818826195083e-05
57,122,6.014680456823314e-05
57,123,4.8858195677881856e-05
57,124,3.906697806639082e-05
57,125,3.0672848696065195e-05
57,126,2.3571690868273785e-05
57,127,1.7656650412891695e-05
57,128,1.2819190831362807e-05
57,129,8.950125916011529e-06
57,130,5.940613110810388e-06
57,131,3.6830543563433744e-06
57,132,2.071782773775192e-06
57,133,1.0032577974764123e-06
57,134,3.750923025072954e-07
57,135,8.207966750140302e-08
57,136,4.109456088276594e-09
58,1,3.850883453244047e-06
58,2,6.813673315512842e-05
58,3,0.00027398060051277406
58,4,0.0006416707474618785
58,5,0.0011565382660848678
58,6,0.001790865974629247
58,7,0.0025133197397050637
58,8,0.003293449453504465
58,9,0.004103931375010181
58,10,0.004921595629980635
58,11,0.005727733613857714
58,12,0.006507966850519999
58,13,0.007251859173544914
58,14,0.007952395958028997
58,15,0.00860541516271258
58,16,0.009209046292971576
58,17,0.009763191594413204
58,18,0.010269067849432045
58,19,0.010728816389792775
58,20,0.011145181100024708
58,21,0.01152125040303074
58,22,0.011860256173743604
58,23,0.012165422050337287
58,24,0.012439853532621732
58,25,0.012686462314298645
58,26,0.012907918588786784
58,27,0.013106625376519281
58,28,0.013284709973333078
58,29,0.013444025603059257
58,30,0.013586151728679064
58,31,0.013712398317515674
58,32,0.013823818173864947
58,33,0.013921224033015614
58,34,0.014005209279379028
58,35,0.01407617169457777
58,36,0.0141343395722522
58,37,0.014179799496251073
58,38,0.014212525313313509
58,39,0.014232407588518297
58,40,0.014239283055404936
58,41,0.01423296364059234
58,42,0.01421326456417673
58,43,0.014180031394688446
58,44,0.01413316588302978
58,45,0.014072650694254007
58,46,0.013998573366562935
58,47,0.013911150007197559
58,48,0.013810749537635721
58,49,0.013697919585580235
58,50,0.013573415164992116
58,51,0.013438231063139463
58,52,0.013293636636392362
58,53,0.013141203201078233
58,54,0.01298277750034063
58,55,0.01282017213927048
58,56,0.012654381511226304
58,57,0.012485699276068274
58,58,0.01231426513040941
58,59,0.01214019802129646
58,60,0.011963599334840229
58,61,0.011784555854671223
58,62,0.011603142428906726
58,63,0.011419424409873598
58,64,0.011233459865960985
58,65,0.01104530156087173
58,66,0.010854998749348976
58,67,0.010662598782105032
58,68,0.010468148559314048
58,69,0.01027169582342096
58,70,0.010073290341665465
58,71,0.009872984966691627
58,72,0.009670836610926227
58,73,0.00946690713282649
58,74,0.009261264151068205
58,75,0.00905398180996744
58,76,0.008845141477029491
58,77,0.008634832400242059
58,78,0.008423152318856469
58,79,0.008210208028800278
58,80,0.007996115897970484
58,81,0.007781002338004059
58,82,0.007565004214944306
58,83,0.007348270766265314
58,84,0.0071309694938047246
58,85,0.00691328324738728
58,86,0.006695408820334191
58,87,0.0064775576844906145
58,88,0.006259955909361704
58,89,0.006042843254051108
58,90,0.005826471514613572
58,91,0.005611102258632925
58,92,0.005397004110332662
58,93,0.005184449765388144
58,94,0.004973712909343717
58,95,0.004765065214365267
58,96,0.004558773559875689
58,97,0.00435509759862085
58,98,0.004154287754774598
58,99,0.003956583704492298
58,100,0.0037622133561594144
58,101,0.003571392306522978
58,102,0.0033843237250867934
58,103,0.003201198597290774
58,104,0.0030221962320387567
58,105,0.0028474849475794246
58,106,0.0026772228494415353
58,107,0.0025115586863985384
58,108,0.0023506329833936704
58,109,0.0021945806359913965
58,110,0.002043537317911598
58,111,0.001897645180261877
58,112,0.0017570393151038772
58,113,0.0016218430874848715
58,114,0.001492167142279848
58,115,0.0013681081500102102
58,116,0.0012497472686678868
58,117,0.0011371483718215208
58,118,0.00103035610870956
58,119,0.0009293938742667326
58,120,0.0008342617726509035
58,121,0.0007449346590416279
58,122,0.0006613603401921007
58,123,0.0005834580044353678
58,124,0.0005111169358081254
58,125,0.0004441955467478881
58,126,0.0003825207426287543
58,127,0.0003258876127753783
58,128,0.0002740594524493971
58,129,0.0002267682103861245
58,130,0.00018371579310654128
58,131,0.00014457774155256337
58,132,0.00010901428668885976
58,133,7.670587048492853e-05
58,134,4.747787435900971e-05
58,135,2.1811545629267264e-05
58,136,3.54487497118063e-06
59,1,0.0003450590486036629
59,2,0.002279495214847119
59,3,0.00493268693157668
59,4,0.007587021360006927
59,5,0.010029592081718344
59,6,0.012199206107409202
59,7,0.014086120481520343
59,8,0.015699929898549608
59,9,0.017057804301739806
59,10,0.018179710404315794
59,11,0.01908628580937373
59,12,0.019797806448808842
59,13,0.020333643603488015
59,14,0.020711964254077776
59,15,0.020949569552016573
59,16,0.021061823251604606
59,17,0.021062645179820497
59,18,0.02096455401687126
59,19,0.020778747294393083
59,20,0.020515208175836637
59,21,0.0201828295196096
59,22,0.01978954682617805
59,23,0.01934247274061569
59,24,0.01884802711648701
59,25,0.01831205789943045
59,26,0.017739949480883067
59,27,0.01713671628671019
59,28,0.016664953764650794
59,29,0.016536980076223957
59,30,0.016385487231670524
59,31,0.01621227520173016
59,32,0.01601901571773514
59,33,0.015807271654588218
59,34,0.015578513100504371
59,35,0.01533413031508619
59,36,0.015075443869088864
59,37,0.014803712326064143
59,38,0.014520137838498676
59,39,0.014225870082443349
59,40,0.013922008890949612
59,41,0.013609605952964563
59,42,0.013289665888288277
59,43,0.01296314697742296
59,44,0.012630961765109706
59,45,0.012293977704502565
59,46,0.011953017987381114
59,47,0.011608862616463406
59,48,0.01126224976465829
59,49,0.010913877400610006
59,50,0.010564405136415468
59,51,0.010214456158356214
59,52,0.009864619059615084
59,53,0.009515449222951496
59,54,0.009167469107619678
59,55,0.008832916515677107
59,56,0.008603344022675326
59,57,0.008371085530000572
59,58,0.008136584523401156
59,59,0.007900261772816594
59,60,0.007662518096824287
59,61,0.007423737042052448
59,62,0.007184287437025532
59,63,0.006944525789607612
59,64,0.006704798493547058
59,65,0.006465443819395131
59,66,0.006226793664933853
59,67,0.005989175053819823
59,68,0.005752911359452864
59,69,0.005518323252635571
59,70,0.005285729361979785
59,71,0.005055446644706918
59,72,0.004827790474288195
59,73,0.0046030744435742515
59,74,0.004381609892946438
59,75,0.004163705180390698
59,76,0.003949664706149054
59,77,0.003739787704602345
59,78,0.0035343668364325076
59,79,0.003333686603966674
59,80,0.0031380216077758843
59,81,0.0029476346977282374
59,82,0.0027627750303841356
59,83,0.0026484931189971216
59,84,0.002541300261288938
59,85,0.0024339655272052826
59,86,0.002326776060255522
59,87,0.002220011726130816
59,88,0.0021139449834577445
59,89,0.002008840611884661
59,90,0.0019049552900162639
59,91,0.0018025370285301287
59,92,0.0017018244555685833
59,93,0.0016030459589117003
59,94,0.001506418707008143
59,95,0.0014121475677990796
59,96,0.0013204239721154721
59,97,0.0012314247599339691
59,98,0.0011453110638363383
59,99,0.0010622272804188908
59,100,0.0009823001802541254
59,101,0.000905638195654402
59,102,0.0008323309237166154
59,103,0.0007624488609695433
59,104,0.000696043379328234
59,105,0.0006331469375777761
59,106,0.0005737735095882526
59,107,0.0005179192045032191
59,108,0.0004655630425062377
59,109,0.00041666785130783034
59,110,0.0003754215115557064
59,111,0.00033833265912788915
59,112,0.0003034183849522859
59,113,0.0002706880668306566
59,114,0.0002401397182568959
59,115,0.0002117603800886807
59,116,0.00018552646693544963
59,117,0.0001614040747499913
59,118,0.00013934926244682906
59,119,0.00011930833347590172
59,120,0.00010121814595255263
59,121,8.500648737684078e-05
59,122,7.059254978771015e-05
59,123,5.788753748042523e-05
59,124,4.6795435385008674e-05
59,125,3.721395516479001e-05
59,126,2.90356660819273e-05
59,127,2.214930420706574e-05
59,128,1.6441240541531992e-05
59,129,1.179707645411644e-05
59,130,8.103321725311236e-06
59,131,5.249095919885819e-06
59,132,3.127761800352954e-06
59,133,1.6382997569578958e-06
59,134,6.858524451977556e-07
59,135,1.7913949552180313e-07
59,136,1.2156364118705988e-08
6,1,5.947976152931553e-08
6,2,7.459510138451794e-07
6,3,2.5755491675740024e-06
6,4,5.698719816460048e-06
6,5,1.022087272185113e-05
6,6,1.625824945495912e-05
6,7,2.3942475882685192e-05
6,8,3.3419005290014845e-05
6,9,4.484539714960963e-05
6,10,5.8390311112240755e-05
6,11,7.423324586791811e-05
6,12,9.256491238734257e-05
6,13,0.00011358811992371543
6,14,0.00013751905756038843
6,15,0.00016458885945669455
6,16,0.00019504533918044678
6,17,0.0002291547729797576
6,18,0.0002672036103269511
6,19,0.0003094999828794146
6,20,0.0003563748774782878
6,21,0.0004081828452019605
6,22,0.0004653021080539173
6,23,0.0005281339333674863
6,24,0.0005971011497007637
6,25,0.0006726456820521749
6,26,0.0007552249878642836
6,27,0.0008453072985599531
6,28,0.0009287024419162186
6,29,0.000981818336387152
6,30,0.0010366650648656632
6,31,0.0010933998605118682
6,32,0.0011521857904881424
6,33,0.0012131911617570084
6,34,0.0012765892164902605
6,35,0.0013425580933477791
6,36,0.0014112810290068062
6,37,0.0014829467750493298
6,38,0.0015577502090499359
6,39,0.0016358930931272705
6,40,0.0017175849646722278
6,41,0.0018030441046124595
6,42,0.0018924985594424239
6,43,0.0019861871662679074
6,44,0.0020843605393843874
6,45,0.0021872819724363685
6,46,0.0022952282074128233
6,47,0.0024084900057808555
6,48,0.002527372465346949
6,49,0.0026521950099866764
6,50,0.002783290943340424
6,51,0.002921006465917689
6,52,0.0030656989543080596
6,53,0.003217734229012001
6,54,0.003377482280925626
6,55,0.00353979898891855
6,56,0.0036591372334197334
6,57,0.0037839423692561215
6,58,0.0039145321928631405
6,59,0.004051231749153336
6,60,0.004194372751884577
6,61,0.004344292812558345
6,62,0.004501334457304055
6,63,0.004665843894029066
6,64,0.004838169497779226
6,65,0.00501865998915318
6,66,0.005207662252235687
6,67,0.0054055187666452184
6,68,0.005612564612196737
6,69,0.005829123991879649
6,70,0.006055506250710006
6,71,0.006292001329022902
6,72,0.00653887462546787
6,73,0.006796361216540811
6,74,0.007064659415366431
6,75,0.007343923625207919
6,76,0.007634256473031111
6,77,0.007935700218032122
6,78,0.008248227432717711
6,79,0.008571730976487703
6,80,0.00890601329997474
6,81,0.009250775156145504
6,82,0.00960560378675451
6,83,0.009845652091944736
6,84,0.010079990624280541
6,85,0.010322435530844214
6,86,0.010573014855242474
6,87,0.010831710879757615
6,88,0.011098455090286286
6,89,0.01137312270320207
6,90,0.011655526970583679
6,91,0.011945413365874648
6,92,0.01224245368236208
6,93,0.012546240077669331
6,94,0.012856279099375745
6,95,0.013171985676929805
6,96,0.013492677116392675
6,97,0.013817567021653413
6,98,0.01414575913045531
6,99,0.01447624096902988
6,100,0.014807877209897336
6,101,0.015139402641899594
6,102,0.015469414554627959
6,103,0.01579636443496196
6,104,0.01611854878584087
6,105,0.01643409894493134
6,106,0.016740969818206008
6,107,0.017036927477083064
6,108,0.017319535708729277
6,109,0.01758614167988282
6,110,0.01780886444277197
6,111,0.01800541190152573
6,112,0.018184990370068085
6,113,0.01834470463893593
6,114,0.01848130866603726
6,115,0.018591168071923816
6,116,0.01867022202831672
6,117,0.01871394535950488
6,118,0.01871731157868199
6,119,0.01867475713664953
6,120,0.01858014645735861
6,121,0.01842673592338342
6,122,0.01820713291027877
6,123,0.017913242622498715
6,124,0.017536190576924283
6,125,0.017066201096078478
6,126,0.01649240103171804
6,127,0.015802500856773868
6,128,0.014982279088865895
6,129,0.014014755564123769
6,130,0.012878878691402421
6,131,0.011547474084491593
6,132,0.009984170401102046
6,133,0.008139448707652772
6,134,0.005949447369880898
6,135,0.0033673014851985763
6,136,0.0007451196961147048
61,1,0.042047181149720746
61,2,0.0786616781737483
61,3,0.07906949705504492
61,4,0.07247287512294137
61,5,0.06491011258026531
61,6,0.05783940141373442
61,7,0.05158378733441224
61,8,0.0461444852165317
61,9,0.0414337079079245
61,10,0.037347796437844694
61,11,0.03379021017620093
61,12,0.030677609349871682
61,13,0.027940161763336267
61,14,0.025520028636192918
61,15,0.023369461490964246
61,16,0.021449009104474594
61,17,0.019725980930509396
61,18,0.018173182264736947
61,19,0.016767891826281103
61,20,0.015491041484248853
61,21,0.01432655935806761
61,22,0.013260843074147887
61,23,0.012282336001958064
61,24,0.011381184829357191
61,25,0.010548961444067683
61,26,0.009778435770020515
61,27,0.009063389095021952
61,28,0.008381507967007108
61,29,0.007720098702952503
61,30,0.007119863181515722
61,31,0.006574124996040842
61,32,0.006076998421120416
61,33,0.005623303254835829
61,34,0.005208482829906582
61,35,0.004828528037875127
61,36,0.00447990859807808
61,37,0.004159511843261186
61,38,0.003864588757688642
61,39,0.0035927067840094595
61,40,0.0033417087680729005
61,41,0.0031096774082408287
61,42,0.002894904568564312
61,43,0.0026958648437308435
61,44,0.0025111928210670227
61,45,0.0023396635394747917
61,46,0.0021801756832801303
61,47,0.002031737122015203
61,48,0.0018934524418875262
61,49,0.0017645121728974205
61,50,0.0016441834540350273
61,51,0.0015318019093590518
61,52,0.001426764558344544
61,53,0.0013285235960485483
61,54,0.0012365809103010751
61,55,0.0011506643680257026
61,56,0.0010719279285273577
61,57,0.0009984359027362
61,58,0.0009298083323243123
61,59,0.000865695178817314
61,60,0.0008057740412618358
61,61,0.0007497480458466142
61,62,0.0006973438856885358
61,63,0.0006483100088559403
61,64,0.0006024149311222215
61,65,0.0005594456653468478
61,66,0.0005192062629945867
61,67,0.00048151645453477725
61,68,0.000446210378576164
61,69,0.00041313540471602916
61,70,0.0003821510292653983
61,71,0.0003531278484032204
61,72,0.00032594659929901447
61,73,0.00030049726992559234
61,74,0.000276678263475137
61,75,0.0002543956266066711
61,76,0.000233562326494755
61,77,0.00021409758335874435
61,78,0.00019592624993151287
61,79,0.00017897823837334005
61,80,0.0001631879908296208
61,81,0.0001484939969751083
61,82,0.00013483834848182057
61,83,0.00012362029365584553
61,84,0.00011332245464616082
61,85,0.00010376062223262634
61,86,9.491098989673476e-05
61,87,8.673766054474887e-05
61,88,7.919729796689287e-05
61,89,7.224331296342357e-05
61,90,6.582894375974105e-05
61,91,5.990932744182547e-05
61,92,5.444277408048791e-05
61,93,4.939144002707682e-05
61,94,4.472156170145981e-05
61,95,4.040338738517726e-05
61,96,3.641090699037494e-05
61,97,3.272146193180561e-05
61,98,2.931529206185036e-05
61,99,2.617506803775225e-05
61,100,2.3285435514069335e-05
61,101,2.0632592653993374e-05
61,102,1.8203916202080466e-05
61,103,1.598763831834243e-05
61,104,1.397258056653561e-05
61,105,1.2147941755515653e-05
61,106,1.0503137764172434e-05
61,107,9.027689734293138e-06
61,108,7.711153823605872e-06
61,109,6.5430887256883605e-06
61,110,5.554272562602161e-06
61,111,4.696463533767349e-06
61,112,3.94148640727953e-06
61,113,3.2815789803760386e-06
61,114,2.7089876811309605e-06
61,115,2.2160277521396426e-06
61,116,1.7951467728154232e-06
61,117,1.4389890418901737e-06
61,118,1.1404580108708723e-06
61,119,8.92774671004105e-07
61,120,6.895293615824099e-07
61,121,5.247259756170947e-07
61,122,3.9281704056350566e-07
61,123,2.887286472324486e-07
61,124,2.078752476406107e-07
61,125,1.461640620612498e-07
61,126,9.998973739155837e-08
61,127,6.621988805423507e-08
61,128,4.217268493280097e-08
61,129,2.558778457402249e-08
61,130,1.4591966205186785e-08
61,131,7.66119537124346e-09
61,132,3.5803407024483623e-09
61,133,1.402207724241108e-09
61,134,4.0714338050604063e-10
61,135,6.478347882372751e-11
61,136,2.1062494886698224e-12
62,1,4.569774766945687e-11
62,2,1.1015702064134055e-09
62,3,5.9452322845160666e-09
62,4,1.849472180611558e-08
62,5,4.394007466599826e-08
62,6,8.912396321541961e-08
62,7,1.6289727013990126e-07
62,8,2.764542542014616e-07
62,9,4.4364410118884427e-07
62,10,6.812487062898042e-07
62,11,1.009214277729447e-06
62,12,1.450824443100999e-06
62,13,2.032804030981763e-06
62,14,2.7853454450370986e-06
62,15,3.7420530167391866e-06
62,16,4.939804546235514e-06
62,17,6.418534014037662e-06
62,18,8.220943499425175e-06
62,19,1.0392157403982123e-05
62,20,1.2979335270733841e-05
62,21,1.6031263874991295e-05
62,22,1.9597951261804406e-05
62,23,2.373024694469157e-05
62,24,2.8479512988213157e-05
62,25,3.389736931027652e-05
62,26,4.0035533901851575e-05
62,27,4.6945775229783036e-05
62,28,5.467998819713049e-05
62,29,6.329093040876018e-05
62,30,7.283441404709633e-05
62,31,8.336976921212677e-05
62,32,9.496002519749478e-05
62,33,0.00010767254965533566
62,34,0.00012157990218812226
62,35,0.0001367607673436802
62,36,0.00015330091180229533
62,37,0.0001712941208821428
62,38,0.00019084306622353892
62,39,0.00021206005185524292
62,40,0.0002350675805525592
62,41,0.00025999867802887496
62,42,0.0002869969137548182
62,43,0.0003162160593449232
62,44,0.00034781933042308437
62,45,0.00038197817756185595
62,46,0.00041887060509924947
62,47,0.0004586790371608254
62,48,0.0005015877911295527
62,49,0.0005477802877468376
62,50,0.0005974362368670469
62,51,0.000650729195375127
62,52,0.0007078251829119382
62,53,0.0007688835847532143
62,54,0.00083406266467782
62,55,0.0009035338077793794
62,56,0.0009774970163241973
62,57,0.0010561750541636266
62,58,0.0011398032016767046
62,59,0.0012286281282254173
62,60,0.0013229085794037357
62,61,0.00142291607580185
62,62,0.0015289356287384274
62,63,0.001641266459868812
62,64,0.001760222727406128
62,65,0.0018861342471889239
62,66,0.002019347202103544
62,67,0.002160224834917723
62,68,0.0023091481113495797
62,69,0.0024665163431586644
62,70,0.0026327477607387823
62,71,0.0028082800151061653
62,72,0.00299357059800606
62,73,0.0031890971574570033
62,74,0.0033953576853353808
62,75,0.0036128705540337497
62,76,0.0038421743731767164
62,77,0.004083827628635669
62,78,0.004338408070911765
62,79,0.004606511811273271
62,80,0.004888752072699422
62,81,0.0051857575398528075
62,82,0.005498170257147252
62,83,0.0058265632638436655
62,84,0.006171152778513295
62,85,0.006531774553001225
62,86,0.006908319401185484
62,87,0.007300873885481143
62,88,0.007709734652372901
62,89,0.008135395751809802
62,90,0.008578526229059339
62,91,0.009039942334621291
62,92,0.009520575893634179
62,93,0.010021439671772209
62,94,0.010543590224233344
62,95,0.011088088450651111
62,96,0.011655957777544591
62,97,0.012248139614834412
62,98,0.012865445468692362
62,99,0.013508504898257367
62,100,0.014177708333449572
62,101,0.014873143785755922
62,102,0.015594526488218472
62,103,0.016341120735417304
62,104,0.01711165347791295
62,105,0.01790421971774749
62,106,0.018716180365296767
62,107,0.019544054094259057
62,108,0.020383405760093395
62,109,0.021228735505297257
62,110,0.022073374071606533
62,111,0.022909383630016624
62,112,0.023727476543260108
62,113,0.024516955676410313
62,114,0.02526568609486759
62,115,0.025960108554479482
62,116,0.026585304150695096
62,117,0.027125118529455105
62,118,0.027562352201416354
62,119,0.027879020499298707
62,120,0.028056682433754813
62,121,0.02807683193966744
62,122,0.027921337910648856
62,123,0.02757291079035443
62,124,0.027015563321167727
62,125,0.026235021225147526
62,126,0.0252190254508808
62,127,0.02395745016325368
62,128,0.022442138097651377
62,129,0.020666325352132895
62,130,0.0186234932818733
62,131,0.016305472073371987
62,132,0.013699771197724411
62,133,0.010787146174388257
62,134,0.00754631739919871
62,135,0.0040112740264602
62,136,0.0007899137679290726
66,1,5.314114443956724e-05
66,2,0.00037226592222883755
66,3,0.0008774558325947967
66,4,0.0014801617973919676
66,5,0.002145888792562746
66,6,0.0028558213346892565
66,7,0.0035963839741890865
66,8,0.004356045833905959
66,9,0.005124305306994605
66,10,0.0058914286858320645
66,11,0.006648458712187827
66,12,0.007387304834639556
66,13,0.008100835788379678
66,14,0.008782941110627019
66,15,0.009428550085583461
66,16,0.01003360792004593
66,17,0.010595014859899447
66,18,0.01111053681191824
66,19,0.011578696945766005
66,20,0.011998657449166382
66,21,0.012370099569613423
66,22,0.01269310865713261
66,23,0.012968069324441599
66,24,0.013195574332037283
66,25,0.013376349406613613
66,26,0.013511194984785537
66,27,0.013600944901159246
66,28,0.013712311408271397
66,29,0.013947158172523925
66,30,0.01415980956445922
66,31,0.014351083668587963
66,32,0.014521650441186074
66,33,0.014672036914173453
66,34,0.014802637888383726
66,35,0.01491373075165572
66,36,0.015005493073736189
66,37,0.015078021800726918
66,38,0.015131353061707743
66,39,0.015165481730575784
66,40,0.015180380146490246
66,41,0.015176015509100827
66,42,0.015152365718552602
66,43,0.015109433558647623
66,44,0.015047259328041754
66,45,0.014965932185700784
66,46,0.014865600676361343
66,47,0.014746483113719774
66,48,0.01460887881444145
66,49,0.0144531816196301
66,50,0.01427989783114624
66,51,0.01408967193066051
66,52,0.013883325426606273
66,53,0.013661916831514865
66,54,0.01342682652692399
66,55,0.013189486998409041
66,56,0.013029231425710636
66,57,0.012859094665933558
66,58,0.01267951660216146
66,59,0.012490904689229915
66,60,0.012293637456388276
66,61,0.012088068298469042
66,62,0.011874529488249484
66,63,0.011653336337059327
66,64,0.01142479145234792
66,65,0.011189189019237674
66,66,0.010946819053309742
66,67,0.010697971582974843
66,68,0.010442940705426677
66,69,0.010182028454715955
66,70,0.009915548476997786
66,71,0.009643829439590789
66,72,0.009367218143252844
66,73,0.009086082317555031
66,74,0.008800813047776829
66,75,0.008511826812951078
66,76,0.00821956709950431
66,77,0.007924505569001676
66,78,0.007627142747723395
66,79,0.00732800821975873
66,80,0.007027660298509835
66,81,0.006726685166812826
66,82,0.006425695454799833
66,83,0.006228733015182418
66,84,0.006039157868132047
66,85,0.005845658501378438
66,86,0.005648686307275476
66,87,0.005448694591763145
66,88,0.005246143411754964
66,89,0.005041503623561189
66,90,0.004835259923340288
66,91,0.004627912787000544
66,92,0.004419979195507633
66,93,0.004211992120103471
66,94,0.004004498775555304
66,95,0.0037980577177101392
66,96,0.0035932349150986148
66,97,0.0033905989792107874
66,98,0.00319071576709146
66,99,0.0029941426006609047
66,100,0.0028014223484696026
66,101,0.002613077605864129
66,102,0.002429605190098945
66,103,0.0022514711325163925
66,104,0.002079106299289378
66,105,0.0019129027275453518
66,106,0.001753210716477228
66,107,0.0016003366498034848
66,108,0.0014545415152606616
66,109,0.0013160403033895705
66,110,0.0011953800535245813
66,111,0.00108465043119399
66,112,0.0009792352987995031
66,113,0.0008793158667363399
66,114,0.0007850393062090267
66,115,0.0006965189143122268
66,116,0.0006138340620298373
66,117,0.0005370298744776049
66,118,0.0004661166391175563
66,119,0.00040106898662121043
66,120,0.0003418249442088677
66,121,0.0002882850127472475
66,122,0.00024031145746893794
66,123,0.00019772803712354197
66,124,0.00016032040455659364
66,125,0.000127837404899881
66,126,9.999346544053963e-05
66,127,7.647221484991086e-05
66,128,5.6931398895201485e-05
66,129,4.100907203669248e-05
66,130,2.8330960220557714e-05
66,131,1.8518820646769474e-05
66,132,1.1199582255633162e-05
66,133,6.015021043376147e-06
66,134,2.631452399410096e-06
66,135,7.46298030570199e-07
66,136,5.939490202596811e-08
68,1,3.91437360671932e-05
68,2,0.0002237813706256781
68,3,0.0004577637013187923
68,4,0.0006999004405310505
68,5,0.0009454155331230167
68,6,0.0011953800057044478
68,7,0.0014516180335670903
68,8,0.0017156774193395348
68,9,0.001988643081109048
68,10,0.002271144920823956
68,11,0.002563406130830374
68,12,0.002865294003988168
68,13,0.003176365358169508
68,14,0.0034959064435541457
68,15,0.003822968794940995
68,16,0.004156402391759219
68,17,0.00449488702103469
68,18,0.004836962262318288
68,19,0.005181056161030893
68,20,0.005525512385770967
68,21,0.005868615534402559
68,22,0.006208614183069183
68,23,0.00654374128556045
68,24,0.0068722316021188
68,25,0.0071923359574680296
68,26,0.0075023322624151985
68,27,0.007800533417057225
68,28,0.008058632891452682
68,29,0.008243845638400782
68,30,0.008420900003027039
68,31,0.008590526812289652
68,32,0.008753466494811875
68,33,0.008910448340322836
68,34,0.009062171117261038
68,35,0.009209285325844332
68,36,0.009352377408079546
68,37,0.009491956206602068
68,38,0.009628441972518718
68,39,0.009762158173481526
68,40,0.009893326337746982
68,41,0.010022064107725529
68,42,0.010148386599582714
68,43,0.010272211070802041
68,44,0.010393364742192778
68,45,0.010511595451068806
68,46,0.010626584630285523
68,47,0.0107379618782222
68,48,0.010845320183331338
68,49,0.010948230725252299
68,50,0.01104625603467277
68,51,0.011138960321636021
68,52,0.011225915849425689
68,53,0.011306704529152608
68,54,0.01138091423646988
68,55,0.01144645168084101
68,56,0.011491426315070725
68,57,0.011532451400262201
68,58,0.011569547529909106
68,59,0.011602704318856688
68,60,0.01163188009456435
68,61,0.011657001760457739
68,62,0.011677964823538436
68,63,0.01169463359864404
68,64,0.011706841593074632
68,65,0.011714392079494351
68,66,0.011717058871123856
68,67,0.011714587314287012
68,68,0.011706695523165396
68,69,0.011693075844431869
68,70,0.011673396613856763
68,71,0.011647304183216875
68,72,0.011614425254101496
68,73,0.011574369541177732
68,74,0.011526732769728865
68,75,0.011471100021183405
68,76,0.011407049435180438
68,77,0.011334156297428288
68,78,0.01125199746536888
68,79,0.011160156182917443
68,80,0.011058227227965177
68,81,0.01094582239995796
68,82,0.010822576311494771
68,83,0.010751142671078158
68,84,0.0106804279614687
68,85,0.010603536560900639
68,86,0.010520276303529537
68,87,0.010430431342368955
68,88,0.010333764360284506
68,89,0.010230018990910123
68,90,0.010118922564545593
68,91,0.010000189358337344
68,92,0.009873524307677179
68,93,0.009738627268345703
68,94,0.00959519780346562
68,95,0.0094429405506858
68,96,0.009281571150063438
68,97,0.009110822724882388
68,98,0.008930452900755864
68,99,0.008740251309751179
68,100,0.008540047505873736
68,101,0.008329719220232047
68,102,0.008109200822534388
68,103,0.007878491873498723
68,104,0.007637665574319076
68,105,0.007386876955912393
68,106,0.0071263706359361405
68,107,0.006856487895665847
68,108,0.006577672902781381
68,109,0.00629047788060228
68,110,0.006024658198243863
68,111,0.005762996411307604
68,112,0.005493341810815978
68,113,0.005216315652825289
68,114,0.0049326418101852875
68,115,0.004643151097051153
68,116,0.004348785149850694
68,117,0.0040505999249038855
68,118,0.003749768989348176
68,119,0.0034475868655495672
68,120,0.0031454726896683388
68,121,0.002844974417240835
68,122,0.0025477738661565798
68,123,0.002255692742035987
68,124,0.001970699620900178
68,125,0.0016949176245698058
68,126,0.0014306321227906334
68,127,0.0011802970864035975
68,128,0.0009465378543145462
68,129,0.0007321463115570494
68,130,0.0005400615160351319
68,131,0.0003733225084445186
68,132,0.0002349657085655335
68,133,0.0001278032267449821
68,134,5.391779297361121e-05
68,135,1.3394472815056078e-05
68,136,7.681616380637534e-07
77,1,4.821320002277215e-08
77,2,6.91898832403107e-07
77,3,2.552795531915902e-06
77,4,5.8629766923018785e-06
77,5,1.0769513988370255e-05
77,6,1.7419704208288867e-05
77,7,2.5973838247521597e-05
77,8,3.660463775130479e-05
77,9,4.9493947205617735e-05
77,10,6.482900989908619e-05
77,11,8.279888010831126e-05
77,12,0.00010359109800796718
77,13,0.000127388647549431
77,14,0.0001543671912178334
77,15,0.00018469256567210302
77,16,0.00021851851052000413
77,17,0.0002559845950007701
77,18,0.0002972142873291184
77,19,0.00034231310331623834
77,20,0.0003913667578347801
77,21,0.00044443923678080496
77,22,0.0005015707065150122
77,23,0.0005627751860015534
77,24,0.000628037920203074
77,25,0.0006973124139921761
77,26,0.0007705171202523881
77,27,0.0008475318047056825
77,28,0.0009242318423784798
77,29,0.0009946296061681078
77,30,0.0010677033080238652
77,31,0.0011435327603637126
77,32,0.0012222065939492652
77,33,0.0013038204439063687
77,34,0.0013884750540519956
77,35,0.001476274336389366
77,36,0.0015673234406431307
77,37,0.001661726879559447
77,38,0.0017595867649651575
77,39,0.0018610011827187457
77,40,0.0019660627402965647
77,41,0.00207485730059033
77,42,0.0021874629070139408
77,43,0.0023039488864591727
77,44,0.002424375115701954
77,45,0.0025487914011859476
77,46,0.002677236930430839
77,47,0.0028097397283828886
77,48,0.002946316034965157
77,49,0.0030869695291385712
77,50,0.0032316902896148887
77,51,0.0033804533979639637
77,52,0.0035332170481605007
77,53,0.00368992000752207
77,54,0.0038504781558801287
77,55,0.004013783243377217
77,56,0.004172039306090981
77,57,0.004334503899300795
77,58,0.004501280897050378
77,59,0.004672465842422614
77,60,0.004848143846598419
77,61,0.005028387327792279
77,62,0.005213253593717922
77,63,0.005402782252181124
77,64,0.005596992458549072
77,65,0.005795879994533333
77,66,0.005999414184543825
77,67,0.006207534659079057
77,68,0.006420147967932816
77,69,0.006637124071858418
77,70,0.006858292722993344
77,71,0.007083439764173943
77,72,0.007312303379677629
77,73,0.007544570338141201
77,74,0.007779872267471206
77,75,0.008017782019444353
77,76,0.008257810176749593
77,77,0.008499401777220509
77,78,0.008741933314396209
77,79,0.008984710107092394
77,80,0.009226964110121723
77,81,0.009467852257727553
77,82,0.009706455441783831
77,83,0.009987812965295646
77,84,0.01027880783275066
77,85,0.01057456154199857
77,86,0.010874814615500012
77,87,0.011179245627215418
77,88,0.011487465984021058
77,89,0.011799014378107106
77,90,0.0121133514211175
77,91,0.012429854578516635
77,92,0.012747813518362648
77,93,0.013066425928185875
77,94,0.013384793882288368
77,95,0.013701920817042013
77,96,0.01401670916427842
77,97,0.014327958671745189
77,98,0.01463436542907875
77,99,0.014934521555285699
77,100,0.015226915530153748
77,101,0.01550993303877517
77,102,0.015781858218388994
77,103,0.01604087513929103
77,104,0.0162850692813467
77,105,0.01651242878436998
77,106,0.016720845162999973
77,107,0.01690811323038611
77,108,0.017071929901366693
77,109,0.017209891639972028
77,110,0.017395221413799754
77,111,0.017589238219589232
77,112,0.017757951350729773
77,113,0.017898281672118137
77,114,0.018006838708053963
77,115,0.018079877320935918
77,116,0.018113248856644417
77,117,0.018102347189101645
77,118,0.01804205055598425
77,119,0.017926660563823544
77,120,0.0177498404007169
77,121,0.017504554848548137
77,122,0.017183015421170598
77,123,0.01677663462199762
77,124,0.016275994257720083
77,125,0.01567083414396371
77,126,0.014950070502078415
77,127,0.014101859962638212
77,128,0.013113740855674218
77,129,0.011972921208344155
77,130,0.01066687557837908
77,131,0.00918464886981432
77,132,0.00751990314448001
77,133,0.005678623119693305
77,134,0.0037006592612484537
77,135,0.001729031299965536
77,136,0.0002699593459362143
8,1,0.00014584332131551298
8,2,0.001265474924414524
8,3,0.003215068270891437
8,4,0.005450736713220302
8,5,0.007684378337526522
8,6,0.009780034421555056
8,7,0.011678089763220859
8,8,0.013357574190823982
8,9,0.01481723880815203
8,10,0.016065740763355537
8,11,0.01711641574138837
8,12,0.01798445263206681
8,13,0.018685366998244305
8,14,0.01923419407177226
8,15,0.01964508670256528
8,16,0.019931142980559768
8,17,0.020104363619560053
8,18,0.02017568135785394
8,19,0.02015502852044817
8,20,0.020051422952437573
8,21,0.019873060558913126
8,22,0.019627407721751314
8,23,0.019321289614631542
8,24,0.018960972345877587
8,25,0.018552237766644414
8,26,0.018100450507917875
8,27,0.017610617110062583
8,28,0.017204301775957546
8,29,0.01704552022453572
8,30,0.016866392329583056
8,31,0.01666888844970574
8,32,0.016454695299530288
8,33,0.016225302572419817
8,34,0.01598205153904359
8,35,0.015726167311765737
8,36,0.01545878184315837
8,37,0.015180950621813748
8,38,0.014893664750884342
8,39,0.014597859554601975
8,40,0.014294420548260658
8,41,0.013984187510903481
8,42,0.013667957220408524
8,43,0.01334648531621247
8,44,0.01302048767696744
8,45,0.012690641592568155
8,46,0.012357586950016246
8,47,0.012021927569567928
8,48,0.011684232802651417
8,49,0.011345039411375865
8,50,0.011004853760710542
8,51,0.010664154279568983
8,52,0.010323394169239603
8,53,0.009983004281807904
8,54,0.009643396111137622
8,55,0.009314443615594279
8,56,0.009070525056463007
8,57,0.008825242468570863
8,58,0.008578994578275715
8,59,0.008332146650697906
8,60,0.008085033986000774
8,61,0.007837965467407773
8,62,0.007591227103152267
8,63,0.007345085496053806
8,64,0.007099791197154392
8,65,0.0068555818923802
8,66,0.006612685385454583
8,67,0.006371322345043224
8,68,0.006131708793033394
8,69,0.005894058300097831
8,70,0.005658583880611102
8,71,0.005425499569768557
8,72,0.005195021665366264
8,73,0.00496736963809763
8,74,0.004742766698615602
8,75,0.0045214400248092205
8,76,0.004303620650602196
8,77,0.004089543027968091
8,78,0.0038794442721601105
8,79,0.003673563103108097
8,80,0.0034721385098573534
8,81,0.0032754081546925574
8,82,0.003083606555335471
8,83,0.002957800284646852
8,84,0.00283940963102261
8,85,0.002722285755011567
8,86,0.0026071798947920038
8,87,0.002494584433913974
8,88,0.002384753225901836
8,89,0.0022777540190689768
8,90,0.0021735226047384258
8,91,0.0020719105459538673
8,92,0.001972724602801244
8,93,0.0018757579475861643
8,94,0.0017808139117798237
8,95,0.001687723182926663
8,96,0.0015963553929619811
8,97,0.001506625981448142
8,98,0.001418499151293416
8,99,0.0013319876495375242
8,100,0.001247150029683581
8,101,0.0011640859769041839
8,102,0.0010829302065169073
8,103,0.0010038453852044033
8,104,0.000927014466127805
8,105,0.00085263277962796
8,106,0.0007809001720306496
8,107,0.0007120134461818403
8,108,0.0006461593148083995
8,109,0.0005835080432111185
8,110,0.0005294672833173386
8,111,0.0004800152637525057
8,112,0.0004328622970443554
8,113,0.0003881573578898065
8,114,0.0003460229852111444
8,115,0.0003065532148755949
8,116,0.000269812277646094
8,117,0.00023583407475391514
8,118,0.00020462241745503244
8,119,0.0001761519931992481
8,120,0.00015036999980552054
8,121,0.00012719836940432305
8,122,0.00010653649061728352
8,123,8.826432481292002e-05
8,124,7.224580832584789e-05
8,125,5.833243075108988e-05
8,126,4.636688515977974e-05
8,127,3.618669810533187e-05
8,128,2.7627766975089804e-05
8,129,2.052776398944516e-05
8,130,1.4729416337259233e-05
8,131,1.0083757654943485e-05
8,132,6.453605671551515e-06
8,133,3.717839849208317e-06
8,134,1.7776906634678701e-06
8,135,5.668976111623759e-07
8,136,5.2775498997906e-08
84,1,0.0008483929147520317
84,2,0.00462289854238699
84,3,0.008850221567734675
84,4,0.012505771062146849
84,5,0.015496860235976918
84,6,0.017891469231619685
84,7,0.01977902355368186
84,8,0.021241672750560263
84,9,0.02234947934731761
84,10,0.023161139032774246
84,11,0.023725738588418907
84,12,0.024084437100744375
84,13,0.024271850816811946
84,14,0.024317154793665394
84,15,0.024244961368344253
84,16,0.024076032083405693
84,17,0.023827865878034947
84,18,0.023515193353992974
84,19,0.02315039723659143
84,20,0.022743872571445237
84,21,0.02230433607645172
84,22,0.02183909151668989
84,23,0.02135425653801481
84,24,0.020854955529294165
84,25,0.020345482616172028
84,26,0.019829438527066572
84,27,0.01930984481169377
84,28,0.018789238693387566
84,29,0.0182609988029193
84,30,0.017724381072522288
84,31,0.017182971706599104
84,32,0.016640360555990025
84,33,0.01609948516163316
84,34,0.015562755481368885
84,35,0.015032161018232812
84,36,0.01450934614797594
84,37,0.013995664290082326
84,38,0.013492218850183443
84,39,0.01299989568772606
84,40,0.012519390014088937
84,41,0.012051229424888869
84,42,0.01159579416123093
84,43,0.011153335247197688
84,44,0.010723990929210057
84,45,0.010307801666820526
84,46,0.009904723856459805
84,47,0.009514642369807098
84,48,0.009137382000150011
84,49,0.008772717854757783
84,50,0.008420384741491522
84,51,0.008080085595827742
84,52,0.00775149897895796
84,53,0.007434285717537651
84,54,0.007128094739532739
84,55,0.006832568273410102
84,56,0.006547347136777096
84,57,0.00627207528621301
84,58,0.0060064018050568916
84,59,0.005749983027959276
84,60,0.005502484463100992
84,61,0.005263582304492622
84,62,0.005032964567811684
84,63,0.004810331913840588
84,64,0.004595398182018623
84,65,0.004387890684258704
84,66,0.004187550291349837
84,67,0.003994131341523531
84,68,0.0038074014073846284
84,69,0.0036271409400390085
84,70,0.0034531428185755
84,71,0.0032852118295969594
84,72,0.0031231640860480566
84,73,0.0029668264130622954
84,74,0.0028160357035943748
84,75,0.0026706382650042463
84,76,0.0025304891598575286
84,77,0.002395451550390841
84,78,0.002265396052428073
84,79,0.0021402001061753837
84,80,0.0020197473607473826
84,81,0.001903927080217879
84,82,0.0017926335701404829
84,83,0.0016888917828600657
84,84,0.0015964650272087002
84,85,0.0015132507629877353
84,86,0.0014366244660291496
84,87,0.0013647599268073662
84,88,0.0012963969923384601
84,89,0.0012306650394899477
84,90,0.0011669691660372134
84,91,0.0011049147522265727
84,92,0.0010442551458636875
84,93,0.0009848538331504969
84,94,0.0009266561330923817
84,95,0.0008696674487762536
84,96,0.0008139362429881668
84,97,0.0007595405573368559
84,98,0.0007065772792981147
84,99,0.0006551536028274173
84,100,0.0006053802710400274
84,101,0.0005573662882958163
84,102,0.0005112148433304075
84,103,0.0004670202335569566
84,104,0.0004248656045482815
84,105,0.00038482134711657586
84,106,0.0003469440173968645
84,107,0.0003112756614824209
84,108,0.00027784345208330433
84,109,0.0002466595635749527
84,110,0.00021772122762922814
84,111,0.00019101093782831292
84,112,0.0001664967198190513
84,113,0.0001441326296529699
84,114,0.00012385941863890044
84,115,0.00010560533133989908
84,116,8.928704559048343e-05
84,117,7.48107632329087e-05
84,118,6.207346028459864e-05
84,119,5.0964297699453646e-05
84,120,4.1366186595099435e-05
84,121,3.315748788289172e-05
84,122,2.621381719030687e-05
84,123,2.040991122338002e-05
84,124,1.562150400620293e-05
84,125,1.172715322819644e-05
84,126,8.609955194187694e-06
84,127,6.159088342402566e-06
84,128,4.271131034649428e-06
84,129,2.8511104161245085e-06
84,130,1.8132508835613348e-06
84,131,1.0814044590932316e-06
84,132,5.89154996734501e-07
84,133,2.7958570766599524e-07
84,134,1.0465571428878873e-07
84,135,2.392617466619437e-08
84,136,1.370045581106438e-09
87,1,0.019367671781845352
87,2,0.04509557978525182
87,3,0.05178764597126355
87,4,0.05234884384345438
87,5,0.05075652009342212
87,6,0.04835921883769012
87,7,0.045686559459459715
87,8,0.042966441508686934
87,9,0.04030216954034082
87,10,0.03774135991854252
87,11,0.03530528775434972
87,12,0.0330022322881147
87,13,0.030833843785080292
87,14,0.02879829108683328
87,15,0.026891861521513592
87,16,0.02510979517873163
87,17,0.023446733551934346
87,18,0.021896972263431833
87,19,0.020454613997395107
87,20,0.019113670515096496
87,21,0.01786813825861096
87,22,0.016712059473482862
87,23,0.015639574237242125
87,24,0.014644965617785468
87,25,0.013722698612072209
87,26,0.0128674529578525
87,27,0.012074149758099395
87,28,0.011337971945395372
87,29,0.010654378800227555
87,30,0.010019114357561303
87,31,0.009428209787172957
87,32,0.008877982160883495
87,33,0.008365029870197263
87,34,0.007886225158606527
87,35,0.007438704197662854
87,36,0.00701985518832109
87,37,0.00662730489003939
87,38,0.006258904017822353
87,39,0.005912711886275153
87,40,0.005586980667376503
87,41,0.005280139576694439
87,42,0.004990779272810828
87,43,0.004717636718635504
87,44,0.0044595807139785875
87,45,0.004215598248778626
87,46,0.003984781839277722
87,47,0.003766317907118363
87,48,0.0035594763145845045
87,49,0.0033636010594152513
87,50,0.0031781021547531416
87,51,0.0030024486252668726
87,52,0.002836162389325439
87,53,0.0026788121511330627
87,54,0.0025300040660762263
87,55,0.002389353878565888
87,56,0.002256433115850983
87,57,0.0021307901962230895
87,58,0.0020119941784602024
87,59,0.0018996425373146606
87,60,0.001793359131181913
87,61,0.0016927923244808485
87,62,0.0015976132681605343
87,63,0.001507514286450711
87,64,0.001422207415328993
87,65,0.0013414230262739617
87,66,0.0012649085626839608
87,67,0.0011924273738732778
87,68,0.0011237576300812682
87,69,0.0010586913122484385
87,70,0.000997033283516188
87,71,0.0009386004233308154
87,72,0.0008832208212419
87,73,0.0008307330359843084
87,74,0.0007809853936880536
87,75,0.0007338353451225656
87,76,0.0006891488676607888
87,77,0.0006467998971986815
87,78,0.000606669815267082
87,79,0.000568646954560129
87,80,0.0005326261499187863
87,81,0.0004985083111700855
87,82,0.00046620002738456337
87,83,0.0004356131920010542
87,84,0.00040666464238827256
87,85,0.000379275834095014
87,86,0.00035337254247974544
87,87,0.00032888459076135313
87,88,0.00030574558585730604
87,89,0.0002838926818039364
87,90,0.0002632663465221415
87,91,0.00024381015025802424
87,92,0.00022547056008679681
87,93,0.00020819674237949472
87,94,0.00019194037842893707
87,95,0.00017665549189780697
87,96,0.00016229827528828803
87,97,0.0001488269330101047
87,98,0.0001362015283442176
87,99,0.00012438383836492492
87,100,0.00011333722047030315
87,101,0.00010302648466222879
87,102,9.341777409212515e-05
87,103,8.447845683320351e-05
87,104,7.617703067207125e-05
87,105,6.848302858916324e-05
87,106,6.136694709663527e-05
87,107,5.480017513699718e-05
87,108,4.8754940048099144e-05
87,109,4.320427239212497e-05
87,110,3.8121993951667204e-05
87,111,3.3482691128748126e-05
87,112,2.926162251494436e-05
87,113,2.543468311755373e-05
87,114,2.1978401101865303e-05
87,115,1.8869931607862378e-05
87,116,1.60870587529898e-05
87,117,1.360819431508923e-05
87,118,1.1412378203001726e-05
87,119,9.47927433099888e-06
87,120,7.789169398529125e-06
87,121,6.322962729982497e-06
87,122,5.0621609179743174e-06
87,123,3.988863351399141e-06
87,124,3.0857545977230935e-06
87,125,2.336092125918444e-06
87,126,1.7236989135499333e-06
87,127,1.232959324069399e-06
87,128,8.488174947414955e-07
87,129,5.567850486664821e-07
87,130,3.4294835956356867e-07
87,131,1.9398243305027424e-07
87,132,9.716596912387415e-08
87,133,4.039775226402619e-08
87,134,1.222797263313629e-08
87,135,1.9556470923393508e-09
87,136,5.878163699801558e-11
9,1,0.00017360562109202873
9,2,0.0009503933270351953
9,3,0.001848789012280752
9,4,0.002689736140191583
9,5,0.0034619763162871283
9,6,0.004176603600250766
9,7,0.004845627513277226
9,8,0.005478733649431383
9,9,0.006083301482887241
9,10,0.006664941528595184
9,11,0.007228000025749037
9,12,0.007775941182061308
9,13,0.008311616656207227
9,14,0.008837448116140418
9,15,0.009355546197239202
9,16,0.009867783743889845
9,17,0.010375836465194776
9,18,0.010881200592089696
9,19,0.011385194574722361
9,20,0.011888950039232698
9,21,0.012393395907759378
9,22,0.012899238623134756
9,23,0.013406940676581202
9,24,0.013916699092994377
9,25,0.014428425093461669
9,26,0.01494172583109275
9,27,0.015455888865283365
9,28,0.015740078542618285
9,29,0.015492381940613548
9,30,0.015252425213705645
9,31,0.015020841478437411
9,32,0.014798047601684556
9,33,0.014584286128342972
9,34,0.014379661100387266
9,35,0.014184168250554317
9,36,0.01399772007239358
9,37,0.013820166344774667
9,38,0.013651310599167072
9,39,0.013490923069859693
9,40,0.013338750582500447
9,41,0.013194523815210255
9,42,0.013057962341451157
9,43,0.012928777815385418
9,44,0.012806675622431648
9,45,0.01269135528862446
9,46,0.012582509890028246
9,47,0.012479824692450113
9,48,0.01238297518460733
9,49,0.012291624645908284
9,50,0.012205421315726014
9,51,0.012123995190505561
9,52,0.012046954289975884
9,53,0.011973880036265802
9,54,0.011904320800983624
9,55,0.011820955011210034
9,56,0.011593148341136303
9,57,0.011375460917235429
9,58,0.0111673025243012
9,59,0.010968084441769083
9,60,0.010777219879972618
9,61,0.010594124224717718
9,62,0.01041821513902674
9,63,0.010248912548216409
9,64,0.010085638584870486
9,65,0.00992781746468201
9,66,0.009774875393640367
9,67,0.009626240504116961
9,68,0.009481342835803482
9,69,0.009339614449681705
9,70,0.009200489653708111
9,71,0.00906340538332388
9,72,0.008927801799115577
9,73,0.008793123092753838
9,74,0.008658818548436286
9,75,0.008524343904000118
9,76,0.008389163003288838
9,77,0.008252749810264928
9,78,0.008114590768411365
9,79,0.007974187545940266
9,80,0.007831060170736828
9,81,0.007684750550557805
9,82,0.007534826404509499
9,83,0.00730157714955471
9,84,0.007064702252431186
9,85,0.0068330963444185894
9,86,0.006606350234557878
9,87,0.006384073116385458
9,88,0.006165895178646212
9,89,0.005951469815600306
9,90,0.005740475645237015
9,91,0.005532618441120148
9,92,0.005327632962575897
9,93,0.00512528464037675
9,94,0.004925371080624399
9,95,0.004727723320463116
9,96,0.004532206804682459
9,97,0.00433872203268766
9,98,0.00414720484699447
9,99,0.003957626359145569
9,100,0.003769992512293412
9,101,0.0035843433110687582
9,102,0.0034007517516849595
9,103,0.003219322507740891
9,104,0.0030401904404499347
9,105,0.0028635189957887815
9,106,0.0026894985430537402
9,107,0.00251834473880341
9,108,0.0023502969128196137
9,109,0.002185616514234145
9,110,0.002022970286096365
9,111,0.0018646307998118985
9,112,0.0017116200721120516
9,113,0.001564077850218697
9,114,0.001422158158528555
9,115,0.0012860291878097037
9,116,0.001155872749786818
9,117,0.0010318830276198265
9,118,0.0009142644162298103
9,119,0.0008032282144878573
9,120,0.0006989880064037124
9,121,0.0006017535688448735
9,122,0.000511723278866006
9,123,0.0004290750599460137
9,124,0.00035395602726741207
9,125,0.0002864711207547862
9,126,0.00022667110230025885
9,127,0.00017454039260533292
9,128,0.00012998522442113816
9,129,9.282252559277265e-05
9,130,6.276968553638807e-05
9,131,3.9434841532888854e-05
9,132,2.2306212902385733e-05
9,133,1.0736802862170487e-05
9,134,3.915919053145378e-06
9,135,8.085653500792776e-07
9,136,3.5825435805482746e-08
96,1,2.418873602130203e-06
96,2,2.6318267521418823e-05
96,3,8.300885018391325e-05
96,4,0.0001724401155411735
96,5,0.0002940750110930256
96,6,0.0004472984688632958
96,7,0.0006311358039041406
96,8,0.0008441045944207698
96,9,0.0010841857860569193
96,10,0.001348872540427849
96,11,0.0016352662353131446
96,12,0.0019401972091869092
96,13,0.002260353336930561
96,14,0.0025924038002129663
96,15,0.002933109227963797
96,16,0.0032794127229024434
96,17,0.0036285092791795925
96,18,0.00397789342647989
96,19,0.004325386708084446
96,20,0.0046691476973737545
96,21,0.005007667835914497
96,22,0.005339756460804695
96,23,0.005664518170869032
96,24,0.005981325254709837
96,25,0.006289787370947793
96,26,0.006589720137419795
96,27,0.006881113824639228
96,28,0.007164102940591511
96,29,0.007438937355261978
96,30,0.007705955212020977
96,31,0.007965556176040535
96,32,0.00821817552099804
96,33,0.008464259415881964
96,34,0.008704241340703158
96,35,0.00893851959188295
96,36,0.009167435966850481
96,37,0.009391255819085084
96,38,0.009610149749065388
96,39,0.009824177349240504
96,40,0.010033273492167542
96,41,0.01023723774953322
96,42,0.010435727671938044
96,43,0.010628256768672894
96,44,0.010814198214426089
96,45,0.010992795525294932
96,46,0.011163181828160776
96,47,0.011324409808068814
96,48,0.011475495312358712
96,49,0.011615478739746755
96,50,0.011743510344918821
96,51,0.01185896844066827
96,52,0.011961623197899398
96,53,0.012051860003365559
96,54,0.0121309486718584
96,55,0.01220103431878183
96,56,0.012263653864135636
96,57,0.012319250269320457
96,58,0.01236794475476977
96,59,0.012409843885021815
96,60,0.01244503931182643
96,61,0.01247360768512106
96,62,0.01249561075487159
96,63,0.01251109562864131
96,64,0.01252009518346809
96,65,0.012522628614160083
96,66,0.012518702121003505
96,67,0.012508309703200137
96,68,0.012491434053081825
96,69,0.0124680475643327
96,70,0.012438113397243383
96,71,0.012401586629170255
96,72,0.01235841545932541
96,73,0.01230854246026369
96,74,0.012251905861587658
96,75,0.012188440861182783
96,76,0.01211808094346583
96,77,0.012040759202531488
96,78,0.011956409651946664
96,79,0.011864968515723837
96,80,0.011766375506290545
96,81,0.011660575058301608
96,82,0.011547517561039191
96,83,0.01142715941963992
96,84,0.011299458398403175
96,85,0.011164371133039516
96,86,0.01102186030563524
96,87,0.01087190028337555
96,88,0.01071448058770769
96,89,0.010549608743669338
96,90,0.010377312883695445
96,91,0.01019764415193886
96,92,0.01001067887447012
96,93,0.009816520393507144
96,94,0.009615300486063415
96,95,0.009407180264094121
96,96,0.009192350481187815
96,97,0.008971031191574766
96,98,0.008743470750016195
96,99,0.008509944159701034
96,100,0.008270750822152029
96,101,0.008026211793000225
96,102,0.007776666642534893
96,103,0.0075224700720123786
96,104,0.007263988408961952
96,105,0.007001596120376727
96,106,0.006735672431673613
96,107,0.006466598226197783
96,108,0.006194753958684777
96,109,0.005920524034865011
96,110,0.005644329789140081
96,111,0.005366682476719764
96,112,0.005088137745247753
96,113,0.004809273846739744
96,114,0.0045306941767457925
96,115,0.004253030000299115
96,116,0.003976943033729145
96,117,0.003703127490815396
96,118,0.0034323111691605167
96,119,0.0031652551576987226
96,120,0.00290275176900248
96,121,0.002645620370570832
96,122,0.002394700896346597
96,123,0.00215084496549894
96,124,0.0019149047403077346
96,125,0.0016877199061042928
96,126,0.001470103518850546
96,127,0.0012628279847305007
96,128,0.0010666132994451073
96,129,0.000882121275887669
96,130,0.0007099627863887571
96,131,0.0005507325637787007
96,132,0.000405104905393104
96,133,0.00027407600325647126
96,134,0.00015960557012336993
96,135,6.654451526605891e-05
96,136,9.326987517616273e-06
97,1,0.00023204782964394643
97,2,0.0013403808598348593
97,3,0.0027100745758441127
97,4,0.0040263202433510024
97,5,0.005231951921637792
97,6,0.006324141431491345
97,7,0.007312461530019927
97,8,0.008208422301159566
97,9,0.009022698105949084
97,10,0.009764506314729391
97,11,0.010441608426697226
97,12,0.011060471693540413
97,13,0.011626449694975846
97,14,0.012143942784958435
97,15,0.012616532342614582
97,16,0.01304709245777232
97,17,0.013437884472707993
97,18,0.01379063914635811
97,19,0.01410663002510227
97,20,0.014386740446670347
97,21,0.014631525761653639
97,22,0.014841271734809796
97,23,0.015016049690962943
97,24,0.015155768735004354
97,25,0.015260225205219151
97,26,0.015329149475537398
97,27,0.01536225013563991
97,28,0.015345193074834479
97,29,0.015273715282065635
97,30,0.015189674615193318
97,31,0.01509449184675295
97,32,0.014989449013639265
97,33,0.014875693660540272
97,34,0.014754247490095376
97,35,0.01462601481733784
97,36,0.014491790182483708
97,37,0.014352265203533027
97,38,0.014208034816048437
97,39,0.014059603106654522
97,40,0.013907388851667831
97,41,0.013751730914804793
97,42,0.013592893556218903
97,43,0.013431071731214706
97,44,0.013266396424793402
97,45,0.01309894002972692
97,46,0.012928721801033395
97,47,0.012755713382346658
97,48,0.012579844400964383
97,49,0.012401008126569014
97,50,0.012219067177380217
97,51,0.012033859270981924
97,52,0.011845202976022817
97,53,0.011652903486737165
97,54,0.011456758371235972
97,55,0.011258464243012049
97,56,0.011074762114080643
97,57,0.010889899930416027
97,58,0.010703853761379674
97,59,0.010516579575380564
97,60,0.010328017087172136
97,61,0.01013809339127715
97,62,0.0099467264216569
97,63,0.009753828239051663
97,64,0.009559308146543927
97,65,0.009363075672789658
97,66,0.00916504341113096
97,67,0.008965129749150138
97,68,0.008763261491398004
97,69,0.00855937637411988
97,70,0.008353425508711047
97,71,0.00814537572017502
97,72,0.007935211807542274
97,73,0.007722938703650803
97,74,0.0075085835338970135
97,75,0.007292197553189793
97,76,0.007073857942240434
97,77,0.006853669432454233
97,78,0.0066317657451932955
97,79,0.006408310797054037
97,80,0.006183499639073344
97,81,0.005957559094316362
97,82,0.005730748057838435
97,83,0.005561679653379151
97,84,0.0053978109604088205
97,85,0.005232660105355275
97,86,0.005066311336455037
97,87,0.004898908090264885
97,88,0.004730645236478012
97,89,0.004561758294342392
97,90,0.004392513162875774
97,91,0.004223196858797306
97,92,0.004054109298841427
97,93,0.003885556080342207
97,94,0.0037178422704318517
97,95,0.0035512672416522727
97,96,0.0033861205825618337
97,97,0.0032226791206612245
97,98,0.0030612050531289344
97,99,0.0029019451473738657
97,100,0.002745130947195596
97,101,0.0025909798452985098
97,102,0.0024396968916350803
97,103,0.00229147713096792
97,104,0.0021465082673184795
97,105,0.002004973437452237
97,106,0.0018670538545345397
97,107,0.001732931119225339
97,108,0.001602788989531108
97,109,0.0014768144472231874
97,110,0.0013642159814379487
97,111,0.0012586494518001137
97,112,0.0011562058777000814
97,113,0.00105709331422385
97,114,0.0009615261485051791
97,115,0.0008697226196882604
97,116,0.0007819013964175643
97,117,0.0006982772755242259
97,118,0.0006190561434628812
97,119,0.0005444293717924151
97,120,0.0004745678792409031
97,121,0.00040961611418868
97,122,0.000349686247363588
97,123,0.0002948528674286651
97,124,0.00024514847984058723
97,125,0.00020056008169337607
97,126,0.00016102706692861817
97,127,0.00012644066556676795
97,128,9.664507420864767e-05
97,129,7.14403747814949e-05
97,130,5.0587273905602594e-05
97,131,3.3813607295004225e-05
97,132,2.0822374500476855e-05
97,133,1.130048883013859e-05
97,134,4.925081003133401e-06
97,135,1.3525934731177076e-06
97,136,9.862680830419233e-08
98,1,1.4201788148265586e-08
98,2,2.1133583751340215e-07
98,3,8.237878225385461e-07
98,4,2.0018831532219417e-06
98,5,3.8804923219635245e-06
98,6,6.600480865913845e-06
98,7,1.031219148764359e-05
98,8,1.5174550142811464e-05
98,9,2.1352543368740598e-05
98,10,2.9013834016227027e-05
98,11,3.832482107983601e-05
98,12,4.944633337012461e-05
98,13,6.252912415624499e-05
98,14,7.770933044032048e-05
98,15,9.510405968061599e-05
98,16,0.00011480725839607502
98,17,0.00013688600168499334
98,18,0.00016137731963985482
98,19,0.00018828564364018152
98,20,0.00021758092461510506
98,21,0.0002491974423655823
98,22,0.0002830332899030667
98,23,0.00031895049598935427
98,24,0.0003567757251061173
98,25,0.00039630148756229105
98,26,0.00043728779010100775
98,27,0.0004794641600090715
98,28,0.0005269709334028871
98,29,0.0005877784642341569
98,30,0.0006528213254254191
98,31,0.000722224997504512
98,32,0.0007961164624896549
98,33,0.0008746194640046486
98,34,0.0009578510759048242
98,35,0.0010459183139921377
98,36,0.001138914601423958
98,37,0.0012369161262261905
98,38,0.0013399781775155998
98,39,0.0014481315756266584
98,40,0.0015613793026517634
98,41,0.001679693439980983
98,42,0.001803012518142923
98,43,0.001931239349808654
98,44,0.0020642394073476875
98,45,0.002201839768156604
98,46,0.0023438286287220064
98,47,0.002489955330933584
98,48,0.002639930832715356
98,49,0.0027934285109798775
98,50,0.0029500851568771158
98,51,0.00310950202905494
98,52,0.003271245795234932
98,53,0.003434849226756884
98,54,0.00359981147975878
98,55,0.003770049659070715
98,56,0.003983643968524275
98,57,0.004202671357302027
98,58,0.004426876888138885
98,59,0.0046559763722745645
98,60,0.004889654570035619
98,61,0.005127563267943038
98,62,0.005369319246043938
98,63,0.0056145021664763565
98,64,0.005862652415503489
98,65,0.006113268939229507
98,66,0.006365807111257358
98,67,0.0066196766857175345
98,68,0.006874239885734428
98,69,0.007128809696750447
98,70,0.0073826484114419815
98,71,0.007634966514029104
98,72,0.00788492196287795
98,73,0.008131619953323559
98,74,0.00837411324010578
98,75,0.008611403094935539
98,76,0.008842440980920411
98,77,0.00906613103096503
98,78,0.009281333400196358
98,79,0.009486868580333091
98,80,0.009681522721165351
98,81,0.009864054060922387
98,82,0.010033200483920961
98,83,0.010420325854034147
98,84,0.010835155247149175
98,85,0.011250636144095605
98,86,0.01166483584294688
98,87,0.012076231940881641
98,88,0.012483664304198512
98,89,0.012886243897810307
98,90,0.01328325412039066
98,91,0.013674054999133956
98,92,0.014057994850856875
98,93,0.014434332121471005
98,94,0.014802169089367476
98,95,0.015160398430553394
98,96,0.015507662972156267
98,97,0.01584232856438977
98,98,0.016162469592896196
98,99,0.016465866523982742
98,100,0.01675001467455389
98,101,0.017012143466192845
98,102,0.017249245324289387
98,103,0.01745811348548051
98,104,0.01763538796335262
98,105,0.01777760888800398
98,106,0.017881276461060462
98,107,0.017942916614079093
98,108,0.017959151423567837
98,109,0.017926773153990862
98,110,0.018033802355539193
98,111,0.018173851480601386
98,112,0.018261797022191436
98,113,0.018293371867750617
98,114,0.01826454161641492
98,115,0.01817158585488103
98,116,0.018011179622436344
98,117,0.017780473208519346
98,118,0.017477168218913725
98,119,0.017099587725252798
98,120,0.016646737984198343
98,121,0.016118358802359015
98,122,0.015514958817336076
98,123,0.014837830720081416
98,124,0.014089039461258203
98,125,0.013271373402995626
98,126,0.01238824365418325
98,127,0.011443509471238669
98,128,0.01044119586746349
98,129,0.009385050305492087
98,130,0.008277852834447604
98,131,0.007120340055481006
98,132,0.005909525622161396
98,133,0.0046361813674964105
98,134,0.0032820677730703595
98,135,0.0018266639053565587
98,136,0.00040878956343676844
99,1,0.0026770368449235177
99,2,0.011602954843797647
99,3,0.019139655127256096
99,4,0.024410621073228028
99,5,0.027971907383553287
99,6,0.030292675114131407
99,7,0.031702621127472054
99,8,0.03243377603653072
99,9,0.03265412585499987
99,10,0.03248894413186156
99,11,0.03203397656653815
99,12,0.031363739169886315
99,13,0.030536916545546904
99,14,0.029600015293770827
99,15,0.02858994269212339
99,16,0.027535903664098443
99,17,0.02646085006405274
99,18,0.025382623933064462
99,19,0.024314882269700615
99,20,0.023267858695823956
99,21,0.022248998185463546
99,22,0.021263489428258037
99,23,0.020314712294794455
99,24,0.019404613504160218
99,25,0.018534020838177914
99,26,0.017702904380335654
99,27,0.016910592052984633
99,28,0.01615594576588935
99,29,0.015437569105505564
99,30,0.014754012341941488
99,31,0.01410368010510987
99,32,0.013484838364921528
99,33,0.012895685349834705
99,34,0.012334413212610312
99,35,0.01179925232744832
99,36,0.011288501678106555
99,37,0.010800548742491969
99,38,0.010333881495376758
99,39,0.009887094487952977
99,40,0.009458890564161045
99,41,0.009048079372501306
99,42,0.008653573650648677
99,43,0.008274384020559277
99,44,0.00790961292041042
99,45,0.007558448194799909
99,46,0.007220156810492009
99,47,0.0068940791641308435
99,48,0.006579624554241838
99,49,0.0062762686142523475
99,50,0.005983554083051758
99,51,0.005701097546305239
99,52,0.005428607767911438
99,53,0.005165929099354077
99,54,0.004913145455226758
99,55,0.004670785074512436
99,56,0.004439189245630088
99,57,0.0042180726892657346
99,58,0.0040069295833284465
99,59,0.0038052825503934553
99,60,0.003612681206516956
99,61,0.003428700701727361
99,62,0.0032529402558170344
99,63,0.0030850217285055435
99,64,0.002924588231479559
99,65,0.0027713027926681007
99,66,0.002624847091406398
99,67,0.0024849202551029646
99,68,0.002351237737540525
99,69,0.002223530263635988
99,70,0.002101542851393406
99,71,0.001985033898242449
99,72,0.0018737743409188866
99,73,0.0017675468717193493
99,74,0.0016661452149837493
99,75,0.001569373456011786
99,76,0.001477045416015492
99,77,0.0013889840726786788
99,78,0.0013050210179376943
99,79,0.0012249959469257585
99,80,0.0011487561809140141
99,81,0.0010761562135221752
99,82,0.0010070572822956792
99,83,0.0009413187367427735
99,84,0.0008787816296524248
99,85,0.0008192889061594059
99,86,0.0007627197419049696
99,87,0.0007089802834845501
99,88,0.0006579916857930854
99,89,0.0006096821316677747
99,90,0.0005639818428464284
99,91,0.0005208200787320213
99,92,0.00048012346517556956
99,93,0.00044181523492992824
99,94,0.00040581509603435236
99,95,0.0003720395309776563
99,96,0.00034040237941747683
99,97,0.0003108155927268647
99,98,0.000283190071291436
99,99,0.00025743651522437694
99,100,0.00023346623329154916
99,101,0.00021119187412266545
99,102,0.00019052804654110536
99,103,0.0001713918174573069
99,104,0.00015370307475267921
99,105,0.000137384757589829
99,106,0.00012236295798436948
99,107,0.00010856689619762992
99,108,9.592876698779644e-05
99,109,8.43834455114001e-05
99,110,7.386848397602057e-05
99,111,6.432500834531297e-05
99,112,5.569686308475569e-05
99,113,4.792962266096222e-05
99,114,4.097035578945067e-05
99,115,3.476741150084163e-05
99,116,2.927024046723282e-05
99,117,2.4429258194409987e-05
99,118,2.0195759069421362e-05
99,119,1.652188393159508e-05
99,120,1.3360643630104406e-05
99,121,1.066599724053792e-05
99,122,8.39298176582097e-06
99,123,6.497886450504757e-06
99,124,4.938463578110787e-06
99,125,3.6741643487023938e-06
99,126,2.666388080848283e-06
99,127,1.8787301688537271e-06
99,128,1.2772149567270188e-06
99,129,8.304987762862414e-07
99,130,5.100293416775681e-07
99,131,2.9014785383437254e-07
99,132,1.4812101782834053e-07
99,133,6.408799525761872e-08
99,134,2.0901586752299338e-08
99,135,3.831063692715899e-09
99,136,1.4906638654131242e-10
2623,1,6.560027264343083e-08
2623,2,3.4615703949579637e-07
2623,3,7.687098117173396e-07
2623,4,1.3301663103548689e-06
2623,5,2.053197425567279e-06
2623,6,2.9676626792826483e-06
2623,7,4.10790399975989e-06
2623,8,5.511994069394917e-06
2623,9,7.221348288094517e-06
2623,10,9.280363892981344e-06
2623,11,1.1735988695639699e-05
2623,12,1.4637184243014455e-05
2623,13,1.803426921684389e-05
2623,14,2.197813881325267e-05
2623,15,2.6519362677253072e-05
2623,16,3.170717024559979e-05
2623,17,3.758833857195371e-05
2623,18,4.420600435123285e-05
2623,19,5.159842818246788e-05
2623,20,5.979774497247711e-05
2623,21,6.88287395215811e-05
2623,22,7.870769006851087e-05
2623,23,8.944132480877128e-05
2623,24,0.00010102593680405417
2623,25,0.00011344670139380798
2623,26,0.00012667723677959689
2623,27,0.00014067944451859983
2623,28,0.00015540365963639995
2623,29,0.00017078950806183855
2623,30,0.00018676792725855502
2623,31,0.0002032620334735394
2623,32,0.00022018820988322816
2623,33,0.00023745792928984476
2623,34,0.0002549800997113777
2623,35,0.00027266385300251284
2623,36,0.0002904217800412427
2623,37,0.0003081736388685266
2623,38,0.00032585057149828303
2623,39,0.00034339987944691697
2623,40,0.00036079041252821514
2623,41,0.00037801863380564245
2623,42,0.0003951154122954957
2623,43,0.0004121535736962525
2623,44,0.000429256172436637
2623,45,0.0004466053267498805
2623,46,0.0004644512150807796
2623,47,0.00048312038757559995
2623,48,0.0005030217441222086
2623,49,0.0005246470564498607
2623,50,0.0005485602266991792
2623,51,0.000575364488051647
2623,52,0.0006056275439219244
2623,53,0.0006397286688179321
2623,54,0.0006775769411181873
2623,55,0.0007183287153479821
2623,56,0.0007612279019384509
2623,57,0.0008061391499378429
2623,58,0.0008531499196764269
2623,59,0.0009023531696143994
2623,60,0.0009538478460897905
2623,61,0.0010077394155271371
2623,62,0.0010641404420317312
2623,63,0.0011231712109036575
2623,64,0.0011849604006798904
2623,65,0.0012496458072979045
2623,66,0.001317375119630097
2623,67,0.0013883067524257837
2623,68,0.0014626107354703513
2623,69,0.0015404696635356381
2623,70,0.001622079708919967
2623,71,0.0017076517003317923
2623,72,0.001797412268373825
2623,73,0.0018916050637329083
2623,74,0.0019904920471917964
2623,75,0.0020943548560274135
2623,76,0.002203496249819627
2623,77,0.002318241632982994
2623,78,0.0024389406592064096
2623,79,0.002565968917092108
2623,80,0.0026997296929601343
2623,81,0.0028406558109082027
2623,82,0.002989211542624243
2623,83,0.0031458765769675997
2623,84,0.0033110783469293397
2623,85,0.003485175935229207
2623,86,0.0036685532078010313
2623,87,0.0038616533799350435
2623,88,0.004064987519544141
2623,89,0.004279139111915986
2623,90,0.004504768244095266
2623,91,0.004742615954059621
2623,92,0.004993508665418281
2623,93,0.005258362472723017
2623,94,0.005538187021332751
2623,95,0.005834088715210983
2623,96,0.006147273026513021
2623,97,0.006479045698559091
2623,98,0.006830812730737945
2623,99,0.007204079130999036
2623,100,0.007600446647019057
2623,101,0.008021611036905622
2623,102,0.008469360017695517
2623,103,0.008945574050837036
2623,104,0.009452233810682028
2623,105,0.009991441155113884
2623,106,0.010565465562342618
2623,107,0.01117683649380589
2623,108,0.011828511277120717
2623,109,0.01252409261022048
2623,110,0.013267629595798929
2623,111,0.014062517756986909
2623,112,0.014911779377301737
2623,113,0.015818383425482467
2623,114,0.016785192690273024
2623,115,0.017814901926101273
2623,116,0.01890996592940523
2623,117,0.02007251617087267
2623,118,0.021304264010724584
2623,119,0.022606387589433216
2623,120,0.023979397859261155
2623,121,0.025422976332727144
2623,122,0.026935772157061222
2623,123,0.028515137335855187
2623,124,0.030156763141834415
2623,125,0.031854151940375164
2623,126,0.0335978043635926
2623,127,0.03537389607611908
2623,128,0.03716200366195693
2623,129,0.03893097926071757
2623,130,0.04063102336196727
2623,131,0.04217740526992588
2623,132,0.043414146636615504
2623,133,0.04402353797083141
2623,134,0.04326168440102311
2623,135,0.03895691774306202
2623,136,0.021151119513525815
48,1,2.900476519346895e-07
48,2,1.4827085724159033e-06
48,3,3.1526752774501145e-06
48,4,5.202268384444705e-06
48,5,7.654246701508414e-06
48,6,1.0556535199578422e-05
48,7,1.3967056845398396e-05
48,8,1.794972132485728e-05
48,9,2.2573019620550463e-05
48,10,2.79093819870035e-05
48,11,3.403478886855133e-05
48,12,4.102847426369231e-05
48,13,4.897267055801985e-05
48,14,5.795238235110939e-05
48,15,6.805518946686959e-05
48,16,7.937108503237915e-05
48,17,9.199235209551622e-05
48,18,0.00010601348129530259
48,19,0.00012153112599200405
48,20,0.0001386440858961689
48,21,0.000157453304288069
48,22,0.0001780618539618384
48,23,0.00020057488108939472
48,24,0.0002250994662529785
48,25,0.0002517443524853786
48,26,0.00028061948466581537
48,27,0.0003118352940404211
48,28,0.0003409940493109629
48,29,0.0003609403666919958
48,30,0.00038159136858323633
48,31,0.0004030175473047713
48,32,0.0004252966478331734
48,33,0.0004485132026345553
48,34,0.00047275799550384356
48,35,0.0004981274691331789
48,36,0.0005247230918451835
48,37,0.0005526507050439311
48,38,0.0005820198716131987
48,39,0.0006129432573316949
48,40,0.0006455360718097616
48,41,0.0006799156039181525
48,42,0.0007162008830703784
48,43,0.0007545124958965136
48,44,0.000794972583271262
48,45,0.000837705032411423
48,46,0.0008828358663485015
48,47,0.0009304938206220694
48,48,0.0009808110738827396
48,49,0.001033924083471805
48,50,0.0010899744558363364
48,51,0.0011491097555564312
48,52,0.0012114841378571078
48,53,0.001277258648732488
48,54,0.0013466009640236535
48,55,0.0014179252257716312
48,56,0.0014767089184485411
48,57,0.0015384472337531291
48,58,0.001603324672391815
48,59,0.001671534294678272
48,60,0.001743277855815878
48,61,0.0018187658884484931
48,62,0.0018982177246495483
48,63,0.0019818614463005344
48,64,0.0020699337422229788
48,65,0.0021626796645572346
48,66,0.002260352258154159
48,67,0.002363212049420909
48,68,0.002471526367524768
48,69,0.002585568479409298
48,70,0.0027056165038248335
48,71,0.002831952086758941
48,72,0.002964858798620715
48,73,0.0031046202255781033
48,74,0.0032515177233646765
48,75,0.003405827789256685
48,76,0.003567819031608737
48,77,0.003737748685784749
48,78,0.003915858652597175
48,79,0.00410237102256721
48,80,0.0042974830558001
48,81,0.004501361600104082
48,82,0.0047141369186758575
48,83,0.004896261464186656
48,84,0.0050831498795090345
48,85,0.005279700034480666
48,86,0.005486429261087191
48,87,0.005703869300469016
48,88,0.005932564916512621
48,89,0.006173072119516011
48,90,0.006425955952198742
48,91,0.006691787824644577
48,92,0.006971142354094622
48,93,0.007264593686491902
48,94,0.007572711287275317
48,95,0.007896055187034855
48,96,0.00823517067630914
48,97,0.008590582474146432
48,98,0.008962788395990169
48,99,0.009352252545215529
48,100,0.009759398118668303
48,101,0.010184599874544184
48,102,0.010628176367030184
48,103,0.011090382059586668
48,104,0.01157139942624155
48,105,0.012071331187631424
48,106,0.012590192820253346
48,107,0.01312790550265953
48,108,0.013684289660443195
48,109,0.014259059315219341
48,110,0.01485601777186342
48,111,0.01547894889490168
48,112,0.01612777972454778
48,113,0.016803169673741923
48,114,0.017505768892553238
48,115,0.01823621630284876
48,116,0.01899513552492005
48,117,0.019783127426811882
48,118,0.02060075748987513
48,119,0.021448535412515925
48,120,0.022326883156522714
48,121,0.023236085781280814
48,122,0.024176216222586873
48,123,0.025147019709575367
48,124,0.026147733767594283
48,125,0.02717680155279699
48,126,0.02823140156116195
48,127,0.029306647524794605
48,128,0.030394168525634542
48,129,0.03147946444347528
48,130,0.03253669649177709
48,131,0.033517710833130494
48,132,0.034326862292085855
48,133,0.03475631028807029
48,134,0.03428992176253565
48,135,0.031324449345149864
48,136,0.017702207036011358
107,1,0.009096540117181674
107,2,0.010002493603639695
107,3,0.010899824807053092
107,4,0.011776043894445401
107,5,0.012619315658744593
107,6,0.013418821586325866
107,7,0.014165056882860363
107,8,0.01485005141963415
107,9,0.01546750888506316
107,10,0.01601286376506907
107,11,0.016483260755330437
107,12,0.016877465481608716
107,13,0.017195718693118547
107,14,0.017439548219919478
107,15,0.017611553887172733
107,16,0.017715180312182093
107,17,0.017754491230420236
107,18,0.01773395693339306
107,19,0.017658263823476253
107,20,0.01753215227513949
107,21,0.017360286193276935
107,22,0.017147155090247602
107,23,0.01689700732110054
107,24,0.016632274099674806
107,25,0.016512986955710088
107,26,0.016382218402581243
107,27,0.016241288882107113
107,28,0.0160912376423104
107,29,0.01593286448647689
107,30,0.015766773109376405
107,31,0.015593413964268537
107,32,0.015413124956660747
107,33,0.01522616862903622
107,34,0.015032764868680524
107,35,0.014833118523632668
107,36,0.014627441636817583
107,37,0.01441597029493434
107,38,0.014198976328634419
107,39,0.013976774288841603
107,40,0.013749724258833512
107,41,0.013518231144212384
107,42,0.013282741117401015
107,43,0.013043735886573642
107,44,0.012801725419549341
107,45,0.01255723969068131
107,46,0.012310819942752476
107,47,0.012063009875061845
107,48,0.011764835734592511
107,49,0.011448397796629912
107,50,0.011135762431100893
107,51,0.010827370548804087
107,52,0.010523618069111274
107,53,0.010224857898036906
107,54,0.009931401791590543
107,55,0.009643522109494436
107,56,0.009361453468611416
107,57,0.00908539430872596
107,58,0.008815508385689919
107,59,0.008551926208432304
107,60,0.008294746437000636
107,61,0.008044037258714758
107,62,0.007799837758743187
107,63,0.007562159300026977
107,64,0.007330986925557893
107,65,0.007106280793650902
107,66,0.006887977654136906
107,67,0.006675992370453628
107,68,0.006470219489557052
107,69,0.006270534858547926
107,70,0.006076797284043101
107,71,0.005861966254909436
107,72,0.0055931829947799055
107,73,0.005334659712425293
107,74,0.005086137331136654
107,75,0.004847335762577412
107,76,0.004617958560602063
107,77,0.004397697402939776
107,78,0.004186236384059051
107,79,0.003983256092541326
107,80,0.003788437433133837
107,81,0.003601465139030542
107,82,0.0034220309062115034
107,83,0.0032498360716361747
107,84,0.0030845937535647935
107,85,0.002926030377708383
107,86,0.002773886528870738
107,87,0.002627917094617376
107,88,0.0024878907042297
107,89,0.002353588510289053
107,90,0.002224802407989443
107,91,0.0021013328342153357
107,92,0.0019829863297988544
107,93,0.0018695730797375913
107,94,0.001760904663809298
107,95,0.0015763103330967447
107,96,0.0014000412561851537
107,97,0.001240485401848197
107,98,0.0010963966779754673
107,99,0.00096656638649354
107,100,0.0008498343431568789
107,101,0.0007450978254439782
107,102,0.0006513182583857249
107,103,0.0005675255996883743
107,104,0.0004928204564631
107,105,0.00042637405147692015
107,106,0.0003674262498893166
107,107,0.00031528194869081893
107,108,0.0002693062100085271
107,109,0.00022891857551837703
107,110,0.00019358702331348683
107,111,0.00016282201478940459
107,112,0.00013617102611371742
107,113,0.000113213870828402
107,114,9.355900666601125e-05
107,115,7.684089453562942e-05
107,116,6.271835668978051e-05
107,117,5.0873779463433494e-05
119,1,0.01452023145603922
119,2,0.015240261174886185
119,3,0.015865846137531427
119,4,0.016397171374347715
119,5,0.016837246012418833
119,6,0.01719123599472277
119,7,0.017465805474415626
119,8,0.01766851658957935
119,9,0.017807317677855695
119,10,0.017890133011973373
119,11,0.01792455427300995
119,12,0.01791762548617304
119,13,0.017875708493626196
119,14,0.017804414317464892
119,15,0.017708585996313704
119,16,0.017592319818074194
119,17,0.017459013696213416
119,18,0.017311433350065065
119,19,0.01715178873795158
119,20,0.016981814770304356
119,21,0.01680285168723747
119,22,0.01661592164343183
119,23,0.016421799032545023
119,24,0.016221072928378842
119,25,0.016014000058821053
119,26,0.01580083063129666
119,27,0.015581910034849659
119,28,0.015357570091338922
119,29,0.015128149946086428
119,30,0.014894010117008737
119,31,0.014655540521936874
119,32,0.014413163409044057
119,33,0.014167332162575418
119,34,0.013918526951413922
119,35,0.013667248139592825
119,36,0.013414008295234377
119,37,0.013159323527665462
119,38,0.01290370476151494
119,39,0.012647649430442741
119,40,0.012391633949457878
119,41,0.01213610720960558
119,42,0.01188148523648768
119,43,0.011628147067315206
119,44,0.011376431831182676
119,45,0.011126636963967153
119,46,0.010879017451699642
119,47,0.010633785972769207
119,48,0.010391244452414608
119,49,0.010152034432416001
119,50,0.009916176937939877
119,51,0.00968366763305213
119,52,0.009454478981225995
119,53,0.009228562326643628
119,54,0.009005849908223831
119,55,0.008786256819034227
119,56,0.0085696829241127
119,57,0.008356014749690794
119,58,0.008145127356362851
119,59,0.00793688620787514
119,60,0.007731149045937899
119,61,0.0075277677798230285
119,62,0.007326590397550403
119,63,0.0071274629032448186
119,64,0.0069302312828277
119,65,0.006734743497657837
119,66,0.006540851503115562
119,67,0.006348413286488307
119,68,0.006157294915907418
119,69,0.005967372589537993
119,70,0.005778534671755858
119,71,0.005590683700667467
119,72,0.0054021602732139485
119,73,0.0052131587839822
119,74,0.005024404024663904
119,75,0.004836584280265077
119,76,0.004650329901465433
119,77,0.004466195459608993
119,78,0.004284646332002562
119,79,0.004106050271337057
119,80,0.003930674176870834
119,81,0.003758685939028152
119,82,0.003590160906692752
119,83,0.003425092258367653
119,84,0.0032634043690944374
119,85,0.003104968170378332
119,86,0.002949617505527185
119,87,0.00279716558145563
119,88,0.002647420792518499
119,89,0.002500201414859273
119,90,0.0023553489064857764
119,91,0.0022127397609879866
119,92,0.0020722960153444062
119,93,0.0019339945756075905
119,94,0.001797875481880543
119,95,0.0016640422430708646
119,96,0.0015326757253140493
119,97,0.0014040529501833663
119,98,0.0012785350424202977
119,99,0.001156563828850754
119,100,0.0010386530606288499
119,101,0.0009253735887519043
119,102,0.0008173322647176697
119,103,0.0007151449644119781
119,104,0.0006194048870446938
119,105,0.0005306480653381015
119,106,0.0004493187113456856
119,107,0.0003757374767301398
119,108,0.00031007580548826017
119,109,0.0002523392244627929
119,110,0.0002023616459140937
119,111,0.00015981162330286632
119,112,0.00012421016092644993
119,113,9.495833865946249e-05
119,114,7.137189647778153e-05
119,115,5.27192169943546e-05
119,116,3.825895881022567e-05
119,117,2.7273939143854248e-05
13,1,0.003609747997300617
13,2,0.0038792461022024768
13,3,0.004155795391344992
13,4,0.004440206985808854
13,5,0.00473337736439982
13,6,0.005036224875241246
13,7,0.005349631477711984
13,8,0.005674392316934082
13,9,0.006011174629383401
13,10,0.006360486533020967
13,11,0.0067226555129723245
13,12,0.007097815881945769
13,13,0.007485904156261834
13,14,0.007886661112636993
13,15,0.008299639241445032
13,16,0.008724214353385147
13,17,0.009159600196797449
13,18,0.009604865076614106
13,19,0.010058949613655114
13,20,0.010520684930957484
13,21,0.010988810693199198
13,22,0.01146199255099701
13,23,0.011938838651667736
13,24,0.012377392876960786
13,25,0.01244732880923244
13,26,0.012508964965578389
13,27,0.012562196390789156
13,28,0.01260697723519178
13,29,0.012643316185807538
13,30,0.012671271062180595
13,31,0.012690942858416045
13,32,0.012702469469489618
13,33,0.012706019300496309
13,34,0.012701784922768975
13,35,0.012689976910739984
13,36,0.012670817967672443
13,37,0.01264453742637327
13,38,0.012611366192075086
13,39,0.012571532178235572
13,40,0.012525256271551252
13,41,0.012472748849640088
13,42,0.012414206863350001
13,43,0.012349811485320841
13,44,0.012279726317155643
13,45,0.012204096139269194
13,46,0.012123046180133802
13,47,0.01203668187520632
13,48,0.012013924648458447
13,49,0.01201368375116123
13,50,0.012006073602808873
13,51,0.011991024565397248
13,52,0.011968457727489204
13,53,0.0119382857553074
13,54,0.011900414043870598
13,55,0.0118547421484413
13,56,0.011801165471664626
13,57,0.011739577177969392
13,58,0.0116698703040836
13,59,0.011591940032845702
13,60,0.011505686096781834
13,61,0.011411015278041305
13,62,0.011307843972092528
13,63,0.011196100783917388
13,64,0.011075729127144338
13,65,0.010946689798473434
13,66,0.010808963501730573
13,67,0.010662553297819257
13,68,0.010507486958615676
13,69,0.010343819204396539
13,70,0.010171633805644453
13,71,0.010027856376661244
13,72,0.009958039861236567
13,73,0.009874613030354041
13,74,0.009778098851013073
13,75,0.009669143044046143
13,76,0.009548483749208235
13,77,0.009416913891748195
13,78,0.009275238869062272
13,79,0.009124232771945098
13,80,0.00896459661107513
13,81,0.00879692191144967
13,82,0.008621662596398452
13,83,0.008439117383098457
13,84,0.008249424052775744
13,85,0.008052566045378538
13,86,0.007848390952597623
13,87,0.0076366397139625555
13,88,0.007416984701036438
13,89,0.007189074422660579
13,90,0.006952582299110272
13,91,0.006707256822245151
13,92,0.006452970423786089
13,93,0.006189764494964247
13,94,0.005917888219568893
13,95,0.0057552823291805505
13,96,0.005578999571604024
13,97,0.005376222230414868
13,98,0.005148778931533714
13,99,0.004899069371570867
13,100,0.004630028421080258
13,101,0.0043450636109016024
13,102,0.0040479677544178385
13,103,0.0037428101880371146
13,104,0.0034338116705304664
13,105,0.003125209245034533
13,106,0.002821118230429371
13,107,0.0025253988924886094
13,108,0.0022415352026132975
13,109,0.0019725324123465583
13,110,0.0017208389843050064
13,111,0.0014882967960406206
13,112,0.0012761215867669415
13,113,0.0010849135012280509
13,114,0.0009146954836140909
13,115,0.0007649753841866268
13,116,0.000634826149376229
13,117,0.0005229775232425277
147,1,0.0009217948725625598
147,2,0.0011000322145695107
147,3,0.0012997847347012495
147,4,0.001521218582111241
147,5,0.0017641199889244638
147,6,0.002027891248622354
147,7,0.0023115614885401044
147,8,0.002613811512625153
147,9,0.0029330112524383863
147,10,0.003267267742571942
147,11,0.003614481055715791
147,12,0.003972405309556182
147,13,0.004338711702737112
147,14,0.004711050553343767
147,15,0.005087109495880591
147,16,0.005464665327835412
147,17,0.005841627461959929
147,18,0.006216071504394449
147,19,0.006586262104239801
147,20,0.006950664865769912
147,21,0.0073079477381351055
147,22,0.007656972859749251
147,23,0.007996780301991755
147,24,0.008316256735163645
147,25,0.008534674010350815
147,26,0.00874706215379424
147,27,0.008954049992573416
147,28,0.00915620759775019
147,29,0.009354021599409786
147,30,0.009547874986335123
147,31,0.00973803173864461
147,32,0.009924626493988706
147,33,0.010107659305107064
147,34,0.010286995411693273
147,35,0.01046236982467963
147,36,0.010633396407050574
147,37,0.010799581031537123
147,38,0.010960338300276085
147,39,0.011115011222431782
147,40,0.011262893161026378
147,41,0.011403251279640073
147,42,0.011535350645913298
147,43,0.01165847808823282
147,44,0.011771964864612908
147,45,0.011875207201300248
147,46,0.011967683806427536
147,47,0.012048969572302115
147,48,0.012130781086272354
147,49,0.012209330499716873
147,50,0.01227973947111065
147,51,0.01234214683695652
147,52,0.012396699833323917
147,53,0.012443554147964365
147,54,0.012482874070705814
147,55,0.012514832696685853
147,56,0.012539612133624322
147,57,0.012557403662260932
147,58,0.012568407798495204
147,59,0.012572834206831661
147,60,0.01257090141757066
147,61,0.012562836304840116
147,62,0.012548873289003743
147,63,0.012529253235080555
147,64,0.012504222028345518
147,65,0.012474028818938334
147,66,0.012438923938686128
147,67,0.012399156504987692
147,68,0.0123549717380114
147,69,0.012306608028127719
147,70,0.012254293799961326
147,71,0.012193421483753167
147,72,0.012115106999651327
147,73,0.012029557387764449
147,74,0.011937190415003756
147,75,0.011838399186245937
147,76,0.011733547664097772
147,77,0.011622966750066528
147,78,0.011506951023174882
147,79,0.01138575622627896
147,80,0.011259597582018162
147,81,0.011128649008557168
147,82,0.010993043288977848
147,83,0.01085287322616196
147,84,0.01070819378618532
147,85,0.010559025196848124
147,86,0.01040535692379225
147,87,0.010247152395342936
147,88,0.010084354290504973
147,89,0.009916890145541446
147,90,0.00974467797790251
147,91,0.009567631578239534
147,92,0.009385665089720038
147,93,0.00919869648807899
147,94,0.009006649605811894
147,95,0.008672236648556476
147,96,0.008311118663262786
147,97,0.0079406710097854
147,98,0.007563360156628822
147,99,0.007181548279621846
147,100,0.0067974667865877665
147,101,0.00641319596364386
147,102,0.0060306520816650645
147,103,0.005651582957622453
147,104,0.005277572400125395
147,105,0.004910053195590376
147,106,0.004550327366809382
147,107,0.00419959146059511
147,108,0.0038589637376902535
147,109,0.0035295095133901786
147,110,0.003212260696614055
147,111,0.002908225926154983
147,112,0.0026183886574165593
147,113,0.0023436920559156194
147,114,0.0020850114296656224
147,115,0.0018431168992460605
147,116,0.001618630717973866
147,117,0.0014119847789992618
155,1,0.030059017511075512
155,2,0.03014607166329109
155,3,0.030120379243916445
155,4,0.029986353234612247
155,5,0.02974935562713753
155,6,0.029415565817794836
155,7,0.028991844709358675
155,8,0.02848559593457283
155,9,0.027904626252926036
155,10,0.027257007657173024
155,11,0.02655094397763247
155,12,0.025794644768875434
155,13,0.02499620902736715
155,14,0.024163520869973212
155,15,0.023304158764704177
155,16,0.022425319310223908
155,17,0.021533755965855453
155,18,0.020635732583699405
155,19,0.01973699112021134
155,20,0.01884273252428994
155,21,0.017957609519368003
155,22,0.017085729815930636
155,23,0.016230668199606148
155,24,0.015432222969206703
155,25,0.014977658376110424
155,26,0.014530453757890766
155,27,0.014091687719262776
155,28,0.013662260280499708
155,29,0.013242905107399216
155,30,0.012834202606327245
155,31,0.012436593527895638
155,32,0.012050392754316453
155,33,0.011675802982256654
155,34,0.011312928053438748
155,35,0.010961785727632756
155,36,0.010622319735450756
155,37,0.010294410990001382
155,38,0.009977887875694067
155,39,0.009672535568247959
155,40,0.009378104371483413
155,41,0.009094317083259846
155,42,0.008820875424756555
155,43,0.008557465584204456
155,44,0.008303762938406685
155,45,0.008059436023341195
155,46,0.007824149829337282
155,47,0.007597568497348457
155,48,0.007332360905739153
155,49,0.007057919209079722
155,50,0.00679446362114983
155,51,0.006541560537030349
155,52,0.006298782895479596
155,53,0.006065711538778921
155,54,0.00584193628621986
155,55,0.00562705676362034
155,56,0.005420683026817068
155,57,0.005222436012777597
155,58,0.005031947847891851
155,59,0.004848862039202275
155,60,0.0046728335708608295
155,61,0.004503528924983299
155,62,0.004340626043314216
155,63,0.004183814243708514
155,64,0.004032794103359279
155,65,0.0038872773189246217
155,66,0.0037469865521970068
155,67,0.0036116552686795253
155,68,0.0034810275753483174
155,69,0.0033548580629539334
155,70,0.0032329116574130443
155,71,0.003096784661079665
155,72,0.0029264657263263906
155,73,0.002766432153892888
155,74,0.0026165857294226593
155,75,0.0024766060082705823
155,76,0.002345999145188286
155,77,0.002224146065356316
155,78,0.002110347302932228
155,79,0.0020038626060531173
155,80,0.0019039441713212446
155,81,0.0018098630599139537
155,82,0.0017209289167369475
155,83,0.0016365035406416613
155,84,0.0015560091343601711
155,85,0.0014789322093187384
155,86,0.0014048241546315537
155,87,0.0013332994279477608
155,88,0.0012640322156174447
155,89,0.0011967522655520724
155,90,0.0011312404385402416
155,91,0.0010673243679175392
155,92,0.0010048744736910978
155,93,0.0009438004515179676
155,94,0.0008840482520776781
155,95,0.0007800810248804685
155,96,0.000681302878710313
155,97,0.0005924810967177559
155,98,0.0005128750818184279
155,99,0.00044178769688580375
155,100,0.0003785611380050685
155,101,0.00032257316064734383
155,102,0.00027323370864755736
155,103,0.00022998199893369976
155,104,0.00019228411477785687
155,105,0.00015963115376025478
155,106,0.00013153796165591607
155,107,0.00010754245949357003
155,108,8.720553912215262e-05
155,109,7.011146539549091e-05
155,110,5.586868461028381e-05
155,111,4.411090411220477e-05
155,112,3.44982822491283e-05
155,113,2.6718555661613836e-05
155,114,2.048793525366295e-05
155,115,1.555162379629957e-05
155,116,1.1683845086277068e-05
155,117,8.687322576887599e-06
16,1,0.0015955937650303
16,2,0.0018897056343453792
16,3,0.002216504017526087
16,4,0.0025753612546679733
16,5,0.0029648656669564273
16,6,0.0033828189127097234
16,7,0.0038262669672124152
16,8,0.0042915636210075015
16,9,0.004774463390038099
16,10,0.005270239000111392
16,11,0.005773817260968253
16,12,0.006279926256897986
16,13,0.006783246387192
16,14,0.007278557889022168
16,15,0.007760878031749345
16,16,0.00822558212038062
16,17,0.008668503699294856
16,18,0.009086010802354712
16,19,0.009475056641566209
16,20,0.00983320465382721
16,21,0.010158629233157052
16,22,0.01045009467912099
16,23,0.010706915827281714
16,24,0.010934146140413886
16,25,0.011183724433056152
16,26,0.011417288642362775
16,27,0.011635888371417907
16,28,0.011840601004354597
16,29,0.012032486421417356
16,30,0.012212547374487426
16,31,0.012381696419567633
16,32,0.012540730031323506
16,33,0.01269031025804617
16,34,0.012830954017999736
16,35,0.01296302989324305
16,36,0.013086762046579013
16,37,0.013202240672307625
16,38,0.013309438192785744
16,39,0.013408230232050178
16,40,0.013498420238414962
16,41,0.013579766496240627
16,42,0.013652010172398584
16,43,0.013714902997472996
16,44,0.013768233198875482
16,45,0.013811848394953521
16,46,0.01384567433349275
16,47,0.01386972861453819
16,48,0.013840524160703681
16,49,0.013783227100759228
16,50,0.013716927714013664
16,51,0.013642261974534282
16,52,0.013559853527541993
16,53,0.013470312545926857
16,54,0.013374234963818387
16,55,0.013272202027288715
16,56,0.013164780099485766
16,57,0.013052520656016461
16,58,0.012935960406301843
16,59,0.012815621477964443
16,60,0.012692011604118725
16,61,0.012565624257717883
16,62,0.012436938682818133
16,63,0.012306419779652016
16,64,0.012174517808592411
16,65,0.012041667887210112
16,66,0.011908289264389717
16,67,0.011774784365529414
16,68,0.011641537612826705
16,69,0.011508914034146105
16,70,0.011377257682583602
16,71,0.011202761567934878
16,72,0.010927373324630112
16,73,0.01065484147667525
16,74,0.010385690930405284
16,75,0.010120378007875106
16,76,0.009859291025795289
16,77,0.00960275143855504
16,78,0.009351015551592469
16,79,0.009104276804642673
16,80,0.008862668616905161
16,81,0.008626267777794202
16,82,0.008395098357426967
16,83,0.008169136100028911
16,84,0.007948313250596792
16,85,0.00773252375004673
16,86,0.007521628716326247
16,87,0.007315462108357502
16,88,0.007113836446223742
16,89,0.006916548435114971
16,90,0.00672338431316853
16,91,0.006534124716171905
16,92,0.00634854882775051
16,93,0.006166437565829782
16,94,0.00598757554966388
16,95,0.0055498324514017035
16,96,0.005108597317761117
16,97,0.004693756398187118
16,98,0.004304718270750237
16,99,0.0039407430427712085
16,100,0.0036009647262994797
16,101,0.003284412802169485
16,102,0.0029900333852689296
16,103,0.002716710386629808
16,104,0.002463286973152257
16,105,0.0022285874504683065
16,106,0.0020114394454347475
16,107,0.00181069596117846
16,108,0.0016252565528170186
16,109,0.0014540865730803653
16,110,0.001296233221565982
16,111,0.0011508370597741028
16,112,0.0010171377785870826
16,113,0.0008944733553080866
16,114,0.000782272307146921
16,115,0.0006800394841679119
16,116,0.0005873366468608391
16,117,0.0005037598055484254
160,1,0.008903504202567693
160,2,0.009730990362340342
160,3,0.010528199755448287
160,4,0.011285461563160931
160,5,0.011995046964778325
160,6,0.012651188996880598
160,7,0.013249997061478034
160,8,0.013789298314189947
160,9,0.014268434917375143
160,10,0.014688040478373897
160,11,0.015049812672550771
160,12,0.015356293301504396
160,13,0.015610662508835598
160,14,0.015816550736802125
160,15,0.01597787009872436
160,16,0.01609866584170391
160,17,0.016182988126419523
160,18,0.016234784151910934
160,19,0.016257810492493512
160,20,0.016255565278839684
160,21,0.016231239515584236
160,22,0.016187686409339062
160,23,0.016127407138424768
160,24,0.016052551090026367
160,25,0.015964886018236257
160,26,0.015865861379137876
160,27,0.015756653649479736
160,28,0.01563817710072128
160,29,0.01551111847397613
160,30,0.015375974796032418
160,31,0.015233092423632747
160,32,0.01508270552405859
160,33,0.014924972401616691
160,34,0.01476000834630989
160,35,0.014587913993559075
160,36,0.01440879852096938
160,37,0.014222797347948516
160,38,0.014030084325779825
160,39,0.013830878691471416
160,40,0.013625447294211286
160,41,0.013414102779208542
160,42,0.01319719852593979
160,43,0.012975121187278928
160,44,0.012748281668106022
160,45,0.01251710532575179
160,46,0.012282022081365113
160,47,0.012043457013375879
160,48,0.011802455131832435
160,49,0.011561911613601625
160,50,0.011321982052480207
160,51,0.011082794710659505
160,52,0.010844453668251278
160,53,0.010607041775542331
160,54,0.010370623388998343
160,55,0.010135246877387438
160,56,0.00990094689101344
160,57,0.009667746394468778
160,58,0.009435658471031092
160,59,0.00920468791433655
160,60,0.008974832629819037
160,61,0.008746084874237656
160,62,0.008518432366151973
160,63,0.008291859303270383
160,64,0.008066347324112587
160,65,0.00784187645138929
160,66,0.007618426052970389
160,67,0.007395975853384499
160,68,0.0071745070245909474
160,69,0.0069540033794235345
160,70,0.006734452684765414
160,71,0.0065158481043227435
160,72,0.006297648261497725
160,73,0.0060797920027278055
160,74,0.005862417285937301
160,75,0.005645728870534261
160,76,0.005429997389789546
160,77,0.0052155521089685564
160,78,0.0050027672766626095
160,79,0.004792042901449863
160,80,0.004583781670878218
160,81,0.004378364413750858
160,82,0.004176126861975874
160,83,0.003977340426972462
160,84,0.0037821992724248635
160,85,0.0035908152132828916
160,86,0.0034032210243525717
160,87,0.00321938174900864
160,88,0.003039212703977286
160,89,0.002862602196223213
160,90,0.002689436575290338
160,91,0.0025196251617144857
160,92,0.0023531227954293374
160,93,0.0021899481768661907
160,94,0.0020301967443312704
160,95,0.0018740069283876705
160,96,0.0017215953237697849
160,97,0.0015733265354381804
160,98,0.0014296308555835577
160,99,0.0012909939319965152
160,100,0.0011579419428429246
160,101,0.001031022876321485
160,102,0.0009107846467131678
160,103,0.0007977509161774099
160,104,0.0006923956597796904
160,105,0.0005951177167982492
160,106,0.0005062167941831322
160,107,0.0004258725785900831
160,108,0.0003541287001934141
160,109,0.00029088319804124614
160,110,0.00023588680511000618
160,111,0.0001887497858215282
160,112,0.00014895726262803205
160,113,0.0001158920647805038
160,114,8.886326914744575e-05
160,115,6.713793953646636e-05
160,116,4.997323915945218e-05
160,117,3.664615899293479e-05
2000,1,0.0004638743036606906
2000,2,0.0005461065473349416
2000,3,0.0006380500665806722
2000,4,0.0007401342509870346
2000,5,0.0008527539437558069
2000,6,0.0009762779115819633
2000,7,0.0011110593637822606
2000,8,0.0012574475379057322
2000,9,0.0014157992495600633
2000,10,0.001586489283537614
2000,11,0.00176991857982045
2000,12,0.001966519329628521
2000,13,0.0021767563235420063
2000,14,0.002401124161560777
2000,15,0.0026401402182145467
2000,16,0.0028943335305857917
2000,17,0.0031642300232003285
2000,18,0.0034503346861128876
2000,19,0.0037531114717232277
2000,20,0.004072961767951641
2000,21,0.004410202341301512
2000,22,0.004765043627901394
2000,23,0.0051375691915617
2000,24,0.005511208050705569
2000,25,0.005745695547807842
2000,26,0.005982743379378417
2000,27,0.006221930990813664
2000,28,0.006462777896193852
2000,29,0.006704751571785847
2000,30,0.006947276703782886
2000,31,0.007189745309235436
2000,32,0.007431527257010343
2000,33,0.007671980746354371
2000,34,0.007910462350467662
2000,35,0.008146336296728856
2000,36,0.008378982728634795
2000,37,0.008607804771783344
2000,38,0.008832234302284124
2000,39,0.009051736386426467
2000,40,0.009265812421782215
2000,41,0.009474002059777413
2000,42,0.009675884026872672
2000,43,0.009871075985673588
2000,44,0.010059233589314785
2000,45,0.010240048883826645
2000,46,0.010413248205900068
2000,47,0.010578589709768141
2000,48,0.010788143302235221
2000,49,0.011013133657623058
2000,50,0.011230936550592619
2000,51,0.011441174556279857
2000,52,0.01164349609951416
2000,53,0.011837575077219366
2000,54,0.012023110056932865
2000,55,0.0121998230762063
2000,56,0.012367458078255053
2000,57,0.012525779028928562
2000,58,0.012674567768543428
2000,59,0.012813621659072828
2000,60,0.012942751092398173
2000,61,0.013061776928659138
2000,62,0.013170527935118952
2000,63,0.01326883829541369
2000,64,0.01335654525666948
2000,65,0.013433486977918383
2000,66,0.013499500637746895
2000,67,0.013554420852441715
2000,68,0.013598078448355724
2000,69,0.013630299624114708
2000,70,0.01365090552993008
2000,71,0.01369493539856833
2000,72,0.013805478796534855
2000,73,0.013897980264900018
2000,74,0.013971825510292725
2000,75,0.014026437989662584
2000,76,0.014061288404519878
2000,77,0.014075905686853218
2000,78,0.014069889194349322
2000,79,0.014042921647888888
2000,80,0.013994782145231184
2000,81,0.013925358389082421
2000,82,0.013834657098920582
2000,83,0.013722811461932197
2000,84,0.013590084448894571
2000,85,0.013436866903634676
2000,86,0.013263669531386548
2000,87,0.013071108272640837
2000,88,0.012859883050541102
2000,89,0.012630750499028376
2000,90,0.012384491973967172
2000,91,0.012121878860454662
2000,92,0.011843637842056868
2000,93,0.011550419309231091
2000,94,0.011242772372076704
2000,95,0.010991372549660898
2000,96,0.010706766033671511
2000,97,0.010381788140898107
2000,98,0.010018919450217099
2000,99,0.009621002068940215
2000,100,0.009191258073575561
2000,101,0.008733309060516097
2000,102,0.008251189573587787
2000,103,0.007749346472580266
2000,104,0.007232616706888565
2000,105,0.006706177542560355
2000,106,0.006175465961961181
2000,107,0.005646067428737242
2000,108,0.005123578041568954
2000,109,0.0046134477427189615
2000,110,0.004120815143937564
2000,111,0.0036503462147375897
2000,112,0.003206089261391939
2000,113,0.0027913572707074868
2000,114,0.0024086460232329524
2000,115,0.0020595928375100017
2000,116,0.0017449769579401151
2000,117,0.0014647590155399232
2010,1,0.0007115625129965596
2010,2,0.00082365323683417
2010,3,0.0009472072509232235
2010,4,0.0010825425852910282
2010,5,0.001229927109758275
2010,6,0.0013895855835339532
2010,7,0.0015617060899600502
2010,8,0.0017464447674313606
2010,9,0.0019439279859395015
2010,10,0.0021542514423768667
2010,11,0.0023774760116681624
2010,12,0.0026136205496429385
2010,13,0.0028626521579641455
2010,14,0.003124474662361984
2010,15,0.003398916206310251
2010,16,0.003685716918975125
2010,17,0.003984517585363124
2010,18,0.004294850142704805
2010,19,0.004616130669676701
2010,20,0.004947655345284475
2010,21,0.005288599652448349
2010,22,0.005638020905119176
2010,23,0.00599486400074472
2010,24,0.006344358839203463
2010,25,0.006573042913369019
2010,26,0.00679997309721977
2010,27,0.00702465398872436
2010,28,0.007246600731941227
2010,29,0.007465345807646587
2010,30,0.007680445137519743
2010,31,0.007891483358378302
2010,32,0.008098078173412342
2010,33,0.00829988373348019
2010,34,0.008496593042166045
2010,35,0.008687939412772294
2010,36,0.008873697033390759
2010,37,0.009053680717607105
2010,38,0.009227744933418231
2010,39,0.009395782211963286
2010,40,0.00955772104125012
2010,41,0.009713523348922925
2010,42,0.009863181673113123
2010,43,0.010006716112472096
2010,44,0.010144171136555009
2010,45,0.01027561232672875
2010,46,0.01040112310653773
2010,47,0.010520801509663778
2010,48,0.010667071694650136
2010,49,0.01082109629275075
2010,50,0.010968975423250996
2010,51,0.011110755128554022
2010,52,0.011246493057264165
2010,53,0.01137625556925639
2010,54,0.011500114867672275
2010,55,0.011618146194290064
2010,56,0.011730425121851018
2010,57,0.011837024973262663
2010,58,0.011938014393243315
2010,59,0.012033455093073266
2010,60,0.012123399783864843
2010,61,0.012207890308375675
2010,62,0.012286955976094067
2010,63,0.012360612101349146
2010,64,0.012428858739745568
2010,65,0.012491679614466147
2010,66,0.012549041221056446
2010,67,0.012600892097286187
2010,68,0.012647162243609027
2010,69,0.012687762679604277
2010,70,0.012722585122531861
2010,71,0.012768569740477955
2010,72,0.012841541619732775
2010,73,0.012898880113284869
2010,74,0.012940253288972492
2010,75,0.01296547277531366
2010,76,0.01297451810921408
2010,77,0.012967554450283832
2010,78,0.012944941651515258
2010,79,0.012907233166158218
2010,80,0.012855163920171195
2010,81,0.0127896270261043
2010,82,0.012711639982118408
2010,83,0.012622301714328429
2010,84,0.012522742420793171
2010,85,0.012414068622594192
2010,86,0.012297306107585712
2010,87,0.012173343572718568
2010,88,0.01204287975203786
2010,89,0.011906376684950004
2010,90,0.011764021555958617
2010,91,0.011615699238816092
2010,92,0.011460977313672053
2010,93,0.011299104899176826
2010,94,0.011129026155534944
2010,95,0.010937803304616594
2010,96,0.010715168393849233
2010,97,0.010461346510073069
2010,98,0.010176464920895523
2010,99,0.009860877035262526
2010,100,0.009515252355594365
2010,101,0.00914066186095373
2010,102,0.008738651627669028
2010,103,0.008311298189041853
2010,104,0.007861240409623493
2010,105,0.007391684358372147
2010,106,0.006906379603137451
2010,107,0.006409567278161815
2010,108,0.005905901966535776
2010,109,0.005400350714804667
2010,110,0.004898073277602609
2010,111,0.004404288020058092
2010,112,0.0039241279517457095
2010,113,0.0034624913824918384
2010,114,0.0030238919468070827
2010,115,0.002612313426948429
2010,116,0.002231075920360535
2010,117,0.0018827212060135606
2011,1,0.007197184290867889
2011,2,0.007715034795055823
2011,3,0.008238550241206923
2011,4,0.0087654541807378
2011,5,0.009293318469070985
2011,6,0.00981956551070787
2011,7,0.01034148176035312
2011,8,0.010856241691153444
2011,9,0.011360940620143992
2011,10,0.011852634271845453
2011,11,0.012328382734435105
2011,12,0.012785296466379254
2011,13,0.013220582183850051
2011,14,0.013631586741902154
2011,15,0.014015837464934466
2011,16,0.014371077745063958
2011,17,0.014695297082335045
2011,18,0.014986755069400667
2011,19,0.015243999114230184
2011,20,0.015465875941886458
2011,21,0.015651537118692868
2011,22,0.015800438999985206
2011,23,0.015912337618602782
2011,24,0.015979228855284345
2011,25,0.01594783287751861
2011,26,0.015900278394482725
2011,27,0.015837552037571888
2011,28,0.015760656945951353
2011,29,0.015670602767874395
2011,30,0.015568395820751013
2011,31,0.015455029536150489
2011,32,0.015331475399225325
2011,33,0.015198674631913694
2011,34,0.01505753086210145
2011,35,0.014908903974342132
2011,36,0.014753605266037034
2011,37,0.014592393952107171
2011,38,0.014425974984820593
2011,39,0.014254998092850971
2011,40,0.014080057899300764
2011,41,0.013901694952743788
2011,42,0.013720397496039666
2011,43,0.013536603801114298
2011,44,0.013350704910192824
2011,45,0.013163047641639372
2011,46,0.012973937738854887
2011,47,0.012783643061634173
2011,48,0.012579873132895481
2011,49,0.012367931398956308
2011,50,0.012153189001919687
2011,51,0.011936006246049275
2011,52,0.01171671744778829
2011,53,0.011495632663556344
2011,54,0.011273039318487332
2011,55,0.011049203731498624
2011,56,0.010824372537453802
2011,57,0.010598774011157244
2011,58,0.010372619300714401
2011,59,0.010146103579619163
2011,60,0.009919407127993921
2011,61,0.009692696353885281
2011,62,0.009466124765559155
2011,63,0.009239833905459684
2011,64,0.009013954255985298
2011,65,0.008788606126553345
2011,66,0.008563900530613238
2011,67,0.008339940060352996
2011,68,0.008116819765840728
2011,69,0.007894628044261371
2011,70,0.007673447543756051
2011,71,0.007436344181146988
2011,72,0.00716092053606918
2011,73,0.0068880345301096406
2011,74,0.006618990649537766
2011,75,0.006355050885437897
2011,76,0.0060973464150491895
2011,77,0.005846801938420097
2011,78,0.005604081640019416
2011,79,0.005369561526554886
2011,80,0.005143328493149655
2011,81,0.004925202818733065
2011,82,0.004714778425171968
2011,83,0.004511474267537301
2011,84,0.0043145904436203905
2011,85,0.00412336363589564
2011,86,0.003937017917252964
2011,87,0.0037548084216721036
2011,88,0.0035760566745019536
2011,89,0.003400177379355674
2011,90,0.003226697143829244
2011,91,0.003055266024850346
2011,92,0.0028856629446479356
2011,93,0.0027177960351198343
2011,94,0.0025516988714113487
2011,95,0.002306584174218507
2011,96,0.0020656342350239883
2011,97,0.0018390467556121104
2011,98,0.0016273187021212554
2011,99,0.0014307893556549788
2011,100,0.0012496320460871643
2011,101,0.001083850781492506
2011,102,0.0009332817644402501
2011,103,0.0007975995889026214
2011,104,0.0006763277549778003
2011,105,0.0005688530155812565
2011,106,0.0004744429718631072
2011,107,0.0003922662556376974
2011,108,0.00032141457329268726
2011,109,0.0002609258355861255
2011,110,0.00020980756425016583
2011,111,0.00016705975544519292
2011,112,0.0001316963998028657
2011,113,0.0001027649168499571
2011,114,7.93628631652004e-05
2011,115,6.065141887123416e-05
2011,116,4.5865339679988885e-05
2011,117,3.431926864729047e-05
2016,1,0.0001104127326202163
2016,2,0.0001362862326470356
2016,3,0.00016651562573988645
2016,4,0.00020141765654918154
2016,5,0.0002412545853661852
2016,6,0.0002862258027343988
2016,7,0.00033646324478093294
2016,8,0.0003920310233889903
2016,9,0.00045292928141037696
2016,10,0.0005191018795676924
2016,11,0.0005904471700013263
2016,12,0.0006668308534330168
2016,13,0.000748099778691541
2016,14,0.0008340955322842933
2016,15,0.0009246667713410465
2016,16,0.001019679451065319
2016,17,0.0011190243548358499
2016,18,0.0012226216160328178
2016,19,0.0013304221933178818
2016,20,0.00144240650012856
2016,21,0.0015585805779399643
2016,22,0.0016789703336015955
2016,23,0.001803614433547349
2016,24,0.0019325564672609287
2016,25,0.0020658110142134623
2016,26,0.002203385227082748
2016,27,0.0023452815370647888
2016,28,0.0024914764108985
2016,29,0.002641916621608687
2016,30,0.002796517118466879
2016,31,0.002955160507056532
2016,32,0.003117698063513443
2016,33,0.003283952132707357
2016,34,0.0034537197014324486
2016,35,0.0036267768967550283
2016,36,0.003802884137546022
2016,37,0.003981791663629859
2016,38,0.004163245180330855
2016,39,0.004346991383756096
2016,40,0.004532783170303742
2016,41,0.004720384378515621
2016,42,0.004909573958318387
2016,43,0.005100149508065509
2016,44,0.005291930160419286
2016,45,0.005484758831707836
2016,46,0.005678503874662459
2016,47,0.005873060191062878
2016,48,0.006068421127728036
2016,49,0.0062648312826997345
2016,50,0.0064622668202709115
2016,51,0.006660727302680829
2016,52,0.006860236975695075
2016,53,0.007060845853134027
2016,54,0.007262630557306334
2016,55,0.0074656948731532105
2016,56,0.007670169976028183
2016,57,0.007876214296353193
2016,58,0.008084012988767337
2016,59,0.008293776978621695
2016,60,0.00850574156452068
2016,61,0.008720164561777882
2016,62,0.008937323977825894
2016,63,0.009157515216474243
2016,64,0.009381047813135994
2016,65,0.009608241707461874
2016,66,0.009839423062998145
2016,67,0.010074919645349964
2016,68,0.010315055770790244
2016,69,0.010560146836291112
2016,70,0.010810493439646077
2016,71,0.011066375094859126
2016,72,0.011324137847214687
2016,73,0.011582716307393041
2016,74,0.011841841057706824
2016,75,0.012101152847297524
2016,76,0.012360211252128273
2016,77,0.012618507107491348
2016,78,0.012875479026593951
2016,79,0.013130534103467456
2016,80,0.013383072607012072
2016,81,0.013632516105760552
2016,82,0.013878338028264176
2016,83,0.014120095179818071
2016,84,0.014357458230707892
2016,85,0.014590238701834658
2016,86,0.014818409544920861
2016,87,0.015042116093751692
2016,88,0.015261673994819678
2016,89,0.015477550747265827
2016,90,0.01569032771830761
2016,91,0.015900639963728237
2016,92,0.01610909187605831
2016,93,0.016316147606279207
2016,94,0.016521996367607105
2016,95,0.016726351167386178
2016,96,0.016928313897506143
2016,97,0.017126269979972148
2016,98,0.017317576722678467
2016,99,0.017498320472711337
2016,100,0.017663091589899118
2016,101,0.01780480504280122
2016,102,0.017914600570504657
2016,103,0.01798186072120965
2016,104,0.017994385958316556
2016,105,0.01793876146085895
2016,106,0.017800938445946622
2016,107,0.01756703279308028
2016,108,0.017224315935765674
2016,109,0.016762339980030197
2016,110,0.01617410565763694
2016,111,0.01545715461380487
2016,112,0.014614453662406275
2016,113,0.013654943482902793
2016,114,0.012593649754223895
2016,115,0.01145129820603273
2016,116,0.010253429400073795
2016,117,0.009029064677847873
2029,1,7.704707741157686e-06
2029,2,9.739979093455004e-06
2029,3,1.2242877272755952e-05
2029,4,1.5299424286327877e-05
2029,5,1.9006046428173145e-05
2029,6,2.3469738418013877e-05
2029,7,2.8808051146896298e-05
2029,8,3.5148903981421656e-05
2029,9,4.2630234306113415e-05
2029,10,5.139950902395142e-05
2029,11,6.161313412836482e-05
2029,12,7.343580818757043e-05
2029,13,8.703987265308687e-05
2029,14,0.00010260471544676209
2029,15,0.00012031628363162095
2029,16,0.00014036675575497675
2029,17,0.00016295441463621505
2029,18,0.00018828374730124614
2029,19,0.00021656578116120964
2029,20,0.0002480186454569825
2029,21,0.0002828683257822177
2029,22,0.0003213495586791691
2029,23,0.00036370679446838224
2029,24,0.000408754666577935
2029,25,0.0004437419668383822
2029,26,0.0004805246648844511
2029,27,0.0005191519670854941
2029,28,0.000559676481444435
2029,29,0.0006021532809483712
2029,30,0.0006466387243808579
2029,31,0.0006931890906860177
2029,32,0.0007418590930255166
2029,33,0.0007927003450681676
2029,34,0.000845759854422423
2029,35,0.0009010786163192651
2029,36,0.0009586903747818423
2029,37,0.0010186206089383553
2029,38,0.0010808857894487433
2029,39,0.0011454929350381178
2029,40,0.0012124394828379058
2029,41,0.0012817134697017058
2029,42,0.001353294005976027
2029,43,0.001427152009384336
2029,44,0.0015032511555900132
2029,45,0.0015815489942738405
2029,46,0.001661998175545031
2029,47,0.001744547731239138
2029,48,0.0018408486931099975
2029,49,0.001945464959418271
2029,50,0.002053614489987572
2029,51,0.0021653044814713904
2029,52,0.0022805398663863787
2029,53,0.002399323804655799
2029,54,0.0025216582627741128
2029,55,0.0026475446871230724
2029,56,0.002776984776478328
2029,57,0.0029099813567090545
2029,58,0.003046539358070886
2029,59,0.0031866668923270173
2029,60,0.0033303764232309927
2029,61,0.003477686019723689
2029,62,0.003628620676623474
2029,63,0.0037832136827405678
2029,64,0.0039415080113723786
2029,65,0.00410355770320962
2029,66,0.004269429206997492
2029,67,0.004439202639056486
2029,68,0.004612972919178615
2029,69,0.004790850737669164
2029,70,0.004972963306566712
2029,71,0.005181521659433082
2029,72,0.005449288839617113
2029,73,0.005726811279976682
2029,74,0.0060144123816276394
2029,75,0.006312432930733366
2029,76,0.006621229722425436
2029,77,0.006941173803896228
2029,78,0.007272648424932415
2029,79,0.007616046818838252
2029,80,0.007971769973290578
2029,81,0.008340224587717639
2029,82,0.008721821449173337
2029,83,0.009116974489395043
2029,84,0.009526100807747864
2029,85,0.009949621952808877
2029,86,0.01038796674282895
2029,87,0.010841575864244925
2029,88,0.011310908408517551
2029,89,0.011796450380489707
2029,90,0.012298725025203872
2029,91,0.012818304563690364
2029,92,0.013355822591535263
2029,93,0.013911985969019703
2029,94,0.014487584513842178
2029,95,0.015492174623017576
2029,96,0.016586321441959186
2029,97,0.01772554496438883
2029,98,0.01890941341321964
2029,99,0.02013733704540594
2029,100,0.02140848033408817
2029,101,0.02272161251569391
2029,102,0.02407487869426289
2029,103,0.02546547497967612
2029,104,0.026889215659402693
2029,105,0.028339989252728078
2029,106,0.02980911437400106
2029,107,0.03128462602535201
2029,108,0.03275054769744461
2029,109,0.03418623251479656
2029,110,0.03556588384162021
2029,111,0.036858386526649814
2029,112,0.038027586963625466
2029,113,0.03903314550568659
2029,114,0.0398320420380322
2029,115,0.040380742283228
2029,116,0.0406379331370485
2029,117,0.04056762323938228
2046,1,0.06550354605548825
2046,2,0.06326204805288542
2046,3,0.06077897817928159
2046,4,0.058096981718561105
2046,5,0.055259085001362035
2046,6,0.052307633194701005
2046,7,0.04928335237984738
2046,8,0.046224557601876506
2046,9,0.04316651938707842
2046,10,0.04014099261306362
2046,11,0.03717590401322013
2046,12,0.034295188297777265
2046,13,0.03151875803795889
2046,14,0.028862589123655368
2046,15,0.026338901701072035
2046,16,0.023956415878130445
2046,17,0.02172066195203048
2046,18,0.019634326236946203
2046,19,0.017697615515250533
2046,20,0.015908625478615473
2046,21,0.014263701064982611
2046,22,0.012757779164439714
2046,23,0.011384706627580333
2046,24,0.010192359962982315
2046,25,0.00957037844995733
2046,26,0.00898748759571424
2046,27,0.008441554877554967
2046,28,0.007930509535393291
2046,29,0.007452349572290823
2046,30,0.007005147053215794
2046,31,0.006587051912307942
2046,32,0.006196294464309558
2046,33,0.0058311868005091
2046,34,0.00549012323398585
2046,35,0.005171579943503743
2046,36,0.004874113950361025
2046,37,0.004596361548071971
2046,38,0.004337036291092992
2046,39,0.004094926636012374
2046,40,0.0038688933167642606
2046,41,0.003657866524534453
2046,42,0.003460842953100969
2046,43,0.003276882761379481
2046,44,0.0031051064968897067
2046,45,0.0029446920166785796
2046,46,0.002794871435878273
2046,47,0.002654928128483407
2046,48,0.0024893739228603958
2046,49,0.0023218707906894932
2046,50,0.0021671030100948664
2046,51,0.002024084861057824
2046,52,0.0018919040028814054
2046,53,0.0017697168075715252
2046,54,0.0016567438484223138
2046,55,0.0015522655652875765
2046,56,0.0014556181217569946
2046,57,0.0013661894641959322
2046,58,0.0012834155882354913
2046,59,0.0012067770147056608
2046,60,0.0011357954740883643
2046,61,0.0010700307962373799
2046,62,0.0010090780002855993
2046,63,0.0009525645782619525
2046,64,0.0009001479649050651
2046,65,0.0008515131854294238
2046,66,0.0008063706725211834
2046,67,0.000764454243570495
2046,68,0.0007255192290462802
2046,69,0.0006893407429547076
2046,70,0.000655712086465856
2046,71,0.000616843541278471
2046,72,0.000564464409785417
2046,73,0.000516970235147624
2046,74,0.00047388767953420347
2046,75,0.00043478959231975465
2046,76,0.00039929063873323856
2046,77,0.0003670433055840955
2046,78,0.0003377342590414833
2046,79,0.0003110810295884265
2046,80,0.00028682899979552706
2046,81,0.0002647486713634422
2046,82,0.0002446331888908341
2046,83,0.00022629609897071172
2046,84,0.00020956932445091928
2046,85,0.0001943013349726413
2046,86,0.00018035549619151042
2046,87,0.00016760858136404542
2046,88,0.00015594943022873288
2046,89,0.00014527774131214752
2046,90,0.00013550298493618913
2046,91,0.00012654342528645737
2046,92,0.00011832524092000251
2046,93,0.00011078173404158382
2046,94,0.00010385261976093307
2046,95,8.691600743748308e-05
2046,96,7.184095492174249e-05
2046,97,5.939993818109838e-05
2046,98,4.913363164126182e-05
2046,99,4.0661775122617346e-05
2046,100,3.366993574190614e-05
2046,101,2.78983770013974e-05
2046,102,2.3132729578375464e-05
2046,103,1.9196194538732007e-05
2046,104,1.594304388843944e-05
2046,105,1.3253214909502027e-05
2046,106,1.1027823281473423e-05
2046,107,9.185445469293858e-06
2046,108,7.659043320599341e-06
2046,109,6.393423418513332e-06
2046,110,5.343140696904434e-06
2046,111,4.47077039252442e-06
2046,112,3.7454848406748435e-06
2046,113,3.141882172425746e-06
2046,114,2.6390228831998254e-06
2046,115,2.2196377375845483e-06
2046,116,1.8694767552411174e-06
2046,117,1.5767742674093302e-06
2065,1,0.00013262891165342122
2065,2,0.0001578258527057355
2065,3,0.00018714118769442623
2065,4,0.0002211092256665768
2065,5,0.0002603075746944964
2065,6,0.00030535614548053935
2065,7,0.00035691525492087236
2065,8,0.00041568274023234434
2065,9,0.0004823900073870672
2065,10,0.0005577969546416604
2065,11,0.0006426857327756601
2065,12,0.0007378533279985261
2065,13,0.000844102980925317
2065,14,0.0009622344849854173
2065,15,0.001093033439404452
2065,16,0.0012372595646509127
2065,17,0.0013956342210287714
2065,18,0.0015688273029153107
2065,19,0.0017574437109378251
2065,20,0.0019620096310974237
2065,21,0.0021829588724584124
2065,22,0.0024206195325749127
2065,23,0.0026752012714787573
2065,24,0.002933972569191164
2065,25,0.003087087891747866
2065,26,0.0032437194989265246
2065,27,0.0034036922687840916
2065,28,0.003566820648928929
2065,29,0.0037329095454084822
2065,30,0.003901755256313822
2065,31,0.004073146441395505
2065,32,0.004246865118872836
2065,33,0.004422687680612117
2065,34,0.004600385916943955
2065,35,0.004779728042579656
2065,36,0.004960479715364956
2065,37,0.0051424050399680775
2065,38,0.005325267549029487
2065,39,0.005508831154793653
2065,40,0.005692861064788959
2065,41,0.0058771246557103255
2065,42,0.00606139230028138
2065,43,0.0062454381425178455
2065,44,0.006429040817473305
2065,45,0.006611984112212894
2065,46,0.006794057565421129
2065,47,0.006975057003700072
2065,48,0.007200312454149917
2065,49,0.007444835759496691
2065,50,0.007688988453949108
2065,51,0.007932419870410806
2065,52,0.008174789409030391
2065,53,0.0084157679096814
2065,54,0.008655038900362559
2065,55,0.008892299716350334
2065,56,0.009127262486457548
2065,57,0.0093596549842256
2065,58,0.009589221343286153
2065,59,0.009815722637456262
2065,60,0.010038937327366066
2065,61,0.010258661576550771
2065,62,0.010474709440960161
2065,63,0.010686912936745037
2065,64,0.010895121991966406
2065,65,0.01109920428853961
2065,66,0.011299045001272764
2065,67,0.011494546441288325
2065,68,0.01168562761143397
2065,69,0.01187222368149834
2065,70,0.012054285391155297
2065,71,0.012267097567898826
2065,72,0.012554938893782737
2065,73,0.01283352328917954
2065,74,0.013102416123165464
2065,75,0.013361237234557463
2065,76,0.013609661401078346
2065,77,0.013847418356183687
2065,78,0.01407429237783208
2065,79,0.014290121477179509
2065,80,0.014494796218211627
2065,81,0.014688258201697687
2065,82,0.014870498248567714
2065,83,0.015041554318907756
2065,84,0.015201509203269603
2065,85,0.015350488022943148
2065,86,0.015488655575292217
2065,87,0.015616213559258922
2065,88,0.01573339771475614
2065,89,0.01584047490794811
2065,90,0.015937740192425574
2065,91,0.01602551387406959
2065,92,0.016104138605023004
2065,93,0.016173976529702483
2065,94,0.016235406503235315
2065,95,0.016271916463771317
2065,96,0.016239305000081923
2065,97,0.016137929133879413
2065,98,0.015970313702905792
2065,99,0.01573979200927087
2065,100,0.015450409538727347
2065,101,0.015106815975841256
2065,102,0.014714149331695963
2065,103,0.014277916006467913
2065,104,0.013803870462609592
2065,105,0.01329789790503106
2065,106,0.012765902977157701
2065,107,0.012213707013737956
2065,108,0.011646955871664724
2065,109,0.011071039817178933
2065,110,0.01049102640788674
2065,111,0.009911606793998596
2065,112,0.009337055393918011
2065,113,0.008771202488988664
2065,114,0.008217418940331015
2065,115,0.00767861196217175
2065,116,0.00715723069164876
2065,117,0.006655280171958478
2083,1,0.0023715927001638592
2083,2,0.0026474197574945578
2083,3,0.0029359450259660454
2083,4,0.003236142065993626
2083,5,0.0035470668349956596
2083,6,0.0038678849984260977
2083,7,0.004197884183013557
2083,8,0.004536471588229609
2083,9,0.00488315866646523
2083,10,0.00523753553840415
2083,11,0.005599238376781561
2083,12,0.005967913175019439
2083,13,0.006343179166619714
2083,14,0.006724594753367976
2083,15,0.0071116282232578714
2083,16,0.007503634878442111
2083,17,0.007899841523892904
2083,18,0.008299338646564975
2083,19,0.008701080082027322
2083,20,0.00910388954262078
2083,21,0.009506473075240135
2083,22,0.009907436323543089
2083,23,0.010305305376773934
2083,24,0.010677789826739482
2083,25,0.010856785476175036
2083,26,0.011027995729842
2083,27,0.011191021807121448
2083,28,0.011345498457244996
2083,29,0.01149110311070588
2083,30,0.011627562678179097
2083,31,0.011754658100016972
2083,32,0.011872226816618946
2083,33,0.011980163376780689
2083,34,0.012078418429822572
2083,35,0.01216699636050202
2083,36,0.012245951826171064
2083,37,0.012315385446075277
2083,38,0.012375438875690927
2083,39,0.012426289476931248
2083,40,0.012468144770001481
2083,41,0.012501236826396478
2083,42,0.012525816736418291
2083,43,0.012542149259693519
2083,44,0.01255050774421169
2083,45,0.012551169378805682
2083,46,0.01254441082592208
2083,47,0.012530504265955988
2083,48,0.01254389629510655
2083,49,0.01256395869117787
2083,50,0.012575970695297003
2083,51,0.01258011801133671
2083,52,0.012576580857836566
2083,53,0.012565531746483437
2083,54,0.01254713351336604
2083,55,0.012521537624528678
2083,56,0.012488882771542476
2083,57,0.012449293767209772
2083,58,0.01240288074627183
2083,59,0.012349738671196389
2083,60,0.012289947138829752
2083,61,0.01222357047991576
2083,62,0.01215065814019496
2083,63,0.012071245328972543
2083,64,0.011985353918654627
2083,65,0.01189299357677669
2083,66,0.011794163110478187
2083,67,0.011688852002213663
2083,68,0.011577042114744418
2083,69,0.01145870954313339
2083,70,0.011333826591572524
2083,71,0.011215396066139542
2083,72,0.011117028672754277
2083,73,0.011006523376131094
2083,74,0.0108839132824001
2083,75,0.01074930832651953
2083,76,0.010602911808033645
2083,77,0.010445033424789401
2083,78,0.010276096731334517
2083,79,0.010096639306585132
2083,80,0.009907304545965254
2083,81,0.009708824822809785
2083,82,0.00950199668491081
2083,83,0.009287649642913816
2083,84,0.009066610852680596
2083,85,0.008839668503194025
2083,86,0.008607536941166935
2083,87,0.008370826480462718
2083,88,0.008130020484391935
2083,89,0.007885461727565695
2083,90,0.007637349315108218
2083,91,0.007385746640104998
2083,92,0.0071306000691380555
2083,93,0.00687176732110751
2083,94,0.00660905388918712
2083,95,0.006331357941734542
2083,96,0.006039299725926369
2083,97,0.005735145740710526
2083,98,0.0054206506157257
2083,99,0.005097766511852125
2083,100,0.00476865145740286
2083,101,0.0044356626346015796
2083,102,0.00410133309246187
2083,103,0.003768331788271388
2083,104,0.0034394083345932265
2083,105,0.003117325212121814
2083,106,0.0028047813667205906
2083,107,0.0025043319288844492
2083,108,0.0022183091989522873
2083,109,0.0019487500009513236
2083,110,0.0016973340408922408
2083,111,0.001465337075729152
2083,112,0.0012536016044012663
2083,113,0.0010625265461779944
2083,114,0.0008920760864889635
2083,115,0.0007418066438225385
2083,116,0.0006109098181823313
2083,117,0.0004982682758333337
2086,1,0.00038754837582647626
2086,2,0.0004482745991514338
2086,3,0.0005152843392425253
2086,4,0.000588635080109468
2086,5,0.0006682935526743677
2086,6,0.0007541335173589172
2086,7,0.0008459368943899321
2086,8,0.0009433982481743488
2086,9,0.0010461324579427432
2086,10,0.0011536852492211066
2086,11,0.001265546128729807
2086,12,0.0013811631651848748
2086,13,0.0014999589933242109
2086,14,0.0016213473887006938
2086,15,0.0017447497645234663
2086,16,0.001869610975541616
2086,17,0.00199541387296424
2086,18,0.002121692133363518
2086,19,0.0022480409778431296
2086,20,0.0023741254999886446
2086,21,0.0024996864270919175
2086,22,0.0026245432441982016
2086,23,0.0027485947106138
2086,24,0.0028718168902606405
2086,25,0.002994258198852991
2086,26,0.003116031665666331
2086,27,0.003237305392575444
2086,28,0.0033582926746442234
2086,29,0.0034792413127833453
2086,30,0.003600422259380706
2086,31,0.0037221179933502476
2086,32,0.003844611026829713
2086,33,0.003968172939638719
2086,34,0.004093054318591452
2086,35,0.0042194759461238115
2086,36,0.004347621536218857
2086,37,0.0044776322557829994
2086,38,0.004609603197814027
2086,39,0.004743581891287101
2086,40,0.004879568845055861
2086,41,0.005017520033519236
2086,42,0.00515735114530952
2086,43,0.0052989433380994915
2086,44,0.005442150177961012
2086,45,0.005586805395060529
2086,46,0.0057327310622574046
2086,47,0.0058797458012547375
2086,48,0.006027692546005718
2086,49,0.006176523824678263
2086,50,0.00632625218605259
2086,51,0.006476890187473585
2086,52,0.006628450269230924
2086,53,0.006780944756726367
2086,54,0.006934386004523635
2086,55,0.007088786694701122
2086,56,0.007244160299582249
2086,57,0.007400521715835367
2086,58,0.007557888073065481
2086,59,0.00771627971533988
2086,60,0.007875721348606037
2086,61,0.008036243340719463
2086,62,0.008197883153890664
2086,63,0.008360686881922843
2086,64,0.008524710856832656
2086,65,0.008690023281563517
2086,66,0.00885670583779613
2086,67,0.009024855210653894
2086,68,0.009194584465734566
2086,69,0.00936602420872586
2086,70,0.009539323454220943
2086,71,0.009714650128545116
2086,72,0.00989216046381094
2086,73,0.010072050527933231
2086,74,0.010254537674418803
2086,75,0.010439850748304853
2086,76,0.010628226725789077
2086,77,0.01081990664270694
2086,78,0.011015130847532723
2086,79,0.011214133639929305
2086,80,0.011417137382377979
2086,81,0.011624346199625728
2086,82,0.011835939408065137
2086,83,0.012052064844010354
2086,84,0.012272832285119719
2086,85,0.012498307181357088
2086,86,0.012728504928471397
2086,87,0.012963385924465212
2086,88,0.013202851642939809
2086,89,0.013446741929885344
2086,90,0.013694833673974246
2086,91,0.013946840904595904
2086,92,0.014202416225434281
2086,93,0.01446115328282257
2086,94,0.01472258968728521
2086,95,0.014986014099077384
2086,96,0.015250565365415768
2086,97,0.015515627976764432
2086,98,0.015780516942858317
2086,99,0.01604445744199756
2086,100,0.016306552005778352
2086,101,0.016565731290488488
2086,102,0.016820684446271987
2086,103,0.01706976566041219
2086,104,0.017310874906136434
2086,105,0.017541313569602545
2086,106,0.01775761970387465
2086,107,0.017955393277996286
2086,108,0.01812912879491015
2086,109,0.018272080478863945
2086,110,0.018376192777886158
2086,111,0.01843213448658427
2086,112,0.01842947614525455
2086,113,0.01835704506897677
2086,114,0.01820347831044783
2086,115,0.01795797013279965
2086,116,0.017611178308765275
2086,117,0.017156216701076143
2097,1,6.348478104602553e-05
2097,2,7.864738830791639e-05
2097,3,9.662825769020164e-05
2097,4,0.00011777247608904061
2097,5,0.00014243743308517897
2097,6,0.0001709900084037713
2097,7,0.00020380397189960513
2097,8,0.00024125777667764015
2097,9,0.0002837329103366025
2097,10,0.0003316129402101344
2097,11,0.00038528334642171406
2097,12,0.0004451321832820736
2097,13,0.0005115515479264433
2097,14,0.0005849397690182814
2097,15,0.00066570416247659
2097,16,0.0007542641405108573
2097,17,0.0008510544096915377
2097,18,0.0009565279577604684
2097,19,0.001071158510919043
2097,20,0.0011954421457453371
2097,21,0.0013298977635949588
2097,22,0.0014750661797310921
2097,23,0.0016315076424038403
2097,24,0.0017934290786219842
2097,25,0.0019054536296196794
2097,26,0.0020210211409659173
2097,27,0.002140192632432449
2097,28,0.0022630146661323644
2097,29,0.0023895132642991
2097,30,0.002519688311594697
2097,31,0.0026535086853601373
2097,32,0.0027909083235230048
2097,33,0.002931783395462206
2097,34,0.003075990688152123
2097,35,0.003223347261236763
2097,36,0.003373631363724188
2097,37,0.0035265845454306613
2097,38,0.0036819148417966572
2097,39,0.0038393008645295624
2097,40,0.003998396595312786
2097,41,0.004158836657265825
2097,42,0.004320241829630113
2097,43,0.004482224574965723
2097,44,0.004644394363777861
2097,45,0.004806362607107709
2097,46,0.004967747041007985
2097,47,0.005128175445646421
2097,48,0.005321562911067269
2097,49,0.005531272785933063
2097,50,0.005742828883734672
2097,51,0.005955938537387957
2097,52,0.006170304353538484
2097,53,0.0063856259271823776
2097,54,0.0066016016062855586
2097,55,0.006817930268696208
2097,56,0.007034313068151399
2097,57,0.0072504551014052785
2097,58,0.007466066944742479
2097,59,0.00768086600567802
2097,60,0.007894577634759615
2097,61,0.008106935943323464
2097,62,0.008317684276005268
2097,63,0.008526575291897565
2097,64,0.008733370615508313
2097,65,0.008937840028043731
2097,66,0.009139760180825398
2097,67,0.00933891282555145
2097,68,0.009535082570205376
2097,69,0.009728054184186341
2097,70,0.009917609491095731
2097,71,0.010146648701491467
2097,72,0.010475256173474107
2097,73,0.010803883660190678
2097,74,0.011131977226641407
2097,75,0.011458941116702768
2097,76,0.011784131673420933
2097,77,0.01210685150737203
2097,78,0.012426344275820508
2097,79,0.012741790469894586
2097,80,0.013052304620027398
2097,81,0.013356934314141498
2097,82,0.013654661371481547
2097,83,0.013944405421720806
2097,84,0.01422503000009698
2097,85,0.014495351084034701
2097,86,0.014754147768254011
2097,87,0.015000174512103328
2097,88,0.015232174108983951
2097,89,0.015448890243697956
2097,90,0.01564907824601637
2097,91,0.01583151245006687
2097,92,0.015994988466221834
2097,93,0.016138318704924666
2097,94,0.01626031970090772
2097,95,0.016791228849207602
2097,96,0.017335746182802387
2097,97,0.017839967828163626
2097,98,0.01829824309509434
2097,99,0.018704802306744775
2097,100,0.019053727638625124
2097,101,0.01933892875735054
2097,102,0.019554137339378143
2097,103,0.01969293764471844
2097,104,0.019748851792718444
2097,105,0.019715497327770143
2097,106,0.019586830271271984
2097,107,0.019357478661821453
2097,108,0.01902315969605976
2097,109,0.01858115889908051
2097,110,0.01803083407536874
2097,111,0.017374092727527393
2097,112,0.01661578225722874
2097,113,0.015763930532847227
2097,114,0.014829782391690567
2097,115,0.013827595789256257
2097,116,0.01277418794942542
2097,117,0.011688253222130894
2110,1,0.000977304960684895
2110,2,0.0010985348006009627
2110,3,0.0012300850195109028
2110,4,0.00137249957804177
2110,5,0.001526331332009772
2110,6,0.0016921311927507192
2110,7,0.001870435959710562
2110,8,0.002061755540158979
2110,9,0.002266560226221832
2110,10,0.0024852686096949704
2110,11,0.002718236599231284
2110,12,0.00296574787902314
2110,13,0.0032280060258341532
2110,14,0.0035051283908834534
2110,15,0.0037971417596303686
2110,16,0.004103979727915287
2110,17,0.004425481676992478
2110,18,0.00476139319119675
2110,19,0.00511136773806991
2110,20,0.005474969419259271
2110,21,0.005851676598981249
2110,22,0.006240886223137568
2110,23,0.006641918654376618
2110,24,0.007031964655432973
2110,25,0.007226192292455553
2110,26,0.007416519308336378
2110,27,0.007602687560218354
2110,28,0.007784473386319771
2110,29,0.007961686272411759
2110,30,0.008134166971345488
2110,31,0.00830178517073448
2110,32,0.008464436800993439
2110,33,0.008622041072458935
2110,34,0.008774537326441862
2110,35,0.008921881780796103
2110,36,0.009064044245834393
2110,37,0.009201004881032957
2110,38,0.00933275105679812
2110,39,0.009459274378522165
2110,40,0.009580567922213118
2110,41,0.009696623722217051
2110,42,0.00980743054213393
2110,43,0.009912971950215222
2110,44,0.010013224710646874
2110,45,0.010108157492524224
2110,46,0.010197729889381167
2110,47,0.010281891734183281
2110,48,0.010416764012726459
2110,49,0.010570488302782718
2110,50,0.010718845364443749
2110,51,0.010861618137909595
2110,52,0.010998582150335338
2110,53,0.011129505324340842
2110,54,0.011254147918118636
2110,55,0.011372262587199658
2110,56,0.011483594557083246
2110,57,0.011587881895837376
2110,58,0.011684855876378948
2110,59,0.011774241419376946
2110,60,0.011855757609495613
2110,61,0.0119291182799081
2110,62,0.011994032662559218
2110,63,0.012050206104432451
2110,64,0.01209734085298068
2110,65,0.012135136916814716
2110,66,0.012163293010622571
2110,67,0.012181507596033581
2110,68,0.012189480032673068
2110,69,0.01218691185590791
2110,70,0.012173508199697767
2110,71,0.012190352036983597
2110,72,0.012285091360401124
2110,73,0.012359819484676574
2110,74,0.012416024725339196
2110,75,0.012455393475146969
2110,76,0.012479712096115859
2110,77,0.012490762831943926
2110,78,0.012490219901942512
2110,79,0.012479551945049834
2110,80,0.012459936463389304
2110,81,0.012432190939130018
2110,82,0.01239672398799535
2110,83,0.012353508421922507
2110,84,0.012302076585716077
2110,85,0.012241536958527113
2110,86,0.012170609889642506
2110,87,0.012087679545238712
2110,88,0.01199085870692701
2110,89,0.011878062968019184
2110,90,0.011747091067033793
2110,91,0.011595708502615813
2110,92,0.011421732099678469
2110,93,0.011223113751821386
2110,94,0.010998022066456607
2110,95,0.010942452733591884
2110,96,0.010854545677480032
2110,97,0.010709020055304984
2110,98,0.010504741629935244
2110,99,0.010241641170410128
2110,100,0.009920824717312355
2110,101,0.00954465159492302
2110,102,0.009116772582837131
2110,103,0.008642121352481238
2110,104,0.008126853484532069
2110,105,0.007578229237635156
2110,106,0.007004438841022515
2110,107,0.006414372472446569
2110,108,0.005817341181880683
2110,109,0.005222759593295183
2110,110,0.00463980583772086
2110,111,0.004077078243124321
2110,112,0.003542271122834402
2110,113,0.003041892864844455
2110,114,0.002581047894890335
2110,115,0.0021632997608135272
2110,116,0.0017906258096624318
2110,117,0.0014634654340844415
2115,1,0.00038705908273425443
2115,2,0.0004291282862777623
2115,3,0.00047512253895953674
2115,4,0.0005253207766397112
2115,5,0.0005800109707601849
2115,6,0.0006394891179666833
2115,7,0.0007040580614347566
2115,8,0.0007740261418048649
2115,9,0.0008497056779043955
2115,10,0.0009314112799057267
2115,11,0.0010194580002039202
2115,12,0.0011141593300528017
2115,13,0.0012158250528250857
2115,14,0.0013247589676062205
2115,15,0.0014412564996339312
2115,16,0.0015656022167941802
2115,17,0.0016980672739164624
2115,18,0.001838906808914519
2115,19,0.0019883573168325962
2115,20,0.0021466340295268616
2115,21,0.002313928329986699
2115,22,0.002490405231140088
2115,23,0.0026762009493587497
2115,24,0.00286210029032773
2115,25,0.0029692649391960266
2115,26,0.0030779757839487637
2115,27,0.0031881422976648994
2115,28,0.003299670483575554
2115,29,0.0034124631199056806
2115,30,0.0035264200122847224
2115,31,0.0036414382522376716
2115,32,0.0037574124802742855
2115,33,0.003874235152111839
2115,34,0.003991796806594938
2115,35,0.004109986333913886
2115,36,0.004228691242769931
2115,37,0.004347797925190907
2115,38,0.00446719191776295
2115,39,0.004586758158112784
2115,40,0.0047063812355491765
2115,41,0.004825945634850863
2115,42,0.004945335972270871
2115,43,0.005064437222912296
2115,44,0.005183134938718217
2115,45,0.00530131545640695
2115,46,0.005418866094773217
2115,47,0.005535675340864781
2115,48,0.005683781616941842
2115,49,0.005845953167141775
2115,50,0.006008481646487932
2115,51,0.006171212016249715
2115,52,0.006333989818104476
2115,53,0.006496661548135284
2115,54,0.006659075014783548
2115,55,0.006821079679424713
2115,56,0.006982526978393961
2115,57,0.00714327062544886
2115,58,0.007303166893814653
2115,59,0.007462074877115106
2115,60,0.007619856728645921
2115,61,0.007776377878597903
2115,62,0.007931507228982075
2115,63,0.008085117326148562
2115,64,0.008237084510924171
2115,65,0.008387289046519465
2115,66,0.008535615224475216
2115,67,0.008681951449028582
2115,68,0.008826190300382461
2115,69,0.008968228577455883
2115,70,0.009107967320779453
2115,71,0.009278446284043972
2115,72,0.009524878797642385
2115,73,0.009770331958456713
2115,74,0.010014544990293231
2115,75,0.01025726414614122
2115,76,0.010498243416230488
2115,77,0.01073724517940856
2115,78,0.010974040796038132
2115,79,0.01120841114109391
2115,80,0.011440147076601993
2115,81,0.011669049863011781
2115,82,0.011894931509516133
2115,83,0.012117615063738233
2115,84,0.012336934841580351
2115,85,0.012552736598379733
2115,86,0.012764877642836965
2115,87,0.012973226895473637
2115,88,0.013177664893635841
2115,89,0.01337808374528984
2115,90,0.013574387034054376
2115,91,0.013766489678082153
2115,92,0.013954317745540786
2115,93,0.014137808229551994
2115,94,0.014316908785528262
2115,95,0.014776021376996993
2115,96,0.015250834185606323
2115,97,0.01570695471817108
2115,98,0.016142222328117406
2115,99,0.016554597473207845
2115,100,0.016942180010178692
2115,101,0.01730322573408611
2115,102,0.017636160956383477
2115,103,0.017939594952852092
2115,104,0.018212330151690617
2115,105,0.01845336997243696
2115,106,0.018661924267068093
2115,107,0.018837412354743635
2115,108,0.01897946368042876
2115,109,0.01908791616431369
2115,110,0.019162812342890377
2115,111,0.019204393433188804
2115,112,0.01921309147855735
2115,113,0.01918951975714058
2115,114,0.019134461652619627
2115,115,0.019048858200700874
2115,116,0.018933794534238768
2115,117,0.018790485454830603
2127,1,0.0008272999129667173
2127,2,0.0009585779395362056
2127,3,0.0011061548225480516
2127,4,0.0012712270137686884
2127,5,0.0014549385167929238
2127,6,0.0016583534077893069
2127,7,0.0018824264431062426
2127,8,0.0021279723199597016
2127,9,0.002395634273280129
2127,10,0.0026858527966398134
2127,11,0.002998835361925976
2127,12,0.0033345280751862568
2127,13,0.003692590239524941
2127,14,0.004072372795653656
2127,15,0.004472901573529202
2127,16,0.004892866212810457
2127,17,0.00533061549576166
2127,18,0.005784159685739896
2127,19,0.006251180281469556
2127,20,0.006729047387701646
2127,21,0.007214844673987319
2127,22,0.007705401653890938
2127,23,0.00819733277666791
2127,24,0.00866452455771867
2127,25,0.008924212729476556
2127,26,0.009179048670389822
2127,27,0.009428513431321065
2127,28,0.009672122391219045
2127,29,0.00990942734078767
2127,30,0.010140018185525268
2127,31,0.010363524268054375
2127,32,0.01057961531457531
2127,33,0.010788002014797368
2127,34,0.010988436248777246
2127,35,0.011180710977684851
2127,36,0.011364659818596612
2127,37,0.011540156325971522
2127,38,0.011707113004493588
2127,39,0.011865480079475606
2127,40,0.012015244052030376
2127,41,0.012156426066754551
2127,42,0.012289080119768698
2127,43,0.012413291134655077
2127,44,0.01252917293317236
2127,45,0.012636866126650902
2127,46,0.012736535952727106
2127,47,0.01282837008060937
2127,48,0.012935417829052828
2127,49,0.013040529765101108
2127,50,0.01313335993660158
2127,51,0.013214154497809537
2127,52,0.013283202166648918
2127,53,0.013340830155948896
2127,54,0.013387400063926405
2127,55,0.01342330376997267
2127,56,0.013448959377691874
2127,57,0.01346480724278898
2127,58,0.013471306118914323
2127,59,0.013468929450039881
2127,60,0.013458161833449545
2127,61,0.013439495673046581
2127,62,0.013413428038478194
2127,63,0.013380457741599907
2127,64,0.013341082638092442
2127,65,0.013295797158629847
2127,66,0.013245090070901288
2127,67,0.013189442471020872
2127,68,0.013129326000425203
2127,69,0.013065201282253561
2127,70,0.012997516569423054
2127,71,0.012910224953782424
2127,72,0.012775353755816237
2127,73,0.012628821650259124
2127,74,0.01247169565294399
2127,75,0.01230503233614507
2127,76,0.012129870813820215
2127,77,0.011947226512477404
2127,78,0.011758085727659006
2127,79,0.011563400954146999
2127,80,0.011364086967746071
2127,81,0.011161017627899112
2127,82,0.01095502336339274
2127,83,0.01074688929794692
2127,84,0.01053735396845388
2127,85,0.010327108585922527
2127,86,0.010116796787664105
2127,87,0.009907014828785853
2127,88,0.009698312161502272
2127,89,0.009491192351988021
2127,90,0.009286114286348771
2127,91,0.009083493619648237
2127,92,0.008883704424682977
2127,93,0.008687081000232993
2127,94,0.008493919801739207
2127,95,0.007982168699147314
2127,96,0.007440417603578586
2127,97,0.006909104329866603
2127,98,0.006392268265618835
2127,99,0.005893291889210105
2127,100,0.005414913929484315
2127,101,0.004959257260604219
2127,102,0.004527868460912713
2127,103,0.004121766022113268
2127,104,0.0037414943742722245
2127,105,0.003387181161564119
2127,106,0.003058595532900342
2127,107,0.0027552055729821805
2127,108,0.0024762333692055234
2127,109,0.0022207065690477254
2127,110,0.0019875056165953183
2127,111,0.0017754061557213362
2127,112,0.001583116345126181
2127,113,0.0014093090444919649
2127,114,0.0012526490016090352
2127,115,0.0011118152998447932
2127,116,0.000985519417518959
2127,117,0.0008725193102923778
2142,1,0.0009720718188241588
2142,2,0.0011723916386375019
2142,3,0.0013943065786980494
2142,4,0.0016363324022569794
2142,5,0.0018964112422069585
2142,6,0.0021720129886249355
2142,7,0.0024602630269382354
2142,8,0.002758085686522988
2142,9,0.0030623521846363604
2142,10,0.003370022381151721
2142,11,0.0036782711132114982
2142,12,0.003984591998942868
2142,13,0.00428687409290024
2142,14,0.004583449350698677
2142,15,0.004873111257294631
2142,16,0.005155106991333692
2142,17,0.005429107008159606
2142,18,0.005695156873583433
2142,19,0.005953616585399445
2142,20,0.006205092550036763
2142,21,0.006450366942574342
2142,22,0.006690328489298471
2142,23,0.00692590788983872
2142,24,0.007158020241454805
2142,25,0.007387504519423081
2142,26,0.00761509618027283
2142,27,0.007841399241101122
2142,28,0.008066855101241322
2142,29,0.008291726312249807
2142,30,0.008516088373839784
2142,31,0.008739829043964689
2142,32,0.008962654515050291
2142,33,0.009184101687632274
2142,34,0.009403555663154059
2142,35,0.009620271480759305
2142,36,0.009833399044267697
2142,37,0.010042010133358351
2142,38,0.010245126375874249
2142,39,0.010441747082964258
2142,40,0.01063087591896434
2142,41,0.010811545492523859
2142,42,0.01098283910887215
2142,43,0.01114390910553496
2142,44,0.011293991392586201
2142,45,0.011432416019748958
2142,46,0.011558613782989571
2142,47,0.011672119051517351
2142,48,0.011773785021512552
2142,49,0.011868367848969979
2142,50,0.011955881418933934
2142,51,0.012036355264866135
2142,52,0.012109835762411337
2142,53,0.012176387037172106
2142,54,0.012236091517753433
2142,55,0.012289050071913773
2142,56,0.012335381672383612
2142,57,0.012375222549623555
2142,58,0.012408724801239718
2142,59,0.012436054441627056
2142,60,0.012457388890275896
2142,61,0.01247291391261606
2142,62,0.012482820042824121
2142,63,0.012487298533221646
2142,64,0.012486536889306519
2142,65,0.012480714062687538
2142,66,0.012469995385895718
2142,67,0.01245452734295132
2142,68,0.012434432277480244
2142,69,0.012409803145978303
2142,70,0.012380698427480692
2142,71,0.012347137302441871
2142,72,0.01230817451307982
2142,73,0.012263460786706563
2142,74,0.01221279802436201
2142,75,0.012155927261676835
2142,76,0.012092531152995004
2142,77,0.012022238512889274
2142,78,0.011944631136307166
2142,79,0.011859253035437417
2142,80,0.011765622108628275
2142,81,0.011663244091834443
2142,82,0.01155162843831005
2142,83,0.011430305535982692
2142,84,0.011298844419774811
2142,85,0.01115686989128351
2142,86,0.011004077750670077
2142,87,0.010840246710071081
2142,88,0.010665245530456767
2142,89,0.0104790340377781
2142,90,0.010281656954662481
2142,91,0.010073229943262435
2142,92,0.009853917888866701
2142,93,0.009623906239267383
2142,94,0.009383367108943177
2142,95,0.009132129564077131
2142,96,0.008869857026146835
2142,97,0.008596592082014052
2142,98,0.008312230762055138
2142,99,0.00801651431386496
2142,100,0.007709043259097425
2142,101,0.007389318985759862
2142,102,0.007056816370176835
2142,103,0.006711088084741196
2142,104,0.006351897327402431
2142,105,0.005979370905934778
2142,106,0.005594159398946768
2142,107,0.0051975862832920544
2142,108,0.004791764521461315
2142,109,0.004379658312930916
2142,110,0.003965070532104426
2142,111,0.0035525432751454373
2142,112,0.0031471695275411904
2142,113,0.002754326824769723
2142,114,0.0023793566011491704
2142,115,0.0020272229914984723
2142,116,0.0017021897759892234
2142,117,0.0014075526179715954
2166,1,2.6392068951088936e-07
2166,2,3.671338534612705e-07
2166,3,5.060270249025728e-07
2166,4,6.909032279437324e-07
2166,5,9.342636529412893e-07
2166,6,1.2510158675365024e-06
2166,7,1.6586202565452936e-06
2166,8,2.1771484281840944e-06
2166,9,2.829227710499765e-06
2166,10,3.6398488441387906e-06
2166,11,4.636019827694671e-06
2166,12,5.846257567957118e-06
2166,13,7.299920163413794e-06
2166,14,9.026395588037342e-06
2166,15,1.1054176218231076e-05
2166,16,1.3409861816963012e-05
2166,17,1.611714492835619e-05
2166,18,1.9195840883885134e-05
2166,19,2.2661028740435777e-05
2166,20,2.6522368778724624e-05
2166,21,3.0783656454594635e-05
2166,22,3.5442662171495625e-05
2166,23,4.049129165795391e-05
2166,24,4.591608421677366e-05
2166,25,5.1699036398012365e-05
2166,26,5.7818722896134915e-05
2166,27,6.425170626045744e-05
2166,28,7.097422227697919e-05
2166,29,7.796406938785735e-05
2166,30,8.520263716924684e-05
2166,31,9.267701044121462e-05
2166,32,0.00010038208753647251
2166,33,0.0001083226571715203
2166,34,0.00011651538751704464
2166,35,0.00012499069243372652
2166,36,0.00013379445217651665
2166,37,0.00014298957777965335
2166,38,0.00015265741837292634
2166,39,0.00016289901747543629
2166,40,0.00017383622671053044
2166,41,0.0001856126826133624
2166,42,0.00019839464406104515
2166,43,0.00021237167490454302
2166,44,0.00022775714009482976
2166,45,0.000244788466430075
2166,46,0.0002637271043676323
2166,47,0.00028485811912525174
2166,48,0.00030826551058675756
2166,49,0.00033327949999891826
2166,50,0.000360008059715845
2166,51,0.0003885683436608368
2166,52,0.00041908750553784906
2166,53,0.000451703566175547
2166,54,0.00048656633137510066
2166,55,0.0005238383616593342
2166,56,0.0005636959953890127
2166,57,0.000606330426853849
2166,58,0.0006519488412046222
2166,59,0.0007007756085261465
2166,60,0.0007530535400329617
2166,61,0.0008090452103945812
2166,62,0.0008690343516820681
2166,63,0.0009333273265158893
2166,64,0.0010022546908595167
2166,65,0.0010761728607498174
2166,66,0.00115546590232528
2166,67,0.0012405474710854186
2166,68,0.0013318629347066114
2166,69,0.0014298917243065984
2166,70,0.0015351499721814176
2166,71,0.001648193510153582
2166,72,0.0017696208877598643
2166,73,0.0019000838170690187
2166,74,0.0020402901027399417
2166,75,0.0021910095038289493
2166,76,0.002353081630976646
2166,77,0.002527425385228137
2166,78,0.002715050246910778
2166,79,0.0029170697704232053
2166,80,0.0031347176921470133
2166,81,0.0033693671137680218
2166,82,0.0036225532819065894
2166,83,0.0038960005470951276
2166,84,0.004191654151185991
2166,85,0.004511717563310488
2166,86,0.0048586961627517244
2166,87,0.0052354481563915735
2166,88,0.005645243724820278
2166,89,0.006091833523664612
2166,90,0.00657952783750625
2166,91,0.007113287909092955
2166,92,0.007698831266685119
2166,93,0.008342753271793376
2166,94,0.009052667636667452
2166,95,0.009838503285831102
2166,96,0.01071216376722815
2166,97,0.011685316936367032
2166,98,0.012771383380497856
2166,99,0.013985836772599281
2166,100,0.015346564513486729
2166,101,0.016874302608622896
2166,102,0.018593161894112142
2166,103,0.020531266225829452
2166,104,0.022721526740108373
2166,105,0.02520257908214158
2166,106,0.028019911273233337
2166,107,0.03122720638677151
2166,108,0.03488791270779695
2166,109,0.0390770287398317
2166,110,0.04388304260399636
2166,111,0.049409882779952334
2166,112,0.05577860367936957
2166,113,0.06312832641223418
2166,114,0.07161566476369992
2166,115,0.08141148190179819
2166,116,0.09269336615366937
2166,117,0.10563176308925064
2168,1,0.0010805488483864318
2168,2,0.0012021725774561472
2168,3,0.0013304630203778921
2168,4,0.0014648342914858423
2168,5,0.0016046283134220768
2168,6,0.0017491375610083754
2168,7,0.001897629313466963
2168,8,0.0020493700793531473
2168,9,0.002203648887098583
2168,10,0.0023597982547592803
2168,11,0.002517211851567748
2168,12,0.0026753581210188825
2168,13,0.0028337894264118444
2168,14,0.00299214657983603
2168,15,0.0031501589008550053
2168,16,0.003307640201630684
2168,17,0.003464481296144
2168,18,0.003620639773585988
2168,19,0.00377612785681448
2168,20,0.003930999188065219
2168,21,0.004085335352055527
2168,22,0.004239232870284177
2168,23,0.004392791290411263
2168,24,0.00454610286233217
2168,25,0.0046992270445187015
2168,26,0.004852204049747392
2168,27,0.005005057120416659
2168,28,0.005157780045277632
2168,29,0.0053103364736625655
2168,30,0.005462661003100043
2168,31,0.00561466181925468
2168,32,0.0057662246070403
2168,33,0.005917217409193554
2168,34,0.0060674960857209975
2168,35,0.006216910025618531
2168,36,0.006365307780979216
2168,37,0.006512542331426279
2168,38,0.0066584757405701795
2168,39,0.006802983031362458
2168,40,0.006945955178275183
2168,41,0.00708730118517981
2168,42,0.007226949282807011
2168,43,0.007364847333721412
2168,44,0.0075009625721809995
2168,45,0.0076352808291398795
2168,46,0.00776780539893227
2168,47,0.00789855569553491
2168,48,0.008027599709827924
2168,49,0.008155119862637233
2168,50,0.008281158949747881
2168,51,0.008405771030019108
2168,52,0.00852902140031235
2168,53,0.008650986449685108
2168,54,0.008771753379777274
2168,55,0.0088914197797972
2168,56,0.009010093046139912
2168,57,0.009127889638441768
2168,58,0.00924493416581077
2168,59,0.009361358299098066
2168,60,0.009477299507420439
2168,61,0.009592899619723358
2168,62,0.009708303214985075
2168,63,0.009823655847670323
2168,64,0.009939102118175896
2168,65,0.010054783601161674
2168,66,0.010170836647683668
2168,67,0.010287390079769816
2168,68,0.010404562798317241
2168,69,0.010522461326758216
2168,70,0.010641177313677534
2168,71,0.010760785017343961
2168,72,0.010880155266437787
2168,73,0.010998921278992685
2168,74,0.011116941242252314
2168,75,0.01123403649616685
2168,76,0.011349994963282161
2168,77,0.011464575717365432
2168,78,0.011577514804735452
2168,79,0.011688532398231043
2168,80,0.011797341301284923
2168,81,0.011903656723460552
2168,82,0.012007207117089993
2168,83,0.012107745699268702
2168,84,0.012205062090616583
2168,85,0.012298993292399106
2168,86,0.012389433011402388
2168,87,0.012476338145615823
2168,88,0.012559731084547072
2168,89,0.012639696379273202
2168,90,0.012716370323566935
2168,91,0.01278992208281976
2168,92,0.0128605252344022
2168,93,0.012928318960359932
2168,94,0.012993358674090402
2168,95,0.013055545629978297
2168,96,0.013114566778257498
2168,97,0.013169839849163275
2168,98,0.013220410892245085
2168,99,0.013264873468636515
2168,100,0.013301295632785948
2168,101,0.013327162956643962
2168,102,0.013339346743093242
2168,103,0.013334106733080945
2168,104,0.013307136765445697
2168,105,0.013253659789668516
2168,106,0.01316857527021709
2168,107,0.013046657456057795
2168,108,0.012882797565220832
2168,109,0.012672277266679825
2168,110,0.01241105578157873
2168,111,0.012096049451215375
2168,112,0.011725381643752714
2168,113,0.011298582991416046
2168,114,0.010816727181645797
2168,115,0.010282495118321735
2168,116,0.009700168685635894
2168,117,0.009075562496127655
2169,1,0.0019255153651092044
2169,2,0.0022013453417986956
2169,3,0.002496040260781774
2169,4,0.002808180914309246
2169,5,0.003136142314068634
2169,6,0.00347815757705682
2169,7,0.003832384053102072
2169,8,0.0041969674709813045
2169,9,0.004570100151847038
2169,10,0.004950069922256192
2169,11,0.005335297190370184
2169,12,0.005724358639941624
2169,13,0.006115997048514458
2169,14,0.00650911775176736
2169,15,0.006902773171052018
2169,16,0.007296137532591862
2169,17,0.007688474395829762
2169,18,0.008079099861289227
2169,19,0.008467344353615906
2169,20,0.008852515699591024
2169,21,0.009233865882632275
2169,22,0.00961056340023521
2169,23,0.009981672626365014
2169,24,0.010332999164926597
2169,25,0.010559697295334429
2169,26,0.010780769705404997
2169,27,0.010995982944225073
2169,28,0.011205002595299919
2169,29,0.011407409200767526
2169,30,0.011602716931225356
2169,31,0.011790393904563788
2169,32,0.011969883091505618
2169,33,0.012140622826272887
2169,34,0.012302066060950769
2169,35,0.012453697652707263
2169,36,0.012595049143653657
2169,37,0.012725710672717475
2169,38,0.01284533983651964
2169,39,0.012953667481934565
2169,40,0.013050500558453436
2169,41,0.013135722277524287
2169,42,0.013209289915014804
2169,43,0.013271230650630487
2169,44,0.013321635865615038
2169,45,0.013360654320379922
2169,46,0.01338848461129854
2169,47,0.013405367266071446
2169,48,0.013425988658923367
2169,49,0.013441825748450953
2169,50,0.013446708290190793
2169,51,0.013440914070720894
2169,52,0.0134247458535667
2169,53,0.013398528376923841
2169,54,0.0133626051055168
2169,55,0.013317334776915789
2169,56,0.013263087789160919
2169,57,0.013200242481940334
2169,58,0.013129181367629654
2169,59,0.013050287371067422
2169,60,0.012963940137916909
2169,61,0.012870512470815047
2169,62,0.012770366950265942
2169,63,0.012663852793495753
2169,64,0.012551302999403019
2169,65,0.012433031821520599
2169,66,0.012309332603799345
2169,67,0.012180476006304794
2169,68,0.012046708639875399
2169,69,0.011908252120713255
2169,70,0.011765302548040299
2169,71,0.011612148692002177
2169,72,0.011437961326723653
2169,73,0.011255214507702756
2169,74,0.011064331879207419
2169,75,0.010865725217317405
2169,76,0.01065979655092212
2169,77,0.010446941162514324
2169,78,0.010227551353029624
2169,79,0.010002020794981128
2169,80,0.009770749231830864
2169,81,0.00953414721299781
2169,82,0.009292640489273663
2169,83,0.009046673640836611
2169,84,0.008796712479211872
2169,85,0.008543244765842024
2169,86,0.00828677883332751
2169,87,0.008027839788787985
2169,88,0.0077669631263894215
2169,89,0.007504685776764577
2169,90,0.0072415348670717755
2169,91,0.006978014741658284
2169,92,0.006714593077278326
2169,93,0.006451687189830674
2169,94,0.00618965183863772
2169,95,0.005813532325164354
2169,96,0.005428356842147714
2169,97,0.005049145818678782
2169,98,0.004677821022651634
2169,99,0.0043160743309824
2169,100,0.003965384444939392
2169,101,0.00362703795261278
2169,102,0.0033021517054148096
2169,103,0.0029916935453062296
2169,104,0.0026964988215872738
2169,105,0.002417280839999455
2169,106,0.002154634319290675
2169,107,0.0019090319808797507
2169,108,0.0016808154306139258
2169,109,0.0014701823662171788
2169,110,0.0012771727338578005
2169,111,0.0011016566739951448
2169,112,0.0009433269073497872
2169,113,0.0008016976478489665
2169,114,0.0006761112835284583
2169,115,0.0005657530774164942
2169,116,0.0004696731674963021
2169,117,0.00038681433661852963
2184,1,0.0006620094225352447
2184,2,0.0007286530115143287
2184,3,0.0008008117080805429
2184,4,0.0008787912392128102
2184,5,0.0009628968015581768
2184,6,0.0010534308537352992
2184,7,0.0011506907458800788
2184,8,0.0012549662018884375
2184,9,0.0013665366732340694
2184,10,0.0014856685865744217
2184,11,0.001612612510529862
2184,12,0.00174760026995185
2184,13,0.0018908420386106006
2184,14,0.0020425234434595634
2184,15,0.002202802715407189
2184,16,0.0023718079227881255
2184,17,0.002549634324427899
2184,18,0.0027363418793005276
2184,19,0.0029319529492625933
2184,20,0.003136450230199528
2184,21,0.0033497749451421575
2184,22,0.003571825330521329
2184,23,0.0038024554437553026
2184,24,0.004029447693664868
2184,25,0.004152223730400997
2184,26,0.004275478995760387
2184,27,0.004399086546410284
2184,28,0.004522919130868514
2184,29,0.004646849531699702
2184,30,0.004770750897021238
2184,31,0.004894497059780083
2184,32,0.0050179628434039
2184,33,0.005141024352577356
2184,34,0.005263559248045429
2184,35,0.0053854470044981916
2184,36,0.005506569150744845
2184,37,0.00562680949153678
2184,38,0.005746054310549379
2184,39,0.005864192554178599
2184,40,0.0059811159959502315
2184,41,0.006096719381475803
2184,42,0.006210900554019415
2184,43,0.006323560560862256
2184,44,0.006434603740767117
2184,45,0.006543937792952214
2184,46,0.0066514738280824956
2184,47,0.00675712640187639
2184,48,0.0068954647415227915
2184,49,0.007047333594886477
2184,50,0.007197878402260502
2184,51,0.007346965711558363
2184,52,0.007494467018876198
2184,53,0.007640258951616622
2184,54,0.0077842234199368135
2184,55,0.007926247736969535
2184,56,0.008066224708449312
2184,57,0.008204052692544194
2184,58,0.008339635630845506
2184,59,0.008472883051603713
2184,60,0.008603710046418082
2184,61,0.008732037221690686
2184,62,0.008857790626242486
2184,63,0.008980901656560505
2184,64,0.009101306941201684
2184,65,0.009218948205920651
2184,66,0.009333772121117294
2184,67,0.009445730133215511
2184,68,0.00955477828158836
2184,69,0.009660877002637815
2184,70,0.009763990922620473
2184,71,0.009894358527197217
2184,72,0.010092302071228743
2184,73,0.010287047274888592
2184,74,0.01047843091282261
2184,75,0.010666302509452167
2184,76,0.010850524467300131
2184,77,0.011030972125267142
2184,78,0.011207533749702741
2184,79,0.01138011046147123
2184,80,0.011548616102515152
2184,81,0.011712977045668925
2184,82,0.011873131951674177
2184,83,0.012029031477496201
2184,84,0.012180637940141584
2184,85,0.012327924940232106
2184,86,0.01247087694960238
2184,87,0.01260948886716182
2184,88,0.012743765547198959
2184,89,0.012873721304210658
2184,90,0.01299937939821531
2184,91,0.01312077150435976
2184,92,0.013237937170460002
2184,93,0.013350923265926939
2184,94,0.013459783425326544
2184,95,0.013767391366384024
2184,96,0.014075873312691521
2184,97,0.014360384333445008
2184,98,0.0146196616646484
2184,99,0.014852624655996452
2184,100,0.015058382556153263
2184,101,0.015236239685657144
2184,102,0.015385697994555735
2184,103,0.015506457053537944
2184,104,0.015598411575470848
2184,105,0.01566164660772393
2184,106,0.015696430573543776
2184,107,0.015703206372341356
2184,108,0.015682580773631254
2184,109,0.015635312357319846
2184,110,0.015562298264112718
2184,111,0.015464560024241902
2184,112,0.015343228730928212
2184,113,0.015199529817564216
2184,114,0.015034767685220777
2184,115,0.014850310410508358
2184,116,0.014647574743877761
2184,117,0.014428011585944278
2193,1,0.0017004686013622117
2193,2,0.0018849348173098582
2193,3,0.0020825000017370026
2193,4,0.0022935996071454263
2193,5,0.0025186207004307217
2193,6,0.0027578857243780114
2193,7,0.0030116377360236276
2193,8,0.003280027759947696
2193,9,0.0035631046664986827
2193,10,0.0038608077764692413
2193,11,0.004172962218344855
2193,12,0.004499276927545513
2193,13,0.004839345078856775
2193,14,0.005192646679589809
2193,15,0.005558553016160671
2193,16,0.00593633263450294
2193,17,0.006325158539194891
2193,18,0.006724116312427262
2193,19,0.0071322128779989745
2193,20,0.007548385664395128
2193,21,0.007971511952446208
2193,22,0.00840041822545737
2193,23,0.008833889371813628
2193,24,0.009244356696833123
2193,25,0.00941508677292089
2193,26,0.009578563678510557
2193,27,0.009734759180226473
2193,28,0.009883682225072613
2193,29,0.01002537382552302
2193,30,0.010159901731161514
2193,31,0.010287355063364744
2193,32,0.010407839065526248
2193,33,0.01052147009343452
2193,34,0.010628370941946071
2193,35,0.010728666577434865
2193,36,0.010822480322031315
2193,37,0.010909930515877006
2193,38,0.010991127667389277
2193,39,0.011066172088395186
2193,40,0.011135152000413836
2193,41,0.0111981420898595
2193,42,0.011255202483163888
2193,43,0.011306378107568285
2193,44,0.011351698399518419
2193,45,0.011391177320160687
2193,46,0.011424813636354213
2193,47,0.011452591425818481
2193,48,0.01152818621271194
2193,49,0.011620050676410868
2193,50,0.011704879771123888
2193,51,0.011782512705063353
2193,52,0.011852783067309055
2193,53,0.011915519465722653
2193,54,0.011970546222400581
2193,55,0.012017684112124472
2193,56,0.012056751132715334
2193,57,0.012087563299755001
2193,58,0.012109935461661805
2193,59,0.01212368213447946
2193,60,0.012128618358869563
2193,61,0.012124560584619115
2193,62,0.012111327590441501
2193,63,0.012088741448931658
2193,64,0.012056628548220044
2193,65,0.012014820683145435
2193,66,0.01196315622963473
2193,67,0.011901481416432968
2193,68,0.011829651708368753
2193,69,0.011747533314957306
2193,70,0.011655004837323707
2193,71,0.011583793203466086
2193,72,0.011572767265987672
2193,73,0.01154742475987537
2193,74,0.0115097462209024
2193,75,0.011461658495459442
2193,76,0.011404910644462378
2193,77,0.01134097129569053
2193,78,0.011270951820426985
2193,79,0.011195556884939051
2193,80,0.011115061654539054
2193,81,0.011029313310886782
2193,82,0.010937753549907996
2193,83,0.010839458253104365
2193,84,0.01073319044173733
2193,85,0.01061746281279847
2193,86,0.01049060652060901
2193,87,0.010350843332822001
2193,88,0.010196358795852126
2193,89,0.01002537454520254
2193,90,0.009836218351930288
2193,91,0.009627390875922768
2193,92,0.009397628375698106
2193,93,0.009145960787590323
2193,94,0.008871764628283646
2193,95,0.008680153522664128
2193,96,0.00845617747459739
2193,97,0.008188180430568499
2193,98,0.00787825966819302
2193,99,0.007529427825731257
2193,100,0.007145587553934559
2193,101,0.0067314721483078144
2193,102,0.006292551266112938
2193,103,0.005834902355024123
2193,104,0.005365050246761595
2193,105,0.004889779453569772
2193,106,0.004415925940049499
2193,107,0.003950157347786859
2193,108,0.003498752577062042
2193,109,0.003067392982634691
2193,110,0.0026609779161349103
2193,111,0.0022834766932235536
2193,112,0.0019378271418912922
2193,113,0.0016258877341799383
2193,114,0.0013484461575960873
2193,115,0.00110528248258678
2193,116,0.000895280409720539
2193,117,0.0007165760626095464
2197,1,0.0005455564228943399
2197,2,0.000662138137582189
2197,3,0.000793739913658444
2197,4,0.0009402923725805279
2197,5,0.001101405150883215
2197,6,0.0012763874072099838
2197,7,0.0014642840861632108
2197,8,0.0016639238432311083
2197,9,0.0018739737886881605
2197,10,0.0020929961514004657
2197,11,0.002319502516206314
2197,12,0.0025520022813043867
2197,13,0.002789043200354963
2197,14,0.0030292431047108125
2197,15,0.0032713129698311513
2197,16,0.0035140722826418453
2197,17,0.0037564581361993533
2197,18,0.003997529636579255
2197,19,0.004236469109841002
2197,20,0.004472581323639823
2197,21,0.004705291573778507
2197,22,0.004934143107445354
2197,23,0.005158794021269835
2197,24,0.005379013521453526
2197,25,0.005594648901958768
2197,26,0.005805651860371879
2197,27,0.006012084601823443
2197,28,0.006214095537585174
2197,29,0.006411909463557147
2197,30,0.00660581575149864
2197,31,0.006796154577858095
2197,32,0.006983301367265383
2197,33,0.007167649774774785
2197,34,0.007349593662129698
2197,35,0.007529508630387929
2197,36,0.007707733748207813
2197,37,0.007884554158034173
2197,38,0.008060185249272529
2197,39,0.008234759057898776
2197,40,0.008408313486957466
2197,41,0.008580784844677268
2197,42,0.008752004070562333
2197,43,0.008921696870333857
2197,44,0.00908948781490441
2197,45,0.009254908284786078
2197,46,0.009417407968493571
2197,47,0.009576369461107053
2197,48,0.009731360561277427
2197,49,0.00988282488450287
2197,50,0.010030836107763274
2197,51,0.010175468025370704
2197,52,0.01031679236737322
2197,53,0.010454876708994594
2197,54,0.010589782502374535
2197,55,0.010721563261881865
2197,56,0.010850262933195687
2197,57,0.01097591447406091
2197,58,0.011098538671026913
2197,59,0.011218143211515956
2197,60,0.011334722024225329
2197,61,0.011448254893183903
2197,62,0.011558707341855521
2197,63,0.011666030773671157
2197,64,0.011770162844509817
2197,65,0.01187102803124094
2197,66,0.011968538348865833
2197,67,0.012062594157503187
2197,68,0.012153084989964947
2197,69,0.01223989032152709
2197,70,0.012322880196310892
2197,71,0.012401915620057583
2197,72,0.0124735612735264
2197,73,0.012536786266984108
2197,74,0.012591387379014468
2197,75,0.012637211039698133
2197,76,0.012674166224118906
2197,77,0.012702235622470625
2197,78,0.012721484059944744
2197,79,0.012732063112977962
2197,80,0.012734210912593158
2197,81,0.012728246250658912
2197,82,0.012714556315298728
2197,83,0.01269357767482821
2197,84,0.012665770495490282
2197,85,0.012631586399780913
2197,86,0.012591430826070105
2197,87,0.012545621208677435
2197,88,0.012494342729896793
2197,89,0.012437603770013586
2197,90,0.0123751934671233
2197,91,0.012306643966723754
2197,92,0.012231199966500794
2197,93,0.01214779802490736
2197,94,0.012055057791654765
2197,95,0.011950755946029675
2197,96,0.011832151327684223
2197,97,0.011697086139546268
2197,98,0.011543222266270045
2197,99,0.01136810447788911
2197,100,0.011169234968538812
2197,101,0.010944155863879012
2197,102,0.010690536280930061
2197,103,0.010406261257880982
2197,104,0.010089521423988378
2197,105,0.009738904474659625
2197,106,0.009353491903237232
2197,107,0.008932966273348188
2197,108,0.008477734612199481
2197,109,0.007989071217771404
2197,110,0.007469277486781871
2197,111,0.006921847117377555
2197,112,0.006351613149397686
2197,113,0.005764841134281449
2197,114,0.005169224053316551
2197,115,0.004573734024731811
2197,116,0.003988297461595581
2197,117,0.0034232859034634207
2198,1,0.0031447122658161695
2198,2,0.0035108587828000127
2198,3,0.003890407124275913
2198,4,0.004280722055136661
2198,5,0.004679174714965341
2198,6,0.005083224414026959
2198,7,0.005490485308280775
2198,8,0.00589877452141376
2198,9,0.006306140139564405
2198,10,0.006710869365521377
2198,11,0.007111478776446074
2198,12,0.007506689924699669
2198,13,0.007895394361950522
2198,14,0.008276612526367584
2198,15,0.008649450844462218
2198,16,0.009013060940289164
2198,17,0.009366604118789791
2198,18,0.009709223409408415
2198,19,0.010040024527313502
2198,20,0.010358066222966814
2198,21,0.01066235971453207
2198,22,0.01095187627561142
2198,23,0.011225561603921158
2198,24,0.011472884319695488
2198,25,0.011622584337643497
2198,26,0.011764005870216289
2198,27,0.011896932120707358
2198,28,0.012021133979744766
2198,29,0.012136386622327732
2198,30,0.012242484012891606
2198,31,0.012339251032520687
2198,32,0.012426553090281959
2198,33,0.012504303207075256
2198,34,0.012572466663951279
2198,35,0.012631063387375492
2198,36,0.012680168302289295
2198,37,0.012719909921726233
2198,38,0.012750467461460729
2198,39,0.012772066772364287
2198,40,0.01278497537467598
2198,41,0.012789496860142099
2198,42,0.012785964902705055
2198,43,0.012774737088653008
2198,44,0.012756188745096934
2198,45,0.01273070691317656
2198,46,0.012698684580986126
2198,47,0.012660515261956643
2198,48,0.012618311769573695
2198,49,0.012570432156928732
2198,50,0.012516302108669192
2198,51,0.012456346221470148
2198,52,0.012390978873585477
2198,53,0.012320601629606683
2198,54,0.012245600845994702
2198,55,0.01216634549831584
2198,56,0.012083185247636246
2198,57,0.011996448759572254
2198,58,0.011906442285198039
2198,59,0.011813448508533608
2198,60,0.01171772566083093
2198,61,0.011619506897499922
2198,62,0.011518999929412176
2198,63,0.01141638689661552
2198,64,0.011311824469293293
2198,65,0.011205444158188858
2198,66,0.011097352814743059
2198,67,0.010987633299887204
2198,68,0.010876345299797703
2198,69,0.010763526266927835
2198,70,0.010649192465242848
2198,71,0.010522613236261007
2198,72,0.010365044608448934
2198,73,0.010200218972228791
2198,74,0.010028552878128523
2198,75,0.009850493503282879
2198,76,0.009666525304715007
2198,77,0.009477174638938242
2198,78,0.00928301174636258
2198,79,0.0090846495898131
2198,80,0.008882739177088773
2198,81,0.008677961184679384
2198,82,0.008471013924961463
2198,83,0.008262597948826396
2198,84,0.00805339783211102
2198,85,0.007844061937315138
2198,86,0.007635181151389746
2198,87,0.007427267757120591
2198,88,0.007220735684846369
2198,89,0.00701588340330751
2198,90,0.006812880639894134
2198,91,0.006611759974340899
2198,92,0.006412414134596133
2198,93,0.006214599552318672
2198,94,0.0060179464244965826
2198,95,0.00570074978020824
2198,96,0.005372711948509932
2198,97,0.005048299909843152
2198,98,0.00472833949443304
2198,99,0.004413600104731028
2198,100,0.004104826877183177
2198,101,0.0038027668186679684
2198,102,0.0035081870398058295
2198,103,0.0032218839932404556
2198,104,0.00294468347702488
2198,105,0.0026774319910225597
2198,106,0.002420980748087877
2198,107,0.0021761641648409416
2198,108,0.0019437749371524946
2198,109,0.0017245378261830048
2198,110,0.0015190840660654933
2198,111,0.0013279279180975698
2198,112,0.0011514464331295689
2198,113,0.000989863050763901
2198,114,0.000843235356310847
2198,115,0.0007114471918366985
2198,116,0.0005942053756942593
2198,117,0.0004910414599470122
2210,1,0.010180866853525424
2210,2,0.01057486642037949
2210,3,0.010959190433283007
2210,4,0.011332447887712633
2210,5,0.011693356437397098
2210,6,0.012040753124482958
2210,7,0.01237360042877032
2210,8,0.012690988223303565
2210,9,0.012992132303370383
2210,10,0.013276370174928505
2210,11,0.01354315476457971
2210,12,0.013792046661038537
2210,13,0.014022705428972533
2210,14,0.01423488045868815
2210,15,0.014428401735656474
2210,16,0.01460317083671659
2210,17,0.014759152387921998
2210,18,0.01489636615424426
2210,19,0.015014879874703464
2210,20,0.015114802908296672
2210,21,0.015196280716208727
2210,22,0.015259490173745454
2210,23,0.015304635680538269
2210,24,0.01531231664290108
2210,25,0.015136971454132458
2210,26,0.014964335068250043
2210,27,0.014794411595399916
2210,28,0.0146271288631201
2210,29,0.014462352573109924
2210,30,0.014299898934978418
2210,31,0.014139545770387327
2210,32,0.01398104214834904
2210,33,0.01382411665041957
2210,34,0.013668484383494212
2210,35,0.013513852865312917
2210,36,0.013359926908426741
2210,37,0.013206412625111724
2210,38,0.01305302067010795
2210,39,0.012899468830944722
2210,40,0.012745484067461937
2210,41,0.012590804093283989
2210,42,0.012435178582723718
2210,43,0.012278370077162055
2210,44,0.012120154655614845
2210,45,0.011960322425187993
2210,46,0.011798677878619145
2210,47,0.011635040158245482
2210,48,0.011482841652534886
2210,49,0.011332026061455664
2210,50,0.011176351005914353
2210,51,0.011015806258519762
2210,52,0.010850398544725375
2210,53,0.010680151734402519
2210,54,0.010505107010755925
2210,55,0.010325323019703814
2210,56,0.010140876001022576
2210,57,0.009951859900991167
2210,58,0.009758386464917841
2210,59,0.009560585306752224
2210,60,0.009358603951950184
2210,61,0.009152607848838937
2210,62,0.008942780342909913
2210,63,0.008729322607730535
2210,64,0.008512453525509372
2210,65,0.008292409509766634
2210,66,0.008069444262058748
2210,67,0.00784382845428801
2210,68,0.007615849327808846
2210,69,0.007385810200336057
2210,70,0.007154029871588388
2210,71,0.006919538967468275
2210,72,0.006721897562627048
2210,73,0.006565355844849607
2210,74,0.006440008312150755
2210,75,0.006336893785495291
2210,76,0.00624806798046061
2210,77,0.00616662481542604
2210,78,0.006086681167336346
2210,79,0.006003336872684174
2210,80,0.00591261902428541
2210,81,0.0058114172449663165
2210,82,0.005697414682219644
2210,83,0.005569017938415858
2210,84,0.005425287973355238
2210,85,0.005265873128854142
2210,86,0.005090944774190404
2210,87,0.004901135612025448
2210,88,0.0046974803818848635
2210,89,0.004481358525265259
2210,90,0.004254438311617551
2210,91,0.004018621950457894
2210,92,0.0037759913165817316
2210,93,0.0035287540785380973
2210,94,0.003279190230479546
2210,95,0.002985658127868089
2210,96,0.002693050317046162
2210,97,0.0024097732022323195
2210,98,0.0021387894983059506
2210,99,0.0018825854919464105
2210,100,0.0016431346018773397
2210,101,0.001421881343470259
2210,102,0.0012197452766785873
2210,103,0.0010371435791638735
2210,104,0.000874030022871382
2210,105,0.0007299474057712448
2210,106,0.0006040899569559766
2210,107,0.0004953719342072012
2210,108,0.00040249858973121584
2210,109,0.0003240358895743708
2210,110,0.00025847580872213774
2210,111,0.00020429463923649874
2210,112,0.00016000247967453427
2210,113,0.0001241828495240058
2210,114,9.552212266605891e-05
2210,115,7.282913836569883e-05
2210,116,5.504588199680763e-05
2210,117,4.1250504786929304e-05
222,1,0.005271850618295035
222,2,0.005643219840835258
222,3,0.006004760202107718
222,4,0.006353755253532973
222,5,0.0066880116551455825
222,6,0.007005891177607853
222,7,0.007306313087311985
222,8,0.007588729477259812
222,9,0.007853077765480783
222,10,0.008099715717462824
222,11,0.008329344910639884
222,12,0.008542928569246686
222,13,0.00874160923588916
222,14,0.00892663092883041
222,15,0.009099269394774248
222,16,0.009260772937000578
222,17,0.00941231519230546
222,18,0.009554960235576608
222,19,0.009689639566583192
222,20,0.009817139909392262
222,21,0.009938100335519033
222,22,0.01005301699304053
222,23,0.010162253658108023
222,24,0.0102660563883075
222,25,0.010364558987139007
222,26,0.010457814150827301
222,27,0.010545815875623055
222,28,0.010628510325736982
222,29,0.010705812192605095
222,30,0.01077761965195318
222,31,0.010843827565015436
222,32,0.01090433869677066
222,33,0.010959072835300402
222,34,0.011007973792127895
222,35,0.011051014343982809
222,36,0.011088199242399318
222,37,0.011119566469472273
222,38,0.011145186956507507
222,39,0.011165163007731233
222,40,0.011179625684263532
222,41,0.011188731404987988
222,42,0.0111926580118208
222,43,0.011191600528595904
222,44,0.011185766817075624
222,45,0.01117537330248549
222,46,0.011160640906639372
222,47,0.011141791291365836
222,48,0.011119113631409161
222,49,0.011093098508509936
222,50,0.011063909297794366
222,51,0.011031705116197728
222,52,0.01099663954138379
222,53,0.01095885926111944
222,54,0.01091850268056573
222,55,0.010875698516990304
222,56,0.010830564412327954
222,57,0.01078320559380367
222,58,0.010733713611538737
222,59,0.010682165179799101
222,60,0.010628621145483803
222,61,0.010573125603796174
222,62,0.010515705177022341
222,63,0.010456368468196614
222,64,0.010395105697386088
222,65,0.010331888524575089
222,66,0.01026667005983208
222,67,0.010199385058708503
222,68,0.010129950298711495
222,69,0.01005826513122233
222,70,0.00998421220236743
222,71,0.009907658336022607
222,72,0.009827861229022976
222,73,0.009744446967653005
222,74,0.009657159062777395
222,75,0.009565737221579046
222,76,0.009469926592546776
222,77,0.009369487915070033
222,78,0.009264208046256139
222,79,0.009153910204473743
222,80,0.009038463175011273
222,81,0.008917788681300583
222,82,0.008791866144264889
222,83,0.008660734136785775
222,84,0.008524487989997479
222,85,0.008383273219144562
222,86,0.008237274701429084
222,87,0.008086701845174269
222,88,0.007931770323170226
222,89,0.007772681283328226
222,90,0.00760959927275786
222,91,0.007442630390043457
222,92,0.0072718023865712125
222,93,0.007097048544263147
222,94,0.006918197141072402
222,95,0.006734956748744042
222,96,0.006546930404630043
222,97,0.006353652253606827
222,98,0.006154590446722646
222,99,0.0059491823165301865
222,100,0.00573687929644366
222,101,0.005517199547546261
222,102,0.0052897852811133374
222,103,0.005054460936211367
222,104,0.004811287804156596
222,105,0.004560610488280902
222,106,0.004303090821446848
222,107,0.004039725561001537
222,108,0.0037718453067114594
222,109,0.0035010935411988403
222,110,0.00322938631479655
222,111,0.0029588546890114676
222,112,0.0026917734105163385
222,113,0.0024304802407502193
222,114,0.002177290817641224
222,115,0.0019344138767369993
222,116,0.0017038712101656874
222,117,0.0014874260668986754
2230,1,9.637211378885735e-06
2230,2,1.2438814030784459e-05
2230,3,1.5929581681769473e-05
2230,4,2.0241422126724043e-05
2230,5,2.552201459408812e-05
2230,6,3.193475038033943e-05
2230,7,3.9658313423952264e-05
2230,8,4.888589665573286e-05
2230,9,5.982406954194111e-05
2230,10,7.269133255848517e-05
2230,11,8.77164141844565e-05
2230,12,0.0001051363841528606
2230,13,0.00012519467197013548
2230,14,0.00014813909105050515
2230,15,0.00017421997530620164
2230,16,0.00020368853599769213
2230,17,0.0002367955416333558
2230,18,0.0002737904125487494
2230,19,0.0003149208046286936
2230,20,0.0003604327339159831
2230,21,0.0004105712663518912
2230,22,0.00046558176569112906
2230,23,0.000525711659069926
2230,24,0.0005891000371589475
2230,25,0.0006369880768964199
2230,26,0.0006867335445038645
2230,27,0.0007383428546038186
2230,28,0.0007918370041427286
2230,29,0.0008472524504504354
2230,30,0.000904641325488521
2230,31,0.0009640709284295596
2230,32,0.0010256224585053486
2230,33,0.0010893889743205899
2230,34,0.0011554725950223435
2230,35,0.001223980993080298
2230,36,0.001295023267744481
2230,37,0.0013687053315575807
2230,38,0.0014451249876676138
2230,39,0.0015243669199689167
2230,40,0.0016064978568814706
2230,41,0.001691562197349387
2230,42,0.0017795783982793557
2230,43,0.0018705364102548378
2230,44,0.001964396408413409
2230,45,0.002061088995948744
2230,46,0.0021605169606624397
2230,47,0.0022625585467177297
2230,48,0.0023825530939647057
2230,49,0.002512990769040696
2230,50,0.0026474942021390393
2230,51,0.002786045474364833
2230,52,0.0029286199108346455
2230,53,0.0030751858553217113
2230,54,0.003225704483008166
2230,55,0.003380129669587821
2230,56,0.0035384079366394977
2230,57,0.003700478494337788
2230,58,0.0038662734030229977
2230,59,0.004035717874753211
2230,60,0.004208730734552976
2230,61,0.004385225058517427
2230,62,0.004565109002118061
2230,63,0.0047482868269164554
2230,64,0.00493466012740502
2230,65,0.005124129251896902
2230,66,0.005316594902385377
2230,67,0.005511959888256744
2230,68,0.0057101309979106065
2230,69,0.005911020941019156
2230,70,0.0061145503026991095
2230,71,0.006348395903295125
2230,72,0.0066532382607602724
2230,73,0.006966351215419031
2230,74,0.007287758011900047
2230,75,0.00761749605184489
2230,76,0.007955618630916976
2230,77,0.008302195995936993
2230,78,0.008657315555363173
2230,79,0.009021081081498905
2230,80,0.00939361075592619
2230,81,0.009775033931868701
2230,82,0.010165486519458965
2230,83,0.010565104942855768
2230,84,0.010974018671892146
2230,85,0.01139234139461079
2230,86,0.011820160968612041
2230,87,0.01225752836496473
2230,88,0.012704445892966112
2230,89,0.013160855059597779
2230,90,0.013626624464189031
2230,91,0.014101538144490862
2230,92,0.014585284761138278
2230,93,0.015077447918029736
2230,94,0.015577497750583607
2230,95,0.016530827335222317
2230,96,0.017556483272012445
2230,97,0.018602043723278543
2230,98,0.019663246740329713
2230,99,0.020735383715890867
2230,100,0.021813294768207706
2230,101,0.02289135222163312
2230,102,0.023963424050799275
2230,103,0.02502280798925001
2230,104,0.026062126893397083
2230,105,0.027073177620937944
2230,106,0.02804672994943847
2230,107,0.0289722797091537
2230,108,0.029837771853672035
2230,109,0.030629324572932343
2230,110,0.03133100371322658
2230,111,0.0319247152902181
2230,112,0.03239029875364866
2230,113,0.03270590941751953
2230,114,0.03284876889831325
2230,115,0.03279633201299842
2230,116,0.03252786473656408
2230,117,0.03202635312561977
2241,1,0.0008402268887188665
2241,2,0.0009684085905077892
2241,3,0.0011089266289449362
2241,4,0.0012620540001670648
2241,5,0.0014280246735969857
2241,6,0.0016070434183840764
2241,7,0.0017992934961133353
2241,8,0.0020049411120533554
2241,9,0.002224135918085534
2241,10,0.002457007310531059
2241,11,0.002703656708761229
2241,12,0.0029641463876693584
2241,13,0.003238485734350704
2241,14,0.0035266159879423276
2241,15,0.0038283945979125113
2241,16,0.004143580309165135
2241,17,0.004471819970129154
2241,18,0.0048126378855876525
2241,19,0.005165428323860324
2241,20,0.005529451561134981
2241,21,0.005903833623839149
2241,22,0.006287569687991474
2241,23,0.00667953092264003
2241,24,0.007061752321234215
2241,25,0.007294776759822972
2241,26,0.007524774348447904
2241,27,0.007751225634205976
2241,28,0.007973630759274476
2241,29,0.008191516164261746
2241,30,0.008404440161836595
2241,31,0.008611997339192322
2241,32,0.008813821802267098
2241,33,0.009009589316402567
2241,34,0.009199018427836183
2241,35,0.009381870669315676
2241,36,0.009557949962845183
2241,37,0.009727101334971946
2241,38,0.009889209056970605
2241,39,0.010044194315526422
2241,40,0.010192012510584452
2241,41,0.010332650267165018
2241,42,0.010466122238089933
2241,43,0.010592467765363224
2241,44,0.010711747459780997
2241,45,0.010824039751352795
2241,46,0.010929437457268558
2241,47,0.011028044409279332
2241,48,0.011159642834721992
2241,49,0.01130119626641028
2241,50,0.011435634011339022
2241,51,0.0115629770349275
2241,52,0.011683254358317442
2241,53,0.01179650019478029
2241,54,0.011902751172216086
2241,55,0.012002043680877759
2241,56,0.01209441138112934
2241,57,0.012179882901021783
2241,58,0.012258479747953622
2241,59,0.012330214452902697
2241,60,0.01239508895989649
2241,61,0.012453093267754565
2241,62,0.012504204325888349
2241,63,0.012548385181258073
2241,64,0.012585584369604746
2241,65,0.012615735540900497
2241,66,0.01263875730665727
2241,67,0.012654553295323952
2241,68,0.012663012401470858
2241,69,0.01266400921475888
2241,70,0.012657404615740024
2241,71,0.012665683683634311
2241,72,0.01271318884080851
2241,73,0.012744635921990145
2241,74,0.012759772489252448
2241,75,0.012758453292816638
2241,76,0.012740658996004926
2241,77,0.012706511728420524
2241,78,0.01265628561248308
2241,79,0.012590410471901124
2241,80,0.012509467179790396
2241,81,0.012414173547411795
2241,82,0.012305360277557858
2241,83,0.012183937270579249
2241,84,0.012050851414398605
2241,85,0.011907037834152269
2241,86,0.011753367335816079
2241,87,0.01159059336757214
2241,88,0.011419302172852471
2241,89,0.011239869873294913
2241,90,0.011052429981054228
2241,91,0.010856854312220611
2241,92,0.010652749499663815
2241,93,0.010439470350313979
2241,94,0.010216150238565685
2241,95,0.010012029137394492
2241,96,0.009779858670395046
2241,97,0.009515552210444546
2241,98,0.009219714554841869
2241,99,0.008893304778975611
2241,100,0.008537713248127035
2241,101,0.00815482589731874
2241,102,0.007747068663745334
2241,103,0.007317426287468518
2241,104,0.006869431608134455
2241,105,0.006407123777049592
2241,106,0.0059349762216403595
2241,107,0.0054577974728150964
2241,108,0.004980609850180714
2241,109,0.004508512318734029
2241,110,0.0040465345088130066
2241,111,0.0035994889710189216
2241,112,0.003171828367110321
2241,113,0.002767513688471305
2241,114,0.002389898957231307
2241,115,0.0020416373393155047
2241,116,0.001724613188833646
2241,117,0.0014399041021499555
2261,1,0.0008174238862969448
2261,2,0.0009217873255126818
2261,3,0.0010335989133248434
2261,4,0.0011524965710224375
2261,5,0.001278015107343084
2261,6,0.0014096008416954508
2261,7,0.001546629809799875
2261,8,0.0016884286228312081
2261,9,0.0018342969018191532
2261,10,0.0019835301331156993
2261,11,0.002135441792329051
2261,12,0.0022893836610778087
2261,13,0.0024447634050381245
2261,14,0.002601058679724864
2261,15,0.0027578272652613225
2261,16,0.0029147129841059615
2261,17,0.003071447407274957
2261,18,0.0032278475875835845
2261,19,0.003383810258362871
2261,20,0.0035393030924333975
2261,21,0.003694353722625457
2261,22,0.0038490372799375163
2261,23,0.00400346321054993
2261,24,0.0041577620936108315
2261,25,0.004312070666051298
2261,26,0.004466520422913803
2261,27,0.004621226357100295
2261,28,0.004776278231241203
2261,29,0.004931735482626763
2261,30,0.0050876242676094925
2261,31,0.005243936543762582
2261,32,0.005400630994867132
2261,33,0.00555763553092239
2261,34,0.005714851045134535
2261,35,0.005872156083044514
2261,36,0.006029412074917835
2261,37,0.006186468799173585
2261,38,0.0063431697787349715
2261,39,0.0064993573596116745
2261,40,0.006654877277111011
2261,41,0.006809582575005425
2261,42,0.006963336802172887
2261,43,0.007116016465661309
2261,44,0.007267512765637041
2261,45,0.007417732674105895
2261,46,0.007566599444569965
2261,47,0.007714052653872369
2261,48,0.007860108876213315
2261,49,0.008004988449259978
2261,50,0.008148675345788049
2261,51,0.008291161831377018
2261,52,0.008432449123820528
2261,53,0.008572548025108984
2261,54,0.008711479495842365
2261,55,0.008849275139908647
2261,56,0.008985977566050832
2261,57,0.009121640592662518
2261,58,0.00925632926288883
2261,59,0.009390119638921586
2261,60,0.009523098347276857
2261,61,0.00965536185079106
2261,62,0.00978701542797927
2261,63,0.009918171846122127
2261,64,0.010048949720793494
2261,65,0.010179471561272873
2261,66,0.010309861508137511
2261,67,0.010440242776011268
2261,68,0.010570734820673028
2261,69,0.010701450255224435
2261,70,0.010832491544547749
2261,71,0.010963947510666048
2261,72,0.011095717589370648
2261,73,0.011227777507851514
2261,74,0.011360104180750346
2261,75,0.011492635774176915
2261,76,0.011625267951825898
2261,77,0.011757850540125542
2261,78,0.011890184773284643
2261,79,0.012022021301645617
2261,80,0.012153059165522673
2261,81,0.012282945946520064
2261,82,0.012411279302516608
2261,83,0.012537610063167915
2261,84,0.012661447001337662
2261,85,0.012782263293989696
2261,86,0.012899504536973644
2261,87,0.01301259797828214
2261,88,0.013120962385408063
2261,89,0.0132240176732925
2261,90,0.013321193108042667
2261,91,0.01341193259656235
2261,92,0.01349569531275261
2261,93,0.01357194974619701
2261,94,0.013640159245786277
2261,95,0.013699728236058585
2261,96,0.01374998252304906
2261,97,0.013790176670992176
2261,98,0.013819384040097294
2261,99,0.013836427695821468
2261,100,0.013839804046073406
2261,101,0.013827604847498714
2261,102,0.013797445762260808
2261,103,0.01374641215156877
2261,104,0.013671034860949633
2261,105,0.013567309872118252
2261,106,0.013430775288780356
2261,107,0.013256656631895881
2261,108,0.013040086437621107
2261,109,0.012776396582719562
2261,110,0.012461471985203483
2261,111,0.012092143312064249
2261,112,0.011666585649933453
2261,113,0.011184681804241828
2261,114,0.01064830516927162
2261,115,0.010061479772541255
2261,116,0.009430385019731693
2261,117,0.008763189298260995
227,1,0.002973408370570659
227,2,0.0032824648781550323
227,3,0.0035985990913395692
227,4,0.0039198859505346064
227,5,0.004244588885475055
227,6,0.0045711817568924425
227,7,0.004898350366838693
227,8,0.00522497765091236
227,9,0.005550117446648741
227,10,0.005872961796300833
227,11,0.006192806267008411
227,12,0.006509016954920172
227,13,0.0068210018631539695
227,14,0.007128188350551756
227,15,0.007430007440172167
227,16,0.007725885014772723
227,17,0.008015239340150786
227,18,0.008297483951014454
227,19,0.008572034696335697
227,20,0.008838319649750218
227,21,0.009095790617677589
227,22,0.00934393509354344
227,23,0.009582287681553624
227,24,0.009810440221301987
227,25,0.010027608431131218
227,26,0.010233200892348674
227,27,0.010426992882411602
227,28,0.010608849268164907
227,29,0.010778724570520565
227,30,0.01093666081262209
227,31,0.011082783433445749
227,32,0.011217295581976946
227,33,0.011340471119174824
227,34,0.011452646650514032
227,35,0.011554212895333725
227,36,0.011645605674369565
227,37,0.011727296766873943
227,38,0.011799784856123291
227,39,0.011863586748706587
227,40,0.01191922902006897
227,41,0.011967240207200882
227,42,0.012008143639655324
227,43,0.012042450972572272
227,44,0.012070656460292348
227,45,0.012093231986581295
227,46,0.01211062284755452
227,47,0.01212324426615194
227,48,0.012131484324352671
227,49,0.012135712334581971
227,50,0.012136235131329257
227,51,0.012133325203512962
227,52,0.012127219500919419
227,53,0.012118118539509653
227,54,0.012106185782232796
227,55,0.012091547270609897
227,56,0.012074291481590504
227,57,0.012054469384072668
227,58,0.012032094670036575
227,59,0.012007144136479698
227,60,0.011979558196251058
227,61,0.011949241498449656
227,62,0.011916063642250898
227,63,0.011879859971825224
227,64,0.011840432444373777
227,65,0.01179755056818411
227,66,0.011750952412950582
227,67,0.01170034570035226
227,68,0.01164540898896913
227,69,0.011585792973969751
227,70,0.011521121928534854
227,71,0.011450995320592398
227,72,0.01136007394016367
227,73,0.011246074390986658
227,74,0.011111059448575827
227,75,0.010957381679400115
227,76,0.010787617887807086
227,77,0.010604487873866936
227,78,0.010410761734156726
227,79,0.010209161031696373
227,80,0.010002259693806456
227,81,0.00979239041467039
227,82,0.009581561688782254
227,83,0.009371389517358764
227,84,0.00916304650758672
227,85,0.00895722973873982
227,86,0.008754147590008227
227,87,0.008553524843639035
227,88,0.008354624847442923
227,89,0.0081562873195373
227,90,0.00795698042181793
227,91,0.007754865900079603
227,92,0.007547876265969831
227,93,0.007333803075182053
227,94,0.0071103952651804594
227,95,0.006875465140076427
227,96,0.006626987904332174
227,97,0.006363208690038673
227,98,0.006082769595003502
227,99,0.005784839911212329
227,100,0.005469238397231808
227,101,0.005136538469058416
227,102,0.00478814645271046
227,103,0.0044263429867271095
227,104,0.004054278452657658
227,105,0.0036759150889602373
227,106,0.0032959113097071487
227,107,0.002919447739549959
227,108,0.0025519995193721964
227,109,0.0021990652967861482
227,110,0.0018658695238398556
227,111,0.0015570604892925226
227,112,0.0012764308843841552
227,113,0.001026689438783041
227,114,0.0008093101405800109
227,115,0.0006244790830487878
227,116,0.0004711482137787818
227,117,0.00034719147111137723
2277,1,0.0017790455007284946
2277,2,0.001984334638273242
2277,3,0.0021983882151109324
2277,4,0.0024196982765898535
2277,5,0.002646664902047158
2277,6,0.002877646913352541
2277,7,0.003111012592773336
2277,8,0.003345188058690685
2277,9,0.003578701179709791
2277,10,0.0038102192431992634
2277,11,0.004038579009437492
2277,12,0.004262808249590378
2277,13,0.0044821383543725045
2277,14,0.004696008079599542
2277,15,0.004904058935967686
2277,16,0.005106123108616798
2277,17,0.0053022050888579825
2277,18,0.0054924584047304536
2277,19,0.005677158945288225
2277,20,0.0058566763893037254
2277,21,0.006031445181955393
2277,22,0.006201936366966365
2277,23,0.0063686313931850475
2277,24,0.006531998791386054
2277,25,0.006692471437941322
2277,26,0.006850431723337363
2277,27,0.007006199584557268
2277,28,0.007160023014194548
2277,29,0.007312073745836231
2277,30,0.007462446705462103
2277,31,0.007611162870333997
2277,32,0.00775817506059217
2277,33,0.007903376101357265
2277,34,0.008046608737599688
2277,35,0.008187676661911317
2277,36,0.008326356026346465
2277,37,0.008462406851531358
2277,38,0.008595583815251178
2277,39,0.008725645993055347
2277,40,0.008852365228199635
2277,41,0.008975532919914073
2277,42,0.00909496512994582
2277,43,0.009210506010544421
2277,44,0.009322029646635975
2277,45,0.009429440476527514
2277,46,0.009532672506551695
2277,47,0.009631687564914863
2277,48,0.009726686309334773
2277,49,0.009818547529228344
2277,50,0.009907285862631603
2277,51,0.009992921356867164
2277,52,0.010075480099045618
2277,53,0.010154994764631886
2277,54,0.010231505051035478
2277,55,0.010305057963615383
2277,56,0.010375707922892437
2277,57,0.01044351666418278
2277,58,0.010508552904317717
2277,59,0.010570891754566644
2277,60,0.010630613864254661
2277,61,0.010687804285741452
2277,62,0.010742551058235765
2277,63,0.010794943515153081
2277,64,0.010845070327144003
2277,65,0.010893017300267753
2277,66,0.01093886495579186
2277,67,0.010982685924503743
2277,68,0.011024542193984741
2277,69,0.011064482251818374
2277,70,0.011102538171031384
2277,71,0.01113872268610604
2277,72,0.01117285487332727
2277,73,0.011204830520012149
2277,74,0.011234546866347278
2277,75,0.01126186382163106
2277,76,0.01128660223293212
2277,77,0.011308542870249435
2277,78,0.011327426273876172
2277,79,0.011342953607417022
2277,80,0.011354788648120277
2277,81,0.01136256102079241
2277,82,0.011365870738135886
2277,83,0.011364294044609972
2277,84,0.011357390469462913
2277,85,0.011344710875858007
2277,86,0.011325806148383284
2277,87,0.011300235996145531
2277,88,0.011267577173674792
2277,89,0.011227430253414472
2277,90,0.011179423944056252
2277,91,0.011123215866179708
2277,92,0.011058488702099148
2277,93,0.01098494076302038
2277,94,0.010902270293187381
2277,95,0.010810084322887364
2277,96,0.010707915419589011
2277,97,0.010595324512236645
2277,98,0.010471747246316603
2277,99,0.010336461444262446
2277,100,0.010188559374142274
2277,101,0.010026929775596808
2277,102,0.009850255197704482
2277,103,0.009657030302031883
2277,104,0.009445606168900082
2277,105,0.00921426414583566
2277,106,0.008961320309825287
2277,107,0.008685258233717191
2277,108,0.008384883691329408
2277,109,0.008059490653504092
2277,110,0.007709024058319694
2277,111,0.007334222143616475
2277,112,0.006936720361186827
2277,113,0.006519100618941418
2277,114,0.006084874021168698
2277,115,0.005638392085033156
2277,116,0.005184689730383145
2277,117,0.004729271831881133
2287,1,0.013937378705336118
2287,2,0.01443110846545618
2287,3,0.014883862600426796
2287,4,0.015297088112452546
2287,5,0.015672315656570176
2287,6,0.016010978142564445
2287,7,0.016314289557088826
2287,8,0.01658318077912939
2287,9,0.016818284608275048
2287,10,0.017019959648373228
2287,11,0.017188341807542477
2287,12,0.01732341258828389
2287,13,0.01742507462351569
2287,14,0.01749322668016193
2287,15,0.017527832289513698
2287,16,0.01752897804577046
2287,17,0.017496919294251245
2287,18,0.01743211232970025
2287,19,0.01733523331546911
2287,20,0.01720718492450495
2287,21,0.017049092223515135
2287,22,0.016862289614355243
2287,23,0.016648300757252772
2287,24,0.016407772348404064
2287,25,0.016144922714402134
2287,26,0.01587898511970562
2287,27,0.015610677580190493
2287,28,0.015340714471002758
2287,29,0.015069796314085313
2287,30,0.01479860063537433
2287,31,0.014527774063816046
2287,32,0.014257925756764066
2287,33,0.013989622167351678
2287,34,0.013723383116869589
2287,35,0.013459679096722415
2287,36,0.0131989296979501
2287,37,0.012941503049490093
2287,38,0.012687716137425063
2287,39,0.01243783587473287
2287,40,0.01219208079308347
2287,41,0.011950623233784046
2287,42,0.011713591923040365
2287,43,0.01148107482644299
2287,44,0.011253122188330253
2287,45,0.01102974967289159
2287,46,0.010810941535138641
2287,47,0.010596653760868985
2287,48,0.010371252102286408
2287,49,0.010142883661535955
2287,50,0.009918110261878953
2287,51,0.009696939150143377
2287,52,0.009479356307045909
2287,53,0.009265329068526791
2287,54,0.009054808575833264
2287,55,0.008847732049614187
2287,56,0.008644024886930227
2287,57,0.008443602583341817
2287,58,0.008246372485073171
2287,59,0.008052235378645155
2287,60,0.007861086927320621
2287,61,0.007672818965226478
2287,62,0.0074873206611309594
2287,63,0.007304479564595123
2287,64,0.0071241825476222225
2287,65,0.006946316655037945
2287,66,0.006770769876688243
2287,67,0.006597431854179954
2287,68,0.006426194534346417
2287,69,0.00625695278092869
2287,70,0.006089604955147831
2287,71,0.005910634031236756
2287,72,0.005702446252393933
2287,73,0.005497334864434258
2287,74,0.0052961443231898
2287,75,0.005099591522825105
2287,76,0.004908247923112407
2287,77,0.00472252872613601
2287,78,0.004542689166774934
2287,79,0.004368827575011495
2287,80,0.004200894523467369
2287,81,0.004038707112503757
2287,82,0.0038819672788534014
2287,83,0.0037302829425235455
2287,84,0.003583190821890776
2287,85,0.003440179833024359
2287,86,0.003300714126932963
2287,87,0.003164254987092413
2287,88,0.0030302809899338478
2287,89,0.0028983060064903727
2287,90,0.002767894781512767
2287,91,0.0026386759586449096
2287,92,0.002510352522242536
2287,93,0.0023827096970979148
2287,94,0.0022556203883974664
2287,95,0.002064214399057638
2287,96,0.0018736035427808463
2287,97,0.0016918889858085443
2287,98,0.0015195456626248612
2287,99,0.001356988377342958
2287,100,0.0012045594307622158
2287,101,0.0010625174883554032
2287,102,0.0009310282608430804
2287,103,0.0008101574584206062
2287,104,0.0006998663725862385
2287,105,0.0006000103371511952
2287,106,0.0005103402201084715
2287,107,0.0004305069958392762
2287,108,0.0003600693371606964
2287,109,0.0002985040449372796
2287,110,0.00024521899903092446
2287,111,0.00019956817324666122
2287,112,0.00016086811961108966
2287,113,0.00012841520981253401
2287,114,0.00010150284247577303
2287,115,7.94378014035889e-05
2287,116,6.155499373225515e-05
2287,117,4.722991072865046e-05
2296,1,0.0011585032455466325
2296,2,0.0013224505224102509
2296,3,0.001499900447892833
2296,4,0.001690971250545605
2296,5,0.001895774697588468
2296,6,0.0021144320717665973
2296,7,0.002347085377783539
2296,8,0.0025939024779226705
2296,9,0.0028550754265380383
2296,10,0.0031308118771475684
2296,11,0.0034213200092141887
2296,12,0.0037267879124198693
2296,13,0.004047358739353133
2296,14,0.004383103175932511
2296,15,0.004733990881624499
2296,16,0.005099862530422467
2296,17,0.005480403959170371
2296,18,0.005875123727325508
2296,19,0.006283335137982912
2296,20,0.006704143488720138
2296,21,0.0071364390340350435
2296,22,0.007578895866038374
2296,23,0.008029976669279983
2296,24,0.008468004442286037
2296,25,0.008727633238882442
2296,26,0.008984014851863856
2296,27,0.009236428054769022
2296,28,0.009484156139320353
2296,29,0.009726499381952048
2296,30,0.009962786243446507
2296,31,0.010192383085616657
2296,32,0.010414702269956366
2296,33,0.010629208576445769
2296,34,0.010835423944608503
2296,35,0.011032930592507586
2296,36,0.0112213726122676
2296,37,0.011400456173079417
2296,38,0.011569948485056797
2296,39,0.01172967569068013
2296,40,0.011879519856012159
2296,41,0.012019415232663588
2296,42,0.012149343954926822
2296,43,0.012269331325854768
2296,44,0.01237944083252244
2296,45,0.012479769015327715
2296,46,0.012570440299863754
2296,47,0.012651601883369251
2296,48,0.012761060132569762
2296,49,0.012876043023961902
2296,50,0.012980171963952857
2296,51,0.013073517445817364
2296,52,0.013156173586838132
2296,53,0.0132282545844679
2296,54,0.013289891217384305
2296,55,0.013341227448507284
2296,56,0.013382417180798805
2296,57,0.013413621209462752
2296,58,0.013435004406320401
2296,59,0.013446733163973532
2296,60,0.013448973119189885
2296,61,0.013441887167040738
2296,62,0.01342563376993724
2296,63,0.013400365559060616
2296,64,0.01336622821991924
2296,65,0.013323359649003374
2296,66,0.013271889364804874
2296,67,0.013211938153835708
2296,68,0.013143617930686344
2296,69,0.013067031790546906
2296,70,0.012982274232876045
2296,71,0.012898492987902776
2296,72,0.012818892024005248
2296,73,0.012719256178067136
2296,74,0.012600300243068633
2296,75,0.01246289323755409
2296,76,0.01230805483033686
2296,77,0.0121369456976505
2296,78,0.011950851290690961
2296,79,0.01175115891234977
2296,80,0.01153932847916857
2296,81,0.01131685784035495
2296,82,0.011085243997014951
2296,83,0.010845941967985996
2296,84,0.010600323344800598
2296,85,0.01034963673767586
2296,86,0.010094972320123859
2296,87,0.009837232529563969
2296,88,0.00957711068743447
2296,89,0.009315078889501133
2296,90,0.009051386019201012
2296,91,0.008786066192700007
2296,92,0.008518957393275366
2296,93,0.008249729530975412
2296,94,0.007977920701804806
2296,95,0.007610391476836749
2296,96,0.0072205183020032865
2296,97,0.006820614744223523
2296,98,0.00641329880985006
2296,99,0.006001247504984349
2296,100,0.005587197627320136
2296,101,0.005173935544187242
2296,102,0.004764275225091762
2296,103,0.00436102509471685
2296,104,0.00396694542208573
2296,105,0.003584698839642074
2296,106,0.003216797113332448
2296,107,0.002865547438302269
2296,108,0.002533001350155914
2296,109,0.002220908905774084
2296,110,0.0019306802208313033
2296,111,0.001663355881168662
2296,112,0.0014195872769930148
2296,113,0.0011996275971181106
2296,114,0.001003334052462498
2296,115,0.0008301817944015894
2296,116,0.0006792898300434026
2296,117,0.0005494588843711918
231,1,0.0011501248478698416
231,2,0.001374809204083264
231,3,0.0016217757054418497
231,4,0.0018891947864043677
231,5,0.002174681660650898
231,6,0.0024754222604765107
231,7,0.002788323113914156
231,8,0.003110171993620223
231,9,0.0034377959806465887
231,10,0.0037682048618770765
231,11,0.00409871022142804
231,12,0.004427013765896007
231,13,0.004751261867400578
231,14,0.005070066576153691
231,15,0.005382496099171464
231,16,0.0056880397464870265
231,17,0.005986553530096839
231,18,0.006278193002936626
231,19,0.0065633396718254395
231,20,0.006842526584585231
231,21,0.007116367664639475
231,22,0.0073854942171474505
231,23,0.007650500895720272
231,24,0.007911902392980638
231,25,0.008170094196550109
231,26,0.00842533751284158
231,27,0.008677748313440231
231,28,0.008927288044562663
231,29,0.00917376580240277
231,30,0.009416847381633984
231,31,0.009656070070186866
231,32,0.00989086200066173
231,33,0.010120564840609811
231,34,0.010344458607683033
231,35,0.010561787430529232
231,36,0.01077178514220703
231,37,0.010973699689344153
231,38,0.0111668154656463
231,39,0.011350472829475775
231,40,0.011524084237118136
231,41,0.011687146609474596
231,42,0.011839249742355121
231,43,0.011980080760507711
231,44,0.012109424793866485
231,45,0.012227162212393483
231,46,0.012333262885458812
231,47,0.012427778026745353
231,48,0.012511354088571342
231,49,0.012586294248046881
231,50,0.012652713719542465
231,51,0.012710748895213307
231,52,0.012760556366177065
231,53,0.012802311468591489
231,54,0.012836206332332909
231,55,0.01286244742567662
231,56,0.012881252605925519
231,57,0.01289284770270853
231,58,0.012897462677030047
231,59,0.012895327414456882
231,60,0.012886667224484998
231,61,0.012871698129622758
231,62,0.012850622036662653
231,63,0.012823621888733835
231,64,0.012790856899933686
231,65,0.012752457974691276
231,66,0.012708523411735693
231,67,0.01265911498797979
231,68,0.01260425451124119
231,69,0.012543920923031639
231,70,0.012478048024199516
231,71,0.012406522887538435
231,72,0.0123286583564672
231,73,0.012244027955538278
231,74,0.012152253344377124
231,75,0.01205290116923088
231,76,0.01194549186911374
231,77,0.011829511543407153
231,78,0.011704426843817037
231,79,0.011569702627755458
231,80,0.011424821850857537
231,81,0.011269306901493279
231,82,0.011102741313320475
231,83,0.010924790560796004
231,84,0.010735220476963618
231,85,0.010533911762437134
231,86,0.010320869106019264
231,87,0.01009622363153259
231,88,0.009860227733646927
231,89,0.009613241866959263
231,90,0.009355713491846562
231,91,0.009088149126238518
231,92,0.008811081257279172
231,93,0.008525032669780813
231,94,0.008230481477598429
231,95,0.007927733975815124
231,96,0.0076169816859325955
231,97,0.007298479436012071
231,98,0.006972372897743562
231,99,0.006638725701650806
231,100,0.006297570528958904
231,101,0.005948984414241368
231,102,0.0055931855195701305
231,103,0.005230645084601047
231,104,0.0048622044592486185
231,105,0.004489183632748483
231,106,0.004113465213528669
231,107,0.003737537203907811
231,108,0.003364479877485391
231,109,0.0029978870019358
231,110,0.0026417193840526923
231,111,0.0023000983561356704
231,112,0.0019770567939244015
231,113,0.0016762735558147638
231,114,0.0014008219135747113
231,115,0.0011529622697090448
231,116,0.0009340039533873303
231,117,0.0007442511122673581
2320,1,7.517873843259958e-05
2320,2,9.027267584048317e-05
2320,3,0.00010773226012401505
2320,4,0.00012781201659879617
2320,5,0.0001507825447299662
2320,6,0.00017693227068238076
2320,7,0.00020656956034432572
2320,8,0.00024002508177819098
2320,9,0.00027765427100062467
2320,10,0.0003198397320676409
2320,11,0.0003669933935529939
2320,12,0.0004195582489216948
2320,13,0.0004780095267570982
2320,14,0.000542855165842035
2320,15,0.0006146355064896758
2320,16,0.0006939221497141929
2320,17,0.0007813159763653214
2320,18,0.000877444356193445
2320,19,0.0009829576095866381
2320,20,0.0010985248108233584
2320,21,0.0012248290402946626
2320,22,0.0013625622041678375
2320,23,0.0015124195438836613
2320,24,0.00166865350173964
2320,25,0.0017749257327016163
2320,26,0.0018848550060372195
2320,27,0.001998353293906557
2320,28,0.002115313833379312
2320,29,0.002235612520076217
2320,30,0.0023591095137195073
2320,31,0.0024856509802769354
2320,32,0.002615070903094231
2320,33,0.0027471929050876228
2320,34,0.002881832034594053
2320,35,0.003018796477893166
2320,36,0.003157889170977225
2320,37,0.0032989092913477103
2320,38,0.0034416536171954074
2320,39,0.003585917746227977
2320,40,0.003731497169776914
2320,41,0.0038781881999057207
2320,42,0.00402578874839077
2320,43,0.004174098957018027
2320,44,0.0043229216789774745
2320,45,0.004472062811534691
2320,46,0.0046213314808337055
2320,47,0.004770540080769395
2320,48,0.0049553837728991395
2320,49,0.00515789228109589
2320,50,0.005362970596431615
2320,51,0.005570419929791127
2320,52,0.005780037206173456
2320,53,0.005991614747341894
2320,54,0.006204939772712974
2320,55,0.006419793721863539
2320,56,0.00663595140673909
2320,57,0.006853180006116097
2320,58,0.007071237918943018
2320,59,0.007289873496720578
2320,60,0.007508823677969377
2320,61,0.007727812549997693
2320,62,0.007946549864586204
2320,63,0.008164729534855872
2320,64,0.008382028140522189
2320,65,0.00859810346804512
2320,66,0.008812593110971123
2320,67,0.009025113154165177
2320,68,0.009235256963799416
2320,69,0.009442594103056638
2320,70,0.009646669391677005
2320,71,0.009896874687428288
2320,72,0.010261525815400052
2320,73,0.010625119168548943
2320,74,0.010986415142273238
2320,75,0.011344127337519775
2320,76,0.011696944623063777
2320,77,0.01204355711843566
2320,78,0.012382685081705357
2320,79,0.012713109170512642
2320,80,0.013033700039069035
2320,81,0.013343444798197069
2320,82,0.013641467566600809
2320,83,0.013927041245537886
2320,84,0.014199587811859756
2320,85,0.014458664882104202
2320,86,0.014703937060605137
2320,87,0.01493513162093296
2320,88,0.015151979320363676
2320,89,0.015354142517625017
2320,90,0.015541134137797445
2320,91,0.015712232277150132
2320,92,0.01586639624083625
2320,93,0.016002190451648895
2320,94,0.016117722881876247
2320,95,0.01677557183475828
2320,96,0.017474628141926636
2320,97,0.018143754871497587
2320,98,0.018773109523462835
2320,99,0.01935180859499147
2320,100,0.01986807661467553
2320,101,0.020309486895298164
2320,102,0.02066329621617375
2320,103,0.02091686790602768
2320,104,0.02105816948940419
2320,105,0.021076323101082116
2320,106,0.020962180240134135
2320,107,0.020708887989414077
2320,108,0.02031241212581633
2320,109,0.019771983691197
2320,110,0.019090439156542103
2320,111,0.018274429411339714
2320,112,0.017334478346117312
2320,113,0.016284876826356407
2320,114,0.015143402023482404
2320,115,0.013930855930293902
2320,116,0.012670421963752872
2320,117,0.011386846953036402
2329,1,0.00810875770513665
2329,2,0.008864077472336737
2329,3,0.0095889320734036
2329,4,0.010274260190228252
2329,5,0.010913217652349178
2329,6,0.011501210699406446
2329,7,0.012035773929541253
2329,8,0.012516331922885024
2329,9,0.012943886840105752
2329,10,0.013320671815081665
2329,11,0.013649803566390622
2329,12,0.013934959301517384
2329,13,0.014180094344225456
2329,14,0.014389209154141195
2329,15,0.014566168178687488
2329,16,0.014714568484154925
2329,17,0.014837653243032612
2329,18,0.014938263621719147
2329,19,0.015018822070269246
2329,20,0.01508134013739471
2329,21,0.015127444454089827
2329,22,0.015158415255740226
2329,23,0.015175232619781683
2329,24,0.015178626409530917
2329,25,0.015169071635524934
2329,26,0.015146900923372337
2329,27,0.01511236995975587
2329,28,0.015065666188098212
2329,29,0.015006943792800214
2329,30,0.014936353307140942
2329,31,0.014854065574732194
2329,32,0.01476029006179558
2329,33,0.014655287739069938
2329,34,0.014539378926638652
2329,35,0.0144129466230135
2329,36,0.014276435924063734
2329,37,0.01413035018227523
2329,38,0.013975244568121846
2329,39,0.013811717679474027
2329,40,0.01364040180845377
2329,41,0.013461952423967713
2329,42,0.013277037367431483
2329,43,0.013086326192994872
2329,44,0.012890480014895081
2329,45,0.012690142155521686
2329,46,0.012485929819866768
2329,47,0.012278426956412423
2329,48,0.012068401476176183
2329,49,0.011857225920360325
2329,50,0.011645221473098941
2329,51,0.011432674571636112
2329,52,0.011219837498450779
2329,53,0.011006929069877429
2329,54,0.010794135435428854
2329,55,0.010581611001913058
2329,56,0.01036947949583335
2329,57,0.010157835176450003
2329,58,0.009946744210273223
2329,59,0.009736246215685635
2329,60,0.009526355983918528
2329,61,0.009317065379809458
2329,62,0.009108345422740971
2329,63,0.00890014854499793
2329,64,0.008692411021578682
2329,65,0.008485055562339779
2329,66,0.008277994054318812
2329,67,0.008071130439222135
2329,68,0.007864363708421973
2329,69,0.007657590995396963
2329,70,0.0074507107433672325
2329,71,0.0072436259238939545
2329,72,0.007035018553224246
2329,73,0.006824563080376068
2329,74,0.006612307949244454
2329,75,0.0063983848150754846
2329,76,0.006183011750453051
2329,77,0.005966491078150599
2329,78,0.005749201617972622
2329,79,0.005531585670856282
2329,80,0.005314131584718788
2329,81,0.00509735318850758
2329,82,0.004881767689310966
2329,83,0.004667873766643985
2329,84,0.004456131557090128
2329,85,0.0042469460161431985
2329,86,0.004040654809383057
2329,87,0.0038375214735649915
2329,88,0.003637734155735337
2329,89,0.0034414098352531677
2329,90,0.0032486035958346027
2329,91,0.0030593222601846487
2329,92,0.0028735415272317364
2329,93,0.0026912256446382406
2329,94,0.0025123485810046578
2329,95,0.0023369014529147024
2329,96,0.0021649266261093395
2329,97,0.001996563309224116
2329,98,0.0018320360488653911
2329,99,0.0016716664235469558
2329,100,0.0015158785588008253
2329,101,0.0013651969314704727
2329,102,0.001220235274058532
2329,103,0.001081675983135389
2329,104,0.000950240274120767
2329,105,0.0008266503482244513
2329,106,0.0007115859282492131
2329,107,0.000605638514419036
2329,108,0.0005092674254961731
2329,109,0.0004227619571011471
2329,110,0.00034621369770420404
2329,111,0.00027950217153419185
2329,112,0.00022229560999273963
2329,113,0.0001740669710481103
2329,114,0.00013412358076349588
2329,115,0.00010164723620211865
2329,116,7.574052630503394e-05
2329,117,5.5474658354358054e-05
233,1,7.766006716857277e-05
233,2,9.37165472072761e-05
233,3,0.00011245923373364869
233,4,0.0001341987013360432
233,5,0.00015925872065586556
233,6,0.00018797462094940012
233,7,0.00022069178960918234
233,8,0.0002577643590375974
233,9,0.0002995540909882811
233,10,0.0003464294240892284
233,11,0.00039876460703929054
233,12,0.00045693880326737226
233,13,0.0005213350273275196
233,14,0.000592338762364286
233,15,0.0006703361133311188
233,16,0.0007557113721449621
233,17,0.0008488439067168164
233,18,0.000950104332453192
233,19,0.0010598499780120646
233,20,0.0011784197119820007
233,21,0.0013061282489651045
233,22,0.0014432600980618159
233,23,0.0015900633506743603
233,24,0.0017418655602867003
233,25,0.0018563807010469064
233,26,0.0019747019648464325
233,27,0.0020967377485538443
233,28,0.0022223785177899707
233,29,0.0023514977383138967
233,30,0.0024839532236009924
233,31,0.0026195888289056108
233,32,0.002758236415585923
233,33,0.0028997180081368527
233,34,0.003043848069353482
233,35,0.0031904358252795965
233,36,0.0033392875799772167
233,37,0.003490208969629521
233,38,0.0036430071151441427
233,39,0.0037974926415357364
233,40,0.00395348154043895
233,41,0.004110796858864293
233,42,0.004269270202693799
233,43,0.0044287430475176545
233,44,0.004589067852451905
233,45,0.0047501089748265045
233,46,0.004911743385383744
233,47,0.005073861185142593
233,48,0.005260171580227417
233,49,0.0054582953099995505
233,50,0.005658144781575943
233,51,0.005859616526955396
233,52,0.006062622042803558
233,53,0.006267088332523909
233,54,0.00647295821911665
233,55,0.00668019042089166
233,56,0.006888759386045117
233,57,0.0070986548861485515
233,58,0.007309881372576409
233,59,0.0075224571036513815
233,60,0.0077364130536545775
233,61,0.007951791617680842
233,62,0.008168645128488049
233,63,0.00838703420289093
233,64,0.008607025935815572
233,65,0.008828691959828806
233,66,0.009052106386796767
233,67,0.009277343646356698
233,68,0.009504476233191646
233,69,0.009733572371797786
233,70,0.00996469360367241
233,71,0.01022411965332126
233,72,0.010543910149539624
233,73,0.010861968386231885
233,74,0.011177743129791867
233,75,0.011490666470396151
233,76,0.011800171284149332
233,77,0.012105712017058828
233,78,0.012406788390418791
233,79,0.012702971312049758
233,80,0.012993929933985796
233,81,0.013279458448107446
233,82,0.013559500886733602
233,83,0.013834171929540458
233,84,0.014103771546901706
233,85,0.014368791265670915
233,86,0.014629909952223972
233,87,0.014887977283460481
233,88,0.01514398351881738
233,89,0.015399014778044359
233,90,0.015654193737439544
233,91,0.01591060643545644
233,92,0.016169216673551493
233,93,0.01643077025575227
233,94,0.01669569198345138
233,95,0.017127320742975655
233,96,0.017555056005684105
233,97,0.01795639136597498
233,98,0.01832756477704082
233,99,0.018664074218685853
233,100,0.018960625618334656
233,101,0.019211135807679584
233,102,0.0194088014261835
233,103,0.019546240439432486
233,104,0.019615707369126406
233,105,0.019609376915908243
233,106,0.019519684102079386
233,107,0.019339703229609723
233,108,0.019063543733770418
233,109,0.018686739168075863
233,110,0.018206606493064725
233,111,0.017622556437251993
233,112,0.016936341178644544
233,113,0.016152231555300586
233,114,0.015277120642588819
233,115,0.014320552059991873
233,116,0.013294668677382495
233,117,0.012214070688007663
2341,1,0.002196206884133836
2341,2,0.002466538673589799
2341,3,0.0027594936035629596
2341,4,0.0030753374532235594
2341,5,0.0034140870349224435
2341,6,0.003775484906470681
2341,7,0.004158977747924656
2341,8,0.00456369933348012
2341,9,0.004988458953087319
2341,10,0.005431736022110292
2341,11,0.005891681463242108
2341,12,0.006366126257636139
2341,13,0.006852597348555979
2341,14,0.007348340849270683
2341,15,0.00785035226723007
2341,16,0.008355413219324509
2341,17,0.008860133889007304
2341,18,0.00936100027551008
2341,19,0.009854425117511582
2341,20,0.010336801246011424
2341,21,0.01080455603934754
2341,22,0.011254205620476828
2341,23,0.011682407453531843
2341,24,0.012064239127484357
2341,25,0.012231519555059377
2341,26,0.012386560947600688
2341,27,0.012529304862799401
2341,28,0.012659747806341937
2341,29,0.012777938602264118
2341,30,0.012883975486395102
2341,31,0.012978002973502795
2341,32,0.013060208547515328
2341,33,0.01313081922229878
2341,34,0.013190098018020808
2341,35,0.013238340395228839
2341,36,0.013275870685520092
2341,37,0.01330303855417433
2341,38,0.013320215526450985
2341,39,0.013327791605500235
2341,40,0.013326172006077563
2341,41,0.013315774024547734
2341,42,0.01329702406207265
2341,43,0.013270354814442737
2341,44,0.013236202638773044
2341,45,0.01319500510426879
2341,46,0.013147198731493502
2341,47,0.013093216922058098
2341,48,0.013042280457755654
2341,49,0.012985974265265517
2341,50,0.012920439426317027
2341,51,0.01284627861966966
2341,52,0.012764093844586257
2341,53,0.012674483067615382
2341,54,0.012578037184267213
2341,55,0.012475337294527147
2341,56,0.012366952287508878
2341,57,0.01225343672741393
2341,58,0.012135329030321353
2341,59,0.01201314991915944
2341,60,0.011887401142482223
2341,61,0.011758564441354612
2341,62,0.011627100747708438
2341,63,0.011493449596927358
2341,64,0.011358028737117583
2341,65,0.011221233917483309
2341,66,0.011083438838416745
2341,67,0.010944995246295941
2341,68,0.010806233156527572
2341,69,0.010667461189045038
2341,70,0.010528967001247202
2341,71,0.01037582081616141
2341,72,0.010185094253692673
2341,73,0.009991303046552494
2341,74,0.009795156574062037
2341,75,0.009597323690443084
2341,76,0.009398432034802454
2341,77,0.009199067755072966
2341,78,0.008999775602227053
2341,79,0.008801059351765497
2341,80,0.008603382510738196
2341,81,0.008407169270266142
2341,82,0.008212805665607925
2341,83,0.008020640908156509
2341,84,0.007830988856282466
2341,85,0.007644129594588079
2341,86,0.0074603110938382495
2341,87,0.00727975092653709
2341,88,0.007102638015779767
2341,89,0.006929134397590506
2341,90,0.0067593769794312124
2341,91,0.006593479279909943
2341,92,0.006431533136917024
2341,93,0.006273610373460172
2341,94,0.006119764412350458
2341,95,0.005780934980511237
2341,96,0.0054280300995964235
2341,97,0.005083956624092725
2341,98,0.004750253034106545
2341,99,0.004428190455106978
2341,100,0.004118785931168078
2341,101,0.0038228185547715733
2341,102,0.0035408476883962265
2341,103,0.0032732325783346485
2341,104,0.0030201527363982695
2341,105,0.0027816285460017377
2341,106,0.0025575416318046385
2341,107,0.0023476546135483356
2341,108,0.002151629942531017
2341,109,0.0019690475915077944
2341,110,0.0017994214344345455
2341,111,0.0016422142106376967
2341,112,0.0014968510183422914
2341,113,0.001362731325023319
2341,114,0.001239239517020593
2341,115,0.0011257540387341531
2341,116,0.0010216551930921551
2341,117,0.0009263316905389531
236,1,8.242331992687393e-05
236,2,0.00010381005856244692
236,3,0.00012961021062191794
236,4,0.00016042452942200523
236,5,0.0001968647816931232
236,6,0.000239539078606283
236,7,0.0002890357376163341
236,8,0.00034590632181311017
236,9,0.00041064859613262113
236,10,0.000483690186562204
236,11,0.0005653737253684022
236,12,0.0006559442127397021
236,13,0.0007555392274494973
236,14,0.0008641824838769754
236,15,0.000981781069949615
236,16,0.001108126521503487
236,17,0.001242899704635781
236,18,0.0013856792996534636
236,19,0.001535953517720793
236,20,0.0016931345420717536
236,21,0.001856575075520484
236,22,0.0020255862987914805
236,23,0.002199456501761394
236,24,0.002373689420076908
236,25,0.0025159779875734475
236,26,0.002658849192659057
236,27,0.00280211281470632
236,28,0.0029456539326275194
236,29,0.00308943408332504
236,30,0.003233490367933381
236,31,0.0033779325175886795
236,32,0.0035229379618608265
236,33,0.0036687449761659448
236,34,0.00381564402081303
236,35,0.003963967424808214
236,36,0.004114077612554998
236,37,0.004266354120832693
236,38,0.004421179705741511
236,39,0.0045789258925864685
236,40,0.004739938372934262
236,41,0.004904522698501848
236,42,0.005072930756689925
236,43,0.005245348532718539
236,44,0.005421885663819473
236,45,0.005602567267743516
236,46,0.0057873284780219
236,47,0.005976012040677657
236,48,0.006179111116007543
236,49,0.006388281527699468
236,50,0.006598662412489904
236,51,0.006810182474625223
236,52,0.007022778195345169
236,53,0.007236393302655498
236,54,0.007450978253808666
236,55,0.007666489758145964
236,56,0.00788289036915909
236,57,0.008100148175453525
236,58,0.008318236620633112
236,59,0.008537134481855186
236,60,0.00875682603579743
236,61,0.008977301438896579
236,62,0.009198557345828981
236,63,0.009420597786176745
236,64,0.009643435313950535
236,65,0.009867092438036669
236,66,0.010091603333657098
236,67,0.010317015825579248
236,68,0.010543393623152597
236,69,0.0107708187754136
236,70,0.010999394301701257
236,71,0.011232865648384315
236,72,0.011473828026140232
236,73,0.011712638732642505
236,74,0.011949362920346075
236,75,0.0121841073444492
236,76,0.012417021762239046
236,77,0.012648299714677205
236,78,0.012878178589737665
236,79,0.013106938880584422
236,80,0.013334902571566677
236,81,0.013562430611279276
236,82,0.013789919464318814
236,83,0.014017796771207644
236,84,0.01424651618815228
236,85,0.01447655152322168
236,86,0.014708390330947249
236,87,0.014942527170342616
236,88,0.015179456768197902
236,89,0.01541966735557226
236,90,0.01566363445496077
236,91,0.015911815381688982
236,92,0.016164644677360607
236,93,0.016422530605881957
236,94,0.016685852702562308
236,95,0.016787872493915227
236,96,0.016842843547212223
236,97,0.016867835102727977
236,98,0.01686333157271887
236,99,0.016829977122248246
236,100,0.016768553575687142
236,101,0.01667994789202151
236,102,0.016565107013199874
236,103,0.01642497826818229
236,104,0.016260434371644605
236,105,0.01607218352665275
236,106,0.015860667332671517
236,107,0.015625952150128374
236,108,0.0153676231876757
236,109,0.01508469457012266
236,110,0.01477555246751727
236,111,0.014437951179777865
236,112,0.014069082771246529
236,113,0.013665738193207272
236,114,0.013224570704285926
236,115,0.01274246021195645
236,116,0.012216960340438125
236,117,0.011646790457269724
2368,1,0.0005139313798007651
2368,2,0.0006080055006483319
2368,3,0.0007128352415490842
2368,4,0.0008285020222124278
2368,5,0.0009549345557797332
2368,6,0.0010919125707534092
2368,7,0.0012390751464290545
2368,8,0.0013959330975603767
2368,9,0.0015618848319053189
2368,10,0.001736235093537838
2368,11,0.0019182159697841868
2368,12,0.0021070094734831433
2368,13,0.0023017709255707844
2368,14,0.0025016522781784838
2368,15,0.002705824462117099
2368,16,0.002913497838218588
2368,17,0.0031239398942946458
2368,18,0.0033364894618556433
2368,19,0.003550566921237488
2368,20,0.003765680103204033
2368,21,0.003981425856448117
2368,22,0.004197487508832058
2368,23,0.004413628682491379
2368,24,0.004629684110312025
2368,25,0.0048454085935981965
2368,26,0.005060627477503245
2368,27,0.005275280474894527
2368,28,0.005489324019889718
2368,29,0.005702719600365133
2368,30,0.00591542372410206
2368,31,0.006127379942102831
2368,32,0.006338513186409728
2368,33,0.0065487265117867635
2368,34,0.006757900172339714
2368,35,0.006965892825275209
2368,36,0.0071725445420345695
2368,37,0.007377681226969495
2368,38,0.007581119997906902
2368,39,0.007782675071155391
2368,40,0.007982163713140903
2368,41,0.008179411867323001
2368,42,0.008374259132212717
2368,43,0.008566562847119612
2368,44,0.008756201129309926
2368,45,0.008943074792460946
2368,46,0.009127108155392732
2368,47,0.00930824881706935
2368,48,0.009486587071017035
2368,49,0.009662610717380253
2368,50,0.009836349548199083
2368,51,0.01000783209306128
2368,52,0.010177084960449367
2368,53,0.010344132336837402
2368,54,0.010508995608957529
2368,55,0.0106716930675356
2368,56,0.010832239644522287
2368,57,0.010990646630598852
2368,58,0.011146921315688653
2368,59,0.01130106649253214
2368,60,0.011453079762251996
2368,61,0.011602952581404336
2368,62,0.011750668992415624
2368,63,0.011896203983646257
2368,64,0.012039521431654735
2368,65,0.012180571586563214
2368,66,0.01231928807168214
2368,67,0.012455584380613068
2368,68,0.012589349868725818
2368,69,0.012720445250959809
2368,70,0.012848697634052858
2368,71,0.012973895128261045
2368,72,0.013084536615382447
2368,73,0.013178529973655007
2368,74,0.013257011010960496
2368,75,0.013321328611578575
2368,76,0.013372994587994876
2368,77,0.013413625619228979
2368,78,0.013444878999319393
2368,79,0.013468384121059536
2368,80,0.013485671862202812
2368,81,0.013498104283041401
2368,82,0.01350680722714855
2368,83,0.013512608484227738
2368,84,0.013515984084017009
2368,85,0.013517015024524924
2368,86,0.013515356301957894
2368,87,0.013510219529615251
2368,88,0.013500369750272832
2368,89,0.013484136313070001
2368,90,0.013459436960625933
2368,91,0.013423813619577622
2368,92,0.013374477877820668
2368,93,0.013308363839130966
2368,94,0.013222186047346042
2368,95,0.013112447628045726
2368,96,0.01297554277603804
2368,97,0.012807929538179831
2368,98,0.012606107097994559
2368,99,0.012366692019581755
2368,100,0.01208650451506154
2368,101,0.011762671583056428
2368,102,0.011392755431552144
2368,103,0.010974915665443693
2368,104,0.010508111371180387
2368,105,0.009992343654317518
2368,106,0.009428929970055022
2368,107,0.008820789097527447
2368,108,0.008172701344339908
2368,109,0.007491495353669464
2368,110,0.0067861047122979795
2368,111,0.00606743889219866
2368,112,0.0053480275866549624
2368,113,0.004641426491513674
2368,114,0.003961413372252265
2368,115,0.003321048613514279
2368,116,0.002731713476455817
2368,117,0.0022022601597325698
2377,1,0.0023852152332022574
2377,2,0.0025649449935893696
2377,3,0.0027528892336506658
2377,4,0.0029489216095824958
2377,5,0.0031528662724385997
2377,6,0.0033644966774446917
2377,7,0.0035835347749388247
2377,8,0.003809650601702844
2377,9,0.004042462288046016
2377,10,0.004281536492542371
2377,11,0.004526389272804889
2377,12,0.004776487397088231
2377,13,0.005031250097825757
2377,14,0.005290051264402467
2377,15,0.005552222068522961
2377,16,0.005817054011439782
2377,17,0.006083802378061878
2377,18,0.0063516900785798485
2377,19,0.006619911853755325
2377,20,0.006887638815475439
2377,21,0.007154023289634843
2377,22,0.00741820392395808
2377,23,0.007679311019105846
2377,24,0.00792530923995637
2377,25,0.008067387012787974
2377,26,0.008206779286708222
2377,27,0.008343373732304928
2377,28,0.008477066867170719
2377,29,0.008607764202006572
2377,30,0.008735380344909697
2377,31,0.008859839064484756
2377,32,0.008981073312665754
2377,33,0.009099025208368836
2377,34,0.009213645983312544
2377,35,0.009324895891539902
2377,36,0.009432744084354926
2377,37,0.00953716845254379
2377,38,0.009638155437887059
2377,39,0.009735699816084043
2377,40,0.009829804453302778
2377,41,0.009920480038640064
2377,42,0.010007744794825134
2377,43,0.010091624169529073
2377,44,0.010172150509650112
2377,45,0.010249362720934307
2377,46,0.010323305915261627
2377,47,0.010394031047881986
2377,48,0.010475961908973005
2377,49,0.010559504207923764
2377,50,0.010638286852403624
2377,51,0.010712359213472189
2377,52,0.010781781256536895
2377,53,0.010846622980093564
2377,54,0.010906963833214612
2377,55,0.010962892116166013
2377,56,0.011014504368427444
2377,57,0.011061904748251914
2377,58,0.011105204407734381
2377,59,0.011144520867167091
2377,60,0.011179977392245908
2377,61,0.011211702377460822
2377,62,0.011239828738757809
2377,63,0.01126449331830264
2377,64,0.011285836303912946
2377,65,0.011304000665455815
2377,66,0.011319131610238408
2377,67,0.011331376059149785
2377,68,0.011340882145047696
2377,69,0.011347798734625198
2377,70,0.011352274974741733
2377,71,0.011352728110238998
2377,72,0.011344032722151865
2377,73,0.011328859895793027
2377,74,0.01130746865002661
2377,75,0.01128012673697262
2377,76,0.011247109146106982
2377,77,0.01120869664876302
2377,78,0.011165174391161088
2377,79,0.011116830543133595
2377,80,0.011063955008742651
2377,81,0.011006838204020179
2377,82,0.010945769906108014
2377,83,0.010881038177148809
2377,84,0.010812928365387936
2377,85,0.010741722185099223
2377,86,0.010667696876151751
2377,87,0.010591124443294775
2377,88,0.010512270974559422
2377,89,0.010431396037560008
2377,90,0.010348752151928283
2377,91,0.010264584335629755
2377,92,0.010179129722492991
2377,93,0.010092617247928933
2377,94,0.010005267399525668
2377,95,0.009763975696298763
2377,96,0.009493003869337284
2377,97,0.00921063895486054
2377,98,0.00891881958342716
2377,99,0.008619448933171165
2377,100,0.008314376091109875
2377,101,0.008005379505454695
2377,102,0.007694152670498009
2377,103,0.007382292124251016
2377,104,0.007071287780819468
2377,105,0.006762515566078432
2377,106,0.006457232277761543
2377,107,0.006156572550487743
2377,108,0.005861547773033202
2377,109,0.0055730467795169865
2377,110,0.005291838118004934
2377,111,0.005018573688996211
2377,112,0.004753793541780319
2377,113,0.0044979316180256395
2377,114,0.004251322238365377
2377,115,0.004014207138308153
2377,116,0.003786742873631152
2377,117,0.0035690084316480825
2382,1,0.0019042178144151347
2382,2,0.00212272483892813
2382,3,0.002349928756539218
2382,4,0.0025841448763836397
2382,5,0.0028236063064734774
2382,6,0.003066519507808773
2382,7,0.0033111187989675935
2382,8,0.0035557173949384434
2382,9,0.0037987528811525757
2382,10,0.0040388254246375025
2382,11,0.004274727483361736
2382,12,0.00450546426583641
2382,13,0.004730264689020048
2382,14,0.004948583057060945
2382,15,0.0051600921117982606
2382,16,0.005364668467223042
2382,17,0.00556237171846761
2382,18,0.005753418701859103
2382,19,0.005938154473428048
2382,20,0.006117021572816665
2382,21,0.006290529057256307
2382,22,0.006459222640011064
2382,23,0.006623657066074131
2382,24,0.006784371622870428
2382,25,0.006941868147824945
2382,26,0.00709659550320149
2382,27,0.007248936777850235
2382,28,0.007399199022679467
2382,29,0.007547607441842553
2382,30,0.007694303245863634
2382,31,0.007839344916381932
2382,32,0.007982712542607804
2382,33,0.008124314816389972
2382,34,0.008263998215771185
2382,35,0.008401557865709548
2382,36,0.008536749539034688
2382,37,0.00866930225078878
2382,38,0.008798930905398242
2382,39,0.008925348479529449
2382,40,0.009048277265003957
2382,41,0.009167458756443939
2382,42,0.00928266184712241
2382,43,0.009393689092037433
2382,44,0.009500380905811685
2382,45,0.009602617678870879
2382,46,0.009700319910919825
2382,47,0.009793446567375026
2382,48,0.009882253513072562
2382,49,0.009967826490826632
2382,50,0.010050176453362548
2382,51,0.010129318712747686
2382,52,0.010205273720816244
2382,53,0.010278067772452529
2382,54,0.010347733594798042
2382,55,0.010414310785680794
2382,56,0.01047784606599246
2382,57,0.010538393313436893
2382,58,0.010596013349062622
2382,59,0.010650773453224786
2382,60,0.010702746593980308
2382,61,0.010752010358216026
2382,62,0.010798645583789403
2382,63,0.010842734699321501
2382,64,0.010884359786682705
2382,65,0.010923600389301888
2382,66,0.01096053109686904
2382,67,0.010995218943486394
2382,68,0.011027720661608948
2382,69,0.011058079838035752
2382,70,0.011086324020692668
2382,71,0.011112461826005591
2382,72,0.011136391866502842
2382,73,0.011158034422815762
2382,74,0.011177294454528744
2382,75,0.011194041483041777
2382,76,0.011208107512398967
2382,77,0.01121928564840516
2382,78,0.011227329574695981
2382,79,0.011231954035181823
2382,80,0.011232836450055768
2382,81,0.011229619755088854
2382,82,0.011221916499692288
2382,83,0.011209314167607785
2382,84,0.011191381595627672
2382,85,0.011167676262305972
2382,86,0.011137752103623411
2382,87,0.011101167391333537
2382,88,0.011057492089887587
2382,89,0.011006313999846515
2382,90,0.010947242913131944
2382,91,0.01087991196516479
2382,92,0.01080397539047521
2382,93,0.010719101992860261
2382,94,0.010624963849130382
2382,95,0.010521134614996928
2382,96,0.010407129662520427
2382,97,0.010282552709758587
2382,98,0.010146916084232236
2382,99,0.00999961142067839
2382,100,0.009839883709498875
2382,101,0.009666813186528938
2382,102,0.009479310219043975
2382,103,0.0092761285519299
2382,104,0.009055901828183529
2382,105,0.008817207017681919
2382,106,0.008558656183929822
2382,107,0.008279014925372577
2382,108,0.007977342053723446
2382,109,0.007653141020663957
2382,110,0.007306509863321698
2382,111,0.006938273715523405
2382,112,0.006550082937627806
2382,113,0.006144461210648459
2382,114,0.005724791754510029
2382,115,0.005295235940129961
2382,116,0.004860586235296613
2382,117,0.004426063485543962
2385,1,0.00929399995317119
2385,2,0.010089582284514328
2385,3,0.010858743743502835
2385,4,0.011592312006424682
2385,5,0.01228226989996105
2385,6,0.012921907101186774
2385,7,0.013505917181264504
2385,8,0.014030440901752714
2385,9,0.014493058456608778
2385,10,0.014892735170084449
2385,11,0.015229726804758268
2385,12,0.015505451918046184
2385,13,0.015722339505941027
2385,14,0.015883660442984955
2385,15,0.015993350991240978
2385,16,0.0160558359837367
2385,17,0.016075858295252366
2385,18,0.01605832001199861
2385,19,0.016008139414035047
2385,20,0.015930126588252647
2385,21,0.015828879273479837
2385,22,0.015708699458930445
2385,23,0.015573530347629502
2385,24,0.015426912573519505
2385,25,0.015271878596307997
2385,26,0.015111100519659595
2385,27,0.01494689302765829
2385,28,0.014781143256396545
2385,29,0.014615326471727854
2385,30,0.014450528909574576
2385,31,0.014287476367047122
2385,32,0.014126567221339783
2385,33,0.013967908639424749
2385,34,0.013811354825722922
2385,35,0.013656546239305581
2385,36,0.01350294879930064
2385,37,0.013349892189418905
2385,38,0.013196606471827603
2385,39,0.013042256328340053
2385,40,0.012885972363695425
2385,41,0.012726879031305446
2385,42,0.01256411887488678
2385,43,0.012396872917267088
2385,44,0.012224377166419472
2385,45,0.01204593534328145
2385,46,0.011860928060032716
2385,47,0.01166881878463724
2385,48,0.011470722304394677
2385,49,0.011272593685625477
2385,50,0.011074301869890545
2385,51,0.010875711333096304
2385,52,0.01067668604410437
2385,53,0.010477093025663586
2385,54,0.010276805521418738
2385,55,0.010075705773515986
2385,56,0.009873687416313531
2385,57,0.00967065749303481
2385,58,0.009466538103956012
2385,59,0.009261267696951155
2385,60,0.00905480201394454
2385,61,0.008847114710020622
2385,62,0.00863819766555757
2385,63,0.008428061015685424
2385,64,0.008216732925489512
2385,65,0.008004259143516733
2385,66,0.007790702370100991
2385,67,0.0075761414805853725
2385,68,0.007360670646448169
2385,69,0.007144398399396158
2385,70,0.006927446684433493
2385,71,0.0067099499475211585
2385,72,0.006497232062284376
2385,73,0.006291098453889256
2385,74,0.006091987622284368
2385,75,0.005900043489214497
2385,76,0.005715107383190939
2385,77,0.005536733411647767
2385,78,0.005364223031539497
2385,79,0.005196673461497263
2385,80,0.005033034321415527
2385,81,0.004872167360615015
2385,82,0.004712905080723923
2385,83,0.004554105201834775
2385,84,0.004394699034357839
2385,85,0.004233732753486748
2385,86,0.004070401256484251
2385,87,0.003904074708959024
2385,88,0.003734318093349132
2385,89,0.0035609041223018415
2385,90,0.0033838198381958054
2385,91,0.0032032671475462613
2385,92,0.003019657481614239
2385,93,0.0028336007617507167
2385,94,0.002645888892677454
2385,95,0.002457321788813689
2385,96,0.0022688132484354365
2385,97,0.002081647455489204
2385,98,0.00189717379139659
2385,99,0.0017167682957441488
2385,100,0.0015417939081456538
2385,101,0.0013735608347784254
2385,102,0.001213288328851769
2385,103,0.001062069073072067
2385,104,0.0009208372416425585
2385,105,0.0007903412360125546
2385,106,0.0006711220534426835
2385,107,0.0005634982528350548
2385,108,0.0004675584857636421
2385,109,0.0003831624905543418
2385,110,0.0003099512217494576
2385,111,0.00024736634383828093
2385,112,0.00019467864509126087
2385,113,0.00015102408542345237
2385,114,0.00011544531486553332
2385,115,8.693576656022924e-05
2385,116,6.448301938219986e-05
2385,117,4.710816373129622e-05
2400,1,3.262545672675433e-06
2400,2,4.269763949214502e-06
2400,3,5.543516433675298e-06
2400,4,7.139975405847078e-06
2400,5,9.123063216990986e-06
2400,6,1.1564516290954441e-05
2400,7,1.4543703240747532e-05
2400,8,1.8147162866593707e-05
2400,9,2.2467835377854833e-05
2400,10,2.7603969463791095e-05
2400,11,3.365769842760069e-05
2400,12,4.073329013040622e-05
2400,13,4.893508767760874e-05
2400,14,5.836517040840386e-05
2400,15,6.912077765385699e-05
2400,16,8.129155072723623e-05
2400,17,9.495666143455826e-05
2400,18,0.00011018190763492086
2400,19,0.00012701686746697884
2400,20,0.00014549221307632232
2400,21,0.00016561729124210038
2400,22,0.00018737808145604
2400,23,0.00021073564115476365
2400,24,0.00023562514262297847
2400,25,0.0002619503179395783
2400,26,0.0002895889704995321
2400,27,0.0003183972480046429
2400,28,0.0003482095838285196
2400,29,0.00037884237051755116
2400,30,0.0004100987851271057
2400,31,0.0004417748362293769
2400,32,0.00047366671299115757
2400,33,0.0005055795371965617
2400,34,0.0005373376507546244
2400,35,0.0005687966148502751
2400,36,0.0005998571526075864
2400,37,0.0006304813343196006
2400,38,0.0006607113814376711
2400,39,0.0006906915499925434
2400,40,0.0007206936419961732
2400,41,0.0007511467790753724
2400,42,0.0007826721485592971
2400,43,0.000816123488555739
2400,44,0.0008526341025343102
2400,45,0.00089367116987462
2400,46,0.0009410980278421778
2400,47,0.0009972449205713778
2400,48,0.0010628415197139298
2400,49,0.0011316285041345923
2400,50,0.001203766889264173
2400,51,0.0012794349492906514
2400,52,0.0013588300088854415
2400,53,0.0014421703428850725
2400,54,0.0015296971926077273
2400,55,0.0016216769086009265
2400,56,0.0017184032306167493
2400,57,0.0018201997164246613
2400,58,0.0019274223316155085
2400,59,0.0020404622127232932
2400,60,0.0021597486156705466
2400,61,0.002285752060577949
2400,62,0.002418987682183183
2400,63,0.002560018792260203
2400,64,0.00270946065624053
2400,65,0.002867984480378403
2400,66,0.0030363215978730825
2400,67,0.003215267831896463
2400,68,0.0034056879999311085
2400,69,0.003608520506588673
2400,70,0.0038247819504663863
2400,71,0.0040555716438687075
2400,72,0.004300336499766346
2400,73,0.004559529258773728
2400,74,0.004833984933627811
2400,75,0.005124570309957186
2400,76,0.005432189271249137
2400,77,0.005757788354599572
2400,78,0.006102362237876325
2400,79,0.006466958854824003
2400,80,0.006852683807757273
2400,81,0.007260703675018516
2400,82,0.007692247670783408
2400,83,0.00814860688968957
2400,84,0.008631130045296783
2400,85,0.00914121418575579
2400,86,0.009680288352227007
2400,87,0.010249787565097741
2400,88,0.010851113935448745
2400,89,0.011485581192316822
2400,90,0.012154338615058253
2400,91,0.0128582704286779
2400,92,0.013597867358570001
2400,93,0.014373068475033227
2400,94,0.015183073915490737
2400,95,0.016040801955812322
2400,96,0.01697035115758764
2400,97,0.017977811001655245
2400,98,0.01906898122317529
2400,99,0.020249083211586985
2400,100,0.021522411633158652
2400,101,0.022891926544752354
2400,102,0.024358789636573473
2400,103,0.025921852171564303
2400,104,0.027577106478768893
2400,105,0.02931711723660019
2400,106,0.031130452961617903
2400,107,0.03300114189031497
2400,108,0.034908179811394074
2400,109,0.03682512074519291
2400,110,0.03871978552137306
2400,111,0.04055412957587444
2400,112,0.042284321161965045
2400,113,0.04386109570694039
2400,114,0.045230470863804585
2400,115,0.0463349267862256
2400,116,0.04711517019801651
2400,117,0.04751259731011363
2405,1,0.006913042469753606
2405,2,0.007482086488341515
2405,3,0.008035555319892253
2405,4,0.008568722016956295
2405,5,0.009077778393426043
2405,6,0.009559838983157026
2405,7,0.010012903550426387
2405,8,0.010435787235579022
2405,9,0.01082802718822144
2405,10,0.011189774008237471
2405,11,0.011521675617422565
2405,12,0.011824760356702697
2405,13,0.012100325137236273
2405,14,0.012349833363615823
2405,15,0.01257482611947775
2405,16,0.012776848820308424
2405,17,0.012957394278782557
2405,18,0.01311786198345087
2405,19,0.013259532438207646
2405,20,0.013383554698658524
2405,21,0.013490944792515183
2405,22,0.013582592515200291
2405,23,0.013659274116155312
2405,24,0.013721668587999588
2405,25,0.013770028299281969
2405,26,0.013804676794397255
2405,27,0.013826140631815996
2405,28,0.013834926977497547
2405,29,0.013831535156141585
2405,30,0.013816465710968279
2405,31,0.013790226851432793
2405,32,0.013753338343551798
2405,33,0.013706333033028581
2405,34,0.013649756288449949
2405,35,0.013584163713760136
2405,36,0.01351011751040892
2405,37,0.013428181874975369
2405,38,0.013338917802735821
2405,39,0.013242877636441925
2405,40,0.013140599657021836
2405,41,0.0130326029631114
2405,42,0.012919382832902603
2405,43,0.012801406707933852
2405,44,0.012679110886830087
2405,45,0.012552897969821498
2405,46,0.012423135053800471
2405,47,0.01229015264386105
2405,48,0.012154308009477362
2405,49,0.01201610779427475
2405,50,0.011875731656831083
2405,51,0.011733330385737473
2405,52,0.01158902688804639
2405,53,0.01144291715064543
2405,54,0.011295071186726627
2405,55,0.011145533984075756
2405,56,0.010994326475339234
2405,57,0.010841446552670258
2405,58,0.010686870150218606
2405,59,0.010530552417885697
2405,60,0.010372429008751372
2405,61,0.010212417500766523
2405,62,0.010050418970892516
2405,63,0.009886319737055702
2405,64,0.009719993280257718
2405,65,0.009551302356094542
2405,66,0.009380101301901218
2405,67,0.009206238542817083
2405,68,0.009029559297268713
2405,69,0.008849908479654481
2405,70,0.008667133795303296
2405,71,0.008481089019952896
2405,72,0.008288618106897903
2405,73,0.008090227072623905
2405,74,0.007887453976193153
2405,75,0.007681728738695096
2405,76,0.007474321970371402
2405,77,0.00726630486400037
2405,78,0.007058522097789218
2405,79,0.006851578669637674
2405,80,0.006645840503636932
2405,81,0.006441447644487066
2405,82,0.006238337994969262
2405,83,0.006036278944307513
2405,84,0.00583490393848992
2405,85,0.005633751076272302
2405,86,0.005432301155078362
2405,87,0.005230013180547138
2405,88,0.005026356103972379
2405,89,0.004820836357235873
2405,90,0.004613021503939763
2405,91,0.00440256091513895
2405,92,0.004189204724806459
2405,93,0.003972822369297639
2405,94,0.0037534217474468196
2405,95,0.003531164672567082
2405,96,0.0033063890161269863
2405,97,0.0030796367716794354
2405,98,0.002851666284762233
2405,99,0.0026234681147799662
2405,100,0.0023962706018426385
2405,101,0.002171531241092846
2405,102,0.0019509105406052933
2405,103,0.0017362263052945889
2405,104,0.001529388213643198
2405,105,0.0013323149697370155
2405,106,0.0011468389207732535
2405,107,0.0009746054269129485
2405,108,0.0008169760098776837
2405,109,0.0006749449852182923
2405,110,0.0005490786342621385
2405,111,0.00043948394723902193
2405,112,0.0003458107809151336
2405,113,0.00026728737808869057
2405,114,0.00020278521429626433
2405,115,0.00015090573151504917
2405,116,0.0001100792511122242
2405,117,7.866556928295326e-05
2413,1,0.0003323708524069838
2413,2,0.000388522998098913
2413,3,0.0004511488062599448
2413,4,0.0005204163548392967
2413,5,0.0005964037010985049
2413,6,0.0006790920367041602
2413,7,0.0007683620115654384
2413,8,0.0008639934726521124
2413,9,0.0009656686836104608
2413,10,0.0010729789126066448
2413,11,0.0011854341124589972
2413,12,0.0013024752791200769
2413,13,0.0014234889689316256
2413,14,0.0015478233852469795
2413,15,0.0016748054111441085
2413,16,0.0018037579644630687
2413,17,0.0019340170797508497
2413,18,0.0020649481731711584
2413,19,0.002195961014887289
2413,20,0.002326523012867224
2413,21,0.002456170497099826
2413,22,0.002584517779316191
2413,23,0.0027112638469178143
2413,24,0.0028361966283269773
2413,25,0.002959194585475468
2413,26,0.0030802262731397705
2413,27,0.003199348091870397
2413,28,0.0033166998842994832
2413,29,0.0034324984851542093
2413,30,0.0035470293561112613
2413,31,0.0036606364926985687
2413,32,0.0037737108340543104
2413,33,0.0038866774532536055
2413,34,0.003999981854785277
2413,35,0.004114075754208611
2413,36,0.0042294027596360044
2413,37,0.004346384411233999
2413,38,0.004465407058647024
2413,39,0.004586810062260567
2413,40,0.004710875788096073
2413,41,0.004837821824448632
2413,42,0.004967795779331105
2413,43,0.0051008729216968345
2413,44,0.005237056809101598
2413,45,0.00537628290539749
2413,46,0.005518425042173292
2413,47,0.00566330442691677
2413,48,0.005810454613055927
2413,49,0.00595868912874639
2413,50,0.006108048579357862
2413,51,0.006258573740300089
2413,52,0.006410304803403639
2413,53,0.006563280672374351
2413,54,0.006717538325372504
2413,55,0.006873112264394056
2413,56,0.007030034072598655
2413,57,0.007188332101921463
2413,58,0.00734803131408819
2413,59,0.007509153298374834
2413,60,0.007671716488952942
2413,61,0.00783573660326772
2413,62,0.00800122732044048
2413,63,0.00816820121500929
2413,64,0.008336670956281678
2413,65,0.008506650777066136
2413,66,0.00867815820751542
2413,67,0.00885121606025871
2413,68,0.009025854642001063
2413,69,0.009202114154496191
2413,70,0.00938004723451888
2413,71,0.009559721568545641
2413,72,0.009741212245696115
2413,73,0.009924621610680529
2413,74,0.010110077002288453
2413,75,0.010297730185765106
2413,76,0.010487758422663387
2413,77,0.010680364782446257
2413,78,0.010875777569637247
2413,79,0.011074248758741793
2413,80,0.011276051354818847
2413,81,0.011481475630128642
2413,82,0.011690824225998344
2413,83,0.011904406152849463
2413,84,0.0121225297688006
2413,85,0.0123454948666725
2413,86,0.012573584048564321
2413,87,0.01280705361410596
2413,88,0.013046124230279729
2413,89,0.01329097168402669
2413,90,0.013541718039541996
2413,91,0.013798423524863393
2413,92,0.014061079450101117
2413,93,0.01432960240348867
2413,94,0.014603829870120783
2413,95,0.014883123296661494
2413,96,0.015166520481457802
2413,97,0.015453548601470222
2413,98,0.015743659801754767
2413,99,0.016036223346738702
2413,100,0.016330513084833062
2413,101,0.01662568762152668
2413,102,0.01692075987649112
2413,103,0.017214552046024043
2413,104,0.017505631573299818
2413,105,0.01779222379323756
2413,106,0.01807209779452015
2413,107,0.0183424241191334
2413,108,0.018599606602311913
2413,109,0.01883909626053525
2413,110,0.019055202743221984
2413,111,0.019240928118005738
2413,112,0.019387857643025405
2413,113,0.01948615083911819
2413,114,0.01952468089509101
2413,115,0.019491367902893842
2413,116,0.019373738368223096
2413,117,0.01915971776826774
2415,1,0.0019805024441279374
2415,2,0.002300068611642553
2415,3,0.0026455202988984274
2415,4,0.0030148442675216307
2415,5,0.0034055090549750225
2415,6,0.003814542322334909
2415,7,0.004238623370373619
2415,8,0.0046741855904656494
2415,9,0.005117523481876624
2415,10,0.005564899042771335
2415,11,0.006012642772067783
2415,12,0.006457245147496418
2415,13,0.006895435219957179
2415,14,0.007324243836969454
2415,15,0.007741049932348883
2415,16,0.00814360925021639
2415,17,0.00853006576552461
2415,18,0.008898946879676104
2415,19,0.009249144172421491
2415,20,0.009579882050901148
2415,21,0.009890677033095046
2415,22,0.010181290625807317
2415,23,0.010451678806831082
2415,24,0.010698373235981867
2415,25,0.010898574707968445
2415,26,0.011089678429013882
2415,27,0.01127257529183594
2415,28,0.011448035873865553
2415,29,0.011616689928163526
2415,30,0.011779012498669875
2415,31,0.011935316586124827
2415,32,0.012085752094591519
2415,33,0.012230310606536385
2415,34,0.01236883537345181
2415,35,0.012501035775873722
2415,36,0.012626505407627518
2415,37,0.012744742879005056
2415,38,0.012855174414729715
2415,39,0.012957177344350979
2415,40,0.013050103641114717
2415,41,0.01313330275319554
2415,42,0.013206143078801276
2415,43,0.013268031553160111
2415,44,0.013318430930174896
2415,45,0.013356874445965337
2415,46,0.01338297764048972
2415,47,0.013396447186274224
2415,48,0.013385346453273037
2415,49,0.01335991008881438
2415,50,0.013325651342998034
2415,51,0.013282922066059813
2415,52,0.013232079237478381
2415,53,0.013173484745378996
2415,54,0.013107505154131952
2415,55,0.013034511420083031
2415,56,0.01295487851698653
2415,57,0.01286898493540598
2415,58,0.01277721202411711
2415,59,0.012679943146372625
2415,60,0.01257756262971445
2415,61,0.012470454494751131
2415,62,0.012359000955818055
2415,63,0.012243580694525198
2415,64,0.012124566915647842
2415,65,0.012002325203368261
2415,66,0.011877211204239834
2415,67,0.011749568171106685
2415,68,0.011619724409254214
2415,69,0.011487990671981686
2415,70,0.011354657557299867
2415,71,0.011197467573676815
2415,72,0.010985301055658968
2415,73,0.010770481478359505
2415,74,0.01055352190169497
2415,75,0.010334891397211424
2415,76,0.010115013479619269
2415,77,0.009894265332382166
2415,78,0.009672977873126926
2415,79,0.009451436688301212
2415,80,0.009229883844941352
2415,81,0.009008520560030759
2415,82,0.008787510674609514
2415,83,0.008566984841071696
2415,84,0.008347045289303662
2415,85,0.008127770992722726
2415,86,0.007909223012032377
2415,87,0.007691449756594115
2415,88,0.007474491875307176
2415,89,0.007258386475640358
2415,90,0.007043170375688392
2415,91,0.0068288821239291505
2415,92,0.006615562577743869
2415,93,0.006403253916203072
2415,94,0.006191997074673333
2415,95,0.005801563093901647
2415,96,0.0054022198515456
2415,97,0.005015811697445472
2415,98,0.004643442142845591
2415,99,0.004285987410592419
2415,100,0.0039441047932475565
2415,101,0.0036182463785947687
2415,102,0.003308677793990761
2415,103,0.003015501245829305
2415,104,0.002738681737857558
2415,105,0.0024780749863952405
2415,106,0.0022334552645495035
2415,107,0.0020045412571658965
2415,108,0.0017910180438815944
2415,109,0.0015925535835187932
2415,110,0.0014088085562247135
2415,111,0.0012394391010121203
2415,112,0.0010840927963281575
2415,113,0.0009423990647124493
2415,114,0.0008139559121321177
2415,115,0.0006983154112149032
2415,116,0.0005949705059077229
2415,117,0.0005033455065091432
2428,1,2.8418055096813645e-05
2428,2,3.768122667709575e-05
2428,3,4.939388568837754e-05
2428,4,6.403435465654502e-05
2428,5,8.213364506357816e-05
2428,6,0.00010427334438484571
2428,7,0.00013108192058628322
2428,8,0.00016322941750295712
2428,9,0.00020142060342394707
2428,10,0.0002463867373827684
2428,11,0.0002988762247545481
2428,12,0.0003596445352462812
2428,13,0.0004294438409634433
2428,14,0.0005090128895347319
2428,15,0.0005990676491376054
2428,16,0.0007002932438477042
2428,17,0.0008133376380258225
2428,18,0.0009388074303225345
2428,19,0.001077265987670683
2428,20,0.0012292339964577236
2428,21,0.0013951923428604225
2428,22,0.0015755870688353218
2428,23,0.00177083599606879
2428,24,0.0019746697642887673
2428,25,0.0021279272405708887
2428,26,0.0022855150257946244
2428,27,0.0024472827787383553
2428,28,0.0026131234573051523
2428,29,0.002782972651839353
2428,30,0.002956805217472968
2428,31,0.0031346292746010944
2428,32,0.0033164777677051095
2428,33,0.0035023978987316308
2428,34,0.0036924388782064114
2428,35,0.0038866385593836488
2428,36,0.004085009629921413
2428,37,0.004287526121546093
2428,38,0.004494111048999537
2428,39,0.004704625992894039
2428,40,0.004918863385949747
2428,41,0.00513654214110115
2428,42,0.005357307071747293
2428,43,0.005580732305546966
2428,44,0.005806328599235076
2428,45,0.006033554147373281
2428,46,0.006261828174114206
2428,47,0.0064905463388085435
2428,48,0.006759516171075179
2428,49,0.007048687855895535
2428,50,0.007340948719229715
2428,51,0.007635895269055873
2428,52,0.007933096240822148
2428,53,0.008232090980679256
2428,54,0.008532388086215892
2428,55,0.008833464359215231
2428,56,0.00913476411892392
2428,57,0.009435698916610545
2428,58,0.009735647682715103
2428,59,0.010033957326647854
2428,60,0.010329943796371564
2428,61,0.010622893590489013
2428,62,0.0109120656999659
2428,63,0.011196693940267018
2428,64,0.01147598961808904
2428,65,0.011749144460642316
2428,66,0.01201533372024537
2428,67,0.012273719353590786
2428,68,0.0125234531642223
2428,69,0.012763679789393955
2428,70,0.012993539409491656
2428,71,0.013263279612680184
2428,72,0.013639191669622918
2428,73,0.014000845712422763
2428,74,0.014346649902896615
2428,75,0.01467534003824218
2428,76,0.014986026934303698
2428,77,0.015278211816080108
2428,78,0.015551765204232735
2428,79,0.015806868670434793
2428,80,0.016043922692029592
2428,81,0.016263427194466804
2428,82,0.016465843890589308
2428,83,0.01665145102488356
2428,84,0.016820201573311568
2428,85,0.016971595429185034
2428,86,0.017104574812978387
2428,87,0.017217450324586554
2428,88,0.017307862966757334
2428,89,0.017372785334708724
2428,90,0.017408563155524984
2428,91,0.01741099656339682
2428,92,0.01737545893287196
2428,93,0.01729704972771711
2428,94,0.01717077659698808
2428,95,0.017374942320863188
2428,96,0.017534256146571378
2428,97,0.01759567764513448
2428,98,0.017551343348766128
2428,99,0.01739501837815266
2428,100,0.01712250629366956
2428,101,0.016732011984807282
2428,102,0.01622443357020797
2428,103,0.015603562513095463
2428,104,0.014876176047122424
2428,105,0.014052011855784627
2428,106,0.013143620816142693
2428,107,0.012166098556472079
2428,108,0.011136699958107562
2428,109,0.010074342592866527
2428,110,0.008999006369962861
2428,111,0.007931039162340354
2428,112,0.006890384060474837
2428,113,0.005895754796493854
2428,114,0.004963801752948546
2428,115,0.004108329183548286
2428,116,0.003339639480776635
2428,117,0.002664085608859326
2441,1,6.946753610551512e-06
2441,2,9.238986933072807e-06
2441,3,1.2154233902505789e-05
2441,4,1.5814937963138174e-05
2441,5,2.0353919186992793e-05
2441,6,2.5911884939789656e-05
2441,7,3.2634244883497594e-05
2441,8,4.066736695988149e-05
2441,9,5.0154473069809896e-05
2441,10,6.123142027701624e-05
2441,11,7.402263896144172e-05
2441,12,8.863749949418976e-05
2441,13,0.000105167353081701
2441,14,0.0001236834432501651
2441,15,0.0001442358178304085
2441,16,0.00016685329515244877
2441,17,0.00019154446121541157
2441,18,0.0002182996051718007
2441,19,0.0002470934452874812
2441,20,0.0002778884609585754
2441,21,0.00031063862997235533
2441,22,0.00034529337288874255
2441,23,0.00038180152484925723
2441,24,0.0004201151844231483
2441,25,0.0004601925756577598
2441,26,0.0005020021036653104
2441,27,0.0005455258757545802
2441,28,0.0005907622092859869
2441,29,0.0006377281807534398
2441,30,0.0006864618212401473
2441,31,0.0007370239286451267
2441,32,0.0007894994502622609
2441,33,0.000843998368549454
2441,34,0.0009006560028418533
2441,35,0.0009596326256228247
2441,36,0.001021112289183109
2441,37,0.0010853007719241268
2441,38,0.001152422586704219
2441,39,0.0012227170478621954
2441,40,0.00129643346743202
2441,41,0.0013738256398504343
2441,42,0.0014551458700356663
2441,43,0.001540638890961116
2441,44,0.0016305360905953807
2441,45,0.001725050510639217
2441,46,0.0018243730786693258
2441,47,0.0019286704827128768
2441,48,0.002037869651844259
2441,49,0.002151196055824032
2441,50,0.002268773303781452
2441,51,0.0023907341302326574
2441,52,0.00251722110511485
2441,53,0.0026483873856666196
2441,54,0.002784397513805031
2441,55,0.002925428261965898
2441,56,0.0030716695296761085
2441,57,0.003223325292500295
2441,58,0.003380614604543131
2441,59,0.0035437726554955343
2441,60,0.0037130518833887716
2441,61,0.003888723144857749
2441,62,0.0040710769458868305
2441,63,0.004260424737760662
2441,64,0.0044571002852647435
2441,65,0.004661461117012454
2441,66,0.004873890070972551
2441,67,0.005094796951593106
2441,68,0.005324620318004512
2441,69,0.005563829425139331
2441,70,0.005812926340581078
2441,71,0.006072448258738744
2441,72,0.00634272389799386
2441,73,0.006624247101254035
2441,74,0.00691758878546577
2441,75,0.007223349529643926
2441,76,0.007542161860979423
2441,77,0.007874693002021106
2441,78,0.008221648117421354
2441,79,0.008583774086154747
2441,80,0.008961863813693072
2441,81,0.009356761089295814
2441,82,0.009769365986299945
2441,83,0.010200640796493741
2441,84,0.010651616479660753
2441,85,0.011123399589720124
2441,86,0.01161717959958369
2441,87,0.012134236473676353
2441,88,0.012675948211040948
2441,89,0.013243797879280239
2441,90,0.013839379352425022
2441,91,0.014464400524220352
2441,92,0.015120682163815827
2441,93,0.015810149791846074
2441,94,0.016534814974054513
2441,95,0.017296539915902083
2441,96,0.018096984193722254
2441,97,0.01893796248318615
2441,98,0.019821104761626854
2441,99,0.02074768620233427
2441,100,0.021718394607030782
2441,101,0.022733025446319607
2441,102,0.023790097154650785
2441,103,0.02488638386780489
2441,104,0.026016369619716758
2441,105,0.027171637329893573
2441,106,0.028340217754810326
2441,107,0.029505937829990888
2441,108,0.030647824234681566
2441,109,0.03173963614945476
2441,110,0.03274962032329267
2441,111,0.033640600284431325
2441,112,0.034370526932606824
2441,113,0.03489362453182566
2441,114,0.03516225577871281
2441,115,0.03512959069182634
2441,116,0.03475308440028817
2441,117,0.03399864060708765
2447,1,0.0005306335058804952
2447,2,0.0006750375830620766
2447,3,0.0008463603529887132
2447,4,0.0010464934480120135
2447,5,0.0012768448152990154
2447,6,0.0015382620637383198
2447,7,0.0018309809110382484
2447,8,0.0021545996509584643
2447,9,0.0025080781947090917
2447,10,0.002889758547228165
2447,11,0.0032974027156084007
2447,12,0.0037282439782895583
2447,13,0.0041790479806963566
2447,14,0.00464618099045608
2447,15,0.005125683556880737
2447,16,0.0056133485412927535
2447,17,0.006104802875159019
2447,18,0.006595592423392805
2447,19,0.007081269032731581
2447,20,0.007557478343968557
2447,21,0.008020046383466643
2447,22,0.008465062460259942
2447,23,0.008888955587439185
2447,24,0.009287273639475567
2447,25,0.009651874760910563
2447,26,0.009996870516641101
2447,27,0.010321521432994021
2447,28,0.010625463216220717
2447,29,0.010908701212616998
2447,30,0.011171595654383496
2447,31,0.011414837927306288
2447,32,0.011639418409295733
2447,33,0.011846586708655953
2447,34,0.012037805371610635
2447,35,0.012214698329123076
2447,36,0.012378995515650129
2447,37,0.012532475220520933
2447,38,0.012676905828721214
2447,39,0.012813988672348765
2447,40,0.012945303744162235
2447,41,0.013072260014576691
2447,42,0.013196052034765827
2447,43,0.013317624391681007
2447,44,0.013437645397033562
2447,45,0.013556491135791101
2447,46,0.013674240669704957
2447,47,0.013790682793609375
2447,48,0.01388593055336913
2447,49,0.013961280182563976
2447,50,0.014024440082916615
2447,51,0.014075892502391746
2447,52,0.014116115908820724
2447,53,0.014145578373316743
2447,54,0.014164731578179131
2447,55,0.014174005503330112
2447,56,0.014173803836531192
2447,57,0.014164500143677866
2447,58,0.014146434826355421
2447,59,0.014119912884522884
2447,60,0.014085202492635533
2447,61,0.014042534387677257
2447,62,0.013992102057408978
2447,63,0.013934062706604453
2447,64,0.013868538968097432
2447,65,0.013795621314066525
2447,66,0.013715371111106768
2447,67,0.01362782425028078
2447,68,0.013532995270554344
2447,69,0.013430881880928
2447,70,0.013321469773420393
2447,71,0.013175993783343127
2447,72,0.012953839356425433
2447,73,0.012721382027087521
2447,74,0.012479056762157466
2447,75,0.012227353660648
2447,76,0.011966830447577266
2447,77,0.011698122289332742
2447,78,0.011421947460768625
2447,79,0.011139107550241091
2447,80,0.01085048122629732
2447,81,0.010557011087858989
2447,82,0.010259683731079125
2447,83,0.009959503822623669
2447,84,0.009657463592840608
2447,85,0.009354509677818456
2447,86,0.009051509586659576
2447,87,0.00874922021383254
2447,88,0.008448260749055556
2447,89,0.008149092078121385
2447,90,0.007852004356419397
2447,91,0.007557113921807218
2447,92,0.007264370144516499
2447,93,0.006973572231331982
2447,94,0.006684395440470536
2447,95,0.00619935304618347
2447,96,0.005708773500421371
2447,97,0.005236280034839666
2447,98,0.004782717061131391
2447,99,0.004348853881216229
2447,100,0.0039354041392931655
2447,101,0.0035430332712135856
2447,102,0.0031723540477708503
2447,103,0.0028239115417005222
2447,104,0.0024981599375176085
2447,105,0.002195434425457626
2447,106,0.0019159218748068933
2447,107,0.0016596340060525175
2447,108,0.0014263863670434728
2447,109,0.0012157856184477932
2447,110,0.0010272265610042992
2447,111,0.0008598991519827319
2447,112,0.0007128046456791403
2447,113,0.0005847791290339103
2447,114,0.000474522239695234
2447,115,0.0003806288027464074
2447,116,0.00030162145806376706
2447,117,0.00023598293127170223
2448,1,1.7533329929000684e-05
2448,2,2.124511793370543e-05
2448,3,2.5626026928642454e-05
2448,4,3.0771790751169846e-05
2448,5,3.6788019230247156e-05
2448,6,4.379097835805042e-05
2448,7,5.190847128469558e-05
2448,8,6.128082094257044e-05
2448,9,7.206194590819793e-05
2448,10,8.442051132819464e-05
2448,11,9.8541127317649e-05
2448,12,0.00011462555912883292
2448,13,0.0001328939074177408
2448,14,0.00015358571372847465
2448,15,0.00017696094621435281
2448,16,0.00020330082364745266
2448,17,0.0002329084416481944
2448,18,0.0002661091732299421
2448,19,0.0003032508254291071
2448,20,0.00034470354409160654
2448,21,0.0003908594689111709
2448,22,0.0004421321497515491
2448,23,0.0004989557424958414
2448,24,0.0005594849919315215
2448,25,0.0006033592878682784
2448,26,0.000649434449043333
2448,27,0.0006977263520504514
2448,28,0.0007482434896575676
2448,29,0.0008009870452037019
2448,30,0.0008559510889201296
2448,31,0.0009131228777900466
2448,32,0.0009724832387794338
2448,33,0.001034007015163489
2448,34,0.0010976635569503487
2448,35,0.0011634172386764988
2448,36,0.0012312279906814317
2448,37,0.0013010518329410622
2448,38,0.0013728414032909669
2448,39,0.0014465464741396556
2448,40,0.001522114453410605
2448,41,0.0015994908664239663
2448,42,0.001678619815795604
2448,43,0.0017594444163221623
2448,44,0.001841907201404548
2448,45,0.001925950497013272
2448,46,0.002011516758674068
2448,47,0.002098548866570491
2448,48,0.002204487135680602
2448,49,0.0023211316252891158
2448,50,0.002441309782708923
2448,51,0.0025650266925511377
2448,52,0.0026922873573180604
2448,53,0.0028230968405148485
2448,54,0.0029574603404019283
2448,55,0.0030953831817388156
2448,56,0.0032368707144085685
2448,57,0.0033819281097067482
2448,58,0.003530560047233639
2448,59,0.003682770287621266
2448,60,0.003838561128613672
2448,61,0.003997932744147338
2448,62,0.004160882407898671
2448,63,0.004327403604143382
2448,64,0.004497485029602065
2448,65,0.0046711094901605195
2448,66,0.004848252695929915
2448,67,0.00502888195707763
2448,68,0.00521295478128839
2448,69,0.005400417371723805
2448,70,0.005591203022086343
2448,71,0.005818552831431426
2448,72,0.0061280157525849905
2448,73,0.006443452449391438
2448,74,0.006764508329238209
2448,75,0.007090815250742185
2448,76,0.007422007757723227
2448,77,0.007757741876856955
2448,78,0.008097715992758346
2448,79,0.008441693051726823
2448,80,0.008789523060602562
2448,81,0.009141164556435469
2448,82,0.009496703446825678
2448,83,0.009856367384375503
2448,84,0.010220533668342809
2448,85,0.010589728589034918
2448,86,0.010964616170153393
2448,87,0.011345974440819135
2448,88,0.011734657694883055
2448,89,0.012131543673916936
2448,90,0.012537465235432851
2448,91,0.012953126822398891
2448,92,0.013379006906998687
2448,93,0.013815248504882895
2448,94,0.014261540802499506
2448,95,0.015343191596563896
2448,96,0.01655562013759839
2448,97,0.0178300325079614
2448,98,0.019162581591576744
2448,99,0.020547214116745243
2448,100,0.021975314730990517
2448,101,0.023435383671299853
2448,102,0.0249127716590176
2448,103,0.0263894961599515
2448,104,0.027844162475153273
2448,105,0.029252011577318982
2448,106,0.030585114748716523
2448,107,0.03181273363071654
2448,108,0.032901863912342254
2448,109,0.0338179817855375
2448,110,0.034526013819166854
2448,111,0.034991551087523096
2448,112,0.03518232374825633
2448,113,0.03506993804781886
2448,114,0.034631848890294255
2448,115,0.03385349410696222
2448,116,0.03273045190933955
2448,117,0.03127040784693841
2449,1,0.11334920274971688
2449,2,0.09810371567105557
2449,3,0.0851835765587101
2449,4,0.0742077753018006
2449,5,0.06485770840927539
2449,6,0.056868153943422414
2449,7,0.05001898787130418
2449,8,0.04412782158051282
2449,9,0.03904361151084102
2449,10,0.03464121158728735
2449,11,0.03081679338654423
2449,12,0.027484036850496173
2449,13,0.0245709876980516
2449,14,0.02201748053377076
2449,15,0.019773034835834428
2449,16,0.017795141715351247
2449,17,0.01604787076902357
2449,18,0.014500737411442534
2449,19,0.013127781179182785
2449,20,0.01190681437917821
2449,21,0.010818808045119251
2449,22,0.00984738852345679
2449,23,0.008978423253055668
2449,24,0.008199678573596256
2449,25,0.007501331100098144
2449,26,0.006874471361199013
2449,27,0.006310794089558812
2449,28,0.005803034432589405
2449,29,0.005344828498217269
2449,30,0.004930594460284943
2449,31,0.004555430682421182
2449,32,0.004215028046755279
2449,33,0.003905594241187557
2449,34,0.003623788196923951
2449,35,0.003366663204232244
2449,36,0.003131617492465661
2449,37,0.002916351259651058
2449,38,0.0027188292926012317
2449,39,0.00253724844220922
2449,40,0.002370009318925596
2449,41,0.002215691656612071
2449,42,0.0020730328633763477
2449,43,0.0019409093386430517
2449,44,0.0018183201886570234
2449,45,0.0017043730192372478
2449,46,0.001598271525848808
2449,47,0.0014993046376012293
2449,48,0.001406843715320452
2449,49,0.0013203462707931822
2449,50,0.0012392994735588628
2449,51,0.0011632447724455302
2449,52,0.001091772033365151
2449,53,0.0010245143604514012
2449,54,0.0009611435078705912
2449,55,0.0009013658030179072
2449,56,0.0008449185132403051
2449,57,0.0007915665979803372
2449,58,0.0007410997965590342
2449,59,0.000693330008928619
2449,60,0.0006480889328170044
2449,61,0.0006052259259177751
2449,62,0.0005646060662894586
2449,63,0.000526108388031046
2449,64,0.0004896242726924366
2449,65,0.000455055979836192
2449,66,0.00042231530275375277
2449,67,0.0003913223376049042
2449,68,0.0003620043562329531
2449,69,0.0003342947746397232
2449,70,0.00030813221060669855
2449,71,0.0002834596252377559
2449,72,0.00026164038082030275
2449,73,0.00024258609547635473
2449,74,0.00022581833229803175
2449,75,0.00021090603243954404
2449,76,0.0001974711644863913
2449,77,0.00018519067976428816
2449,78,0.00017379556165517183
2449,79,0.00016306781689255062
2449,80,0.00015283619904668934
2449,81,0.00014297131796293036
2449,82,0.00013338061301778261
2449,83,0.00012400348714585395
2449,84,0.00011480673917066993
2449,85,0.00010578031114331373
2449,86,9.693329280024069e-05
2449,87,8.82900961806125e-05
2449,88,7.988672271697283e-05
2449,89,7.176708141745842e-05
2449,90,6.397936702608038e-05
2449,91,5.657255859183871e-05
2449,92,4.959314105683841e-05
2449,93,4.308217779223031e-05
2449,94,3.7072866627790316e-05
2449,95,3.158855643122298e-05
2449,96,2.6641742020928467e-05
2449,97,2.2233874568341574e-05
2449,98,1.8355335659368413e-05
2449,99,1.4986307327757723e-05
2449,100,1.2098155097902239e-05
2449,101,9.655187412672678e-06
2449,102,7.616634551179812e-06
2449,103,5.938686919525011e-06
2449,104,4.576445391653439e-06
2449,105,3.4856621413858003e-06
2449,106,2.6241847299053924e-06
2449,107,1.9530541096203676e-06
2449,108,1.4372439005746773e-06
2449,109,1.0460598777830069e-06
2449,110,7.532424541461069e-07
2449,111,5.368298783420713e-07
2449,112,3.7884606700962617e-07
2449,113,2.6487569502333023e-07
2449,114,1.8358227958301224e-07
2449,115,1.262146613380385e-07
2449,116,8.613554117588204e-08
2449,117,5.8394236396984406e-08
2450,1,0.0004818624026650384
2450,2,0.000560403338749678
2450,3,0.0006471513319364764
2450,4,0.0007421341636588617
2450,5,0.0008452497334580462
2450,6,0.000956263913159007
2450,7,0.0010748131881069707
2450,8,0.0012004119888658076
2450,9,0.0013324643661183036
2450,10,0.0014702794479029744
2450,11,0.0016130899543205556
2450,12,0.001760072936862365
2450,13,0.0019103718581744778
2450,14,0.0020631191292012924
2450,15,0.0022174582666487737
2450,16,0.0023725649150070013
2450,17,0.002527666083774716
2450,18,0.0026820570722539917
2450,19,0.002835115682681328
2450,20,0.0029863134504008433
2450,21,0.0031352237417639614
2450,22,0.003281526682502148
2450,23,0.0034250109788551072
2450,24,0.0035655727792363538
2450,25,0.003703211729245979
2450,26,0.003838025004743207
2450,27,0.003970199727237808
2450,28,0.004100003593582987
2450,29,0.0042277738733139305
2450,30,0.004353904952675004
2450,31,0.004478834659685486
2450,32,0.00460302961994179
2450,33,0.004726969916396197
2450,34,0.004851133359800617
2450,35,0.004975979720366133
2450,36,0.005101935324204533
2450,37,0.005229378476667
2450,38,0.005358626232316848
2450,39,0.005489923078488633
2450,40,0.005623432124039924
2450,41,0.005759229373224545
2450,42,0.005897301603096001
2450,43,0.006037548240847042
2450,44,0.006179787450268655
2450,45,0.0063237663881286306
2450,46,0.006469175296586053
2450,47,0.0066156647827746926
2450,48,0.006762820832939777
2450,49,0.006910176720120106
2450,50,0.007057755055586383
2450,51,0.007205575959288781
2450,52,0.007353656384479764
2450,53,0.007502009551966511
2450,54,0.007650644513316656
2450,55,0.0077995658624715886
2450,56,0.00794877361477066
2450,57,0.008098263271227077
2450,58,0.008248026083898534
2450,59,0.008398049535254411
2450,60,0.008548318040474063
2450,61,0.00869881387656832
2450,62,0.008849518336094504
2450,63,0.009000413096079853
2450,64,0.009151481784680992
2450,65,0.009302711719246945
2450,66,0.009454095780032087
2450,67,0.009605634374081717
2450,68,0.009757337434079149
2450,69,0.009909226387512154
2450,70,0.010061336022705527
2450,71,0.010213716170384638
2450,72,0.010366426657705985
2450,73,0.010519547838480681
2450,74,0.010673178696512194
2450,75,0.010827435519761707
2450,76,0.010982451137067398
2450,77,0.011138373394596902
2450,78,0.01129536279260813
2450,79,0.01145358921717206
2450,80,0.011613227720545419
2450,81,0.011774453328454487
2450,82,0.011937434883123103
2450,83,0.012102327967615348
2450,84,0.012269266999629038
2450,85,0.012438356630181452
2450,86,0.012609662632587868
2450,87,0.012783202516461364
2450,88,0.01295893614555832
2450,89,0.013136756671265511
2450,90,0.013316482108368728
2450,91,0.013497847868715572
2450,92,0.013680500523524968
2450,93,0.013863992978903138
2450,94,0.014047781115339327
2450,95,0.014230773545984829
2450,96,0.01441155310147067
2450,97,0.014589307960956734
2450,98,0.014763150170590326
2450,99,0.014932108808974307
2450,100,0.015095118349335334
2450,101,0.015251000033448474
2450,102,0.015398433798764558
2450,103,0.015535918280856945
2450,104,0.01566171682118807
2450,105,0.015773788448686623
2450,106,0.01586970468091567
2450,107,0.015946555872654377
2450,108,0.01600085477827434
2450,109,0.016028449832303428
2450,110,0.01602446591936007
2450,111,0.015983295228607336
2450,112,0.01589866387139903
2450,113,0.015763799655000042
2450,114,0.015571721059879777
2450,115,0.015315655780713394
2450,116,0.014989578911899237
2450,117,0.01458883740336187
2453,1,3.2723543844410896e-05
2453,2,4.073041074919503e-05
2453,3,5.0309411759048714e-05
2453,4,6.168018195413613e-05
2453,5,7.507759971584456e-05
2453,6,9.075128758521591e-05
2453,7,0.00010896523904006557
2453,8,0.00012999767283328358
2453,9,0.00015414120816398033
2453,10,0.00018170343605330955
2453,11,0.0002130079354273856
2453,12,0.000248395748049605
2453,13,0.00028822728688875586
2453,14,0.0003328846106680441
2453,15,0.00038277395647081546
2453,16,0.0004383283856826669
2453,17,0.0005000103692719622
2453,18,0.0005683141189732479
2453,19,0.0006437674631291119
2453,20,0.0007269330706827978
2453,21,0.0008184088440829394
2453,22,0.0009188273307384821
2453,23,0.001028854041401032
2453,24,0.001144759533839066
2453,25,0.0012276688874122092
2453,26,0.0013142497771435903
2453,27,0.0014045714912589104
2453,28,0.0014986881066238055
2453,29,0.0015966352924078296
2453,30,0.0016984276241704215
2453,31,0.0018040565154220924
2453,32,0.0019134888363775344
2453,33,0.0020266662495422917
2453,34,0.002143505251769469
2453,35,0.002263897875256167
2453,36,0.002387712968111585
2453,37,0.0025147979506134174
2453,38,0.0026449809273995707
2453,39,0.002778073029168859
2453,40,0.002913870859739871
2453,41,0.003052158934559277
2453,42,0.0031927120133763676
2453,43,0.003335297250819161
2453,44,0.0034796761118449375
2453,45,0.0036256060223631846
2453,46,0.0037728417468562495
2453,47,0.00392113650306922
2453,48,0.004099853890925456
2453,49,0.004294811613438527
2453,50,0.0044936076264962205
2453,51,0.004696023358184571
2453,52,0.004901829543568351
2453,53,0.00511078753284307
2453,54,0.005322650628359189
2453,55,0.005537165409534792
2453,56,0.00575407300076291
2453,57,0.0059731102346973815
2453,58,0.006194010662002584
2453,59,0.0064165053589713365
2453,60,0.006640323486485545
2453,61,0.006865192557678398
2453,62,0.007090838377336036
2453,63,0.007316984623447857
2453,64,0.007543352050187444
2453,65,0.007769657301713816
2453,66,0.007995611337191861
2453,67,0.008220917478956685
2453,68,0.008445269107381248
2453,69,0.008668347037334562
2453,70,0.008889816621749428
2453,71,0.009154698823627516
2453,72,0.009527805274427415
2453,73,0.009905256583378803
2453,74,0.010286377436196656
2453,75,0.010670417865639072
2453,76,0.011056547268358983
2453,77,0.01144384893533242
2453,78,0.011831315431963585
2453,79,0.012217845207359215
2453,80,0.012602240843493217
2453,81,0.012983209364710842
2453,82,0.013359365004700103
2453,83,0.013729234758619136
2453,84,0.014091266919255642
2453,85,0.014443842596539032
2453,86,0.014785289942744986
2453,87,0.015113900452716364
2453,88,0.015427946292457613
2453,89,0.015725697158671014
2453,90,0.01600543473170571
2453,91,0.01626546241840951
2453,92,0.016504107868706312
2453,93,0.01671971577983696
2453,94,0.016910628865584868
2453,95,0.01764290839258304
2453,96,0.018414237358654124
2453,97,0.019154266313511432
2453,98,0.01985480777630423
2453,99,0.020507116849720005
2453,100,0.02110185956039678
2453,101,0.021629103777427022
2453,102,0.02207835367183471
2453,103,0.02243865181760216
2453,104,0.022698773328357433
2453,105,0.022847532673998
2453,106,0.022874215155354753
2453,107,0.02276913121491519
2453,108,0.022524273576438623
2453,109,0.022134036549593374
2453,110,0.021595936765438816
2453,111,0.02091125900043272
2453,112,0.02008554363449869
2453,113,0.019128836942056943
2453,114,0.018055643341197605
2453,115,0.016884548879160636
2453,116,0.01563752373391554
2453,117,0.014338952110615668
2458,1,0.015436508486453419
2458,2,0.01573843306777237
2458,3,0.01601313430250247
2458,4,0.01625928459583533
2458,5,0.016475722975409692
2458,6,0.01666146522519652
2458,7,0.016815712325875302
2458,8,0.016937857074316574
2458,9,0.01702748877842782
2458,10,0.01708439594998356
2458,11,0.017108566946646957
2458,12,0.017100188544648866
2458,13,0.01705964245492903
2458,14,0.016987499827331252
2458,15,0.016884513819021816
2458,16,0.016751610333985378
2458,17,0.01658987706955594
2458,18,0.016400551032778165
2458,19,0.01618500471330893
2458,20,0.015944731119952572
2458,21,0.015681327904240268
2458,22,0.015396480806276239
2458,23,0.015091946665062538
2458,24,0.014784602497629674
2458,25,0.014603453946745124
2458,26,0.014419216027221059
2458,27,0.014232349661973329
2458,28,0.014043300800944975
2458,29,0.01385249955954322
2458,30,0.013660359497376031
2458,31,0.013467277032520738
2458,32,0.013273630985761179
2458,33,0.013079782248554767
2458,34,0.012886073567935046
2458,35,0.012692829441115631
2458,36,0.01250035611223337
2458,37,0.01230894166344513
2458,38,0.012118856192468806
2458,39,0.01193035206862491
2458,40,0.011743664259484431
2458,41,0.01155901072035141
2458,42,0.011376592838996665
2458,43,0.011196595928303979
2458,44,0.011019189759782179
2458,45,0.010844529131228532
2458,46,0.010672754462192376
2458,47,0.010503992411275148
2458,48,0.010297220583432841
2458,49,0.010076114938857104
2458,50,0.009858511426072167
2458,51,0.009644594388203543
2458,52,0.009434526810154484
2458,53,0.009228451311830567
2458,54,0.009026491168727214
2458,55,0.008828751350293103
2458,56,0.008635319567296995
2458,57,0.008446267320244519
2458,58,0.008261650941704545
2458,59,0.008081512626201968
2458,60,0.007905881442107562
2458,61,0.0077347743206981475
2458,62,0.00756819701826821
2458,63,0.007406145047840782
2458,64,0.007248604577649804
2458,65,0.00709555329414531
2458,66,0.006946961227805286
2458,67,0.006802791540524571
2458,68,0.006663001273790944
2458,69,0.0065275420572532975
2458,70,0.006396360777637558
2458,71,0.0062421013876294
2458,72,0.006030063961043973
2458,73,0.005824842195836103
2458,74,0.00562637376140568
2458,75,0.005434579923783546
2458,76,0.005249367422022916
2458,77,0.005070630245155519
2458,78,0.0048982513064821185
2458,79,0.00473210401339305
2458,80,0.00457205373217594
2458,81,0.004417959148369194
2458,82,0.0042696735241684325
2458,83,0.004127045855196599
2458,84,0.003989921929616902
2458,85,0.0038581452931111004
2458,86,0.0037315581236749074
2458,87,0.0036100020205077727
2458,88,0.003493318711507707
2458,89,0.0033813506840329245
2458,90,0.003273941743671515
2458,91,0.003170937505777898
2458,92,0.0030721858244989954
2458,93,0.00297753716393314
2458,94,0.0028868449159476562
2458,95,0.002668056158810643
2458,96,0.00245072415533504
2458,97,0.0022493381320552435
2458,98,0.0020630386486333936
2458,99,0.0018909630043665775
2458,100,0.0017322547077268224
2458,101,0.0015860714250034182
2458,102,0.0014515915186876659
2458,103,0.0013280192968670938
2458,104,0.0012145891004354695
2458,105,0.0011105683562254625
2458,106,0.0010152597220481117
2458,107,0.0009280024448368799
2458,108,0.0008481730463288103
2458,109,0.0007751854425731621
2458,110,0.000708490594552651
2458,111,0.0006475757777629424
2458,112,0.0005919635490682896
2458,113,0.00054121047980681
2458,114,0.0004949057151622161
2458,115,0.0004526694113961475
2458,116,0.00041415109474372537
2458,117,0.0003790279786708232
2460,1,0.006285884308410337
2460,2,0.0067134437124313235
2460,3,0.007137163756913081
2460,4,0.007556354887786466
2460,5,0.007970589897452347
2460,6,0.008379606088860672
2460,7,0.00878321018509846
2460,8,0.009181193625750303
2460,9,0.009573263523611075
2460,10,0.009958992182322919
2460,11,0.010337785957628505
2460,12,0.010708872539672776
2460,13,0.011071304505775504
2460,14,0.01142397623471071
2460,15,0.011765650928850015
2460,16,0.012094994477685127
2460,17,0.012410613125348224
2460,18,0.012711092290468507
2460,19,0.012995034355773318
2460,20,0.013261093739435728
2460,21,0.013508008038284652
2460,22,0.013734624466976353
2460,23,0.013939921191342457
2460,24,0.014107747216756259
2460,25,0.014121921396921592
2460,26,0.014125400380680754
2460,27,0.014118405460846367
2460,28,0.014101220097558239
2460,29,0.014074183458790307
2460,30,0.014037682921958594
2460,31,0.013992145952985485
2460,32,0.013938031718042782
2460,33,0.013875822722944455
2460,34,0.013806016717832485
2460,35,0.013729119051794345
2460,36,0.013645635614244813
2460,37,0.013556066457750683
2460,38,0.01346090016059831
2460,39,0.013360608956677553
2460,40,0.013255644634882694
2460,41,0.0131464351897942
2460,42,0.013033382189422857
2460,43,0.01291685881375645
2460,44,0.01279720850923745
2460,45,0.01267474419862493
2460,46,0.01254974798249617
2460,47,0.012422471267503364
2460,48,0.012301618172230813
2460,49,0.012180587241353971
2460,50,0.012055634248587199
2460,51,0.011926997989212727
2460,52,0.011794895454399193
2460,53,0.011659522699711738
2460,54,0.011521055855307733
2460,55,0.011379652248578006
2460,56,0.011235451611259717
2460,57,0.011088577344943546
2460,58,0.010939137821301338
2460,59,0.010787227696143162
2460,60,0.010632929219447626
2460,61,0.010476313526676936
2460,62,0.01031744189987924
2460,63,0.01015636699020094
2460,64,0.009993133996400623
2460,65,0.009827781796711864
2460,66,0.009660344033895304
2460,67,0.009490850155519176
2460,68,0.009319326413390498
2460,69,0.009145796827617278
2460,70,0.008970284122013531
2460,71,0.008787018468838689
2460,72,0.008584071284047687
2460,73,0.008374619136712674
2460,74,0.00816014518680672
2460,75,0.007942109707120669
2460,76,0.007721907836612212
2460,77,0.007500830311133754
2460,78,0.00728002905001901
2460,79,0.007060489189652616
2460,80,0.0068430087568617775
2460,81,0.006628186705365099
2460,82,0.006416419542333631
2460,83,0.0062079062933696316
2460,84,0.00600266113097032
2460,85,0.005800532652168145
2460,86,0.005601228552129704
2460,87,0.005404344306702719
2460,88,0.005209394442278286
2460,89,0.005015845021776057
2460,90,0.004823146091769301
2460,91,0.004630762996246288
2460,92,0.004438205646135069
2460,93,0.004245055021692472
2460,94,0.004050986361871328
2460,95,0.0037822374856599054
2460,96,0.003507321609914004
2460,97,0.0032359758330863892
2460,98,0.002969673696644924
2460,99,0.00270989316982752
2460,100,0.002458087224739832
2460,101,0.002215651737428465
2460,102,0.0019838923414900638
2460,103,0.0017639918453450627
2460,104,0.0015569797410170986
2460,105,0.0013637052022637385
2460,106,0.001184814810824014
2460,107,0.0010207360717070777
2460,108,0.0008716675827052321
2460,109,0.0007375765013928083
2460,110,0.0006182036906263396
2460,111,0.0005130766070162973
2460,112,0.00042152961986606627
2460,113,0.00034273101973984467
2460,114,0.0002757155249802167
2460,115,0.00021942066935283082
2460,116,0.00017272511551275028
2460,117,0.00013448674877347694
2464,1,0.00675693719212072
2464,2,0.007360630563651047
2464,3,0.007960855823277442
2464,4,0.008550978214975993
2464,5,0.009124787268113763
2464,6,0.00967666126448697
2464,7,0.010201684843259682
2464,8,0.010695717545010447
2464,9,0.011155415586994651
2464,10,0.011578212825593957
2464,11,0.01196226938438972
2464,12,0.012306397691372975
2464,13,0.012609975742879172
2464,14,0.012872856501230942
2464,15,0.013095280727976187
2464,16,0.01327779857195858
2464,17,0.013421203166509682
2464,18,0.013526477582380547
2464,19,0.013594754898697256
2464,20,0.013627289982655702
2464,21,0.013625440830757948
2464,22,0.013590656987580363
2464,23,0.013524472554283977
2464,24,0.01344641330221122
2464,25,0.013509065333793072
2464,26,0.013558282349104769
2464,27,0.013594501083045963
2464,28,0.013618165336564361
2464,29,0.013629734297822363
2464,30,0.013629688690260926
2464,31,0.013618534728681915
2464,32,0.013596805989531027
2464,33,0.013565063393826073
2464,34,0.013523893563349569
2464,35,0.01347390584637888
2464,36,0.013415728322367789
2464,37,0.01335000308976426
2464,38,0.013277381121631522
2464,39,0.013198516943814107
2464,40,0.013114063353642886
2464,41,0.01302466635682307
2464,42,0.012930960458990039
2464,43,0.012833564408774667
2464,44,0.012733077452908753
2464,45,0.012630076132220532
2464,46,0.012525111621102595
2464,47,0.012418707592483452
2464,48,0.01225848672285997
2464,49,0.012075040695684337
2464,50,0.011891550155445203
2464,51,0.011708529721763046
2464,52,0.011526450469989177
2464,53,0.011345740418658731
2464,54,0.011166785252956949
2464,55,0.010989929262179673
2464,56,0.01081547646897829
2464,57,0.010643691927739396
2464,58,0.01047480316886075
2464,59,0.010309001765063192
2464,60,0.010146444995344292
2464,61,0.009987257581849323
2464,62,0.009831533474906838
2464,63,0.009679337661824237
2464,64,0.009530707975809766
2464,65,0.009385656882596464
2464,66,0.00924417322397598
2464,67,0.009106223899466411
2464,68,0.00897175546967635
2464,69,0.008840695667511491
2464,70,0.008712954806116963
2464,71,0.008551113798188667
2464,72,0.008304973937323898
2464,73,0.008062086882256722
2464,74,0.007822492726013873
2464,75,0.007586253608465351
2464,76,0.007353462710442727
2464,77,0.007124250145776852
2464,78,0.006898785389534158
2464,79,0.0066772760800818155
2464,80,0.006459963251795267
2464,81,0.006247113270550404
2464,82,0.0060390069338633525
2464,83,0.005835926345954182
2464,84,0.005638140277639781
2464,85,0.005445888772432053
2464,86,0.005259367770194003
2464,87,0.005078714497754886
2464,88,0.0049039943313245685
2464,89,0.004735189775142826
2464,90,0.004572192127790295
2464,91,0.004414796322041719
2464,92,0.004262699324254841
2464,93,0.004115502363072371
2464,94,0.003972717124003572
2464,95,0.00365946050902435
2464,96,0.003348343770040628
2464,97,0.0030583274183488608
2464,98,0.002788049405473579
2464,99,0.0025362113952091428
2464,100,0.0023016014534866618
2464,101,0.0020831093768260414
2464,102,0.0018797347893597955
2464,103,0.0016905885020519905
2464,104,0.0015148879539594073
2464,105,0.0013519478178497613
2464,106,0.0012011670287649812
2464,107,0.001062013568552938
2464,108,0.0009340083057950655
2464,109,0.000816709054250003
2464,110,0.0007096957917280178
2464,111,0.0006125577048573855
2464,112,0.0005248824321959664
2464,113,0.00044624761116820934
2464,114,0.00037621463262892325
2464,115,0.00031432439807641585
2464,116,0.0002600948669282374
2464,117,0.00021302025901695924
2466,1,0.0001755659449098625
2466,2,0.00020724410487418508
2466,3,0.0002431559180058655
2466,4,0.0002836567305869409
2466,5,0.0003291212653077518
2466,6,0.0003799477002066115
2466,7,0.00043656195083428926
2466,8,0.0004994218207598134
2466,9,0.0005690206842608887
2466,10,0.0006458903928198891
2466,11,0.0007306031489415774
2466,12,0.0008237721597621526
2466,13,0.0009260509609161986
2466,14,0.0010381313803003635
2466,15,0.0011607401848836537
2466,16,0.0012946345163478094
2466,17,0.001440596269777006
2466,18,0.001599425602426657
2466,19,0.001771933777030193
2466,20,0.0019589355477043287
2466,21,0.0021612412887197434
2466,22,0.002379649050093979
2466,23,0.0026149367020727758
2466,24,0.002856318762080477
2466,25,0.0030036573181901295
2466,26,0.003153801532595943
2466,27,0.0033064896409601974
2466,28,0.0034614395883088246
2466,29,0.003618352452460591
2466,30,0.003776915999698807
2466,31,0.003936808252949055
2466,32,0.004097700965969926
2466,33,0.004259262912488739
2466,34,0.004421162916040378
2466,35,0.004583072563760516
2466,36,0.0047446685648420235
2466,37,0.00490563473111574
2466,38,0.005065663572645098
2466,39,0.005224457514789226
2466,40,0.005381729754471236
2466,41,0.005537204782118533
2466,42,0.005690618601829786
2466,43,0.005841718685859009
2466,44,0.005990263700753563
2466,45,0.006136023041837068
2466,46,0.006278776210677202
2466,47,0.006418312067241266
2466,48,0.006605623197913625
2466,49,0.006814089796454337
2466,50,0.0070219788777624165
2466,51,0.007228992639912135
2466,52,0.007434831329940445
2466,53,0.007639192504617534
2466,54,0.007841770145289187
2466,55,0.008042253653128432
2466,56,0.008240326755044219
2466,57,0.008435666353415854
2466,58,0.008627941354660697
2466,59,0.008816811512373736
2466,60,0.009001926320438036
2466,61,0.009182923990191426
2466,62,0.009359430543592631
2466,63,0.009531059051542905
2466,64,0.009697409043290693
2466,65,0.009858066109387727
2466,66,0.010012601717179052
2466,67,0.010160573254475348
2466,68,0.010301524314024075
2466,69,0.010434985228773766
2466,70,0.01056047386577971
2466,71,0.010737335709487043
2466,72,0.011046801157626063
2466,73,0.011349628215325015
2466,74,0.011644421072367569
2466,75,0.011929775902979549
2466,76,0.012204312140127033
2466,77,0.012466705923046334
2466,78,0.012715723413051865
2466,79,0.012950251322763569
2466,80,0.013169321875223869
2466,81,0.013372129529148638
2466,82,0.013558037173199962
2466,83,0.01372657007939388
2466,84,0.013877396670268674
2466,85,0.014010296044242107
2466,86,0.014125113164318843
2466,87,0.014221703593297526
2466,88,0.01429987060089507
2466,89,0.014359298320946186
2466,90,0.014399485344260022
2466,91,0.014419683637793838
2466,92,0.014418847928558022
2466,93,0.014395600633494812
2466,94,0.01434821702053411
2466,95,0.01486315914824452
2466,96,0.015415214754846194
2466,97,0.015930645856107064
2466,98,0.016400109470333497
2466,99,0.016813612928597302
2466,100,0.01716073902678501
2466,101,0.017430947318949248
2466,102,0.017613945543374865
2466,103,0.017700118329783014
2466,104,0.017680993767048857
2466,105,0.017549722858850498
2466,106,0.017301543033125175
2466,107,0.016934195184387556
2466,108,0.016448264414473744
2466,109,0.015847417566879272
2466,110,0.015138515399181507
2466,111,0.014331583213201023
2466,112,0.013439630389119758
2466,113,0.012478316197258848
2466,114,0.011465466503270441
2466,115,0.010420453908685325
2466,116,0.009363462994478657
2466,117,0.008314672926255262
2502,1,6.375279088265646e-08
2502,2,9.972460116021873e-08
2502,3,1.5375548751308246e-07
2502,4,2.3368952535285542e-07
2502,5,3.50179453376724e-07
2502,6,5.17434815387281e-07
2502,7,7.540735000672366e-07
2502,8,1.0840590531921659e-06
2502,9,1.5376944628320912e-06
2502,10,2.152630909242185e-06
2502,11,2.9748383397395226e-06
2502,12,4.059474944232614e-06
2502,13,5.471585962025626e-06
2502,14,7.286559908991749e-06
2502,15,9.590273161750048e-06
2502,16,1.2478862354802555e-05
2502,17,1.6058078236706225e-05
2502,18,2.0442193982022884e-05
2502,19,2.5752464480469542e-05
2502,20,3.211515944685497e-05
2502,21,3.965922067621164e-05
2502,22,4.8513620659959165e-05
2502,23,5.8804524385005336e-05
2502,24,7.036357468032746e-05
2502,25,8.047786600958403e-05
2502,26,9.133245567789846e-05
2502,27,0.00010288200277138088
2502,28,0.00011507090884173444
2502,29,0.00012783546975981804
2502,30,0.00014110657988708887
2502,31,0.00015481295539661116
2502,32,0.0001688848426280675
2502,33,0.0001832581856089766
2502,34,0.0001978792464629705
2502,35,0.0002127097055304291
2502,36,0.00022773231661711203
2502,37,0.00024295725824308956
2502,38,0.0002584294043214633
2502,39,0.0002742368357126095
2502,40,0.00029052102318401137
2502,41,0.0003074892243733191
2502,42,0.0003254297397404223
2502,43,0.00034473074733910874
2502,44,0.000365903460381143
2502,45,0.0003896102973061158
2502,46,0.0004166985911013343
2502,47,0.0004482400633797088
2502,48,0.000488482342587303
2502,49,0.0005331533707862926
2502,50,0.0005808550663858212
2502,51,0.0006317245422344024
2502,52,0.0006859034271747041
2502,53,0.0007435381249016687
2502,54,0.0008047800547828843
2502,55,0.000869785864528616
2502,56,0.0009387176036692619
2502,57,0.0010117428459033456
2502,58,0.0010890347475337988
2502,59,0.0011707720284297074
2502,60,0.0012571388612501676
2502,61,0.0013483246540602885
2502,62,0.0014445237109678539
2502,63,0.0015459347550188232
2502,64,0.0016527602973102607
2502,65,0.001765205836101491
2502,66,0.0018834788696097493
2502,67,0.002007787706136729
2502,68,0.002138340055150117
2502,69,0.0022753413828972315
2502,70,0.0024189930160148413
2502,71,0.002584335865901
2502,72,0.0027956339528402733
2502,73,0.0030211124554983004
2502,74,0.003261446211537681
2502,75,0.003517306302084028
2502,76,0.003789353251495458
2502,77,0.0040782291929478244
2502,78,0.00438454892746728
2502,79,0.004708889810257033
2502,80,0.005051780410698635
2502,81,0.0054136879148467725
2502,82,0.0057950042765122535
2502,83,0.0061960311816253045
2502,84,0.006616963978669222
2502,85,0.007057874855414828
2502,86,0.007518695720184102
2502,87,0.007999201486322011
2502,88,0.008498994772779331
2502,89,0.009017493430474043
2502,90,0.009553922786785933
2502,91,0.010107315063378499
2502,92,0.010676519046031325
2502,93,0.011260223730929188
2502,94,0.011857000277569193
2502,95,0.013009780866880339
2502,96,0.01431754363205695
2502,97,0.015728476348708387
2502,98,0.017246715615237426
2502,99,0.018875890098323005
2502,100,0.02061896814311959
2502,101,0.022478083731464673
2502,102,0.024454338593909483
2502,103,0.02654757774176084
2502,104,0.028756134904066217
2502,105,0.031076543351838296
2502,106,0.03350320650373598
2502,107,0.036028021864042324
2502,108,0.03863995185996249
2502,109,0.04132453699974445
2502,110,0.044063351831912935
2502,111,0.046833414101731946
2502,112,0.049606573904168644
2502,113,0.052348933537629636
2502,114,0.055020379674782204
2502,115,0.05757434430486536
2502,116,0.059957943061416365
2502,117,0.06211265865686555
2504,1,0.0009572517951782933
2504,2,0.0011454818918389738
2504,3,0.001353081348009473
2504,4,0.0015787379933309322
2504,5,0.0018206873362345685
2504,6,0.002076809623307217
2504,7,0.0023447446375208223
2504,8,0.0026220136179989422
2504,9,0.0029061380198627702
2504,10,0.0031947463025899063
2504,11,0.003485662181674069
2504,12,0.0037769703885113777
2504,13,0.00406705856722103
2504,14,0.004354636184709567
2504,15,0.0046387330434915705
2504,16,0.004918681084158361
2504,17,0.005194083665781455
2504,18,0.00546477651082621
2504,19,0.005730784129576659
2504,20,0.005992274940962954
2504,21,0.006249517612047885
2504,22,0.006502840449399727
2504,23,0.0067525950605127364
2504,24,0.006999124998051511
2504,25,0.007242720263336737
2504,26,0.007483619098076884
2504,27,0.007722000790660616
2504,28,0.00795796286278484
2504,29,0.008191513408124676
2504,30,0.008422567278315293
2504,31,0.008650945850778337
2504,32,0.008876380092860346
2504,33,0.009098516605138092
2504,34,0.009316926284544275
2504,35,0.009531115199478664
2504,36,0.009740537220523883
2504,37,0.00994460790861788
2504,38,0.010142719133875345
2504,39,0.010334253887694994
2504,40,0.010518600761477273
2504,41,0.010695167598260724
2504,42,0.010863393877854252
2504,43,0.011022761468758704
2504,44,0.011172803467049061
2504,45,0.011313110938175
2504,46,0.011443337476630629
2504,47,0.01156320159499846
2504,48,0.011673228014120428
2504,49,0.011776331766035875
2504,50,0.011872614057652314
2504,51,0.011962188473519582
2504,52,0.012045179805942679
2504,53,0.012121722703861741
2504,54,0.01219196012957664
2504,55,0.012256041616712125
2504,56,0.012314121327167473
2504,57,0.01236635590907931
2504,58,0.012412902161976927
2504,59,0.01245391451928533
2504,60,0.01248954236212131
2504,61,0.012519927181947967
2504,62,0.01254519961314524
2504,63,0.01256547635997562
2504,64,0.01258085704584411
2504,65,0.012591421016237529
2504,66,0.012597224130338949
2504,67,0.012598295580090804
2504,68,0.01259463477943964
2504,69,0.01258620837062611
2504,70,0.012572947398639917
2504,71,0.012554744709269842
2504,72,0.0125298545998286
2504,73,0.012497585102823974
2504,74,0.012457559829588254
2504,75,0.012409361861518847
2504,76,0.01235254480171527
2504,77,0.01228664625146746
2504,78,0.01221120345688387
2504,79,0.012125770633333087
2504,80,0.012029937215246927
2504,81,0.011923346018117674
2504,82,0.011805710067015182
2504,83,0.01167682667538398
2504,84,0.011536587284568122
2504,85,0.011384981630754434
2504,86,0.01122209501576737
2504,87,0.011048097831693466
2504,88,0.010863227019117653
2504,89,0.010667759797399926
2504,90,0.010461980746627261
2504,91,0.010246144083903935
2504,92,0.010020433693734974
2504,93,0.009784924077808151
2504,94,0.009539545828937318
2504,95,0.00928388166862615
2504,96,0.009017285736530597
2504,97,0.008739234024483797
2504,98,0.008449039750435688
2504,99,0.008145893547715737
2504,100,0.007828927496418081
2504,101,0.007497303950302166
2504,102,0.007150328136892212
2504,103,0.006787580849557371
2504,104,0.006409064248863049
2504,105,0.006015350075282684
2504,106,0.005607715923121288
2504,107,0.0051882523655190065
2504,108,0.004759922550268125
2504,109,0.004326557283714994
2504,110,0.003892773174197541
2504,111,0.0034638091351294306
2504,112,0.003045286704047146
2504,113,0.002642910703544838
2504,114,0.002262136717355855
2504,115,0.0019078385876774297
2504,116,0.0015840110698045783
2504,117,0.0012935392938570969
2506,1,0.003930308913930763
2506,2,0.004426630588360014
2506,3,0.004929353144357447
2506,4,0.005431512368069097
2506,5,0.00592669665857648
2506,6,0.006409325902081571
2506,7,0.006874845212741868
2506,8,0.007319826797100573
2506,9,0.0077419833318058025
2506,10,0.008140104442246474
2506,11,0.008513933354189315
2506,12,0.008864003352258685
2506,13,0.009191453595492347
2506,14,0.009497841715220447
2506,15,0.009784967201993023
2506,16,0.010054715607392715
2506,17,0.010308929646572087
2506,18,0.010549309809123863
2506,19,0.010777344302670834
2506,20,0.010994266139257492
2506,21,0.01120103388842789
2506,22,0.011398331953954165
2506,23,0.01158658604623332
2506,24,0.011765989681874343
2506,25,0.011936469946816476
2506,26,0.012097805642086732
2506,27,0.01224969211188456
2506,28,0.012391738464196929
2506,29,0.012523503794534669
2506,30,0.012644530730455595
2506,31,0.012754375317949677
2506,32,0.012852632575314273
2506,33,0.012938957316254784
2506,34,0.01301308008888108
2506,35,0.013074818288873588
2506,36,0.013124082681887113
2506,37,0.01316087971158361
2506,38,0.013185310075771358
2506,39,0.013197564125115586
2506,40,0.013197914678763103
2506,41,0.013186707861740993
2506,42,0.013164352553564398
2506,43,0.013131309000091724
2506,44,0.013088077085714819
2506,45,0.01303518469518566
2506,46,0.012973176518609702
2506,47,0.012902603574148
2506,48,0.012824303656608619
2506,49,0.012739971190132336
2506,50,0.012650027833420213
2506,51,0.012554881035903014
2506,52,0.012454920960758082
2506,53,0.012350517472737086
2506,54,0.012242017245180937
2506,55,0.012129741040796716
2506,56,0.012013981219206788
2506,57,0.011894999521055737
2506,58,0.011773025173749906
2506,59,0.01164825335794262
2506,60,0.011520844066951802
2506,61,0.01139092138372927
2506,62,0.01125857319213034
2506,63,0.011123851331399658
2506,64,0.010986772195308664
2506,65,0.010847317770532779
2506,66,0.010705437102864654
2506,67,0.01056104817488427
2506,68,0.010414040174834735
2506,69,0.010264276133697282
2506,70,0.010111595905763686
2506,71,0.0099558194672469
2506,72,0.009793775787615151
2506,73,0.00962461648410914
2506,74,0.009448259777339806
2506,75,0.009264673530431209
2506,76,0.009073892256847325
2506,77,0.008876032448851899
2506,78,0.008671305015004937
2506,79,0.008460023594672742
2506,80,0.008242607616393225
2506,81,0.008019579199323848
2506,82,0.007791553359982296
2506,83,0.007559221458054495
2506,84,0.00732332835571398
2506,85,0.007084644322865673
2506,86,0.00684393323953471
2506,87,0.0066019190737254
2506,88,0.006359252907441993
2506,89,0.006116482920602165
2506,90,0.005874029715423951
2506,91,0.005632169180899551
2506,92,0.005391024776319824
2506,93,0.005150570675467569
2506,94,0.004910646676520651
2506,95,0.004670958023804096
2506,96,0.004431136760734449
2506,97,0.004190841768959289
2506,98,0.00394976606332853
2506,99,0.003707701043730333
2506,100,0.0034646030988941816
2506,101,0.0032206571167364517
2506,102,0.0029763306898302495
2506,103,0.0027324125618915333
2506,104,0.0024900293256644615
2506,105,0.0022506356678498028
2506,106,0.0020159755580889498
2506,107,0.0017880145426826853
2506,108,0.0015688464269936746
2506,109,0.0013605807002366693
2506,110,0.0011652196211749718
2506,111,0.0009845355422676042
2506,112,0.0008199595336494299
2506,113,0.0006724915879783495
2506,114,0.0005426407379839533
2506,115,0.0004304005430394048
2506,116,0.00033526193065655367
2506,117,0.0002562616804915239
2523,1,1.0667072314953962e-05
2523,2,1.3902129547279784e-05
2523,3,1.7979792936294765e-05
2523,4,2.3074929166392295e-05
2523,5,2.9386108102064057e-05
2523,6,3.713570606422692e-05
2523,7,4.6569223782268426e-05
2523,8,5.795371215238249e-05
2523,9,7.157523026888358e-05
2523,10,8.773530082312754e-05
2523,11,0.00010674637610910981
2523,12,0.0001289263810153278
2523,13,0.0001545924544382324
2523,14,0.00018405406412652845
2523,15,0.00021760571861998283
2523,16,0.00025551954047847855
2523,17,0.00029803799468517675
2523,18,0.0003453670829044664
2523,19,0.0003976703169315801
2523,20,0.000455063772783011
2523,21,0.0005176125008613605
2523,22,0.0005853285286290565
2523,23,0.0006581706419718807
2523,24,0.000734154192081801
2523,25,0.0007963629903007634
2523,26,0.0008602774550521805
2523,27,0.0009256799131134596
2523,28,0.0009923655554295754
2523,29,0.0010601509621576452
2523,30,0.0011288828031511462
2523,31,0.0011984465498136984
2523,32,0.0012687750142212778
2523,33,0.0013398565052242266
2523,34,0.0014117423586859717
2523,35,0.0014845535610483187
2523,36,0.0015584861445258904
2523,37,0.001633814992783279
2523,38,0.001710895664361466
2523,39,0.0017901638258454894
2523,40,0.001872131897881723
2523,41,0.0019573825654992092
2523,42,0.0020465588999578283
2523,43,0.0021403509901548293
2523,44,0.0022394791902025208
2523,45,0.0023446743515781634
2523,46,0.0024566557093062304
2523,47,0.002576107407463691
2523,48,0.002713525238008158
2523,49,0.002859995565779551
2523,50,0.0030110837763691464
2523,51,0.0031668492283668352
2523,52,0.0033273569680246974
2523,53,0.0034926778956364327
2523,54,0.0036628888186691247
2523,55,0.003838072386431646
2523,56,0.004018316902683926
2523,57,0.0042037160144935155
2523,58,0.004394368277870666
2523,59,0.004590376603306283
2523,60,0.004791847587345212
2523,61,0.004998890739803739
2523,62,0.0052116176202387085
2523,63,0.005430140901855564
2523,64,0.005654573386262533
2523,65,0.005885026998396082
2523,66,0.006121611797607751
2523,67,0.006364435048346147
2523,68,0.006613600402089061
2523,69,0.006869207251124041
2523,70,0.007131350324303123
2523,71,0.007415879295224739
2523,72,0.007744979282754073
2523,73,0.008082476268507655
2523,74,0.008428357925392607
2523,75,0.008782609594186107
2523,76,0.009145218091887874
2523,77,0.009516176637628217
2523,78,0.009895491011052441
2523,79,0.010283187030735602
2523,80,0.010679319398103716
2523,81,0.011083981893395127
2523,82,0.011497318833154892
2523,83,0.011919537603882995
2523,84,0.012350921976129648
2523,85,0.012791845782576252
2523,86,0.013242786420479652
2523,87,0.01370433752431622
2523,88,0.01417722006208831
2523,89,0.014662291053571056
2523,90,0.015160549105627759
2523,91,0.015673136021123624
2523,92,0.016201333871660426
2523,93,0.016746557130904203
2523,94,0.017310339736099706
2523,95,0.01799894511469015
2523,96,0.018696790871086548
2523,97,0.01938915605134257
2523,98,0.020074099019660188
2523,99,0.020749670431316813
2523,100,0.021413918120405464
2523,101,0.02206489192508536
2523,102,0.022700647932383664
2523,103,0.023319251076212997
2523,104,0.023918774241898637
2523,105,0.0244972909903293
2523,106,0.025052857718538265
2523,107,0.02558347958316875
2523,108,0.02608705298599114
2523,109,0.026561276153227564
2523,110,0.027003518815612203
2523,111,0.02741064291571297
2523,112,0.027778769548366777
2523,113,0.028102994024450927
2523,114,0.02837706200267439
2523,115,0.028593035560130094
2523,116,0.0287409983363136
2523,117,0.02880887121935431
2529,1,0.000292607684303372
2529,2,0.00036139730695955983
2529,3,0.00044089119436965525
2529,4,0.0005315072049034896
2529,5,0.000633462780177648
2529,6,0.0007467674597463644
2529,7,0.0008712271550683024
2529,8,0.0010064592117801211
2529,9,0.0011519163657512832
2529,10,0.0013069170973251335
2529,11,0.0014706796485678692
2529,12,0.0016423570657092819
2529,13,0.0018210709901088954
2529,14,0.002005942446070263
2529,15,0.0021961184586400547
2529,16,0.0023907938897803796
2529,17,0.002589228343999529
2529,18,0.0027907583322013185
2529,19,0.0029948050908107605
2529,20,0.0032008785490918886
2529,21,0.00340857795045722
2529,22,0.0036175895969055394
2529,23,0.003827682130050589
2529,24,0.004038699710755485
2529,25,0.004250529662806182
2529,26,0.004463117633276907
2529,27,0.004676466912445309
2529,28,0.004890613121647861
2529,29,0.005105610891811578
2529,30,0.005321520017692576
2529,31,0.005538391510102507
2529,32,0.005756254030633894
2529,33,0.005975101243028725
2529,34,0.006194880644326529
2529,35,0.006415484439957019
2529,36,0.006636742993672077
2529,37,0.006858421310759495
2529,38,0.007080218898642737
2529,39,0.007301773193206701
2529,40,0.007522666546680839
2529,41,0.007742436553440611
2529,42,0.007960589258866559
2529,43,0.008176614573517921
2529,44,0.008390003023650025
2529,45,0.008600262833331332
2529,46,0.008806936273843734
2529,47,0.00900961424662587
2529,48,0.009208301441467039
2529,49,0.00940421303670048
2529,50,0.009597324647722859
2529,51,0.009787620069652586
2529,52,0.009975089907875432
2529,53,0.010159730267068996
2529,54,0.01034154151314387
2529,55,0.01052052711821722
2529,56,0.010696692593216732
2529,57,0.010870044506110373
2529,58,0.011040589576266482
2529,59,0.011208333827348522
2529,60,0.011373281772779065
2529,61,0.011535435599558259
2529,62,0.011694794308501398
2529,63,0.011851352762179392
2529,64,0.012005100586387905
2529,65,0.012156020867177169
2529,66,0.012304088583625987
2529,67,0.012449268716854827
2529,68,0.012591513978391228
2529,69,0.012730762106013547
2529,70,0.012866932682646305
2529,71,0.012999923443774885
2529,72,0.013126832092070778
2529,73,0.013246571320473556
2529,74,0.013358655221700209
2529,75,0.013462593230545316
2529,76,0.013557905751493599
2529,77,0.013644140019665896
2529,78,0.013720885305116741
2529,79,0.013787786485490275
2529,80,0.013844554934560698
2529,81,0.013890975611446794
2529,82,0.013926909205201992
2529,83,0.013952288218352172
2529,84,0.01396710599051067
2529,85,0.013971397896101191
2529,86,0.013965214315521007
2529,87,0.013948585478943417
2529,88,0.013921478900532368
2529,89,0.013883750823667095
2529,90,0.013835093833805696
2529,91,0.013774983501469338
2529,92,0.013702627523865175
2529,93,0.013616921271404408
2529,94,0.013516413855758507
2529,95,0.013399017112435754
2529,96,0.013262189227537182
2529,97,0.013103503314712644
2529,98,0.01292022600115026
2529,99,0.012709383934296603
2529,100,0.012467858074047277
2529,101,0.012192505034080852
2529,102,0.011880303641407288
2529,103,0.011528524079093506
2529,104,0.011134916402538265
2529,105,0.010697914626012581
2529,106,0.01021685153296238
2529,107,0.009692177339978925
2529,108,0.009125671878990702
2529,109,0.008520634905906438
2529,110,0.007882032923664939
2529,111,0.007216574724003166
2529,112,0.006532683700153749
2529,113,0.005840335393656558
2529,114,0.005150736192433865
2529,115,0.004475835148457659
2529,116,0.003827685180540048
2529,117,0.003217699454061037
253,1,0.0070666697219556535
253,2,0.0076516565543746865
253,3,0.0082147823915654
253,4,0.00875092780744296
253,5,0.009256456751101134
253,6,0.009729174621845665
253,7,0.010168193719113908
253,8,0.010573733671418565
253,9,0.010946885596632622
253,10,0.011289366255222222
253,11,0.011603283556502164
253,12,0.01189092873536121
253,13,0.012154604414213335
253,14,0.012396492370863543
253,15,0.012618560577856958
253,16,0.012822506098461776
253,17,0.013009728640287115
253,18,0.013181328775194942
253,19,0.013338124779517057
253,20,0.013480682482957732
253,21,0.0136093532270358
253,22,0.013724315864528588
253,23,0.013825619570885132
253,24,0.013913225020688843
253,25,0.013986773515975756
253,26,0.014045983428233216
253,27,0.014090770419160214
253,28,0.014121097816290626
253,29,0.014136996381102466
253,30,0.014138578001260612
253,31,0.014126043610465993
253,32,0.014099685868254871
253,33,0.014059887295721166
253,34,0.01400711466379108
253,35,0.01394191047321603
253,36,0.013864882357000062
253,37,0.013776691185448928
253,38,0.013678038571447119
253,39,0.013569654369358796
253,40,0.013452284645193437
253,41,0.013326680477484792
253,42,0.013193587835331153
253,43,0.013053738678071828
253,44,0.012907843334053681
253,45,0.012756584145950317
253,46,0.01260061031758091
253,47,0.012440533861264381
253,48,0.01227699377783546
253,49,0.012110785192089121
253,50,0.01194234838564344
253,51,0.01177208451193787
253,52,0.011600354658442766
253,53,0.011427479247865064
253,54,0.011253737785388594
253,55,0.011079368954308734
253,56,0.010904571057708909
253,57,0.010729502799286358
253,58,0.010554284392242135
253,59,0.010378998981444735
253,60,0.010203694360954205
253,61,0.010028384966509795
253,62,0.009853054120750087
253,63,0.009677656507727847
253,64,0.009502120852646099
253,65,0.009326352782600288
253,66,0.009150237844370255
253,67,0.008973644655864924
253,68,0.008796428168582204
253,69,0.008618433019309249
253,70,0.008439496950168228
253,71,0.008259454276930266
253,72,0.008073630041236686
253,73,0.007881210344756903
253,74,0.007682576130445236
253,75,0.0074781586787497165
253,76,0.007268447858431464
253,77,0.0070539965497660295
253,78,0.0068354213307056
253,79,0.00661339947733141
253,80,0.006388662303754365
253,81,0.0061619848845903885
253,82,0.005934172286241287
253,83,0.005706042587970572
253,84,0.0054784071909713935
253,85,0.005252049170139184
253,86,0.005027700686202389
253,87,0.0048060207082603465
253,88,0.00458757446355037
253,89,0.004372816104420113
253,90,0.004162076044576504
253,91,0.003955554262065824
253,92,0.003753320600247044
253,93,0.0035553227335159143
253,94,0.0033614020198359648
253,95,0.0031713069946483438
253,96,0.002984745455723949
253,97,0.0028014540131938406
253,98,0.0026212147969450514
253,99,0.002443889284258917
253,100,0.0022694485952804693
253,101,0.0020979975015884503
253,102,0.0019297895628936097
253,103,0.0017652312972552839
253,104,0.0016048741013906579
253,105,0.0014493937144603062
253,106,0.0012995582482473581
253,107,0.0011561870294353946
253,108,0.0010201035345444372
253,109,0.0008920863768762196
253,110,0.000772822509495271
253,111,0.0006628665002411381
253,112,0.0005626089675035071
253,113,0.00047225617510615847
253,114,0.0003918215594771276
253,115,0.0003211287992277355
253,116,0.00025982509717404
253,117,0.00020740271997723644
2535,1,1.907505607483228e-06
2535,2,2.5786577235994177e-06
2535,3,3.452522807256095e-06
2535,4,4.577528794434453e-06
2535,5,6.0093627716465455e-06
2535,6,7.810800365749382e-06
2535,7,1.0051157284817693e-05
2535,8,1.2805326997863759e-05
2535,9,1.6152396980127275e-05
2535,10,2.017386990663819e-05
2535,11,2.495155249402497e-05
2535,12,3.056520949865423e-05
2535,13,3.709010958933853e-05
2535,14,4.459460968986909e-05
2535,15,5.313793210086214e-05
2535,16,6.276828277509816e-05
2535,17,7.352143964082361e-05
2535,18,8.541990856138526e-05
2535,19,9.847270451125473e-05
2535,20,0.00011267577097190211
2535,21,0.0001280130060289911
2535,22,0.00014445782373152772
2535,23,0.0001619751478930166
2535,24,0.0001805237155762624
2535,25,0.00020005787850713343
2535,26,0.0002205308950045085
2535,27,0.00024189791589652887
2535,28,0.00026411824578105657
2535,29,0.0002871578925880189
2535,30,0.00031099202273835515
2535,31,0.0003356073475530329
2535,32,0.00036100449794854286
2535,33,0.00038720046949957776
2535,34,0.0004142312355794793
2535,35,0.00044215462988528976
2535,36,0.0004710535891719293
2535,37,0.0005010398210627496
2535,38,0.0005322579196671948
2535,39,0.0005648898934539826
2535,40,0.0005991599962717582
2535,41,0.0006353396655172516
2535,42,0.0006737522746598124
2535,43,0.0007147773062548952
2535,44,0.0007588534549111924
2535,45,0.000806480090151518
2535,46,0.0008582164641814762
2535,47,0.0009146780612775217
2535,48,0.0009759719138127504
2535,49,0.001040326233793337
2535,50,0.0011078799979767383
2535,51,0.0011787824303002969
2535,52,0.0012531936523770128
2535,53,0.001331285350390811
2535,54,0.0014132414671668345
2535,55,0.0014992589300781957
2535,56,0.001589548427367233
2535,57,0.0016843352473568003
2535,58,0.0017838601968417466
2535,59,0.001888380616605877
2535,60,0.0019981715134183052
2535,61,0.0021135268289326926
2535,62,0.0022347608665527936
2535,63,0.0023622098974597173
2535,64,0.002496233966567933
2535,65,0.0026372189181780676
2535,66,0.0027855786595757446
2535,67,0.002941757678918594
2535,68,0.0031062338316897127
2535,69,0.0032795214081231374
2535,70,0.003462174492799074
2535,71,0.0036547906276647125
2535,72,0.0038578455690193676
2535,73,0.00407196869828748
2535,74,0.004297876037001783
2535,75,0.004536337811104753
2535,76,0.004788183377729843
2535,77,0.005054306734218891
2535,78,0.005335672780237307
2535,79,0.005633324560472362
2535,80,0.005948391782989049
2535,81,0.006282100986677184
2535,82,0.006635787819490475
2535,83,0.0070109119856337975
2535,84,0.007409075521681747
2535,85,0.007832045164579098
2535,86,0.008281779672570239
2535,87,0.008760463045124796
2535,88,0.009270544649089949
2535,89,0.009814787281977388
2535,90,0.010396324172939555
2535,91,0.011018725818335635
2535,92,0.011686077350206723
2535,93,0.012403066818750627
2535,94,0.01317508430770324
2535,95,0.014008096578417763
2535,96,0.014908199535209454
2535,97,0.01588206418307744
2535,98,0.01693717100859238
2535,99,0.018081905739544702
2535,100,0.019325647977811933
2535,101,0.02067883930602878
2535,102,0.02215301081381019
2535,103,0.02376074145546328
2535,104,0.025515508250786027
2535,105,0.02743137745997584
2535,106,0.029522473496056634
2535,107,0.03180215137299332
2535,108,0.03428179202574587
2535,109,0.03696914246293147
2535,110,0.03986614058373404
2535,111,0.04296620505674954
2535,112,0.046251041690213233
2535,113,0.04968712531849025
2535,114,0.053222161477523074
2535,115,0.056782006386355596
2535,116,0.06026870304534827
2535,117,0.06356043176550621
2545,1,0.0033549364533557715
2545,2,0.0036657050528295966
2545,3,0.0039893384262070595
2545,4,0.004325172554501634
2545,5,0.00467243213163132
2545,6,0.005030219649917125
2545,7,0.005397508904264193
2545,8,0.0057731436391300385
2545,9,0.006155841524001104
2545,10,0.0065442031851703185
2545,11,0.006936725673793671
2545,12,0.007331819520903097
2545,13,0.007727828412001456
2545,14,0.00812305049008473
2545,15,0.00851576034495155
2545,16,0.008904230846442434
2545,17,0.009286754109784882
2545,18,0.009661661025868027
2545,19,0.010027338935215832
2545,20,0.010382247162526153
2545,21,0.010724930252927341
2545,22,0.011054028858170866
2545,23,0.01136828830936586
2545,24,0.011652130836976842
2545,25,0.011792406541267763
2545,26,0.011921668759530255
2545,27,0.012040163006700579
2545,28,0.012148178939953637
2545,29,0.012246041990091676
2545,30,0.01233410513927408
2545,31,0.012412741075746872
2545,32,0.012482334899492712
2545,33,0.012543277496906174
2545,34,0.012595959652753147
2545,35,0.012640766926591862
2545,36,0.012678075289302938
2545,37,0.012708247492732694
2545,38,0.012731630130216087
2545,39,0.012748551336163769
2545,40,0.012759319067344385
2545,41,0.012764219905664858
2545,42,0.012763518321239077
2545,43,0.012757456334777276
2545,44,0.01274625351953107
2545,45,0.01273010728506141
2545,46,0.01270919338790516
2545,47,0.012683666617761493
2545,48,0.012666599247100705
2545,49,0.01264866001047261
2545,50,0.012624073536521646
2545,51,0.012592964686838053
2545,52,0.01255544837903177
2545,53,0.012511630045083998
2545,54,0.012461606092253927
2545,55,0.012405464351730403
2545,56,0.012343284504631931
2545,57,0.012275138479157434
2545,58,0.012201090816574433
2545,59,0.012121199007230325
2545,60,0.012035513800846926
2545,61,0.011944079497993686
2545,62,0.011846934231837058
2545,63,0.011744110251054698
2545,64,0.011635634216215489
2545,65,0.011521527522997047
2545,66,0.011401806666380618
2545,67,0.011276483660464225
2545,68,0.011145566528799184
2545,69,0.011009059880204456
2545,70,0.010866965584859986
2545,71,0.010715069784572208
2545,72,0.010542034386211699
2545,73,0.010357914247690848
2545,74,0.010165537748881187
2545,75,0.009967507138226944
2545,76,0.009766097320815155
2545,77,0.0095631871860269
2545,78,0.009360222559356922
2545,79,0.009158207409715274
2545,80,0.00895771851585776
2545,81,0.008758938256123021
2545,82,0.008561700301942934
2545,83,0.008365543523395821
2545,84,0.008169770149797586
2545,85,0.007973505024723751
2545,86,0.007775753564058762
2545,87,0.007575456721037265
2545,88,0.007371541863221869
2545,89,0.007162968965637463
2545,90,0.006948771919914835
2545,91,0.0067280950512076014
2545,92,0.006500225123901808
2545,93,0.006264619206490926
2545,94,0.006020928760676434
2545,95,0.005671275729294788
2545,96,0.0053042188204495645
2545,97,0.004933309730910127
2545,98,0.0045613820014542015
2545,99,0.004191361655852875
2545,100,0.003826207933015162
2545,101,0.00346884948384477
2545,102,0.0031221178455179896
2545,103,0.002788680204671077
2545,104,0.0024709736821913833
2545,105,0.002171143596642503
2545,106,0.00189098835217133
2545,107,0.0016319136942142393
2545,108,0.001394899016315096
2545,109,0.0011804781192561104
2545,110,0.000988736271919723
2545,111,0.0008193245880615147
2545,112,0.0006714916482917729
2545,113,0.0005441310497476147
2545,114,0.0004358422937071409
2545,115,0.00034500129100371223
2545,116,0.0002698359454114114
2545,117,0.0002085019022604469
2546,1,0.0010522827259902277
2546,2,0.00120250344935007
2546,3,0.0013662909607933885
2546,4,0.0015438018982502984
2546,5,0.0017351050410350066
2546,6,0.0019401861277363692
2546,7,0.0021589518340256993
2546,8,0.002391232031804732
2546,9,0.0026367797676303474
2546,10,0.002895268766588106
2546,11,0.0031662886369728947
2546,12,0.0034493382761899903
2546,13,0.0037438182254221656
2546,14,0.004049022870214401
2546,15,0.004364133431040784
2546,16,0.00468821263953197
2546,17,0.005020201869068816
2546,18,0.005358921305124849
2546,19,0.005703073525156536
2546,20,0.006051250632888116
2546,21,0.00640194487702924
2546,22,0.006753562494684804
2546,23,0.0071044403648173925
2546,24,0.007444787711495942
2546,25,0.007709092056206595
2546,26,0.007969809209318604
2546,27,0.008226342439906605
2546,28,0.008478129265819702
2546,29,0.008724647608767167
2546,30,0.00896542094151225
2546,31,0.009200022387390414
2546,32,0.009428077770485373
2546,33,0.009649267644458998
2546,34,0.009863328350125504
2546,35,0.010070052167577854
2546,36,0.01026928663930161
2546,37,0.010460933147471378
2546,38,0.01064494483256357
2546,39,0.010821323942357727
2546,40,0.01099011870090947
2546,41,0.011151419786508937
2546,42,0.011305356506150907
2546,43,0.011452092751662386
2546,44,0.011591822819308838
2546,45,0.01172476717035274
2546,46,0.011851168204604468
2546,47,0.011971286112473516
2546,48,0.012091169800493937
2546,49,0.012205701997149815
2546,50,0.012312288267114673
2546,51,0.01241119411574858
2546,52,0.012502698981527
2546,53,0.012587092443251749
2546,54,0.012664670591477174
2546,55,0.012735732596396822
2546,56,0.012800577497329607
2546,57,0.012859501231573745
2546,58,0.012912793913010251
2546,59,0.012960737363675567
2546,60,0.013003602894807707
2546,61,0.013041649327794292
2546,62,0.01307512124017094
2546,63,0.013104247417451021
2546,64,0.013129239488182799
2546,65,0.01315029071725884
2546,66,0.013167574931132624
2546,67,0.013181245548184712
2546,68,0.013191434687952364
2546,69,0.01319825233419892
2546,70,0.013201785528749194
2546,71,0.013188693780011916
2546,72,0.013128582090748403
2546,73,0.013049273118340247
2546,74,0.012951724892828911
2546,75,0.012837042919593785
2546,76,0.012706488498876652
2546,77,0.012561478459697547
2546,78,0.012403575075772586
2546,79,0.012234465527410608
2546,80,0.012055930989836615
2546,81,0.011869806209343307
2546,82,0.01167793120330914
2546,83,0.011482097410514388
2546,84,0.011283991149401526
2546,85,0.01108513755268686
2546,86,0.010886848198800947
2546,87,0.010690175445196008
2546,88,0.010495876008297527
2546,89,0.010304385681289116
2546,90,0.010115806307193286
2546,91,0.009929905315421424
2546,92,0.009746127369375034
2546,93,0.009563617033653072
2546,94,0.009381250904748083
2546,95,0.008980619280052783
2546,96,0.008551991026923802
2546,97,0.008120333404634653
2546,98,0.007686607636102838
2546,99,0.007251797037318186
2546,100,0.006816957532018013
2546,101,0.006383257116620608
2546,102,0.005952002161049487
2546,103,0.005524649619108728
2546,104,0.005102805345081702
2546,105,0.004688209654683873
2546,106,0.004282711938428879
2546,107,0.0038882364831931654
2546,108,0.003506741681852178
2546,109,0.0031401745643128663
2546,110,0.002790422171529496
2546,111,0.002459260863352764
2546,112,0.00214830436509464
2546,113,0.0018589513635632207
2546,114,0.0015923338498398068
2546,115,0.0013492681632635652
2546,116,0.0011302116833409772
2546,117,0.0009352290835778098
2569,1,0.0031744501873871246
2569,2,0.003589285276961675
2569,3,0.004024171462300124
2569,4,0.0044750876602217115
2569,5,0.004937644601050056
2569,6,0.005407236149722573
2569,7,0.005879194036686597
2569,8,0.006348936156324711
2569,9,0.006812099659601296
2569,10,0.007264651863728414
2569,11,0.007702974290142854
2569,12,0.008123917647730036
2569,13,0.008524828025024286
2569,14,0.008903546702258463
2569,15,0.009258387662778249
2569,16,0.009588097971055207
2569,17,0.009891806667120508
2569,18,0.010168967749598745
2569,19,0.010419302278936227
2569,20,0.010642743758059695
2569,21,0.0108393898799769
2569,22,0.011009462604459527
2569,23,0.011153277452567
2569,24,0.011278128750737264
2569,25,0.011447939039575904
2569,26,0.0116076405560874
2569,27,0.011757492973348027
2569,28,0.011897689283250443
2569,29,0.012028368061374153
2569,30,0.012149627404756076
2569,31,0.012261539540857024
2569,32,0.012364165229009905
2569,33,0.01245756721849459
2569,34,0.012541822181547925
2569,35,0.012617030697714963
2569,36,0.012683325021583779
2569,37,0.01274087451348049
2569,38,0.012789888747107903
2569,39,0.012830618424972419
2569,40,0.01286335432805944
2569,41,0.012888424597831745
2569,42,0.012906190694679385
2569,43,0.012917042397317422
2569,44,0.012921392203729187
2569,45,0.012919669469022572
2569,46,0.012912314573235833
2569,47,0.012899773357841307
2569,48,0.012845905620263914
2569,49,0.012770945359324397
2569,50,0.012690860648562506
2569,51,0.01260617560336275
2569,52,0.012517401988284264
2569,53,0.012425037214635776
2569,54,0.012329562377837238
2569,55,0.012231440345894294
2569,56,0.012131113913873523
2569,57,0.012029004041868602
2569,58,0.011925508195454857
2569,59,0.011820998807978567
2569,60,0.011715821883225468
2569,61,0.011610295755145692
2569,62,0.01150471001852986
2569,63,0.01139932464103784
2569,64,0.011294369263020312
2569,65,0.011190042687401142
2569,66,0.011086512557761344
2569,67,0.010983915218915017
2569,68,0.010882355750890495
2569,69,0.010781908164473539
2569,70,0.010682615744429047
2569,71,0.010550030152546968
2569,72,0.010337780006540422
2569,73,0.010126286263734682
2569,74,0.00991563828181677
2569,75,0.009705889024589954
2569,76,0.009497062500104434
2569,77,0.009289161828367287
2569,78,0.009082177694928726
2569,79,0.008876096879883826
2569,80,0.008670910496155133
2569,81,0.00846662153064508
2569,82,0.008263251259917037
2569,83,0.008060844110488734
2569,84,0.007859470554313155
2569,85,0.007659227674594673
2569,86,0.007460237108284247
2569,87,0.0072626401721803836
2569,88,0.007066590111656658
2569,89,0.006872241574905061
2569,90,0.006679737608337137
2569,91,0.006489194683385536
2569,92,0.006300686489777155
2569,93,0.006114227449491149
2569,94,0.005929757099823197
2569,95,0.005531004496134873
2569,96,0.0051265734642448255
2569,97,0.004741354295273639
2569,98,0.004375149982148838
2569,99,0.004027597188269036
2569,100,0.003698210416101119
2569,101,0.0033864268502361472
2569,102,0.003091649418478516
2569,103,0.002813285572184539
2569,104,0.002550779460341061
2569,105,0.002303635571441541
2569,106,0.0020714325286683996
2569,107,0.001853826505070019
2569,108,0.0016505446069841657
2569,109,0.0014613694641473806
2569,110,0.0012861170591031545
2569,111,0.0011246104231419675
2569,112,0.000976652135543702
2569,113,0.0008419985368319836
2569,114,0.0007203382028876619
2569,115,0.0006112765768365441
2569,116,0.0005143278202712427
2569,117,0.0004289140577146423
257,1,0.0029417521814295686
257,2,0.003410894535898828
257,3,0.003903206773195545
257,4,0.0044118232934665285
257,5,0.004929603127502884
257,6,0.005449496390347343
257,7,0.005964876121342623
257,8,0.006469811879631715
257,9,0.006959270045496625
257,10,0.0074292347997332794
257,11,0.00787675198253944
257,12,0.00829990457924264
257,13,0.008697732966493631
257,14,0.00907011520355691
257,15,0.00941762281464862
257,16,0.009741366132960744
257,17,0.010042840906027615
257,18,0.010323785021740101
257,19,0.01058605134406101
257,20,0.01083150006207516
257,21,0.011061911838292283
257,22,0.01127892145868419
257,23,0.011483970616631742
257,24,0.011678277829607077
257,25,0.01186281475277634
257,26,0.012038311218939191
257,27,0.012205263164978098
257,28,0.012363940341944494
257,29,0.012514405149251576
257,30,0.012656536772928937
257,31,0.01279005926100932
257,32,0.012914572235746847
257,33,0.013029583002331362
257,34,0.013134538879525403
257,35,0.013228858660325138
257,36,0.013311962217779805
257,37,0.013383297405068297
257,38,0.013442363557403737
257,39,0.013488731079693067
257,40,0.01352205678873866
257,41,0.013542094861757462
257,42,0.013548703414481241
257,43,0.013541846884583342
257,44,0.013521594525076926
257,45,0.013488115416099643
257,46,0.01344167048306516
257,47,0.013382602066895191
257,48,0.013312140461155844
257,49,0.013234037039141014
257,50,0.013148615299924558
257,51,0.013056196263825297
257,52,0.012957097579145734
257,53,0.012851632406498326
257,54,0.012740108093741136
257,55,0.012622824662359176
257,56,0.012500073133074227
257,57,0.012372133724430062
257,58,0.0122392739630276
257,59,0.012101746747976998
257,60,0.011959788415039974
257,61,0.011813616847941778
257,62,0.011663429685538221
257,63,0.011509402674031376
257,64,0.011351688213320757
257,65,0.011190414145909497
257,66,0.011025682835575175
257,67,0.010857570581242856
257,68,0.010686127409114161
257,69,0.010511377283037084
257,70,0.010333318769267652
257,71,0.010151926187098585
257,72,0.009966713464142095
257,73,0.009777456932893381
257,74,0.009584011260559073
257,75,0.009386223156473895
257,76,0.009183941398161378
257,77,0.008977028048683569
257,78,0.008765370365755485
257,79,0.008548892753250749
257,80,0.008327567994312557
257,81,0.008101426951754226
257,82,0.007870565940221752
257,83,0.00763515107288262
257,84,0.00739541906201215
257,85,0.007151674198229091
257,86,0.006904281530326419
257,87,0.006653656593809893
257,88,0.006400252364508704
257,89,0.0061445444150465805
257,90,0.005887015497813552
257,91,0.005628140942170387
257,92,0.005368376314795034
257,93,0.0051081487364730924
257,94,0.00484785307119427
257,95,0.004587756408789876
257,96,0.004328089392778338
257,97,0.004069247084183752
257,98,0.0038116293196760794
257,99,0.0035556664326942453
257,100,0.0033018488935098534
257,101,0.003050758318546908
257,102,0.002803096595028758
257,103,0.002559709316563059
257,104,0.0023215994478093366
257,105,0.002089927271414298
257,106,0.0018659933540152167
257,107,0.001651202591928883
257,108,0.0014470093568298547
257,109,0.0012548462104379884
257,110,0.0010760412852679599
257,111,0.0009117317885245373
257,112,0.0007627826722242791
257,113,0.0006297198810220041
257,114,0.0005126864907503542
257,115,0.00041142752929928514
257,116,0.00032530569098026353
257,117,0.0002533461358324228
2571,1,0.012836616481953918
2571,2,0.013763589189891182
2571,3,0.0146016626401
2571,4,0.01534190916943424
2571,5,0.015980006099048115
2571,6,0.016515842799940676
2571,7,0.016952880791794373
2571,8,0.017297368828411836
2571,9,0.01755750991009105
2571,10,0.017742661080302587
2571,11,0.017862624820458802
2571,12,0.017927067539033982
2571,13,0.017945079586387525
2571,14,0.017924874514113415
2571,15,0.017873613715102217
2571,16,0.017797335905092516
2571,17,0.017700968307170488
2571,18,0.017588396792502015
2571,19,0.017462574536506237
2571,20,0.017325652056450456
2571,21,0.01717911511947969
2571,22,0.017023920494354687
2571,23,0.01686062260489183
2571,24,0.016689486712645456
2571,25,0.016510541375716392
2571,26,0.016323717456184005
2571,27,0.01612893410672369
2571,28,0.01592612518472229
2571,29,0.01571527837914504
2571,30,0.015496461798576217
2571,31,0.015269839537950735
2571,32,0.015035677904056235
2571,33,0.014794344039443783
2571,34,0.01454629865718327
2571,35,0.014292084501377708
2571,36,0.014032311997261966
2571,37,0.013767643366757263
2571,38,0.013498776276496507
2571,39,0.01322642787005823
2571,40,0.01295131982677425
2571,41,0.012674164895724992
2571,42,0.012395655182311852
2571,43,0.012116452320243939
2571,44,0.011837179545547988
2571,45,0.011558415600878585
2571,46,0.011280690335953497
2571,47,0.011004481830271431
2571,48,0.010730378502528073
2571,49,0.010459391029752305
2571,50,0.010191739311893714
2571,51,0.009927605537128195
2571,52,0.00966713533554943
2571,53,0.009410439101078628
2571,54,0.00915759349895354
2571,55,0.008908643169655863
2571,56,0.008663602633648022
2571,57,0.008422458395042673
2571,58,0.008185171236509041
2571,59,0.00795167869247552
2571,60,0.007721897683120309
2571,61,0.007495727287813048
2571,62,0.007273051633601556
2571,63,0.007053742872016631
2571,64,0.0068376642158519164
2571,65,0.006624673006599949
2571,66,0.00641462378280721
2571,67,0.006207371319657605
2571,68,0.006002773610508659
2571,69,0.005800694761791236
2571,70,0.0056010077735525405
2571,71,0.005403597178893614
2571,72,0.005207547851602319
2571,73,0.0050126336699117405
2571,74,0.0048188695120218745
2571,75,0.004626311864747364
2571,76,0.004435062698467268
2571,77,0.004245271652421281
2571,78,0.004057136128951966
2571,79,0.0038708989775695694
2571,80,0.00368684358124122
2571,81,0.0035052863341195235
2571,82,0.003326566710965925
2571,83,0.003151035355908441
2571,84,0.002979040838722345
2571,85,0.0028109159147516587
2571,86,0.0026469642549849693
2571,87,0.0024874486652763724
2571,88,0.0023325817755279403
2571,89,0.002182520047693812
2571,90,0.0020373617326033015
2571,91,0.0018971491155732832
2571,92,0.0017618750519269972
2571,93,0.0016314934320715018
2571,94,0.001505932859379862
2571,95,0.0013851034811996263
2571,96,0.00126892593910413
2571,97,0.0011573678111932821
2571,98,0.0010504381567204629
2571,99,0.000948195112725772
2571,100,0.0008507482972194514
2571,101,0.0007582553635524319
2571,102,0.0006709125731438873
2571,103,0.000588939860777144
2571,104,0.0005125614916485614
2571,105,0.0004419839687117663
2571,106,0.0003773732550031477
2571,107,0.0003188335538966264
2571,108,0.00026638979610253764
2571,109,0.00021997561406512494
2571,110,0.0001794279875318101
2571,111,0.0001444890040175039
2571,112,0.00011481440407415845
2571,113,8.998788498395902e-05
2571,114,6.95396092954203e-05
2571,115,5.2967062919001236e-05
2571,116,3.975634671553384e-05
2571,117,2.9402144011501587e-05
2582,1,2.112568865319033e-06
2582,2,2.92938958839112e-06
2582,3,4.010293150128967e-06
2582,4,5.4207991597196145e-06
2582,5,7.236339715455876e-06
2582,6,9.54212876461769e-06
2582,7,1.2432650263575894e-05
2582,8,1.601075956207146e-05
2582,9,2.0386419577972014e-05
2582,10,2.567512008344107e-05
2582,11,3.199605255117627e-05
2582,12,3.947013260381859e-05
2582,13,4.821797569377422e-05
2582,14,5.8357938215837544e-05
2582,15,7.000433533744167e-05
2582,16,8.326593849109371e-05
2582,17,9.824484036210106e-05
2582,18,0.00011503575454038422
2582,19,0.0001337257924849341
2582,20,0.00015439473407597595
2582,21,0.00017711578187211603
2582,22,0.0002019567651218826
2582,23,0.00022898173905466524
2582,24,0.00025825290888819566
2582,25,0.00028982240516249553
2582,26,0.0003237442872675089
2582,27,0.00036008201796172907
2582,28,0.00039890511080004423
2582,29,0.0004402912658988136
2582,30,0.0004843282855654053
2582,31,0.000531115667835518
2582,32,0.0005807657837266675
2582,33,0.0006334045578998109
2582,34,0.0006891715929323214
2582,35,0.0007482197044988778
2582,36,0.0008107138676918257
2582,37,0.0008768296119944447
2582,38,0.0009467509418372558
2582,39,0.001020667898425192
2582,40,0.0010987739134682875
2582,41,0.0011812631333554485
2582,42,0.001268327910208799
2582,43,0.001360156661756665
2582,44,0.0014569322935599923
2582,45,0.001558831354427584
2582,46,0.0016660240597194747
2582,47,0.0017786752697911835
2582,48,0.0018968786281613338
2582,49,0.002020518721687899
2582,50,0.002149809443510391
2582,51,0.002284982470453311
2582,52,0.0024262885261686767
2582,53,0.002573998653769681
2582,54,0.002728405503935531
2582,55,0.002889824646256348
2582,56,0.0030585959131975253
2582,57,0.0032350847873647655
2582,58,0.0034196838436020838
2582,59,0.003612814257707112
2582,60,0.003814927393045062
2582,61,0.004026506474923436
2582,62,0.004248068360080802
2582,63,0.0044801654048560536
2582,64,0.004723387430320214
2582,65,0.004978363775613064
2582,66,0.00524576542161371
2582,67,0.0055263071555000185
2582,68,0.005820749732241079
2582,69,0.006129901971054201
2582,70,0.006454622702682404
2582,71,0.00679582245627416
2582,72,0.007147254177318597
2582,73,0.007507523289452583
2582,74,0.007877017972339
2582,75,0.00825624374385494
2582,76,0.008645849856097747
2582,77,0.009046655500236613
2582,78,0.009459674352375052
2582,79,0.00988613583017711
2582,80,0.010327501329790439
2582,81,0.010785473683240248
2582,82,0.011261998119952127
2582,83,0.011759253126070244
2582,84,0.012279629755802664
2582,85,0.012825698133709828
2582,86,0.013400160058828298
2582,87,0.014005786735023533
2582,88,0.014645340655618344
2582,89,0.015321480512899036
2582,90,0.016036647641957714
2582,91,0.016792931921100495
2582,92,0.017591914250066513
2582,93,0.018434481776585677
2582,94,0.019320611075479308
2582,95,0.0202487001047223
2582,96,0.021215410938986063
2582,97,0.022216232129351206
2582,98,0.023244531021736917
2582,99,0.024291101821880164
2582,100,0.025343652611576527
2582,101,0.026386246477250016
2582,102,0.0273987313348631
2582,103,0.028356219537068742
2582,104,0.02922871114013563
2582,105,0.029980991018400526
2582,106,0.030572964302034975
2582,107,0.03096061788375803
2582,108,0.03109779527859601
2582,109,0.03093893220248444
2582,110,0.030442804575094386
2582,111,0.029577177462886812
2582,112,0.028324013570750928
2582,113,0.02668462687523114
2582,114,0.024683906105778045
2582,115,0.02237257176385258
2582,116,0.019826474258975203
2582,117,0.017142275658781934
2598,1,6.642534810687747e-05
2598,2,8.011456545624845e-05
2598,3,9.630597470181834e-05
2598,4,0.00011538528077689079
2598,5,0.00013778286495258916
2598,6,0.0001639761442025867
2598,7,0.000194491517081909
2598,8,0.00022990577888390854
2598,9,0.00027084688230029835
2598,10,0.00031799391596585343
2598,11,0.00037207617271093273
2598,12,0.0004338711826249975
2598,13,0.000504201593640697
2598,14,0.0005839307946705539
2598,15,0.0006739571936263153
2598,16,0.0007752070850236135
2598,17,0.0008886260692335324
2598,18,0.0010151690174922405
2598,19,0.0011557886130034618
2598,20,0.0013114225381253943
2598,21,0.0014829794197653197
2598,22,0.0016713236885540507
2598,23,0.0018772595508114727
2598,24,0.0020910138006994348
2598,25,0.0022212081502881106
2598,26,0.0023559156652535784
2598,27,0.002495045045416737
2598,28,0.0026384890210752764
2598,29,0.002786124696470749
2598,30,0.002937813996822455
2598,31,0.0030934042142581114
2598,32,0.00325272864696646
2598,33,0.003415607324984171
2598,34,0.003581847815220166
2598,35,0.00375124609762327
2598,36,0.003923587503820697
2598,37,0.004098647709099973
2598,38,0.004276193768277152
2598,39,0.0044559851857902295
2598,40,0.004637775010275988
2598,41,0.004821310943927434
2598,42,0.0050063364570819184
2598,43,0.005192591898749307
2598,44,0.005379815594147378
2598,45,0.0055677449207576805
2598,46,0.005756117354939316
2598,47,0.005944671481729243
2598,48,0.006180226081612945
2598,49,0.006437909152571478
2598,50,0.0066975429262099906
2598,51,0.006958702818508047
2598,52,0.0072209630204193125
2598,53,0.007483898710315732
2598,54,0.007747088203985464
2598,55,0.008010115024829135
2598,56,0.00827256987844236
2598,57,0.008534052517446348
2598,58,0.008794173484198453
2598,59,0.009052555720849705
2598,60,0.00930883603808486
2598,61,0.009562666435753394
2598,62,0.009813715270447753
2598,63,0.010061668266885282
2598,64,0.01030622937167728
2598,65,0.01054712144970404
2598,66,0.010784086824842389
2598,67,0.011016887668196198
2598,68,0.01124530623825261
2598,69,0.011469144978517615
2598,70,0.011688226479170304
2598,71,0.011947213372365394
2598,72,0.012304368343916685
2598,73,0.012653720862816256
2598,74,0.012994494179760223
2598,75,0.01332596632548288
2598,76,0.013647473431383447
2598,77,0.013958412430751615
2598,78,0.014258243139401565
2598,79,0.014546489722846983
2598,80,0.014822741564838048
2598,81,0.015086653559040524
2598,82,0.015337945851791513
2598,83,0.015576403069165657
2598,84,0.015801873066001525
2598,85,0.0160142652380599
2598,86,0.01621354844112552
2598,87,0.01639974856264949
2598,88,0.016572945792500716
2598,89,0.016733271639607628
2598,90,0.016880905740789594
2598,91,0.017016072506970813
2598,92,0.01713903765031672
2598,93,0.017250104633710732
2598,94,0.017349611081479043
2598,95,0.01751830865670754
2598,96,0.01761859301974923
2598,97,0.017637991308838325
2598,98,0.017577599978952863
2598,99,0.017439638691492024
2598,100,0.01722736658840138
2598,101,0.01694497621138458
2598,102,0.016597469541081895
2598,103,0.016190521001781928
2598,104,0.015730332415492532
2598,105,0.0152234848069872
2598,106,0.014676791681731086
2598,107,0.014097157952897935
2598,108,0.01349144811929025
2598,109,0.012866366633043406
2598,110,0.012228352684866791
2598,111,0.011583490913365148
2598,112,0.010937438847629658
2598,113,0.010295371247144917
2598,114,0.009661940932042902
2598,115,0.009041255215000156
2598,116,0.008436866662164066
2598,117,0.007851776626874644
2617,1,0.0011602338872521124
2617,2,0.0013415684967568403
2617,3,0.0015399803648169957
2617,4,0.0017550959149631072
2617,5,0.0019862436762724004
2617,6,0.002232469884356096
2617,7,0.0024925655631642197
2617,8,0.0027651030765160458
2617,9,0.0030484794740903926
2617,10,0.00334096356387614
2617,11,0.003640743554595666
2617,12,0.003945972321961898
2617,13,0.0042548078208888606
2617,14,0.004565446823303163
2617,15,0.004876150922836566
2617,16,0.005185264524212461
2617,17,0.0054912252450094005
2617,18,0.005792567735990499
2617,19,0.006087922331226276
2617,20,0.006376010153267043
2617,21,0.006655636327162497
2617,22,0.006925682824621441
2617,23,0.007185102203626022
2617,24,0.00743338007456423
2617,25,0.007678431069330206
2617,26,0.00791982072106176
2617,27,0.008157334690457603
2617,28,0.00839074064312687
2617,29,0.008619792739426943
2617,30,0.008844237570087574
2617,31,0.009063820962761461
2617,32,0.009278295127097038
2617,33,0.009487425675416545
2617,34,0.009690998142944635
2617,35,0.009888823726544637
2617,36,0.010080744055906551
2617,37,0.010266634899410768
2617,38,0.010446408783529976
2617,39,0.010620016566523956
2617,40,0.010787448052962438
2617,41,0.010948731765447537
2617,42,0.011103934005190002
2617,43,0.011253157336080271
2617,44,0.011396538620345798
2617,45,0.011534246720716118
2617,46,0.0116664799670155
2617,47,0.011793463466707203
2617,48,0.011894485054110851
2617,49,0.011979676484218072
2617,50,0.01205795962196376
2617,51,0.01212968559642956
2617,52,0.012195223311979014
2617,53,0.012254956577298609
2617,54,0.012309281164327081
2617,55,0.012358601809292914
2617,56,0.012403329171181322
2617,57,0.012443876765850036
2617,58,0.012480657896514738
2617,59,0.012514082603254203
2617,60,0.012544554655393125
2617,61,0.012572468610995471
2617,62,0.012598206967171972
2617,63,0.012622137423449564
2617,64,0.012644610278091982
2617,65,0.012665955974074628
2617,66,0.012686482807519328
2617,67,0.012706474806944321
2617,68,0.012726189786868342
2617,69,0.012745857574335903
2617,70,0.01276567840202174
2617,71,0.012754101303735959
2617,72,0.012665493508749787
2617,73,0.012572504282095873
2617,74,0.012475320803434364
2617,75,0.012374084347817815
2617,76,0.012268896622705151
2617,77,0.012159827463236308
2617,78,0.012046923854651516
2617,79,0.011930220151999153
2617,80,0.011809749242953796
2617,81,0.011685554253816089
2617,82,0.011557700239743209
2617,83,0.011426285140408358
2617,84,0.011291449138091488
2617,85,0.011153381446288954
2617,86,0.0110123235044573
2617,87,0.010868567578909864
2617,88,0.010722449888159203
2617,89,0.010574337593847582
2617,90,0.01042460932769831
2617,91,0.010273629351882986
2617,92,0.010121715954783402
2617,93,0.009969105235752363
2617,94,0.009815911992168372
2617,95,0.009350876892411486
2617,96,0.008859448580182996
2617,97,0.008377844150686655
2617,98,0.007906924450143666
2617,99,0.007447222660796356
2617,100,0.006998991728849554
2617,101,0.0065622651677799205
2617,102,0.006136928233842314
2617,103,0.0057227952776026
2617,104,0.0053196880882497195
2617,105,0.004927509415347079
2617,106,0.004546305712420625
2617,107,0.004176313600531009
2617,108,0.0038179856411800334
2617,109,0.0034719926994756234
2617,110,0.003139202338726043
2617,111,0.0028206350898946956
2617,112,0.0025174027806078624
2617,113,0.0022306350491007603
2617,114,0.0019614013906329845
2617,115,0.0017106363584433557
2617,116,0.0014790747897114793
2617,117,0.0012672022592874724
2619,1,8.06906717403869e-06
2619,2,1.0337245485846922e-05
2619,3,1.3140621066493689e-05
2619,4,1.657677204318204e-05
2619,5,2.0754538789566732e-05
2619,6,2.5794206305690014e-05
2619,7,3.182756568155324e-05
2619,8,3.899787337764547e-05
2619,9,4.745973681647455e-05
2619,10,5.737896369599705e-05
2619,11,6.893241980900254e-05
2619,12,8.23079452886778e-05
2619,13,9.770438145754262e-05
2619,14,0.00011533175929501377
2619,15,0.00013541169557530232
2619,16,0.00015817803378825152
2619,17,0.00018387775411908897
2619,18,0.0002127721603874457
2619,19,0.0002451383325799057
2619,20,0.00028127081237951064
2619,21,0.0003214834670666289
2619,22,0.00036611145568682396
2619,23,0.00041551320190350027
2619,24,0.00046828681677631997
2619,25,0.000508599481020525
2619,26,0.0005510993232087091
2619,27,0.0005958708242930652
2619,28,0.0006430046125678005
2619,29,0.0006925961305802255
2619,30,0.0007447438856999506
2619,31,0.0007995473286371534
2619,32,0.0008571044245153134
2619,33,0.0009175090001200699
2619,34,0.0009808479675724358
2619,35,0.001047198537789222
2619,36,0.001116625545598763
2619,37,0.001189179011265255
2619,38,0.0012648920595860005
2619,39,0.0013437793070476092
2619,40,0.001425835809481354
2619,41,0.0015110366374178385
2619,42,0.00159933711465679
2619,43,0.0016906737188773697
2619,44,0.0017849656036120003
2619,45,0.0018821166615159372
2619,46,0.0019820180130768
2619,47,0.00208455077645588
2619,48,0.002205251847703797
2619,49,0.002337167162664306
2619,50,0.0024739341277088445
2619,51,0.002615549792496988
2619,52,0.002762000645572149
2619,53,0.0029132626602689717
2619,54,0.003069301478358122
2619,55,0.003230072743413164
2619,56,0.003395522592817395
2619,57,0.003565588313234046
2619,58,0.003740199159222428
2619,59,0.003919277328532429
2619,60,0.004102739080549103
2619,61,0.0042904959765566915
2619,62,0.004482456212185447
2619,63,0.004678526003902812
2619,64,0.004878610983076809
2619,65,0.00508261754338391
2619,66,0.005290454080587948
2619,67,0.005502032058410525
2619,68,0.005717266830745405
2619,69,0.005936078149175619
2619,70,0.0061583902858774455
2619,71,0.0064149403895683455
2619,72,0.0067514134586152555
2619,73,0.007098446174194045
2619,74,0.0074560443137820275
2619,75,0.007824196747168822
2619,76,0.008202871208378662
2619,77,0.008592009155783474
2619,78,0.008991519754799894
2619,79,0.009401273064839092
2619,80,0.009821092563423627
2619,81,0.010250747193509609
2619,82,0.010689943172225234
2619,83,0.011138315846773036
2619,84,0.01159542192148304
2619,85,0.01206073240318927
2619,86,0.012533626613280098
2619,87,0.013013387585740638
2619,88,0.013499199101857642
2619,89,0.01399014449364132
2619,90,0.014485207168693027
2619,91,0.014983272559135747
2619,92,0.015483130868631833
2619,93,0.015983479581681278
2619,94,0.01648292421405586
2619,95,0.01750384489598874
2619,96,0.01859968114723145
2619,97,0.019707456805742332
2619,98,0.02082052477016742
2619,99,0.021931549923936974
2619,100,0.023032452024135616
2619,101,0.024114317135233522
2619,102,0.025167273797989012
2619,103,0.02618033566263169
2619,104,0.02714122071509482
2619,105,0.02803616838588587
2619,106,0.02884978897998637
2619,107,0.029564993344120903
2619,108,0.030163061851047557
2619,109,0.03062391711979314
2619,110,0.030926660472387145
2619,111,0.03105041441618882
2619,112,0.030975480460222603
2619,113,0.03068477421002382
2619,114,0.030165442756655003
2619,115,0.029410511965837997
2619,116,0.02842036583821452
2619,117,0.027203840109443822
2627,1,0.10600115540413345
2627,2,0.0951183697212439
2627,3,0.08521576850336078
2627,4,0.07623052816968647
2627,5,0.06809943365480889
2627,6,0.06075977459802903
2627,7,0.05415009351702614
2627,8,0.04821080418996581
2627,9,0.04288469053637808
2627,10,0.03811729352507983
2627,11,0.033857193663210196
2627,12,0.030056197828279226
2627,13,0.026669440611808544
2627,14,0.023655411421733042
2627,15,0.020975919122741705
2627,16,0.018596005951515185
2627,17,0.01648382190437389
2627,18,0.014610469881074728
2627,19,0.012949830712253982
2627,20,0.011478375919203055
2627,21,0.010174974751288908
2627,22,0.009020700791622165
2627,23,0.007998642265241085
2627,24,0.007112045354816495
2627,25,0.006478441081417934
2627,26,0.005910343425085754
2627,27,0.005400320861939234
2627,28,0.004941789791344854
2627,29,0.004528926544562015
2627,30,0.0041565863431967
2627,31,0.003820228993383648
2627,32,0.0035158510994131565
2627,33,0.0032399245529529655
2627,34,0.0029893410147553093
2627,35,0.002761362065270876
2627,36,0.002553574665826454
2627,37,0.0023638515467329256
2627,38,0.002190316124265128
2627,39,0.0020313115446764798
2627,40,0.001885373459105827
2627,41,0.0017512061467479347
2627,42,0.001627661623183568
2627,43,0.001513721394542995
2627,44,0.0014084805446168932
2627,45,0.0013111338697706055
2627,46,0.0012209638044515002
2627,47,0.0011373299073444993
2627,48,0.001052513631947398
2627,49,0.0009712284661613336
2627,50,0.0008961652142812896
2627,51,0.000826795855260623
2627,52,0.0007626447875730067
2627,53,0.0007032830095385967
2627,54,0.0006483229990787907
2627,55,0.0005974142019953951
2627,56,0.0005502390502586806
2627,57,0.0005065094424974609
2627,58,0.00046596362812218156
2627,59,0.00042836344447081044
2627,60,0.00039349186321959
2627,61,0.000361150808199011
2627,62,0.0003311592118338246
2627,63,0.000303351281800294
2627,64,0.0002775749532646822
2627,65,0.00025369050531960234
2627,66,0.00023156932304273608
2627,67,0.00021109278902768484
2627,68,0.0001921512903322602
2627,69,0.0001746433286000855
2627,70,0.00015847472267496593
2627,71,0.00014268309647238417
2627,72,0.00012786241959586374
2627,73,0.00011589255794665961
2627,74,0.0001060757548589211
2627,75,9.78615621270721e-05
2627,76,9.081898447248419e-05
2627,77,8.461400149713948e-05
2627,78,7.899168143285023e-05
2627,79,7.376193265732355e-05
2627,80,6.87879836988264e-05
2627,81,6.397683816810896e-05
2627,82,5.9271142633025876e-05
2627,83,5.4642086445530594e-05
2627,84,5.008310007838785e-05
2627,85,4.560422605373933e-05
2627,86,4.122710693554747e-05
2627,87,3.698057527431728e-05
2627,88,3.2896848914542745e-05
2627,89,2.9008338893850642e-05
2627,90,2.5345071874633888e-05
2627,91,2.193271862032931e-05
2627,92,1.8791207090851995e-05
2627,93,1.5933884983039814e-05
2627,94,1.3367183120519073e-05
2627,95,1.0463034053108133e-05
2627,96,8.04039968616938e-06
2627,97,6.103422324277547e-06
2627,98,4.575340914010865e-06
2627,99,3.386179037054955e-06
2627,100,2.473543912204252e-06
2627,101,1.7829747824249337e-06
2627,102,1.2679037628157097e-06
2627,103,8.893053215813903e-07
2627,104,6.151155640155158e-07
2627,105,4.195005826193039e-07
2627,106,2.820458271083407e-07
2627,107,1.8692740151605452e-07
2627,108,1.221130850294714e-07
2627,109,7.862723203304048e-08
2627,110,4.9900807613619293e-08
2627,111,3.12165890952606e-08
2627,112,1.9250571933621195e-08
2627,113,1.1704065488974403e-08
2627,114,7.016760314292762e-09
2627,115,4.148889189687533e-09
2627,116,2.4200617173978302e-09
2627,117,1.392960461553093e-09
2630,1,0.000238147778440448
2630,2,0.0002815463061160987
2630,3,0.00033167362791324575
2630,4,0.0003893392858936399
2630,5,0.0004554077344616308
2630,6,0.000530794572973662
2630,7,0.0006164611677241783
2630,8,0.0007134075211015092
2630,9,0.0008226632707077223
2630,10,0.0009452767342325067
2630,11,0.0010823019569961632
2630,12,0.0012347837681428427
2630,13,0.0014037409079157934
2630,14,0.0015901473513201456
2630,15,0.001794912021388715
2630,16,0.002018857156398351
2630,17,0.0022626956675186006
2630,18,0.0025270078939313924
2630,19,0.0028122182285735316
2630,20,0.0031185721462685095
2630,21,0.003446114214009054
2630,22,0.0037946676974833595
2630,23,0.004163816395794282
2630,24,0.004535583753840153
2630,25,0.004762603914671581
2630,26,0.004993511999983208
2630,27,0.00522791890810467
2630,28,0.005465420157082156
2630,29,0.005705598241477657
2630,30,0.005948025076519525
2630,31,0.006192264504089163
2630,32,0.006437874834757773
2630,33,0.006684411400199114
2630,34,0.006931429090787213
2630,35,0.007178484854019206
2630,36,0.0074251401305568876
2630,37,0.007670963206124327
2630,38,0.007915531459195326
2630,39,0.008158433486315772
2630,40,0.00839927108898907
2630,41,0.008637661108265754
2630,42,0.008873237095478152
2630,43,0.00910565080990539
2630,44,0.009334573536502893
2630,45,0.00955969721914655
2630,46,0.0097807354070884
2630,47,0.00999742401446914
2630,48,0.01025710140138238
2630,49,0.01053144619767833
2630,50,0.010799406588471614
2630,51,0.011060487223536837
2630,52,0.011314233413849652
2630,53,0.011560232798763519
2630,54,0.011798116610721736
2630,55,0.012027560542933137
2630,56,0.012248285230168583
2630,57,0.012460056357118486
2630,58,0.012662684412541538
2630,59,0.012856024110701154
2630,60,0.013039973504309951
2630,61,0.013214472815378568
2630,62,0.013379503011997097
2630,63,0.013535084160183543
2630,64,0.013681273580536859
2630,65,0.013818163839565327
2630,66,0.013945880605263245
2630,67,0.014064580395822243
2630,68,0.01417444824933521
2630,69,0.014275695341028436
2630,70,0.014368556572990304
2630,71,0.014467214046765665
2630,72,0.014582548909086048
2630,73,0.014677978521864008
2630,74,0.014753759572350247
2630,75,0.014810244966916304
2630,76,0.014847876611146428
2630,77,0.01486717771378584
2630,78,0.014868744744732097
2630,79,0.014853239172660255
2630,80,0.014821379101347863
2630,81,0.014773930915634675
2630,82,0.014711701038544061
2630,83,0.014635527890733335
2630,84,0.014546274132444158
2630,85,0.014444819256785013
2630,86,0.014332052591766275
2630,87,0.014208866757264668
2630,88,0.014076151612225989
2630,89,0.013934788717097517
2630,90,0.013785646326855343
2630,91,0.01362957492116424
2630,92,0.013467403270254249
2630,93,0.013299935028066633
2630,94,0.013127945838131334
2630,95,0.012656393954981656
2630,96,0.012115466904579592
2630,97,0.011543958330959746
2630,98,0.010949719118701002
2630,99,0.010340357752589121
2630,100,0.009723097041800122
2630,101,0.009104655483879575
2630,102,0.008491154657892134
2630,103,0.007888052814983285
2630,104,0.00730010376109737
2630,105,0.006731339239003182
2630,106,0.006185072336235899
2630,107,0.005663918977326431
2630,108,0.005169834294348244
2630,109,0.0047041605901981245
2630,110,0.00426768368737575
2630,111,0.0038606946601424147
2630,112,0.003483054247048504
2630,113,0.0031342576019965313
2630,114,0.0028134974360261708
2630,115,0.0025197240036259937
2630,116,0.002251700776060952
2630,117,0.002008055004373859
2634,1,1.014072049999788e-05
2634,2,1.3131783706746958e-05
2634,3,1.6854126606586907e-05
2634,4,2.144158195001994e-05
2634,5,2.7041210440993445e-05
2634,6,3.381225794888427e-05
2634,7,4.192460693922682e-05
2634,8,5.1556706187826104e-05
2634,9,6.289297253231937e-05
2634,10,7.612066767862445e-05
2634,11,9.142626316284673e-05
2634,12,0.00010899131908929439
2634,13,0.0001289879187910396
2634,14,0.0001515737231531575
2634,15,0.00017688673516437722
2634,16,0.00020503989635286155
2634,17,0.0002361156699998827
2634,18,0.00027016079835597635
2634,19,0.00030718144891411564
2634,20,0.0003471389845097593
2634,21,0.00038994660052617963
2634,22,0.0004354670676877612
2634,23,0.0004835118000493875
2634,24,0.0005338414355256057
2634,25,0.000586155382217518
2634,26,0.0006401091741321628
2634,27,0.0006953267695065073
2634,28,0.000751401360990578
2634,29,0.000807905177417495
2634,30,0.0008644010771651963
2634,31,0.0009204558695985406
2634,32,0.0009756553162711027
2634,33,0.0010296208042731253
2634,34,0.0010820277541123385
2634,35,0.0011326259280121666
2634,36,0.001181261946618133
2634,37,0.0012279045093743005
2634,38,0.0012726730548268193
2634,39,0.0013158709029054264
2634,40,0.0013580243057660503
2634,41,0.0013999293138502364
2634,42,0.0014427089584096002
2634,43,0.0014878839801409718
2634,44,0.0015374612115519163
2634,45,0.0015940447536745372
2634,46,0.0016609762597608495
2634,47,0.0017425118952453622
2634,48,0.0018398718905010961
2634,49,0.0019409743922018244
2634,50,0.0020459920647987553
2634,51,0.0021551184095590513
2634,52,0.002268569430071091
2634,53,0.00238658533523708
2634,54,0.00250943228447525
2634,55,0.0026374041805602225
2634,56,0.002770824515869517
2634,57,0.0029100482776527573
2634,58,0.003055463917156917
2634,59,0.0032074953858668657
2634,60,0.0033666042395727415
2634,61,0.003533291807247006
2634,62,0.0037081014165635424
2634,63,0.0038916206610405658
2634,64,0.0040844836849119465
2634,65,0.004287373450546072
2634,66,0.004501023939086015
2634,67,0.004726222217450064
2634,68,0.004963810283282616
2634,69,0.005214686573152493
2634,70,0.00547980698740592
2634,71,0.005760185246612423
2634,72,0.0060530574614356715
2634,73,0.006358111228873407
2634,74,0.0066759097608624935
2634,75,0.007007039518911168
2634,76,0.007352122399614376
2634,77,0.007711829557090666
2634,78,0.008086896054923182
2634,79,0.008478135110865632
2634,80,0.008886450202256759
2634,81,0.009312842752774284
2634,82,0.009758412541537758
2634,83,0.010224347388119986
2634,84,0.010711898099808796
2634,85,0.011222334151033977
2634,86,0.011756875132049812
2634,87,0.012316592691353486
2634,88,0.012902277548691011
2634,89,0.013514266234027055
2634,90,0.014152222602947072
2634,91,0.014814870027816326
2634,92,0.015499671671740219
2634,93,0.016202458713518067
2634,94,0.016917010206350995
2634,95,0.01765528839467494
2634,96,0.01844406441935207
2634,97,0.01928475294102079
2634,98,0.02017784846237415
2634,99,0.021122693824702145
2634,100,0.0221172345652365
2634,101,0.02315776324939831
2634,102,0.0242386585496932
2634,103,0.02535212465058521
2634,104,0.02648793777162605
2634,105,0.0276332085934844
2634,106,0.028772172618935683
2634,107,0.029886025514480722
2634,108,0.030952827667217252
2634,109,0.031947511636990146
2634,110,0.03284203732518123
2634,111,0.033605750952180886
2634,112,0.034206012439393106
2634,113,0.03460915718003752
2634,114,0.03478184695551524
2634,115,0.034692835219186424
2634,116,0.03431512001699727
2634,117,0.03362838340271841
2635,1,0.020378092430680766
2635,2,0.020240229917023265
2635,3,0.020064089958791925
2635,4,0.019858237758354325
2635,5,0.01962995950733492
2635,6,0.01938526230820467
2635,7,0.019128949603466245
2635,8,0.018864746194193843
2635,9,0.018595450309162813
2635,10,0.018323094672879472
2635,11,0.018049103259242822
2635,12,0.017774434824485683
2635,13,0.017499708055042508
2635,14,0.01722530610733288
2635,15,0.016951460459654615
2635,16,0.016678315427816268
2635,17,0.01640597554274516
2635,18,0.016134538387006757
2635,19,0.015864115565802524
2635,20,0.015594844355349701
2635,21,0.015326892313760932
2635,22,0.015060456820722462
2635,23,0.014795761177146878
2635,24,0.01453304857355853
2635,25,0.014272488367819424
2635,26,0.014014294484765393
2635,27,0.013758744907960155
2635,28,0.013506114305103976
2635,29,0.01325666766570384
2635,30,0.013010654797472493
2635,31,0.012768305744702894
2635,32,0.01252982713303405
2635,33,0.01229539940326562
2635,34,0.012065174869184226
2635,35,0.011839276517911697
2635,36,0.011617797463514492
2635,37,0.011400800963266709
2635,38,0.011188320909110337
2635,39,0.01098036271290764
2635,40,0.010776904511758013
2635,41,0.010577898627979976
2635,42,0.010383273226633629
2635,43,0.010192934121210665
2635,44,0.010006766685073703
2635,45,0.009824637832267214
2635,46,0.00964639803644826
2635,47,0.0094718833609776
2635,48,0.00930092173086116
2635,49,0.009133342577901004
2635,50,0.008968946622261127
2635,51,0.008807528887990013
2635,52,0.00864888027558407
2635,53,0.00849278905560058
2635,54,0.00833904228096843
2635,55,0.008187427116664224
2635,56,0.008037732086551586
2635,57,0.007889748238352218
2635,58,0.007743270228866971
2635,59,0.00759809733264163
2635,60,0.007454034378233981
2635,61,0.00731089261705375
2635,62,0.007168490530393474
2635,63,0.0070266545807315586
2635,64,0.006885219913662899
2635,65,0.00674403101689579
2635,66,0.006602942342650984
2635,67,0.006461818899516634
2635,68,0.006320536819361052
2635,69,0.006178983904294819
2635,70,0.006037060157916131
2635,71,0.005894678304180012
2635,72,0.005751659859819833
2635,73,0.005608314765203814
2635,74,0.00546510115643128
2635,75,0.005322479500074285
2635,76,0.005180887680955104
2635,77,0.0050407169037816725
2635,78,0.004902289789862912
2635,79,0.004765841941004828
2635,80,0.00463150803928941
2635,81,0.0044993132737028985
2635,82,0.004369170558797596
2635,83,0.004240883665817973
2635,84,0.0041141560512930235
2635,85,0.003988604866472681
2635,86,0.0038637793816840306
2635,87,0.003739182874171494
2635,88,0.0036142969106286948
2635,89,0.003488606904487103
2635,90,0.0033616278362281456
2635,91,0.0032329290823925657
2635,92,0.0031021573938341982
2635,93,0.0029690571842375013
2635,94,0.002833487425148041
2635,95,0.0026954341438383067
2635,96,0.002555021010816034
2635,97,0.0024125155494859026
2635,98,0.002268326649286256
2635,99,0.0021229979189500755
2635,100,0.0019771962766018565
2635,101,0.0018316959550491272
2635,102,0.0016873582499023153
2635,103,0.0015451074952075297
2635,104,0.0014059039167806267
2635,105,0.0012707141861404742
2635,106,0.0011404806729282458
2635,107,0.0010160905606474962
2635,108,0.0008983461326572729
2635,109,0.0007879376295227083
2635,110,0.0006854200978913942
2635,111,0.0005911955680844909
2635,112,0.0005055016920974694
2635,113,0.0004284076386603549
2635,114,0.0003598175897773526
2635,115,0.00029948164843473005
2635,116,0.00024701340511324105
2635,117,0.00020191288984177
2640,1,0.0004938242479056577
2640,2,0.000587172920733226
2640,3,0.0006924814370390806
2640,4,0.0008102163228610456
2640,5,0.0009407123752836823
2640,6,0.0010841674783782424
2640,7,0.001240643262264165
2640,8,0.0014100713098963112
2640,9,0.0015922641783580032
2640,10,0.0017869301331581268
2640,11,0.0019936902329891724
2640,12,0.002212096273569114
2640,13,0.0024416481118974616
2640,14,0.0026818090396542576
2640,15,0.002932018135261556
2640,16,0.0031916988661326315
2640,17,0.00346026359748941
2640,18,0.003737114052282938
2640,19,0.004021638122040389
2640,20,0.004313203721679289
2640,21,0.004611150592473819
2640,22,0.004914781076478082
2640,23,0.005223350912481431
2640,24,0.005527669470653351
2640,25,0.005758539405832785
2640,26,0.005990097739884433
2640,27,0.0062221187798942095
2640,28,0.006454334529930145
2640,29,0.006686435293899609
2640,30,0.006918072644418393
2640,31,0.007148864463236924
2640,32,0.007378401680478896
2640,33,0.007606256283621898
2640,34,0.007831990134357564
2640,35,0.008055164123061932
2640,36,0.008275347206493578
2640,37,0.008492124913251247
2640,38,0.00870510696085852
2640,39,0.008913933704124624
2640,40,0.00911828122144719
2640,41,0.009317864937861678
2640,42,0.009512441774373898
2640,43,0.009701810896085225
2640,44,0.00988581320128121
2640,45,0.01006432974579162
2640,46,0.01023727932907879
2640,47,0.010404615480143856
2640,48,0.010583604904767197
2640,49,0.010763862141751426
2640,50,0.010937783832268358
2640,51,0.011105323336019926
2640,52,0.011266463539371356
2640,53,0.01142121573279733
2640,54,0.011569618143527957
2640,55,0.011711734125701312
2640,56,0.01184765001823968
2640,57,0.011977472688544757
2640,58,0.012101326787589498
2640,59,0.012219351748736625
2640,60,0.012331698568352256
2640,61,0.012438526410793715
2640,62,0.012539999083500265
2640,63,0.012636281429658742
2640,64,0.012727535686287744
2640,65,0.012813917854693916
2640,66,0.012895574128265998
2640,67,0.012972637419690078
2640,68,0.013045224026112624
2640,69,0.013113430466766192
2640,70,0.01317733052330936
2640,71,0.013238987364842263
2640,72,0.013297295328341048
2640,73,0.013345639942492665
2640,74,0.013383912526630005
2640,75,0.013411981273417235
2640,76,0.013429695781325324
2640,77,0.013436893493554564
2640,78,0.013433407923381789
2640,79,0.013419078421612614
2640,80,0.013393761111784717
2640,81,0.013357340487623767
2640,82,0.013309741039291298
2640,83,0.013250938154992486
2640,84,0.013180967439085756
2640,85,0.01309993150644924
2640,86,0.013008003268606409
2640,87,0.012905424736408273
2640,88,0.012792500445227084
2640,89,0.012669584779366326
2640,90,0.012537062746665585
2640,91,0.012395324138789335
2640,92,0.012244731503893661
2640,93,0.012085582940311146
2640,94,0.011918071363271356
2640,95,0.011606890152863304
2640,96,0.011258831162321185
2640,97,0.010890279504928574
2640,98,0.0105032101769454
2640,99,0.010099428716960861
2640,100,0.009680580225220798
2640,101,0.009248182027879293
2640,102,0.008803678235116151
2640,103,0.00834851190436987
2640,104,0.007884208079357748
2640,105,0.007412458963325114
2640,106,0.006935201239374974
2640,107,0.006454675364652685
2640,108,0.005973457726845005
2640,109,0.005494458888428004
2640,110,0.005020884583397427
2640,111,0.0045561602902692705
2640,112,0.004103824524993705
2640,113,0.003667399822512703
2640,114,0.0032502530725743678
2640,115,0.002855457969341007
2640,116,0.0024856716310841364
2640,117,0.002143035102759537
2643,1,0.0006311931731645097
2643,2,0.0007520992077609571
2643,3,0.0008894549614557671
2643,4,0.0010442128552574316
2643,5,0.0012171364769067083
2643,6,0.0014087547609804639
2643,7,0.0016193198818549902
2643,8,0.0018487714144682316
2643,9,0.002096709080211723
2643,10,0.002362375966626837
2643,11,0.0026446535288483677
2643,12,0.0029420690015124094
2643,13,0.0032528151336486976
2643,14,0.003574781468151074
2643,15,0.0039055957779184558
2643,16,0.0042426737872253446
2643,17,0.004583274978600995
2643,18,0.004924562125011289
2643,19,0.005263662190852113
2643,20,0.005597726395797148
2643,21,0.0059239875052794376
2643,22,0.006239812766595091
2643,23,0.006542751314555636
2643,24,0.006830575291123841
2643,25,0.0071012303245280356
2643,26,0.007352993008454443
2643,27,0.0075845228244220495
2643,28,0.007794814543780509
2643,29,0.007983210025920876
2643,30,0.008149406572798114
2643,31,0.008293463100368399
2643,32,0.008415805405826073
2643,33,0.00851723176896445
2643,34,0.008598920034730223
2643,35,0.008662437189351908
2643,36,0.008709752269850553
2643,37,0.008743253239602566
2643,38,0.008765768221788796
2643,39,0.008780591206576975
2643,40,0.0087915120334327
2643,41,0.008802850092657397
2643,42,0.008819490785749349
2643,43,0.008846923329424834
2643,44,0.008891277982736905
2643,45,0.008959360224151636
2643,46,0.009058678813661278
2643,47,0.009197464056218
2643,48,0.009373083444698707
2643,49,0.009546400951683971
2643,50,0.009717356466297683
2643,51,0.009885880616724478
2643,52,0.010051893334973482
2643,53,0.01021530233597857
2643,54,0.010376001494551038
2643,55,0.010533869106329972
2643,56,0.010688766021821406
2643,57,0.010840533645935915
2643,58,0.010988991799203169
2643,59,0.011133936441159285
2643,60,0.011275137261391356
2643,61,0.011412335149523146
2643,62,0.011545239562203465
2643,63,0.011673525813089489
2643,64,0.011796832321095956
2643,65,0.011914757862995708
2643,66,0.012026858888985801
2643,67,0.012132646974218736
2643,68,0.01223158649561975
2643,69,0.01232309264155467
2643,70,0.012406529881920661
2643,71,0.01248121104766327
2643,72,0.012554079818903817
2643,73,0.01262817503716587
2643,74,0.012704838491910118
2643,75,0.01278500696760768
2643,76,0.012869130787803176
2643,77,0.012957114345575255
2643,78,0.01304827956576114
2643,79,0.013141352165243434
2643,80,0.013234469755494188
2643,81,0.013325210278858943
2643,82,0.01341063897108915
2643,83,0.013487371955594973
2643,84,0.013551654637100213
2643,85,0.013599453198186907
2643,86,0.013626557632252385
2643,87,0.013628694796784073
2643,88,0.013601649881340739
2643,89,0.013541394415276827
2643,90,0.013444218476491502
2643,91,0.01330686411866877
2643,92,0.013126656255827597
2643,93,0.012901626405774549
2643,94,0.012630623903242983
2643,95,0.012316351704976828
2643,96,0.011963003916128262
2643,97,0.011570582980659702
2643,98,0.011139847853265912
2643,99,0.010672366825263922
2643,100,0.010170552441078342
2643,101,0.00963767343842193
2643,102,0.009077838703754443
2643,103,0.008495948784302902
2643,104,0.007897611645887785
2643,105,0.007289021171093337
2643,106,0.006676799336839674
2643,107,0.006067805973441388
2643,108,0.005468923251413561
2643,109,0.004886825218903225
2643,110,0.004327745392225131
2643,111,0.0037972571315865755
2643,112,0.003300081915572976
2643,113,0.00283993940445645
2643,114,0.0024194503135985352
2643,115,0.0020400988238473846
2643,116,0.0017022560102943182
2643,117,0.001405260242609766
2678,1,0.000807096120076125
2678,2,0.0008859155988229057
2678,3,0.0009708705334526924
2678,4,0.0010622490923637461
2678,5,0.001160331778999746
2678,6,0.0012653887464359292
2678,7,0.001377676996694327
2678,8,0.0014974374904775862
2678,9,0.0016248921963233495
2678,10,0.0017602411112187352
2678,11,0.0019036592873932765
2678,12,0.002055293902247312
2678,13,0.002215261410094375
2678,14,0.002383644815530588
2678,15,0.0025604911087310544
2678,16,0.0027458089027638547
2678,17,0.002939566312071609
2678,18,0.0031416891095796093
2678,19,0.003352059197446251
2678,20,0.0035705134232927437
2678,21,0.00379684276987013
2678,22,0.004030791941597344
2678,23,0.004272059366307033
2678,24,0.004508257510979845
2678,25,0.004639323161255493
2678,26,0.004770660953146089
2678,27,0.004902140553408383
2678,28,0.005033632466560396
2678,29,0.00516500838562175
2678,30,0.005296141526517351
2678,31,0.005426906944749712
2678,32,0.0055571818331239834
2678,33,0.0056868457994898505
2678,34,0.005815781123644491
2678,35,0.005943872992718388
2678,36,0.006071009714539852
2678,37,0.006197082908642819
2678,38,0.00632198767474469
2678,39,0.006445622738675521
2678,40,0.006567890575885783
2678,41,0.006688697512796318
2678,42,0.006807953806380763
2678,43,0.006925573702486371
2678,44,0.007041475473504611
2678,45,0.007155581436096993
2678,46,0.007267817949764916
2678,47,0.007378115397124693
2678,48,0.007518458216414695
2678,49,0.007670822147995524
2678,50,0.007821417639083686
2678,51,0.007970128530790646
2678,52,0.00811684515272468
2678,53,0.00826146442090742
2678,54,0.008403889901324069
2678,55,0.008544031840280948
2678,56,0.008681807162895135
2678,57,0.008817139441171499
2678,58,0.008949958833231728
2678,59,0.00908020199534932
2678,60,0.009207811968514185
2678,61,0.009332738041301917
2678,62,0.009454935590856355
2678,63,0.009574365903811631
2678,64,0.009690995978982054
2678,65,0.009804798313636393
2678,66,0.009915750675149475
2678,67,0.010023835859788142
2678,68,0.010129041440343836
2678,69,0.010231359504270093
2678,70,0.010330786383922383
2678,71,0.010452103408370134
2678,72,0.010627486643531959
2678,73,0.010798553598738249
2678,74,0.010965195051474383
2678,75,0.011127316789716808
2678,76,0.01128483943859617
2678,77,0.011437698221809608
2678,78,0.01158584266274372
2678,79,0.011729236230414884
2678,80,0.01186785593542028
2678,81,0.0120016918811242
2678,82,0.012130746775284982
2678,83,0.01225503540726241
2678,84,0.012374584095838425
2678,85,0.012489430112540495
2678,86,0.012599621085180868
2678,87,0.01270521438612238
2678,88,0.012806276509555028
2678,89,0.012902882441823483
2678,90,0.012995115028586534
2678,91,0.013083064342320039
2678,92,0.013166827053398602
2678,93,0.013246505807710763
2678,94,0.013322208613481702
2678,95,0.013504430946899747
2678,96,0.01367332324572375
2678,97,0.013814930726130145
2678,98,0.01392888368057975
2678,99,0.014015008939981637
2678,100,0.014073325954045184
2678,101,0.014104040627952133
2678,102,0.01410753711980814
2678,103,0.014084367828853318
2678,104,0.014035241823110719
2678,105,0.013961011967140852
2678,106,0.013862661016141553
2678,107,0.013741286942224668
2678,108,0.013598087752872691
2678,109,0.013434346050972948
2678,110,0.01325141357114599
2678,111,0.01305069590905766
2678,112,0.012833637639766943
2678,113,0.012601707998631573
2678,114,0.012356387274556005
2678,115,0.01209915404105647
2678,116,0.01183147332631356
2678,117,0.011554785799593152
2681,1,0.0006910714046301614
2681,2,0.0008272361031451974
2681,3,0.0009806447376283585
2681,4,0.0011516958010178396
2681,5,0.0013405345277438315
2681,6,0.001547046526825317
2681,7,0.0017708610246592515
2681,8,0.0020113632994111195
2681,9,0.002267715441196528
2681,10,0.002538884199197429
2681,11,0.002823674386619109
2681,12,0.0031207661115570423
2681,13,0.003428753988979088
2681,14,0.003746186467097734
2681,15,0.004071603469282846
2681,16,0.00440357070623129
2681,17,0.004740709244403359
2681,18,0.005081719213507487
2681,19,0.005425396881693163
2681,20,0.005770644702398247
2681,21,0.006116474319758066
2681,22,0.006462002887952861
2681,23,0.006806443392924513
2681,24,0.007137348627106894
2681,25,0.007359669512735695
2681,26,0.007578829636408571
2681,27,0.007795276663941469
2681,28,0.00800941425242602
2681,29,0.008221579523596296
2681,30,0.008432023542277322
2681,31,0.008640895267660752
2681,32,0.008848229345956905
2681,33,0.00905393800127901
2681,34,0.009257807158623512
2681,35,0.009459496800991308
2681,36,0.009658545425847183
2681,37,0.009854378329258675
2681,38,0.010046319315184536
2681,39,0.010233605309060794
2681,40,0.010415403255692329
2681,41,0.010590828607631858
2681,42,0.010758964666770532
2681,43,0.01091888203223029
2681,44,0.011069657433286608
2681,45,0.011210391286147085
2681,46,0.011340223404840416
2681,47,0.011458346413928152
2681,48,0.011586484647903794
2681,49,0.011716017329102022
2681,50,0.011837606705901461
2681,51,0.011951228058549552
2681,52,0.01205687217669751
2681,53,0.01215454575539752
2681,54,0.012244271817746821
2681,55,0.012326090125310343
2681,56,0.012400057534685512
2681,57,0.012466248256968872
2681,58,0.01252475397656967
2681,59,0.012575683786882967
2681,60,0.012619163902828526
2681,61,0.012655337114175394
2681,62,0.012684361948841306
2681,63,0.012706411521858807
2681,64,0.012721672053254756
2681,65,0.012730341046462906
2681,66,0.012732625127801617
2681,67,0.012728737556688841
2681,68,0.012718895425304971
2681,69,0.012703316575025136
2681,70,0.012682216264820903
2681,71,0.0126594504711993
2681,72,0.012636998991582363
2681,73,0.012604995825729551
2681,74,0.012563771027468713
2681,75,0.012513645934071466
2681,76,0.012454927363494978
2681,77,0.01238790216331449
2681,78,0.012312832267204267
2681,79,0.012229950424617964
2681,80,0.012139456775336248
2681,81,0.012041516439748094
2681,82,0.011936258284291356
2681,83,0.011823774995171418
2681,84,0.011704124548284093
2681,85,0.011577333096217595
2681,86,0.01144339920335002
2681,87,0.011302299249456797
2681,88,0.01115399369679069
2681,89,0.010998433785480505
2681,90,0.010835568101711773
2681,91,0.010665348370382908
2681,92,0.010487733778681533
2681,93,0.010302693159140739
2681,94,0.010110204467385375
2681,95,0.009804456491970006
2681,96,0.009467074588856914
2681,97,0.009111707662742862
2681,98,0.008740999535844627
2681,99,0.008357567294529007
2681,100,0.007963961382584938
2681,101,0.007562633701666968
2681,102,0.007155916243102075
2681,103,0.006746012060132
2681,104,0.0063349992847912245
2681,105,0.005924847464290388
2681,106,0.00551744387430156
2681,107,0.0051146258645550415
2681,108,0.004718213958757618
2681,109,0.004330039635244039
2681,110,0.0039519616951368556
2681,111,0.00358586603312186
2681,112,0.003233645475578989
2681,113,0.002897158980521925
2681,114,0.002578172563331847
2681,115,0.0022782873398710457
2681,116,0.001998862521861339
2681,117,0.00174094256757355
2692,1,0.00013000848467796376
2692,2,0.00015505600397380706
2692,3,0.00018427420595449947
2692,4,0.00021821841629927387
2692,5,0.00025749109479610314
2692,6,0.00030274105143461084
2692,7,0.00035466168382691104
2692,8,0.0004139881284549232
2692,9,0.000481493232593706
2692,10,0.0005579822730326687
2692,11,0.0006442863718169688
2692,12,0.0007412545878535835
2692,13,0.0008497446958430793
2692,14,0.0009706126998631176
2692,15,0.0011047011670934131
2692,16,0.0012528265065062847
2692,17,0.001415765356582516
2692,18,0.0015942402838844975
2692,19,0.0017889050292209132
2692,20,0.0020003295687804333
2692,21,0.002228985282683428
2692,22,0.0024752305417254394
2692,23,0.0027392970336804954
2692,24,0.0030075708932444135
2692,25,0.0031624149045508636
2692,26,0.0033205236930931425
2692,27,0.003481696514582579
2692,28,0.0036457225408967394
2692,29,0.0038123818989565833
2692,30,0.003981446746831307
2692,31,0.004152682376931678
2692,32,0.004325848336225547
2692,33,0.00450069955359991
2692,34,0.004676987464793358
2692,35,0.004854461125720795
2692,36,0.005032868305498111
2692,37,0.0052119565510361735
2692,38,0.0053914742156990466
2692,39,0.005571171445198737
2692,40,0.005750801114615355
2692,41,0.005930119711176037
2692,42,0.0061088881581866485
2692,43,0.006286872576276051
2692,44,0.0064638449788741986
2692,45,0.006639583899592754
2692,46,0.006813874949902118
2692,47,0.00698651130619474
2692,48,0.007205467604236223
2692,49,0.007444306705945875
2692,50,0.007682263253991032
2692,51,0.007918983629924116
2692,52,0.008154125893464186
2692,53,0.008387361064464494
2692,54,0.008618374268443174
2692,55,0.008846865742473507
2692,56,0.00907255169978063
2692,57,0.00929516505285877
2692,58,0.009514455996291738
2692,59,0.009730192451718966
2692,60,0.009942160378531132
2692,61,0.010150163954897234
2692,62,0.010354025634614992
2692,63,0.010553586086038201
2692,64,0.010748704019967751
2692,65,0.010939255913900924
2692,66,0.011125135640420449
2692,67,0.011306254007775723
2692,68,0.011482538220871228
2692,69,0.011653931270938485
2692,70,0.01182039126213711
2692,71,0.012020198348251607
2692,72,0.012301999972216765
2692,73,0.012574757726414719
2692,74,0.012838056266380916
2692,75,0.01309153268830033
2692,76,0.013334876796596408
2692,77,0.013567830951593153
2692,78,0.013790189522999588
2692,79,0.014001797977932988
2692,80,0.0142025516345312
2692,81,0.014392394113920369
2692,82,0.014571315524428769
2692,83,0.01473935041250409
2692,84,0.014896575514841949
2692,85,0.015043107345814299
2692,86,0.015179099653447142
2692,87,0.015304740775991888
2692,88,0.015420250929615666
2692,89,0.015525879455957977
2692,90,0.015621902056315477
2692,91,0.015708618037074323
2692,92,0.015786347588757677
2692,93,0.015855429118738253
2692,94,0.01591621665532279
2692,95,0.016005817018256794
2692,96,0.016035185571159145
2692,97,0.01599813916942559
2692,98,0.01589640729776637
2692,99,0.015732503888452848
2692,100,0.015509649497592598
2692,101,0.015231681720256593
2692,102,0.014902957032620475
2692,103,0.01452824729604601
2692,104,0.014112634079922262
2692,105,0.013661403771811699
2692,106,0.013179946163484552
2692,107,0.012673658850644762
2692,108,0.012147859384446878
2692,109,0.011607706685936728
2692,110,0.011058132800666285
2692,111,0.010503785648106058
2692,112,0.009948983024467423
2692,113,0.009397677760328155
2692,114,0.008853433624855377
2692,115,0.008319411311976955
2692,116,0.007798363643022353
2692,117,0.007292638974864235
2698,1,0.04550943462574318
2698,2,0.0438922771528398
2698,3,0.04218986911234536
2698,4,0.040443213480250075
2698,5,0.03868585091331324
2698,6,0.03694423164687501
2698,7,0.035238388276852814
2698,8,0.03358277713067639
2698,9,0.03198718286716595
2698,10,0.030457608683858453
2698,11,0.028997099993191798
2698,12,0.027606470944148545
2698,13,0.026284920042459647
2698,14,0.02503053341616376
2698,15,0.023840682486777155
2698,16,0.022712327664123497
2698,17,0.021642241968475497
2698,18,0.020627168933617115
2698,19,0.019663928389850246
2698,20,0.01874948226922819
2698,21,0.01788097079038717
2698,22,0.01705572752695637
2698,23,0.016271280107537308
2698,24,0.01552534173056454
2698,25,0.014815827630596568
2698,26,0.014140934126407493
2698,27,0.013499004503897577
2698,28,0.012888453437867306
2698,29,0.01230776079094357
2698,30,0.011755466751282287
2698,31,0.011230168118544163
2698,32,0.010730515505204347
2698,33,0.010255211228696352
2698,34,0.009803007701757828
2698,35,0.009372706166530293
2698,36,0.008963155653549293
2698,37,0.008573252076360373
2698,38,0.00820193739585336
2698,39,0.0078481988066196
2698,40,0.007511067912061419
2698,41,0.007189619866706726
2698,42,0.006882972473867498
2698,43,0.006590285234733525
2698,44,0.0063107583512927255
2698,45,0.006043631690120559
2698,46,0.0057881837171089795
2698,47,0.005543730414716324
2698,48,0.005309642787439747
2698,49,0.005085378966273296
2698,50,0.004870342181087859
2698,51,0.004663972037868357
2698,52,0.0044657430082196675
2698,53,0.004275163012351029
2698,54,0.004091772098119847
2698,55,0.003915141214321223
2698,56,0.0037448710729752997
2698,57,0.003580591092720786
2698,58,0.0034219584134327257
2698,59,0.003268656970736665
2698,60,0.0031203966181048894
2698,61,0.0029769122836254534
2698,62,0.0028379631482781565
2698,63,0.0027033318325883583
2698,64,0.0025728235788226644
2698,65,0.002446265416406689
2698,66,0.0023235052989567504
2698,67,0.0022044112022009295
2698,68,0.0020888701731028195
2698,69,0.0019767873216819387
2698,70,0.0018680847483433845
2698,71,0.0017627004009869815
2698,72,0.0016643782430011114
2698,73,0.0015733245756541332
2698,74,0.0014886720758287091
2698,75,0.001409551836036446
2698,76,0.0013351335060248183
2698,77,0.0012646555456061572
2698,78,0.0011974452435520525
2698,79,0.0011329293591436339
2698,80,0.0010706369485259546
2698,81,0.0010101962310877179
2698,82,0.0009513273471508882
2698,83,0.000893832668104317
2698,84,0.0008375860317510786
2698,85,0.0007825219502914651
2698,86,0.0007286255145986104
2698,87,0.0006759234190906177
2698,88,0.0006244762700624677
2698,89,0.0005743721254087486
2698,90,0.000525721051223227
2698,91,0.0004786503748313369
2698,92,0.00043330026619969425
2698,93,0.00038981928931064284
2698,94,0.00034835962743641133
2698,95,0.00030907096126090474
2698,96,0.0002720961893784491
2698,97,0.0002375670191836748
2698,98,0.0002055950070029761
2698,99,0.0001762645354700049
2698,100,0.00014962661218313305
2698,101,0.00012569404074975384
2698,102,0.00010443844757898423
2698,103,8.578951394224883e-05
2698,104,6.96365754589187e-05
2698,105,5.583253186542232e-05
2698,106,4.4199786747662096e-05
2698,107,3.453774026648458e-05
2698,108,2.663121547732127e-05
2698,109,2.0259130598880367e-05
2698,110,1.5202743918019023e-05
2698,111,1.1252890081214637e-05
2698,112,8.215779211074467e-06
2698,113,5.91711773710813e-06
2698,114,4.204502645377522e-06
2698,115,2.9482117775084017e-06
2698,116,2.040641526786783e-06
2698,117,1.3947192531212956e-06
2710,1,0.00011099103349702595
2710,2,0.0001327536366239442
2710,3,0.00015822832829891274
2710,4,0.00018792798679676274
2710,5,0.00022241265816279289
2710,6,0.00026228958944546766
2710,7,0.00030821239735501
2710,8,0.0003608792574042064
2710,9,0.00042103000860689875
2710,10,0.0004894420835947992
2710,11,0.0005669251936261914
2710,12,0.0006543147222652152
2710,13,0.0007524638101603285
2710,14,0.0008622341457813743
2710,15,0.0009844855124125987
2710,16,0.0011200641791782814
2710,17,0.0012697902622694857
2710,18,0.0014344442205924477
2710,19,0.0016147526864423794
2710,20,0.0018113738651700235
2710,21,0.0020248827668348543
2710,22,0.0022557565563040057
2710,23,0.0025043603250814277
2710,24,0.0027578681241405174
2710,25,0.002903819015532372
2710,26,0.0030531153904261765
2710,27,0.0032055775532920283
2710,28,0.003361015127826818
2710,29,0.0035192279679875124
2710,30,0.0036800071128416005
2710,31,0.003843135776017563
2710,32,0.0040083903604988605
2710,33,0.004175541489577144
2710,34,0.004344355044957712
2710,35,0.004514593203284374
2710,36,0.00468601546271275
2710,37,0.004858379651601219
2710,38,0.005031442911896057
2710,39,0.0052049626503522526
2710,40,0.005378697451342195
2710,41,0.005552407945650864
2710,42,0.005725857630327817
2710,43,0.0058988136353526595
2710,44,0.006071047433563061
2710,45,0.006242335490983143
2710,46,0.006412459855367653
2710,47,0.006581208681436026
2710,48,0.006796612196924501
2710,49,0.007032485810026385
2710,50,0.007268093004740412
2710,51,0.007503081957478259
2710,52,0.0077371096393877336
2710,53,0.007969843159003244
2710,54,0.008200960985363564
2710,55,0.008430154046760676
2710,56,0.008657126701752903
2710,57,0.008881597580490288
2710,58,0.009103300295744333
2710,59,0.009321984024295097
2710,60,0.009537413960495423
2710,61,0.009749371644897486
2710,62,0.009957655171782827
2710,63,0.010162079280282454
2710,64,0.010362475334504247
2710,65,0.010558691198701764
2710,66,0.010750591014024157
2710,67,0.01093805488378237
2710,68,0.011120978474458955
2710,69,0.011299272539881704
2710,70,0.011472862376081758
2710,71,0.011683124922069129
2710,72,0.011983606833319931
2710,73,0.012276320549360177
2710,74,0.012560785778246967
2710,75,0.012836570444369004
2710,76,0.013103291607823747
2710,77,0.013360615963686652
2710,78,0.013608259939313274
2710,79,0.013845989411415542
2710,80,0.014073619067685842
2710,81,0.01429101144020406
2710,82,0.01449807563976
2710,83,0.014694765821573981
2710,84,0.01488107941372816
2710,85,0.015057055139961353
2710,86,0.015222770868369963
2710,87,0.015378341317039764
2710,88,0.015523915646751648
2710,89,0.015659674969708236
2710,90,0.015785829801763764
2710,91,0.015902617483955182
2710,92,0.016010299597274156
2710,93,0.016109159392631512
2710,94,0.0161994992558899
2710,95,0.016372188629057094
2710,96,0.016489253439202625
2710,97,0.016537374104766567
2710,98,0.016517211760654366
2710,99,0.016430306056772724
2710,100,0.01627901615005268
2710,101,0.01606644572697136
2710,102,0.015796355004213575
2710,103,0.01547306289793632
2710,104,0.015101342656271359
2710,105,0.014686314221584344
2710,106,0.014233336440865435
2710,107,0.01374790199140913
2710,108,0.013235537554929112
2710,109,0.012701711378623354
2710,110,0.012151749929149847
2710,111,0.011590764896953336
2710,112,0.011023591364057289
2710,113,0.01045473752584019
2710,114,0.009888345970798476
2710,115,0.009328166182704817
2710,116,0.00877753764418095
2710,117,0.008239382693369837
2717,1,9.55447855178975e-05
2717,2,0.00011721513403747739
2717,3,0.00014272720054564773
2717,4,0.00017251107811696567
2717,5,0.00020699958289795357
2717,6,0.00024662198444280883
2717,7,0.0002917981112560162
2717,8,0.0003429331651964188
2717,9,0.0004004135304521782
2717,10,0.0004646037870940897
2717,11,0.0005358450414742541
2717,12,0.0006144545742799498
2717,13,0.0007007266919554588
2717,14,0.0007949345592094504
2717,15,0.0008973326996606904
2717,16,0.0010081597869480913
2717,17,0.0011276413159362045
2717,18,0.0012559917459857525
2717,19,0.0013934157453274316
2717,20,0.0015401082339186137
2717,21,0.0016962530156321436
2717,22,0.0018620199010973063
2717,23,0.002037560340722311
2717,24,0.0022178596262497872
2717,25,0.0023587184753706956
2717,26,0.002503861218366108
2717,27,0.002653284215663787
2717,28,0.0028069641884693425
2717,29,0.0029648542094267024
2717,30,0.0031268807128541428
2717,31,0.003292941639055765
2717,32,0.0034629057559877213
2717,33,0.0036366131327386017
2717,34,0.003813876677246325
2717,35,0.003994484599103747
2717,36,0.004178203619928458
2717,37,0.0043647827301736605
2717,38,0.004553957282795136
2717,39,0.004745453220024539
2717,40,0.004938991247730268
2717,41,0.005134290799744622
2717,42,0.005331073668846252
2717,43,0.005529067218369549
2717,44,0.005728007125374333
2717,45,0.005927639640095811
2717,46,0.00612772337481164
2717,47,0.006328030656903754
2717,48,0.0065513257438636445
2717,49,0.0067854947943810015
2717,50,0.007020633679228643
2717,51,0.007256498019508839
2717,52,0.007492854910921967
2717,53,0.0077294847681410525
2717,54,0.007966183049024371
2717,55,0.008202761815330634
2717,56,0.008439051085159072
2717,57,0.00867489993215858
2717,58,0.008910177287768224
2717,59,0.009144772405444935
2717,60,0.009378594950017647
2717,61,0.00961157468092471
2717,62,0.009843660705011723
2717,63,0.010074820282587802
2717,64,0.010305037179287628
2717,65,0.010534309565638025
2717,66,0.010762647475714555
2717,67,0.010990069845506028
2717,68,0.011216601160197718
2717,69,0.011442267747175553
2717,70,0.011667093757831972
2717,71,0.011911194352871282
2717,72,0.012199899226497403
2717,73,0.012485399721857542
2717,74,0.012767320507050685
2717,75,0.013045252836900011
2717,76,0.013318751488037002
2717,77,0.01358733292688123
2717,78,0.013850475038783396
2717,79,0.014107618734983332
2717,80,0.01435817171629773
2717,81,0.014601514600642223
2717,82,0.014837009507954158
2717,83,0.015064011034646059
2717,84,0.015281879337177123
2717,85,0.015489994782091517
2717,86,0.015687773315625524
2717,87,0.015874681375117997
2717,88,0.01605024883094298
2717,89,0.01621407814415881
2717,90,0.01636584769183737
2717,91,0.016505307094860214
2717,92,0.016632262429625427
2717,93,0.01674654946091349
2717,94,0.016847993535733522
2717,95,0.016956719831831824
2717,96,0.017022814560320114
2717,97,0.01704168413556408
2717,98,0.01701272790728567
2717,99,0.016935346963740647
2717,100,0.016808863409212102
2717,101,0.01663245883657775
2717,102,0.01640514553905175
2717,103,0.016125783413979976
2717,104,0.01579315299941511
2717,105,0.015406090437330688
2717,106,0.01496368344816755
2717,107,0.014465519080657453
2717,108,0.013911964946513398
2717,109,0.01330445714072899
2717,110,0.012645761636532362
2717,111,0.011940173211515904
2717,112,0.011193618182907494
2717,113,0.010413634996473582
2717,114,0.009609219611366678
2717,115,0.008790539082609006
2717,116,0.007968534159290412
2717,117,0.0071544468895814875
2729,1,0.0012651872193325507
2729,2,0.0015028759634214683
2729,3,0.0017625692038829171
2729,4,0.0020421943631088275
2729,5,0.0023391635345583295
2729,6,0.0026505153945279654
2729,7,0.0029730766633995083
2729,8,0.0033036285563192926
2729,9,0.0036390641258895826
2729,10,0.003976524449749587
2729,11,0.004313504820630374
2729,12,0.004647925901561978
2729,13,0.004978168649313071
2729,14,0.005303075203949992
2729,15,0.005621920558141256
2729,16,0.005934361494777887
2729,17,0.006240370014234706
2729,18,0.006540158385365326
2729,19,0.006834102244177647
2729,20,0.007122667054694443
2729,21,0.007406341948859296
2729,22,0.007685583649627822
2729,23,0.007960771977231678
2729,24,0.008232177417053236
2729,25,0.008499929134754773
2729,26,0.008764015164827816
2729,27,0.00902428570415177
2729,28,0.009280454095606865
2729,29,0.009532110100089865
2729,30,0.009778738565744127
2729,31,0.010019741941268343
2729,32,0.010254465102232779
2729,33,0.010482221038490381
2729,34,0.010702316081073672
2729,35,0.010914073521350662
2729,36,0.01111685468472514
2729,37,0.01131007675477775
2729,38,0.011493226888703818
2729,39,0.011665872407561954
2729,40,0.01182766707174986
2729,41,0.011978353651202643
2729,42,0.012117763161464535
2729,43,0.01224581125470356
2729,44,0.012362492326335154
2729,45,0.012467871924358994
2729,46,0.012562078034319203
2729,47,0.012645291765146066
2729,48,0.01271802952760257
2729,49,0.012781723151084156
2729,50,0.012836559800191423
2729,51,0.012882747633870333
2729,52,0.01292051336101239
2729,53,0.012950099326280213
2729,54,0.012971760143983017
2729,55,0.012985758914078101
2729,56,0.01299236306977306
2729,57,0.012991839920118856
2729,58,0.012984451962865937
2729,59,0.012970452052279912
2729,60,0.012950078513296614
2729,61,0.012923550297219392
2729,62,0.01289106227516365
2729,63,0.012852780763825388
2729,64,0.01280883937420998
2729,65,0.012759335268120885
2729,66,0.01270432589995031
2729,67,0.01264382631313578
2729,68,0.012577807052030527
2729,69,0.012506192741317786
2729,70,0.01242886137683954
2729,71,0.01234564436407175
2729,72,0.012255554970807846
2729,73,0.01215804513303117
2729,74,0.012052680011336565
2729,75,0.011938981939332488
2729,76,0.011816443167163355
2729,77,0.011684541496236846
2729,78,0.011542758568273904
2729,79,0.011390600330765032
2729,80,0.011227618938528883
2729,81,0.011053435086322337
2729,82,0.010867759523844677
2729,83,0.010670412309353599
2729,84,0.010461338241603392
2729,85,0.010240616903050961
2729,86,0.01000846587946162
2729,87,0.009765236015337726
2729,88,0.009511398033023234
2729,89,0.009247520481614967
2729,90,0.008974239765143376
2729,91,0.008692223880626116
2729,92,0.008402132406956737
2729,93,0.008104576139457776
2729,94,0.007800080466001922
2729,95,0.007489011301456761
2729,96,0.007171597782156527
2729,97,0.006848023001260089
2729,98,0.006518362231034838
2729,99,0.006182630935067738
2729,100,0.005840856287067652
2729,101,0.005493169591238831
2729,102,0.005139913740905509
2729,103,0.004781756402186919
2729,104,0.0044197964482067306
2729,105,0.004055648929146628
2729,106,0.003691493249003985
2729,107,0.0033300708598669303
2729,108,0.002974623033113404
2729,109,0.002628766002595798
2729,110,0.002296309268894662
2729,111,0.001981031785457105
2729,112,0.001686438412097226
2729,113,0.001415523713781333
2729,114,0.0011705706636043472
2729,115,0.0009530077036268954
2729,116,0.0007633395930601235
2729,117,0.0006011571071254141
2747,1,0.0013042758673850992
2747,2,0.0015560787196027194
2747,3,0.0018318877760439866
2747,4,0.002129428152260534
2747,5,0.002445809723767149
2747,6,0.0027776758297810384
2747,7,0.003121377667624716
2747,8,0.003473159368378248
2747,9,0.0038293386901705733
2747,10,0.004186469830472554
2747,11,0.0045414776941015535
2747,12,0.004891756576834572
2747,13,0.005235230108679108
2747,14,0.005570372959958009
2747,15,0.00589619786805494
2747,16,0.00621221375747617
2747,17,0.0065183620162288045
2747,18,0.006814938404994998
2747,19,0.007102507756343963
2747,20,0.007381817767483138
2747,21,0.007653717013729467
2747,22,0.007919081004677328
2747,23,0.00817874882595339
2747,24,0.008433471763900191
2747,25,0.008683867620932775
2747,26,0.008930397419295065
2747,27,0.009173350206861322
2747,28,0.009412831727580825
2747,29,0.009648764751040864
2747,30,0.009880897762528302
2747,31,0.010108820814959153
2747,32,0.0103319872304026
2747,33,0.010549739755149756
2747,34,0.010761339719441277
2747,35,0.010965997736497226
2747,36,0.011162904502849841
2747,37,0.011351260340149175
2747,38,0.011530302251756922
2747,39,0.011699327455098496
2747,40,0.011857712586776602
2747,41,0.01200492804998588
2747,42,0.012140547266059737
2747,43,0.012264250884102977
2747,44,0.012375826273775382
2747,45,0.012475162857085654
2747,46,0.01256224401003875
2747,47,0.012637136374214555
2747,48,0.012700593800202538
2747,49,0.012755310631213445
2747,50,0.012801403523452607
2747,51,0.01283900793466937
2747,52,0.012868277811727342
2747,53,0.01288938482751922
2747,54,0.012902517132321639
2747,55,0.012907877599679844
2747,56,0.012905681563115766
2747,57,0.012896154056770444
2747,58,0.012879526589877196
2747,59,0.012856033501064497
2747,60,0.012825907953288826
2747,61,0.01278937764315919
2747,62,0.012746660309108685
2747,63,0.012697959131009502
2747,64,0.012643458119289155
2747,65,0.012583317594418643
2747,66,0.012517669857989865
2747,67,0.012446615154781172
2747,68,0.012370218021616952
2747,69,0.012288504113890228
2747,70,0.012201457594764646
2747,71,0.012109019165684378
2747,72,0.01201067787790055
2747,73,0.011906136880547178
2747,74,0.011795133947552027
2747,75,0.011677356312306516
2747,76,0.011552446196053213
2747,77,0.011420008602417826
2747,78,0.011279621471433817
2747,79,0.011130848172275085
2747,80,0.010973252165558226
2747,81,0.010806413485859501
2747,82,0.010629946489884717
2747,83,0.010443518097944578
2747,84,0.010246865544663189
2747,85,0.010039812474061775
2747,86,0.009822282094398725
2747,87,0.009594306082324805
2747,88,0.009356028025953502
2747,89,0.009107700448223259
2747,90,0.0088496748695351
2747,91,0.008582384948914272
2747,92,0.00830632346125622
2747,93,0.008022014676655873
2747,94,0.007729984536214357
2747,95,0.007430618493576118
2747,96,0.007124231161380171
2747,97,0.006811277224379378
2747,98,0.006492145347020028
2747,99,0.006167174827228575
2747,100,0.005836689696212482
2747,101,0.005501050855172253
2747,102,0.0051607246973487154
2747,103,0.004816364013682615
2747,104,0.004468894045256067
2747,105,0.004119593712232136
2747,106,0.0037701598644140333
2747,107,0.0034227415130031295
2747,108,0.0030799320442528497
2747,109,0.002744710802927389
2747,110,0.0024203311718820606
2747,111,0.00211015979741454
2747,112,0.0018174797545657294
2747,113,0.001545277615993361
2747,114,0.0012960389098163887
2747,115,0.0010715770433983689
2747,116,0.0008729169655171865
2747,117,0.000700247210291526
2754,1,0.026428173496075014
2754,2,0.026828300531415637
2754,3,0.027066349789231454
2754,4,0.027152945996605286
2754,5,0.02710063463257262
2754,6,0.026923338733758764
2754,7,0.02663584503074503
2754,8,0.026253323445645568
2754,9,0.02579088777237495
2754,10,0.025263207209190976
2754,11,0.02468417800182659
2754,12,0.02406666212663066
2754,13,0.02342229638578412
2754,14,0.022761371274802284
2754,15,0.022092775193603312
2754,16,0.02142399649052757
2754,17,0.020761173717946092
2754,18,0.020109183404170908
2754,19,0.019471754524286188
2754,20,0.01885159950257921
2754,21,0.018250552778926128
2754,22,0.017669709496273615
2754,23,0.01710955851744586
2754,24,0.01657010559892988
2754,25,0.016051127576225177
2754,26,0.015552123449885916
2754,27,0.015072320460421233
2754,28,0.014610809898399727
2754,29,0.014166602034469837
2754,30,0.013738670230026272
2754,31,0.013325985340150752
2754,32,0.012927541614927084
2754,33,0.01254237532496638
2754,34,0.012169577301069526
2754,35,0.011808300502968293
2754,36,0.011457763631878231
2754,37,0.011117251687344069
2754,38,0.01078611424925833
2754,39,0.010463762147463746
2754,40,0.010149663068591193
2754,41,0.009843336545739512
2754,42,0.009544348683013194
2754,43,0.009252306884573
2754,44,0.008966854786789128
2754,45,0.00868766753190505
2754,46,0.008414447471615592
2754,47,0.008146920348288645
2754,48,0.0078851922294038
2754,49,0.007630432946803261
2754,50,0.007382272631558871
2754,51,0.007140366029779634
2754,52,0.0069043918025995426
2754,53,0.0066740516619573685
2754,54,0.006449069394084601
2754,55,0.006229189817857748
2754,56,0.006014177720048017
2754,57,0.005803816804075554
2754,58,0.005597908683225304
2754,59,0.005396271943496666
2754,60,0.00519874129543983
2754,61,0.005005166828579252
2754,62,0.00481541337644059
2754,63,0.004629359994873865
2754,64,0.004446899551383757
2754,65,0.004267938418601724
2754,66,0.004092396260909521
2754,67,0.00392020589957587
2754,68,0.0037513132386071055
2754,69,0.0035856772308358
2754,70,0.003423269861573897
2754,71,0.0032640761254368977
2754,72,0.0031131097844983133
2754,73,0.002971079232229862
2754,74,0.0028372808870476955
2754,75,0.0027109213295253578
2754,76,0.0025911442396375508
2754,77,0.002477059649876054
2754,78,0.0023677739228452426
2754,79,0.0022624189657064102
2754,80,0.0021601793639778838
2754,81,0.0020603163302620776
2754,82,0.0019621876008383845
2754,83,0.00186526266192557
2754,84,0.0017691329398917654
2754,85,0.0016735168405484847
2754,86,0.0015782597665699137
2754,87,0.0014833294712543338
2754,88,0.0013888073100148687
2754,89,0.0012948761140221011
2754,90,0.0012018055186375934
2754,91,0.00110993562083895
2754,92,0.0010196598093587723
2754,93,0.0009314075126042078
2754,94,0.000845627456829499
2754,95,0.0007627576562034775
2754,96,0.0006832245201007267
2754,97,0.0006074551258372108
2754,98,0.0005358380719417082
2754,99,0.0004687125502457077
2754,100,0.0004063585083648066
2754,101,0.000348988011929059
2754,102,0.00029673806419486275
2754,103,0.00024966529385907134
2754,104,0.00020774303147019196
2754,105,0.00017086131525975262
2754,106,0.000138830267886084
2754,107,0.0001113870606340169
2754,108,8.820635469353769e-05
2754,109,6.891373103180383e-05
2754,110,5.310125926707208e-05
2754,111,4.03440822925691e-05
2754,112,3.0216763106325183e-05
2754,113,2.2308181046837506e-05
2754,114,1.6233969135028032e-05
2754,115,1.1645812584113637e-05
2754,116,8.237318794834326e-06
2754,117,5.746552714257204e-06
2755,1,0.0003293422119277144
2755,2,0.0003648294329165805
2755,3,0.00040372596048555336
2755,4,0.00044630225801743086
2755,5,0.0004928428928863862
2755,6,0.0005436463590355717
2755,7,0.0005990247651507785
2755,8,0.0006593033765895316
2755,9,0.0007248199998216943
2755,10,0.0007959241989885749
2755,11,0.0008729763353069282
2755,12,0.0009563464214417178
2755,13,0.0010464127846516293
2755,14,0.0011435605344726411
2755,15,0.001248179832939448
2755,16,0.0013606639678370492
2755,17,0.001481407232202577
2755,18,0.001610802616230149
2755,19,0.0017492393208306833
2755,20,0.001897100105319076
2755,21,0.002054758484989558
2755,22,0.0022225757976380663
2755,23,0.0024008981613336117
2755,24,0.002579948239509785
2755,25,0.0026736643278278092
2755,26,0.0027684889245121525
2755,27,0.002864318918761147
2755,28,0.0029610471584326564
2755,29,0.003058562711091356
2755,30,0.0031567511380238525
2755,31,0.003255494779642609
2755,32,0.003354673050665181
2755,33,0.003454162743435628
2755,34,0.0035538383377506596
2755,35,0.003653572315563227
2755,36,0.003753235478960132
2755,37,0.0038526972698474404
2755,38,0.003951826089826724
2755,39,0.004050489618805649
2755,40,0.004148555130957046
2755,41,0.00424588980671993
2755,42,0.004342361039623489
2755,43,0.004437836736808204
2755,44,0.004532185612217573
2755,45,0.004625277471536368
2755,46,0.004716983488056965
2755,47,0.004807176468762021
2755,48,0.004932035584330783
2755,49,0.005072327166186853
2755,50,0.005212613004519906
2755,51,0.005352719316567145
2755,52,0.005492471550450189
2755,53,0.00563169481789801
2755,54,0.005770214317221761
2755,55,0.005907855744697752
2755,56,0.0060444456926841104
2755,57,0.006179812032974125
2755,58,0.006313784284072273
2755,59,0.0064461939612646905
2755,60,0.006576874908543803
2755,61,0.006705663611633432
2755,62,0.006832399491545149
2755,63,0.006956925178276917
2755,64,0.007079086764439734
2755,65,0.007198734038764999
2755,66,0.007315720699604845
2755,67,0.007429904548687098
2755,68,0.007541147665526075
2755,69,0.007649316563018709
2755,70,0.007754282324872146
2755,71,0.007896760876490687
2755,72,0.00813370863414195
2755,73,0.008371002643265764
2755,74,0.008608363921610874
2755,75,0.008845514235744882
2755,76,0.009082176925847006
2755,77,0.009318077696630999
2755,78,0.009552945370367228
2755,79,0.009786512598441273
2755,80,0.01001851652836954
2755,81,0.010248699423681775
2755,82,0.010476809234571954
2755,83,0.010702600117705631
2755,84,0.010925832904049719
2755,85,0.011146275514054293
2755,86,0.011363703319961251
2755,87,0.011577899455438507
2755,88,0.011788655073137169
2755,89,0.011995769551140085
2755,90,0.012199050649612722
2755,91,0.012398314619277564
2755,92,0.01259338626361311
2755,93,0.012784098956924984
2755,94,0.012970294620650878
2755,95,0.013630889471061926
2755,96,0.014353615962758519
2755,97,0.015083616040621462
2755,98,0.015818342817658624
2755,99,0.01655514597385054
2755,100,0.01729129405415053
2755,101,0.018023998153438334
2755,102,0.0187504366273873
2755,103,0.019467780446377835
2755,104,0.02017321879679686
2755,105,0.020863984530591472
2755,106,0.021537379069779372
2755,107,0.02219079638744779
2755,108,0.0228217457100017
2755,109,0.02342787261621573
2755,110,0.024006978245951147
2755,111,0.02455703637400735
2755,112,0.025076208151160774
2755,113,0.025562854363616917
2755,114,0.026015545112465146
2755,115,0.026433066864927482
2755,116,0.026814426877956515
2755,117,0.02715885504091579
2771,1,0.0031910843103617964
2771,2,0.003482659013197897
2771,3,0.003790726421638189
2771,4,0.004114883866676884
2771,5,0.004454534271922332
2771,6,0.004808877069966428
2771,7,0.005176902069244528
2771,8,0.005557386678929655
2771,9,0.005948896839277089
2771,10,0.0063497919274118995
2771,11,0.006758233815443348
2771,12,0.007172200151484023
2771,13,0.007589501817955774
2771,14,0.008007804399490016
2771,15,0.008424653369330983
2771,16,0.008837502583312779
2771,17,0.009243745559179218
2771,18,0.009640748921056813
2771,19,0.010025887308647513
2771,20,0.010396578991875923
2771,21,0.010750321397108218
2771,22,0.011084725742404825
2771,23,0.011397549997162634
2771,24,0.011674978871741236
2771,25,0.011830064076674609
2771,26,0.011975255469283207
2771,27,0.012110481340284876
2771,28,0.012235711706477283
2771,29,0.012350956821618683
2771,30,0.012456265457141258
2771,31,0.012551722983431844
2771,32,0.01263744928271187
2771,33,0.012713596524366422
2771,34,0.012780346832956228
2771,35,0.012837909878145894
2771,36,0.012886520414448509
2771,37,0.012926435797074788
2771,38,0.012957933498337829
2771,39,0.012981308647053783
2771,40,0.012996871611245672
2771,41,0.013004945642247655
2771,42,0.013005864596064756
2771,43,0.012999970745606422
2771,44,0.012987612695216274
2771,45,0.01296914340679431
2771,46,0.012944918344777054
2771,47,0.012915293745325313
2771,48,0.012872129534329714
2771,49,0.01281731260754301
2771,50,0.012754400217199549
2771,51,0.01268391470337296
2771,52,0.012606379109350738
2771,53,0.01252231435501953
2771,54,0.012432236649022302
2771,55,0.01233665514270529
2771,56,0.012236069825757302
2771,57,0.012130969660675664
2771,58,0.012021830950775601
2771,59,0.01190911593438959
2771,60,0.011793271596170695
2771,61,0.011674728685004097
2771,62,0.011553900926926087
2771,63,0.011431184420626718
2771,64,0.011306957202548661
2771,65,0.01118157896826455
2771,66,0.011055390936692687
2771,67,0.010928715843771003
2771,68,0.010801858052426021
2771,69,0.010675103766023184
2771,70,0.01054872133294452
2771,71,0.010398224735053275
2771,72,0.01018898440959011
2771,73,0.009978274785883274
2771,74,0.00976673304812089
2771,75,0.00955495432991693
2771,76,0.00934349166698103
2771,77,0.009132856304232209
2771,78,0.008923518314815745
2771,79,0.008715907489642485
2771,80,0.00851041445772121
2771,81,0.008307391999597433
2771,82,0.008107156518549319
2771,83,0.007909989636739185
2771,84,0.0077161398861995455
2771,85,0.007525824467279876
2771,86,0.007339231049936449
2771,87,0.00715651959596391
2771,88,0.006977824182905181
2771,89,0.006803254812903707
2771,90,0.006632899192154235
2771,91,0.006466824468849136
2771,92,0.006305078919592998
2771,93,0.006147693576163965
2771,94,0.005994683786231856
2771,95,0.005633647266238434
2771,96,0.005263580978157174
2771,97,0.004909420638248314
2771,98,0.004571744273049584
2771,99,0.004250900136954896
2771,100,0.003947032530509018
2771,101,0.003660107464527698
2771,102,0.0033899376152766373
2771,103,0.003136206134286667
2771,104,0.002898488986060577
2771,105,0.002676275585606777
2771,106,0.0024689875940693065
2771,107,0.0022759958041888603
2771,108,0.002096635108054687
2771,109,0.0019302175882121085
2771,110,0.0017760438106376934
2771,111,0.0016334124255640865
2771,112,0.0015016282009197527
2771,113,0.0013800086245627234
2771,114,0.001267889216814058
2771,115,0.0011646276952356589
2771,116,0.001069607130239022
2771,117,0.000982238223918238
2803,1,0.001722729873648422
2803,2,0.00198792811828931
2803,3,0.0022828599138817636
2803,4,0.0026088160637939774
2803,5,0.002966778961053585
2803,6,0.003357359254996134
2803,7,0.0037807344618929297
2803,8,0.004236591869403269
2803,9,0.004724078201812763
2803,10,0.005241758526169835
2803,11,0.005787586775769319
2803,12,0.006358890039977318
2803,13,0.006952368418160494
2803,14,0.007564111768176702
2803,15,0.008189634112050722
2803,16,0.008823925816056706
2803,17,0.009461522968785259
2803,18,0.01009659267298327
2803,19,0.010723032281822474
2803,20,0.011334579984920745
2803,21,0.011924933618895338
2803,22,0.012487874171885177
2803,23,0.013017390195049536
2803,24,0.013487732607859895
2803,25,0.013749105375964042
2803,26,0.01399331999757147
2803,27,0.014219946917834467
2803,28,0.014428664984205673
2803,29,0.014619259641436812
2803,30,0.014791620134568504
2803,31,0.014945735817074837
2803,32,0.01508169166844096
2803,33,0.015199663130037403
2803,34,0.01529991037034334
2803,35,0.015382772090538888
2803,36,0.015448658979446705
2803,37,0.015498046922997475
2803,38,0.015531470068078345
2803,39,0.015549513834063475
2803,40,0.015552807957786723
2803,41,0.015542019649454888
2803,42,0.015517846928260727
2803,43,0.015481012197463078
2803,44,0.01543225610966321
2803,45,0.015372331764099635
2803,46,0.015301999269165738
2803,47,0.015222020695152591
2803,48,0.015111073371211578
2803,49,0.014976299007969922
2803,50,0.01482721142080531
2803,51,0.014665008339806527
2803,52,0.014490883136584466
2803,53,0.014306016387686938
2803,54,0.014111568297160282
2803,55,0.013908671987645746
2803,56,0.01369842765529923
2803,57,0.013481897571504543
2803,58,0.013260101903836974
2803,59,0.013034015320002304
2803,60,0.012804564331464761
2803,61,0.012572625328092588
2803,62,0.012339023251275713
2803,63,0.012104530850471494
2803,64,0.011869868466868045
2803,65,0.011635704287668927
2803,66,0.011402655015246992
2803,67,0.011171286896941173
2803,68,0.010942117063435628
2803,69,0.010715615126332359
2803,70,0.010492204988584095
2803,71,0.010228094583609085
2803,72,0.009864032143497037
2803,73,0.00950372241019528
2803,74,0.009148277939960706
2803,75,0.008798684554597664
2803,76,0.008455805561449491
2803,77,0.008120386891613393
2803,78,0.007793062967152427
2803,79,0.007474363121621858
2803,80,0.007164718413327983
2803,81,0.006864468686789541
2803,82,0.0065738697543449714
2803,83,0.0062931005862955905
2803,84,0.006022270414024509
2803,85,0.0057614256658916905
2803,86,0.005510556670151052
2803,87,0.0052696040725055725
2803,88,0.005038464928106536
2803,89,0.004816998438755675
2803,90,0.004605031315767214
2803,91,0.004402362757408898
2803,92,0.004208769037107617
2803,93,0.004024007704741489
2803,94,0.003847821408421364
2803,95,0.003441300998115605
2803,96,0.003044871176925913
2803,97,0.0026852309924485372
2803,98,0.002360664699531912
2803,99,0.0020691860327041824
2803,100,0.0018086272848507662
2803,101,0.0015767165746059862
2803,102,0.0013711431297039813
2803,103,0.0011896109180076174
2803,104,0.0010298813333369976
2803,105,0.0008898059009468901
2803,106,0.0007673501229272127
2803,107,0.0006606096542387535
2803,108,0.0005678200031891469
2803,109,0.00048736090267773307
2803,110,0.00041775641560344844
2803,111,0.00035767173242723545
2803,112,0.000305907501691303
2803,113,0.0002613924137169027
2803,114,0.00022317464000064
2803,115,0.0001904126204027854
2803,116,0.00016236558988487004
2803,117,0.00013838414784521545
2815,1,0.0015968504822043465
2815,2,0.0018760387147753676
2815,3,0.0021842834805931494
2815,4,0.0025207108606925487
2815,5,0.0028837182058805396
2815,6,0.0032709775974994596
2815,7,0.003679470985812282
2815,8,0.004105555853547252
2815,9,0.004545058311767481
2815,10,0.004993388871231006
2815,11,0.005445674865575827
2815,12,0.005896902707595286
2815,13,0.006342062863237919
2815,14,0.006776290612189826
2815,15,0.007194996274631623
2815,16,0.007593979539610033
2815,17,0.007969523733471073
2815,18,0.008318467212587055
2815,19,0.00863825045134483
2815,20,0.008926938732086885
2815,21,0.009183221551688882
2815,22,0.009406390881596907
2815,23,0.009596301216312544
2815,24,0.009763749952509488
2815,25,0.010001435634939307
2815,26,0.010223258063466958
2815,27,0.010430246997755572
2815,28,0.010623554831663717
2815,29,0.010804408557378088
2815,30,0.010974063268913375
2815,31,0.011133758432777084
2815,32,0.01128467806574116
2815,33,0.01142791586605482
2815,34,0.011564446236082977
2815,35,0.01169510200004461
2815,36,0.011820559448787432
2815,37,0.011941331125037544
2815,38,0.012057766492626841
2815,39,0.012170060314109965
2815,40,0.012278268203854711
2815,41,0.012382328448302591
2815,42,0.012482088820326896
2815,43,0.012577336795308562
2815,44,0.012667831339881556
2815,45,0.012753334324767407
2815,46,0.012833639636980037
2815,47,0.01290859824668969
2815,48,0.012926569367713412
2815,49,0.012915602943568654
2815,50,0.012897953688645828
2815,51,0.012874120568105786
2815,52,0.012844588602849512
2815,53,0.012809828243486894
2815,54,0.012770295131972816
2815,55,0.012726430209242166
2815,56,0.012678660124445656
2815,57,0.012627397899421003
2815,58,0.012573043800800453
2815,59,0.012515986371593544
2815,60,0.012456603574101164
2815,61,0.01239526399649416
2815,62,0.012332328076193319
2815,63,0.012268149294180653
2815,64,0.012203075295441485
2815,65,0.012137448891803824
2815,66,0.012071608904487994
2815,67,0.012005890804758874
2815,68,0.01194062711231583
2815,69,0.011876147512670032
2815,70,0.011812778657013032
2815,71,0.011700237219553173
2815,72,0.011471463302514204
2815,73,0.011245060628671763
2815,74,0.01102150052867364
2815,75,0.010801210514414064
2815,76,0.010584572880593139
2815,77,0.010371923368409178
2815,78,0.010163549954956799
2815,79,0.009959691841148186
2815,80,0.00976053871806396
2815,81,0.009566230395701394
2815,82,0.009376856878239118
2815,83,0.009192458965340499
2815,84,0.009013029448947935
2815,85,0.008838514958915009
2815,86,0.00866881848832965
2815,87,0.008503802600374045
2815,88,0.00834329328316476
2815,89,0.008187084377572026
2815,90,0.008034942456128714
2815,91,0.00788661197967201
2815,92,0.0077418205035167335
2815,93,0.007600283648416336
2815,94,0.007461709495688766
2815,95,0.006985189202599455
2815,96,0.006496605393509759
2815,97,0.006034526477083638
2815,98,0.005598317286697248
2815,99,0.005187239163871079
2815,100,0.0048004632998227045
2815,101,0.004437082257926702
2815,102,0.004096120222916341
2815,103,0.0037765426728203974
2815,104,0.0034772662836721996
2815,105,0.0031971699313863176
2815,106,0.002935107622832902
2815,107,0.002689924041786622
2815,108,0.0024604731129686235
2815,109,0.002245639559414943
2815,110,0.002044362867219136
2815,111,0.0018556624202967636
2815,112,0.0016786619057736288
2815,113,0.0015126105332240634
2815,114,0.0013568982978527776
2815,115,0.001211062588111595
2815,116,0.0010747839947619828
2815,117,0.0009478702452074602
282,1,0.0212227720228132
282,2,0.02111852173486795
282,3,0.020950569915042624
282,4,0.02073130957789417
282,5,0.02047217154462329
282,6,0.020183339394635562
282,7,0.019873594093947546
282,8,0.0195502688543461
282,9,0.0192192908269293
282,10,0.018885285528236605
282,11,0.018551721561802476
282,12,0.018221076346809868
282,13,0.017895007426004698
282,14,0.017574517899885705
282,15,0.017260108215003424
282,16,0.01695190968342487
282,17,0.01664979762706973
282,18,0.016353483921460864
282,19,0.016062590016943157
282,20,0.01577670233246986
282,21,0.015495412349313646
282,22,0.015218343877834106
282,23,0.01494516991648341
282,24,0.01467562134011582
282,25,0.014409456936118503
282,26,0.014146502555438104
282,27,0.013886658927182
282,28,0.013629876739773812
282,29,0.013376149825213315
282,30,0.013125507704149513
282,31,0.012878007968230167
282,32,0.012633728851878426
282,33,0.012392762242163435
282,34,0.012155207291385289
282,35,0.011921164730480723
282,36,0.011690731930182448
282,37,0.011463998718727384
282,38,0.011241043937528594
282,39,0.011021932697455768
282,40,0.010806714286278982
282,41,0.01059542067075753
282,42,0.010388065533431693
282,43,0.01018464378332327
282,44,0.009985131480660134
282,45,0.00978948611782603
282,46,0.009597647201592634
282,47,0.009409537085040878
282,48,0.009225093207891305
282,49,0.009044330215804357
282,50,0.008867108283168985
282,51,0.00869327813824596
282,52,0.008522682175110166
282,53,0.00835515559355985
282,54,0.008190527561799424
282,55,0.008028622395854562
282,56,0.007869260749137534
282,57,0.007712260805285575
282,58,0.007557439467303853
282,59,0.007404613536130029
282,60,0.007253600871984166
282,61,0.007104221532264508
282,62,0.006956298880284194
282,63,0.006809660659799611
282,64,0.006664140031033315
282,65,0.006519576564711087
282,66,0.0063758171914755375
282,67,0.006232717104864885
282,68,0.006090140616812194
282,69,0.005947961965286136
282,70,0.0058060660742238175
282,71,0.005664349266270469
282,72,0.005522291601114254
282,73,0.005379809001727408
282,74,0.005237000842840189
282,75,0.005094025637537222
282,76,0.004951092783948614
282,77,0.0048084500453090175
282,78,0.004666367541546293
282,79,0.0045251194364491565
282,80,0.004384964776061537
282,81,0.004246129041279241
282,82,0.004108787915808289
282,83,0.003973054558165669
282,84,0.003838971339816412
282,85,0.003706506617939727
282,86,0.0035755567000633776
282,87,0.00344595277303036
282,88,0.003317472243863349
282,89,0.003189853694943256
282,90,0.0030628144968639233
282,91,0.0029360700444665795
282,92,0.0028093535724368116
282,93,0.0026824355505166817
282,94,0.0025551417389968363
282,95,0.0024273654897524954
282,96,0.002299083796934238
282,97,0.002170374764889839
282,98,0.002041417694890487
282,99,0.001912495339409247
282,100,0.0017839914629585246
282,101,0.0016563836642174003
282,102,0.0015302316380020086
282,103,0.0014061612769063327
282,104,0.0012848452205661588
282,105,0.0011669806455337744
282,106,0.001053265242150927
282,107,0.0009443724397408522
282,108,0.0008409270125570266
282,109,0.0007434822216747894
282,110,0.0006524996178279887
282,111,0.0005683325420757776
282,112,0.0004912142101986559
282,113,0.0004212510497536094
282,114,0.00035842167737666327
282,115,0.0003025815679002033
282,116,0.000253473096537854
282,117,0.0002107402623427532
2837,1,0.00014475451346088392
2837,2,0.00016948401829270222
2837,3,0.0001978543525875594
2837,4,0.00023029372840956513
2837,5,0.0002672626958883626
2837,6,0.0003092538019867222
2837,7,0.00035679076162978534
2837,8,0.00041042709409981734
2837,9,0.00047074418319317004
2837,10,0.0005383487268684235
2837,11,0.0006138695509425584
2837,12,0.0006979537717147194
2837,13,0.0007912623040566862
2837,14,0.0008944647242921688
2837,15,0.0010082335108292748
2837,16,0.0011332376997037603
2837,17,0.0012701360065915284
2837,18,0.0014195694810894169
2837,19,0.0015821537727627813
2837,20,0.001758471101235833
2837,21,0.001949062034087087
2837,22,0.0021544171861631444
2837,23,0.0023749689618303774
2837,24,0.0025989732409026655
2837,25,0.002722381808864096
2837,26,0.0028480537240523525
2837,27,0.0029758296642966972
2837,28,0.003105542580968894
2837,29,0.0032370183430355183
2837,30,0.0033700764094103984
2837,31,0.003504530524178302
2837,32,0.0036401894292307775
2837,33,0.0037768575888825037
2837,34,0.0039143359211195085
2837,35,0.0040524225302648615
2837,36,0.004190913436029312
2837,37,0.004329603294139081
2837,38,0.0044682861039962414
2837,39,0.00460675589912318
2837,40,0.0047448074164673434
2837,41,0.004882236740989353
2837,42,0.005018841922323261
2837,43,0.005154423560674997
2837,44,0.005288785359511218
2837,45,0.005421734642979465
2837,46,0.005553082836388377
2837,47,0.005682645908459189
2837,48,0.005855241473783751
2837,49,0.006046788450380617
2837,50,0.006238048560073218
2837,51,0.006428740786353762
2837,52,0.006618587935320382
2837,53,0.0068073175708480765
2837,54,0.006994662890314965
2837,55,0.007180363537064194
2837,56,0.007364166346506351
2837,57,0.007545826023484312
2837,58,0.0077251057492227215
2837,59,0.007901777716861083
2837,60,0.008075623595217211
2837,61,0.008246434921040335
2837,62,0.008414013420585831
2837,63,0.008578171261873805
2837,64,0.008738731239477627
2837,65,0.008895526894124034
2837,66,0.009048402569773639
2837,67,0.009197213411187146
2837,68,0.009341825305270385
2837,69,0.009482114769729585
2837,70,0.009617968792759678
2837,71,0.009794424791288595
2837,72,0.01007257575138166
2837,73,0.010347276010523359
2837,74,0.010618104014503658
2837,75,0.010884659360397087
2837,76,0.011146564065183315
2837,77,0.011403463641305775
2837,78,0.011655027979300911
2837,79,0.01190095203951233
2837,80,0.012140956356645437
2837,81,0.012374787362501674
2837,82,0.01260221753365205
2837,83,0.012823045372053456
2837,84,0.013037095227681964
2837,85,0.013244216973147958
2837,86,0.013444285540974562
2837,87,0.013637200334766168
2837,88,0.013822884525875049
2837,89,0.014001284247399284
2837,90,0.014172367697426051
2837,91,0.014336124163379343
2837,92,0.014492562979155856
2837,93,0.01464171242644772
2837,94,0.014783618591269447
2837,95,0.015258184829299363
2837,96,0.015740094096070967
2837,97,0.01618724662205417
2837,98,0.016596726303336445
2837,99,0.01696596532577612
2837,100,0.017292772490344006
2837,101,0.017575354915449076
2837,102,0.017812332872424848
2837,103,0.018002747681198705
2837,104,0.018146062758782958
2837,105,0.01824215806861672
2837,106,0.01829131835958266
2837,107,0.018294215706145475
2837,108,0.018251886962795946
2837,109,0.018165706825052617
2837,110,0.018037357244814926
2837,111,0.017868793979905838
2837,112,0.017662211067037147
2837,113,0.017420003995731462
2837,114,0.017144732330083012
2837,115,0.01683908247822301
2837,116,0.01650583124886412
2837,117,0.016147810763381024
284,1,0.00011669756867342694
284,2,0.00014753471143753535
284,3,0.00018424501263705154
284,4,0.0002273464946516119
284,5,0.0002772794321646561
284,6,0.00033438777348709356
284,7,0.0003989056729705482
284,8,0.0004709501859370611
284,9,0.0005505205882969181
284,10,0.0006375041642259605
284,11,0.0007316877392977541
284,12,0.0008327737913559392
284,13,0.0009403996908475975
284,14,0.0010541585212380771
284,15,0.001173619996035179
284,16,0.0012983501880847966
284,17,0.0014279290728509417
284,18,0.0015619652109228287
284,19,0.001700107211589739
284,20,0.0018420518952859373
284,21,0.0019875492877440585
284,22,0.002136404725853768
284,23,0.002288478438666443
284,24,0.0024436829985161656
284,25,0.0026019726530608052
284,26,0.0027633421546660168
284,27,0.0029278210527361624
284,28,0.0030954619604095673
284,29,0.0032663313514189082
284,30,0.003440500054427065
284,31,0.0036180337683402574
284,32,0.003798983932013273
284,33,0.0039833792867117876
284,34,0.0041712184637924
284,35,0.0043624639083863215
284,36,0.004557037409338414
284,37,0.004754817445533438
284,38,0.0049556384808483725
284,39,0.005159292248477964
284,40,0.005365530966341559
284,41,0.005574072325922144
284,42,0.005784606004807858
284,43,0.005996801375544139
284,44,0.006210316026123914
284,45,0.0064248046747585365
284,46,0.00663992805558421
284,47,0.006855361372507222
284,48,0.007070946017492359
284,49,0.007287038479746536
284,50,0.007503554646426683
284,51,0.007720421215518336
284,52,0.007937575750705948
284,53,0.008154966692731079
284,54,0.008372553324765965
284,55,0.008590305688769262
284,56,0.008808204448657988
284,57,0.009026240694251262
284,58,0.00924441567719072
284,59,0.009462740466357646
284,60,0.009681235505696344
284,61,0.00989993005190267
284,62,0.010118861463304131
284,63,0.010338074304670123
284,64,0.010557619225930497
284,65,0.010777551566178805
284,66,0.010997929628256456
284,67,0.011218812564042502
284,68,0.011440257806706267
284,69,0.011662317984009345
284,70,0.011885037246648666
284,71,0.012108446947963532
284,72,0.01233148133922568
284,73,0.012553690137771023
284,74,0.012774796118553507
284,75,0.012994463800860848
284,76,0.013212298487737579
284,77,0.013427846944310907
284,78,0.013640599866327182
284,79,0.013849996205730344
284,80,0.014055429300673768
284,81,0.014256254596280785
284,82,0.014451798537293864
284,83,0.014641367968890658
284,84,0.014824259110642824
284,85,0.014999764893690037
284,86,0.015167179204435334
284,87,0.01532579639787602
284,88,0.015474904371639763
284,89,0.01561376956800972
284,90,0.0157416125291441
284,91,0.01585757309185461
284,92,0.015960664977649714
284,93,0.016049720396291888
284,94,0.01612332630076668
284,95,0.016179532928616746
284,96,0.01621591476910805
284,97,0.01622994601665204
284,98,0.016218570320140048
284,99,0.016178154399070478
284,100,0.01610446945038524
284,101,0.015992709973928092
284,102,0.015837559529657968
284,103,0.015633312345414107
284,104,0.015374058578004729
284,105,0.015053939232569575
284,106,0.01466747390598952
284,107,0.014209960049561564
284,108,0.013677935605891776
284,109,0.01306968702557511
284,110,0.012385771686995043
284,111,0.011629508525513005
284,112,0.010807375561979814
284,113,0.009929241855350497
284,114,0.009008359065276637
284,115,0.008061049051813417
284,116,0.0071060517521892635
284,117,0.0061635414822157385
2900,1,0.013667791188322684
2900,2,0.014731084964272487
2900,3,0.015697810359067234
2900,4,0.01655608694366805
2900,5,0.01729902075147834
2900,6,0.0179243050541258
2900,7,0.018433577627188863
2900,8,0.01883164435252333
2900,9,0.019125666598784428
2900,10,0.019324388378696773
2900,11,0.01943745451502343
2900,12,0.01947484743015337
2900,13,0.019446450561196097
2900,14,0.019361732096933832
2900,15,0.019229533817274175
2900,16,0.019057945575763364
2900,17,0.018854245291361413
2900,18,0.018624886014301265
2900,19,0.018375514631824224
2900,20,0.018111010240319952
2900,21,0.01783553354629027
2900,22,0.01755258152327808
2900,23,0.017265043791544282
2900,24,0.01697525878590095
2900,25,0.01668505649090538
2900,26,0.016395826498903587
2900,27,0.016108570378405674
2900,28,0.01582393961065332
2900,29,0.015542280166285102
2900,30,0.015263676543017617
2900,31,0.01498799535975134
2900,32,0.014714928358182404
2900,33,0.014444034428002414
2900,34,0.014174780077887545
2900,35,0.01390657764328652
2900,36,0.013638820465169774
2900,37,0.013370914293896502
2900,38,0.013102304263736096
2900,39,0.012832496934512603
2900,40,0.01256107709098246
2900,41,0.01228771920906171
2900,42,0.012012193721534658
2900,43,0.011734368426353002
2900,44,0.011454205562817997
2900,45,0.011171755223430906
2900,46,0.01088714586503112
2900,47,0.010600572729570148
2900,48,0.010313524022566477
2900,49,0.010031166354086487
2900,50,0.009753485517816275
2900,51,0.009480449863421945
2900,52,0.009212013179253561
2900,53,0.00894811734562813
2900,54,0.008688694764725986
2900,55,0.008433670571717296
2900,56,0.008182964630970157
2900,57,0.007936493321123502
2900,58,0.007694171113440425
2900,59,0.007455911949152266
2900,60,0.007221630423383642
2900,61,0.006991242785598402
2900,62,0.006764667769178787
2900,63,0.006541827265571297
2900,64,0.006322646861209806
2900,65,0.006107056257958202
2900,66,0.005894989599900616
2900,67,0.005686385730759215
2900,68,0.005481188406872858
2900,69,0.005279346490394099
2900,70,0.005080814146068719
2900,71,0.004885551062612919
2900,72,0.004693322617644699
2900,73,0.004504096731716684
2900,74,0.0043179143348512005
2900,75,0.004134831522858939
2900,76,0.003954918190355275
2900,77,0.003778256057171683
2900,78,0.0036049360955224857
2900,79,0.003435055418470714
2900,80,0.0032687137471931393
2900,81,0.0031060096299113864
2900,82,0.002947036633188365
2900,83,0.002791879760627415
2900,84,0.0026406123695033837
2900,85,0.0024932938483787294
2900,86,0.002349968285988447
2900,87,0.002210664303549559
2900,88,0.0020753961416716264
2900,89,0.0019441659944087872
2900,90,0.0018169674744491517
2900,91,0.0016937899848421568
2900,92,0.0015746236751980837
2900,93,0.001459464585300938
2900,94,0.0013483195366006692
2900,95,0.0012411422800207464
2900,96,0.001137902033133912
2900,97,0.0010387143889388553
2900,98,0.0009437134357428205
2900,99,0.0008530478689130523
2900,100,0.0007668754308709407
2900,101,0.0006853559623108068
2900,102,0.000608643421285818
2900,103,0.0005368772694549005
2900,104,0.0004701736426661189
2900,105,0.00040861672688632147
2900,106,0.00035225076152262867
2900,107,0.00030107309738556035
2900,108,0.00025502874446221624
2900,109,0.00021400684366360492
2900,110,0.00017783946686984015
2900,111,0.00014630306856176548
2900,112,0.00011912276385452267
2900,113,9.59793904340813e-05
2900,114,7.651904478638684e-05
2900,115,6.036450535135242e-05
2900,116,4.7127718673296016e-05
2900,117,3.6422380725288906e-05
2916,1,0.0005509407132036752
2916,2,0.0006602620614996541
2916,3,0.0007827707750240585
2916,4,0.0009183994562790144
2916,5,0.0010668380902748259
2916,6,0.0012275570712409042
2916,7,0.0013998417879523
2916,8,0.0015828351537117893
2916,9,0.0017755840448462144
2916,10,0.001977085715142609
2916,11,0.0021863307914359613
2916,12,0.0024023402808585515
2916,13,0.0026241949681634234
2916,14,0.0028510565025754026
2916,15,0.003082180257259426
2916,16,0.0033169206295049444
2916,17,0.0035547298223183523
2916,18,0.003795151331199573
2916,19,0.004037809398011883
2916,20,0.004282395638200704
2916,21,0.004528653944023041
2916,22,0.004776364648218956
2916,23,0.0050253288180622325
2916,24,0.0052753534439422805
2916,25,0.005526218318055629
2916,26,0.0057776850818827856
2916,27,0.006029498523704585
2916,28,0.006281370525989455
2916,29,0.006532976862885682
2916,30,0.006783956981757734
2916,31,0.007033916705022362
2916,32,0.0072824336011566605
2916,33,0.007529064594884581
2916,34,0.0077733552360259445
2916,35,0.008014849942143127
2916,36,0.008253102484846179
2916,37,0.008487686009210897
2916,38,0.008718201957846346
2916,39,0.008944287405408605
2916,40,0.009165620479059456
2916,41,0.009381923724875816
2916,42,0.009592965458087363
2916,43,0.009798559287139897
2916,44,0.009998562113771887
2916,45,0.010192870975969487
2916,46,0.010381419117312022
2916,47,0.010564171640656825
2916,48,0.010741179153912218
2916,49,0.010912692508820591
2916,50,0.011078724349161212
2916,51,0.011239304032324123
2916,52,0.011394475663952814
2916,53,0.011544295987040942
2916,54,0.01168883213296657
2916,55,0.011828159239601618
2916,56,0.011962357938365118
2916,57,0.01209151170828642
2916,58,0.012215704091312344
2916,59,0.012335015759808384
2916,60,0.012449521425069601
2916,61,0.012559286575241073
2916,62,0.012664364032830493
2916,63,0.012764790326315716
2916,64,0.012860581877361775
2916,65,0.012951731014803177
2916,66,0.013038201838529603
2916,67,0.013119925970225717
2916,68,0.013196798242857261
2916,69,0.013268672396020418
2916,70,0.013335356858861166
2916,71,0.013396610715312297
2916,72,0.013449977249539335
2916,73,0.013494432163153528
2916,74,0.013529409631381634
2916,75,0.013554318082778273
2916,76,0.013568555804971521
2916,77,0.013571528313295183
2916,78,0.013562666516044977
2916,79,0.013541444442053636
2916,80,0.013507395087814952
2916,81,0.013460122830982807
2916,82,0.01339931088015605
2916,83,0.013324722414001367
2916,84,0.013236194417798573
2916,85,0.01313362374454404
2916,86,0.013016945580260725
2916,87,0.012886105225904786
2916,88,0.012741024849049438
2916,89,0.012581567523978578
2916,90,0.012407501385707408
2916,91,0.012218467002585928
2916,92,0.012013951082851814
2916,93,0.011793269372870086
2916,94,0.011555561126504674
2916,95,0.011299780999092691
2916,96,0.011024728346679039
2916,97,0.010729110737720907
2916,98,0.010411570907994187
2916,99,0.010070764073864175
2916,100,0.009705454206317092
2916,101,0.009314629096296826
2916,102,0.008897633216552434
2916,103,0.008454315879030646
2916,104,0.007985189716946194
2916,105,0.007491590964057098
2916,106,0.006975828544824319
2916,107,0.00644130423822153
2916,108,0.005892582202652078
2916,109,0.005335384367454729
2916,110,0.0047764901029033035
2916,111,0.004223525331507625
2916,112,0.0036846381767819928
2916,113,0.0031680744731572416
2916,114,0.0026816846903601034
2916,115,0.002232410555584132
2916,116,0.001825810806731915
2916,117,0.0014656874274170506
292,1,0.00809661690707304
292,2,0.008514630818167595
292,3,0.008904353710000694
292,4,0.009264068975330896
292,5,0.009592975503727647
292,6,0.00989111347972715
292,7,0.010159256388925179
292,8,0.010398779983582889
292,9,0.010611519273693651
292,10,0.010799623913461204
292,11,0.01096542087803139
292,12,0.011111291352267308
292,13,0.011239566565688797
292,14,0.011352445153839163
292,15,0.011451932696876225
292,16,0.011539802504860254
292,17,0.011617575545349713
292,18,0.01168651664750097
292,19,0.011747643732541422
292,20,0.011801746752314782
292,21,0.011849413192408773
292,22,0.011891057339424126
292,23,0.011926950954481775
292,24,0.011957253478952545
292,25,0.011982028068329412
292,26,0.01200128066696548
292,27,0.012014986856928922
292,28,0.012023103998921333
292,29,0.012025586850278673
292,30,0.012022400030376834
292,31,0.012013527480060947
292,32,0.011998979152441476
292,33,0.011978795231296304
292,34,0.011953048205339182
292,35,0.011921843136982163
292,36,0.011885316458065098
292,37,0.011843633607085255
292,38,0.011796985796851215
292,39,0.011745586171562301
292,40,0.011689665580618801
292,41,0.011629468164761564
292,42,0.011565246919507414
292,43,0.01149725937185429
292,44,0.011425763479089827
292,45,0.011351013833286856
292,46,0.011273258231702749
292,47,0.011192734651869244
292,48,0.011109735432948707
292,49,0.01102473581008295
292,50,0.010937893323362882
292,51,0.010849353485118118
292,52,0.01075924888242535
292,53,0.010667698313909506
292,54,0.010574805984929147
292,55,0.010480660784469242
292,56,0.010385335665621791
292,57,0.01028888714944831
292,58,0.010191354969350076
292,59,0.010092761869915342
292,60,0.00999311357069206
292,61,0.009892398901597446
292,62,0.009790590112883623
292,63,0.009687643358896601
292,64,0.00958349935144977
292,65,0.009478084175619596
292,66,0.009371310258269696
292,67,0.00926307747769449
292,68,0.009153274401484883
292,69,0.00904177963905672
292,70,0.008928463295215574
292,71,0.00881318851159486
292,72,0.008695291732880826
292,73,0.0085744469241995
292,74,0.008450448276733084
292,75,0.008323105559921771
292,76,0.008192253882586884
292,77,0.008057763473511288
292,78,0.007919548700592444
292,79,0.007777575466483156
292,80,0.0076318661216117495
292,81,0.007482501135633124
292,82,0.0073296169659741025
292,83,0.007173399843595801
292,84,0.007014075535496221
292,85,0.006851895506585767
292,86,0.0066871202532410925
292,87,0.006520000882540418
292,88,0.006350760237358912
292,89,0.006179575000024981
292,90,0.006006560237694718
292,91,0.005831757780904737
292,92,0.005655129658893196
292,93,0.005476557561040152
292,94,0.005295848965271961
292,95,0.005112740698771676
292,96,0.0049269261211880985
292,97,0.0047380996723622466
292,98,0.004545970763612153
292,99,0.004350299603309626
292,100,0.004150935201094333
292,101,0.003947852961796457
292,102,0.003741189023812891
292,103,0.0035312684665722224
292,104,0.0033186247389156653
292,105,0.003104008148972103
292,106,0.002888381978862184
292,107,0.002672905684381045
292,108,0.002458905623274479
292,109,0.0022478347216616213
292,110,0.0020412233310045727
292,111,0.001840624158423575
292,112,0.0016475545140402059
292,113,0.0014634391959671396
292,114,0.0012895571557288656
292,115,0.0011269947170897783
292,116,0.000976607636514727
292,117,0.0008389937614291978
301,1,0.00024642918506086414
301,2,0.0003008733399268666
301,3,0.00036342274680025544
301,4,0.00043442381905497746
301,5,0.0005140832685141641
301,6,0.0006024558724629873
301,7,0.0006994399410211361
301,8,0.0008047810439518086
301,9,0.0009180838841740713
301,10,0.0010388315376593702
301,11,0.0011664106919509992
301,12,0.0013001410728310317
301,13,0.0014393069946623098
301,14,0.0015831889225230216
301,15,0.0017310930841867168
301,16,0.001882377484307369
301,17,0.002036473101899265
301,18,0.002192899537056655
301,19,0.0023512748560291117
301,20,0.002511319815540535
301,21,0.00267285699135034
301,22,0.002835805572338038
301,23,0.003000172705755208
301,24,0.00316604230148967
301,25,0.003333556135571898
301,26,0.0035029007264423327
301,27,0.003674287162690336
301,28,0.0038479308805343484
301,29,0.0040240363699721214
301,30,0.004202783084375914
301,31,0.004384312811283083
301,32,0.004568718696935992
301,33,0.004756036072528517
301,34,0.0049462352014591135
301,35,0.005139216047677963
301,36,0.005334805148233069
301,37,0.005532754651457336
301,38,0.005732743550146563
301,39,0.005934381092620714
301,40,0.006137212292052485
301,41,0.006340725376695117
301,42,0.006544360933997921
301,43,0.006747522405833279
301,44,0.006949587498026933
301,45,0.007149919984460372
301,46,0.0073478813242681025
301,47,0.007542841479754052
301,48,0.007734797884095368
301,49,0.007925839911761845
301,50,0.008115859450025964
301,51,0.008304753487557492
301,52,0.008492424858024835
301,53,0.008678783069914268
301,54,0.008863745200686259
301,55,0.009047236829540749
301,56,0.009229192979575486
301,57,0.009409559037073238
301,58,0.009588291613107237
301,59,0.009765359310649802
301,60,0.009940743358920609
301,61,0.010114438075801735
301,62,0.010286451118731051
301,63,0.010456803484491906
301,64,0.010625529218653649
301,65,0.010792674795985486
301,66,0.010958298133871445
301,67,0.011122467201526808
301,68,0.011285258188627694
301,69,0.011446753197846316
301,70,0.01160703742684059
301,71,0.011766195806668857
301,72,0.011923971148156748
301,73,0.012080348257257168
301,74,0.012235364514619413
301,75,0.012389022621441493
301,76,0.012541283364806284
301,77,0.012692058463227253
301,78,0.012841203776771769
301,79,0.01298851319097094
301,80,0.013133713495041886
301,81,0.013276460566629063
301,82,0.013416337141339786
301,83,0.01355285238080945
301,84,0.013685443354825322
301,85,0.013813478421001286
301,86,0.013936262323175694
301,87,0.014053042644888995
301,88,0.014163017059149055
301,89,0.014265340626402782
301,90,0.01435913222857795
301,91,0.014443479109469519
301,92,0.014517438441972362
301,93,0.01458003488017479
301,94,0.014630253194616034
301,95,0.01466637216689111
301,96,0.014686305746641209
301,97,0.014688940639509781
301,98,0.014673088725538167
301,99,0.014637456269145768
301,100,0.014580607873460705
301,101,0.014500926603367773
301,102,0.014396572543845137
301,103,0.014265443223743502
301,104,0.014105140941878863
301,105,0.013912954151495053
301,106,0.01368586261369869
301,107,0.013420578683313054
301,108,0.013113639147087245
301,109,0.012761562416647538
301,110,0.012361083239351174
301,111,0.01190947011522783
301,112,0.011404918512928679
301,113,0.010846996112131344
301,114,0.010237096677941484
301,115,0.009578840662414424
301,116,0.008878348541963779
301,117,0.008144312848909806
302,1,0.0004843215096055195
302,2,0.0005623527891770485
302,3,0.0006486349756049615
302,4,0.0007435261884557661
302,5,0.000847392953523086
302,6,0.0009606214027847425
302,7,0.0010836278107212922
302,8,0.001216867526274093
302,9,0.0013608415056845398
302,10,0.0015160998584630037
302,11,0.001683242060119973
302,12,0.001862913734072365
302,13,0.0020558001374420794
302,14,0.002262616682867556
302,15,0.0024840969791261056
302,16,0.0027209789721527947
302,17,0.0029739898156678473
302,18,0.003243830102397499
302,19,0.003531158051132012
302,20,0.0038365741814439178
302,21,0.0041606069267742804
302,22,0.0045036995468881015
302,23,0.004866198609939427
302,24,0.005229030655332673
302,25,0.005427407534262084
302,26,0.005626360771740491
302,27,0.005825440389225053
302,28,0.006024173830279529
302,29,0.0062220737280965985
302,30,0.00641864552974607
302,31,0.006613394750545324
302,32,0.006805833670780238
302,33,0.00699548732643847
302,34,0.007181898684688674
302,35,0.00736463293274656
302,36,0.00754328084478101
302,37,0.00771746122491683
302,38,0.007886822454474612
302,39,0.008051043197670096
302,40,0.008209832341474849
302,41,0.008362928261759769
302,42,0.008510097518955604
302,43,0.008651133092267655
302,44,0.008785852262245993
302,45,0.00891409424775523
302,46,0.009035717695843347
302,47,0.009150598112558186
302,48,0.009322366023590193
302,49,0.009516370284697519
302,50,0.009705320934962165
302,51,0.009888922847189612
302,52,0.010066888123997324
302,53,0.010238934762575893
302,54,0.010404785183218064
302,55,0.010564164670868617
302,56,0.010716799781911842
302,57,0.010862416769569366
302,58,0.011000740080656332
302,59,0.011131490974172327
302,60,0.011254386308503327
302,61,0.011369137539165856
302,62,0.011475449963360992
302,63,0.011573022241459747
302,64,0.011661546219236497
302,65,0.011740707068488133
302,66,0.011810183757854477
302,67,0.01186964986035214
302,68,0.011918774699444091
302,69,0.011957224831415727
302,70,0.01198466585838242
302,71,0.012057594877253193
302,72,0.012250681451189047
302,73,0.01243026864645927
302,74,0.012595275696855
302,75,0.012744650960015529
302,76,0.01287739465949008
302,77,0.012992582907102479
302,78,0.01308939139480091
302,79,0.013167116864844506
302,80,0.01322519434411003
302,81,0.013263208197171373
302,82,0.013280895327753254
302,83,0.013278139331233597
302,84,0.013254955043492054
302,85,0.013211463697894272
302,86,0.013147859734296571
302,87,0.013064371135544985
302,88,0.012961215928740857
302,89,0.01283855811271306
302,90,0.012696466697992051
302,91,0.012534881720341057
302,92,0.01235359097818648
302,93,0.012152220831850025
302,94,0.0119302436936801
302,95,0.012060384950324923
302,96,0.012188156606239274
302,97,0.012266849921343605
302,98,0.012292436512936988
302,99,0.012261207366536034
302,100,0.01216996033105341
302,101,0.012016205985810342
302,102,0.01179837906241445
302,103,0.011516039835374806
302,104,0.011170048411298253
302,105,0.010762694977958495
302,106,0.01029777096717873
302,107,0.009780569656593938
302,108,0.009217809666271793
302,109,0.008617480579162982
302,110,0.007988615892755936
302,111,0.0073410040473886615
302,112,0.006684852834813734
302,113,0.0060304257249075635
302,114,0.005387670446245159
302,115,0.004765860603171678
302,116,0.004173270397952723
302,117,0.0036169008252809045
304,1,0.0004962830013182741
304,2,0.0006211546084603528
304,3,0.0007698125115037891
304,4,0.0009446814476679345
304,5,0.0011479356713238174
304,6,0.0013813790680123684
304,7,0.001646326999579537
304,8,0.0019434971733028876
304,9,0.0022729168529843522
304,10,0.002633853140600314
304,11,0.003024771872611664
304,12,0.0034433289785891184
304,13,0.0038863960809663372
304,14,0.004350119855096519
304,15,0.004830012422300251
304,16,0.005321068018951242
304,17,0.005817899552682513
304,18,0.006314887560682106
304,19,0.006806333605858099
304,20,0.007286610301025222
304,21,0.007750300891950527
304,22,0.008192322554075107
304,23,0.008608029120557779
304,24,0.008995095800329018
304,25,0.00937813177906995
304,26,0.009750798141221402
304,27,0.010112754403460534
304,28,0.01046382483354478
304,29,0.01080396429526845
304,30,0.011133223495838599
304,31,0.0114517153768712
304,32,0.011759584198633094
304,33,0.0120569786201953
304,34,0.012344029789519637
304,35,0.012620835140885347
304,36,0.012887448265977054
304,37,0.013143874892681932
304,38,0.01339007468535641
304,39,0.013625968285237756
304,40,0.013851448753042651
304,41,0.01406639637062415
304,42,0.014270695616914705
304,43,0.014464253065257652
304,44,0.014647014961052533
304,45,0.014818983331695458
304,46,0.014980229649892058
304,47,0.01513090530421018
304,48,0.015204216239877328
304,49,0.015232612215188299
304,50,0.015244537931598658
304,51,0.015240929256508917
304,52,0.01522275495438017
304,53,0.015191008459852972
304,54,0.015146700387042841
304,55,0.015090851774420834
304,56,0.015024488046931843
304,57,0.014948633662091752
304,58,0.014864307394854379
304,59,0.014772518207084435
304,60,0.014674261641471306
304,61,0.014570516676553482
304,62,0.014462242979010527
304,63,0.014350378491266157
304,64,0.01423583729642301
304,65,0.01411950770825426
304,66,0.014002250541000141
304,67,0.013884897521623162
304,68,0.01376824981550296
304,69,0.01365307664484444
304,70,0.013540113986888204
304,71,0.01334636101402633
304,72,0.012960251339246671
304,73,0.012577996004277463
304,74,0.012200814568341203
304,75,0.011829773735722887
304,76,0.011465792370033132
304,77,0.011109647871527049
304,78,0.010761983729609069
304,79,0.010423318060575382
304,80,0.010094052941054534
304,81,0.009774484350264168
304,82,0.009464812538811393
304,83,0.009165152647867015
304,84,0.008875545409441648
304,85,0.008595967765217063
304,86,0.008326343246727114
304,87,0.008066551962267368
304,88,0.007816440034366634
304,89,0.0075758283247755465
304,90,0.007344520270930931
304,91,0.007122308638612759
304,92,0.006908980970810253
304,93,0.006704323484619687
304,94,0.006508123139674839
304,95,0.005834059322670432
304,96,0.005169957695265497
304,97,0.00456943151262733
304,98,0.004028673401286167
304,99,0.003543637903044521
304,100,0.0031101541110059496
304,101,0.0027240219163812795
304,102,0.0023810926976108463
304,103,0.0020773355708032645
304,104,0.0018088904584441397
304,105,0.0015721092503352455
304,106,0.0013635862588976446
304,107,0.0011801790443569896
304,108,0.001019020538349427
304,109,0.0008775232602296689
304,110,0.0007533763284093937
304,111,0.0006445359426623717
304,112,0.0005492100659518888
304,113,0.0004658381658559495
304,114,0.0003930670692753859
304,115,0.0003297242051502303
304,116,0.0002747897082878594
304,117,0.0002273689747482958
3101,1,0.00038193609933110187
3101,2,0.00046499139010953375
3101,3,0.0005594203725150906
3101,4,0.0006653545798577104
3101,5,0.0007826835318397312
3101,6,0.0009110583343500903
3101,7,0.0010499095442882
3101,8,0.0011984779308240538
3101,9,0.0013558556671837221
3101,10,0.0015210346748633617
3101,11,0.0016929583901204128
3101,12,0.0018705731558253573
3101,13,0.0020528757361024655
3101,14,0.0022389540409907
3101,15,0.0024280189398277053
3101,16,0.002619425929343335
3101,17,0.0028126863034105723
3101,18,0.0030074682605462947
3101,19,0.0032035890220507113
3101,20,0.003400999485694386
3101,21,0.003599763201197185
3101,22,0.003800031539926728
3101,23,0.004002016872270157
3101,24,0.004205965399153741
3101,25,0.004412101740884949
3101,26,0.004620639064783984
3101,27,0.004831766175114824
3101,28,0.00504560991957669
3101,29,0.005262219742020506
3101,30,0.0054815561408082655
3101,31,0.005703483235804244
3101,32,0.005927765507560915
3101,33,0.006154068630298239
3101,34,0.006381964176858622
3101,35,0.006610937833238846
3101,36,0.006840400629467131
3101,37,0.0070697025809608426
3101,38,0.0072981480486815735
3101,39,0.007525012074771673
3101,40,0.0077495569378339514
3101,41,0.007971048200267518
3101,42,0.008188769587174703
3101,43,0.008402036136979155
3101,44,0.008610205189943562
3101,45,0.008812684922317722
3101,46,0.009008940280241441
3101,47,0.009198496308519039
3101,48,0.009381657750962386
3101,49,0.009561101741466523
3101,50,0.00973675296476415
3101,51,0.009908555638093128
3101,52,0.01007647457749449
3101,53,0.010240496087326122
3101,54,0.010400628609142157
3101,55,0.010556903066818325
3101,56,0.010709372847592376
3101,57,0.010858113363533315
3101,58,0.011003221144762473
3101,59,0.011144812424339899
3101,60,0.011283021184832131
3101,61,0.011417996647848117
3101,62,0.011549900199867399
3101,63,0.011678901760052974
3101,64,0.011805175607995077
3101,65,0.011928895701047219
3101,66,0.012050230521711405
3101,67,0.012169337505101194
3101,68,0.012286357104642123
3101,69,0.012401406560753761
3101,70,0.012514573442302489
3101,71,0.012625909034241748
3101,72,0.01273317863772998
3101,73,0.012835693117255487
3101,74,0.012933204147531444
3101,75,0.013025384478667064
3101,76,0.013111831785840007
3101,77,0.013192074748900322
3101,78,0.013265581621715762
3101,79,0.013331771434169927
3101,80,0.013390027811498378
3101,81,0.013439715194794016
3101,82,0.013480197005602386
3101,83,0.013510855024144397
3101,84,0.013531108958350725
3101,85,0.013540434889452455
3101,86,0.013538381015383825
3101,87,0.013524578906821974
3101,88,0.013498748376464342
3101,89,0.01346069407445819
3101,90,0.013410292092895177
3101,91,0.013347465214603029
3101,92,0.013272145991629751
3101,93,0.013184227591979278
3101,94,0.013083503304494815
3101,95,0.012969221998716647
3101,96,0.012840255957650008
3101,97,0.012695787058211686
3101,98,0.012534607261565916
3101,99,0.012355046853806725
3101,100,0.012154927846619656
3101,101,0.011931556492996704
3101,102,0.011681769263303188
3101,103,0.011402045245649266
3101,104,0.011088694188924733
3101,105,0.010738122851468726
3101,106,0.010347172863851159
3101,107,0.00991351146976218
3101,108,0.00943604358519187
3101,109,0.008915301779993433
3101,110,0.008353762850725125
3101,111,0.007756038533675675
3101,112,0.007128895782607125
3101,113,0.006481079430879649
3101,114,0.0058229351693395446
3101,115,0.00516585941971124
3101,116,0.004521629098878039
3101,117,0.003901682619667425
311,1,0.0016840131080134886
311,2,0.0019371164092341884
311,3,0.002209891593385429
311,4,0.002501196671004763
311,5,0.0028096226157146276
311,6,0.0031335501500383955
311,7,0.0034712123005087
311,8,0.0038207581064803797
311,9,0.004180312992958565
311,10,0.00454803185767059
311,11,0.0049221417980020495
311,12,0.0053009725012129185
311,13,0.005682973511839195
311,14,0.006066718745375694
311,15,0.00645089962675835
311,16,0.006834309014074457
311,17,0.007215818575002784
311,18,0.007594352503179875
311,19,0.00796886041222515
311,20,0.008338291968520132
311,21,0.008701575377283607
311,22,0.00905760128393424
311,23,0.009405213057082284
311,24,0.009734383815744437
311,25,0.009976120207606659
311,26,0.010211558565991152
311,27,0.010440407811703224
311,28,0.010662324791121103
311,29,0.010876927418743465
311,30,0.011083809101176019
311,31,0.01128255361989071
311,32,0.011472749742251868
311,33,0.011654004940518029
311,34,0.011825957718787958
311,35,0.01198828817140666
311,36,0.012140726517759689
311,37,0.012283059473489726
311,38,0.012415134423851915
311,39,0.01253686145886807
311,40,0.012648213410387844
311,41,0.012749224096748751
311,42,0.012839985030394241
311,43,0.01292064087687023
311,44,0.012991383969873791
311,45,0.013052448186926392
311,46,0.013104102475032934
311,47,0.013146644287464457
311,48,0.013184090650949883
311,49,0.013213115663634966
311,50,0.013232121207256316
311,51,0.013241440606958178
311,52,0.013241425597342609
311,53,0.01323244271922158
311,54,0.013214869582292692
311,55,0.013189091039689326
311,56,0.013155495325065717
311,57,0.013114470206161234
311,58,0.013066399210432877
311,59,0.0130116579782167
311,60,0.012950610796937148
311,61,0.012883607366187084
311,62,0.012810979838210593
311,63,0.012733040171685658
311,64,0.012650077829049691
311,65,0.012562357839316755
311,66,0.01247011923980461
311,67,0.012373573901827667
311,68,0.012272905737592885
311,69,0.012168270278584083
311,70,0.012059794609889353
311,71,0.01193525625369231
311,72,0.011775443282967962
311,73,0.011607926740328347
311,74,0.011432987641552393
311,75,0.011250890128868946
311,76,0.011061887618831284
311,77,0.01086623018968023
311,78,0.010664172860961644
311,79,0.010455984279491896
311,80,0.0102419552046691
311,81,0.010022406099733618
311,82,0.009797693098787946
311,83,0.00956821164266879
311,84,0.0093343971647635
311,85,0.009096722359010769
311,86,0.008855690769407686
311,87,0.008611826691694175
311,88,0.008365661658733018
311,89,0.008117718074702287
311,90,0.007868490851522488
311,91,0.007618428164890341
311,92,0.007367912666936834
311,93,0.007117244647365091
311,94,0.006866628704716516
311,95,0.006467279529515344
311,96,0.0060563352665962125
311,97,0.005652312786003777
311,98,0.00525675960397337
311,99,0.0048710083198823745
311,100,0.004496209243150113
311,101,0.004133366641698663
311,102,0.0037833746842996126
311,103,0.003447049207886117
311,104,0.003125151917079697
311,105,0.0028184044900998796
311,106,0.002527491242663266
311,107,0.0022530503609742565
311,108,0.001995655093366204
311,109,0.001755787510855098
311,110,0.001533808345504431
311,111,0.0013299268672622578
311,112,0.0011441747026909336
311,113,0.0009763869473355104
311,114,0.000826192969309051
311,115,0.0006930180998575519
311,116,0.0005760961469500623
311,117,0.00047449153865191155
322,1,0.005414015763177736
322,2,0.005869347503474537
322,3,0.006328237259325541
322,4,0.0067889255664762595
322,5,0.007249917372705687
322,6,0.0077099303177107295
322,7,0.008167831012123934
322,8,0.00862256760392729
322,9,0.00907310583864179
322,10,0.009518374200167695
322,11,0.0099572218682574
322,12,0.010388391403885153
322,13,0.01081050646212758
322,14,0.011222073545346106
322,15,0.011621495892046942
322,16,0.01200709704103715
322,17,0.01237715137336821
322,18,0.012729918953718802
322,19,0.013063682199635504
322,20,0.01337678223571638
322,21,0.013667653183398638
322,22,0.013934853049997493
322,23,0.014177090279573373
322,24,0.014379756594823379
322,25,0.014441039805313362
322,26,0.014487986126745334
322,27,0.014520846237734385
322,28,0.014539941961461673
322,29,0.014545661290171489
322,30,0.014538451959906955
322,31,0.014518813979196934
322,32,0.014487291474218334
322,33,0.014444464168615985
322,34,0.014390938771607917
322,35,0.014327340505035686
322,36,0.014254304959547196
322,37,0.014172470432443601
322,38,0.014082470864894326
322,39,0.013984929464157157
322,40,0.013880453067123093
322,41,0.013769627275041822
322,42,0.013653012365868505
322,43,0.013531139970536036
322,44,0.013404510482780588
322,45,0.013273591159008075
322,46,0.013138814855009978
322,47,0.01300057933989409
322,48,0.012862749026190914
322,49,0.012721421727901078
322,50,0.01257510204367885
322,51,0.012424177251353391
322,52,0.012269006434569171
322,53,0.012109920861273198
322,54,0.01194722465327985
322,55,0.01178119570985356
322,56,0.011612086846944559
322,57,0.011440127113377899
322,58,0.011265523245923616
322,59,0.011088461226720527
322,60,0.010909107908905766
322,61,0.010727612679394396
322,62,0.010544109131409464
322,63,0.010358716723412122
322,64,0.010171542405347109
322,65,0.009982682197427234
322,66,0.009792222710871821
322,67,0.009600242603950242
322,68,0.009406813970250755
322,69,0.009212003659213368
322,70,0.009015874531578935
322,71,0.008808909844632442
322,72,0.008575517481499387
322,73,0.008337520064533649
322,74,0.00809570597192061
322,75,0.007850952834838724
322,76,0.007604207286134717
322,77,0.007356457301973934
322,78,0.00710869900040632
322,79,0.006861900426546832
322,80,0.006616965219510677
322,81,0.006374699077086149
322,82,0.006135781623748481
322,83,0.005900745710991087
322,84,0.005669965435807259
322,85,0.005443653365520967
322,86,0.005221866707494764
322,87,0.00500452153729657
322,88,0.00479141374209875
322,89,0.004582245058209872
322,90,0.004376652467799415
322,91,0.0041742392393578935
322,92,0.003974606012561396
322,93,0.003777380506015081
322,94,0.0035822446372007753
322,95,0.003309624752928995
322,96,0.0030358688565114977
322,97,0.0027710887629634746
322,98,0.002516270624929921
322,99,0.0022723516072942294
322,100,0.0020402015150330533
322,101,0.001820601768936601
322,102,0.0016142235976591077
322,103,0.0014216072865432352
322,104,0.001243144151474394
322,105,0.0010790626206857155
322,106,0.0009294194469312724
322,107,0.0007940966765155134
322,108,0.0006728046067004572
322,109,0.0005650905978778212
322,110,0.00047035329047273795
322,111,0.0003878615174629811
322,112,0.0003167770019835118
322,113,0.00025617978146748777
322,114,0.00020509520064326375
322,115,0.0001625212643986401
322,116,0.00012745514210034178
322,117,9.891767549633368e-05
331,1,0.0002141020474809419
331,2,0.0002579941037222066
331,3,0.00030860809582278437
331,4,0.00036648601023275194
331,5,0.00043213381934619367
331,6,0.0005060117938204164
331,7,0.0005885267183500547
331,8,0.0006800263778987232
331,9,0.0007807964965035138
331,10,0.0008910601062416695
331,11,0.0010109791206491447
331,12,0.0011406577059451437
331,13,0.0012801469036021606
331,14,0.0014294498731665267
331,15,0.0015885271025031537
331,16,0.001757300974455527
331,17,0.001935659178060936
331,18,0.002123456596937638
331,19,0.002320515481195805
331,20,0.0025266238941561384
331,21,0.00274153260335035
331,22,0.002964950740792598
331,23,0.003196540677861075
331,24,0.0034298574464074996
331,25,0.0036139139231955056
331,26,0.0038012616235978958
331,27,0.003991759518629721
331,28,0.004185241599610707
331,29,0.004381514850014253
331,30,0.004580358658090382
331,31,0.004781525653249928
331,32,0.004984743873188109
331,33,0.00518972010145081
331,34,0.0053961441600260006
331,35,0.005603693901506064
331,36,0.005812040622601084
331,37,0.006020854616453558
331,38,0.0062298105952031365
331,39,0.006438592745043657
331,40,0.006646899220642739
331,41,0.006854445940062627
331,42,0.007060969600183883
331,43,0.007266229890730009
331,44,0.007470010937261429
331,45,0.007672122045783032
331,46,0.007872397851088373
331,47,0.008070697986479454
331,48,0.008285059905966915
331,49,0.008505088453313768
331,50,0.008722838899088458
331,51,0.008938167907927777
331,52,0.009150957878740023
331,53,0.009361117265187341
331,54,0.00956858059648894
331,55,0.00977330817836127
331,56,0.009975285458420219
331,57,0.010174522045748747
331,58,0.01037105038039651
331,59,0.0105649240550897
331,60,0.010756215798111157
331,61,0.010945015132864677
331,62,0.011131425735760704
331,63,0.011315562519476026
331,64,0.01149754847311159
331,65,0.011677511294129892
331,66,0.011855579849096102
331,67,0.012031880501154734
331,68,0.012206533341894367
331,69,0.01237964836389621
331,70,0.012551321607979086
331,71,0.012729676282941626
331,72,0.01292234815860089
331,73,0.013108915788719705
331,74,0.013289140168766065
331,75,0.013462747095663233
331,76,0.013629428454827728
331,77,0.013788845530476806
331,78,0.013940634425126783
331,79,0.014084413585758527
331,80,0.014219793333493411
331,81,0.014346387177736982
331,82,0.014463824560170044
331,83,0.014571764514622082
331,84,0.014669909544308187
331,85,0.014758018811702415
331,86,0.0148359195189124
331,87,0.014903515146191749
331,88,0.01496078903930402
331,89,0.01500780172524534
331,90,0.01504468032640935
331,91,0.015071598571849896
331,92,0.01508874620322209
331,93,0.01509628706668541
331,94,0.015094305883163558
331,95,0.014974124851808207
331,96,0.01480731974571086
331,97,0.014605719913831246
331,98,0.014370304848404876
331,99,0.014101857837553206
331,100,0.013800925291892334
331,101,0.013467809096684897
331,102,0.013102598506172541
331,103,0.01270524517539923
331,104,0.012275680921644806
331,105,0.011813972977330531
331,106,0.01132050628851586
331,107,0.010796177459854112
331,108,0.010242581009948095
331,109,0.009662166473467041
331,110,0.00905834525116553
331,111,0.008435529372940521
331,112,0.0077990904752498705
331,113,0.007155235738094393
331,114,0.006510807174832351
331,115,0.00587302001237247
331,116,0.0052491632999777885
331,117,0.00464628993845172
399,1,0.003049379582509997
399,2,0.0034637811555676638
399,3,0.0039005083308451937
399,4,0.004355653074207782
399,5,0.0048248548790801185
399,6,0.005303448733386545
399,7,0.00578662237290326
399,8,0.00626957284637454
399,9,0.006747652923566412
399,10,0.00721649918913179
399,11,0.007672135608442333
399,12,0.008111048689973694
399,13,0.008530232838696744
399,14,0.008927206841207768
399,15,0.009300004430792347
399,16,0.009647143395670575
399,17,0.00996757863490707
399,18,0.010260644924070148
399,19,0.010525994978709138
399,20,0.010763537796060863
399,21,0.01097338133935003
399,22,0.011155782538720968
399,23,0.011311106445311624
399,24,0.011446035435876436
399,25,0.01161933670336185
399,26,0.011782126234492065
399,27,0.011934745486396359
399,28,0.012077450635902931
399,29,0.0122104255121577
399,30,0.012333796950194145
399,31,0.012447651273450445
399,32,0.012552050770475904
399,33,0.012647049226235324
399,34,0.012732705784216923
399,35,0.012809096636008658
399,36,0.012876324246253368
399,37,0.01293452401171233
399,38,0.012983868415364178
399,39,0.013024568864989358
399,40,0.013056875498518137
399,41,0.013081075296253158
399,42,0.013097488865862466
399,43,0.013106466264390434
399,44,0.01310838219810447
399,45,0.01310363090187383
399,46,0.013092620950937372
399,47,0.013075770204792022
399,48,0.013017892289462622
399,49,0.012938835719816525
399,50,0.012854159163964665
399,51,0.012764384880839677
399,52,0.012670024459114984
399,53,0.01257157700953033
399,54,0.012469527354923276
399,55,0.012364344222042915
399,56,0.012256478444035886
399,57,0.01214636118673036
399,58,0.012034402215344924
399,59,0.011920988220888185
399,60,0.01180648122720418
399,61,0.011691217100312854
399,62,0.011575504181392181
399,63,0.011459622063494
399,64,0.01134382052996445
399,65,0.01122831866968015
399,66,0.011113304180768457
399,67,0.010998932870639928
399,68,0.010885328356120138
399,69,0.010772581963432212
399,70,0.010660752823949992
399,71,0.010516143051213738
399,72,0.010293664852548678
399,73,0.010072160401165146
399,74,0.00985177155403224
399,75,0.009632598653470062
399,76,0.009414705434704853
399,77,0.009198124425722903
399,78,0.008982862805560278
399,79,0.008768908656629153
399,80,0.008556237504441625
399,81,0.008344818984799475
399,82,0.008134623416620045
399,83,0.007925627992637756
399,84,0.0077178222370782425
399,85,0.007511212327961359
399,86,0.007305823852423443
399,87,0.007101702567465984
399,88,0.006898912786274177
399,89,0.006697533109884508
399,90,0.006497649379735088
399,91,0.006299344937183519
399,92,0.00610268853333413
399,93,0.005907720521021973
399,94,0.005714438257916192
399,95,0.005316584446823467
399,96,0.00491434335215152
399,97,0.00453165378846545
399,98,0.004168447669847422
399,99,0.0038244765998732277
399,100,0.003499350172541176
399,101,0.003192575876743407
399,102,0.00290359858807401
399,103,0.0026318374551905013
399,104,0.002376717989374605
399,105,0.002137697377012645
399,106,0.001914281465874537
399,107,0.0017060325103452692
399,108,0.0015125675503667847
399,109,0.0013335481661118423
399,110,0.0011686631942794483
399,111,0.001017606700334444
399,112,0.000880053968319582
399,113,0.000755638416401181
399,114,0.0006439321365705082
399,115,0.0005444322114324127
399,116,0.0004565541578605385
399,117,0.00037963291122208496
46,1,0.014490902958334608
46,2,0.015092417048804785
46,3,0.015622065476507234
46,4,0.016078184705197132
46,5,0.016461104239767366
46,6,0.016772899828523192
46,7,0.017017085638188174
46,8,0.017198274756678514
46,9,0.017321835457930188
46,10,0.017393566374555434
46,11,0.017419408015044886
46,12,0.017405201861939036
46,13,0.017356502374593585
46,14,0.01727844215007768
46,15,0.01717564658267588
46,16,0.0170521917041664
46,17,0.016911597413787303
46,18,0.01675684783925764
46,19,0.016590430874279184
46,20,0.016414389769130306
46,21,0.01623038078560202
46,22,0.016039732180850717
46,23,0.015843501018123846
46,24,0.015642525422561403
46,25,0.015438433224736208
46,26,0.015232429819969464
46,27,0.015024945907072627
46,28,0.014816295612863344
46,29,0.014606707372425004
46,30,0.014396348429584985
46,31,0.014185343741772754
46,32,0.013973790133665401
46,33,0.013761766530441793
46,34,0.013549341042255655
46,35,0.01333657558732949
46,36,0.013123528646184168
46,37,0.012910256643447915
46,38,0.012696814362429653
46,39,0.01248325471473353
46,40,0.012269628114485065
46,41,0.01205598164492927
46,42,0.011842358154148849
46,43,0.011628795375811705
46,44,0.011415325139214146
46,45,0.011201972709260795
46,46,0.010988756280136819
46,47,0.010775686634996574
46,48,0.010562796510454848
46,49,0.01035019563100801
46,50,0.010137850900740009
46,51,0.009925725671597758
46,52,0.009713779975462307
46,53,0.009501970828911636
46,54,0.009290252643123775
46,55,0.009078577765230116
46,56,0.008866897171164272
46,57,0.008655161323724085
46,58,0.008443321203245873
46,59,0.008231329512061578
46,60,0.008019142047855341
46,61,0.007806719235238416
46,62,0.0075940277993968444
46,63,0.007381042560601669
46,64,0.007167748323762527
46,65,0.006954141833092776
46,66,0.006740233758367636
46,67,0.0065260506762118515
46,68,0.00631163700735849
46,69,0.006097056868876567
46,70,0.005882395798973094
46,71,0.005667762311137478
46,72,0.00547978166330683
46,73,0.005319135169133594
46,74,0.0051791443810086085
46,75,0.005053820198147305
46,76,0.004937910592704553
46,77,0.004826912861641122
46,78,0.00471706043672791
46,79,0.004605291894879801
46,80,0.004489207773340457
46,81,0.004367019217210068
46,82,0.004237491366103792
46,83,0.004099883662095341
46,84,0.003953888847605131
46,85,0.0037995722254140635
46,86,0.003637312678215659
46,87,0.0034677469015207104
46,88,0.0032917182120092434
46,89,0.0031102310929641006
46,90,0.0029244122946568024
46,91,0.0027354788177474647
46,92,0.002544712503453611
46,93,0.0023534402991671173
46,94,0.002163018650956794
46,95,0.001974818558617979
46,96,0.0017902141357561505
46,97,0.0016105696749956697
46,98,0.0014372159797412653
46,99,0.0012714244901195272
46,100,0.0011143763435482396
46,101,0.0009671275016637781
46,102,0.0008305721632420444
46,103,0.000705407577332966
46,104,0.0005921038903559221
46,105,0.0004908826688010966
46,106,0.0004017071787903533
46,107,0.00032428641990339376
46,108,0.00025809345046350405
46,109,0.00020239693121572674
46,110,0.00015630331614942998
46,111,0.00011880597704874136
46,112,8.883693695769803e-05
46,113,6.531687822288509e-05
46,114,4.719964141411386e-05
46,115,3.350840517366091e-05
46,116,2.336193908850016e-05
46,117,1.5990545318743857e-05
47,1,4.730689145286684e-05
47,2,5.704892513330723e-05
47,3,6.844064014705176e-05
47,4,8.168994875478384e-05
47,5,9.702107703804767e-05
47,6,0.00011467533648158112
47,7,0.00013491200262927513
47,8,0.00015800926515897152
47,9,0.0001842651919728937
47,10,0.00021399863149978223
47,11,0.0002475499644816919
47,12,0.0002852816105569509
47,13,0.0003275781966333072
47,14,0.00037484630321879173
47,15,0.000427513720633687
47,16,0.00048602816786882946
47,17,0.0005508554509191492
47,18,0.0006224770627109806
47,19,0.0007013872513476937
47,20,0.0007880896056739941
47,21,0.0008830932258411758
47,22,0.000986908560823135
47,23,0.0011000430043119247
47,24,0.0012186981844167287
47,25,0.0013051739680686634
47,26,0.0013951687297939538
47,27,0.001488641141432582
47,28,0.0015855358390192442
47,29,0.0016857841944488436
47,30,0.0017893052736985952
47,31,0.0018960069448365681
47,32,0.002005787100072667
47,33,0.002118534958184726
47,34,0.002234132416311367
47,35,0.0023524554229604777
47,36,0.0024733753468597795
47,37,0.0025967603188078213
47,38,0.0027224765259072567
47,39,0.0028503894395018412
47,40,0.0029803649598785847
47,41,0.003112270462456507
47,42,0.003245975731889441
47,43,0.003381353772372452
47,44,0.003518281484537175
47,45,0.0036566402016837665
47,46,0.0037963160807120053
47,47,0.00393720034592255
47,48,0.004105222476650198
47,49,0.004287493546504345
47,50,0.004473134358120906
47,51,0.0046620587988130385
47,52,0.004854183353190867
47,53,0.005049427156317608
47,54,0.005247711881580673
47,55,0.005448961460907749
47,56,0.0056531016379462624
47,57,0.005860059357592154
47,58,0.00606976199768189
47,59,0.00628213645064919
47,60,0.006497108064414111
47,61,0.006714599452665434
47,62,0.006934529184992867
47,63,0.007156810367034247
47,64,0.0073813491199614355
47,65,0.007608042967306809
47,66,0.007836779135421645
47,67,0.008067432771870983
47,68,0.008299865083933126
47,69,0.00853392139721995
47,70,0.008769429132402076
47,71,0.009044071529914337
47,72,0.009407682089577499
47,73,0.009772103129824758
47,74,0.01013639956375806
47,75,0.010499622410770503
47,76,0.010860837268958872
47,77,0.011219156594796668
47,78,0.011573774401562962
47,79,0.011924001462901275
47,80,0.012269298626328388
47,81,0.012609305463236138
47,82,0.012943861267535451
47,83,0.01327301541801066
47,84,0.013597024377272515
47,85,0.013916333126834754
47,86,0.01423153961807738
47,87,0.014543341806705516
47,88,0.01485246795998207
47,89,0.015159592087697023
47,90,0.01546523744732997
47,91,0.01576967201433985
47,92,0.016072800512078007
47,93,0.016374058014333427
47,94,0.016672310254618693
47,95,0.017402607238982702
47,96,0.018174485243607673
47,97,0.018932551650332828
47,98,0.019668513715145948
47,99,0.020372718286441164
47,100,0.021034167157964846
47,101,0.02164061494474855
47,102,0.02217875897775764
47,103,0.022634525269298492
47,104,0.02299344834224098
47,105,0.023241136286712604
47,106,0.023363806521039303
47,107,0.02334887303029995
47,108,0.023185562737511087
47,109,0.022865537132161207
47,110,0.022383494845093856
47,111,0.021737730554034645
47,112,0.020930624203519564
47,113,0.01996903094647832
47,114,0.01886453610054838
47,115,0.017633531718357146
47,116,0.016297064778789963
47,117,0.014880405840247381
50,1,2.301060181590813e-05
50,2,2.8123746234593305e-05
50,3,3.418279769012074e-05
50,4,4.1321509900936097e-05
50,5,4.968626220187926e-05
50,6,5.943689176453265e-05
50,7,7.074767290749651e-05
50,8,8.380845019064496e-05
50,9,9.882591689158943e-05
50,10,0.00011602501411635343
50,11,0.0001356504097524516
50,12,0.00015796800226689062
50,13,0.00018326638332052202
50,14,0.00021185818630543076
50,15,0.00024408124576927662
50,16,0.0002802994953583792
50,17,0.0003209035390383623
50,18,0.00036631084121968566
50,19,0.00041696549504731373
50,20,0.0004733375433918774
50,21,0.0005359218428676368
50,22,0.0006052364764518186
50,23,0.0006818207341127797
50,24,0.0007633188586012409
50,25,0.000823998439653013
50,26,0.000887841673782531
50,27,0.0009548879221302672
50,28,0.0010251654328157283
50,29,0.0010986911510531081
50,30,0.0011754707268755828
50,31,0.0012554987010532641
50,32,0.0013387588465383618
50,33,0.0014252246413297778
50,34,0.001514859848701914
50,35,0.0016076191819033867
50,36,0.001703449032295189
50,37,0.0018022882420835897
50,38,0.0019040689049881036
50,39,0.002008717180130713
50,40,0.0021161541059942206
50,41,0.002226296402424153
50,42,0.0023390572493714183
50,43,0.002454347031486422
50,44,0.002572074037914588
50,45,0.002692145106858885
50,46,0.002814466204810522
50,47,0.0029389429309233366
50,48,0.003087394902532694
50,49,0.0032494406011133567
50,50,0.0034160324156913145
50,51,0.0035871238687801925
50,52,0.003762665727498329
50,53,0.003942606341684284
50,54,0.004126891868405872
50,55,0.004315466366568057
50,56,0.004508271747741507
50,57,0.004705247572117096
50,58,0.004906330681523905
50,59,0.005111454664599126
50,60,0.005320549152328414
50,61,0.005533538945148761
50,62,0.005750342975492836
50,63,0.005970873111945668
50,64,0.00619503281299215
50,65,0.006422715639601431
50,66,0.0066538036365970735
50,67,0.006888165592910463
50,68,0.007125655190454687
50,69,0.007366109050563864
50,70,0.00760934468582271
50,71,0.007893240221932137
50,72,0.00827094151936051
50,73,0.00865509274236694
50,74,0.009044912865583066
50,75,0.009439550456609562
50,76,0.009838098355410684
50,77,0.010239612983600096
50,78,0.010643138047741543
50,79,0.01104773197983009
50,80,0.011452497974887585
50,81,0.011856614972149479
50,82,0.012259367426923788
50,83,0.012660171288803354
50,84,0.01305859329740397
50,85,0.013454360586500886
50,86,0.013847357699403538
50,87,0.01423760849368824
50,88,0.014625241059520538
50,89,0.015010434672810312
50,90,0.015393348904641922
50,91,0.01577403624007368
50,92,0.01615234083429399
50,93,0.016527787257767615
50,94,0.016899464164785008
50,95,0.017803525186804704
50,96,0.01877312438156325
50,97,0.01974202231331105
50,98,0.02070133862657955
50,99,0.021640490443151573
50,100,0.022547103791373622
50,101,0.023407014324452923
50,102,0.024204380585541134
50,103,0.024921927687650593
50,104,0.02554133100354995
50,105,0.026043738891127675
50,106,0.026410421667818318
50,107,0.026623522413379987
50,108,0.026666875287534628
50,109,0.026526850280159622
50,110,0.0261931804908993
50,111,0.02565972909578826
50,112,0.02492515698451999
50,113,0.02399345662137084
50,114,0.022874320598844273
50,115,0.02158331273982269
50,116,0.020141805183838696
50,117,0.018576638890379367
70,1,0.022438081405166118
70,2,0.02344009857784427
70,3,0.024286171368252122
70,4,0.024969638756645176
70,5,0.02548824613042618
70,6,0.025843800897418646
70,7,0.026041694460580012
70,8,0.026090330989481936
70,9,0.0260005030328681
70,10,0.02578475151885754
70,11,0.025456743410371824
70,12,0.02503069463046647
70,13,0.024520859330739983
70,14,0.023941099672884637
70,15,0.02330454354408405
70,16,0.02262333148129691
70,17,0.02190844888074584
70,18,0.02116963553157766
70,19,0.020415361720122708
70,20,0.0196528585702476
70,21,0.018888189791329127
70,22,0.018126352412385797
70,23,0.017371395171454695
70,24,0.016655985582594176
70,25,0.016216155943940106
70,26,0.01578619787665678
70,27,0.0153662339830579
70,28,0.01495615317589601
70,29,0.014555676321893819
70,30,0.01416441266333909
70,31,0.013781907003922246
70,32,0.01340767798599873
70,33,0.013041248047282007
70,34,0.012682165831176212
70,35,0.012330021943233694
70,36,0.011984459004228128
70,37,0.01164517695654414
70,38,0.011311934544132419
70,39,0.010984547816725133
70,40,0.010662886416052737
70,41,0.010346868294934367
70,42,0.0100364534082101
70,43,0.00973163680541783
70,44,0.009432441455385585
70,45,0.009138911047319752
70,46,0.008851102944433338
70,47,0.008569081415610021
70,48,0.008249668280719965
70,49,0.007922950310020048
70,50,0.007607956719746655
70,51,0.007304444559514906
70,52,0.007012157981795228
70,53,0.00673083031818779
70,54,0.0064601858924347175
70,55,0.006199941606883951
70,56,0.005949808336624234
70,57,0.005709492162706437
70,58,0.005478695472831122
70,59,0.005257117954689185
70,60,0.005044457503862736
70,61,0.0048404110648947625
70,62,0.004644675420884698
70,63,0.00445694794382392
70,64,0.004276927314910768
70,65,0.004104314221331794
70,66,0.003938812033513178
70,67,0.0037801274646735105
70,68,0.0036279712126768113
70,69,0.0034820585827125736
70,70,0.00334211008822532
70,71,0.0031912654850958927
70,72,0.003010038704029057
70,73,0.002838271754580471
70,74,0.002675501310156635
70,75,0.002521278024443161
70,76,0.002375167828778528
70,77,0.002236753040167171
70,78,0.0021056332788294677
70,79,0.0019814261881066133
70,80,0.0018637679440313064
70,81,0.0017523135380805015
70,82,0.0016467368156549299
70,83,0.0015467302555663815
70,84,0.001452004482726523
70,85,0.0013622875172281852
70,86,0.0012773237773753615
70,87,0.001196872870650332
70,88,0.0011207082233629822
70,89,0.001048615614847949
70,90,0.000980391693645997
70,91,0.0009158425595141507
70,92,0.0008547824952425269
70,93,0.000797032925618011
70,94,0.0007424216676069433
70,95,0.0006550996348970827
70,96,0.0005733935393505793
70,97,0.0005007215672587869
70,98,0.00043621669944045517
70,99,0.0003790758032440465
70,100,0.00032855911207782865
70,101,0.00028398880623020737
70,102,0.0002447467843930091
70,103,0.00021027173814007813
70,104,0.00018005566372775565
70,105,0.0001536399638467256
70,106,0.0001306113034509134
70,107,0.00011059738619618786
70,108,9.326280996725557e-05
70,109,7.830514130597272e-05
70,110,6.545132047707986e-05
70,111,5.445447389565303e-05
70,112,4.509117216784241e-05
70,113,3.7159134060957764e-05
70,114,3.047534325237146e-05
70,115,2.487451896856478e-05
70,116,2.020786570251796e-05
70,117,1.634202171300655e-05
79,1,0.006701017232405797
79,2,0.007016372095866339
79,3,0.00733106433740939
79,4,0.007643892694133896
79,5,0.007953641896541516
79,6,0.008259091610067883
79,7,0.00855902540039279
79,8,0.008852239636182377
79,9,0.00913755224757415
79,10,0.0094138112633967
79,11,0.009679903054677112
79,12,0.009934760216366178
79,13,0.010177369023416191
79,14,0.010406776401450669
79,15,0.010622096356386227
79,16,0.010822515811647044
79,17,0.011007299806199928
79,18,0.011175796011670375
79,19,0.011327438532387227
79,20,0.011461750958417864
79,21,0.011578348648523928
79,22,0.011676940227467937
79,23,0.011757328290164772
79,24,0.011817536943119935
79,25,0.011849533897166338
79,26,0.011875977467850343
79,27,0.011897024063291914
79,28,0.01191283813278259
79,29,0.011923591330590493
79,30,0.011929461688553918
79,31,0.0119306328015148
79,32,0.011927293029349762
79,33,0.011919634719046956
79,34,0.011907853449956818
79,35,0.011892147305016988
79,36,0.01187271617042028
79,37,0.011849761065863003
79,38,0.011823483507182304
79,39,0.011794084902868799
79,40,0.01176176598562689
79,41,0.011726726279852925
79,42,0.011689163605611825
79,43,0.011649273619419078
79,44,0.011607249391877223
79,45,0.011563281021976516
79,46,0.011517555287648088
79,47,0.01147025533195651
79,48,0.0114061794797199
79,49,0.011332601201270451
79,50,0.011256071811859078
79,51,0.011176854454718546
79,52,0.011095207292978328
79,53,0.01101138294627857
79,54,0.010925627989233161
79,55,0.010838182510470539
79,56,0.010749279730642412
79,57,0.010659145677492248
79,58,0.01056799891581763
79,59,0.010476050329942034
79,60,0.010383502956131448
79,61,0.010290551862247786
79,62,0.010197384071822566
79,63,0.010104178529658508
79,64,0.0100111061060216
79,65,0.00991832963646928
79,66,0.009826003994368985
79,67,0.009734276193193192
79,68,0.009643285515729627
79,69,0.009553163667415678
79,70,0.009464034951092347
79,71,0.009354560315922782
79,72,0.009195150196959736
79,73,0.009035551205138609
79,74,0.008876068350145944
79,75,0.00871698897157376
79,76,0.008558582762918217
79,77,0.008401101892296722
79,78,0.008244781211063318
79,79,0.008089838541530744
79,80,0.007936475035125094
79,81,0.007784875592494853
79,82,0.007635209337360004
79,83,0.007487630136208592
79,84,0.007342277156317373
79,85,0.0071992754549807915
79,86,0.007058736593269521
79,87,0.006920759268097228
79,88,0.00678542995684536
79,89,0.006652823569272812
79,90,0.006523004101914397
79,91,0.006396025290643914
79,92,0.00627193125753888
79,93,0.006150757148631455
79,94,0.006032529759559788
79,95,0.005727648950830925
79,96,0.0054106241341236455
79,97,0.005103571339909213
79,98,0.004807112223931078
79,99,0.0045217346181488345
79,100,0.004247800922568325
79,101,0.003985557259812607
79,102,0.0037351431511956157
79,103,0.0034966014922230898
79,104,0.003269888627472493
79,105,0.0030548843486850118
79,106,0.0028514016647082255
79,107,0.002659196216835466
79,108,0.002477975237393378
79,109,0.002307405972558184
79,110,0.0021471235118847897
79,111,0.001996737986588132
79,112,0.0018558411160120867
79,113,0.0017240120968499862
79,114,0.0016008228425220242
79,115,0.0014858425907208828
79,116,0.001378641905618167
79,117,0.001278796107733684
93,1,3.903469636047573e-06
93,2,5.217807463445753e-06
93,3,6.902170024460745e-06
93,4,9.033987446969006e-06
93,5,1.1698641991806171e-05
93,6,1.4988132469315061e-05
93,7,1.8999212961943994e-05
93,8,2.3831063367824167e-05
93,9,2.9582598783595243e-05
93,10,3.634956951129328e-05
93,11,4.4221637934636196e-05
93,12,5.3279638012176445e-05
93,13,6.359322463292187e-05
93,14,7.521910259311015e-05
93,15,8.81999897182999e-05
93,16,0.00010256441896174202
93,17,0.00011832742504811455
93,18,0.00013549209823935355
93,19,0.00015405192711503326
93,20,0.00017399379939306222
93,21,0.00019530148913813767
93,22,0.00021795943303133333
93,23,0.00024195658878146617
93,24,0.00026729017463529293
93,25,0.00029396873181742125
93,26,0.0003220146661773186
93,27,0.00035146577273196226
93,28,0.00038237628454109937
93,29,0.00041481743938989496
93,30,0.0004488773557703488
93,31,0.00048466024669457193
93,32,0.000522285025353907
93,33,0.0005618833780190069
93,34,0.0006035973971717758
93,35,0.0006475768821285684
93,36,0.0006939764257383671
93,37,0.0007429524142510523
93,38,0.0007946600729246776
93,39,0.0008492506917878431
93,40,0.000906869163332463
93,41,0.000967651955832391
93,42,0.0010317256316663905
93,43,0.001099205999085369
93,44,0.0011701979585594484
93,45,0.001244796072209506
93,46,0.0013230858487136552
93,47,0.0014051456990088647
93,48,0.0014910172327604193
93,49,0.0015806499065615304
93,50,0.0016741756829490597
93,51,0.0017717328275555664
93,52,0.0018734662145044878
93,53,0.001979527701664152
93,54,0.0020900766006133635
93,55,0.002205280269324808
93,56,0.002325314858534276
93,57,0.0024503662453873184
93,58,0.002580631190073292
93,59,0.002716318752585822
93,60,0.002857652007293257
93,61,0.003004870092465748
93,62,0.003158230630096676
93,63,0.00331801254810546
93,64,0.003484519332176715
93,65,0.0036580827279830224
93,66,0.003839066906314648
93,67,0.004027873093721104
93,68,0.004224944659743544
93,69,0.004430772638832488
93,70,0.0046459016508025594
93,71,0.004870936168408628
93,72,0.0051064542086401545
93,73,0.005353170170030278
93,74,0.005611893809583543
93,75,0.005883513431383557
93,76,0.0061689999859333685
93,77,0.006469410615451305
93,78,0.006785891566916666
93,79,0.007119680413769201
93,80,0.007472107553017526
93,81,0.007844596978146337
93,82,0.00823866637073951
93,83,0.00865592660615275
93,84,0.009098080831440732
93,85,0.009566923346696775
93,86,0.01006433860195196
93,87,0.01059230070608058
93,88,0.011152873923062313
93,89,0.011748214690158146
93,90,0.01238057571028708
93,91,0.013052312615795024
93,92,0.01376589352981758
93,93,0.014523911507789164
93,94,0.015329099253414906
93,95,0.016184065644777708
93,96,0.017091406027891446
93,97,0.018054310261202428
93,98,0.01907617177859629
93,99,0.020160569498399478
93,100,0.021311209902753155
93,101,0.022531805586321316
93,102,0.023825858750719256
93,103,0.025196309874313143
93,104,0.02664500442320908
93,105,0.028171926242643988
93,106,0.029774148681646077
93,107,0.031444468510242234
93,108,0.033169719569459126
93,109,0.034928819662718526
93,110,0.03669069085275624
93,111,0.03841231054359309
93,112,0.040037288941202634
93,113,0.041495502359329334
93,114,0.04270439641208173
93,115,0.04357254620539327
93,116,0.044005856276427543
93,117,0.04391635891580897
