season,team_id,total_count,observed_count,missing_count,coverage_fraction,hidden_indices,observed_sum,missing_sum,full_impact,missing_abs,missing_sd_proxy,missing_90_interval_covers,missing_direction,coverage_band,all_or_nothing,observed,coverage_scaled,missing_mean
2021,113,2,1,1,0.5,0,-0.6657145380813213,-0.6657145380813213,-1.3314290761626426,0.6657145380813213,0.9353285059629183,True,negative,moderate_50_to_80,0.0,-0.6657145380813213,-1.3314290761626426,-0.3156718935130416
2021,113,2,1,1,0.5,1,-0.6657145380813213,-0.6657145380813213,-1.3314290761626426,0.6657145380813213,0.9353285059629183,True,negative,moderate_50_to_80,0.0,-0.6657145380813213,-1.3314290761626426,-0.3156718935130416
2021,12,2,1,1,0.5,0,-0.5091988289871942,-0.6657145380813213,-1.1749133670685155,0.6657145380813213,0.9353285059629183,True,negative,moderate_50_to_80,0.0,-0.5091988289871942,-1.0183976579743883,-0.15915618441891444
2021,12,2,1,1,0.5,1,-0.6657145380813213,-0.5091988289871942,-1.1749133670685155,0.5091988289871942,0.9353285059629183,True,negative,moderate_50_to_80,0.0,-0.6657145380813213,-1.3314290761626426,-0.3156718935130416
2021,127,4,1,3,0.25,0;1;2,0.16424846191010908,-1.997143614243964,-1.8328951523338548,1.997143614243964,1.620036494095264,False,negative,low_under_50,0.0,0.16424846191010908,0.6569938476404363,1.214376395614948
2021,127,4,1,3,0.25,0;1;3,-0.6657145380813213,-1.1671806142525336,-1.8328951523338548,1.1671806142525336,1.620036494095264,True,negative,low_under_50,0.0,-0.6657145380813213,-2.662858152325285,0.38441339562351773
2021,127,4,1,3,0.25,0;2;3,-0.6657145380813213,-1.1671806142525336,-1.8328951523338548,1.1671806142525336,1.620036494095264,True,negative,low_under_50,0.0,-0.6657145380813213,-2.662858152325285,0.38441339562351773
2021,127,4,1,3,0.25,1;2;3,-0.6657145380813213,-1.1671806142525336,-1.8328951523338548,1.1671806142525336,1.620036494095264,True,negative,low_under_50,0.0,-0.6657145380813213,-2.662858152325285,0.38441339562351773
2021,127,4,2,2,0.5,0;1,-0.5014660761712122,-1.3314290761626426,-1.8328951523338548,1.3314290761626426,1.3227542584069234,True,negative,moderate_50_to_80,0.0,-0.5014660761712122,-1.0029321523424244,0.19861921296534724
2021,127,4,2,2,0.5,0;2,-0.5014660761712122,-1.3314290761626426,-1.8328951523338548,1.3314290761626426,1.3227542584069234,True,negative,moderate_50_to_80,0.0,-0.5014660761712122,-1.0029321523424244,0.19861921296534724
2021,127,4,2,2,0.5,0;3,-1.3314290761626426,-0.5014660761712122,-1.8328951523338548,0.5014660761712122,1.3227542584069234,True,negative,moderate_50_to_80,0.0,-1.3314290761626426,-2.662858152325285,-0.6313437870260832
2021,127,4,2,2,0.5,1;2,-0.5014660761712122,-1.3314290761626426,-1.8328951523338548,1.3314290761626426,1.3227542584069234,True,negative,moderate_50_to_80,0.0,-0.5014660761712122,-1.0029321523424244,0.19861921296534724
2021,127,4,2,2,0.5,1;3,-1.3314290761626426,-0.5014660761712122,-1.8328951523338548,0.5014660761712122,1.3227542584069234,True,negative,moderate_50_to_80,0.0,-1.3314290761626426,-2.662858152325285,-0.6313437870260832
2021,127,4,2,2,0.5,2;3,-1.3314290761626426,-0.5014660761712122,-1.8328951523338548,0.5014660761712122,1.3227542584069234,True,negative,moderate_50_to_80,0.0,-1.3314290761626426,-2.662858152325285,-0.6313437870260832
2021,127,4,3,1,0.75,0,-1.1671806142525336,-0.6657145380813213,-1.8328951523338548,0.6657145380813213,0.9353285059629183,True,negative,moderate_50_to_80,0.0,-1.1671806142525336,-1.556240819003378,-0.8171379696842539
2021,127,4,3,1,0.75,1,-1.1671806142525336,-0.6657145380813213,-1.8328951523338548,0.6657145380813213,0.9353285059629183,True,negative,moderate_50_to_80,0.0,-1.1671806142525336,-1.556240819003378,-0.8171379696842539
2021,127,4,3,1,0.75,2,-1.1671806142525336,-0.6657145380813213,-1.8328951523338548,0.6657145380813213,0.9353285059629183,True,negative,moderate_50_to_80,0.0,-1.1671806142525336,-1.556240819003378,-0.8171379696842539
2021,127,4,3,1,0.75,3,-1.997143614243964,0.16424846191010908,-1.8328951523338548,0.16424846191010908,0.9353285059629183,True,positive,moderate_50_to_80,0.0,-1.997143614243964,-2.662858152325285,-1.6471009696756842
2021,164,2,1,1,0.5,0,0.9314955428233525,1.0546820383903899,1.9861775812137423,1.0546820383903899,0.9353285059629183,True,positive,moderate_50_to_80,0.0,0.9314955428233525,1.862991085646705,1.2815381873916323
2021,164,2,1,1,0.5,1,1.0546820383903899,0.9314955428233525,1.9861775812137423,0.9314955428233525,0.9353285059629183,True,positive,moderate_50_to_80,0.0,1.0546820383903899,2.1093640767807798,1.4047246829586695
2021,2116,2,1,1,0.5,0,-0.1695714787053759,0.9178138843188293,0.7482424056134533,0.9178138843188293,0.9353285059629183,True,positive,moderate_50_to_80,0.0,-0.1695714787053759,-0.3391429574107518,0.18047116586290382
2021,2116,2,1,1,0.5,1,0.9178138843188293,-0.1695714787053759,0.7482424056134533,0.1695714787053759,0.9353285059629183,True,negative,moderate_50_to_80,0.0,0.9178138843188293,1.8356277686376585,1.2678565288871089
2021,2309,2,1,1,0.5,0,0.06997811745773064,0.021752137911385156,0.09173025536911579,0.021752137911385156,0.9353285059629183,True,positive,moderate_50_to_80,0.0,0.06997811745773064,0.13995623491546128,0.42002076202601035
2021,2309,2,1,1,0.5,1,0.021752137911385156,0.06997811745773064,0.09173025536911579,0.06997811745773064,0.9353285059629183,True,positive,moderate_50_to_80,0.0,0.021752137911385156,0.04350427582277031,0.37179478247966485
2021,2335,3,1,2,0.3333333333333333,0;1,1.4204113690467735,-1.3314290761626426,0.08898229288413084,1.3314290761626426,1.3227542584069234,True,negative,low_under_50,0.0,1.4204113690467735,4.261234107140321,2.120496658183333
2021,2335,3,1,2,0.3333333333333333,0;2,-0.6657145380813213,0.7546968309654521,0.08898229288413084,0.7546968309654521,1.3227542584069234,True,positive,low_under_50,0.0,-0.6657145380813213,-1.997143614243964,0.034370751055238125
2021,2335,3,1,2,0.3333333333333333,1;2,-0.6657145380813213,0.7546968309654521,0.08898229288413084,0.7546968309654521,1.3227542584069234,True,positive,low_under_50,0.0,-0.6657145380813213,-1.997143614243964,0.034370751055238125
2021,2335,3,2,1,0.6666666666666666,0,0.7546968309654521,-0.6657145380813213,0.08898229288413084,0.6657145380813213,0.9353285059629183,True,negative,moderate_50_to_80,0.0,0.7546968309654521,1.1320452464481783,1.1047394755337319
2021,2335,3,2,1,0.6666666666666666,1,0.7546968309654521,-0.6657145380813213,0.08898229288413084,0.6657145380813213,0.9353285059629183,True,negative,moderate_50_to_80,0.0,0.7546968309654521,1.1320452464481783,1.1047394755337319
2021,2335,3,2,1,0.6666666666666666,2,-1.3314290761626426,1.4204113690467735,0.08898229288413084,1.4204113690467735,0.9353285059629183,True,positive,moderate_50_to_80,0.0,-1.3314290761626426,-1.997143614243964,-0.9813864315943629
2021,2348,3,1,2,0.3333333333333333,0;1,-0.6657145380813213,0.9125069678175173,0.246792429736196,0.9125069678175173,1.3227542584069234,True,positive,low_under_50,0.0,-0.6657145380813213,-1.997143614243964,0.034370751055238125
2021,2348,3,1,2,0.3333333333333333,0;2,0.7819536518105192,-0.5351612220743233,0.246792429736196,0.5351612220743233,1.3227542584069234,True,negative,low_under_50,0.0,0.7819536518105192,2.345860955431558,1.4820389409470787
2021,2348,3,1,2,0.3333333333333333,1;2,0.13055331600699807,0.11623911372919793,0.246792429736196,0.11623911372919793,1.3227542584069234,True,positive,low_under_50,0.0,0.13055331600699807,0.39165994802099424,0.8306386051435575
2021,2348,3,2,1,0.6666666666666666,0,0.11623911372919793,0.13055331600699807,0.246792429736196,0.13055331600699807,0.9353285059629183,True,positive,moderate_50_to_80,0.0,0.11623911372919793,0.1743586705937969,0.46628175829747764
2021,2348,3,2,1,0.6666666666666666,1,-0.5351612220743233,0.7819536518105192,0.246792429736196,0.7819536518105192,0.9353285059629183,True,positive,moderate_50_to_80,0.0,-0.5351612220743233,-0.8027418331114848,-0.18511857750604355
2021,2348,3,2,1,0.6666666666666666,2,0.9125069678175173,-0.6657145380813213,0.246792429736196,0.6657145380813213,0.9353285059629183,True,negative,moderate_50_to_80,0.0,0.9125069678175173,1.368760451726276,1.262549612385797
2021,252,2,1,1,0.5,0,-0.6657145380813213,-0.1695714787053759,-0.8352860167866972,0.1695714787053759,0.9353285059629183,True,negative,moderate_50_to_80,0.0,-0.6657145380813213,-1.3314290761626426,-0.3156718935130416
2021,252,2,1,1,0.5,1,-0.1695714787053759,-0.6657145380813213,-0.8352860167866972,0.6657145380813213,0.9353285059629183,True,negative,moderate_50_to_80,0.0,-0.1695714787053759,-0.3391429574107518,0.18047116586290382
2021,2572,2,1,1,0.5,0,0.13409648093246165,-0.3526831198930671,-0.21858663896060546,0.3526831198930671,0.9353285059629183,True,negative,moderate_50_to_80,0.0,0.13409648093246165,0.2681929618649233,0.48413912550074134
2021,2572,2,1,1,0.5,1,-0.3526831198930671,0.13409648093246165,-0.21858663896060546,0.13409648093246165,0.9353285059629183,True,positive,moderate_50_to_80,0.0,-0.3526831198930671,-0.7053662397861342,-0.0026404753247873947
2021,2579,2,1,1,0.5,0,0.8262580637249837,1.9377852661930093,2.764043329917993,1.9377852661930093,0.9353285059629183,False,positive,moderate_50_to_80,0.0,0.8262580637249837,1.6525161274499673,1.1763007082932635
2021,2579,2,1,1,0.5,1,1.9377852661930093,0.8262580637249837,2.764043329917993,0.8262580637249837,0.9353285059629183,True,positive,moderate_50_to_80,0.0,1.9377852661930093,3.8755705323860186,2.287827910761289
2021,2655,2,1,1,0.5,0,0.09928857340982762,0.5100626221419298,0.6093511955517574,0.5100626221419298,0.9353285059629183,True,positive,moderate_50_to_80,0.0,0.09928857340982762,0.19857714681965524,0.4493312179781073
2021,2655,2,1,1,0.5,1,0.5100626221419298,0.09928857340982762,0.6093511955517574,0.09928857340982762,0.9353285059629183,True,positive,moderate_50_to_80,0.0,0.5100626221419298,1.0201252442838595,0.8601052667102095
2021,344,2,1,1,0.5,0,1.1790304585669296,-0.6657145380813213,0.5133159204856083,0.6657145380813213,0.9353285059629183,True,negative,moderate_50_to_80,0.0,1.1790304585669296,2.358060917133859,1.5290731031352092
2021,344,2,1,1,0.5,1,-0.6657145380813213,1.1790304585669296,0.5133159204856083,1.1790304585669296,0.9353285059629183,True,positive,moderate_50_to_80,0.0,-0.6657145380813213,-1.3314290761626426,-0.3156718935130416
2021,356,2,1,1,0.5,0,-0.4176430083933486,-0.6657145380813213,-1.0833575464746699,0.6657145380813213,0.9353285059629183,True,negative,moderate_50_to_80,0.0,-0.4176430083933486,-0.8352860167866972,-0.0676003638250689
2021,356,2,1,1,0.5,1,-0.6657145380813213,-0.4176430083933486,-1.0833575464746699,0.4176430083933486,0.9353285059629183,True,negative,moderate_50_to_80,0.0,-0.6657145380813213,-1.3314290761626426,-0.3156718935130416
2021,61,2,1,1,0.5,0,1.6729777249180644,2.2471326291360176,3.9201103540540823,2.2471326291360176,0.9353285059629183,False,positive,moderate_50_to_80,0.0,1.6729777249180644,3.345955449836129,2.023020369486344
2021,61,2,1,1,0.5,1,2.2471326291360176,1.6729777249180644,3.9201103540540823,1.6729777249180644,0.9353285059629183,True,positive,moderate_50_to_80,0.0,2.2471326291360176,4.494265258272035,2.5971752737042975
2022,145,3,1,2,0.3333333333333333,0;1,1.8375596765711721,1.6156737872521958,3.4532334638233677,1.6156737872521958,1.3140450561526649,True,positive,low_under_50,0.0,1.8375596765711721,5.512679029713516,2.5240878005887546
2022,145,3,1,2,0.3333333333333333,0;2,1.6511086879679109,1.802124775855457,3.4532334638233677,1.802124775855457,1.3140450561526649,True,positive,low_under_50,0.0,1.6511086879679109,4.953326063903733,2.3376368119854933
2022,145,3,1,2,0.3333333333333333,1;2,-0.035434900715715166,3.488668364539083,3.4532334638233677,3.488668364539083,1.3140450561526649,False,positive,low_under_50,0.0,-0.035434900715715166,-0.10630470214714549,0.6510932233018671
2022,145,3,2,1,0.6666666666666666,0,3.488668364539083,-0.035434900715715166,3.4532334638233677,0.035434900715715166,0.9291701699902069,True,negative,moderate_50_to_80,0.0,3.488668364539083,5.233002546808624,3.831932426547874
2022,145,3,2,1,0.6666666666666666,1,1.802124775855457,1.6511086879679109,3.4532334638233677,1.6511086879679109,0.9291701699902069,True,positive,moderate_50_to_80,0.0,1.802124775855457,2.7031871637831855,2.1453888378642483
2022,145,3,2,1,0.6666666666666666,2,1.6156737872521958,1.8375596765711721,3.4532334638233677,1.8375596765711721,0.9291701699902069,True,positive,moderate_50_to_80,0.0,1.6156737872521958,2.4235106808782936,1.958937849260987
2022,150,2,1,1,0.5,0,1.1712924963890563,-0.16830556864746485,1.0029869277415915,0.16830556864746485,0.9291701699902069,True,negative,moderate_50_to_80,0.0,1.1712924963890563,2.3425849927781126,1.5145565583978475
2022,150,2,1,1,0.5,1,-0.16830556864746485,1.1712924963890563,1.0029869277415915,1.1712924963890563,0.9291701699902069,True,positive,moderate_50_to_80,0.0,-0.16830556864746485,-0.3366111372949297,0.17495849336132632
2022,189,2,1,1,0.5,0,0.27926170508258125,-0.765640781258749,-0.48637907617616777,0.765640781258749,0.9291701699902069,True,negative,moderate_50_to_80,0.0,0.27926170508258125,0.5585234101651625,0.6225257670913724
2022,189,2,1,1,0.5,1,-0.765640781258749,0.27926170508258125,-0.48637907617616777,0.27926170508258125,0.9291701699902069,True,positive,moderate_50_to_80,0.0,-0.765640781258749,-1.531281562517498,-0.42237671924995784
2022,193,2,1,1,0.5,0,0.7709550018799708,-0.22940596162067853,0.5415490402592923,0.22940596162067853,0.9291701699902069,True,negative,moderate_50_to_80,0.0,0.7709550018799708,1.5419100037599416,1.114219063888762
2022,193,2,1,1,0.5,1,-0.22940596162067853,0.7709550018799708,0.5415490402592923,0.7709550018799708,0.9291701699902069,True,positive,moderate_50_to_80,0.0,-0.22940596162067853,-0.45881192324135706,0.11385810038811264
2022,2,2,1,1,0.5,0,1.8578403075478147,1.3876335425620157,3.24547385010983,1.3876335425620157,0.9291701699902069,True,positive,moderate_50_to_80,0.0,1.8578403075478147,3.7156806150956294,2.2011043695566057
2022,2,2,1,1,0.5,1,1.3876335425620157,1.8578403075478147,3.24547385010983,1.8578403075478147,0.9291701699902069,True,positive,moderate_50_to_80,0.0,1.3876335425620157,2.7752670851240313,1.7308976045708069
2022,201,4,1,3,0.25,0;1;2,-0.765640781258749,1.6905529299205486,0.9249121486617996,1.6905529299205486,1.6093699433004487,True,positive,low_under_50,0.0,-0.765640781258749,-3.062563125034996,0.26415140476762444
2022,201,4,1,3,0.25,0;1;3,0.9157942339237254,0.009117914738074218,0.9249121486617996,0.009117914738074218,1.6093699433004487,True,positive,low_under_50,0.0,0.9157942339237254,3.6631769356949015,1.9455864199500987
2022,201,4,1,3,0.25,0;2;3,1.3789767118250482,-0.4540645631632486,0.9249121486617996,0.4540645631632486,1.6093699433004487,True,negative,low_under_50,0.0,1.3789767118250482,5.515906847300193,2.408768897851422
2022,201,4,1,3,0.25,1;2;3,-0.604218015828225,1.5291301644900246,0.9249121486617996,1.5291301644900246,1.6093699433004487,True,positive,low_under_50,0.0,-0.604218015828225,-2.4168720633129,0.42557417019814847
2022,201,4,2,2,0.5,0;1,0.15015345266497637,0.7747586959968232,0.9249121486617996,0.7747586959968232,1.3140450561526649,True,positive,moderate_50_to_80,0.0,0.15015345266497637,0.30030690532995274,0.8366815766825587
2022,201,4,2,2,0.5,0;2,0.6133359305662992,0.3115762180955004,0.9249121486617996,0.3115762180955004,1.3140450561526649,True,positive,moderate_50_to_80,0.0,0.6133359305662992,1.2266718611325984,1.2998640545838815
2022,201,4,2,2,0.5,0;3,2.2947709457487737,-1.369858797086974,0.9249121486617996,1.369858797086974,1.3140450561526649,True,negative,moderate_50_to_80,0.0,2.2947709457487737,4.589541891497547,2.981299069766356
2022,201,4,2,2,0.5,1;2,-1.369858797086974,2.2947709457487737,0.9249121486617996,2.2947709457487737,1.3140450561526649,True,positive,moderate_50_to_80,0.0,-1.369858797086974,-2.739717594173948,-0.6833306730693917
2022,201,4,2,2,0.5,1;3,0.3115762180955004,0.6133359305662992,0.9249121486617996,0.6133359305662992,1.3140450561526649,True,positive,moderate_50_to_80,0.0,0.3115762180955004,0.6231524361910008,0.9981043421130827
2022,201,4,2,2,0.5,2;3,0.7747586959968232,0.15015345266497637,0.9249121486617996,0.15015345266497637,1.3140450561526649,True,positive,moderate_50_to_80,0.0,0.7747586959968232,1.5495173919936465,1.4612868200144056
2022,201,4,3,1,0.75,0,1.5291301644900246,-0.604218015828225,0.9249121486617996,0.604218015828225,0.9291701699902069,True,negative,moderate_50_to_80,0.0,1.5291301644900246,2.038840219320033,1.8723942264988158
2022,201,4,3,1,0.75,1,-0.4540645631632486,1.3789767118250482,0.9249121486617996,1.3789767118250482,0.9291701699902069,True,positive,moderate_50_to_80,0.0,-0.4540645631632486,-0.6054194175509982,-0.11080050115445744
2022,201,4,3,1,0.75,2,0.009117914738074218,0.9157942339237254,0.9249121486617996,0.9157942339237254,0.9291701699902069,True,positive,moderate_50_to_80,0.0,0.009117914738074218,0.012157219650765624,0.3523819767468654
2022,201,4,3,1,0.75,3,1.6905529299205486,-0.765640781258749,0.9249121486617996,0.765640781258749,0.9291701699902069,True,negative,moderate_50_to_80,0.0,1.6905529299205486,2.254070573227398,2.03381699192934
2022,2084,5,1,4,0.2,0;1;2;3,-0.1069127890899905,-1.3354084619285271,-1.4423212510185175,1.3354084619285271,1.8583403399804137,True,negative,low_under_50,0.0,-0.1069127890899905,-0.5345639454499524,1.266143458945174
2022,2084,5,1,4,0.2,0;1;2;4,-0.765640781258749,-0.6766804697597685,-1.4423212510185175,0.6766804697597685,1.8583403399804137,True,negative,low_under_50,0.0,-0.765640781258749,-3.828203906293745,0.6074154667764157
2022,2084,5,1,4,0.2,0;1;3;4,-0.765640781258749,-0.6766804697597685,-1.4423212510185175,0.6766804697597685,1.8583403399804137,True,negative,low_under_50,0.0,-0.765640781258749,-3.828203906293745,0.6074154667764157
2022,2084,5,1,4,0.2,0;2;3;4,-0.765640781258749,-0.6766804697597685,-1.4423212510185175,0.6766804697597685,1.8583403399804137,True,negative,low_under_50,0.0,-0.765640781258749,-3.828203906293745,0.6074154667764157
2022,2084,5,1,4,0.2,1;2;3;4,0.96151388184772,-2.4038351328662375,-1.4423212510185175,2.4038351328662375,1.8583403399804137,False,negative,low_under_50,0.0,0.96151388184772,4.8075694092386,2.3345701298828847
2022,2084,5,2,3,0.4,0;1;2,-0.8725535703487395,-0.569767680669778,-1.4423212510185175,0.569767680669778,1.6093699433004487,True,negative,low_under_50,0.0,-0.8725535703487395,-2.181383925871849,0.15723861567763397
2022,2084,5,2,3,0.4,0;1;3,-0.8725535703487395,-0.569767680669778,-1.4423212510185175,0.569767680669778,1.6093699433004487,True,negative,low_under_50,0.0,-0.8725535703487395,-2.181383925871849,0.15723861567763397
2022,2084,5,2,3,0.4,0;1;4,-1.531281562517498,0.08896031149898051,-1.4423212510185175,0.08896031149898051,1.6093699433004487,True,positive,low_under_50,0.0,-1.531281562517498,-3.828203906293745,-0.5014893764911246
2022,2084,5,2,3,0.4,0;2;3,-0.8725535703487395,-0.569767680669778,-1.4423212510185175,0.569767680669778,1.6093699433004487,True,negative,low_under_50,0.0,-0.8725535703487395,-2.181383925871849,0.15723861567763397
2022,2084,5,2,3,0.4,0;2;4,-1.531281562517498,0.08896031149898051,-1.4423212510185175,0.08896031149898051,1.6093699433004487,True,positive,low_under_50,0.0,-1.531281562517498,-3.828203906293745,-0.5014893764911246
2022,2084,5,2,3,0.4,0;3;4,-1.531281562517498,0.08896031149898051,-1.4423212510185175,0.08896031149898051,1.6093699433004487,True,positive,low_under_50,0.0,-1.531281562517498,-3.828203906293745,-0.5014893764911246
2022,2084,5,2,3,0.4,1;2;3,0.8546010927577296,-2.296922343776247,-1.4423212510185175,2.296922343776247,1.6093699433004487,False,negative,low_under_50,0.0,0.8546010927577296,2.136502731894324,1.8843932787841031
2022,2084,5,2,3,0.4,1;2;4,0.195873100588971,-1.6381943516074886,-1.4423212510185175,1.6381943516074886,1.6093699433004487,False,negative,low_under_50,0.0,0.195873100588971,0.4896827514724275,1.2256652866153446
2022,2084,5,2,3,0.4,1;3;4,0.195873100588971,-1.6381943516074886,-1.4423212510185175,1.6381943516074886,1.6093699433004487,False,negative,low_under_50,0.0,0.195873100588971,0.4896827514724275,1.2256652866153446
2022,2084,5,2,3,0.4,2;3;4,0.195873100588971,-1.6381943516074886,-1.4423212510185175,1.6381943516074886,1.6093699433004487,False,negative,low_under_50,0.0,0.195873100588971,0.4896827514724275,1.2256652866153446
2022,2084,5,3,2,0.6,0;1,-1.6381943516074886,0.195873100588971,-1.4423212510185175,0.195873100588971,1.3140450561526649,True,positive,moderate_50_to_80,0.0,-1.6381943516074886,-2.7303239193458144,-0.9516662275899063
2022,2084,5,3,2,0.6,0;2,-1.6381943516074886,0.195873100588971,-1.4423212510185175,0.195873100588971,1.3140450561526649,True,positive,moderate_50_to_80,0.0,-1.6381943516074886,-2.7303239193458144,-0.9516662275899063
2022,2084,5,3,2,0.6,0;3,-1.6381943516074886,0.195873100588971,-1.4423212510185175,0.195873100588971,1.3140450561526649,True,positive,moderate_50_to_80,0.0,-1.6381943516074886,-2.7303239193458144,-0.9516662275899063
2022,2084,5,3,2,0.6,0;4,-2.296922343776247,0.8546010927577296,-1.4423212510185175,0.8546010927577296,1.3140450561526649,True,positive,moderate_50_to_80,0.0,-2.296922343776247,-3.8282039062937447,-1.6103942197586645
2022,2084,5,3,2,0.6,1;2,0.08896031149898051,-1.531281562517498,-1.4423212510185175,1.531281562517498,1.3140450561526649,False,negative,moderate_50_to_80,0.0,0.08896031149898051,0.1482671858316342,0.7754884355165629
2022,2084,5,3,2,0.6,1;3,0.08896031149898051,-1.531281562517498,-1.4423212510185175,1.531281562517498,1.3140450561526649,False,negative,moderate_50_to_80,0.0,0.08896031149898051,0.1482671858316342,0.7754884355165629
2022,2084,5,3,2,0.6,1;4,-0.569767680669778,-0.8725535703487395,-1.4423212510185175,0.8725535703487395,1.3140450561526649,True,negative,moderate_50_to_80,0.0,-0.569767680669778,-0.9496128011162966,0.11676044334780433
2022,2084,5,3,2,0.6,2;3,0.08896031149898051,-1.531281562517498,-1.4423212510185175,1.531281562517498,1.3140450561526649,False,negative,moderate_50_to_80,0.0,0.08896031149898051,0.1482671858316342,0.7754884355165629
2022,2084,5,3,2,0.6,2;4,-0.569767680669778,-0.8725535703487395,-1.4423212510185175,0.8725535703487395,1.3140450561526649,True,negative,moderate_50_to_80,0.0,-0.569767680669778,-0.9496128011162966,0.11676044334780433
2022,2084,5,3,2,0.6,3;4,-0.569767680669778,-0.8725535703487395,-1.4423212510185175,0.8725535703487395,1.3140450561526649,True,negative,moderate_50_to_80,0.0,-0.569767680669778,-0.9496128011162966,0.11676044334780433
2022,2084,5,4,1,0.8,0,-2.4038351328662375,0.96151388184772,-1.4423212510185175,0.96151388184772,0.9291701699902069,True,positive,high_80_plus,0.0,-2.4038351328662375,-3.004793916082797,-2.0605710708574465
2022,2084,5,4,1,0.8,1,-0.6766804697597685,-0.765640781258749,-1.4423212510185175,0.765640781258749,0.9291701699902069,True,negative,high_80_plus,0.0,-0.6766804697597685,-0.8458505871997106,-0.3334164077509773
2022,2084,5,4,1,0.8,2,-0.6766804697597685,-0.765640781258749,-1.4423212510185175,0.765640781258749,0.9291701699902069,True,negative,high_80_plus,0.0,-0.6766804697597685,-0.8458505871997106,-0.3334164077509773
2022,2084,5,4,1,0.8,3,-0.6766804697597685,-0.765640781258749,-1.4423212510185175,0.765640781258749,0.9291701699902069,True,negative,high_80_plus,0.0,-0.6766804697597685,-0.8458505871997106,-0.3334164077509773
2022,2084,5,4,1,0.8,4,-1.3354084619285271,-0.1069127890899905,-1.4423212510185175,0.1069127890899905,0.9291701699902069,True,negative,high_80_plus,0.0,-1.3354084619285271,-1.6692605774106588,-0.9921443999197359
2022,2229,2,1,1,0.5,0,0.6259779254854226,0.38452172871727613,1.0104996542026987,0.38452172871727613,0.9291701699902069,True,positive,moderate_50_to_80,0.0,0.6259779254854226,1.2519558509708453,0.9692419874942138
2022,2229,2,1,1,0.5,1,0.38452172871727613,0.6259779254854226,1.0104996542026987,0.6259779254854226,0.9291701699902069,True,positive,moderate_50_to_80,0.0,0.38452172871727613,0.7690434574345523,0.7277857907260673
2022,23,2,1,1,0.5,0,0.4765836701760251,-0.44279525039770085,0.03378841977832425,0.44279525039770085,0.9291701699902069,True,negative,moderate_50_to_80,0.0,0.4765836701760251,0.9531673403520502,0.8198477321848163
2022,23,2,1,1,0.5,1,-0.44279525039770085,0.4765836701760251,0.03378841977832425,0.4765836701760251,0.9291701699902069,True,positive,moderate_50_to_80,0.0,-0.44279525039770085,-0.8855905007954017,-0.09953118838890967
2022,2393,2,1,1,0.5,0,-0.765640781258749,-0.765640781258749,-1.531281562517498,0.765640781258749,0.9291701699902069,True,negative,moderate_50_to_80,0.0,-0.765640781258749,-1.531281562517498,-0.42237671924995784
2022,2393,2,1,1,0.5,1,-0.765640781258749,-0.765640781258749,-1.531281562517498,0.765640781258749,0.9291701699902069,True,negative,moderate_50_to_80,0.0,-0.765640781258749,-1.531281562517498,-0.42237671924995784
2022,2483,2,1,1,0.5,0,-0.44279525039770085,1.0315726412123953,0.5887773908146945,1.0315726412123953,0.9291701699902069,True,positive,moderate_50_to_80,0.0,-0.44279525039770085,-0.8855905007954017,-0.09953118838890967
2022,2483,2,1,1,0.5,1,1.0315726412123953,-0.44279525039770085,0.5887773908146945,0.44279525039770085,0.9291701699902069,True,negative,moderate_50_to_80,0.0,1.0315726412123953,2.0631452824247907,1.3748367032211866
2022,2509,2,1,1,0.5,0,0.5254783026057048,0.2849885584773221,0.8104668610830269,0.2849885584773221,0.9291701699902069,True,positive,moderate_50_to_80,0.0,0.5254783026057048,1.0509566052114097,0.868742364614496
2022,2509,2,1,1,0.5,1,0.2849885584773221,0.5254783026057048,0.8104668610830269,0.5254783026057048,0.9291701699902069,True,positive,moderate_50_to_80,0.0,0.2849885584773221,0.5699771169546441,0.6282526204861132
2022,2567,3,1,2,0.3333333333333333,0;1,1.217362911817808,-0.2790666725661017,0.9382962392517062,0.2790666725661017,1.3140450561526649,True,negative,low_under_50,0.0,1.217362911817808,3.652088735453424,1.9038910358353904
2022,2567,3,1,2,0.3333333333333333,0;2,0.3251513432621233,0.613144895989583,0.9382962392517062,0.613144895989583,1.3140450561526649,True,positive,low_under_50,0.0,0.3251513432621233,0.9754540297863699,1.0116794672797056
2022,2567,3,1,2,0.3333333333333333,1;2,-0.604218015828225,1.5425142550799313,0.9382962392517062,1.5425142550799313,1.3140450561526649,True,positive,low_under_50,0.0,-0.604218015828225,-1.812654047484675,0.08231010818935736
2022,2567,3,2,1,0.6666666666666666,0,1.5425142550799313,-0.604218015828225,0.9382962392517062,0.604218015828225,0.9291701699902069,True,negative,moderate_50_to_80,0.0,1.5425142550799313,2.313771382619897,1.8857783170887226
2022,2567,3,2,1,0.6666666666666666,1,0.613144895989583,0.3251513432621233,0.9382962392517062,0.3251513432621233,0.9291701699902069,True,positive,moderate_50_to_80,0.0,0.613144895989583,0.9197173439843744,0.9564089579983741
2022,2567,3,2,1,0.6666666666666666,2,-0.2790666725661017,1.217362911817808,0.9382962392517062,1.217362911817808,0.9291701699902069,True,positive,moderate_50_to_80,0.0,-0.2790666725661017,-0.4186000088491525,0.06419738944268949
2022,26,2,1,1,0.5,0,-0.44279525039770085,0.9023228547799554,0.4595276043822546,0.9023228547799554,0.9291701699902069,True,positive,moderate_50_to_80,0.0,-0.44279525039770085,-0.8855905007954017,-0.09953118838890967
2022,26,2,1,1,0.5,1,0.9023228547799554,-0.44279525039770085,0.4595276043822546,0.44279525039770085,0.9291701699902069,True,negative,moderate_50_to_80,0.0,0.9023228547799554,1.8046457095599109,1.2455869167887466
2022,2633,2,1,1,0.5,0,-0.765640781258749,0.653230438711619,-0.11241034254713,0.653230438711619,0.9291701699902069,True,positive,moderate_50_to_80,0.0,-0.765640781258749,-1.531281562517498,-0.42237671924995784
2022,2633,2,1,1,0.5,1,0.653230438711619,-0.765640781258749,-0.11241034254713,0.765640781258749,0.9291701699902069,True,negative,moderate_50_to_80,0.0,0.653230438711619,1.306460877423238,0.9964945007204102
2022,2641,2,1,1,0.5,0,-0.765640781258749,-0.509791751288661,-1.27543253254741,0.509791751288661,0.9291701699902069,True,negative,moderate_50_to_80,0.0,-0.765640781258749,-1.531281562517498,-0.42237671924995784
2022,2641,2,1,1,0.5,1,-0.509791751288661,-0.765640781258749,-1.27543253254741,0.765640781258749,0.9291701699902069,True,negative,moderate_50_to_80,0.0,-0.509791751288661,-1.019583502577322,-0.16652768927986988
2022,265,2,1,1,0.5,0,1.0515995703242622,1.0585770492855493,2.1101766196098115,1.0585770492855493,0.9291701699902069,True,positive,moderate_50_to_80,0.0,1.0515995703242622,2.1031991406485244,1.3948636323330534
2022,265,2,1,1,0.5,1,1.0585770492855493,1.0515995703242622,2.1101766196098115,1.0515995703242622,0.9291701699902069,True,positive,moderate_50_to_80,0.0,1.0585770492855493,2.1171540985710986,1.4018411112943405
2022,276,2,1,1,0.5,0,-0.3124697861952172,-0.604218015828225,-0.9166878020234421,0.604218015828225,0.9291701699902069,True,negative,moderate_50_to_80,0.0,-0.3124697861952172,-0.6249395723904344,0.030794275813573968
2022,276,2,1,1,0.5,1,-0.604218015828225,-0.3124697861952172,-0.9166878020234421,0.3124697861952172,0.9291701699902069,True,negative,moderate_50_to_80,0.0,-0.604218015828225,-1.20843603165645,-0.2609539538194338
2022,290,2,1,1,0.5,0,0.6740636976606782,-0.765640781258749,-0.09157708359807082,0.765640781258749,0.9291701699902069,True,negative,moderate_50_to_80,0.0,0.6740636976606782,1.3481273953213564,1.0173277596694694
2022,290,2,1,1,0.5,1,-0.765640781258749,0.6740636976606782,-0.09157708359807082,0.6740636976606782,0.9291701699902069,True,positive,moderate_50_to_80,0.0,-0.765640781258749,-1.531281562517498,-0.42237671924995784
2022,344,4,1,3,0.25,0;1;2,0.2849885584773221,-0.11917001370281577,0.1658185447745063,0.11917001370281577,1.6093699433004487,True,negative,low_under_50,0.0,0.2849885584773221,1.1399542339092883,1.3147807445036954
2022,344,4,1,3,0.25,0;1;3,-0.604218015828225,0.7700365606027313,0.1658185447745063,0.7700365606027313,1.6093699433004487,True,positive,low_under_50,0.0,-0.604218015828225,-2.4168720633129,0.42557417019814847
2022,344,4,1,3,0.25,0;2;3,-0.765640781258749,0.9314593260332553,0.1658185447745063,0.9314593260332553,1.6093699433004487,True,positive,low_under_50,0.0,-0.765640781258749,-3.062563125034996,0.26415140476762444
2022,344,4,1,3,0.25,1;2;3,1.2506887833841582,-1.084870238609652,0.1658185447745063,1.084870238609652,1.6093699433004487,True,negative,low_under_50,0.0,1.2506887833841582,5.002755133536633,2.2804809694105317
2022,344,4,2,2,0.5,0;1,-0.3192294573509029,0.4850480021254092,0.1658185447745063,0.4850480021254092,1.3140450561526649,True,positive,moderate_50_to_80,0.0,-0.3192294573509029,-0.6384589147018058,0.36729866666667943
2022,344,4,2,2,0.5,0;2,-0.48065222278142694,0.6464707675559332,0.1658185447745063,0.6464707675559332,1.3140450561526649,True,positive,moderate_50_to_80,0.0,-0.48065222278142694,-0.9613044455628539,0.2058759012361554
2022,344,4,2,2,0.5,0;3,-1.369858797086974,1.5356773418614802,0.1658185447745063,1.5356773418614802,1.3140450561526649,True,positive,moderate_50_to_80,0.0,-1.369858797086974,-2.739717594173948,-0.6833306730693917
2022,344,4,2,2,0.5,1;2,1.5356773418614802,-1.369858797086974,0.1658185447745063,1.369858797086974,1.3140450561526649,True,negative,moderate_50_to_80,0.0,1.5356773418614802,3.0713546837229604,2.2222054658790626
2022,344,4,2,2,0.5,1;3,0.6464707675559332,-0.48065222278142694,0.1658185447745063,0.48065222278142694,1.3140450561526649,True,negative,moderate_50_to_80,0.0,0.6464707675559332,1.2929415351118665,1.3329988915735156
2022,344,4,2,2,0.5,2;3,0.4850480021254092,-0.3192294573509029,0.1658185447745063,0.3192294573509029,1.3140450561526649,True,negative,moderate_50_to_80,0.0,0.4850480021254092,0.9700960042508184,1.1715761261429916
2022,344,4,3,1,0.75,0,-1.084870238609652,1.2506887833841582,0.1658185447745063,1.2506887833841582,0.9291701699902069,True,positive,moderate_50_to_80,0.0,-1.084870238609652,-1.4464936514795361,-0.7416061766008608
2022,344,4,3,1,0.75,1,0.9314593260332553,-0.765640781258749,0.1658185447745063,0.765640781258749,0.9291701699902069,True,negative,moderate_50_to_80,0.0,0.9314593260332553,1.2419457680443404,1.2747233880420465
2022,344,4,3,1,0.75,2,0.7700365606027313,-0.604218015828225,0.1658185447745063,0.604218015828225,0.9291701699902069,True,negative,moderate_50_to_80,0.0,0.7700365606027313,1.026715414136975,1.1133006226115225
2022,344,4,3,1,0.75,3,-0.11917001370281577,0.2849885584773221,0.1658185447745063,0.2849885584773221,0.9291701699902069,True,positive,moderate_50_to_80,0.0,-0.11917001370281577,-0.15889335160375437,0.2240940483059754
2022,8,2,1,1,0.5,0,1.5071749576967668,1.1522656729679146,2.6594406306646814,1.1522656729679146,0.9291701699902069,True,positive,moderate_50_to_80,0.0,1.5071749576967668,3.0143499153935336,1.850439019705558
2022,8,2,1,1,0.5,1,1.1522656729679146,1.5071749576967668,2.6594406306646814,1.5071749576967668,0.9291701699902069,True,positive,moderate_50_to_80,0.0,1.1522656729679146,2.304531345935829,1.4955297349767058
2022,9,3,1,2,0.3333333333333333,0;1,0.05450997634053356,2.7816910311734384,2.836201007513972,2.7816910311734384,1.3140450561526649,True,positive,low_under_50,0.0,0.05450997634053356,0.16352992902160068,0.7410381003581159
2022,9,3,1,2,0.3333333333333333,0;2,2.794177555723865,0.04202345179010703,2.836201007513972,0.04202345179010703,1.3140450561526649,True,positive,low_under_50,0.0,2.794177555723865,8.382532667171596,3.4807056797414475
2022,9,3,1,2,0.3333333333333333,1;2,-0.012486524550426528,2.8486875320643987,2.836201007513972,2.8486875320643987,1.3140450561526649,False,positive,low_under_50,0.0,-0.012486524550426528,-0.03745957365127958,0.6740415994671558
2022,9,3,2,1,0.6666666666666666,0,2.8486875320643987,-0.012486524550426528,2.836201007513972,0.012486524550426528,0.9291701699902069,True,negative,moderate_50_to_80,0.0,2.8486875320643987,4.273031298096598,3.1919515940731897
2022,9,3,2,1,0.6666666666666666,1,0.04202345179010703,2.794177555723865,2.836201007513972,2.794177555723865,0.9291701699902069,False,positive,moderate_50_to_80,0.0,0.04202345179010703,0.06303517768516055,0.3852875137988982
2022,9,3,2,1,0.6666666666666666,2,2.7816910311734384,0.05450997634053356,2.836201007513972,0.05450997634053356,0.9291701699902069,True,positive,moderate_50_to_80,0.0,2.7816910311734384,4.172536546760158,3.1249550931822294
2023,120,2,1,1,0.5,0,-0.04785465331481511,1.670845251942525,1.6229905986277098,1.670845251942525,0.9068159902950598,True,positive,moderate_50_to_80,0.0,-0.04785465331481511,-0.09570930662963022,0.23108286406353515
2023,120,2,1,1,0.5,1,1.670845251942525,-0.04785465331481511,1.6229905986277098,0.04785465331481511,0.9068159902950598,True,negative,moderate_50_to_80,0.0,1.670845251942525,3.34169050388505,1.9497827693208754
2023,150,2,1,1,0.5,0,-0.05119320986167214,0.3795694662316595,0.32837625636998735,0.3795694662316595,0.9068159902950598,True,positive,moderate_50_to_80,0.0,-0.05119320986167214,-0.10238641972334428,0.22774430751667812
2023,150,2,1,1,0.5,1,0.3795694662316595,-0.05119320986167214,0.32837625636998735,0.05119320986167214,0.9068159902950598,True,negative,moderate_50_to_80,0.0,0.3795694662316595,0.759138932463319,0.6585069836100097
2023,151,5,1,4,0.2,0;1;2;3,0.12588026844911734,1.965587886918524,2.0914681553676413,1.965587886918524,1.8136319805901195,True,positive,low_under_50,0.0,0.12588026844911734,0.6294013422455867,1.2416303379625184
2023,151,5,1,4,0.2,0;1;2;4,-0.6014265660772212,2.6928947214448624,2.0914681553676413,2.6928947214448624,1.8136319805901195,True,positive,low_under_50,0.0,-0.6014265660772212,-3.007132830386106,0.5143235034361798
2023,151,5,1,4,0.2,0;1;3;4,-0.2681430650800835,2.3596112204477246,2.0914681553676413,2.3596112204477246,1.8136319805901195,True,positive,low_under_50,0.0,-0.2681430650800835,-1.3407153254004176,0.8476070044333175
2023,151,5,1,4,0.2,0;2;3;4,1.3342578837886299,0.7572102715790113,2.0914681553676413,0.7572102715790113,1.8136319805901195,True,positive,low_under_50,0.0,1.3342578837886299,6.671289418943149,2.450007953302031
2023,151,5,1,4,0.2,1;2;3;4,1.5008996342871987,0.5905685210804424,2.0914681553676413,0.5905685210804424,1.8136319805901195,True,positive,low_under_50,0.0,1.5008996342871987,7.504498171435994,2.6166497038006
2023,151,5,2,3,0.4,0;1;2,-0.47554629762810385,2.5670144529957453,2.0914681553676413,2.5670144529957453,1.5706513683069294,True,positive,low_under_50,0.0,-0.47554629762810385,-1.1888657440702597,0.36126625450694694
2023,151,5,2,3,0.4,0;1;3,-0.14226279663096617,2.2337309519986075,2.0914681553676413,2.2337309519986075,1.5706513683069294,True,positive,low_under_50,0.0,-0.14226279663096617,-0.3556569915774154,0.6945497555040846
2023,151,5,2,3,0.4,0;1;4,-0.8695696311573047,2.9610377865249458,2.0914681553676413,2.9610377865249458,1.5706513683069294,True,positive,low_under_50,0.0,-0.8695696311573047,-2.1739240778932616,-0.03275707902225389
2023,151,5,2,3,0.4,0;2;3,1.4601381522377472,0.6313300031298941,2.0914681553676413,0.6313300031298941,1.5706513683069294,True,positive,low_under_50,0.0,1.4601381522377472,3.650345380594368,2.296950704372798
2023,151,5,2,3,0.4,0;2;4,0.7328313177114086,1.3586368376562326,2.0914681553676413,1.3586368376562326,1.5706513683069294,True,positive,low_under_50,0.0,0.7328313177114086,1.8320782942785216,1.5696438698464594
2023,151,5,2,3,0.4,0;3;4,1.0661148187085463,1.0253533366590948,2.0914681553676413,1.0253533366590948,1.5706513683069294,True,positive,low_under_50,0.0,1.0661148187085463,2.6652870467713656,1.9029273708435972
2023,151,5,2,3,0.4,1;2;3,1.6267799027363161,0.4646882526313251,2.0914681553676413,0.4646882526313251,1.5706513683069294,True,positive,low_under_50,0.0,1.6267799027363161,4.06694975684079,2.463592454871367
2023,151,5,2,3,0.4,1;2;4,0.8994730682099775,1.1919950871576637,2.0914681553676413,1.1919950871576637,1.5706513683069294,True,positive,low_under_50,0.0,0.8994730682099775,2.2486826705249436,1.7362856203450283
2023,151,5,2,3,0.4,1;3;4,1.2327565692071152,0.858711586160526,2.0914681553676413,0.858711586160526,1.5706513683069294,True,positive,low_under_50,0.0,1.2327565692071152,3.081891423017788,2.069569121342166
2023,151,5,2,3,0.4,2;3;4,2.8351575180758286,-0.7436893627081874,2.0914681553676413,0.7436893627081874,1.5706513683069294,True,negative,low_under_50,0.0,2.8351575180758286,7.087893795189571,3.6719700702108793
2023,151,5,3,2,0.6,0;1,-0.7436893627081874,2.8351575180758286,2.0914681553676413,2.8351575180758286,1.2824314720520626,False,positive,moderate_50_to_80,0.0,-0.7436893627081874,-1.2394822711803124,-0.1858143279514869
2023,151,5,3,2,0.6,0;2,0.858711586160526,1.2327565692071152,2.0914681553676413,1.2327565692071152,1.2824314720520626,True,positive,moderate_50_to_80,0.0,0.858711586160526,1.4311859769342101,1.4165866209172266
2023,151,5,3,2,0.6,0;3,1.1919950871576637,0.8994730682099775,2.0914681553676413,0.8994730682099775,1.2824314720520626,True,positive,moderate_50_to_80,0.0,1.1919950871576637,1.9866584785961061,1.7498701219143642
2023,151,5,3,2,0.6,0;4,0.4646882526313251,1.6267799027363161,2.0914681553676413,1.6267799027363161,1.2824314720520626,True,positive,moderate_50_to_80,0.0,0.4646882526313251,0.7744804210522086,1.0225632873880257
2023,151,5,3,2,0.6,1;2,1.0253533366590948,1.0661148187085463,2.0914681553676413,1.0661148187085463,1.2824314720520626,True,positive,moderate_50_to_80,0.0,1.0253533366590948,1.708922227765158,1.5832283714157953
2023,151,5,3,2,0.6,1;3,1.3586368376562326,0.7328313177114086,2.0914681553676413,0.7328313177114086,1.2824314720520626,True,positive,moderate_50_to_80,0.0,1.3586368376562326,2.2643947294270546,1.916511872412933
2023,151,5,3,2,0.6,1;4,0.6313300031298941,1.4601381522377472,2.0914681553676413,1.4601381522377472,1.2824314720520626,True,positive,moderate_50_to_80,0.0,0.6313300031298941,1.0522166718831567,1.1892050378865946
2023,151,5,3,2,0.6,2;3,2.9610377865249458,-0.8695696311573047,2.0914681553676413,0.8695696311573047,1.2824314720520626,True,negative,moderate_50_to_80,0.0,2.9610377865249458,4.935062977541576,3.5189128212816465
2023,151,5,3,2,0.6,2;4,2.2337309519986075,-0.14226279663096617,2.0914681553676413,0.14226279663096617,1.2824314720520626,True,negative,moderate_50_to_80,0.0,2.2337309519986075,3.722884919997679,2.7916059867553082
2023,151,5,3,2,0.6,3;4,2.5670144529957453,-0.47554629762810385,2.0914681553676413,0.47554629762810385,1.2824314720520626,True,negative,moderate_50_to_80,0.0,2.5670144529957453,4.278357421659575,3.124889487752446
2023,151,5,4,1,0.8,0,0.5905685210804424,1.5008996342871987,2.0914681553676413,1.5008996342871987,0.9068159902950598,True,positive,high_80_plus,0.0,0.5905685210804424,0.7382106513505531,0.8695060384587927
2023,151,5,4,1,0.8,1,0.7572102715790113,1.3342578837886299,2.0914681553676413,1.3342578837886299,0.9068159902950598,True,positive,high_80_plus,0.0,0.7572102715790113,0.9465128394737642,1.0361477889573616
2023,151,5,4,1,0.8,2,2.3596112204477246,-0.2681430650800835,2.0914681553676413,0.2681430650800835,0.9068159902950598,True,negative,high_80_plus,0.0,2.3596112204477246,2.949514025559656,2.638548737826075
2023,151,5,4,1,0.8,3,2.6928947214448624,-0.6014265660772212,2.0914681553676413,0.6014265660772212,0.9068159902950598,True,negative,high_80_plus,0.0,2.6928947214448624,3.366118401806078,2.971832238823213
2023,151,5,4,1,0.8,4,1.965587886918524,0.12588026844911734,2.0914681553676413,0.12588026844911734,0.9068159902950598,True,positive,high_80_plus,0.0,1.965587886918524,2.456984858648155,2.244525404296874
2023,153,4,1,3,0.25,0;1;2,1.3608699500820705,4.429892437503483,5.790762387585554,4.429892437503483,1.5706513683069294,False,positive,low_under_50,0.0,1.3608699500820705,5.443479800328282,2.197682502217121
2023,153,4,1,3,0.25,0;1;3,1.7046227171664283,4.086139670419126,5.790762387585554,4.086139670419126,1.5706513683069294,False,positive,low_under_50,0.0,1.7046227171664283,6.818490868665713,2.5414352693014792
2023,153,4,1,3,0.25,0;2;3,1.5647467583123573,4.2260156292731965,5.790762387585554,4.2260156292731965,1.5706513683069294,False,positive,low_under_50,0.0,1.5647467583123573,6.258987033249429,2.401559310447408
2023,153,4,1,3,0.25,1;2;3,1.1605229620246975,4.630239425560856,5.790762387585554,4.630239425560856,1.5706513683069294,False,positive,low_under_50,0.0,1.1605229620246975,4.64209184809879,1.9973355141597482
2023,153,4,2,2,0.5,0;1,3.065492667248499,2.725269720337055,5.790762387585554,2.725269720337055,1.2824314720520626,False,positive,moderate_50_to_80,0.0,3.065492667248499,6.130985334496998,3.6233677020051998
2023,153,4,2,2,0.5,0;2,2.925616708394428,2.8651456791911256,5.790762387585554,2.8651456791911256,1.2824314720520626,False,positive,moderate_50_to_80,0.0,2.925616708394428,5.851233416788856,3.483491743151128
2023,153,4,2,2,0.5,0;3,3.2693694754787854,2.521392912106768,5.790762387585554,2.521392912106768,1.2824314720520626,True,positive,moderate_50_to_80,0.0,3.2693694754787854,6.538738950957571,3.827244510235486
2023,153,4,2,2,0.5,1;2,2.521392912106768,3.2693694754787854,5.790762387585554,3.2693694754787854,1.2824314720520626,False,positive,moderate_50_to_80,0.0,2.521392912106768,5.042785824213536,3.0792679468634683
2023,153,4,2,2,0.5,1;3,2.8651456791911256,2.925616708394428,5.790762387585554,2.925616708394428,1.2824314720520626,False,positive,moderate_50_to_80,0.0,2.8651456791911256,5.730291358382251,3.4230207139478264
2023,153,4,2,2,0.5,2;3,2.725269720337055,3.065492667248499,5.790762387585554,3.065492667248499,1.2824314720520626,False,positive,moderate_50_to_80,0.0,2.725269720337055,5.45053944067411,3.2831447550937556
2023,153,4,3,1,0.75,0,4.630239425560856,1.1605229620246975,5.790762387585554,1.1605229620246975,0.9068159902950598,True,positive,moderate_50_to_80,0.0,4.630239425560856,6.173652567414475,4.909176942939206
2023,153,4,3,1,0.75,1,4.2260156292731965,1.5647467583123573,5.790762387585554,1.5647467583123573,0.9068159902950598,True,positive,moderate_50_to_80,0.0,4.2260156292731965,5.634687505697595,4.5049531466515464
2023,153,4,3,1,0.75,2,4.086139670419126,1.7046227171664283,5.790762387585554,1.7046227171664283,0.9068159902950598,True,positive,moderate_50_to_80,0.0,4.086139670419126,5.448186227225501,4.365077187797476
2023,153,4,3,1,0.75,3,4.429892437503483,1.3608699500820705,5.790762387585554,1.3608699500820705,0.9068159902950598,True,positive,moderate_50_to_80,0.0,4.429892437503483,5.906523250004644,4.708829954881833
2023,166,3,1,2,0.3333333333333333,0;1,1.4317370588848237,1.4277770171986646,2.8595140760834883,1.4277770171986646,1.2824314720520626,True,positive,low_under_50,0.0,1.4317370588848237,4.295211176654471,1.9896120936415242
2023,166,3,1,2,0.3333333333333333,0;2,0.3461686802143856,2.513345395869103,2.8595140760834883,2.513345395869103,1.2824314720520626,True,positive,low_under_50,0.0,0.3461686802143856,1.0385060406431568,0.9040437149710862
2023,166,3,1,2,0.3333333333333333,1;2,1.081608336984279,1.7779057390992095,2.8595140760834883,1.7779057390992095,1.2824314720520626,True,positive,low_under_50,0.0,1.081608336984279,3.2448250109528374,1.6394833717409796
2023,166,3,2,1,0.6666666666666666,0,1.7779057390992095,1.081608336984279,2.8595140760834883,1.081608336984279,0.9068159902950598,True,positive,moderate_50_to_80,0.0,1.7779057390992095,2.6668586086488144,2.05684325647756
2023,166,3,2,1,0.6666666666666666,1,2.513345395869103,0.3461686802143856,2.8595140760834883,0.3461686802143856,0.9068159902950598,True,positive,moderate_50_to_80,0.0,2.513345395869103,3.7700180938036545,2.7922829132474534
2023,166,3,2,1,0.6666666666666666,2,1.4277770171986646,1.4317370588848237,2.8595140760834883,1.4317370588848237,0.9068159902950598,True,positive,moderate_50_to_80,0.0,1.4277770171986646,2.141665525797997,1.706714534577015
2023,167,4,1,3,0.25,0;1;2,0.11544854063689673,-1.4206880925146834,-1.3052395518777866,1.4206880925146834,1.5706513683069294,True,negative,low_under_50,0.0,0.11544854063689673,0.46179416254758693,0.9522610927719475
2023,167,4,1,3,0.25,0;1;3,-0.217834960360241,-1.0874045915175456,-1.3052395518777866,1.0874045915175456,1.5706513683069294,True,negative,low_under_50,0.0,-0.217834960360241,-0.871339841440964,0.6189775917748098
2023,167,4,1,3,0.25,0;2;3,-0.6014265660772212,-0.7038129858005655,-1.3052395518777866,0.7038129858005655,1.5706513683069294,True,negative,low_under_50,0.0,-0.6014265660772212,-2.405706264308885,0.23538598605782957
2023,167,4,1,3,0.25,1;2;3,-0.6014265660772212,-0.7038129858005655,-1.3052395518777866,0.7038129858005655,1.5706513683069294,True,negative,low_under_50,0.0,-0.6014265660772212,-2.405706264308885,0.23538598605782957
2023,167,4,2,2,0.5,0;1,-0.10238641972334427,-1.2028531321544425,-1.3052395518777866,1.2028531321544425,1.2824314720520626,True,negative,moderate_50_to_80,0.0,-0.10238641972334427,-0.20477283944668853,0.45548861503335625
2023,167,4,2,2,0.5,0;2,-0.4859780254403245,-0.8192615264374622,-1.3052395518777866,0.8192615264374622,1.2824314720520626,True,negative,moderate_50_to_80,0.0,-0.4859780254403245,-0.971956050880649,0.07189700931637605
2023,167,4,2,2,0.5,0;3,-0.8192615264374622,-0.4859780254403245,-1.3052395518777866,0.4859780254403245,1.2824314720520626,True,negative,moderate_50_to_80,0.0,-0.8192615264374622,-1.6385230528749244,-0.26138649168076167
2023,167,4,2,2,0.5,1;2,-0.4859780254403245,-0.8192615264374622,-1.3052395518777866,0.8192615264374622,1.2824314720520626,True,negative,moderate_50_to_80,0.0,-0.4859780254403245,-0.971956050880649,0.07189700931637605
2023,167,4,2,2,0.5,1;3,-0.8192615264374622,-0.4859780254403245,-1.3052395518777866,0.4859780254403245,1.2824314720520626,True,negative,moderate_50_to_80,0.0,-0.8192615264374622,-1.6385230528749244,-0.26138649168076167
2023,167,4,2,2,0.5,2;3,-1.2028531321544425,-0.10238641972334427,-1.3052395518777866,0.10238641972334427,1.2824314720520626,True,negative,moderate_50_to_80,0.0,-1.2028531321544425,-2.405706264308885,-0.6449780973977419
2023,167,4,3,1,0.75,0,-0.7038129858005655,-0.6014265660772212,-1.3052395518777866,0.6014265660772212,0.9068159902950598,True,negative,moderate_50_to_80,0.0,-0.7038129858005655,-0.938417314400754,-0.42487546842221524
2023,167,4,3,1,0.75,1,-0.7038129858005655,-0.6014265660772212,-1.3052395518777866,0.6014265660772212,0.9068159902950598,True,negative,moderate_50_to_80,0.0,-0.7038129858005655,-0.938417314400754,-0.42487546842221524
2023,167,4,3,1,0.75,2,-1.0874045915175456,-0.217834960360241,-1.3052395518777866,0.217834960360241,0.9068159902950598,True,negative,moderate_50_to_80,0.0,-1.0874045915175456,-1.4498727886900609,-0.8084670741391954
2023,167,4,3,1,0.75,3,-1.4206880925146834,0.11544854063689673,-1.3052395518777866,0.11544854063689673,0.9068159902950598,True,positive,moderate_50_to_80,0.0,-1.4206880925146834,-1.894250790019578,-1.1417505751363333
2023,183,4,1,3,0.25,0;1;2,-0.6014265660772212,-0.6887446284374682,-1.2901711945146894,0.6887446284374682,1.5706513683069294,True,negative,low_under_50,0.0,-0.6014265660772212,-2.405706264308885,0.23538598605782957
2023,183,4,1,3,0.25,0;1;3,-0.6014265660772212,-0.6887446284374682,-1.2901711945146894,0.6887446284374682,1.5706513683069294,True,negative,low_under_50,0.0,-0.6014265660772212,-2.405706264308885,0.23538598605782957
2023,183,4,1,3,0.25,0;2;3,-0.6014265660772212,-0.6887446284374682,-1.2901711945146894,0.6887446284374682,1.5706513683069294,True,negative,low_under_50,0.0,-0.6014265660772212,-2.405706264308885,0.23538598605782957
2023,183,4,1,3,0.25,1;2;3,0.5141085037169743,-1.8042796982316638,-1.2901711945146894,1.8042796982316638,1.5706513683069294,False,negative,low_under_50,0.0,0.5141085037169743,2.056434014867897,1.350921055852025
2023,183,4,2,2,0.5,0;1,-1.2028531321544425,-0.08731806236024697,-1.2901711945146894,0.08731806236024697,1.2824314720520626,True,negative,moderate_50_to_80,0.0,-1.2028531321544425,-2.405706264308885,-0.6449780973977419
2023,183,4,2,2,0.5,0;2,-1.2028531321544425,-0.08731806236024697,-1.2901711945146894,0.08731806236024697,1.2824314720520626,True,negative,moderate_50_to_80,0.0,-1.2028531321544425,-2.405706264308885,-0.6449780973977419
2023,183,4,2,2,0.5,0;3,-1.2028531321544425,-0.08731806236024697,-1.2901711945146894,0.08731806236024697,1.2824314720520626,True,negative,moderate_50_to_80,0.0,-1.2028531321544425,-2.405706264308885,-0.6449780973977419
2023,183,4,2,2,0.5,1;2,-0.08731806236024697,-1.2028531321544425,-1.2901711945146894,1.2028531321544425,1.2824314720520626,True,negative,moderate_50_to_80,0.0,-0.08731806236024697,-0.17463612472049395,0.47055697239645355
2023,183,4,2,2,0.5,1;3,-0.08731806236024697,-1.2028531321544425,-1.2901711945146894,1.2028531321544425,1.2824314720520626,True,negative,moderate_50_to_80,0.0,-0.08731806236024697,-0.17463612472049395,0.47055697239645355
2023,183,4,2,2,0.5,2;3,-0.08731806236024697,-1.2028531321544425,-1.2901711945146894,1.2028531321544425,1.2824314720520626,True,negative,moderate_50_to_80,0.0,-0.08731806236024697,-0.17463612472049395,0.47055697239645355
2023,183,4,3,1,0.75,0,-1.8042796982316638,0.5141085037169743,-1.2901711945146894,0.5141085037169743,0.9068159902950598,True,positive,moderate_50_to_80,0.0,-1.8042796982316638,-2.405706264308885,-1.5253421808533134
2023,183,4,3,1,0.75,1,-0.6887446284374682,-0.6014265660772212,-1.2901711945146894,0.6014265660772212,0.9068159902950598,True,negative,moderate_50_to_80,0.0,-0.6887446284374682,-0.9183261712499576,-0.40980711105911793
2023,183,4,3,1,0.75,2,-0.6887446284374682,-0.6014265660772212,-1.2901711945146894,0.6014265660772212,0.9068159902950598,True,negative,moderate_50_to_80,0.0,-0.6887446284374682,-0.9183261712499576,-0.40980711105911793
2023,183,4,3,1,0.75,3,-0.6887446284374682,-0.6014265660772212,-1.2901711945146894,0.6014265660772212,0.9068159902950598,True,negative,moderate_50_to_80,0.0,-0.6887446284374682,-0.9183261712499576,-0.40980711105911793
2023,194,2,1,1,0.5,0,1.0063633116113189,2.1486121655989416,3.1549754772102605,2.1486121655989416,0.9068159902950598,False,positive,moderate_50_to_80,0.0,1.0063633116113189,2.0127266232226377,1.2853008289896692
2023,194,2,1,1,0.5,1,2.1486121655989416,1.0063633116113189,3.1549754772102605,1.0063633116113189,0.9068159902950598,True,positive,moderate_50_to_80,0.0,2.1486121655989416,4.297224331197883,2.427549682977292
2023,195,2,1,1,0.5,0,-0.6014265660772212,1.0481454531678434,0.44671888709062213,1.0481454531678434,0.9068159902950598,True,positive,moderate_50_to_80,0.0,-0.6014265660772212,-1.2028531321544425,-0.32248904869887096
2023,195,2,1,1,0.5,1,1.0481454531678434,-0.6014265660772212,0.44671888709062213,0.6014265660772212,0.9068159902950598,True,negative,moderate_50_to_80,0.0,1.0481454531678434,2.0962909063356867,1.3270829705461935
2023,2026,3,1,2,0.3333333333333333,0;1,0.5513274931652323,0.6398390542246027,1.1911665473898352,0.6398390542246027,1.2824314720520626,True,positive,low_under_50,0.0,0.5513274931652323,1.653982479495697,1.1092025279219329
2023,2026,3,1,2,0.3333333333333333,0;2,-0.21449640381338406,1.4056629512032193,1.1911665473898352,1.4056629512032193,1.2824314720520626,True,positive,low_under_50,0.0,-0.21449640381338406,-0.6434892114401521,0.34337863094331644
2023,2026,3,1,2,0.3333333333333333,1;2,0.8543354580379868,0.33683108935184825,1.1911665473898352,0.33683108935184825,1.2824314720520626,True,positive,low_under_50,0.0,0.8543354580379868,2.5630063741139604,1.4122104927946872
2023,2026,3,2,1,0.6666666666666666,0,0.33683108935184825,0.8543354580379868,1.1911665473898352,0.8543354580379868,0.9068159902950598,True,positive,moderate_50_to_80,0.0,0.33683108935184825,0.5052466340277724,0.6157686067301985
2023,2026,3,2,1,0.6666666666666666,1,1.4056629512032193,-0.21449640381338406,1.1911665473898352,0.21449640381338406,0.9068159902950598,True,negative,moderate_50_to_80,0.0,1.4056629512032193,2.108494426804829,1.6846004685815696
2023,2026,3,2,1,0.6666666666666666,2,0.6398390542246027,0.5513274931652323,1.1911665473898352,0.5513274931652323,0.9068159902950598,True,positive,moderate_50_to_80,0.0,0.6398390542246027,0.9597585813369041,0.918776571602953
2023,2050,2,1,1,0.5,0,-0.6014265660772212,-0.17066388998388968,-0.7720904560611109,0.17066388998388968,0.9068159902950598,True,negative,moderate_50_to_80,0.0,-0.6014265660772212,-1.2028531321544425,-0.32248904869887096
2023,2050,2,1,1,0.5,1,-0.17066388998388968,-0.6014265660772212,-0.7720904560611109,0.6014265660772212,0.9068159902950598,True,negative,moderate_50_to_80,0.0,-0.17066388998388968,-0.34132777996777935,0.10827362739446059
2023,2116,4,1,3,0.25,0;1;2,1.8208112877666953,6.205119718931407,8.025931006698102,6.205119718931407,1.5706513683069294,False,positive,low_under_50,0.0,1.8208112877666953,7.283245151066781,2.657623839901746
2023,2116,4,1,3,0.25,0;1;3,0.6731187465698829,7.3528122601282195,8.025931006698102,7.3528122601282195,1.5706513683069294,False,positive,low_under_50,0.0,0.6731187465698829,2.6924749862795316,1.5099312987049336
2023,2116,4,1,3,0.25,0;2;3,3.4998768023381324,4.52605420435997,8.025931006698102,4.52605420435997,1.5706513683069294,False,positive,low_under_50,0.0,3.4998768023381324,13.99950720935253,4.336689354473183
2023,2116,4,1,3,0.25,1;2;3,2.032124170023392,5.993806836674711,8.025931006698102,5.993806836674711,1.5706513683069294,False,positive,low_under_50,0.0,2.032124170023392,8.128496680093567,2.8689367221584425
2023,2116,4,2,2,0.5,0;1,2.4939300343365782,5.532000972361525,8.025931006698102,5.532000972361525,1.2824314720520626,False,positive,moderate_50_to_80,0.0,2.4939300343365782,4.9878600686731565,3.0518050690932785
2023,2116,4,2,2,0.5,0;2,5.320688090104827,2.7052429165932748,8.025931006698102,2.7052429165932748,1.2824314720520626,False,positive,moderate_50_to_80,0.0,5.320688090104827,10.641376180209654,5.878563124861528
2023,2116,4,2,2,0.5,0;3,4.172995548908015,3.852935457790087,8.025931006698102,3.852935457790087,1.2824314720520626,False,positive,moderate_50_to_80,0.0,4.172995548908015,8.34599109781603,4.730870583664716
2023,2116,4,2,2,0.5,1;2,3.852935457790087,4.172995548908015,8.025931006698102,4.172995548908015,1.2824314720520626,False,positive,moderate_50_to_80,0.0,3.852935457790087,7.705870915580174,4.410810492546788
2023,2116,4,2,2,0.5,1;3,2.7052429165932748,5.320688090104827,8.025931006698102,5.320688090104827,1.2824314720520626,False,positive,moderate_50_to_80,0.0,2.7052429165932748,5.4104858331865495,3.263117951349975
2023,2116,4,2,2,0.5,2;3,5.532000972361525,2.4939300343365782,8.025931006698102,2.4939300343365782,1.2824314720520626,True,positive,moderate_50_to_80,0.0,5.532000972361525,11.06400194472305,6.089876007118225
2023,2116,4,3,1,0.75,0,5.993806836674711,2.032124170023392,8.025931006698102,2.032124170023392,0.9068159902950598,False,positive,moderate_50_to_80,0.0,5.993806836674711,7.991742448899615,6.272744354053061
2023,2116,4,3,1,0.75,1,4.52605420435997,3.4998768023381324,8.025931006698102,3.4998768023381324,0.9068159902950598,False,positive,moderate_50_to_80,0.0,4.52605420435997,6.034738939146627,4.80499172173832
2023,2116,4,3,1,0.75,2,7.3528122601282195,0.6731187465698829,8.025931006698102,0.6731187465698829,0.9068159902950598,True,positive,moderate_50_to_80,0.0,7.3528122601282195,9.80374968017096,7.6317497775065695
2023,2116,4,3,1,0.75,3,6.205119718931407,1.8208112877666953,8.025931006698102,1.8208112877666953,0.9068159902950598,False,positive,moderate_50_to_80,0.0,6.205119718931407,8.27349295857521,6.484057236309757
2023,218,2,1,1,0.5,0,0.847158410830187,-0.3373056404824586,0.5098527703477284,0.3373056404824586,0.9068159902950598,True,negative,moderate_50_to_80,0.0,0.847158410830187,1.694316821660374,1.1260959282085372
2023,218,2,1,1,0.5,1,-0.3373056404824586,0.847158410830187,0.5098527703477284,0.847158410830187,0.9068159902950598,True,positive,moderate_50_to_80,0.0,-0.3373056404824586,-0.6746112809649172,-0.05836812310410833
2023,2247,2,1,1,0.5,0,-0.040761482049451535,1.4851524550977617,1.4443909730483102,1.4851524550977617,0.9068159902950598,True,positive,moderate_50_to_80,0.0,-0.040761482049451535,-0.08152296409890307,0.23817603532889872
2023,2247,2,1,1,0.5,1,1.4851524550977617,-0.040761482049451535,1.4443909730483102,0.040761482049451535,0.9068159902950598,True,negative,moderate_50_to_80,0.0,1.4851524550977617,2.9703049101955235,1.7640899724761119
2023,23,2,1,1,0.5,0,0.5513274931652323,0.2499875781222115,0.8013150712874438,0.2499875781222115,0.9068159902950598,True,positive,moderate_50_to_80,0.0,0.5513274931652323,1.1026549863304647,0.8302650105435826
2023,23,2,1,1,0.5,1,0.2499875781222115,0.5513274931652323,0.8013150712874438,0.5513274931652323,0.9068159902950598,True,positive,moderate_50_to_80,0.0,0.2499875781222115,0.499975156244423,0.5289250955005618
2023,2306,2,1,1,0.5,0,0.4538483180690385,-0.040761482049451535,0.413086836019587,0.040761482049451535,0.9068159902950598,True,negative,moderate_50_to_80,0.0,0.4538483180690385,0.907696636138077,0.7327858354473888
2023,2306,2,1,1,0.5,1,-0.040761482049451535,0.4538483180690385,0.413086836019587,0.4538483180690385,0.9068159902950598,True,positive,moderate_50_to_80,0.0,-0.040761482049451535,-0.08152296409890307,0.23817603532889872
2023,2309,2,1,1,0.5,0,0.3357369524021651,-0.4347848155786524,-0.09904786317648728,0.4347848155786524,0.9068159902950598,True,negative,moderate_50_to_80,0.0,0.3357369524021651,0.6714739048043302,0.6146744697805153
2023,2309,2,1,1,0.5,1,-0.4347848155786524,0.3357369524021651,-0.09904786317648728,0.3357369524021651,0.9068159902950598,True,positive,moderate_50_to_80,0.0,-0.4347848155786524,-0.8695696311573048,-0.15584729820030213
2023,239,2,1,1,0.5,0,-0.2681430650800835,1.8253322616501984,1.5571891965701148,1.8253322616501984,0.9068159902950598,False,positive,moderate_50_to_80,0.0,-0.2681430650800835,-0.536286130160167,0.010794452298266755
2023,239,2,1,1,0.5,1,1.8253322616501984,-0.2681430650800835,1.5571891965701148,0.2681430650800835,0.9068159902950598,True,negative,moderate_50_to_80,0.0,1.8253322616501984,3.6506645233003967,2.1042697790285487
2023,2390,4,1,3,0.25,0;1;2,0.47437428305805995,2.5088429175489817,2.983217200607042,2.5088429175489817,1.5706513683069294,True,positive,low_under_50,0.0,0.47437428305805995,1.8974971322322398,1.3111868351931109
2023,2390,4,1,3,0.25,0;1;3,2.0964693222974473,0.8867478783095946,2.983217200607042,0.8867478783095946,1.5706513683069294,True,positive,low_under_50,0.0,2.0964693222974473,8.38587728918979,2.933281874432498
2023,2390,4,1,3,0.25,0;2;3,0.847158410830187,2.136058789776855,2.983217200607042,2.136058789776855,1.5706513683069294,True,positive,low_under_50,0.0,0.847158410830187,3.388633643320748,1.6839709629652377
2023,2390,4,1,3,0.25,1;2;3,-0.4347848155786524,3.418002016185694,2.983217200607042,3.418002016185694,1.5706513683069294,True,positive,low_under_50,0.0,-0.4347848155786524,-1.7391392623146096,0.4020277365563984
2023,2390,4,2,2,0.5,0;1,2.570843605355507,0.41237359525153455,2.983217200607042,0.41237359525153455,1.2824314720520626,True,positive,moderate_50_to_80,0.0,2.570843605355507,5.141687210711014,3.128718640112208
2023,2390,4,2,2,0.5,0;2,1.3215326938882468,1.6616845067187949,2.983217200607042,1.6616845067187949,1.2824314720520626,True,positive,moderate_50_to_80,0.0,1.3215326938882468,2.6430653877764936,1.8794077286449473
2023,2390,4,2,2,0.5,0;3,2.9436277331276344,0.03958946747940756,2.983217200607042,0.03958946747940756,1.2824314720520626,True,positive,moderate_50_to_80,0.0,2.9436277331276344,5.887255466255269,3.501502767884335
2023,2390,4,2,2,0.5,1;2,0.03958946747940756,2.9436277331276344,2.983217200607042,2.9436277331276344,1.2824314720520626,False,positive,moderate_50_to_80,0.0,0.03958946747940756,0.07917893495881512,0.597464502236108
2023,2390,4,2,2,0.5,1;3,1.6616845067187949,1.3215326938882468,2.983217200607042,1.3215326938882468,1.2824314720520626,True,positive,moderate_50_to_80,0.0,1.6616845067187949,3.3233690134375897,2.2195595414754954
2023,2390,4,2,2,0.5,2;3,0.41237359525153455,2.570843605355507,2.983217200607042,2.570843605355507,1.2824314720520626,True,positive,moderate_50_to_80,0.0,0.41237359525153455,0.8247471905030691,0.9702486300082351
2023,2390,4,3,1,0.75,0,3.418002016185694,-0.4347848155786524,2.983217200607042,0.4347848155786524,0.9068159902950598,True,negative,moderate_50_to_80,0.0,3.418002016185694,4.557336021580926,3.6969395335640445
2023,2390,4,3,1,0.75,1,2.136058789776855,0.847158410830187,2.983217200607042,0.847158410830187,0.9068159902950598,True,positive,moderate_50_to_80,0.0,2.136058789776855,2.84807838636914,2.414996307155205
2023,2390,4,3,1,0.75,2,0.8867478783095946,2.0964693222974473,2.983217200607042,2.0964693222974473,0.9068159902950598,False,positive,moderate_50_to_80,0.0,0.8867478783095946,1.1823305044127927,1.165685395687945
2023,2390,4,3,1,0.75,3,2.5088429175489817,0.47437428305805995,2.983217200607042,0.47437428305805995,0.9068159902950598,True,positive,moderate_50_to_80,0.0,2.5088429175489817,3.345123890065309,2.787780434927332
2023,2439,2,1,1,0.5,0,1.7242953375455625,-0.040761482049451535,1.683533855496111,0.040761482049451535,0.9068159902950598,True,negative,moderate_50_to_80,0.0,1.7242953375455625,3.448590675091125,2.0032328549239127
2023,2439,2,1,1,0.5,1,-0.040761482049451535,1.7242953375455625,1.683533855496111,1.7242953375455625,0.9068159902950598,True,positive,moderate_50_to_80,0.0,-0.040761482049451535,-0.08152296409890307,0.23817603532889872
2023,2483,4,1,3,0.25,0;1;2,-0.10150131458151467,4.63486587253859,4.533364557957076,4.63486587253859,1.5706513683069294,False,positive,low_under_50,0.0,-0.10150131458151467,-0.40600525832605866,0.7353112375535361
2023,2483,4,1,3,0.25,0;1;3,1.25699335017815,3.2763712077789253,4.533364557957076,3.2763712077789253,1.5706513683069294,True,positive,low_under_50,0.0,1.25699335017815,5.0279734007126,2.0938059023132007
2023,2483,4,1,3,0.25,0;2;3,1.0413059230632455,3.49205863489383,4.533364557957076,3.49205863489383,1.5706513683069294,False,positive,low_under_50,0.0,1.0413059230632455,4.165223692252982,1.8781184751982964
2023,2483,4,1,3,0.25,1;2;3,2.3365665992971945,2.196797958659881,4.533364557957076,2.196797958659881,1.5706513683069294,True,positive,low_under_50,0.0,2.3365665992971945,9.346266397188778,3.173379151432245
2023,2483,4,2,2,0.5,0;1,1.1554920355966354,3.37787252236044,4.533364557957076,3.37787252236044,1.2824314720520626,False,positive,moderate_50_to_80,0.0,1.1554920355966354,2.3109840711932708,1.713367070353336
2023,2483,4,2,2,0.5,0;2,0.9398046084817309,3.5935599494753445,4.533364557957076,3.5935599494753445,1.2824314720520626,False,positive,moderate_50_to_80,0.0,0.9398046084817309,1.8796092169634617,1.4976796432384314
2023,2483,4,2,2,0.5,0;3,2.298299273241396,2.23506528471568,4.533364557957076,2.23506528471568,1.2824314720520626,True,positive,moderate_50_to_80,0.0,2.298299273241396,4.596598546482792,2.8561743079980966
2023,2483,4,2,2,0.5,1;2,2.23506528471568,2.298299273241396,4.533364557957076,2.298299273241396,1.2824314720520626,True,positive,moderate_50_to_80,0.0,2.23506528471568,4.47013056943136,2.7929403194723808
2023,2483,4,2,2,0.5,1;3,3.5935599494753445,0.9398046084817309,4.533364557957076,0.9398046084817309,1.2824314720520626,True,positive,moderate_50_to_80,0.0,3.5935599494753445,7.187119898950689,4.151434984232045
2023,2483,4,2,2,0.5,2;3,3.37787252236044,1.1554920355966354,4.533364557957076,1.1554920355966354,1.2824314720520626,True,positive,moderate_50_to_80,0.0,3.37787252236044,6.75574504472088,3.935747557117141
2023,2483,4,3,1,0.75,0,2.196797958659881,2.3365665992971945,4.533364557957076,2.3365665992971945,0.9068159902950598,False,positive,moderate_50_to_80,0.0,2.196797958659881,2.9290639448798412,2.4757354760382313
2023,2483,4,3,1,0.75,1,3.49205863489383,1.0413059230632455,4.533364557957076,1.0413059230632455,0.9068159902950598,True,positive,moderate_50_to_80,0.0,3.49205863489383,4.65607817985844,3.7709961522721804
2023,2483,4,3,1,0.75,2,3.2763712077789253,1.25699335017815,4.533364557957076,1.25699335017815,0.9068159902950598,True,positive,moderate_50_to_80,0.0,3.2763712077789253,4.368494943705234,3.5553087251572757
2023,2483,4,3,1,0.75,3,4.63486587253859,-0.10150131458151467,4.533364557957076,0.10150131458151467,0.9068159902950598,True,negative,moderate_50_to_80,0.0,4.63486587253859,6.179821163384787,4.91380338991694
2023,25,3,1,2,0.3333333333333333,0;1,-0.6014265660772212,4.333471955283766,3.7320453892065446,4.333471955283766,1.2824314720520626,False,positive,low_under_50,0.0,-0.6014265660772212,-1.8042796982316638,-0.0435515313205207
2023,25,3,1,2,0.3333333333333333,0;2,2.398328932107671,1.3337164570988738,3.7320453892065446,1.3337164570988738,1.2824314720520626,True,positive,low_under_50,0.0,2.398328932107671,7.194986796323013,2.956203966864371
2023,25,3,1,2,0.3333333333333333,1;2,1.935143023176095,1.7969023660304497,3.7320453892065446,1.7969023660304497,1.2824314720520626,True,positive,low_under_50,0.0,1.935143023176095,5.8054290695282855,2.4930180579327956
2023,25,3,2,1,0.6666666666666666,0,1.7969023660304497,1.935143023176095,3.7320453892065446,1.935143023176095,0.9068159902950598,False,positive,moderate_50_to_80,0.0,1.7969023660304497,2.6953535490456746,2.0758398834088
2023,25,3,2,1,0.6666666666666666,1,1.3337164570988738,2.398328932107671,3.7320453892065446,2.398328932107671,0.9068159902950598,False,positive,moderate_50_to_80,0.0,1.3337164570988738,2.000574685648311,1.6126539744772241
2023,25,3,2,1,0.6666666666666666,2,4.333471955283766,-0.6014265660772212,3.7320453892065446,0.6014265660772212,0.9068159902950598,True,negative,moderate_50_to_80,0.0,4.333471955283766,6.500207932925649,4.612409472662116
2023,251,2,1,1,0.5,0,1.4466974904446457,-0.07318471488769579,1.3735127755569498,0.07318471488769579,0.9068159902950598,True,negative,moderate_50_to_80,0.0,1.4466974904446457,2.8933949808892914,1.725635007822996
2023,251,2,1,1,0.5,1,-0.07318471488769579,1.4466974904446457,1.3735127755569498,1.4466974904446457,0.9068159902950598,True,positive,moderate_50_to_80,0.0,-0.07318471488769579,-0.14636942977539158,0.20575280249065447
2023,252,3,1,2,0.3333333333333333,0;1,-0.6014265660772212,0.8911627387379775,0.28973617266075624,0.8911627387379775,1.2824314720520626,True,positive,low_under_50,0.0,-0.6014265660772212,-1.8042796982316638,-0.0435515313205207
2023,252,3,1,2,0.3333333333333333,0;2,-0.3373056404824586,0.6270418131432148,0.28973617266075624,0.6270418131432148,1.2824314720520626,True,positive,low_under_50,0.0,-0.3373056404824586,-1.0119169214473758,0.22056939427424194
2023,252,3,1,2,0.3333333333333333,1;2,1.228468379220436,-0.9387322065596798,0.28973617266075624,0.9387322065596798,1.2824314720520626,True,negative,low_under_50,0.0,1.228468379220436,3.6854051376613084,1.7863434139771366
2023,252,3,2,1,0.6666666666666666,0,-0.9387322065596798,1.228468379220436,0.28973617266075624,1.228468379220436,0.9068159902950598,True,positive,moderate_50_to_80,0.0,-0.9387322065596798,-1.4080983098395197,-0.6597946891813296
2023,252,3,2,1,0.6666666666666666,1,0.6270418131432148,-0.3373056404824586,0.28973617266075624,0.3373056404824586,0.9068159902950598,True,negative,moderate_50_to_80,0.0,0.6270418131432148,0.9405627197148223,0.9059793305215651
2023,252,3,2,1,0.6666666666666666,2,0.8911627387379775,-0.6014265660772212,0.28973617266075624,0.6014265660772212,0.9068159902950598,True,negative,moderate_50_to_80,0.0,0.8911627387379775,1.3367441081069662,1.1701002561163278
2023,254,2,1,1,0.5,0,-0.6014265660772212,1.69769435769014,1.0962677916129189,1.69769435769014,0.9068159902950598,True,positive,moderate_50_to_80,0.0,-0.6014265660772212,-1.2028531321544425,-0.32248904869887096
2023,254,2,1,1,0.5,1,1.69769435769014,-0.6014265660772212,1.0962677916129189,0.6014265660772212,0.9068159902950598,True,negative,moderate_50_to_80,0.0,1.69769435769014,3.39538871538028,1.9766318750684904
2023,2572,2,1,1,0.5,0,-0.17066388998388968,-0.17066388998388968,-0.34132777996777935,0.17066388998388968,0.9068159902950598,True,negative,moderate_50_to_80,0.0,-0.17066388998388968,-0.34132777996777935,0.10827362739446059
2023,2572,2,1,1,0.5,1,-0.17066388998388968,-0.17066388998388968,-0.34132777996777935,0.17066388998388968,0.9068159902950598,True,negative,moderate_50_to_80,0.0,-0.17066388998388968,-0.34132777996777935,0.10827362739446059
2023,264,2,1,1,0.5,0,2.169147326909646,0.11544854063689673,2.284595867546543,0.11544854063689673,0.9068159902950598,True,positive,moderate_50_to_80,0.0,2.169147326909646,4.338294653819292,2.4480848442879966
2023,264,2,1,1,0.5,1,0.11544854063689673,2.169147326909646,2.284595867546543,2.169147326909646,0.9068159902950598,False,positive,moderate_50_to_80,0.0,0.11544854063689673,0.23089708127379346,0.394386058015247
2023,2641,2,1,1,0.5,0,1.0338690733458087,1.8908690010663824,2.924738074412191,1.8908690010663824,0.9068159902950598,False,positive,moderate_50_to_80,0.0,1.0338690733458087,2.0677381466916174,1.312806590724159
2023,2641,2,1,1,0.5,1,1.8908690010663824,1.0338690733458087,2.924738074412191,1.0338690733458087,0.9068159902950598,True,positive,moderate_50_to_80,0.0,1.8908690010663824,3.781738002132765,2.169806518444733
2023,276,2,1,1,0.5,0,1.2812917151509347,0.046285965234521664,1.3275776803854562,0.046285965234521664,0.9068159902950598,True,positive,moderate_50_to_80,0.0,1.2812917151509347,2.5625834303018693,1.5602292325292848
2023,276,2,1,1,0.5,1,0.046285965234521664,1.2812917151509347,1.3275776803854562,1.2812917151509347,0.9068159902950598,True,positive,moderate_50_to_80,0.0,0.046285965234521664,0.09257193046904333,0.32522348261287193
2023,295,2,1,1,0.5,0,-0.6014265660772212,-0.13360402759476872,-0.73503059367199,0.13360402759476872,0.9068159902950598,True,negative,moderate_50_to_80,0.0,-0.6014265660772212,-1.2028531321544425,-0.32248904869887096
2023,295,2,1,1,0.5,1,-0.13360402759476872,-0.6014265660772212,-0.73503059367199,0.6014265660772212,0.9068159902950598,True,negative,moderate_50_to_80,0.0,-0.13360402759476872,-0.26720805518953744,0.14533348978358154
2023,30,2,1,1,0.5,0,1.45163542370773,-0.6014265660772212,0.8502088576305088,0.6014265660772212,0.9068159902950598,True,negative,moderate_50_to_80,0.0,1.45163542370773,2.90327084741546,1.7305729410860802
2023,30,2,1,1,0.5,1,-0.6014265660772212,1.45163542370773,0.8502088576305088,1.45163542370773,0.9068159902950598,True,positive,moderate_50_to_80,0.0,-0.6014265660772212,-1.2028531321544425,-0.32248904869887096
2023,326,8,1,7,0.125,0;1;2;3;4;5;6,0.3988127918852214,-0.03824851312820127,0.36056427875702013,0.03824851312820127,2.3992095952174894,True,negative,low_under_50,0.0,0.3988127918852214,3.190502335081771,2.351375413533673
2023,326,8,1,7,0.125,0;1;2;3;4;5;7,-0.6014265660772212,0.9619908448342414,0.36056427875702013,0.9619908448342414,2.3992095952174894,True,positive,low_under_50,0.0,-0.6014265660772212,-4.81141252861777,1.3511360555712306
2023,326,8,1,7,0.125,0;1;2;3;4;6;7,-0.6014265660772212,0.9619908448342414,0.36056427875702013,0.9619908448342414,2.3992095952174894,True,positive,low_under_50,0.0,-0.6014265660772212,-4.81141252861777,1.3511360555712306
2023,326,8,1,7,0.125,0;1;2;3;5;6;7,-0.6014265660772212,0.9619908448342414,0.36056427875702013,0.9619908448342414,2.3992095952174894,True,positive,low_under_50,0.0,-0.6014265660772212,-4.81141252861777,1.3511360555712306
2023,326,8,1,7,0.125,0;1;2;4;5;6;7,-0.6014265660772212,0.9619908448342414,0.36056427875702013,0.9619908448342414,2.3992095952174894,True,positive,low_under_50,0.0,-0.6014265660772212,-4.81141252861777,1.3511360555712306
2023,326,8,1,7,0.125,0;1;3;4;5;6;7,-0.2681430650800835,0.6287073438371036,0.36056427875702013,0.6287073438371036,2.3992095952174894,True,positive,low_under_50,0.0,-0.2681430650800835,-2.145144520640668,1.6844195565683682
2023,326,8,1,7,0.125,0;2;3;4;5;6;7,1.5148120748949838,-1.1542477961379638,0.36056427875702013,1.1542477961379638,2.3992095952174894,True,negative,low_under_50,0.0,1.5148120748949838,12.11849659915987,3.4673746965434358
2023,326,8,1,7,0.125,1;2;3;4;5;6;7,1.1207887413657833,-0.7602244626087632,0.36056427875702013,0.7602244626087632,2.3992095952174894,True,negative,low_under_50,0.0,1.1207887413657833,8.966309930926267,3.0733513630142353
2023,326,8,2,6,0.25,0;1;2;3;4;5,-0.20261377419199983,0.56317805294902,0.36056427875702013,0.56317805294902,2.221236466819519,True,positive,low_under_50,0.0,-0.20261377419199983,-0.8104550967679993,1.4710113300781018
2023,326,8,2,6,0.25,0;1;2;3;4;6,-0.20261377419199983,0.56317805294902,0.36056427875702013,0.56317805294902,2.221236466819519,True,positive,low_under_50,0.0,-0.20261377419199983,-0.8104550967679993,1.4710113300781018
2023,326,8,2,6,0.25,0;1;2;3;4;7,-1.2028531321544425,1.5634174109114625,0.36056427875702013,1.5634174109114625,2.221236466819519,True,positive,low_under_50,0.0,-1.2028531321544425,-4.81141252861777,0.47077197211565913
2023,326,8,2,6,0.25,0;1;2;3;5;6,-0.20261377419199983,0.56317805294902,0.36056427875702013,0.56317805294902,2.221236466819519,True,positive,low_under_50,0.0,-0.20261377419199983,-0.8104550967679993,1.4710113300781018
2023,326,8,2,6,0.25,0;1;2;3;5;7,-1.2028531321544425,1.5634174109114625,0.36056427875702013,1.5634174109114625,2.221236466819519,True,positive,low_under_50,0.0,-1.2028531321544425,-4.81141252861777,0.47077197211565913
2023,326,8,2,6,0.25,0;1;2;3;6;7,-1.2028531321544425,1.5634174109114625,0.36056427875702013,1.5634174109114625,2.221236466819519,True,positive,low_under_50,0.0,-1.2028531321544425,-4.81141252861777,0.47077197211565913
2023,326,8,2,6,0.25,0;1;2;4;5;6,-0.20261377419199983,0.56317805294902,0.36056427875702013,0.56317805294902,2.221236466819519,True,positive,low_under_50,0.0,-0.20261377419199983,-0.8104550967679993,1.4710113300781018
2023,326,8,2,6,0.25,0;1;2;4;5;7,-1.2028531321544425,1.5634174109114625,0.36056427875702013,1.5634174109114625,2.221236466819519,True,positive,low_under_50,0.0,-1.2028531321544425,-4.81141252861777,0.47077197211565913
2023,326,8,2,6,0.25,0;1;2;4;6;7,-1.2028531321544425,1.5634174109114625,0.36056427875702013,1.5634174109114625,2.221236466819519,True,positive,low_under_50,0.0,-1.2028531321544425,-4.81141252861777,0.47077197211565913
2023,326,8,2,6,0.25,0;1;2;5;6;7,-1.2028531321544425,1.5634174109114625,0.36056427875702013,1.5634174109114625,2.221236466819519,True,positive,low_under_50,0.0,-1.2028531321544425,-4.81141252861777,0.47077197211565913
2023,326,8,2,6,0.25,0;1;3;4;5;6,0.1306697268051379,0.22989455195188224,0.36056427875702013,0.22989455195188224,2.221236466819519,True,positive,low_under_50,0.0,0.1306697268051379,0.5226789072205515,1.8042948310752394
2023,326,8,2,6,0.25,0;1;3;4;5;7,-0.8695696311573047,1.230133909914325,0.36056427875702013,1.230133909914325,2.221236466819519,True,positive,low_under_50,0.0,-0.8695696311573047,-3.4782785246292187,0.8040554731127969
2023,326,8,2,6,0.25,0;1;3;4;6;7,-0.8695696311573047,1.230133909914325,0.36056427875702013,1.230133909914325,2.221236466819519,True,positive,low_under_50,0.0,-0.8695696311573047,-3.4782785246292187,0.8040554731127969
2023,326,8,2,6,0.25,0;1;3;5;6;7,-0.8695696311573047,1.230133909914325,0.36056427875702013,1.230133909914325,2.221236466819519,True,positive,low_under_50,0.0,-0.8695696311573047,-3.4782785246292187,0.8040554731127969
2023,326,8,2,6,0.25,0;1;4;5;6;7,-0.8695696311573047,1.230133909914325,0.36056427875702013,1.230133909914325,2.221236466819519,True,positive,low_under_50,0.0,-0.8695696311573047,-3.4782785246292187,0.8040554731127969
2023,326,8,2,6,0.25,0;2;3;4;5;6,1.9136248667802052,-1.5530605880231851,0.36056427875702013,1.5530605880231851,2.221236466819519,True,negative,low_under_50,0.0,1.9136248667802052,7.654499467120821,3.5872499710503067
2023,326,8,2,6,0.25,0;2;3;4;5;7,0.9133855088177626,-0.5528212300607425,0.36056427875702013,0.5528212300607425,2.221236466819519,True,negative,low_under_50,0.0,0.9133855088177626,3.6535420352710504,2.5870106130878643
2023,326,8,2,6,0.25,0;2;3;4;6;7,0.9133855088177626,-0.5528212300607425,0.36056427875702013,0.5528212300607425,2.221236466819519,True,negative,low_under_50,0.0,0.9133855088177626,3.6535420352710504,2.5870106130878643
2023,326,8,2,6,0.25,0;2;3;5;6;7,0.9133855088177626,-0.5528212300607425,0.36056427875702013,0.5528212300607425,2.221236466819519,True,negative,low_under_50,0.0,0.9133855088177626,3.6535420352710504,2.5870106130878643
2023,326,8,2,6,0.25,0;2;4;5;6;7,0.9133855088177626,-0.5528212300607425,0.36056427875702013,0.5528212300607425,2.221236466819519,True,negative,low_under_50,0.0,0.9133855088177626,3.6535420352710504,2.5870106130878643
2023,326,8,2,6,0.25,0;3;4;5;6;7,1.2466690098149003,-0.8861047310578802,0.36056427875702013,0.8861047310578802,2.221236466819519,True,negative,low_under_50,0.0,1.2466690098149003,4.986676039259601,2.920294114085002
2023,326,8,2,6,0.25,1;2;3;4;5;6,1.5196015332510047,-1.1590372544939846,0.36056427875702013,1.1590372544939846,2.221236466819519,True,negative,low_under_50,0.0,1.5196015332510047,6.078406133004019,3.1932266375211062
2023,326,8,2,6,0.25,1;2;3;4;5;7,0.5193621752885621,-0.15879789653154197,0.36056427875702013,0.15879789653154197,2.221236466819519,True,negative,low_under_50,0.0,0.5193621752885621,2.0774487011542484,2.192987279558664
2023,326,8,2,6,0.25,1;2;3;4;6;7,0.5193621752885621,-0.15879789653154197,0.36056427875702013,0.15879789653154197,2.221236466819519,True,negative,low_under_50,0.0,0.5193621752885621,2.0774487011542484,2.192987279558664
2023,326,8,2,6,0.25,1;2;3;5;6;7,0.5193621752885621,-0.15879789653154197,0.36056427875702013,0.15879789653154197,2.221236466819519,True,negative,low_under_50,0.0,0.5193621752885621,2.0774487011542484,2.192987279558664
2023,326,8,2,6,0.25,1;2;4;5;6;7,0.5193621752885621,-0.15879789653154197,0.36056427875702013,0.15879789653154197,2.221236466819519,True,negative,low_under_50,0.0,0.5193621752885621,2.0774487011542484,2.192987279558664
2023,326,8,2,6,0.25,1;3;4;5;6;7,0.8526456762856998,-0.4920813975286797,0.36056427875702013,0.4920813975286797,2.221236466819519,True,negative,low_under_50,0.0,0.8526456762856998,3.410582705142799,2.5262707805558016
2023,326,8,2,6,0.25,2;3;4;5;6;7,2.635600816260767,-2.275036537503747,0.36056427875702013,2.275036537503747,2.221236466819519,False,negative,low_under_50,0.0,2.635600816260767,10.542403265043069,4.309225920530869
2023,326,8,3,5,0.375,0;1;2;3;4,-0.8040403402692211,1.1646046190262411,0.36056427875702013,1.1646046190262411,2.0277021973835434,True,positive,low_under_50,0.0,-0.8040403402692211,-2.1441075740512563,0.5906472466225303
2023,326,8,3,5,0.375,0;1;2;3;5,-0.8040403402692211,1.1646046190262411,0.36056427875702013,1.1646046190262411,2.0277021973835434,True,positive,low_under_50,0.0,-0.8040403402692211,-2.1441075740512563,0.5906472466225303
2023,326,8,3,5,0.375,0;1;2;3;6,-0.8040403402692211,1.1646046190262411,0.36056427875702013,1.1646046190262411,2.0277021973835434,True,positive,low_under_50,0.0,-0.8040403402692211,-2.1441075740512563,0.5906472466225303
2023,326,8,3,5,0.375,0;1;2;3;7,-1.8042796982316638,2.164843976988684,0.36056427875702013,2.164843976988684,2.0277021973835434,True,positive,low_under_50,0.0,-1.8042796982316638,-4.81141252861777,-0.40959211133991236
2023,326,8,3,5,0.375,0;1;2;4;5,-0.8040403402692211,1.1646046190262411,0.36056427875702013,1.1646046190262411,2.0277021973835434,True,positive,low_under_50,0.0,-0.8040403402692211,-2.1441075740512563,0.5906472466225303
2023,326,8,3,5,0.375,0;1;2;4;6,-0.8040403402692211,1.1646046190262411,0.36056427875702013,1.1646046190262411,2.0277021973835434,True,positive,low_under_50,0.0,-0.8040403402692211,-2.1441075740512563,0.5906472466225303
2023,326,8,3,5,0.375,0;1;2;4;7,-1.8042796982316638,2.164843976988684,0.36056427875702013,2.164843976988684,2.0277021973835434,True,positive,low_under_50,0.0,-1.8042796982316638,-4.81141252861777,-0.40959211133991236
2023,326,8,3,5,0.375,0;1;2;5;6,-0.8040403402692211,1.1646046190262411,0.36056427875702013,1.1646046190262411,2.0277021973835434,True,positive,low_under_50,0.0,-0.8040403402692211,-2.1441075740512563,0.5906472466225303
2023,326,8,3,5,0.375,0;1;2;5;7,-1.8042796982316638,2.164843976988684,0.36056427875702013,2.164843976988684,2.0277021973835434,True,positive,low_under_50,0.0,-1.8042796982316638,-4.81141252861777,-0.40959211133991236
2023,326,8,3,5,0.375,0;1;2;6;7,-1.8042796982316638,2.164843976988684,0.36056427875702013,2.164843976988684,2.0277021973835434,True,positive,low_under_50,0.0,-1.8042796982316638,-4.81141252861777,-0.40959211133991236
2023,326,8,3,5,0.375,0;1;3;4;5,-0.47075683927208334,0.8313211180291035,0.36056427875702013,0.8313211180291035,2.0277021973835434,True,positive,low_under_50,0.0,-0.47075683927208334,-1.2553515713922223,0.9239307476196681
2023,326,8,3,5,0.375,0;1;3;4;6,-0.47075683927208334,0.8313211180291035,0.36056427875702013,0.8313211180291035,2.0277021973835434,True,positive,low_under_50,0.0,-0.47075683927208334,-1.2553515713922223,0.9239307476196681
2023,326,8,3,5,0.375,0;1;3;4;7,-1.470996197234526,1.831560475991546,0.36056427875702013,1.831560475991546,2.0277021973835434,True,positive,low_under_50,0.0,-1.470996197234526,-3.922656525958736,-0.07630861034277459
2023,326,8,3,5,0.375,0;1;3;5;6,-0.47075683927208334,0.8313211180291035,0.36056427875702013,0.8313211180291035,2.0277021973835434,True,positive,low_under_50,0.0,-0.47075683927208334,-1.2553515713922223,0.9239307476196681
2023,326,8,3,5,0.375,0;1;3;5;7,-1.470996197234526,1.831560475991546,0.36056427875702013,1.831560475991546,2.0277021973835434,True,positive,low_under_50,0.0,-1.470996197234526,-3.922656525958736,-0.07630861034277459
2023,326,8,3,5,0.375,0;1;3;6;7,-1.470996197234526,1.831560475991546,0.36056427875702013,1.831560475991546,2.0277021973835434,True,positive,low_under_50,0.0,-1.470996197234526,-3.922656525958736,-0.07630861034277459
2023,326,8,3,5,0.375,0;1;4;5;6,-0.47075683927208334,0.8313211180291035,0.36056427875702013,0.8313211180291035,2.0277021973835434,True,positive,low_under_50,0.0,-0.47075683927208334,-1.2553515713922223,0.9239307476196681
2023,326,8,3,5,0.375,0;1;4;5;7,-1.470996197234526,1.831560475991546,0.36056427875702013,1.831560475991546,2.0277021973835434,True,positive,low_under_50,0.0,-1.470996197234526,-3.922656525958736,-0.07630861034277459
2023,326,8,3,5,0.375,0;1;4;6;7,-1.470996197234526,1.831560475991546,0.36056427875702013,1.831560475991546,2.0277021973835434,True,positive,low_under_50,0.0,-1.470996197234526,-3.922656525958736,-0.07630861034277459
2023,326,8,3,5,0.375,0;1;5;6;7,-1.470996197234526,1.831560475991546,0.36056427875702013,1.831560475991546,2.0277021973835434,True,positive,low_under_50,0.0,-1.470996197234526,-3.922656525958736,-0.07630861034277459
2023,326,8,3,5,0.375,0;2;3;4;5,1.312198300702984,-0.9516340219459638,0.36056427875702013,0.9516340219459638,2.0277021973835434,True,negative,low_under_50,0.0,1.312198300702984,3.499195468541291,2.7068858875947353
2023,326,8,3,5,0.375,0;2;3;4;6,1.312198300702984,-0.9516340219459638,0.36056427875702013,0.9516340219459638,2.0277021973835434,True,negative,low_under_50,0.0,1.312198300702984,3.499195468541291,2.7068858875947353
2023,326,8,3,5,0.375,0;2;3;4;7,0.31195894274054137,0.04860533601647876,0.36056427875702013,0.04860533601647876,2.0277021973835434,True,positive,low_under_50,0.0,0.31195894274054137,0.831890513974777,1.7066465296322928
2023,326,8,3,5,0.375,0;2;3;5;6,1.312198300702984,-0.9516340219459638,0.36056427875702013,0.9516340219459638,2.0277021973835434,True,negative,low_under_50,0.0,1.312198300702984,3.499195468541291,2.7068858875947353
2023,326,8,3,5,0.375,0;2;3;5;7,0.31195894274054137,0.04860533601647876,0.36056427875702013,0.04860533601647876,2.0277021973835434,True,positive,low_under_50,0.0,0.31195894274054137,0.831890513974777,1.7066465296322928
2023,326,8,3,5,0.375,0;2;3;6;7,0.31195894274054137,0.04860533601647876,0.36056427875702013,0.04860533601647876,2.0277021973835434,True,positive,low_under_50,0.0,0.31195894274054137,0.831890513974777,1.7066465296322928
2023,326,8,3,5,0.375,0;2;4;5;6,1.312198300702984,-0.9516340219459638,0.36056427875702013,0.9516340219459638,2.0277021973835434,True,negative,low_under_50,0.0,1.312198300702984,3.499195468541291,2.7068858875947353
2023,326,8,3,5,0.375,0;2;4;5;7,0.31195894274054137,0.04860533601647876,0.36056427875702013,0.04860533601647876,2.0277021973835434,True,positive,low_under_50,0.0,0.31195894274054137,0.831890513974777,1.7066465296322928
2023,326,8,3,5,0.375,0;2;4;6;7,0.31195894274054137,0.04860533601647876,0.36056427875702013,0.04860533601647876,2.0277021973835434,True,positive,low_under_50,0.0,0.31195894274054137,0.831890513974777,1.7066465296322928
2023,326,8,3,5,0.375,0;2;5;6;7,0.31195894274054137,0.04860533601647876,0.36056427875702013,0.04860533601647876,2.0277021973835434,True,positive,low_under_50,0.0,0.31195894274054137,0.831890513974777,1.7066465296322928
2023,326,8,3,5,0.375,0;3;4;5;6,1.6454818017001216,-1.2849175229431016,0.36056427875702013,1.2849175229431016,2.0277021973835434,True,negative,low_under_50,0.0,1.6454818017001216,4.387951471200324,3.040169388591873
2023,326,8,3,5,0.375,0;3;4;5;7,0.6452424437376791,-0.28467816498065895,0.36056427875702013,0.28467816498065895,2.0277021973835434,True,negative,low_under_50,0.0,0.6452424437376791,1.720646516633811,2.0399300306294306
2023,326,8,3,5,0.375,0;3;4;6;7,0.6452424437376791,-0.28467816498065895,0.36056427875702013,0.28467816498065895,2.0277021973835434,True,negative,low_under_50,0.0,0.6452424437376791,1.720646516633811,2.0399300306294306
2023,326,8,3,5,0.375,0;3;5;6;7,0.6452424437376791,-0.28467816498065895,0.36056427875702013,0.28467816498065895,2.0277021973835434,True,negative,low_under_50,0.0,0.6452424437376791,1.720646516633811,2.0399300306294306
2023,326,8,3,5,0.375,0;4;5;6;7,0.6452424437376791,-0.28467816498065895,0.36056427875702013,0.28467816498065895,2.0277021973835434,True,negative,low_under_50,0.0,0.6452424437376791,1.720646516633811,2.0399300306294306
2023,326,8,3,5,0.375,1;2;3;4;5,0.9181749671737836,-0.5576106884167633,0.36056427875702013,0.5576106884167633,2.0277021973835434,True,negative,low_under_50,0.0,0.9181749671737836,2.4484665791300895,2.3128625540655348
2023,326,8,3,5,0.375,1;2;3;4;6,0.9181749671737836,-0.5576106884167633,0.36056427875702013,0.5576106884167633,2.0277021973835434,True,negative,low_under_50,0.0,0.9181749671737836,2.4484665791300895,2.3128625540655348
2023,326,8,3,5,0.375,1;2;3;4;7,-0.08206439078865913,0.44262866954567925,0.36056427875702013,0.44262866954567925,2.0277021973835434,True,positive,low_under_50,0.0,-0.08206439078865913,-0.21883837543642434,1.3126231961030923
2023,326,8,3,5,0.375,1;2;3;5;6,0.9181749671737836,-0.5576106884167633,0.36056427875702013,0.5576106884167633,2.0277021973835434,True,negative,low_under_50,0.0,0.9181749671737836,2.4484665791300895,2.3128625540655348
2023,326,8,3,5,0.375,1;2;3;5;7,-0.08206439078865913,0.44262866954567925,0.36056427875702013,0.44262866954567925,2.0277021973835434,True,positive,low_under_50,0.0,-0.08206439078865913,-0.21883837543642434,1.3126231961030923
2023,326,8,3,5,0.375,1;2;3;6;7,-0.08206439078865913,0.44262866954567925,0.36056427875702013,0.44262866954567925,2.0277021973835434,True,positive,low_under_50,0.0,-0.08206439078865913,-0.21883837543642434,1.3126231961030923
2023,326,8,3,5,0.375,1;2;4;5;6,0.9181749671737836,-0.5576106884167633,0.36056427875702013,0.5576106884167633,2.0277021973835434,True,negative,low_under_50,0.0,0.9181749671737836,2.4484665791300895,2.3128625540655348
2023,326,8,3,5,0.375,1;2;4;5;7,-0.08206439078865913,0.44262866954567925,0.36056427875702013,0.44262866954567925,2.0277021973835434,True,positive,low_under_50,0.0,-0.08206439078865913,-0.21883837543642434,1.3126231961030923
2023,326,8,3,5,0.375,1;2;4;6;7,-0.08206439078865913,0.44262866954567925,0.36056427875702013,0.44262866954567925,2.0277021973835434,True,positive,low_under_50,0.0,-0.08206439078865913,-0.21883837543642434,1.3126231961030923
2023,326,8,3,5,0.375,1;2;5;6;7,-0.08206439078865913,0.44262866954567925,0.36056427875702013,0.44262866954567925,2.0277021973835434,True,positive,low_under_50,0.0,-0.08206439078865913,-0.21883837543642434,1.3126231961030923
2023,326,8,3,5,0.375,1;3;4;5;6,1.251458468170921,-0.8908941894139011,0.36056427875702013,0.8908941894139011,2.0277021973835434,True,negative,low_under_50,0.0,1.251458468170921,3.337222581789123,2.6461460550626725
2023,326,8,3,5,0.375,1;3;4;5;7,0.2512191102084786,0.10934516854854154,0.36056427875702013,0.10934516854854154,2.0277021973835434,True,positive,low_under_50,0.0,0.2512191102084786,0.6699176272226096,1.64590669710023
2023,326,8,3,5,0.375,1;3;4;6;7,0.2512191102084786,0.10934516854854154,0.36056427875702013,0.10934516854854154,2.0277021973835434,True,positive,low_under_50,0.0,0.2512191102084786,0.6699176272226096,1.64590669710023
2023,326,8,3,5,0.375,1;3;5;6;7,0.2512191102084786,0.10934516854854154,0.36056427875702013,0.10934516854854154,2.0277021973835434,True,positive,low_under_50,0.0,0.2512191102084786,0.6699176272226096,1.64590669710023
2023,326,8,3,5,0.375,1;4;5;6;7,0.2512191102084786,0.10934516854854154,0.36056427875702013,0.10934516854854154,2.0277021973835434,True,positive,low_under_50,0.0,0.2512191102084786,0.6699176272226096,1.64590669710023
2023,326,8,3,5,0.375,2;3;4;5;6,3.0344136081459885,-2.6738493293889682,0.36056427875702013,2.6738493293889682,2.0277021973835434,False,negative,low_under_50,0.0,3.0344136081459885,8.091769621722635,4.42910119503774
2023,326,8,3,5,0.375,2;3;4;5;7,2.034174250183546,-1.6736099714265258,0.36056427875702013,1.6736099714265258,2.0277021973835434,True,negative,low_under_50,0.0,2.034174250183546,5.424464667156123,3.4288618370752975
2023,326,8,3,5,0.375,2;3;4;6;7,2.034174250183546,-1.6736099714265258,0.36056427875702013,1.6736099714265258,2.0277021973835434,True,negative,low_under_50,0.0,2.034174250183546,5.424464667156123,3.4288618370752975
2023,326,8,3,5,0.375,2;3;5;6;7,2.034174250183546,-1.6736099714265258,0.36056427875702013,1.6736099714265258,2.0277021973835434,True,negative,low_under_50,0.0,2.034174250183546,5.424464667156123,3.4288618370752975
2023,326,8,3,5,0.375,2;4;5;6;7,2.034174250183546,-1.6736099714265258,0.36056427875702013,1.6736099714265258,2.0277021973835434,True,negative,low_under_50,0.0,2.034174250183546,5.424464667156123,3.4288618370752975
2023,326,8,3,5,0.375,3;4;5;6;7,2.367457751180684,-2.0068934724236636,0.36056427875702013,2.0068934724236636,2.0277021973835434,False,negative,low_under_50,0.0,2.367457751180684,6.3132206698151565,3.7621453380724352
2023,326,8,4,4,0.5,0;1;2;3,-1.4054669063464422,1.7660311851034625,0.36056427875702013,1.7660311851034625,1.8136319805901195,True,positive,moderate_50_to_80,0.0,-1.4054669063464422,-2.8109338126928844,-0.28971683683304117
2023,326,8,4,4,0.5,0;1;2;4,-1.4054669063464422,1.7660311851034625,0.36056427875702013,1.7660311851034625,1.8136319805901195,True,positive,moderate_50_to_80,0.0,-1.4054669063464422,-2.8109338126928844,-0.28971683683304117
2023,326,8,4,4,0.5,0;1;2;5,-1.4054669063464422,1.7660311851034625,0.36056427875702013,1.7660311851034625,1.8136319805901195,True,positive,moderate_50_to_80,0.0,-1.4054669063464422,-2.8109338126928844,-0.28971683683304117
2023,326,8,4,4,0.5,0;1;2;6,-1.4054669063464422,1.7660311851034625,0.36056427875702013,1.7660311851034625,1.8136319805901195,True,positive,moderate_50_to_80,0.0,-1.4054669063464422,-2.8109338126928844,-0.28971683683304117
2023,326,8,4,4,0.5,0;1;2;7,-2.405706264308885,2.766270543065905,0.36056427875702013,2.766270543065905,1.8136319805901195,True,positive,moderate_50_to_80,0.0,-2.405706264308885,-4.81141252861777,-1.2899561947954838
2023,326,8,4,4,0.5,0;1;3;4,-1.0721834053493047,1.4327476841063247,0.36056427875702013,1.4327476841063247,1.8136319805901195,True,positive,moderate_50_to_80,0.0,-1.0721834053493047,-2.1443668106986093,0.04356666416409638
2023,326,8,4,4,0.5,0;1;3;5,-1.0721834053493047,1.4327476841063247,0.36056427875702013,1.4327476841063247,1.8136319805901195,True,positive,moderate_50_to_80,0.0,-1.0721834053493047,-2.1443668106986093,0.04356666416409638
2023,326,8,4,4,0.5,0;1;3;6,-1.0721834053493047,1.4327476841063247,0.36056427875702013,1.4327476841063247,1.8136319805901195,True,positive,moderate_50_to_80,0.0,-1.0721834053493047,-2.1443668106986093,0.04356666416409638
2023,326,8,4,4,0.5,0;1;3;7,-2.072422763311747,2.4329870420687674,0.36056427875702013,2.4329870420687674,1.8136319805901195,True,positive,moderate_50_to_80,0.0,-2.072422763311747,-4.144845526623494,-0.9566726937983461
2023,326,8,4,4,0.5,0;1;4;5,-1.0721834053493047,1.4327476841063247,0.36056427875702013,1.4327476841063247,1.8136319805901195,True,positive,moderate_50_to_80,0.0,-1.0721834053493047,-2.1443668106986093,0.04356666416409638
2023,326,8,4,4,0.5,0;1;4;6,-1.0721834053493047,1.4327476841063247,0.36056427875702013,1.4327476841063247,1.8136319805901195,True,positive,moderate_50_to_80,0.0,-1.0721834053493047,-2.1443668106986093,0.04356666416409638
2023,326,8,4,4,0.5,0;1;4;7,-2.072422763311747,2.4329870420687674,0.36056427875702013,2.4329870420687674,1.8136319805901195,True,positive,moderate_50_to_80,0.0,-2.072422763311747,-4.144845526623494,-0.9566726937983461
2023,326,8,4,4,0.5,0;1;5;6,-1.0721834053493047,1.4327476841063247,0.36056427875702013,1.4327476841063247,1.8136319805901195,True,positive,moderate_50_to_80,0.0,-1.0721834053493047,-2.1443668106986093,0.04356666416409638
2023,326,8,4,4,0.5,0;1;5;7,-2.072422763311747,2.4329870420687674,0.36056427875702013,2.4329870420687674,1.8136319805901195,True,positive,moderate_50_to_80,0.0,-2.072422763311747,-4.144845526623494,-0.9566726937983461
2023,326,8,4,4,0.5,0;1;6;7,-2.072422763311747,2.4329870420687674,0.36056427875702013,2.4329870420687674,1.8136319805901195,True,positive,moderate_50_to_80,0.0,-2.072422763311747,-4.144845526623494,-0.9566726937983461
2023,326,8,4,4,0.5,0;2;3;4,0.7107717346257627,-0.35020745586874263,0.36056427875702013,0.35020745586874263,1.8136319805901195,True,negative,moderate_50_to_80,0.0,0.7107717346257627,1.4215434692515254,1.8265218041391638
2023,326,8,4,4,0.5,0;2;3;5,0.7107717346257627,-0.35020745586874263,0.36056427875702013,0.35020745586874263,1.8136319805901195,True,negative,moderate_50_to_80,0.0,0.7107717346257627,1.4215434692515254,1.8265218041391638
2023,326,8,4,4,0.5,0;2;3;6,0.7107717346257627,-0.35020745586874263,0.36056427875702013,0.35020745586874263,1.8136319805901195,True,negative,moderate_50_to_80,0.0,0.7107717346257627,1.4215434692515254,1.8265218041391638
2023,326,8,4,4,0.5,0;2;3;7,-0.28946762333667986,0.6500319020937,0.36056427875702013,0.6500319020937,1.8136319805901195,True,positive,moderate_50_to_80,0.0,-0.28946762333667986,-0.5789352466733597,0.8262824461767212
2023,326,8,4,4,0.5,0;2;4;5,0.7107717346257627,-0.35020745586874263,0.36056427875702013,0.35020745586874263,1.8136319805901195,True,negative,moderate_50_to_80,0.0,0.7107717346257627,1.4215434692515254,1.8265218041391638
2023,326,8,4,4,0.5,0;2;4;6,0.7107717346257627,-0.35020745586874263,0.36056427875702013,0.35020745586874263,1.8136319805901195,True,negative,moderate_50_to_80,0.0,0.7107717346257627,1.4215434692515254,1.8265218041391638
2023,326,8,4,4,0.5,0;2;4;7,-0.28946762333667986,0.6500319020937,0.36056427875702013,0.6500319020937,1.8136319805901195,True,positive,moderate_50_to_80,0.0,-0.28946762333667986,-0.5789352466733597,0.8262824461767212
2023,326,8,4,4,0.5,0;2;5;6,0.7107717346257627,-0.35020745586874263,0.36056427875702013,0.35020745586874263,1.8136319805901195,True,negative,moderate_50_to_80,0.0,0.7107717346257627,1.4215434692515254,1.8265218041391638
2023,326,8,4,4,0.5,0;2;5;7,-0.28946762333667986,0.6500319020937,0.36056427875702013,0.6500319020937,1.8136319805901195,True,positive,moderate_50_to_80,0.0,-0.28946762333667986,-0.5789352466733597,0.8262824461767212
2023,326,8,4,4,0.5,0;2;6;7,-0.28946762333667986,0.6500319020937,0.36056427875702013,0.6500319020937,1.8136319805901195,True,positive,moderate_50_to_80,0.0,-0.28946762333667986,-0.5789352466733597,0.8262824461767212
2023,326,8,4,4,0.5,0;3;4;5,1.0440552356229005,-0.6834909568658804,0.36056427875702013,0.6834909568658804,1.8136319805901195,True,negative,moderate_50_to_80,0.0,1.0440552356229005,2.088110471245801,2.1598053051363015
2023,326,8,4,4,0.5,0;3;4;6,1.0440552356229005,-0.6834909568658804,0.36056427875702013,0.6834909568658804,1.8136319805901195,True,negative,moderate_50_to_80,0.0,1.0440552356229005,2.088110471245801,2.1598053051363015
2023,326,8,4,4,0.5,0;3;4;7,0.04381587766045786,0.31674840109656227,0.36056427875702013,0.31674840109656227,1.8136319805901195,True,positive,moderate_50_to_80,0.0,0.04381587766045786,0.08763175532091572,1.1595659471738589
2023,326,8,4,4,0.5,0;3;5;6,1.0440552356229005,-0.6834909568658804,0.36056427875702013,0.6834909568658804,1.8136319805901195,True,negative,moderate_50_to_80,0.0,1.0440552356229005,2.088110471245801,2.1598053051363015
2023,326,8,4,4,0.5,0;3;5;7,0.04381587766045786,0.31674840109656227,0.36056427875702013,0.31674840109656227,1.8136319805901195,True,positive,moderate_50_to_80,0.0,0.04381587766045786,0.08763175532091572,1.1595659471738589
2023,326,8,4,4,0.5,0;3;6;7,0.04381587766045786,0.31674840109656227,0.36056427875702013,0.31674840109656227,1.8136319805901195,True,positive,moderate_50_to_80,0.0,0.04381587766045786,0.08763175532091572,1.1595659471738589
2023,326,8,4,4,0.5,0;4;5;6,1.0440552356229005,-0.6834909568658804,0.36056427875702013,0.6834909568658804,1.8136319805901195,True,negative,moderate_50_to_80,0.0,1.0440552356229005,2.088110471245801,2.1598053051363015
2023,326,8,4,4,0.5,0;4;5;7,0.04381587766045786,0.31674840109656227,0.36056427875702013,0.31674840109656227,1.8136319805901195,True,positive,moderate_50_to_80,0.0,0.04381587766045786,0.08763175532091572,1.1595659471738589
2023,326,8,4,4,0.5,0;4;6;7,0.04381587766045786,0.31674840109656227,0.36056427875702013,0.31674840109656227,1.8136319805901195,True,positive,moderate_50_to_80,0.0,0.04381587766045786,0.08763175532091572,1.1595659471738589
2023,326,8,4,4,0.5,0;5;6;7,0.04381587766045786,0.31674840109656227,0.36056427875702013,0.31674840109656227,1.8136319805901195,True,positive,moderate_50_to_80,0.0,0.04381587766045786,0.08763175532091572,1.1595659471738589
2023,326,8,4,4,0.5,1;2;3;4,0.31674840109656227,0.04381587766045786,0.36056427875702013,0.04381587766045786,1.8136319805901195,True,positive,moderate_50_to_80,0.0,0.31674840109656227,0.6334968021931245,1.4324984706099633
2023,326,8,4,4,0.5,1;2;3;5,0.31674840109656227,0.04381587766045786,0.36056427875702013,0.04381587766045786,1.8136319805901195,True,positive,moderate_50_to_80,0.0,0.31674840109656227,0.6334968021931245,1.4324984706099633
2023,326,8,4,4,0.5,1;2;3;6,0.31674840109656227,0.04381587766045786,0.36056427875702013,0.04381587766045786,1.8136319805901195,True,positive,moderate_50_to_80,0.0,0.31674840109656227,0.6334968021931245,1.4324984706099633
2023,326,8,4,4,0.5,1;2;3;7,-0.6834909568658804,1.0440552356229005,0.36056427875702013,1.0440552356229005,1.8136319805901195,True,positive,moderate_50_to_80,0.0,-0.6834909568658804,-1.3669819137317607,0.4322591126475207
2023,326,8,4,4,0.5,1;2;4;5,0.31674840109656227,0.04381587766045786,0.36056427875702013,0.04381587766045786,1.8136319805901195,True,positive,moderate_50_to_80,0.0,0.31674840109656227,0.6334968021931245,1.4324984706099633
2023,326,8,4,4,0.5,1;2;4;6,0.31674840109656227,0.04381587766045786,0.36056427875702013,0.04381587766045786,1.8136319805901195,True,positive,moderate_50_to_80,0.0,0.31674840109656227,0.6334968021931245,1.4324984706099633
2023,326,8,4,4,0.5,1;2;4;7,-0.6834909568658804,1.0440552356229005,0.36056427875702013,1.0440552356229005,1.8136319805901195,True,positive,moderate_50_to_80,0.0,-0.6834909568658804,-1.3669819137317607,0.4322591126475207
2023,326,8,4,4,0.5,1;2;5;6,0.31674840109656227,0.04381587766045786,0.36056427875702013,0.04381587766045786,1.8136319805901195,True,positive,moderate_50_to_80,0.0,0.31674840109656227,0.6334968021931245,1.4324984706099633
2023,326,8,4,4,0.5,1;2;5;7,-0.6834909568658804,1.0440552356229005,0.36056427875702013,1.0440552356229005,1.8136319805901195,True,positive,moderate_50_to_80,0.0,-0.6834909568658804,-1.3669819137317607,0.4322591126475207
2023,326,8,4,4,0.5,1;2;6;7,-0.6834909568658804,1.0440552356229005,0.36056427875702013,1.0440552356229005,1.8136319805901195,True,positive,moderate_50_to_80,0.0,-0.6834909568658804,-1.3669819137317607,0.4322591126475207
2023,326,8,4,4,0.5,1;3;4;5,0.6500319020937,-0.28946762333667986,0.36056427875702013,0.28946762333667986,1.8136319805901195,True,negative,moderate_50_to_80,0.0,0.6500319020937,1.3000638041874,1.765781971607101
2023,326,8,4,4,0.5,1;3;4;6,0.6500319020937,-0.28946762333667986,0.36056427875702013,0.28946762333667986,1.8136319805901195,True,negative,moderate_50_to_80,0.0,0.6500319020937,1.3000638041874,1.765781971607101
2023,326,8,4,4,0.5,1;3;4;7,-0.35020745586874263,0.7107717346257627,0.36056427875702013,0.7107717346257627,1.8136319805901195,True,positive,moderate_50_to_80,0.0,-0.35020745586874263,-0.7004149117374853,0.7655426136446584
2023,326,8,4,4,0.5,1;3;5;6,0.6500319020937,-0.28946762333667986,0.36056427875702013,0.28946762333667986,1.8136319805901195,True,negative,moderate_50_to_80,0.0,0.6500319020937,1.3000638041874,1.765781971607101
2023,326,8,4,4,0.5,1;3;5;7,-0.35020745586874263,0.7107717346257627,0.36056427875702013,0.7107717346257627,1.8136319805901195,True,positive,moderate_50_to_80,0.0,-0.35020745586874263,-0.7004149117374853,0.7655426136446584
2023,326,8,4,4,0.5,1;3;6;7,-0.35020745586874263,0.7107717346257627,0.36056427875702013,0.7107717346257627,1.8136319805901195,True,positive,moderate_50_to_80,0.0,-0.35020745586874263,-0.7004149117374853,0.7655426136446584
2023,326,8,4,4,0.5,1;4;5;6,0.6500319020937,-0.28946762333667986,0.36056427875702013,0.28946762333667986,1.8136319805901195,True,negative,moderate_50_to_80,0.0,0.6500319020937,1.3000638041874,1.765781971607101
2023,326,8,4,4,0.5,1;4;5;7,-0.35020745586874263,0.7107717346257627,0.36056427875702013,0.7107717346257627,1.8136319805901195,True,positive,moderate_50_to_80,0.0,-0.35020745586874263,-0.7004149117374853,0.7655426136446584
2023,326,8,4,4,0.5,1;4;6;7,-0.35020745586874263,0.7107717346257627,0.36056427875702013,0.7107717346257627,1.8136319805901195,True,positive,moderate_50_to_80,0.0,-0.35020745586874263,-0.7004149117374853,0.7655426136446584
2023,326,8,4,4,0.5,1;5;6;7,-0.35020745586874263,0.7107717346257627,0.36056427875702013,0.7107717346257627,1.8136319805901195,True,positive,moderate_50_to_80,0.0,-0.35020745586874263,-0.7004149117374853,0.7655426136446584
2023,326,8,4,4,0.5,2;3;4;5,2.4329870420687674,-2.072422763311747,0.36056427875702013,2.072422763311747,1.8136319805901195,False,negative,moderate_50_to_80,0.0,2.4329870420687674,4.865974084137535,3.5487371115821684
2023,326,8,4,4,0.5,2;3;4;6,2.4329870420687674,-2.072422763311747,0.36056427875702013,2.072422763311747,1.8136319805901195,False,negative,moderate_50_to_80,0.0,2.4329870420687674,4.865974084137535,3.5487371115821684
2023,326,8,4,4,0.5,2;3;4;7,1.4327476841063247,-1.0721834053493047,0.36056427875702013,1.0721834053493047,1.8136319805901195,True,negative,moderate_50_to_80,0.0,1.4327476841063247,2.8654953682126494,2.548497753619726
2023,326,8,4,4,0.5,2;3;5;6,2.4329870420687674,-2.072422763311747,0.36056427875702013,2.072422763311747,1.8136319805901195,False,negative,moderate_50_to_80,0.0,2.4329870420687674,4.865974084137535,3.5487371115821684
2023,326,8,4,4,0.5,2;3;5;7,1.4327476841063247,-1.0721834053493047,0.36056427875702013,1.0721834053493047,1.8136319805901195,True,negative,moderate_50_to_80,0.0,1.4327476841063247,2.8654953682126494,2.548497753619726
2023,326,8,4,4,0.5,2;3;6;7,1.4327476841063247,-1.0721834053493047,0.36056427875702013,1.0721834053493047,1.8136319805901195,True,negative,moderate_50_to_80,0.0,1.4327476841063247,2.8654953682126494,2.548497753619726
2023,326,8,4,4,0.5,2;4;5;6,2.4329870420687674,-2.072422763311747,0.36056427875702013,2.072422763311747,1.8136319805901195,False,negative,moderate_50_to_80,0.0,2.4329870420687674,4.865974084137535,3.5487371115821684
2023,326,8,4,4,0.5,2;4;5;7,1.4327476841063247,-1.0721834053493047,0.36056427875702013,1.0721834053493047,1.8136319805901195,True,negative,moderate_50_to_80,0.0,1.4327476841063247,2.8654953682126494,2.548497753619726
2023,326,8,4,4,0.5,2;4;6;7,1.4327476841063247,-1.0721834053493047,0.36056427875702013,1.0721834053493047,1.8136319805901195,True,negative,moderate_50_to_80,0.0,1.4327476841063247,2.8654953682126494,2.548497753619726
2023,326,8,4,4,0.5,2;5;6;7,1.4327476841063247,-1.0721834053493047,0.36056427875702013,1.0721834053493047,1.8136319805901195,True,negative,moderate_50_to_80,0.0,1.4327476841063247,2.8654953682126494,2.548497753619726
2023,326,8,4,4,0.5,3;4;5;6,2.766270543065905,-2.405706264308885,0.36056427875702013,2.405706264308885,1.8136319805901195,False,negative,moderate_50_to_80,0.0,2.766270543065905,5.53254108613181,3.882020612579306
2023,326,8,4,4,0.5,3;4;5;7,1.7660311851034625,-1.4054669063464422,0.36056427875702013,1.4054669063464422,1.8136319805901195,True,negative,moderate_50_to_80,0.0,1.7660311851034625,3.532062370206925,2.8817812546168637
2023,326,8,4,4,0.5,3;4;6;7,1.7660311851034625,-1.4054669063464422,0.36056427875702013,1.4054669063464422,1.8136319805901195,True,negative,moderate_50_to_80,0.0,1.7660311851034625,3.532062370206925,2.8817812546168637
2023,326,8,4,4,0.5,3;5;6;7,1.7660311851034625,-1.4054669063464422,0.36056427875702013,1.4054669063464422,1.8136319805901195,True,negative,moderate_50_to_80,0.0,1.7660311851034625,3.532062370206925,2.8817812546168637
2023,326,8,4,4,0.5,4;5;6;7,1.7660311851034625,-1.4054669063464422,0.36056427875702013,1.4054669063464422,1.8136319805901195,True,negative,moderate_50_to_80,0.0,1.7660311851034625,3.532062370206925,2.8817812546168637
2023,326,8,5,3,0.625,0;1;2,-2.0068934724236636,2.367457751180684,0.36056427875702013,2.367457751180684,1.5706513683069294,True,positive,moderate_50_to_80,0.0,-2.0068934724236636,-3.211029555877862,-1.1700809202886129
2023,326,8,5,3,0.625,0;1;3,-1.6736099714265258,2.034174250183546,0.36056427875702013,2.034174250183546,1.5706513683069294,True,positive,moderate_50_to_80,0.0,-1.6736099714265258,-2.677775954282441,-0.836797419291475
2023,326,8,5,3,0.625,0;1;4,-1.6736099714265258,2.034174250183546,0.36056427875702013,2.034174250183546,1.5706513683069294,True,positive,moderate_50_to_80,0.0,-1.6736099714265258,-2.677775954282441,-0.836797419291475
2023,326,8,5,3,0.625,0;1;5,-1.6736099714265258,2.034174250183546,0.36056427875702013,2.034174250183546,1.5706513683069294,True,positive,moderate_50_to_80,0.0,-1.6736099714265258,-2.677775954282441,-0.836797419291475
2023,326,8,5,3,0.625,0;1;6,-1.6736099714265258,2.034174250183546,0.36056427875702013,2.034174250183546,1.5706513683069294,True,positive,moderate_50_to_80,0.0,-1.6736099714265258,-2.677775954282441,-0.836797419291475
2023,326,8,5,3,0.625,0;1;7,-2.6738493293889682,3.0344136081459885,0.36056427875702013,3.0344136081459885,1.5706513683069294,True,positive,moderate_50_to_80,0.0,-2.6738493293889682,-4.278158927022349,-1.8370367772539176
2023,326,8,5,3,0.625,0;2;3,0.10934516854854154,0.2512191102084786,0.36056427875702013,0.2512191102084786,1.5706513683069294,True,positive,moderate_50_to_80,0.0,0.10934516854854154,0.17495226967766647,0.9461577206835923
2023,326,8,5,3,0.625,0;2;4,0.10934516854854154,0.2512191102084786,0.36056427875702013,0.2512191102084786,1.5706513683069294,True,positive,moderate_50_to_80,0.0,0.10934516854854154,0.17495226967766647,0.9461577206835923
2023,326,8,5,3,0.625,0;2;5,0.10934516854854154,0.2512191102084786,0.36056427875702013,0.2512191102084786,1.5706513683069294,True,positive,moderate_50_to_80,0.0,0.10934516854854154,0.17495226967766647,0.9461577206835923
2023,326,8,5,3,0.625,0;2;6,0.10934516854854154,0.2512191102084786,0.36056427875702013,0.2512191102084786,1.5706513683069294,True,positive,moderate_50_to_80,0.0,0.10934516854854154,0.17495226967766647,0.9461577206835923
2023,326,8,5,3,0.625,0;2;7,-0.8908941894139011,1.251458468170921,0.36056427875702013,1.251458468170921,1.5706513683069294,True,positive,moderate_50_to_80,0.0,-0.8908941894139011,-1.4254307030622417,-0.05408163727885029
2023,326,8,5,3,0.625,0;3;4,0.44262866954567925,-0.08206439078865913,0.36056427875702013,0.08206439078865913,1.5706513683069294,True,negative,moderate_50_to_80,0.0,0.44262866954567925,0.7082058712730868,1.27944122168073
2023,326,8,5,3,0.625,0;3;5,0.44262866954567925,-0.08206439078865913,0.36056427875702013,0.08206439078865913,1.5706513683069294,True,negative,moderate_50_to_80,0.0,0.44262866954567925,0.7082058712730868,1.27944122168073
2023,326,8,5,3,0.625,0;3;6,0.44262866954567925,-0.08206439078865913,0.36056427875702013,0.08206439078865913,1.5706513683069294,True,negative,moderate_50_to_80,0.0,0.44262866954567925,0.7082058712730868,1.27944122168073
2023,326,8,5,3,0.625,0;3;7,-0.5576106884167633,0.9181749671737836,0.36056427875702013,0.9181749671737836,1.5706513683069294,True,positive,moderate_50_to_80,0.0,-0.5576106884167633,-0.8921771014668213,0.2792018637182875
2023,326,8,5,3,0.625,0;4;5,0.44262866954567925,-0.08206439078865913,0.36056427875702013,0.08206439078865913,1.5706513683069294,True,negative,moderate_50_to_80,0.0,0.44262866954567925,0.7082058712730868,1.27944122168073
2023,326,8,5,3,0.625,0;4;6,0.44262866954567925,-0.08206439078865913,0.36056427875702013,0.08206439078865913,1.5706513683069294,True,negative,moderate_50_to_80,0.0,0.44262866954567925,0.7082058712730868,1.27944122168073
2023,326,8,5,3,0.625,0;4;7,-0.5576106884167633,0.9181749671737836,0.36056427875702013,0.9181749671737836,1.5706513683069294,True,positive,moderate_50_to_80,0.0,-0.5576106884167633,-0.8921771014668213,0.2792018637182875
2023,326,8,5,3,0.625,0;5;6,0.44262866954567925,-0.08206439078865913,0.36056427875702013,0.08206439078865913,1.5706513683069294,True,negative,moderate_50_to_80,0.0,0.44262866954567925,0.7082058712730868,1.27944122168073
2023,326,8,5,3,0.625,0;5;7,-0.5576106884167633,0.9181749671737836,0.36056427875702013,0.9181749671737836,1.5706513683069294,True,positive,moderate_50_to_80,0.0,-0.5576106884167633,-0.8921771014668213,0.2792018637182875
2023,326,8,5,3,0.625,0;6;7,-0.5576106884167633,0.9181749671737836,0.36056427875702013,0.9181749671737836,1.5706513683069294,True,positive,moderate_50_to_80,0.0,-0.5576106884167633,-0.8921771014668213,0.2792018637182875
2023,326,8,5,3,0.625,1;2;3,-0.28467816498065895,0.6452424437376791,0.36056427875702013,0.6452424437376791,1.5706513683069294,True,positive,moderate_50_to_80,0.0,-0.28467816498065895,-0.4554850639690543,0.5521343871543918
2023,326,8,5,3,0.625,1;2;4,-0.28467816498065895,0.6452424437376791,0.36056427875702013,0.6452424437376791,1.5706513683069294,True,positive,moderate_50_to_80,0.0,-0.28467816498065895,-0.4554850639690543,0.5521343871543918
2023,326,8,5,3,0.625,1;2;5,-0.28467816498065895,0.6452424437376791,0.36056427875702013,0.6452424437376791,1.5706513683069294,True,positive,moderate_50_to_80,0.0,-0.28467816498065895,-0.4554850639690543,0.5521343871543918
2023,326,8,5,3,0.625,1;2;6,-0.28467816498065895,0.6452424437376791,0.36056427875702013,0.6452424437376791,1.5706513683069294,True,positive,moderate_50_to_80,0.0,-0.28467816498065895,-0.4554850639690543,0.5521343871543918
2023,326,8,5,3,0.625,1;2;7,-1.2849175229431016,1.6454818017001216,0.36056427875702013,1.6454818017001216,1.5706513683069294,True,positive,moderate_50_to_80,0.0,-1.2849175229431016,-2.0558680367089623,-0.4481049708080508
2023,326,8,5,3,0.625,1;3;4,0.04860533601647876,0.31195894274054137,0.36056427875702013,0.31195894274054137,1.5706513683069294,True,positive,moderate_50_to_80,0.0,0.04860533601647876,0.07776853762636601,0.8854178881515296
2023,326,8,5,3,0.625,1;3;5,0.04860533601647876,0.31195894274054137,0.36056427875702013,0.31195894274054137,1.5706513683069294,True,positive,moderate_50_to_80,0.0,0.04860533601647876,0.07776853762636601,0.8854178881515296
2023,326,8,5,3,0.625,1;3;6,0.04860533601647876,0.31195894274054137,0.36056427875702013,0.31195894274054137,1.5706513683069294,True,positive,moderate_50_to_80,0.0,0.04860533601647876,0.07776853762636601,0.8854178881515296
2023,326,8,5,3,0.625,1;3;7,-0.9516340219459638,1.312198300702984,0.36056427875702013,1.312198300702984,1.5706513683069294,True,positive,moderate_50_to_80,0.0,-0.9516340219459638,-1.522614435113542,-0.11482146981091301
2023,326,8,5,3,0.625,1;4;5,0.04860533601647876,0.31195894274054137,0.36056427875702013,0.31195894274054137,1.5706513683069294,True,positive,moderate_50_to_80,0.0,0.04860533601647876,0.07776853762636601,0.8854178881515296
2023,326,8,5,3,0.625,1;4;6,0.04860533601647876,0.31195894274054137,0.36056427875702013,0.31195894274054137,1.5706513683069294,True,positive,moderate_50_to_80,0.0,0.04860533601647876,0.07776853762636601,0.8854178881515296
2023,326,8,5,3,0.625,1;4;7,-0.9516340219459638,1.312198300702984,0.36056427875702013,1.312198300702984,1.5706513683069294,True,positive,moderate_50_to_80,0.0,-0.9516340219459638,-1.522614435113542,-0.11482146981091301
2023,326,8,5,3,0.625,1;5;6,0.04860533601647876,0.31195894274054137,0.36056427875702013,0.31195894274054137,1.5706513683069294,True,positive,moderate_50_to_80,0.0,0.04860533601647876,0.07776853762636601,0.8854178881515296
2023,326,8,5,3,0.625,1;5;7,-0.9516340219459638,1.312198300702984,0.36056427875702013,1.312198300702984,1.5706513683069294,True,positive,moderate_50_to_80,0.0,-0.9516340219459638,-1.522614435113542,-0.11482146981091301
2023,326,8,5,3,0.625,1;6;7,-0.9516340219459638,1.312198300702984,0.36056427875702013,1.312198300702984,1.5706513683069294,True,positive,moderate_50_to_80,0.0,-0.9516340219459638,-1.522614435113542,-0.11482146981091301
2023,326,8,5,3,0.625,2;3;4,1.831560475991546,-1.470996197234526,0.36056427875702013,1.470996197234526,1.5706513683069294,True,negative,moderate_50_to_80,0.0,1.831560475991546,2.9304967615864737,2.668373028126597
2023,326,8,5,3,0.625,2;3;5,1.831560475991546,-1.470996197234526,0.36056427875702013,1.470996197234526,1.5706513683069294,True,negative,moderate_50_to_80,0.0,1.831560475991546,2.9304967615864737,2.668373028126597
2023,326,8,5,3,0.625,2;3;6,1.831560475991546,-1.470996197234526,0.36056427875702013,1.470996197234526,1.5706513683069294,True,negative,moderate_50_to_80,0.0,1.831560475991546,2.9304967615864737,2.668373028126597
2023,326,8,5,3,0.625,2;3;7,0.8313211180291035,-0.47075683927208334,0.36056427875702013,0.47075683927208334,1.5706513683069294,True,negative,moderate_50_to_80,0.0,0.8313211180291035,1.3301137888465655,1.6681336701641543
2023,326,8,5,3,0.625,2;4;5,1.831560475991546,-1.470996197234526,0.36056427875702013,1.470996197234526,1.5706513683069294,True,negative,moderate_50_to_80,0.0,1.831560475991546,2.9304967615864737,2.668373028126597
2023,326,8,5,3,0.625,2;4;6,1.831560475991546,-1.470996197234526,0.36056427875702013,1.470996197234526,1.5706513683069294,True,negative,moderate_50_to_80,0.0,1.831560475991546,2.9304967615864737,2.668373028126597
2023,326,8,5,3,0.625,2;4;7,0.8313211180291035,-0.47075683927208334,0.36056427875702013,0.47075683927208334,1.5706513683069294,True,negative,moderate_50_to_80,0.0,0.8313211180291035,1.3301137888465655,1.6681336701641543
2023,326,8,5,3,0.625,2;5;6,1.831560475991546,-1.470996197234526,0.36056427875702013,1.470996197234526,1.5706513683069294,True,negative,moderate_50_to_80,0.0,1.831560475991546,2.9304967615864737,2.668373028126597
2023,326,8,5,3,0.625,2;5;7,0.8313211180291035,-0.47075683927208334,0.36056427875702013,0.47075683927208334,1.5706513683069294,True,negative,moderate_50_to_80,0.0,0.8313211180291035,1.3301137888465655,1.6681336701641543
2023,326,8,5,3,0.625,2;6;7,0.8313211180291035,-0.47075683927208334,0.36056427875702013,0.47075683927208334,1.5706513683069294,True,negative,moderate_50_to_80,0.0,0.8313211180291035,1.3301137888465655,1.6681336701641543
2023,326,8,5,3,0.625,3;4;5,2.164843976988684,-1.8042796982316638,0.36056427875702013,1.8042796982316638,1.5706513683069294,False,negative,moderate_50_to_80,0.0,2.164843976988684,3.4637503631818944,3.0016565291237347
2023,326,8,5,3,0.625,3;4;6,2.164843976988684,-1.8042796982316638,0.36056427875702013,1.8042796982316638,1.5706513683069294,False,negative,moderate_50_to_80,0.0,2.164843976988684,3.4637503631818944,3.0016565291237347
2023,326,8,5,3,0.625,3;4;7,1.1646046190262411,-0.8040403402692211,0.36056427875702013,0.8040403402692211,1.5706513683069294,True,negative,moderate_50_to_80,0.0,1.1646046190262411,1.8633673904419858,2.001417171161292
2023,326,8,5,3,0.625,3;5;6,2.164843976988684,-1.8042796982316638,0.36056427875702013,1.8042796982316638,1.5706513683069294,False,negative,moderate_50_to_80,0.0,2.164843976988684,3.4637503631818944,3.0016565291237347
2023,326,8,5,3,0.625,3;5;7,1.1646046190262411,-0.8040403402692211,0.36056427875702013,0.8040403402692211,1.5706513683069294,True,negative,moderate_50_to_80,0.0,1.1646046190262411,1.8633673904419858,2.001417171161292
2023,326,8,5,3,0.625,3;6;7,1.1646046190262411,-0.8040403402692211,0.36056427875702013,0.8040403402692211,1.5706513683069294,True,negative,moderate_50_to_80,0.0,1.1646046190262411,1.8633673904419858,2.001417171161292
2023,326,8,5,3,0.625,4;5;6,2.164843976988684,-1.8042796982316638,0.36056427875702013,1.8042796982316638,1.5706513683069294,False,negative,moderate_50_to_80,0.0,2.164843976988684,3.4637503631818944,3.0016565291237347
2023,326,8,5,3,0.625,4;5;7,1.1646046190262411,-0.8040403402692211,0.36056427875702013,0.8040403402692211,1.5706513683069294,True,negative,moderate_50_to_80,0.0,1.1646046190262411,1.8633673904419858,2.001417171161292
2023,326,8,5,3,0.625,4;6;7,1.1646046190262411,-0.8040403402692211,0.36056427875702013,0.8040403402692211,1.5706513683069294,True,negative,moderate_50_to_80,0.0,1.1646046190262411,1.8633673904419858,2.001417171161292
2023,326,8,5,3,0.625,5;6;7,1.1646046190262411,-0.8040403402692211,0.36056427875702013,0.8040403402692211,1.5706513683069294,True,negative,moderate_50_to_80,0.0,1.1646046190262411,1.8633673904419858,2.001417171161292
2023,326,8,6,2,0.75,0;1,-2.275036537503747,2.635600816260767,0.36056427875702013,2.635600816260767,1.2824314720520626,True,positive,moderate_50_to_80,0.0,-2.275036537503747,-3.0333820500049957,-1.7171615027470464
2023,326,8,6,2,0.75,0;2,-0.4920813975286797,0.8526456762856998,0.36056427875702013,0.8526456762856998,1.2824314720520626,True,positive,moderate_50_to_80,0.0,-0.4920813975286797,-0.6561085300382395,0.06579363722802084
2023,326,8,6,2,0.75,0;3,-0.15879789653154197,0.5193621752885621,0.36056427875702013,0.5193621752885621,1.2824314720520626,True,positive,moderate_50_to_80,0.0,-0.15879789653154197,-0.21173052870872264,0.39907713822515856
2023,326,8,6,2,0.75,0;4,-0.15879789653154197,0.5193621752885621,0.36056427875702013,0.5193621752885621,1.2824314720520626,True,positive,moderate_50_to_80,0.0,-0.15879789653154197,-0.21173052870872264,0.39907713822515856
2023,326,8,6,2,0.75,0;5,-0.15879789653154197,0.5193621752885621,0.36056427875702013,0.5193621752885621,1.2824314720520626,True,positive,moderate_50_to_80,0.0,-0.15879789653154197,-0.21173052870872264,0.39907713822515856
2023,326,8,6,2,0.75,0;6,-0.15879789653154197,0.5193621752885621,0.36056427875702013,0.5193621752885621,1.2824314720520626,True,positive,moderate_50_to_80,0.0,-0.15879789653154197,-0.21173052870872264,0.39907713822515856
2023,326,8,6,2,0.75,0;7,-1.1590372544939846,1.5196015332510047,0.36056427875702013,1.5196015332510047,1.2824314720520626,True,positive,moderate_50_to_80,0.0,-1.1590372544939846,-1.5453830059919795,-0.6011622197372841
2023,326,8,6,2,0.75,1;2,-0.8861047310578802,1.2466690098149003,0.36056427875702013,1.2466690098149003,1.2824314720520626,True,positive,moderate_50_to_80,0.0,-0.8861047310578802,-1.1814729747438404,-0.3282296963011797
2023,326,8,6,2,0.75,1;3,-0.5528212300607425,0.9133855088177626,0.36056427875702013,0.9133855088177626,1.2824314720520626,True,positive,moderate_50_to_80,0.0,-0.5528212300607425,-0.7370949734143233,0.005053804695958064
2023,326,8,6,2,0.75,1;4,-0.5528212300607425,0.9133855088177626,0.36056427875702013,0.9133855088177626,1.2824314720520626,True,positive,moderate_50_to_80,0.0,-0.5528212300607425,-0.7370949734143233,0.005053804695958064
2023,326,8,6,2,0.75,1;5,-0.5528212300607425,0.9133855088177626,0.36056427875702013,0.9133855088177626,1.2824314720520626,True,positive,moderate_50_to_80,0.0,-0.5528212300607425,-0.7370949734143233,0.005053804695958064
2023,326,8,6,2,0.75,1;6,-0.5528212300607425,0.9133855088177626,0.36056427875702013,0.9133855088177626,1.2824314720520626,True,positive,moderate_50_to_80,0.0,-0.5528212300607425,-0.7370949734143233,0.005053804695958064
2023,326,8,6,2,0.75,1;7,-1.5530605880231851,1.9136248667802052,0.36056427875702013,1.9136248667802052,1.2824314720520626,True,positive,moderate_50_to_80,0.0,-1.5530605880231851,-2.07074745069758,-0.9951855532664846
2023,326,8,6,2,0.75,2;3,1.230133909914325,-0.8695696311573047,0.36056427875702013,0.8695696311573047,1.2824314720520626,True,negative,moderate_50_to_80,0.0,1.230133909914325,1.6401785465524332,1.7880089446710254
2023,326,8,6,2,0.75,2;4,1.230133909914325,-0.8695696311573047,0.36056427875702013,0.8695696311573047,1.2824314720520626,True,negative,moderate_50_to_80,0.0,1.230133909914325,1.6401785465524332,1.7880089446710254
2023,326,8,6,2,0.75,2;5,1.230133909914325,-0.8695696311573047,0.36056427875702013,0.8695696311573047,1.2824314720520626,True,negative,moderate_50_to_80,0.0,1.230133909914325,1.6401785465524332,1.7880089446710254
2023,326,8,6,2,0.75,2;6,1.230133909914325,-0.8695696311573047,0.36056427875702013,0.8695696311573047,1.2824314720520626,True,negative,moderate_50_to_80,0.0,1.230133909914325,1.6401785465524332,1.7880089446710254
2023,326,8,6,2,0.75,2;7,0.22989455195188224,0.1306697268051379,0.36056427875702013,0.1306697268051379,1.2824314720520626,True,positive,moderate_50_to_80,0.0,0.22989455195188224,0.3065260692691763,0.7877695867085828
2023,326,8,6,2,0.75,3;4,1.5634174109114625,-1.2028531321544425,0.36056427875702013,1.2028531321544425,1.2824314720520626,True,negative,moderate_50_to_80,0.0,1.5634174109114625,2.08455654788195,2.121292445668163
2023,326,8,6,2,0.75,3;5,1.5634174109114625,-1.2028531321544425,0.36056427875702013,1.2028531321544425,1.2824314720520626,True,negative,moderate_50_to_80,0.0,1.5634174109114625,2.08455654788195,2.121292445668163
2023,326,8,6,2,0.75,3;6,1.5634174109114625,-1.2028531321544425,0.36056427875702013,1.2028531321544425,1.2824314720520626,True,negative,moderate_50_to_80,0.0,1.5634174109114625,2.08455654788195,2.121292445668163
2023,326,8,6,2,0.75,3;7,0.56317805294902,-0.20261377419199983,0.36056427875702013,0.20261377419199983,1.2824314720520626,True,negative,moderate_50_to_80,0.0,0.56317805294902,0.7509040705986934,1.1210530877057205
2023,326,8,6,2,0.75,4;5,1.5634174109114625,-1.2028531321544425,0.36056427875702013,1.2028531321544425,1.2824314720520626,True,negative,moderate_50_to_80,0.0,1.5634174109114625,2.08455654788195,2.121292445668163
2023,326,8,6,2,0.75,4;6,1.5634174109114625,-1.2028531321544425,0.36056427875702013,1.2028531321544425,1.2824314720520626,True,negative,moderate_50_to_80,0.0,1.5634174109114625,2.08455654788195,2.121292445668163
2023,326,8,6,2,0.75,4;7,0.56317805294902,-0.20261377419199983,0.36056427875702013,0.20261377419199983,1.2824314720520626,True,negative,moderate_50_to_80,0.0,0.56317805294902,0.7509040705986934,1.1210530877057205
2023,326,8,6,2,0.75,5;6,1.5634174109114625,-1.2028531321544425,0.36056427875702013,1.2028531321544425,1.2824314720520626,True,negative,moderate_50_to_80,0.0,1.5634174109114625,2.08455654788195,2.121292445668163
2023,326,8,6,2,0.75,5;7,0.56317805294902,-0.20261377419199983,0.36056427875702013,0.20261377419199983,1.2824314720520626,True,negative,moderate_50_to_80,0.0,0.56317805294902,0.7509040705986934,1.1210530877057205
2023,326,8,6,2,0.75,6;7,0.56317805294902,-0.20261377419199983,0.36056427875702013,0.20261377419199983,1.2824314720520626,True,negative,moderate_50_to_80,0.0,0.56317805294902,0.7509040705986934,1.1210530877057205
2023,326,8,7,1,0.875,0,-0.7602244626087632,1.1207887413657833,0.36056427875702013,1.1207887413657833,0.9068159902950598,True,positive,high_80_plus,0.0,-0.7602244626087632,-0.8688279572671579,-0.48128694523041293
2023,326,8,7,1,0.875,1,-1.1542477961379638,1.5148120748949838,0.36056427875702013,1.5148120748949838,0.9068159902950598,True,positive,high_80_plus,0.0,-1.1542477961379638,-1.3191403384433873,-0.8753102787596135
2023,326,8,7,1,0.875,2,0.6287073438371036,-0.2681430650800835,0.36056427875702013,0.2681430650800835,0.9068159902950598,True,negative,high_80_plus,0.0,0.6287073438371036,0.7185226786709755,0.9076448612154538
2023,326,8,7,1,0.875,3,0.9619908448342414,-0.6014265660772212,0.36056427875702013,0.6014265660772212,0.9068159902950598,True,negative,high_80_plus,0.0,0.9619908448342414,1.09941810838199,1.2409283622125917
2023,326,8,7,1,0.875,4,0.9619908448342414,-0.6014265660772212,0.36056427875702013,0.6014265660772212,0.9068159902950598,True,negative,high_80_plus,0.0,0.9619908448342414,1.09941810838199,1.2409283622125917
2023,326,8,7,1,0.875,5,0.9619908448342414,-0.6014265660772212,0.36056427875702013,0.6014265660772212,0.9068159902950598,True,negative,high_80_plus,0.0,0.9619908448342414,1.09941810838199,1.2409283622125917
2023,326,8,7,1,0.875,6,0.9619908448342414,-0.6014265660772212,0.36056427875702013,0.6014265660772212,0.9068159902950598,True,negative,high_80_plus,0.0,0.9619908448342414,1.09941810838199,1.2409283622125917
2023,326,8,7,1,0.875,7,-0.03824851312820127,0.3988127918852214,0.36056427875702013,0.3988127918852214,0.9068159902950598,True,positive,high_80_plus,0.0,-0.03824851312820127,-0.04371258643223002,0.240689004250149
2023,333,2,1,1,0.5,0,1.8918036593739993,1.389954917328299,3.2817585767022983,1.389954917328299,0.9068159902950598,True,positive,moderate_50_to_80,0.0,1.8918036593739993,3.7836073187479986,2.1707411767523497
2023,333,2,1,1,0.5,1,1.389954917328299,1.8918036593739993,3.2817585767022983,1.8918036593739993,0.9068159902950598,False,positive,moderate_50_to_80,0.0,1.389954917328299,2.779909834656598,1.6688924347066494
2023,356,3,1,2,0.3333333333333333,0;1,-0.10150131458151467,2.1740183808570817,2.072517066275567,2.1740183808570817,1.2824314720520626,True,positive,low_under_50,0.0,-0.10150131458151467,-0.304503943744544,0.45637372017518585
2023,356,3,1,2,0.3333333333333333,0;2,0.5094718741660975,1.5630451921094695,2.072517066275567,1.5630451921094695,1.2824314720520626,True,positive,low_under_50,0.0,0.5094718741660975,1.5284156224982925,1.067346908922798
2023,356,3,1,2,0.3333333333333333,1;2,1.6645465066909841,0.40797055958458284,2.072517066275567,0.40797055958458284,1.2824314720520626,True,positive,low_under_50,0.0,1.6645465066909841,4.993639520072953,2.2224215414476847
2023,356,3,2,1,0.6666666666666666,0,0.40797055958458284,1.6645465066909841,2.072517066275567,1.6645465066909841,0.9068159902950598,True,positive,moderate_50_to_80,0.0,0.40797055958458284,0.6119558393768743,0.6869080769629331
2023,356,3,2,1,0.6666666666666666,1,1.5630451921094695,0.5094718741660975,2.072517066275567,0.5094718741660975,0.9068159902950598,True,positive,moderate_50_to_80,0.0,1.5630451921094695,2.344567788164204,1.8419827094878198
2023,356,3,2,1,0.6666666666666666,2,2.1740183808570817,-0.10150131458151467,2.072517066275567,0.10150131458151467,0.9068159902950598,True,negative,moderate_50_to_80,0.0,2.1740183808570817,3.2610275712856227,2.452955898235432
2023,36,2,1,1,0.5,0,-0.17066388998388968,0.8374399237860187,0.666776033802129,0.8374399237860187,0.9068159902950598,True,positive,moderate_50_to_80,0.0,-0.17066388998388968,-0.34132777996777935,0.10827362739446059
2023,36,2,1,1,0.5,1,0.8374399237860187,-0.17066388998388968,0.666776033802129,0.17066388998388968,0.9068159902950598,True,negative,moderate_50_to_80,0.0,0.8374399237860187,1.6748798475720375,1.116377441164369
2023,6,2,1,1,0.5,0,-0.6014265660772212,-0.6014265660772212,-1.2028531321544425,0.6014265660772212,0.9068159902950598,True,negative,moderate_50_to_80,0.0,-0.6014265660772212,-1.2028531321544425,-0.32248904869887096
2023,6,2,1,1,0.5,1,-0.6014265660772212,-0.6014265660772212,-1.2028531321544425,0.6014265660772212,0.9068159902950598,True,negative,moderate_50_to_80,0.0,-0.6014265660772212,-1.2028531321544425,-0.32248904869887096
2023,9,3,1,2,0.3333333333333333,0;1,-0.6014265660772212,2.764836437789224,2.1634098717120027,2.764836437789224,1.2824314720520626,False,positive,low_under_50,0.0,-0.6014265660772212,-1.8042796982316638,-0.0435515313205207
2023,9,3,1,2,0.3333333333333333,0;2,0.6876937075394179,1.4757161641725847,2.1634098717120027,1.4757161641725847,1.2824314720520626,True,positive,low_under_50,0.0,0.6876937075394179,2.0630811226182537,1.2455687422961184
2023,9,3,1,2,0.3333333333333333,1;2,2.077142730249806,0.08626714146219672,2.1634098717120027,0.08626714146219672,1.2824314720520626,True,positive,low_under_50,0.0,2.077142730249806,6.231428190749417,2.6350177650065065
2023,9,3,2,1,0.6666666666666666,0,0.08626714146219672,2.077142730249806,2.1634098717120027,2.077142730249806,0.9068159902950598,False,positive,moderate_50_to_80,0.0,0.08626714146219672,0.12940071219329508,0.365204658840547
2023,9,3,2,1,0.6666666666666666,1,1.4757161641725847,0.6876937075394179,2.1634098717120027,0.6876937075394179,0.9068159902950598,True,positive,moderate_50_to_80,0.0,1.4757161641725847,2.2135742462588768,1.754653681550935
2023,9,3,2,1,0.6666666666666666,2,2.764836437789224,-0.6014265660772212,2.1634098717120027,0.6014265660772212,0.9068159902950598,True,negative,moderate_50_to_80,0.0,2.764836437789224,4.1472546566838355,3.043773955167574
2024,103,3,1,2,0.3333333333333333,0;1,-0.49082028654221344,1.0559263259968046,0.5651060394545913,1.0559263259968046,1.3339491416918725,True,positive,low_under_50,0.0,-0.49082028654221344,-1.4724608596266404,0.17581497333972973
2024,103,3,1,2,0.3333333333333333,0;2,1.5467466125390181,-0.9816405730844269,0.5651060394545913,0.9816405730844269,1.3339491416918725,True,negative,low_under_50,0.0,1.5467466125390181,4.640239837617054,2.2133818724209613
2024,103,3,1,2,0.3333333333333333,1;2,-0.49082028654221344,1.0559263259968046,0.5651060394545913,1.0559263259968046,1.3339491416918725,True,positive,low_under_50,0.0,-0.49082028654221344,-1.4724608596266404,0.17581497333972973
2024,103,3,2,1,0.6666666666666666,0,1.0559263259968046,-0.49082028654221344,0.5651060394545913,0.49082028654221344,0.9432444838482977,True,negative,moderate_50_to_80,0.0,1.0559263259968046,1.5838894889952069,1.389243955937776
2024,103,3,2,1,0.6666666666666666,1,-0.9816405730844269,1.5467466125390181,0.5651060394545913,1.5467466125390181,0.9432444838482977,True,positive,moderate_50_to_80,0.0,-0.9816405730844269,-1.4724608596266404,-0.6483229431434553
2024,103,3,2,1,0.6666666666666666,2,1.0559263259968046,-0.49082028654221344,0.5651060394545913,0.49082028654221344,0.9432444838482977,True,negative,moderate_50_to_80,0.0,1.0559263259968046,1.5838894889952069,1.389243955937776
2024,127,4,1,3,0.25,0;1;2,-0.293574410153849,-0.32263076453964734,-0.6162051746934963,0.32263076453964734,1.6337473699843328,True,negative,low_under_50,0.0,-0.293574410153849,-1.174297640615396,0.7063784796690658
2024,127,4,1,3,0.25,0;1;3,-0.7465706593690025,0.13036548467550613,-0.6162051746934963,0.13036548467550613,1.6337473699843328,True,positive,low_under_50,0.0,-0.7465706593690025,-2.98628263747601,0.2533822304539123
2024,127,4,1,3,0.25,0;2;3,-0.7465706593690025,0.13036548467550613,-0.6162051746934963,0.13036548467550613,1.6337473699843328,True,positive,low_under_50,0.0,-0.7465706593690025,-2.98628263747601,0.2533822304539123
2024,127,4,1,3,0.25,1;2;3,1.1705105541983576,-1.786715728891854,-0.6162051746934963,1.786715728891854,1.6337473699843328,False,negative,low_under_50,0.0,1.1705105541983576,4.68204221679343,2.1704634440212724
2024,127,4,2,2,0.5,0;1,-1.0401450695228514,0.4239398948293551,-0.6162051746934963,0.4239398948293551,1.3339491416918725,True,positive,moderate_50_to_80,0.0,-1.0401450695228514,-2.0802901390457027,-0.3735098096409082
2024,127,4,2,2,0.5,0;2,-1.0401450695228514,0.4239398948293551,-0.6162051746934963,0.4239398948293551,1.3339491416918725,True,positive,moderate_50_to_80,0.0,-1.0401450695228514,-2.0802901390457027,-0.3735098096409082
2024,127,4,2,2,0.5,0;3,-1.493141318738005,0.8769361440445086,-0.6162051746934963,0.8769361440445086,1.3339491416918725,True,positive,moderate_50_to_80,0.0,-1.493141318738005,-2.98628263747601,-0.8265060588560618
2024,127,4,2,2,0.5,1;2,0.8769361440445086,-1.493141318738005,-0.6162051746934963,1.493141318738005,1.3339491416918725,True,negative,moderate_50_to_80,0.0,0.8769361440445086,1.7538722880890172,1.5435714039264519
2024,127,4,2,2,0.5,1;3,0.4239398948293551,-1.0401450695228514,-0.6162051746934963,1.0401450695228514,1.3339491416918725,True,negative,moderate_50_to_80,0.0,0.4239398948293551,0.8478797896587102,1.0905751547112983
2024,127,4,2,2,0.5,2;3,0.4239398948293551,-1.0401450695228514,-0.6162051746934963,1.0401450695228514,1.3339491416918725,True,negative,moderate_50_to_80,0.0,0.4239398948293551,0.8478797896587102,1.0905751547112983
2024,127,4,3,1,0.75,0,-1.786715728891854,1.1705105541983576,-0.6162051746934963,1.1705105541983576,0.9432444838482977,True,positive,moderate_50_to_80,0.0,-1.786715728891854,-2.382287638522472,-1.4533980989508826
2024,127,4,3,1,0.75,1,0.13036548467550613,-0.7465706593690025,-0.6162051746934963,0.7465706593690025,0.9432444838482977,True,negative,moderate_50_to_80,0.0,0.13036548467550613,0.17382064623400817,0.4636831146164777
2024,127,4,3,1,0.75,2,0.13036548467550613,-0.7465706593690025,-0.6162051746934963,0.7465706593690025,0.9432444838482977,True,negative,moderate_50_to_80,0.0,0.13036548467550613,0.17382064623400817,0.4636831146164777
2024,127,4,3,1,0.75,3,-0.32263076453964734,-0.293574410153849,-0.6162051746934963,0.293574410153849,0.9432444838482977,True,negative,moderate_50_to_80,0.0,-0.32263076453964734,-0.4301743527195298,0.010686865401324241
2024,130,3,1,2,0.3333333333333333,0;1,2.0360893513121927,2.7956822062272755,4.831771557539469,2.7956822062272755,1.3339491416918725,True,positive,low_under_50,0.0,2.0360893513121927,6.108268053936579,2.702724611194136
2024,130,3,1,2,0.3333333333333333,0;2,1.1028512187115846,3.7289203388278835,4.831771557539469,3.7289203388278835,1.3339491416918725,False,positive,low_under_50,0.0,1.1028512187115846,3.308553656134754,1.7694864785935278
2024,130,3,1,2,0.3333333333333333,1;2,1.692830987515691,3.1389405700237774,4.831771557539469,3.1389405700237774,1.3339491416918725,False,positive,low_under_50,0.0,1.692830987515691,5.078492962547073,2.359466247397634
2024,130,3,2,1,0.6666666666666666,0,3.1389405700237774,1.692830987515691,4.831771557539469,1.692830987515691,0.9432444838482977,True,positive,moderate_50_to_80,0.0,3.1389405700237774,4.708410855035666,3.472258199964749
2024,130,3,2,1,0.6666666666666666,1,3.7289203388278835,1.1028512187115846,4.831771557539469,1.1028512187115846,0.9432444838482977,True,positive,moderate_50_to_80,0.0,3.7289203388278835,5.593380508241825,4.062237968768855
2024,130,3,2,1,0.6666666666666666,2,2.7956822062272755,2.0360893513121927,4.831771557539469,2.0360893513121927,0.9432444838482977,False,positive,moderate_50_to_80,0.0,2.7956822062272755,4.193523309340913,3.128999836168247
2024,135,2,1,1,0.5,0,-0.08101420994729933,1.0589466279047028,0.9779324179574035,1.0589466279047028,0.9432444838482977,True,positive,moderate_50_to_80,0.0,-0.08101420994729933,-0.16202841989459865,0.25230341999367223
2024,135,2,1,1,0.5,1,1.0589466279047028,-0.08101420994729933,0.9779324179574035,0.08101420994729933,0.9432444838482977,True,negative,moderate_50_to_80,0.0,1.0589466279047028,2.1178932558094057,1.3922642578456745
2024,151,3,1,2,0.3333333333333333,0;1,-0.32945976683879896,-0.5919488670975582,-0.9214086339363572,0.5919488670975582,1.3339491416918725,True,negative,low_under_50,0.0,-0.32945976683879896,-0.9883793005163969,0.3371754930431442
2024,151,3,1,2,0.3333333333333333,0;2,-0.1011285805553448,-0.8202800533810124,-0.9214086339363572,0.8202800533810124,1.3339491416918725,True,negative,low_under_50,0.0,-0.1011285805553448,-0.3033857416660344,0.5655066793265984
2024,151,3,1,2,0.3333333333333333,1;2,-0.49082028654221344,-0.43058834739414376,-0.9214086339363572,0.43058834739414376,1.3339491416918725,True,negative,low_under_50,0.0,-0.49082028654221344,-1.4724608596266404,0.17581497333972973
2024,151,3,2,1,0.6666666666666666,0,-0.43058834739414376,-0.49082028654221344,-0.9214086339363572,0.49082028654221344,0.9432444838482977,True,negative,moderate_50_to_80,0.0,-0.43058834739414376,-0.6458825210912156,-0.09727071745317217
2024,151,3,2,1,0.6666666666666666,1,-0.8202800533810124,-0.1011285805553448,-0.9214086339363572,0.1011285805553448,0.9432444838482977,True,negative,moderate_50_to_80,0.0,-0.8202800533810124,-1.2304200800715186,-0.4869624234400408
2024,151,3,2,1,0.6666666666666666,2,-0.5919488670975582,-0.32945976683879896,-0.9214086339363572,0.32945976683879896,0.9432444838482977,True,negative,moderate_50_to_80,0.0,-0.5919488670975582,-0.8879233006463374,-0.25863123715658665
2024,166,5,1,4,0.2,0;1;2;3,-0.7465706593690025,-0.8320980614748588,-1.5786687208438612,0.8320980614748588,1.8864889676965955,True,negative,low_under_50,0.0,-0.7465706593690025,-3.732853296845012,0.5866998603948839
2024,166,5,1,4,0.2,0;1;2;4,-0.7465706593690025,-0.8320980614748588,-1.5786687208438612,0.8320980614748588,1.8864889676965955,True,negative,low_under_50,0.0,-0.7465706593690025,-3.732853296845012,0.5866998603948839
2024,166,5,1,4,0.2,0;1;3;4,-0.42384961996217363,-1.1548191008816877,-1.5786687208438612,1.1548191008816877,1.8864889676965955,True,negative,low_under_50,0.0,-0.42384961996217363,-2.1192480998108683,0.9094208998017127
2024,166,5,1,4,0.2,0;2;3;4,0.9235323575219054,-2.5022010783657667,-1.5786687208438612,2.5022010783657667,1.8864889676965955,False,negative,low_under_50,0.0,0.9235323575219054,4.617661787609527,2.256802877285792
2024,166,5,1,4,0.2,1;2;3;4,-0.5852101396655881,-0.9934585811782731,-1.5786687208438612,0.9934585811782731,1.8864889676965955,True,negative,low_under_50,0.0,-0.5852101396655881,-2.9260506983279404,0.7480603800982982
2024,166,5,2,3,0.4,0;1;2,-1.493141318738005,-0.0855274021058563,-1.5786687208438612,0.0855274021058563,1.6337473699843328,True,negative,low_under_50,0.0,-1.493141318738005,-3.732853296845012,-0.4931884289150902
2024,166,5,2,3,0.4,0;1;3,-1.170420279331176,-0.40824844151268513,-1.5786687208438612,0.40824844151268513,1.6337473699843328,True,negative,low_under_50,0.0,-1.170420279331176,-2.92605069832794,-0.17046738950826124
2024,166,5,2,3,0.4,0;1;4,-1.170420279331176,-0.40824844151268513,-1.5786687208438612,0.40824844151268513,1.6337473699843328,True,negative,low_under_50,0.0,-1.170420279331176,-2.92605069832794,-0.17046738950826124
2024,166,5,2,3,0.4,0;2;3,0.17696169815290297,-1.7556304189967642,-1.5786687208438612,1.7556304189967642,1.6337473699843328,False,negative,low_under_50,0.0,0.17696169815290297,0.4424042453822574,1.1769145879758178
2024,166,5,2,3,0.4,0;2;4,0.17696169815290297,-1.7556304189967642,-1.5786687208438612,1.7556304189967642,1.6337473699843328,False,negative,low_under_50,0.0,0.17696169815290297,0.4424042453822574,1.1769145879758178
2024,166,5,2,3,0.4,0;3;4,0.4996827375597318,-2.078351458403593,-1.5786687208438612,2.078351458403593,1.6337473699843328,False,negative,low_under_50,0.0,0.4996827375597318,1.2492068438993296,1.4996356273826466
2024,166,5,2,3,0.4,1;2;3,-1.3317807990345907,-0.24688792180927066,-1.5786687208438612,0.24688792180927066,1.6337473699843328,True,negative,low_under_50,0.0,-1.3317807990345907,-3.3294519975864767,-0.33182790921167593
2024,166,5,2,3,0.4,1;2;4,-1.3317807990345907,-0.24688792180927066,-1.5786687208438612,0.24688792180927066,1.6337473699843328,True,negative,low_under_50,0.0,-1.3317807990345907,-3.3294519975864767,-0.33182790921167593
2024,166,5,2,3,0.4,1;3;4,-1.0090597596277617,-0.5696089612160995,-1.5786687208438612,0.5696089612160995,1.6337473699843328,True,negative,low_under_50,0.0,-1.0090597596277617,-2.5226493990694046,-0.009106869804846984
2024,166,5,2,3,0.4,2;3;4,0.33832221785631733,-1.9169909387001787,-1.5786687208438612,1.9169909387001787,1.6337473699843328,False,negative,low_under_50,0.0,0.33832221785631733,0.8458055446407933,1.338275107679232
2024,166,5,3,2,0.6,0;1,-1.9169909387001787,0.33832221785631733,-1.5786687208438612,0.33832221785631733,1.3339491416918725,True,positive,moderate_50_to_80,0.0,-1.9169909387001787,-3.1949848978336313,-1.2503556788182355
2024,166,5,3,2,0.6,0;2,-0.5696089612160995,-1.0090597596277617,-1.5786687208438612,1.0090597596277617,1.3339491416918725,True,negative,moderate_50_to_80,0.0,-0.5696089612160995,-0.9493482686934991,0.09702629866584367
2024,166,5,3,2,0.6,0;3,-0.24688792180927066,-1.3317807990345907,-1.5786687208438612,1.3317807990345907,1.3339491416918725,True,negative,moderate_50_to_80,0.0,-0.24688792180927066,-0.4114798696821178,0.4197473380726725
2024,166,5,3,2,0.6,0;4,-0.24688792180927066,-1.3317807990345907,-1.5786687208438612,1.3317807990345907,1.3339491416918725,True,negative,moderate_50_to_80,0.0,-0.24688792180927066,-0.4114798696821178,0.4197473380726725
2024,166,5,3,2,0.6,1;2,-2.078351458403593,0.4996827375597318,-1.5786687208438612,0.4996827375597318,1.3339491416918725,True,positive,moderate_50_to_80,0.0,-2.078351458403593,-3.4639190973393212,-1.4117161985216498
2024,166,5,3,2,0.6,1;3,-1.7556304189967642,0.17696169815290297,-1.5786687208438612,0.17696169815290297,1.3339491416918725,True,positive,moderate_50_to_80,0.0,-1.7556304189967642,-2.92605069832794,-1.088995159114821
2024,166,5,3,2,0.6,1;4,-1.7556304189967642,0.17696169815290297,-1.5786687208438612,0.17696169815290297,1.3339491416918725,True,positive,moderate_50_to_80,0.0,-1.7556304189967642,-2.92605069832794,-1.088995159114821
2024,166,5,3,2,0.6,2;3,-0.40824844151268513,-1.170420279331176,-1.5786687208438612,1.170420279331176,1.3339491416918725,True,negative,moderate_50_to_80,0.0,-0.40824844151268513,-0.6804140691878086,0.25838681836925803
2024,166,5,3,2,0.6,2;4,-0.40824844151268513,-1.170420279331176,-1.5786687208438612,1.170420279331176,1.3339491416918725,True,negative,moderate_50_to_80,0.0,-0.40824844151268513,-0.6804140691878086,0.25838681836925803
2024,166,5,3,2,0.6,3;4,-0.0855274021058563,-1.493141318738005,-1.5786687208438612,1.493141318738005,1.3339491416918725,True,negative,moderate_50_to_80,0.0,-0.0855274021058563,-0.14254567017642716,0.5811078577760869
2024,166,5,4,1,0.8,0,-0.9934585811782731,-0.5852101396655881,-1.5786687208438612,0.5852101396655881,0.9432444838482977,True,negative,high_80_plus,0.0,-0.9934585811782731,-1.2418232264728415,-0.6601409512373015
2024,166,5,4,1,0.8,1,-2.5022010783657667,0.9235323575219054,-1.5786687208438612,0.9235323575219054,0.9432444838482977,True,positive,high_80_plus,0.0,-2.5022010783657667,-3.1277513479572083,-2.168883448424795
2024,166,5,4,1,0.8,2,-1.1548191008816877,-0.42384961996217363,-1.5786687208438612,0.42384961996217363,0.9432444838482977,True,negative,high_80_plus,0.0,-1.1548191008816877,-1.4435238761021096,-0.8215014709407161
2024,166,5,4,1,0.8,3,-0.8320980614748588,-0.7465706593690025,-1.5786687208438612,0.7465706593690025,0.9432444838482977,True,negative,high_80_plus,0.0,-0.8320980614748588,-1.0401225768435736,-0.4987804315338872
2024,166,5,4,1,0.8,4,-0.8320980614748588,-0.7465706593690025,-1.5786687208438612,0.7465706593690025,0.9432444838482977,True,negative,high_80_plus,0.0,-0.8320980614748588,-1.0401225768435736,-0.4987804315338872
2024,2,3,1,2,0.3333333333333333,0;1,2.135129527264703,-0.4784477502574376,1.6566817770072655,0.4784477502574376,1.3339491416918725,True,negative,low_under_50,0.0,2.135129527264703,6.405388581794109,2.801764787146646
2024,2,3,1,2,0.3333333333333333,0;2,-0.7465706593690025,2.4032524363762677,1.6566817770072655,2.4032524363762677,1.3339491416918725,True,positive,low_under_50,0.0,-0.7465706593690025,-2.2397119781070076,-0.0799353994870593
2024,2,3,1,2,0.3333333333333333,1;2,0.2681229091115649,1.3885588678957006,1.6566817770072655,1.3885588678957006,1.3339491416918725,True,positive,low_under_50,0.0,0.2681229091115649,0.8043687273346947,0.934758168993508
2024,2,3,2,1,0.6666666666666666,0,1.3885588678957006,0.2681229091115649,1.6566817770072655,0.2681229091115649,0.9432444838482977,True,positive,moderate_50_to_80,0.0,1.3885588678957006,2.082838301843551,1.7218764978366723
2024,2,3,2,1,0.6666666666666666,1,2.4032524363762677,-0.7465706593690025,1.6566817770072655,0.7465706593690025,0.9432444838482977,True,negative,moderate_50_to_80,0.0,2.4032524363762677,3.6048786545644016,2.736570066317239
2024,2,3,2,1,0.6666666666666666,2,-0.4784477502574376,2.135129527264703,1.6566817770072655,2.135129527264703,0.9432444838482977,False,positive,moderate_50_to_80,0.0,-0.4784477502574376,-0.7176716253861564,-0.145130120316466
2024,2006,4,1,3,0.25,0;1;2,-0.5852101396655881,-0.7208224799081515,-1.3060326195737395,0.7208224799081515,1.6337473699843328,True,negative,low_under_50,0.0,-0.5852101396655881,-2.3408405586623524,0.41474275015732665
2024,2006,4,1,3,0.25,0;1;3,-0.24337783654201342,-1.0626547830317261,-1.3060326195737395,1.0626547830317261,1.6337473699843328,True,negative,low_under_50,0.0,-0.24337783654201342,-0.9735113461680537,0.7565750532809014
2024,2006,4,1,3,0.25,0;2;3,-0.14798487652733908,-1.1580477430464005,-1.3060326195737395,1.1580477430464005,1.6337473699843328,True,negative,low_under_50,0.0,-0.14798487652733908,-0.5919395061093563,0.8519680132955757
2024,2006,4,1,3,0.25,1;2;3,-0.32945976683879896,-0.9765728527349407,-1.3060326195737395,0.9765728527349407,1.6337473699843328,True,negative,low_under_50,0.0,-0.32945976683879896,-1.3178390673551958,0.6704931229841158
2024,2006,4,2,2,0.5,0;1,-0.8285879762076015,-0.477444643366138,-1.3060326195737395,0.477444643366138,1.3339491416918725,True,negative,moderate_50_to_80,0.0,-0.8285879762076015,-1.657175952415203,-0.16195271632565833
2024,2006,4,2,2,0.5,0;2,-0.7331950161929272,-0.5728376033808124,-1.3060326195737395,0.5728376033808124,1.3339491416918725,True,negative,moderate_50_to_80,0.0,-0.7331950161929272,-1.4663900323858543,-0.06655975631098399
2024,2006,4,2,2,0.5,0;3,-0.3913627130693525,-0.9146699065043871,-1.3060326195737395,0.9146699065043871,1.3339491416918725,True,negative,moderate_50_to_80,0.0,-0.3913627130693525,-0.782725426138705,0.27527254681259067
2024,2006,4,2,2,0.5,1;2,-0.9146699065043871,-0.3913627130693525,-1.3060326195737395,0.3913627130693525,1.3339491416918725,True,negative,moderate_50_to_80,0.0,-0.9146699065043871,-1.8293398130087741,-0.2480346466224439
2024,2006,4,2,2,0.5,1;3,-0.5728376033808124,-0.7331950161929272,-1.3060326195737395,0.7331950161929272,1.3339491416918725,True,negative,moderate_50_to_80,0.0,-0.5728376033808124,-1.1456752067616247,0.09379765650113081
2024,2006,4,2,2,0.5,2;3,-0.477444643366138,-0.8285879762076015,-1.3060326195737395,0.8285879762076015,1.3339491416918725,True,negative,moderate_50_to_80,0.0,-0.477444643366138,-0.954889286732276,0.18919061651580515
2024,2006,4,3,1,0.75,0,-0.9765728527349407,-0.32945976683879896,-1.3060326195737395,0.32945976683879896,0.9432444838482977,True,negative,moderate_50_to_80,0.0,-0.9765728527349407,-1.3020971369799208,-0.6432552227939691
2024,2006,4,3,1,0.75,1,-1.1580477430464005,-0.14798487652733908,-1.3060326195737395,0.14798487652733908,0.9432444838482977,True,negative,moderate_50_to_80,0.0,-1.1580477430464005,-1.5440636573952007,-0.8247301131054289
2024,2006,4,3,1,0.75,2,-1.0626547830317261,-0.24337783654201342,-1.3060326195737395,0.24337783654201342,0.9432444838482977,True,negative,moderate_50_to_80,0.0,-1.0626547830317261,-1.4168730440423014,-0.7293371530907545
2024,2006,4,3,1,0.75,3,-0.7208224799081515,-0.5852101396655881,-1.3060326195737395,0.5852101396655881,0.9432444838482977,True,negative,moderate_50_to_80,0.0,-0.7208224799081515,-0.9610966398775354,-0.38750484996717993
2024,201,2,1,1,0.5,0,-0.7465706593690025,-0.7465706593690025,-1.493141318738005,0.7465706593690025,0.9432444838482977,True,negative,moderate_50_to_80,0.0,-0.7465706593690025,-1.493141318738005,-0.4132530294280309
2024,201,2,1,1,0.5,1,-0.7465706593690025,-0.7465706593690025,-1.493141318738005,0.7465706593690025,0.9432444838482977,True,negative,moderate_50_to_80,0.0,-0.7465706593690025,-1.493141318738005,-0.4132530294280309
2024,2026,5,1,4,0.2,0;1;2;3,0.22668264757764472,1.156444829323148,1.3831274769007926,1.156444829323148,1.8864889676965955,True,positive,low_under_50,0.0,0.22668264757764472,1.1334132378882236,1.559953167341531
2024,2026,5,1,4,0.2,0;1;2;4,0.7128112355001291,0.6703162414006636,1.3831274769007926,0.6703162414006636,1.8864889676965955,True,positive,low_under_50,0.0,0.7128112355001291,3.5640561775006456,2.0460817552640154
2024,2026,5,1,4,0.2,0;1;3;4,-0.32945976683879896,1.7125872437395917,1.3831274769007926,1.7125872437395917,1.8864889676965955,True,positive,low_under_50,0.0,-0.32945976683879896,-1.647298834193995,1.0038107529250873
2024,2026,5,1,4,0.2,0;2;3;4,-0.037824037327059856,1.4209515142278526,1.3831274769007926,1.4209515142278526,1.8864889676965955,True,positive,low_under_50,0.0,-0.037824037327059856,-0.18912018663529928,1.2954464824368266
2024,2026,5,1,4,0.2,1;2;3;4,0.8109173979888776,0.5722100789119151,1.3831274769007926,0.5722100789119151,1.8864889676965955,True,positive,low_under_50,0.0,0.8109173979888776,4.054586989944388,2.144187917752764
2024,2026,5,2,3,0.4,0;1;2,0.9394938830777739,0.4436335938230188,1.3831274769007926,0.4436335938230188,1.6337473699843328,True,positive,low_under_50,0.0,0.9394938830777739,2.348734707694435,1.9394467729006886
2024,2026,5,2,3,0.4,0;1;3,-0.10277711926115424,1.485904596161947,1.3831274769007926,1.485904596161947,1.6337473699843328,True,positive,low_under_50,0.0,-0.10277711926115424,-0.25694279815288557,0.8971757705617605
2024,2026,5,2,3,0.4,0;1;4,0.3833514686613302,0.9997760082394624,1.3831274769007926,0.9997760082394624,1.6337473699843328,True,positive,low_under_50,0.0,0.3833514686613302,0.9583786716533255,1.3833043584842448
2024,2026,5,2,3,0.4,0;2;3,0.18885861025058487,1.1942688666502077,1.3831274769007926,1.1942688666502077,1.6337473699843328,True,positive,low_under_50,0.0,0.18885861025058487,0.4721465256264622,1.1888115000734996
2024,2026,5,2,3,0.4,0;2;4,0.6749871981730693,0.7081402787277233,1.3831274769007926,0.7081402787277233,1.6337473699843328,True,positive,low_under_50,0.0,0.6749871981730693,1.6874679954326732,1.6749400879959842
2024,2026,5,2,3,0.4,0;3;4,-0.3672838041658588,1.7504112810666514,1.3831274769007926,1.7504112810666514,1.6337473699843328,True,positive,low_under_50,0.0,-0.3672838041658588,-0.918209510414647,0.6326690856570559
2024,2026,5,2,3,0.4,1;2;3,1.0376000455665224,0.34552743133427033,1.3831274769007926,0.34552743133427033,1.6337473699843328,True,positive,low_under_50,0.0,1.0376000455665224,2.594000113916306,2.0375529353894373
2024,2026,5,2,3,0.4,1;2;4,1.5237286334890068,-0.1406011565882141,1.3831274769007926,0.1406011565882141,1.6337473699843328,True,negative,low_under_50,0.0,1.5237286334890068,3.809321583722517,2.5236815233119216
2024,2026,5,2,3,0.4,1;3;4,0.48145763115007867,0.901669845750714,1.3831274769007926,0.901669845750714,1.6337473699843328,True,positive,low_under_50,0.0,0.48145763115007867,1.2036440778751967,1.4814105209729935
2024,2026,5,2,3,0.4,2;3;4,0.7730933606618178,0.6100341162389749,1.3831274769007926,0.6100341162389749,1.6337473699843328,True,positive,low_under_50,0.0,0.7730933606618178,1.9327334016545445,1.7730462504847324
2024,2026,5,3,2,0.6,0;1,0.6100341162389749,0.7730933606618178,1.3831274769007926,0.7730933606618178,1.3339491416918725,True,positive,moderate_50_to_80,0.0,0.6100341162389749,1.016723527064958,1.276669376120918
2024,2026,5,3,2,0.6,0;2,0.901669845750714,0.48145763115007867,1.3831274769007926,0.48145763115007867,1.3339491416918725,True,positive,moderate_50_to_80,0.0,0.901669845750714,1.50278307625119,1.5683051056326571
2024,2026,5,3,2,0.6,0;3,-0.1406011565882141,1.5237286334890068,1.3831274769007926,1.5237286334890068,1.3339491416918725,True,positive,moderate_50_to_80,0.0,-0.1406011565882141,-0.23433526098035684,0.526034103293729
2024,2026,5,3,2,0.6,0;4,0.34552743133427033,1.0376000455665224,1.3831274769007926,1.0376000455665224,1.3339491416918725,True,positive,moderate_50_to_80,0.0,0.34552743133427033,0.5758790522237839,1.0121626912162136
2024,2026,5,3,2,0.6,1;2,1.7504112810666514,-0.3672838041658588,1.3831274769007926,0.3672838041658588,1.3339491416918725,True,negative,moderate_50_to_80,0.0,1.7504112810666514,2.9173521351110856,2.4170465409485944
2024,2026,5,3,2,0.6,1;3,0.7081402787277233,0.6749871981730693,1.3831274769007926,0.6749871981730693,1.3339491416918725,True,positive,moderate_50_to_80,0.0,0.7081402787277233,1.180233797879539,1.3747755386096665
2024,2026,5,3,2,0.6,1;4,1.1942688666502077,0.18885861025058487,1.3831274769007926,0.18885861025058487,1.3339491416918725,True,positive,moderate_50_to_80,0.0,1.1942688666502077,1.9904481110836796,1.8609041265321509
2024,2026,5,3,2,0.6,2;3,0.9997760082394624,0.3833514686613302,1.3831274769007926,0.3833514686613302,1.3339491416918725,True,positive,moderate_50_to_80,0.0,0.9997760082394624,1.6662933470657706,1.6664112681214056
2024,2026,5,3,2,0.6,2;4,1.485904596161947,-0.10277711926115424,1.3831274769007926,0.10277711926115424,1.3339491416918725,True,negative,moderate_50_to_80,0.0,1.485904596161947,2.476507660269912,2.15253985604389
2024,2026,5,3,2,0.6,3;4,0.4436335938230188,0.9394938830777739,1.3831274769007926,0.9394938830777739,1.3339491416918725,True,positive,moderate_50_to_80,0.0,0.4436335938230188,0.7393893230383647,1.1102688537049619
2024,2026,5,4,1,0.8,0,0.5722100789119151,0.8109173979888776,1.3831274769007926,0.8109173979888776,0.9432444838482977,True,positive,high_80_plus,0.0,0.5722100789119151,0.7152625986398939,0.9055277088528867
2024,2026,5,4,1,0.8,1,1.4209515142278526,-0.037824037327059856,1.3831274769007926,0.037824037327059856,0.9432444838482977,True,negative,high_80_plus,0.0,1.4209515142278526,1.7761893927848158,1.7542691441688243
2024,2026,5,4,1,0.8,2,1.7125872437395917,-0.32945976683879896,1.3831274769007926,0.32945976683879896,0.9432444838482977,True,negative,high_80_plus,0.0,1.7125872437395917,2.1407340546744895,2.045904873680563
2024,2026,5,4,1,0.8,3,0.6703162414006636,0.7128112355001291,1.3831274769007926,0.7128112355001291,0.9432444838482977,True,positive,high_80_plus,0.0,0.6703162414006636,0.8378953017508295,1.003633871341635
2024,2026,5,4,1,0.8,4,1.156444829323148,0.22668264757764472,1.3831274769007926,0.22668264757764472,0.9432444838482977,True,positive,high_80_plus,0.0,1.156444829323148,1.4455560366539348,1.4897624592641194
2024,2032,2,1,1,0.5,0,0.5962223007807,0.7308785772959335,1.3271008780766336,0.7308785772959335,0.9432444838482977,True,positive,moderate_50_to_80,0.0,0.5962223007807,1.1924446015614,0.9295399307216716
2024,2032,2,1,1,0.5,1,0.7308785772959335,0.5962223007807,1.3271008780766336,0.5962223007807,0.9432444838482977,True,positive,moderate_50_to_80,0.0,0.7308785772959335,1.461757154591867,1.0641962072369051
2024,21,4,1,3,0.25,0;1;2,1.8143195524745581,0.5679141061727306,2.3822336586472885,0.5679141061727306,1.6337473699843328,True,positive,low_under_50,0.0,1.8143195524745581,7.2572782098982325,2.8142724422974728
2024,21,4,1,3,0.25,0;1;3,-0.026994455803849553,2.409228114451138,2.3822336586472885,2.409228114451138,1.6337473699843328,True,positive,low_under_50,0.0,-0.026994455803849553,-0.10797782321539821,0.9729584340190652
2024,21,4,1,3,0.25,0;2;3,0.6769258788151792,1.7053077798321095,2.3822336586472885,1.7053077798321095,1.6337473699843328,True,positive,low_under_50,0.0,0.6769258788151792,2.7077035152607167,1.676878768638094
2024,21,4,1,3,0.25,1;2;3,-0.08201731683859903,2.464250975485888,2.3822336586472885,2.464250975485888,1.6337473699843328,True,positive,low_under_50,0.0,-0.08201731683859903,-0.3280692673543961,0.9179355729843157
2024,21,4,2,2,0.5,0;1,1.7873250966707086,0.5949085619765802,2.3822336586472885,0.5949085619765802,1.3339491416918725,True,positive,moderate_50_to_80,0.0,1.7873250966707086,3.574650193341417,2.4539603565526518
2024,21,4,2,2,0.5,0;2,2.4912454312897374,-0.10901177264244859,2.3822336586472885,0.10901177264244859,1.3339491416918725,True,negative,moderate_50_to_80,0.0,2.4912454312897374,4.982490862579475,3.1578806911716804
2024,21,4,2,2,0.5,0;3,0.6499314230113297,1.732302235635959,2.3822336586472885,1.732302235635959,1.3339491416918725,True,positive,moderate_50_to_80,0.0,0.6499314230113297,1.2998628460226593,1.316566682893273
2024,21,4,2,2,0.5,1;2,1.732302235635959,0.6499314230113297,2.3822336586472885,0.6499314230113297,1.3339491416918725,True,positive,moderate_50_to_80,0.0,1.732302235635959,3.464604471271918,2.3989374955179024
2024,21,4,2,2,0.5,1;3,-0.10901177264244859,2.4912454312897374,2.3822336586472885,2.4912454312897374,1.3339491416918725,True,positive,moderate_50_to_80,0.0,-0.10901177264244859,-0.21802354528489717,0.5576234872394946
2024,21,4,2,2,0.5,2;3,0.5949085619765802,1.7873250966707086,2.3822336586472885,1.7873250966707086,1.3339491416918725,True,positive,moderate_50_to_80,0.0,0.5949085619765802,1.1898171239531603,1.2615438218585233
2024,21,4,3,1,0.75,0,2.464250975485888,-0.08201731683859903,2.3822336586472885,0.08201731683859903,0.9432444838482977,True,negative,moderate_50_to_80,0.0,2.464250975485888,3.285667967314517,2.7975686054268594
2024,21,4,3,1,0.75,1,1.7053077798321095,0.6769258788151792,2.3822336586472885,0.6769258788151792,0.9432444838482977,True,positive,moderate_50_to_80,0.0,1.7053077798321095,2.2737437064428128,2.038625409773081
2024,21,4,3,1,0.75,2,2.409228114451138,-0.026994455803849553,2.3822336586472885,0.026994455803849553,0.9432444838482977,True,negative,moderate_50_to_80,0.0,2.409228114451138,3.2123041526015172,2.7425457443921095
2024,21,4,3,1,0.75,3,0.5679141061727306,1.8143195524745581,2.3822336586472885,1.8143195524745581,0.9432444838482977,True,positive,moderate_50_to_80,0.0,0.5679141061727306,0.7572188082303075,0.9012317361137022
2024,213,2,1,1,0.5,0,0.8794779513758425,-0.2350699137154242,0.6444080376604183,0.2350699137154242,0.9432444838482977,True,negative,moderate_50_to_80,0.0,0.8794779513758425,1.758955902751685,1.212795581316814
2024,213,2,1,1,0.5,1,-0.2350699137154242,0.8794779513758425,0.6444080376604183,0.8794779513758425,0.9432444838482977,True,positive,moderate_50_to_80,0.0,-0.2350699137154242,-0.4701398274308484,0.09824771622554737
2024,218,6,1,5,0.16666666666666666,0;1;2;3;4,-0.7465706593690025,0.06680022128538816,-0.6797704380836143,0.06680022128538816,2.109158785286496,True,positive,low_under_50,0.0,-0.7465706593690025,-4.479423956214015,0.9200174903358553
2024,218,6,1,5,0.16666666666666666,0;1;2;3;5,0.08034630975611508,-0.7601167478397294,-0.6797704380836143,0.7601167478397294,2.109158785286496,True,negative,low_under_50,0.0,0.08034630975611508,0.4820778585366905,1.7469344594609728
2024,218,6,1,5,0.16666666666666666,0;1;2;4;5,-0.26248910025875927,-0.41728133782485505,-0.6797704380836143,0.41728133782485505,2.109158785286496,True,negative,low_under_50,0.0,-0.26248910025875927,-1.5749346015525556,1.4040990494460985
2024,218,6,1,5,0.16666666666666666,0;1;3;4;5,-0.49082028654221344,-0.18895015154140088,-0.6797704380836143,0.18895015154140088,2.109158785286496,True,negative,low_under_50,0.0,-0.49082028654221344,-2.944921719253281,1.1757678631626445
2024,218,6,1,5,0.16666666666666666,0;2;3;4;5,-0.7465706593690025,0.06680022128538816,-0.6797704380836143,0.06680022128538816,2.109158785286496,True,positive,low_under_50,0.0,-0.7465706593690025,-4.479423956214015,0.9200174903358553
2024,218,6,1,5,0.16666666666666666,1;2;3;4;5,1.4863339576992483,-2.1661043957828627,-0.6797704380836143,2.1661043957828627,2.109158785286496,False,negative,low_under_50,0.0,1.4863339576992483,8.91800374619549,3.1529221074041063
2024,218,6,2,4,0.3333333333333333,0;1;2;3,-0.6662243496128873,-0.013546088470726914,-0.6797704380836143,0.013546088470726914,1.8864889676965955,True,negative,low_under_50,0.0,-0.6662243496128873,-1.9986730488386621,0.667046170150999
2024,218,6,2,4,0.3333333333333333,0;1;2;4,-1.0090597596277617,0.3292893215441474,-0.6797704380836143,0.3292893215441474,1.8864889676965955,True,positive,low_under_50,0.0,-1.0090597596277617,-3.027179278883285,0.3242107601361246
2024,218,6,2,4,0.3333333333333333,0;1;2;5,-0.1821427905026442,-0.4976276475809701,-0.6797704380836143,0.4976276475809701,1.8864889676965955,True,negative,low_under_50,0.0,-0.1821427905026442,-0.5464283715079326,1.151127729261242
2024,218,6,2,4,0.3333333333333333,0;1;3;4,-1.237390945911216,0.5576205078276016,-0.6797704380836143,0.5576205078276016,1.8864889676965955,True,positive,low_under_50,0.0,-1.237390945911216,-3.712172837733648,0.09587957385267032
2024,218,6,2,4,0.3333333333333333,0;1;3;5,-0.41047397678609837,-0.26929646129751594,-0.6797704380836143,0.26929646129751594,1.8864889676965955,True,negative,low_under_50,0.0,-0.41047397678609837,-1.2314219303582952,0.922796542977788
2024,218,6,2,4,0.3333333333333333,0;1;4;5,-0.7533093868009727,0.0735389487173584,-0.6797704380836143,0.0735389487173584,1.8864889676965955,True,positive,low_under_50,0.0,-0.7533093868009727,-2.259928160402918,0.5799611329629136
2024,218,6,2,4,0.3333333333333333,0;2;3;4,-1.493141318738005,0.8133708806543907,-0.6797704380836143,0.8133708806543907,1.8864889676965955,True,positive,low_under_50,0.0,-1.493141318738005,-4.479423956214015,-0.1598707989741186
2024,218,6,2,4,0.3333333333333333,0;2;3;5,-0.6662243496128873,-0.013546088470726914,-0.6797704380836143,0.013546088470726914,1.8864889676965955,True,negative,low_under_50,0.0,-0.6662243496128873,-1.9986730488386621,0.667046170150999
2024,218,6,2,4,0.3333333333333333,0;2;4;5,-1.0090597596277617,0.3292893215441474,-0.6797704380836143,0.3292893215441474,1.8864889676965955,True,positive,low_under_50,0.0,-1.0090597596277617,-3.027179278883285,0.3242107601361246
2024,218,6,2,4,0.3333333333333333,0;3;4;5,-1.237390945911216,0.5576205078276016,-0.6797704380836143,0.5576205078276016,1.8864889676965955,True,positive,low_under_50,0.0,-1.237390945911216,-3.712172837733648,0.09587957385267032
2024,218,6,2,4,0.3333333333333333,1;2;3;4,0.7397632983302458,-1.41953373641386,-0.6797704380836143,1.41953373641386,1.8864889676965955,True,negative,low_under_50,0.0,0.7397632983302458,2.2192898949907374,2.073033818094132
2024,218,6,2,4,0.3333333333333333,1;2;3;5,1.5666802674553633,-2.2464507055389777,-0.6797704380836143,2.2464507055389777,1.8864889676965955,False,negative,low_under_50,0.0,1.5666802674553633,4.70004080236609,2.8999507872192494
2024,218,6,2,4,0.3333333333333333,1;2;4;5,1.223844857440489,-1.9036152955241032,-0.6797704380836143,1.9036152955241032,1.8864889676965955,False,negative,low_under_50,0.0,1.223844857440489,3.671534572321467,2.5571153772043753
2024,218,6,2,4,0.3333333333333333,1;3;4;5,0.9955136711570348,-1.6752841092406492,-0.6797704380836143,1.6752841092406492,1.8864889676965955,True,negative,low_under_50,0.0,0.9955136711570348,2.9865410134711046,2.328784190920921
2024,218,6,2,4,0.3333333333333333,2;3;4;5,0.7397632983302458,-1.41953373641386,-0.6797704380836143,1.41953373641386,1.8864889676965955,True,negative,low_under_50,0.0,0.7397632983302458,2.2192898949907374,2.073033818094132
2024,218,6,3,3,0.5,0;1;2,-0.9287134498716466,0.24894301178803235,-0.6797704380836143,0.24894301178803235,1.6337473699843328,True,positive,moderate_50_to_80,0.0,-0.9287134498716466,-1.8574268997432932,0.07123943995126814
2024,218,6,3,3,0.5,0;1;3,-1.1570446361551008,0.4772741980714865,-0.6797704380836143,0.4772741980714865,1.6337473699843328,True,positive,moderate_50_to_80,0.0,-1.1570446361551008,-2.3140892723102016,-0.15709174633218603
2024,218,6,3,3,0.5,0;1;4,-1.499880046169975,0.8201096080863609,-0.6797704380836143,0.8201096080863609,1.6337473699843328,True,positive,moderate_50_to_80,0.0,-1.499880046169975,-2.9997600923399497,-0.4999271563470603
2024,218,6,3,3,0.5,0;1;5,-0.6729630770448576,-0.006807361038756676,-0.6797704380836143,0.006807361038756676,1.6337473699843328,True,negative,moderate_50_to_80,0.0,-0.6729630770448576,-1.345926154089715,0.32698981277805717
2024,218,6,3,3,0.5,0;2;3,-1.41279500898189,0.7330245708982756,-0.6797704380836143,0.7330245708982756,1.6337473699843328,True,positive,moderate_50_to_80,0.0,-1.41279500898189,-2.82559001796378,-0.4128421191589752
2024,218,6,3,3,0.5,0;2;4,-1.7556304189967642,1.07585998091315,-0.6797704380836143,1.07585998091315,1.6337473699843328,True,positive,moderate_50_to_80,0.0,-1.7556304189967642,-3.5112608379935284,-0.7556775291738494
2024,218,6,3,3,0.5,0;2;5,-0.9287134498716466,0.24894301178803235,-0.6797704380836143,0.24894301178803235,1.6337473699843328,True,positive,moderate_50_to_80,0.0,-0.9287134498716466,-1.8574268997432932,0.07123943995126814
2024,218,6,3,3,0.5,0;3;4,-1.9839616052802183,1.304191167196604,-0.6797704380836143,1.304191167196604,1.6337473699843328,True,positive,moderate_50_to_80,0.0,-1.9839616052802183,-3.967923210560437,-0.9840087154573035
2024,218,6,3,3,0.5,0;3;5,-1.1570446361551008,0.4772741980714865,-0.6797704380836143,0.4772741980714865,1.6337473699843328,True,positive,moderate_50_to_80,0.0,-1.1570446361551008,-2.3140892723102016,-0.15709174633218603
2024,218,6,3,3,0.5,0;4;5,-1.499880046169975,0.8201096080863609,-0.6797704380836143,0.8201096080863609,1.6337473699843328,True,positive,moderate_50_to_80,0.0,-1.499880046169975,-2.9997600923399497,-0.4999271563470603
2024,218,6,3,3,0.5,1;2;3,0.8201096080863609,-1.499880046169975,-0.6797704380836143,1.499880046169975,1.6337473699843328,True,negative,moderate_50_to_80,0.0,0.8201096080863609,1.6402192161727218,1.8200624979092757
2024,218,6,3,3,0.5,1;2;4,0.4772741980714865,-1.1570446361551008,-0.6797704380836143,1.1570446361551008,1.6337473699843328,True,negative,moderate_50_to_80,0.0,0.4772741980714865,0.954548396142973,1.4772270878944012
2024,218,6,3,3,0.5,1;2;5,1.304191167196604,-1.9839616052802183,-0.6797704380836143,1.9839616052802183,1.6337473699843328,False,negative,moderate_50_to_80,0.0,1.304191167196604,2.608382334393208,2.304144057019519
2024,218,6,3,3,0.5,1;3;4,0.24894301178803235,-0.9287134498716466,-0.6797704380836143,0.9287134498716466,1.6337473699843328,True,negative,moderate_50_to_80,0.0,0.24894301178803235,0.4978860235760647,1.248895901610947
2024,218,6,3,3,0.5,1;3;5,1.07585998091315,-1.7556304189967642,-0.6797704380836143,1.7556304189967642,1.6337473699843328,False,negative,moderate_50_to_80,0.0,1.07585998091315,2.1517199618263,2.0758128707360646
2024,218,6,3,3,0.5,1;4;5,0.7330245708982756,-1.41279500898189,-0.6797704380836143,1.41279500898189,1.6337473699843328,True,negative,moderate_50_to_80,0.0,0.7330245708982756,1.466049141796551,1.7329774607211903
2024,218,6,3,3,0.5,2;3;4,-0.006807361038756676,-0.6729630770448576,-0.6797704380836143,0.6729630770448576,1.6337473699843328,True,negative,moderate_50_to_80,0.0,-0.006807361038756676,-0.013614722077513353,0.9931455287841581
2024,218,6,3,3,0.5,2;3;5,0.8201096080863609,-1.499880046169975,-0.6797704380836143,1.499880046169975,1.6337473699843328,True,negative,moderate_50_to_80,0.0,0.8201096080863609,1.6402192161727218,1.8200624979092757
2024,218,6,3,3,0.5,2;4;5,0.4772741980714865,-1.1570446361551008,-0.6797704380836143,1.1570446361551008,1.6337473699843328,True,negative,moderate_50_to_80,0.0,0.4772741980714865,0.954548396142973,1.4772270878944012
2024,218,6,3,3,0.5,3;4;5,0.24894301178803235,-0.9287134498716466,-0.6797704380836143,0.9287134498716466,1.6337473699843328,True,negative,moderate_50_to_80,0.0,0.24894301178803235,0.4978860235760647,1.248895901610947
2024,218,6,4,2,0.6666666666666666,0;1,-1.41953373641386,0.7397632983302458,-0.6797704380836143,0.7397632983302458,1.3339491416918725,True,positive,moderate_50_to_80,0.0,-1.41953373641386,-2.12930060462079,-0.7528984765319169
2024,218,6,4,2,0.6666666666666666,0;2,-1.6752841092406492,0.9955136711570348,-0.6797704380836143,0.9955136711570348,1.3339491416918725,True,positive,moderate_50_to_80,0.0,-1.6752841092406492,-2.512926163860974,-1.008648849358706
2024,218,6,4,2,0.6666666666666666,0;3,-1.9036152955241032,1.223844857440489,-0.6797704380836143,1.223844857440489,1.3339491416918725,True,positive,moderate_50_to_80,0.0,-1.9036152955241032,-2.855422943286155,-1.23698003564216
2024,218,6,4,2,0.6666666666666666,0;4,-2.2464507055389777,1.5666802674553633,-0.6797704380836143,1.5666802674553633,1.3339491416918725,True,positive,moderate_50_to_80,0.0,-2.2464507055389777,-3.3696760583084666,-1.5798154456570346
2024,218,6,4,2,0.6666666666666666,0;5,-1.41953373641386,0.7397632983302458,-0.6797704380836143,0.7397632983302458,1.3339491416918725,True,positive,moderate_50_to_80,0.0,-1.41953373641386,-2.12930060462079,-0.7528984765319169
2024,218,6,4,2,0.6666666666666666,1;2,0.5576205078276016,-1.237390945911216,-0.6797704380836143,1.237390945911216,1.3339491416918725,True,negative,moderate_50_to_80,0.0,0.5576205078276016,0.8364307617414024,1.2242557677095447
2024,218,6,4,2,0.6666666666666666,1;3,0.3292893215441474,-1.0090597596277617,-0.6797704380836143,1.0090597596277617,1.3339491416918725,True,negative,moderate_50_to_80,0.0,0.3292893215441474,0.4939339823162211,0.9959245814260906
2024,218,6,4,2,0.6666666666666666,1;4,-0.013546088470726914,-0.6662243496128873,-0.6797704380836143,0.6662243496128873,1.3339491416918725,True,negative,moderate_50_to_80,0.0,-0.013546088470726914,-0.02031913270609037,0.6530891714112163
2024,218,6,4,2,0.6666666666666666,1;5,0.8133708806543907,-1.493141318738005,-0.6797704380836143,1.493141318738005,1.3339491416918725,True,negative,moderate_50_to_80,0.0,0.8133708806543907,1.220056320981586,1.4800061405363338
2024,218,6,4,2,0.6666666666666666,2;3,0.0735389487173584,-0.7533093868009727,-0.6797704380836143,0.7533093868009727,1.3339491416918725,True,negative,moderate_50_to_80,0.0,0.0735389487173584,0.11030842307603761,0.7401742085993016
2024,218,6,4,2,0.6666666666666666,2;4,-0.26929646129751594,-0.41047397678609837,-0.6797704380836143,0.41047397678609837,1.3339491416918725,True,negative,moderate_50_to_80,0.0,-0.26929646129751594,-0.4039446919462739,0.3973387985844272
2024,218,6,4,2,0.6666666666666666,2;5,0.5576205078276016,-1.237390945911216,-0.6797704380836143,1.237390945911216,1.3339491416918725,True,negative,moderate_50_to_80,0.0,0.5576205078276016,0.8364307617414024,1.2242557677095447
2024,218,6,4,2,0.6666666666666666,3;4,-0.4976276475809701,-0.1821427905026442,-0.6797704380836143,0.1821427905026442,1.3339491416918725,True,negative,moderate_50_to_80,0.0,-0.4976276475809701,-0.7464414713714551,0.16900761230097305
2024,218,6,4,2,0.6666666666666666,3;5,0.3292893215441474,-1.0090597596277617,-0.6797704380836143,1.0090597596277617,1.3339491416918725,True,negative,moderate_50_to_80,0.0,0.3292893215441474,0.4939339823162211,0.9959245814260906
2024,218,6,4,2,0.6666666666666666,4;5,-0.013546088470726914,-0.6662243496128873,-0.6797704380836143,0.6662243496128873,1.3339491416918725,True,negative,moderate_50_to_80,0.0,-0.013546088470726914,-0.02031913270609037,0.6530891714112163
2024,218,6,5,1,0.8333333333333334,0,-2.1661043957828627,1.4863339576992483,-0.6797704380836143,1.4863339576992483,0.9432444838482977,True,positive,high_80_plus,0.0,-2.1661043957828627,-2.599325274939435,-1.8327867658418913
2024,218,6,5,1,0.8333333333333334,1,0.06680022128538816,-0.7465706593690025,-0.6797704380836143,0.7465706593690025,0.9432444838482977,True,negative,high_80_plus,0.0,0.06680022128538816,0.0801602655424658,0.40011785122635973
2024,218,6,5,1,0.8333333333333334,2,-0.18895015154140088,-0.49082028654221344,-0.6797704380836143,0.49082028654221344,0.9432444838482977,True,negative,high_80_plus,0.0,-0.18895015154140088,-0.22674018184968103,0.1443674783995707
2024,218,6,5,1,0.8333333333333334,3,-0.41728133782485505,-0.26248910025875927,-0.6797704380836143,0.26248910025875927,0.9432444838482977,True,negative,high_80_plus,0.0,-0.41728133782485505,-0.500737605389826,-0.08396370788388346
2024,218,6,5,1,0.8333333333333334,4,-0.7601167478397294,0.08034630975611508,-0.6797704380836143,0.08034630975611508,0.9432444838482977,True,positive,high_80_plus,0.0,-0.7601167478397294,-0.9121400974076753,-0.4267991178987578
2024,218,6,5,1,0.8333333333333334,5,0.06680022128538816,-0.7465706593690025,-0.6797704380836143,0.7465706593690025,0.9432444838482977,True,negative,high_80_plus,0.0,0.06680022128538816,0.0801602655424658,0.40011785122635973
2024,221,3,1,2,0.3333333333333333,0;1,-0.14946578331859947,-0.896036442687602,-1.0455022260062015,0.896036442687602,1.3339491416918725,True,negative,low_under_50,0.0,-0.14946578331859947,-0.4483973499557984,0.5171694765633437
2024,221,3,1,2,0.3333333333333333,0;2,-0.7465706593690025,-0.29893156663719894,-1.0455022260062015,0.29893156663719894,1.3339491416918725,True,negative,low_under_50,0.0,-0.7465706593690025,-2.2397119781070076,-0.0799353994870593
2024,221,3,1,2,0.3333333333333333,1;2,-0.14946578331859947,-0.896036442687602,-1.0455022260062015,0.896036442687602,1.3339491416918725,True,negative,low_under_50,0.0,-0.14946578331859947,-0.4483973499557984,0.5171694765633437
2024,221,3,2,1,0.6666666666666666,0,-0.896036442687602,-0.14946578331859947,-1.0455022260062015,0.14946578331859947,0.9432444838482977,True,negative,moderate_50_to_80,0.0,-0.896036442687602,-1.344054664031403,-0.5627188127466304
2024,221,3,2,1,0.6666666666666666,1,-0.29893156663719894,-0.7465706593690025,-1.0455022260062015,0.7465706593690025,0.9432444838482977,True,negative,moderate_50_to_80,0.0,-0.29893156663719894,-0.4483973499557984,0.03438606330377264
2024,221,3,2,1,0.6666666666666666,2,-0.896036442687602,-0.14946578331859947,-1.0455022260062015,0.14946578331859947,0.9432444838482977,True,negative,moderate_50_to_80,0.0,-0.896036442687602,-1.344054664031403,-0.5627188127466304
2024,2226,2,1,1,0.5,0,-0.24337783654201342,2.150887300229652,1.9075094636876384,2.150887300229652,0.9432444838482977,False,positive,moderate_50_to_80,0.0,-0.24337783654201342,-0.48675567308402684,0.08993979339895816
2024,2226,2,1,1,0.5,1,2.150887300229652,-0.24337783654201342,1.9075094636876384,0.24337783654201342,0.9432444838482977,True,negative,moderate_50_to_80,0.0,2.150887300229652,4.301774600459304,2.4842049301706233
2024,2348,3,1,2,0.3333333333333333,0;1,0.37528202165755364,-0.6973096595079772,-0.3220276378504235,0.6973096595079772,1.3339491416918725,True,negative,low_under_50,0.0,0.37528202165755364,1.125846064972661,1.0419172815394968
2024,2348,3,1,2,0.3333333333333333,0;2,-0.7465706593690025,0.424543021518579,-0.3220276378504235,0.424543021518579,1.3339491416918725,True,positive,low_under_50,0.0,-0.7465706593690025,-2.2397119781070076,-0.0799353994870593
2024,2348,3,1,2,0.3333333333333333,1;2,0.04926099986102531,-0.3712886377114488,-0.3220276378504235,0.3712886377114488,1.3339491416918725,True,negative,low_under_50,0.0,0.04926099986102531,0.14778299958307595,0.7158962597429684
2024,2348,3,2,1,0.6666666666666666,0,-0.3712886377114488,0.04926099986102531,-0.3220276378504235,0.04926099986102531,0.9432444838482977,True,positive,moderate_50_to_80,0.0,-0.3712886377114488,-0.5569329565671732,-0.03797100777047724
2024,2348,3,2,1,0.6666666666666666,1,0.424543021518579,-0.7465706593690025,-0.3220276378504235,0.7465706593690025,0.9432444838482977,True,negative,moderate_50_to_80,0.0,0.424543021518579,0.6368145322778684,0.7578606514595505
2024,2348,3,2,1,0.6666666666666666,2,-0.6973096595079772,0.37528202165755364,-0.3220276378504235,0.37528202165755364,0.9432444838482977,True,positive,moderate_50_to_80,0.0,-0.6973096595079772,-1.0459644892619657,-0.3639920295670056
2024,239,3,1,2,0.3333333333333333,0;1,0.4102308073343994,1.9461875107061972,2.3564183180405966,1.9461875107061972,1.3339491416918725,True,positive,low_under_50,0.0,0.4102308073343994,1.2306924220031983,1.0768660672163426
2024,239,3,1,2,0.3333333333333333,0;2,1.4346172589009865,0.9218010591396102,2.3564183180405966,0.9218010591396102,1.3339491416918725,True,positive,low_under_50,0.0,1.4346172589009865,4.30385177670296,2.1012525187829296
2024,239,3,1,2,0.3333333333333333,1;2,0.5115702518052108,1.8448480662353859,2.3564183180405966,1.8448480662353859,1.3339491416918725,True,positive,low_under_50,0.0,0.5115702518052108,1.5347107554156323,1.178205511687154
2024,239,3,2,1,0.6666666666666666,0,1.8448480662353859,0.5115702518052108,2.3564183180405966,0.5115702518052108,0.9432444838482977,True,positive,moderate_50_to_80,0.0,1.8448480662353859,2.767272099353079,2.1781656961763574
2024,239,3,2,1,0.6666666666666666,1,0.9218010591396102,1.4346172589009865,2.3564183180405966,1.4346172589009865,0.9432444838482977,True,positive,moderate_50_to_80,0.0,0.9218010591396102,1.3827015887094154,1.2551186890805819
2024,239,3,2,1,0.6666666666666666,2,1.9461875107061972,0.4102308073343994,2.3564183180405966,0.4102308073343994,0.9432444838482977,True,positive,moderate_50_to_80,0.0,1.9461875107061972,2.9192812660592957,2.279505140647169
2024,2390,3,1,2,0.3333333333333333,0;1,-0.1011285805553448,3.950651939741709,3.8495233591863647,3.950651939741709,1.3339491416918725,False,positive,low_under_50,0.0,-0.1011285805553448,-0.3033857416660344,0.5655066793265984
2024,2390,3,1,2,0.3333333333333333,0;2,1.8755210288186472,1.9740023303677172,3.8495233591863647,1.9740023303677172,1.3339491416918725,True,positive,low_under_50,0.0,1.8755210288186472,5.626563086455942,2.5421562887005904
2024,2390,3,1,2,0.3333333333333333,1;2,2.075130910923062,1.7743924482633024,3.8495233591863647,1.7743924482633024,1.3339491416918725,True,positive,low_under_50,0.0,2.075130910923062,6.225392732769186,2.741766170805005
2024,2390,3,2,1,0.6666666666666666,0,1.7743924482633024,2.075130910923062,3.8495233591863647,2.075130910923062,0.9432444838482977,False,positive,moderate_50_to_80,0.0,1.7743924482633024,2.6615886723949536,2.107710078204274
2024,2390,3,2,1,0.6666666666666666,1,1.9740023303677172,1.8755210288186472,3.8495233591863647,1.8755210288186472,0.9432444838482977,True,positive,moderate_50_to_80,0.0,1.9740023303677172,2.9610034955515756,2.3073199603086887
2024,2390,3,2,1,0.6666666666666666,2,3.950651939741709,-0.1011285805553448,3.8495233591863647,0.1011285805553448,0.9432444838482977,True,negative,moderate_50_to_80,0.0,3.950651939741709,5.9259779096125635,4.2839695696826805
2024,2393,3,1,2,0.3333333333333333,0;1,-0.5852101396655881,0.3729965170224998,-0.2122136226430883,0.3729965170224998,1.3339491416918725,True,positive,low_under_50,0.0,-0.5852101396655881,-1.7556304189967644,0.08142512021635506
2024,2393,3,1,2,0.3333333333333333,0;2,-0.37190313526401875,0.15968951262093045,-0.2122136226430883,0.15968951262093045,1.3339491416918725,True,positive,low_under_50,0.0,-0.37190313526401875,-1.1157094057920562,0.2947321246179244
2024,2393,3,1,2,0.3333333333333333,1;2,0.7448996522865186,-0.9571132749296068,-0.2122136226430883,0.9571132749296068,1.3339491416918725,True,negative,low_under_50,0.0,0.7448996522865186,2.234698956859556,1.4115349121684617
2024,2393,3,2,1,0.6666666666666666,0,-0.9571132749296068,0.7448996522865186,-0.2122136226430883,0.7448996522865186,0.9432444838482977,True,positive,moderate_50_to_80,0.0,-0.9571132749296068,-1.4356699123944103,-0.6237956449886353
2024,2393,3,2,1,0.6666666666666666,1,0.15968951262093045,-0.37190313526401875,-0.2122136226430883,0.37190313526401875,0.9432444838482977,True,negative,moderate_50_to_80,0.0,0.15968951262093045,0.23953426893139568,0.49300714256190203
2024,2393,3,2,1,0.6666666666666666,2,0.3729965170224998,-0.5852101396655881,-0.2122136226430883,0.5852101396655881,0.9432444838482977,True,negative,moderate_50_to_80,0.0,0.3729965170224998,0.5594947755337497,0.7063141469634714
2024,2439,7,1,6,0.14285714285714285,0;1;2;3;4;5,-0.32945976683879896,-2.361988970423637,-2.6914487372624363,2.361988970423637,2.310467688123218,False,negative,low_under_50,0.0,-0.32945976683879896,-2.3062183678715926,1.6704460128070306
2024,2439,7,1,6,0.14285714285714285,0;1;2;3;4;6,-0.07370939401200986,-2.6177393432504266,-2.6914487372624363,2.6177393432504266,2.310467688123218,False,negative,low_under_50,0.0,-0.07370939401200986,-0.5159657580840691,1.9261963856338196
2024,2439,7,1,6,0.14285714285714285,0;1;2;3;5;6,-0.7465706593690025,-1.9448780778934338,-2.6914487372624363,1.9448780778934338,2.310467688123218,False,negative,low_under_50,0.0,-0.7465706593690025,-5.2259946155830175,1.253335120276827
2024,2439,7,1,6,0.14285714285714285,0;1;2;4;5;6,0.37528202165755364,-3.0667307589199897,-2.6914487372624363,3.0667307589199897,2.310467688123218,False,negative,low_under_50,0.0,0.37528202165755364,2.6269741516028757,2.375187801303383
2024,2439,7,1,6,0.14285714285714285,0;1;3;4;5;6,-0.7465706593690025,-1.9448780778934338,-2.6914487372624363,1.9448780778934338,2.310467688123218,False,negative,low_under_50,0.0,-0.7465706593690025,-5.2259946155830175,1.253335120276827
2024,2439,7,1,6,0.14285714285714285,0;2;3;4;5;6,-0.7465706593690025,-1.9448780778934338,-2.6914487372624363,1.9448780778934338,2.310467688123218,False,negative,low_under_50,0.0,-0.7465706593690025,-5.2259946155830175,1.253335120276827
2024,2439,7,1,6,0.14285714285714285,1;2;3;4;5;6,-0.42384961996217363,-2.2675991173002625,-2.6914487372624363,2.2675991173002625,2.310467688123218,False,negative,low_under_50,0.0,-0.42384961996217363,-2.9669473397352153,1.576056159683656
2024,2439,7,2,5,0.2857142857142857,0;1;2;3;4,-0.40316916085080884,-2.2882795764116275,-2.6914487372624363,2.2882795764116275,2.109158785286496,False,negative,low_under_50,0.0,-0.40316916085080884,-1.411092062977831,1.263418988854049
2024,2439,7,2,5,0.2857142857142857,0;1;2;3;5,-1.0760304262078013,-1.6154183110546347,-2.6914487372624363,1.6154183110546347,2.109158785286496,True,negative,low_under_50,0.0,-1.0760304262078013,-3.766106491727305,0.5905577234970565
2024,2439,7,2,5,0.2857142857142857,0;1;2;3;6,-0.8202800533810123,-1.8711686838814239,-2.6914487372624363,1.8711686838814239,2.109158785286496,False,negative,low_under_50,0.0,-0.8202800533810123,-2.870980186833543,0.8463080963238455
2024,2439,7,2,5,0.2857142857142857,0;1;2;4;5,0.04582225481875468,-2.737270992081191,-2.6914487372624363,2.737270992081191,2.109158785286496,False,negative,low_under_50,0.0,0.04582225481875468,0.1603778918656414,1.7124104045236126
2024,2439,7,2,5,0.2857142857142857,0;1;2;4;6,0.30157262764554377,-2.99302136490798,-2.6914487372624363,2.99302136490798,2.109158785286496,False,negative,low_under_50,0.0,0.30157262764554377,1.0555041967594032,1.9681607773504015
2024,2439,7,2,5,0.2857142857142857,0;1;2;5;6,-0.3712886377114488,-2.3201600995509875,-2.6914487372624363,2.3201600995509875,2.109158785286496,False,negative,low_under_50,0.0,-0.3712886377114488,-1.2995102319900709,1.295299511993409
2024,2439,7,2,5,0.2857142857142857,0;1;3;4;5,-1.0760304262078013,-1.6154183110546347,-2.6914487372624363,1.6154183110546347,2.109158785286496,True,negative,low_under_50,0.0,-1.0760304262078013,-3.766106491727305,0.5905577234970565
2024,2439,7,2,5,0.2857142857142857,0;1;3;4;6,-0.8202800533810123,-1.8711686838814239,-2.6914487372624363,1.8711686838814239,2.109158785286496,False,negative,low_under_50,0.0,-0.8202800533810123,-2.870980186833543,0.8463080963238455
2024,2439,7,2,5,0.2857142857142857,0;1;3;5;6,-1.493141318738005,-1.1983074185244313,-2.6914487372624363,1.1983074185244313,2.109158785286496,True,negative,low_under_50,0.0,-1.493141318738005,-5.2259946155830175,0.17344683096685287
2024,2439,7,2,5,0.2857142857142857,0;1;4;5;6,-0.3712886377114488,-2.3201600995509875,-2.6914487372624363,2.3201600995509875,2.109158785286496,False,negative,low_under_50,0.0,-0.3712886377114488,-1.2995102319900709,1.295299511993409
2024,2439,7,2,5,0.2857142857142857,0;2;3;4;5,-1.0760304262078013,-1.6154183110546347,-2.6914487372624363,1.6154183110546347,2.109158785286496,True,negative,low_under_50,0.0,-1.0760304262078013,-3.766106491727305,0.5905577234970565
2024,2439,7,2,5,0.2857142857142857,0;2;3;4;6,-0.8202800533810123,-1.8711686838814239,-2.6914487372624363,1.8711686838814239,2.109158785286496,False,negative,low_under_50,0.0,-0.8202800533810123,-2.870980186833543,0.8463080963238455
2024,2439,7,2,5,0.2857142857142857,0;2;3;5;6,-1.493141318738005,-1.1983074185244313,-2.6914487372624363,1.1983074185244313,2.109158785286496,True,negative,low_under_50,0.0,-1.493141318738005,-5.2259946155830175,0.17344683096685287
2024,2439,7,2,5,0.2857142857142857,0;2;4;5;6,-0.3712886377114488,-2.3201600995509875,-2.6914487372624363,2.3201600995509875,2.109158785286496,False,negative,low_under_50,0.0,-0.3712886377114488,-1.2995102319900709,1.295299511993409
2024,2439,7,2,5,0.2857142857142857,0;3;4;5;6,-1.493141318738005,-1.1983074185244313,-2.6914487372624363,1.1983074185244313,2.109158785286496,True,negative,low_under_50,0.0,-1.493141318738005,-5.2259946155830175,0.17344683096685287
2024,2439,7,2,5,0.2857142857142857,1;2;3;4;5,-0.7533093868009726,-1.9381393504614637,-2.6914487372624363,1.9381393504614637,2.109158785286496,False,negative,low_under_50,0.0,-0.7533093868009726,-2.636582853803404,0.9132787629038852
2024,2439,7,2,5,0.2857142857142857,1;2;3;4;6,-0.4975590139741835,-2.193889723288253,-2.6914487372624363,2.193889723288253,2.109158785286496,False,negative,low_under_50,0.0,-0.4975590139741835,-1.7414565489096423,1.1690291357306744
2024,2439,7,2,5,0.2857142857142857,1;2;3;5;6,-1.170420279331176,-1.52102845793126,-2.6914487372624363,1.52102845793126,2.109158785286496,True,negative,low_under_50,0.0,-1.170420279331176,-4.096470977659116,0.4961678703736818
2024,2439,7,2,5,0.2857142857142857,1;2;4;5;6,-0.048567598304619986,-2.6428811389578164,-2.6914487372624363,2.6428811389578164,2.109158785286496,False,negative,low_under_50,0.0,-0.048567598304619986,-0.16998659406616995,1.618020551400238
2024,2439,7,2,5,0.2857142857142857,1;3;4;5;6,-1.170420279331176,-1.52102845793126,-2.6914487372624363,1.52102845793126,2.109158785286496,True,negative,low_under_50,0.0,-1.170420279331176,-4.096470977659116,0.4961678703736818
2024,2439,7,2,5,0.2857142857142857,2;3;4;5;6,-1.170420279331176,-1.52102845793126,-2.6914487372624363,1.52102845793126,2.109158785286496,True,negative,low_under_50,0.0,-1.170420279331176,-4.096470977659116,0.4961678703736818
2024,2439,7,3,4,0.42857142857142855,0;1;2;3,-1.1497398202198112,-1.5417089170426248,-2.6914487372624363,1.5417089170426248,1.8864889676965955,True,negative,low_under_50,0.0,-1.1497398202198112,-2.6827262471795597,0.18353069954407508
2024,2439,7,3,4,0.42857142857142855,0;1;2;4,-0.02788713919325518,-2.663561598069181,-2.6914487372624363,2.663561598069181,1.8864889676965955,False,negative,low_under_50,0.0,-0.02788713919325518,-0.06506999145092875,1.3053833805706312
2024,2439,7,3,4,0.42857142857142855,0;1;2;5,-0.7007484045502478,-1.9907003327121884,-2.6914487372624363,1.9907003327121884,1.8864889676965955,False,negative,low_under_50,0.0,-0.7007484045502478,-1.635079610617245,0.6325221152136385
2024,2439,7,3,4,0.42857142857142855,0;1;2;6,-0.4449980317234587,-2.2464507055389777,-2.6914487372624363,2.2464507055389777,1.8864889676965955,False,negative,low_under_50,0.0,-0.4449980317234587,-1.0383287406880704,0.8882724880404276
2024,2439,7,3,4,0.42857142857142855,0;1;3;4,-1.1497398202198112,-1.5417089170426248,-2.6914487372624363,1.5417089170426248,1.8864889676965955,True,negative,low_under_50,0.0,-1.1497398202198112,-2.6827262471795597,0.18353069954407508
2024,2439,7,3,4,0.42857142857142855,0;1;3;5,-1.822601085576804,-0.8688476516856323,-2.6914487372624363,0.8688476516856323,1.8864889676965955,True,negative,low_under_50,0.0,-1.822601085576804,-4.252735866345876,-0.4893305658129177
2024,2439,7,3,4,0.42857142857142855,0;1;3;6,-1.5668507127500149,-1.1245980245124214,-2.6914487372624363,1.1245980245124214,1.8864889676965955,True,negative,low_under_50,0.0,-1.5668507127500149,-3.6559849964167017,-0.23358019298612853
2024,2439,7,3,4,0.42857142857142855,0;1;4;5,-0.7007484045502478,-1.9907003327121884,-2.6914487372624363,1.9907003327121884,1.8864889676965955,False,negative,low_under_50,0.0,-0.7007484045502478,-1.635079610617245,0.6325221152136385
2024,2439,7,3,4,0.42857142857142855,0;1;4;6,-0.4449980317234587,-2.2464507055389777,-2.6914487372624363,2.2464507055389777,1.8864889676965955,False,negative,low_under_50,0.0,-0.4449980317234587,-1.0383287406880704,0.8882724880404276
2024,2439,7,3,4,0.42857142857142855,0;1;5;6,-1.1178592970804513,-1.573589440181985,-2.6914487372624363,1.573589440181985,1.8864889676965955,True,negative,low_under_50,0.0,-1.1178592970804513,-2.6083383598543866,0.21541122268343504
2024,2439,7,3,4,0.42857142857142855,0;2;3;4,-1.1497398202198112,-1.5417089170426248,-2.6914487372624363,1.5417089170426248,1.8864889676965955,True,negative,low_under_50,0.0,-1.1497398202198112,-2.6827262471795597,0.18353069954407508
2024,2439,7,3,4,0.42857142857142855,0;2;3;5,-1.822601085576804,-0.8688476516856323,-2.6914487372624363,0.8688476516856323,1.8864889676965955,True,negative,low_under_50,0.0,-1.822601085576804,-4.252735866345876,-0.4893305658129177
2024,2439,7,3,4,0.42857142857142855,0;2;3;6,-1.5668507127500149,-1.1245980245124214,-2.6914487372624363,1.1245980245124214,1.8864889676965955,True,negative,low_under_50,0.0,-1.5668507127500149,-3.6559849964167017,-0.23358019298612853
2024,2439,7,3,4,0.42857142857142855,0;2;4;5,-0.7007484045502478,-1.9907003327121884,-2.6914487372624363,1.9907003327121884,1.8864889676965955,False,negative,low_under_50,0.0,-0.7007484045502478,-1.635079610617245,0.6325221152136385
2024,2439,7,3,4,0.42857142857142855,0;2;4;6,-0.4449980317234587,-2.2464507055389777,-2.6914487372624363,2.2464507055389777,1.8864889676965955,False,negative,low_under_50,0.0,-0.4449980317234587,-1.0383287406880704,0.8882724880404276
2024,2439,7,3,4,0.42857142857142855,0;2;5;6,-1.1178592970804513,-1.573589440181985,-2.6914487372624363,1.573589440181985,1.8864889676965955,True,negative,low_under_50,0.0,-1.1178592970804513,-2.6083383598543866,0.21541122268343504
2024,2439,7,3,4,0.42857142857142855,0;3;4;5,-1.822601085576804,-0.8688476516856323,-2.6914487372624363,0.8688476516856323,1.8864889676965955,True,negative,low_under_50,0.0,-1.822601085576804,-4.252735866345876,-0.4893305658129177
2024,2439,7,3,4,0.42857142857142855,0;3;4;6,-1.5668507127500149,-1.1245980245124214,-2.6914487372624363,1.1245980245124214,1.8864889676965955,True,negative,low_under_50,0.0,-1.5668507127500149,-3.6559849964167017,-0.23358019298612853
2024,2439,7,3,4,0.42857142857142855,0;3;5;6,-2.2397119781070076,-0.4517367591554288,-2.6914487372624363,0.4517367591554288,1.8864889676965955,True,negative,low_under_50,0.0,-2.2397119781070076,-5.225994615583018,-0.9064414583431213
2024,2439,7,3,4,0.42857142857142855,0;4;5;6,-1.1178592970804513,-1.573589440181985,-2.6914487372624363,1.573589440181985,1.8864889676965955,True,negative,low_under_50,0.0,-1.1178592970804513,-2.6083383598543866,0.21541122268343504
2024,2439,7,3,4,0.42857142857142855,1;2;3;4,-0.8270187808129824,-1.8644299564494538,-2.6914487372624363,1.8644299564494538,1.8864889676965955,False,negative,low_under_50,0.0,-0.8270187808129824,-1.9297104885636258,0.5062517389509039
2024,2439,7,3,4,0.42857142857142855,1;2;3;5,-1.499880046169975,-1.1915686910924612,-2.6914487372624363,1.1915686910924612,1.8864889676965955,True,negative,low_under_50,0.0,-1.499880046169975,-3.499720107729942,-0.16660952640608873
2024,2439,7,3,4,0.42857142857142855,1;2;3;6,-1.244129673343186,-1.4473190639192501,-2.6914487372624363,1.4473190639192501,1.8864889676965955,True,negative,low_under_50,0.0,-1.244129673343186,-2.9029692378007668,0.08914084642070041
2024,2439,7,3,4,0.42857142857142855,1;2;4;5,-0.37802736514341895,-2.3134213721190173,-2.6914487372624363,2.3134213721190173,1.8864889676965955,False,negative,low_under_50,0.0,-0.37802736514341895,-0.8820638520013109,0.9552431546204674
2024,2439,7,3,4,0.42857142857142855,1;2;4;6,-0.12227699231662985,-2.5691717449458062,-2.6914487372624363,2.5691717449458062,1.8864889676965955,False,negative,low_under_50,0.0,-0.12227699231662985,-0.28531298207213635,1.2109935274472565
2024,2439,7,3,4,0.42857142857142855,1;2;5;6,-0.7951382576736225,-1.8963104795888137,-2.6914487372624363,1.8963104795888137,1.8864889676965955,False,negative,low_under_50,0.0,-0.7951382576736225,-1.8553226012384523,0.5381322620902639
2024,2439,7,3,4,0.42857142857142855,1;3;4;5,-1.499880046169975,-1.1915686910924612,-2.6914487372624363,1.1915686910924612,1.8864889676965955,True,negative,low_under_50,0.0,-1.499880046169975,-3.499720107729942,-0.16660952640608873
2024,2439,7,3,4,0.42857142857142855,1;3;4;6,-1.244129673343186,-1.4473190639192501,-2.6914487372624363,1.4473190639192501,1.8864889676965955,True,negative,low_under_50,0.0,-1.244129673343186,-2.9029692378007668,0.08914084642070041
2024,2439,7,3,4,0.42857142857142855,1;3;5;6,-1.9169909387001787,-0.7744577985622576,-2.6914487372624363,0.7744577985622576,1.8864889676965955,True,negative,low_under_50,0.0,-1.9169909387001787,-4.472978856967083,-0.5837204189362923
2024,2439,7,3,4,0.42857142857142855,1;4;5;6,-0.7951382576736225,-1.8963104795888137,-2.6914487372624363,1.8963104795888137,1.8864889676965955,False,negative,low_under_50,0.0,-0.7951382576736225,-1.8553226012384523,0.5381322620902639
2024,2439,7,3,4,0.42857142857142855,2;3;4;5,-1.499880046169975,-1.1915686910924612,-2.6914487372624363,1.1915686910924612,1.8864889676965955,True,negative,low_under_50,0.0,-1.499880046169975,-3.499720107729942,-0.16660952640608873
2024,2439,7,3,4,0.42857142857142855,2;3;4;6,-1.244129673343186,-1.4473190639192501,-2.6914487372624363,1.4473190639192501,1.8864889676965955,True,negative,low_under_50,0.0,-1.244129673343186,-2.9029692378007668,0.08914084642070041
2024,2439,7,3,4,0.42857142857142855,2;3;5;6,-1.9169909387001787,-0.7744577985622576,-2.6914487372624363,0.7744577985622576,1.8864889676965955,True,negative,low_under_50,0.0,-1.9169909387001787,-4.472978856967083,-0.5837204189362923
2024,2439,7,3,4,0.42857142857142855,2;4;5;6,-0.7951382576736225,-1.8963104795888137,-2.6914487372624363,1.8963104795888137,1.8864889676965955,False,negative,low_under_50,0.0,-0.7951382576736225,-1.8553226012384523,0.5381322620902639
2024,2439,7,3,4,0.42857142857142855,3;4;5;6,-1.9169909387001787,-0.7744577985622576,-2.6914487372624363,0.7744577985622576,1.8864889676965955,True,negative,low_under_50,0.0,-1.9169909387001787,-4.472978856967083,-0.5837204189362923
2024,2439,7,4,3,0.5714285714285714,0;1;2,-0.7744577985622576,-1.9169909387001787,-2.6914487372624363,1.9169909387001787,1.6337473699843328,False,negative,moderate_50_to_80,0.0,-0.7744577985622576,-1.3553011474839507,0.22549509126065714
2024,2439,7,4,3,0.5714285714285714,0;1;3,-1.8963104795888137,-0.7951382576736225,-2.6914487372624363,0.7951382576736225,1.6337473699843328,True,negative,moderate_50_to_80,0.0,-1.8963104795888137,-3.318543339280424,-0.896357589765899
2024,2439,7,4,3,0.5714285714285714,0;1;4,-0.7744577985622576,-1.9169909387001787,-2.6914487372624363,1.9169909387001787,1.6337473699843328,False,negative,moderate_50_to_80,0.0,-0.7744577985622576,-1.3553011474839507,0.22549509126065714
2024,2439,7,4,3,0.5714285714285714,0;1;5,-1.4473190639192501,-1.244129673343186,-2.6914487372624363,1.244129673343186,1.6337473699843328,True,negative,moderate_50_to_80,0.0,-1.4473190639192501,-2.5328083618586876,-0.4473661740963354
2024,2439,7,4,3,0.5714285714285714,0;1;6,-1.1915686910924612,-1.499880046169975,-2.6914487372624363,1.499880046169975,1.6337473699843328,True,negative,moderate_50_to_80,0.0,-1.1915686910924612,-2.085245209411807,-0.19161580126954647
2024,2439,7,4,3,0.5714285714285714,0;2;3,-1.8963104795888137,-0.7951382576736225,-2.6914487372624363,0.7951382576736225,1.6337473699843328,True,negative,moderate_50_to_80,0.0,-1.8963104795888137,-3.318543339280424,-0.896357589765899
2024,2439,7,4,3,0.5714285714285714,0;2;4,-0.7744577985622576,-1.9169909387001787,-2.6914487372624363,1.9169909387001787,1.6337473699843328,False,negative,moderate_50_to_80,0.0,-0.7744577985622576,-1.3553011474839507,0.22549509126065714
2024,2439,7,4,3,0.5714285714285714,0;2;5,-1.4473190639192501,-1.244129673343186,-2.6914487372624363,1.244129673343186,1.6337473699843328,True,negative,moderate_50_to_80,0.0,-1.4473190639192501,-2.5328083618586876,-0.4473661740963354
2024,2439,7,4,3,0.5714285714285714,0;2;6,-1.1915686910924612,-1.499880046169975,-2.6914487372624363,1.499880046169975,1.6337473699843328,True,negative,moderate_50_to_80,0.0,-1.1915686910924612,-2.085245209411807,-0.19161580126954647
2024,2439,7,4,3,0.5714285714285714,0;3;4,-1.8963104795888137,-0.7951382576736225,-2.6914487372624363,0.7951382576736225,1.6337473699843328,True,negative,moderate_50_to_80,0.0,-1.8963104795888137,-3.318543339280424,-0.896357589765899
2024,2439,7,4,3,0.5714285714285714,0;3;5,-2.5691717449458062,-0.12227699231662985,-2.6914487372624363,0.12227699231662985,1.6337473699843328,True,negative,moderate_50_to_80,0.0,-2.5691717449458062,-4.496050553655161,-1.5692188551228914
2024,2439,7,4,3,0.5714285714285714,0;3;6,-2.3134213721190173,-0.37802736514341895,-2.6914487372624363,0.37802736514341895,1.6337473699843328,True,negative,moderate_50_to_80,0.0,-2.3134213721190173,-4.0484874012082805,-1.3134684822961025
2024,2439,7,4,3,0.5714285714285714,0;4;5,-1.4473190639192501,-1.244129673343186,-2.6914487372624363,1.244129673343186,1.6337473699843328,True,negative,moderate_50_to_80,0.0,-1.4473190639192501,-2.5328083618586876,-0.4473661740963354
2024,2439,7,4,3,0.5714285714285714,0;4;6,-1.1915686910924612,-1.499880046169975,-2.6914487372624363,1.499880046169975,1.6337473699843328,True,negative,moderate_50_to_80,0.0,-1.1915686910924612,-2.085245209411807,-0.19161580126954647
2024,2439,7,4,3,0.5714285714285714,0;5;6,-1.8644299564494538,-0.8270187808129824,-2.6914487372624363,0.8270187808129824,1.6337473699843328,True,negative,moderate_50_to_80,0.0,-1.8644299564494538,-3.262752423786544,-0.864477066626539
2024,2439,7,4,3,0.5714285714285714,1;2;3,-1.573589440181985,-1.1178592970804513,-2.6914487372624363,1.1178592970804513,1.6337473699843328,True,negative,moderate_50_to_80,0.0,-1.573589440181985,-2.7537815203184737,-0.5736365503590702
2024,2439,7,4,3,0.5714285714285714,1;2;4,-0.4517367591554288,-2.2397119781070076,-2.6914487372624363,2.2397119781070076,1.6337473699843328,False,negative,moderate_50_to_80,0.0,-0.4517367591554288,-0.7905393285220005,0.548216130667486
2024,2439,7,4,3,0.5714285714285714,1;2;5,-1.1245980245124214,-1.5668507127500149,-2.6914487372624363,1.5668507127500149,1.6337473699843328,True,negative,moderate_50_to_80,0.0,-1.1245980245124214,-1.9680465428967375,-0.12464513468950666
2024,2439,7,4,3,0.5714285714285714,1;2;6,-0.8688476516856323,-1.822601085576804,-2.6914487372624363,1.822601085576804,1.6337473699843328,False,negative,moderate_50_to_80,0.0,-0.8688476516856323,-1.5204833904498565,0.13110523813728248
2024,2439,7,4,3,0.5714285714285714,1;3;4,-1.573589440181985,-1.1178592970804513,-2.6914487372624363,1.1178592970804513,1.6337473699843328,True,negative,moderate_50_to_80,0.0,-1.573589440181985,-2.7537815203184737,-0.5736365503590702
2024,2439,7,4,3,0.5714285714285714,1;3;5,-2.2464507055389777,-0.4449980317234587,-2.6914487372624363,0.4449980317234587,1.6337473699843328,True,negative,moderate_50_to_80,0.0,-2.2464507055389777,-3.931288734693211,-1.2464978157160629
2024,2439,7,4,3,0.5714285714285714,1;3;6,-1.9907003327121884,-0.7007484045502478,-2.6914487372624363,0.7007484045502478,1.6337473699843328,True,negative,moderate_50_to_80,0.0,-1.9907003327121884,-3.4837255822463296,-0.9907474428892736
2024,2439,7,4,3,0.5714285714285714,1;4;5,-1.1245980245124214,-1.5668507127500149,-2.6914487372624363,1.5668507127500149,1.6337473699843328,True,negative,moderate_50_to_80,0.0,-1.1245980245124214,-1.9680465428967375,-0.12464513468950666
2024,2439,7,4,3,0.5714285714285714,1;4;6,-0.8688476516856323,-1.822601085576804,-2.6914487372624363,1.822601085576804,1.6337473699843328,False,negative,moderate_50_to_80,0.0,-0.8688476516856323,-1.5204833904498565,0.13110523813728248
2024,2439,7,4,3,0.5714285714285714,1;5;6,-1.5417089170426248,-1.1497398202198112,-2.6914487372624363,1.1497398202198112,1.6337473699843328,True,negative,moderate_50_to_80,0.0,-1.5417089170426248,-2.6979906048245934,-0.5417560272197101
2024,2439,7,4,3,0.5714285714285714,2;3;4,-1.573589440181985,-1.1178592970804513,-2.6914487372624363,1.1178592970804513,1.6337473699843328,True,negative,moderate_50_to_80,0.0,-1.573589440181985,-2.7537815203184737,-0.5736365503590702
2024,2439,7,4,3,0.5714285714285714,2;3;5,-2.2464507055389777,-0.4449980317234587,-2.6914487372624363,0.4449980317234587,1.6337473699843328,True,negative,moderate_50_to_80,0.0,-2.2464507055389777,-3.931288734693211,-1.2464978157160629
2024,2439,7,4,3,0.5714285714285714,2;3;6,-1.9907003327121884,-0.7007484045502478,-2.6914487372624363,0.7007484045502478,1.6337473699843328,True,negative,moderate_50_to_80,0.0,-1.9907003327121884,-3.4837255822463296,-0.9907474428892736
2024,2439,7,4,3,0.5714285714285714,2;4;5,-1.1245980245124214,-1.5668507127500149,-2.6914487372624363,1.5668507127500149,1.6337473699843328,True,negative,moderate_50_to_80,0.0,-1.1245980245124214,-1.9680465428967375,-0.12464513468950666
2024,2439,7,4,3,0.5714285714285714,2;4;6,-0.8688476516856323,-1.822601085576804,-2.6914487372624363,1.822601085576804,1.6337473699843328,False,negative,moderate_50_to_80,0.0,-0.8688476516856323,-1.5204833904498565,0.13110523813728248
2024,2439,7,4,3,0.5714285714285714,2;5;6,-1.5417089170426248,-1.1497398202198112,-2.6914487372624363,1.1497398202198112,1.6337473699843328,True,negative,moderate_50_to_80,0.0,-1.5417089170426248,-2.6979906048245934,-0.5417560272197101
2024,2439,7,4,3,0.5714285714285714,3;4;5,-2.2464507055389777,-0.4449980317234587,-2.6914487372624363,0.4449980317234587,1.6337473699843328,True,negative,moderate_50_to_80,0.0,-2.2464507055389777,-3.931288734693211,-1.2464978157160629
2024,2439,7,4,3,0.5714285714285714,3;4;6,-1.9907003327121884,-0.7007484045502478,-2.6914487372624363,0.7007484045502478,1.6337473699843328,True,negative,moderate_50_to_80,0.0,-1.9907003327121884,-3.4837255822463296,-0.9907474428892736
2024,2439,7,4,3,0.5714285714285714,3;5;6,-2.663561598069181,-0.02788713919325518,-2.6914487372624363,0.02788713919325518,1.6337473699843328,True,negative,moderate_50_to_80,0.0,-2.663561598069181,-4.661232796621067,-1.663608708246266
2024,2439,7,4,3,0.5714285714285714,4;5;6,-1.5417089170426248,-1.1497398202198112,-2.6914487372624363,1.1497398202198112,1.6337473699843328,True,negative,moderate_50_to_80,0.0,-1.5417089170426248,-2.6979906048245934,-0.5417560272197101
2024,2439,7,5,2,0.7142857142857143,0;1,-1.52102845793126,-1.170420279331176,-2.6914487372624363,1.170420279331176,1.3339491416918725,True,negative,moderate_50_to_80,0.0,-1.52102845793126,-2.129439841103764,-0.8543931980493169
2024,2439,7,5,2,0.7142857142857143,0;2,-1.52102845793126,-1.170420279331176,-2.6914487372624363,1.170420279331176,1.3339491416918725,True,negative,moderate_50_to_80,0.0,-1.52102845793126,-2.129439841103764,-0.8543931980493169
2024,2439,7,5,2,0.7142857142857143,0;3,-2.6428811389578164,-0.048567598304619986,-2.6914487372624363,0.048567598304619986,1.3339491416918725,True,negative,moderate_50_to_80,0.0,-2.6428811389578164,-3.700033594540943,-1.9762458790758732
2024,2439,7,5,2,0.7142857142857143,0;4,-1.52102845793126,-1.170420279331176,-2.6914487372624363,1.170420279331176,1.3339491416918725,True,negative,moderate_50_to_80,0.0,-1.52102845793126,-2.129439841103764,-0.8543931980493169
2024,2439,7,5,2,0.7142857142857143,0;5,-2.193889723288253,-0.4975590139741835,-2.6914487372624363,0.4975590139741835,1.3339491416918725,True,negative,moderate_50_to_80,0.0,-2.193889723288253,-3.071445612603554,-1.5272544634063097
2024,2439,7,5,2,0.7142857142857143,0;6,-1.9381393504614637,-0.7533093868009726,-2.6914487372624363,0.7533093868009726,1.3339491416918725,True,negative,moderate_50_to_80,0.0,-1.9381393504614637,-2.713395090646049,-1.2715040905795205
2024,2439,7,5,2,0.7142857142857143,1;2,-1.1983074185244313,-1.493141318738005,-2.6914487372624363,1.493141318738005,1.3339491416918725,True,negative,moderate_50_to_80,0.0,-1.1983074185244313,-1.6776303859342039,-0.5316721586424882
2024,2439,7,5,2,0.7142857142857143,1;3,-2.3201600995509875,-0.3712886377114488,-2.6914487372624363,0.3712886377114488,1.3339491416918725,True,negative,moderate_50_to_80,0.0,-2.3201600995509875,-3.248224139371382,-1.6535248396690443
2024,2439,7,5,2,0.7142857142857143,1;4,-1.1983074185244313,-1.493141318738005,-2.6914487372624363,1.493141318738005,1.3339491416918725,True,negative,moderate_50_to_80,0.0,-1.1983074185244313,-1.6776303859342039,-0.5316721586424882
2024,2439,7,5,2,0.7142857142857143,1;5,-1.8711686838814239,-0.8202800533810123,-2.6914487372624363,0.8202800533810123,1.3339491416918725,True,negative,moderate_50_to_80,0.0,-1.8711686838814239,-2.6196361574339937,-1.2045334239994807
2024,2439,7,5,2,0.7142857142857143,1;6,-1.6154183110546347,-1.0760304262078013,-2.6914487372624363,1.0760304262078013,1.3339491416918725,True,negative,moderate_50_to_80,0.0,-1.6154183110546347,-2.2615856354764885,-0.9487830511726916
2024,2439,7,5,2,0.7142857142857143,2;3,-2.3201600995509875,-0.3712886377114488,-2.6914487372624363,0.3712886377114488,1.3339491416918725,True,negative,moderate_50_to_80,0.0,-2.3201600995509875,-3.248224139371382,-1.6535248396690443
2024,2439,7,5,2,0.7142857142857143,2;4,-1.1983074185244313,-1.493141318738005,-2.6914487372624363,1.493141318738005,1.3339491416918725,True,negative,moderate_50_to_80,0.0,-1.1983074185244313,-1.6776303859342039,-0.5316721586424882
2024,2439,7,5,2,0.7142857142857143,2;5,-1.8711686838814239,-0.8202800533810123,-2.6914487372624363,0.8202800533810123,1.3339491416918725,True,negative,moderate_50_to_80,0.0,-1.8711686838814239,-2.6196361574339937,-1.2045334239994807
2024,2439,7,5,2,0.7142857142857143,2;6,-1.6154183110546347,-1.0760304262078013,-2.6914487372624363,1.0760304262078013,1.3339491416918725,True,negative,moderate_50_to_80,0.0,-1.6154183110546347,-2.2615856354764885,-0.9487830511726916
2024,2439,7,5,2,0.7142857142857143,3;4,-2.3201600995509875,-0.3712886377114488,-2.6914487372624363,0.3712886377114488,1.3339491416918725,True,negative,moderate_50_to_80,0.0,-2.3201600995509875,-3.248224139371382,-1.6535248396690443
2024,2439,7,5,2,0.7142857142857143,3;5,-2.99302136490798,0.30157262764554377,-2.6914487372624363,0.30157262764554377,1.3339491416918725,True,positive,moderate_50_to_80,0.0,-2.99302136490798,-4.190229910871172,-2.326386105026037
2024,2439,7,5,2,0.7142857142857143,3;6,-2.737270992081191,0.04582225481875468,-2.6914487372624363,0.04582225481875468,1.3339491416918725,True,positive,moderate_50_to_80,0.0,-2.737270992081191,-3.832179388913667,-2.070635732199248
2024,2439,7,5,2,0.7142857142857143,4;5,-1.8711686838814239,-0.8202800533810123,-2.6914487372624363,0.8202800533810123,1.3339491416918725,True,negative,moderate_50_to_80,0.0,-1.8711686838814239,-2.6196361574339937,-1.2045334239994807
2024,2439,7,5,2,0.7142857142857143,4;6,-1.6154183110546347,-1.0760304262078013,-2.6914487372624363,1.0760304262078013,1.3339491416918725,True,negative,moderate_50_to_80,0.0,-1.6154183110546347,-2.2615856354764885,-0.9487830511726916
2024,2439,7,5,2,0.7142857142857143,5;6,-2.2882795764116275,-0.40316916085080884,-2.6914487372624363,0.40316916085080884,1.3339491416918725,True,negative,moderate_50_to_80,0.0,-2.2882795764116275,-3.2035914069762783,-1.6216443165296843
2024,2439,7,6,1,0.8571428571428571,0,-2.2675991173002625,-0.42384961996217363,-2.6914487372624363,0.42384961996217363,0.9432444838482977,True,negative,high_80_plus,0.0,-2.2675991173002625,-2.645532303516973,-1.934281487359291
2024,2439,7,6,1,0.8571428571428571,1,-1.9448780778934338,-0.7465706593690025,-2.6914487372624363,0.7465706593690025,0.9432444838482977,True,negative,high_80_plus,0.0,-1.9448780778934338,-2.269024424209006,-1.6115604479524621
2024,2439,7,6,1,0.8571428571428571,2,-1.9448780778934338,-0.7465706593690025,-2.6914487372624363,0.7465706593690025,0.9432444838482977,True,negative,high_80_plus,0.0,-1.9448780778934338,-2.269024424209006,-1.6115604479524621
2024,2439,7,6,1,0.8571428571428571,3,-3.0667307589199897,0.37528202165755364,-2.6914487372624363,0.37528202165755364,0.9432444838482977,True,positive,high_80_plus,0.0,-3.0667307589199897,-3.5778525520733218,-2.7334131289790182
2024,2439,7,6,1,0.8571428571428571,4,-1.9448780778934338,-0.7465706593690025,-2.6914487372624363,0.7465706593690025,0.9432444838482977,True,negative,high_80_plus,0.0,-1.9448780778934338,-2.269024424209006,-1.6115604479524621
2024,2439,7,6,1,0.8571428571428571,5,-2.6177393432504266,-0.07370939401200986,-2.6914487372624363,0.07370939401200986,0.9432444838482977,True,negative,high_80_plus,0.0,-2.6177393432504266,-3.054029233792164,-2.284421713309455
2024,2439,7,6,1,0.8571428571428571,6,-2.361988970423637,-0.32945976683879896,-2.6914487372624363,0.32945976683879896,0.9432444838482977,True,negative,high_80_plus,0.0,-2.361988970423637,-2.7556537988275767,-2.0286713404826657
2024,25,3,1,2,0.3333333333333333,0;1,0.25581987897842157,1.4068094630189216,1.6626293419973432,1.4068094630189216,1.3339491416918725,True,positive,low_under_50,0.0,0.25581987897842157,0.7674596369352646,0.9224551388603648
2024,25,3,1,2,0.3333333333333333,0;2,1.2872778141881571,0.375351527809186,1.6626293419973432,0.375351527809186,1.3339491416918725,True,positive,low_under_50,0.0,1.2872778141881571,3.861833442564471,1.9539130740701003
2024,25,3,1,2,0.3333333333333333,1;2,0.11953164883076448,1.5430976931665787,1.6626293419973432,1.5430976931665787,1.3339491416918725,True,positive,low_under_50,0.0,0.11953164883076448,0.3585949464922934,0.7861669087127077
2024,25,3,2,1,0.6666666666666666,0,1.5430976931665787,0.11953164883076448,1.6626293419973432,0.11953164883076448,0.9432444838482977,True,positive,moderate_50_to_80,0.0,1.5430976931665787,2.314646539749868,1.8764153231075502
2024,25,3,2,1,0.6666666666666666,1,0.375351527809186,1.2872778141881571,1.6626293419973432,1.2872778141881571,0.9432444838482977,True,positive,moderate_50_to_80,0.0,0.375351527809186,0.5630272917137791,0.7086691577501576
2024,25,3,2,1,0.6666666666666666,2,1.4068094630189216,0.25581987897842157,1.6626293419973432,0.25581987897842157,0.9432444838482977,True,positive,moderate_50_to_80,0.0,1.4068094630189216,2.1102141945283823,1.7401270929598933
2024,2509,3,1,2,0.3333333333333333,0;1,-0.7465706593690025,-0.0691194735624844,-0.8156901329314868,0.0691194735624844,1.3339491416918725,True,negative,low_under_50,0.0,-0.7465706593690025,-2.2397119781070076,-0.0799353994870593
2024,2509,3,1,2,0.3333333333333333,0;2,0.08034630975611508,-0.896036442687602,-0.8156901329314868,0.896036442687602,1.3339491416918725,True,negative,low_under_50,0.0,0.08034630975611508,0.24103892926834525,0.7469815696380583
2024,2509,3,1,2,0.3333333333333333,1;2,-0.14946578331859947,-0.6662243496128873,-0.8156901329314868,0.6662243496128873,1.3339491416918725,True,negative,low_under_50,0.0,-0.14946578331859947,-0.4483973499557984,0.5171694765633437
2024,2509,3,2,1,0.6666666666666666,0,-0.6662243496128873,-0.14946578331859947,-0.8156901329314868,0.14946578331859947,0.9432444838482977,True,negative,moderate_50_to_80,0.0,-0.6662243496128873,-0.9993365244193311,-0.33290671967191576
2024,2509,3,2,1,0.6666666666666666,1,-0.896036442687602,0.08034630975611508,-0.8156901329314868,0.08034630975611508,0.9432444838482977,True,positive,moderate_50_to_80,0.0,-0.896036442687602,-1.344054664031403,-0.5627188127466304
2024,2509,3,2,1,0.6666666666666666,2,-0.0691194735624844,-0.7465706593690025,-0.8156901329314868,0.7465706593690025,0.9432444838482977,True,negative,moderate_50_to_80,0.0,-0.0691194735624844,-0.1036792103437266,0.2641981563784872
2024,251,2,1,1,0.5,0,1.050111801452299,2.2986858925561062,3.348797694008405,2.2986858925561062,0.9432444838482977,False,positive,moderate_50_to_80,0.0,1.050111801452299,2.100223602904598,1.3834294313932705
2024,251,2,1,1,0.5,1,2.2986858925561062,1.050111801452299,3.348797694008405,1.050111801452299,0.9432444838482977,True,positive,moderate_50_to_80,0.0,2.2986858925561062,4.5973717851122125,2.6320035224970777
2024,2567,2,1,1,0.5,0,0.6884352088707137,1.4705761847342993,2.159011393605013,1.4705761847342993,0.9432444838482977,True,positive,moderate_50_to_80,0.0,0.6884352088707137,1.3768704177414275,1.0217528388116852
2024,2567,2,1,1,0.5,1,1.4705761847342993,0.6884352088707137,2.159011393605013,0.6884352088707137,0.9432444838482977,True,positive,moderate_50_to_80,0.0,1.4705761847342993,2.9411523694685986,1.8038938146752708
2024,2572,2,1,1,0.5,0,-0.7465706593690025,-0.7465706593690025,-1.493141318738005,0.7465706593690025,0.9432444838482977,True,negative,moderate_50_to_80,0.0,-0.7465706593690025,-1.493141318738005,-0.4132530294280309
2024,2572,2,1,1,0.5,1,-0.7465706593690025,-0.7465706593690025,-1.493141318738005,0.7465706593690025,0.9432444838482977,True,negative,moderate_50_to_80,0.0,-0.7465706593690025,-1.493141318738005,-0.4132530294280309
2024,2579,2,1,1,0.5,0,-0.49082028654221344,-0.7465706593690025,-1.237390945911216,0.7465706593690025,0.9432444838482977,True,negative,moderate_50_to_80,0.0,-0.49082028654221344,-0.9816405730844269,-0.15750265660124185
2024,2579,2,1,1,0.5,1,-0.7465706593690025,-0.49082028654221344,-1.237390945911216,0.49082028654221344,0.9432444838482977,True,negative,moderate_50_to_80,0.0,-0.7465706593690025,-1.493141318738005,-0.4132530294280309
2024,26,4,1,3,0.25,0;1;2,0.3350935756916046,3.0288751351118144,3.3639687108034186,3.0288751351118144,1.6337473699843328,True,positive,low_under_50,0.0,0.3350935756916046,1.3403743027664183,1.3350464655145193
2024,26,4,1,3,0.25,0;1;3,1.0393978595381383,2.3245708512652805,3.3639687108034186,2.3245708512652805,1.6337473699843328,True,positive,low_under_50,0.0,1.0393978595381383,4.157591438152553,2.039350749361053
2024,26,4,1,3,0.25,0;2;3,1.6438774767178366,1.7200912340855823,3.3639687108034186,1.7200912340855823,1.6337473699843328,True,positive,low_under_50,0.0,1.6438774767178366,6.575509906871346,2.6438303665407514
2024,26,4,1,3,0.25,1;2;3,0.34559979885583936,3.0183689119475794,3.3639687108034186,3.0183689119475794,1.6337473699843328,True,positive,low_under_50,0.0,0.34559979885583936,1.3823991954233574,1.345552688678754
2024,26,4,2,2,0.5,0;1,1.3744914352297428,1.9894772755736758,3.3639687108034186,1.9894772755736758,1.3339491416918725,True,positive,moderate_50_to_80,0.0,1.3744914352297428,2.7489828704594856,2.0411266951116858
2024,26,4,2,2,0.5,0;2,1.9789710524094413,1.3849976583939778,3.3639687108034186,1.3849976583939778,1.3339491416918725,True,positive,moderate_50_to_80,0.0,1.9789710524094413,3.9579421048188825,2.6456063122913847
2024,26,4,2,2,0.5,0;3,2.683275336255975,0.6806933745474439,3.3639687108034186,0.6806933745474439,1.3339491416918725,True,positive,moderate_50_to_80,0.0,2.683275336255975,5.36655067251195,3.349910596137918
2024,26,4,2,2,0.5,1;2,0.6806933745474439,2.683275336255975,3.3639687108034186,2.683275336255975,1.3339491416918725,True,positive,moderate_50_to_80,0.0,0.6806933745474439,1.3613867490948879,1.347328634429387
2024,26,4,2,2,0.5,1;3,1.3849976583939778,1.9789710524094413,3.3639687108034186,1.9789710524094413,1.3339491416918725,True,positive,moderate_50_to_80,0.0,1.3849976583939778,2.7699953167879556,2.0516329182759208
2024,26,4,2,2,0.5,2;3,1.9894772755736758,1.3744914352297428,3.3639687108034186,1.3744914352297428,1.3339491416918725,True,positive,moderate_50_to_80,0.0,1.9894772755736758,3.9789545511473516,2.6561125354556188
2024,26,4,3,1,0.75,0,3.0183689119475794,0.34559979885583936,3.3639687108034186,0.34559979885583936,0.9432444838482977,True,positive,moderate_50_to_80,0.0,3.0183689119475794,4.024491882596773,3.351686541888551
2024,26,4,3,1,0.75,1,1.7200912340855823,1.6438774767178366,3.3639687108034186,1.6438774767178366,0.9432444838482977,True,positive,moderate_50_to_80,0.0,1.7200912340855823,2.2934549787807765,2.053408864026554
2024,26,4,3,1,0.75,2,2.3245708512652805,1.0393978595381383,3.3639687108034186,1.0393978595381383,0.9432444838482977,True,positive,moderate_50_to_80,0.0,2.3245708512652805,3.0994278016870407,2.657888481206252
2024,26,4,3,1,0.75,3,3.0288751351118144,0.3350935756916046,3.3639687108034186,0.3350935756916046,0.9432444838482977,True,positive,moderate_50_to_80,0.0,3.0288751351118144,4.038500180149086,3.362192765052786
2024,2633,3,1,2,0.3333333333333333,0;1,0.9023237599439546,3.0215082482081264,3.9238320081520808,3.0215082482081264,1.3339491416918725,False,positive,low_under_50,0.0,0.9023237599439546,2.7069712798318637,1.5689590198258978
2024,2633,3,1,2,0.3333333333333333,0;2,1.8862799240054948,2.0375520841465864,3.9238320081520808,2.0375520841465864,1.3339491416918725,True,positive,low_under_50,0.0,1.8862799240054948,5.658839772016485,2.552915183887438
2024,2633,3,1,2,0.3333333333333333,1;2,1.1352283242026315,2.7886036839494492,3.9238320081520808,2.7886036839494492,1.3339491416918725,True,positive,low_under_50,0.0,1.1352283242026315,3.4056849726078946,1.8018635840845747
2024,2633,3,2,1,0.6666666666666666,0,2.7886036839494492,1.1352283242026315,3.9238320081520808,1.1352283242026315,0.9432444838482977,True,positive,moderate_50_to_80,0.0,2.7886036839494492,4.182905525924173,3.1219213138904207
2024,2633,3,2,1,0.6666666666666666,1,2.0375520841465864,1.8862799240054948,3.9238320081520808,1.8862799240054948,0.9432444838482977,False,positive,moderate_50_to_80,0.0,2.0375520841465864,3.0563281262198796,2.370869714087558
2024,2633,3,2,1,0.6666666666666666,2,3.0215082482081264,0.9023237599439546,3.9238320081520808,0.9023237599439546,0.9432444838482977,True,positive,moderate_50_to_80,0.0,3.0215082482081264,4.532262372312189,3.354825878149098
2024,2636,4,1,3,0.25,0;1;2,1.9367908799893079,1.6445614804220388,3.581352360411347,1.6445614804220388,1.6337473699843328,True,positive,low_under_50,0.0,1.9367908799893079,7.7471635199572315,2.9367437698122227
2024,2636,4,1,3,0.25,0;1;3,1.6060440415385737,1.975308318872773,3.581352360411347,1.975308318872773,1.6337473699843328,True,positive,low_under_50,0.0,1.6060440415385737,6.424176166154295,2.6059969313614886
2024,2636,4,1,3,0.25,0;2;3,0.28089216853417887,3.3004601918771677,3.581352360411347,3.3004601918771677,1.6337473699843328,True,positive,low_under_50,0.0,0.28089216853417887,1.1235686741367155,1.2808450583570936
2024,2636,4,1,3,0.25,1;2;3,-0.24237472965071377,3.8237270900620604,3.581352360411347,3.8237270900620604,1.6337473699843328,False,positive,low_under_50,0.0,-0.24237472965071377,-0.9694989186028551,0.7575781601722009
2024,2636,4,2,2,0.5,0;1,3.5428349215278816,0.038517438883465094,3.581352360411347,0.038517438883465094,1.3339491416918725,True,positive,moderate_50_to_80,0.0,3.5428349215278816,7.085669843055763,4.2094701814098245
2024,2636,4,2,2,0.5,0;2,2.2176830485234866,1.36366931188786,3.581352360411347,1.36366931188786,1.3339491416918725,True,positive,moderate_50_to_80,0.0,2.2176830485234866,4.435366097046973,2.8843183084054296
2024,2636,4,2,2,0.5,0;3,1.8869362100727525,1.6944161503385942,3.581352360411347,1.6944161503385942,1.3339491416918725,True,positive,moderate_50_to_80,0.0,1.8869362100727525,3.773872420145505,2.5535714699546954
2024,2636,4,2,2,0.5,1;2,1.6944161503385942,1.8869362100727525,3.581352360411347,1.8869362100727525,1.3339491416918725,True,positive,moderate_50_to_80,0.0,1.6944161503385942,3.3888323006771883,2.3610514102205373
2024,2636,4,2,2,0.5,1;3,1.36366931188786,2.2176830485234866,3.581352360411347,2.2176830485234866,1.3339491416918725,True,positive,moderate_50_to_80,0.0,1.36366931188786,2.72733862377572,2.030304571769803
2024,2636,4,2,2,0.5,2;3,0.038517438883465094,3.5428349215278816,3.581352360411347,3.5428349215278816,1.3339491416918725,False,positive,moderate_50_to_80,0.0,0.038517438883465094,0.07703487776693019,0.7051526987654082
2024,2636,4,3,1,0.75,0,3.8237270900620604,-0.24237472965071377,3.581352360411347,0.24237472965071377,0.9432444838482977,True,negative,moderate_50_to_80,0.0,3.8237270900620604,5.0983027867494135,4.157044720003032
2024,2636,4,3,1,0.75,1,3.3004601918771677,0.28089216853417887,3.581352360411347,0.28089216853417887,0.9432444838482977,True,positive,moderate_50_to_80,0.0,3.3004601918771677,4.400613589169557,3.633777821818139
2024,2636,4,3,1,0.75,2,1.975308318872773,1.6060440415385737,3.581352360411347,1.6060440415385737,0.9432444838482977,True,positive,moderate_50_to_80,0.0,1.975308318872773,2.6337444251636972,2.3086259488137446
2024,2636,4,3,1,0.75,3,1.6445614804220388,1.9367908799893079,3.581352360411347,1.9367908799893079,0.9432444838482977,False,positive,moderate_50_to_80,0.0,1.6445614804220388,2.1927486405627183,1.9778791103630105
2024,2638,6,1,5,0.16666666666666666,0;1;2;3;4,-0.37190313526401875,-1.9152019391135688,-2.2871050743775876,1.9152019391135688,2.109158785286496,False,negative,low_under_50,0.0,-0.37190313526401875,-2.2314188115841125,1.294685014440839
2024,2638,6,1,5,0.16666666666666666,0;1;2;3;5,-0.5852101396655881,-1.7018949347119994,-2.2871050743775876,1.7018949347119994,2.109158785286496,True,negative,low_under_50,0.0,-0.5852101396655881,-3.511260837993529,1.0813780100392698
2024,2638,6,1,5,0.16666666666666666,0;1;2;4;5,-0.7465706593690025,-1.540534415008585,-2.2871050743775876,1.540534415008585,2.109158785286496,True,negative,low_under_50,0.0,-0.7465706593690025,-4.479423956214015,0.9200174903358553
2024,2638,6,1,5,0.16666666666666666,0;1;3;4;5,-0.37190313526401875,-1.9152019391135688,-2.2871050743775876,1.9152019391135688,2.109158785286496,False,negative,low_under_50,0.0,-0.37190313526401875,-2.2314188115841125,1.294685014440839
2024,2638,6,1,5,0.16666666666666666,0;2;3;4;5,0.535052654554043,-2.8221577289316304,-2.2871050743775876,2.8221577289316304,2.109158785286496,False,negative,low_under_50,0.0,0.535052654554043,3.2103159273242583,2.2016408042589006
2024,2638,6,1,5,0.16666666666666666,1;2;3;4;5,-0.7465706593690025,-1.540534415008585,-2.2871050743775876,1.540534415008585,2.109158785286496,True,negative,low_under_50,0.0,-0.7465706593690025,-4.479423956214015,0.9200174903358553
2024,2638,6,2,4,0.3333333333333333,0;1;2;3,-0.9571132749296068,-1.3299917994479806,-2.2871050743775876,1.3299917994479806,1.8864889676965955,True,negative,low_under_50,0.0,-0.9571132749296068,-2.8713398247888207,0.3761572448342795
2024,2638,6,2,4,0.3333333333333333,0;1;2;4,-1.1184737946330212,-1.1686312797445662,-2.2871050743775876,1.1686312797445662,1.8864889676965955,True,negative,low_under_50,0.0,-1.1184737946330212,-3.3554213838990634,0.21479672513086512
2024,2638,6,2,4,0.3333333333333333,0;1;2;5,-1.3317807990345907,-0.9553242753429969,-2.2871050743775876,0.9553242753429969,1.8864889676965955,True,negative,low_under_50,0.0,-1.3317807990345907,-3.995342397103772,0.0014897207292956516
2024,2638,6,2,4,0.3333333333333333,0;1;3;4,-0.7438062705280375,-1.54329880384955,-2.2871050743775876,1.54329880384955,1.8864889676965955,True,negative,low_under_50,0.0,-0.7438062705280375,-2.2314188115841125,0.5894642492358488
2024,2638,6,2,4,0.3333333333333333,0;1;3;5,-0.9571132749296068,-1.3299917994479806,-2.2871050743775876,1.3299917994479806,1.8864889676965955,True,negative,low_under_50,0.0,-0.9571132749296068,-2.8713398247888207,0.3761572448342795
2024,2638,6,2,4,0.3333333333333333,0;1;4;5,-1.1184737946330212,-1.1686312797445662,-2.2871050743775876,1.1686312797445662,1.8864889676965955,True,negative,low_under_50,0.0,-1.1184737946330212,-3.3554213838990634,0.21479672513086512
2024,2638,6,2,4,0.3333333333333333,0;2;3;4,0.1631495192900243,-2.4502545936676117,-2.2871050743775876,2.4502545936676117,1.8864889676965955,False,negative,low_under_50,0.0,0.1631495192900243,0.4894485578700729,1.4964200390539106
2024,2638,6,2,4,0.3333333333333333,0;2;3;5,-0.05015748511154505,-2.2369475892660424,-2.2871050743775876,2.2369475892660424,1.8864889676965955,False,negative,low_under_50,0.0,-0.05015748511154505,-0.15047245533463516,1.2831130346523412
2024,2638,6,2,4,0.3333333333333333,0;2;4;5,-0.21151800481495941,-2.075587069562628,-2.2871050743775876,2.075587069562628,1.8864889676965955,False,negative,low_under_50,0.0,-0.21151800481495941,-0.6345540144448782,1.121752514948927
2024,2638,6,2,4,0.3333333333333333,0;3;4;5,0.1631495192900243,-2.4502545936676117,-2.2871050743775876,2.4502545936676117,1.8864889676965955,False,negative,low_under_50,0.0,0.1631495192900243,0.4894485578700729,1.4964200390539106
2024,2638,6,2,4,0.3333333333333333,1;2;3;4,-1.1184737946330212,-1.1686312797445662,-2.2871050743775876,1.1686312797445662,1.8864889676965955,True,negative,low_under_50,0.0,-1.1184737946330212,-3.3554213838990634,0.21479672513086512
2024,2638,6,2,4,0.3333333333333333,1;2;3;5,-1.3317807990345907,-0.9553242753429969,-2.2871050743775876,0.9553242753429969,1.8864889676965955,True,negative,low_under_50,0.0,-1.3317807990345907,-3.995342397103772,0.0014897207292956516
2024,2638,6,2,4,0.3333333333333333,1;2;4;5,-1.493141318738005,-0.7939637556395825,-2.2871050743775876,0.7939637556395825,1.8864889676965955,True,negative,low_under_50,0.0,-1.493141318738005,-4.479423956214015,-0.1598707989741186
2024,2638,6,2,4,0.3333333333333333,1;3;4;5,-1.1184737946330212,-1.1686312797445662,-2.2871050743775876,1.1686312797445662,1.8864889676965955,True,negative,low_under_50,0.0,-1.1184737946330212,-3.3554213838990634,0.21479672513086512
2024,2638,6,2,4,0.3333333333333333,2;3;4;5,-0.21151800481495941,-2.075587069562628,-2.2871050743775876,2.075587069562628,1.8864889676965955,False,negative,low_under_50,0.0,-0.21151800481495941,-0.6345540144448782,1.121752514948927
2024,2638,6,3,3,0.5,0;1;2,-1.7036839342986094,-0.5834211400789782,-2.2871050743775876,0.5834211400789782,1.6337473699843328,True,negative,moderate_50_to_80,0.0,-1.7036839342986094,-3.4073678685972184,-0.7037310444756947
2024,2638,6,3,3,0.5,0;1;3,-1.3290164101936255,-0.9580886641839619,-2.2871050743775876,0.9580886641839619,1.6337473699843328,True,negative,moderate_50_to_80,0.0,-1.3290164101936255,-2.658032820387251,-0.32906352037071074
2024,2638,6,3,3,0.5,0;1;4,-1.49037692989704,-0.7967281444805475,-2.2871050743775876,0.7967281444805475,1.6337473699843328,True,negative,moderate_50_to_80,0.0,-1.49037692989704,-2.98075385979408,-0.4904240400741252
2024,2638,6,3,3,0.5,0;1;5,-1.7036839342986094,-0.5834211400789782,-2.2871050743775876,0.5834211400789782,1.6337473699843328,True,negative,moderate_50_to_80,0.0,-1.7036839342986094,-3.4073678685972184,-0.7037310444756947
2024,2638,6,3,3,0.5,0;2;3,-0.4220606203755638,-1.8650444540020237,-2.2871050743775876,1.8650444540020237,1.6337473699843328,False,negative,moderate_50_to_80,0.0,-0.4220606203755638,-0.8441212407511275,0.577892269447351
2024,2638,6,3,3,0.5,0;2;4,-0.5834211400789782,-1.7036839342986094,-2.2871050743775876,1.7036839342986094,1.6337473699843328,False,negative,moderate_50_to_80,0.0,-0.5834211400789782,-1.1668422801579563,0.4165317497439366
2024,2638,6,3,3,0.5,0;2;5,-0.7967281444805475,-1.49037692989704,-2.2871050743775876,1.49037692989704,1.6337473699843328,True,negative,moderate_50_to_80,0.0,-0.7967281444805475,-1.593456288961095,0.20322474534236723
2024,2638,6,3,3,0.5,0;3;4,-0.20875361597399444,-2.078351458403593,-2.2871050743775876,2.078351458403593,1.6337473699843328,False,negative,moderate_50_to_80,0.0,-0.20875361597399444,-0.4175072319479889,0.7911992738489203
2024,2638,6,3,3,0.5,0;3;5,-0.4220606203755638,-1.8650444540020237,-2.2871050743775876,1.8650444540020237,1.6337473699843328,False,negative,moderate_50_to_80,0.0,-0.4220606203755638,-0.8441212407511275,0.577892269447351
2024,2638,6,3,3,0.5,0;4;5,-0.5834211400789782,-1.7036839342986094,-2.2871050743775876,1.7036839342986094,1.6337473699843328,False,negative,moderate_50_to_80,0.0,-0.5834211400789782,-1.1668422801579563,0.4165317497439366
2024,2638,6,3,3,0.5,1;2;3,-1.7036839342986094,-0.5834211400789782,-2.2871050743775876,0.5834211400789782,1.6337473699843328,True,negative,moderate_50_to_80,0.0,-1.7036839342986094,-3.4073678685972184,-0.7037310444756947
2024,2638,6,3,3,0.5,1;2;4,-1.8650444540020237,-0.4220606203755638,-2.2871050743775876,0.4220606203755638,1.6337473699843328,True,negative,moderate_50_to_80,0.0,-1.8650444540020237,-3.7300889080040474,-0.8650915641791089
2024,2638,6,3,3,0.5,1;2;5,-2.078351458403593,-0.20875361597399444,-2.2871050743775876,0.20875361597399444,1.6337473699843328,True,negative,moderate_50_to_80,0.0,-2.078351458403593,-4.156702916807186,-1.078398568580678
2024,2638,6,3,3,0.5,1;3;4,-1.49037692989704,-0.7967281444805475,-2.2871050743775876,0.7967281444805475,1.6337473699843328,True,negative,moderate_50_to_80,0.0,-1.49037692989704,-2.98075385979408,-0.4904240400741252
2024,2638,6,3,3,0.5,1;3;5,-1.7036839342986094,-0.5834211400789782,-2.2871050743775876,0.5834211400789782,1.6337473699843328,True,negative,moderate_50_to_80,0.0,-1.7036839342986094,-3.4073678685972184,-0.7037310444756947
2024,2638,6,3,3,0.5,1;4;5,-1.8650444540020237,-0.4220606203755638,-2.2871050743775876,0.4220606203755638,1.6337473699843328,True,negative,moderate_50_to_80,0.0,-1.8650444540020237,-3.7300889080040474,-0.8650915641791089
2024,2638,6,3,3,0.5,2;3;4,-0.5834211400789782,-1.7036839342986094,-2.2871050743775876,1.7036839342986094,1.6337473699843328,False,negative,moderate_50_to_80,0.0,-0.5834211400789782,-1.1668422801579563,0.4165317497439366
2024,2638,6,3,3,0.5,2;3;5,-0.7967281444805475,-1.49037692989704,-2.2871050743775876,1.49037692989704,1.6337473699843328,True,negative,moderate_50_to_80,0.0,-0.7967281444805475,-1.593456288961095,0.20322474534236723
2024,2638,6,3,3,0.5,2;4;5,-0.9580886641839619,-1.3290164101936255,-2.2871050743775876,1.3290164101936255,1.6337473699843328,True,negative,moderate_50_to_80,0.0,-0.9580886641839619,-1.9161773283679235,0.04186422563895287
2024,2638,6,3,3,0.5,3;4;5,-0.5834211400789782,-1.7036839342986094,-2.2871050743775876,1.7036839342986094,1.6337473699843328,False,negative,moderate_50_to_80,0.0,-0.5834211400789782,-1.1668422801579563,0.4165317497439366
2024,2638,6,4,2,0.6666666666666666,0;1,-2.075587069562628,-0.21151800481495941,-2.2871050743775876,0.21151800481495941,1.3339491416918725,True,negative,moderate_50_to_80,0.0,-2.075587069562628,-3.1133806043439423,-1.408951809680685
2024,2638,6,4,2,0.6666666666666666,0;2,-1.1686312797445662,-1.1184737946330212,-2.2871050743775876,1.1184737946330212,1.3339491416918725,True,negative,moderate_50_to_80,0.0,-1.1686312797445662,-1.7529469196168492,-0.501996019862623
2024,2638,6,4,2,0.6666666666666666,0;3,-0.7939637556395825,-1.493141318738005,-2.2871050743775876,1.493141318738005,1.3339491416918725,True,negative,moderate_50_to_80,0.0,-0.7939637556395825,-1.1909456334593738,-0.12732849575763938
2024,2638,6,4,2,0.6666666666666666,0;4,-0.9553242753429969,-1.3317807990345907,-2.2871050743775876,1.3317807990345907,1.3339491416918725,True,negative,moderate_50_to_80,0.0,-0.9553242753429969,-1.4329864130144954,-0.28868901546105374
2024,2638,6,4,2,0.6666666666666666,0;5,-1.1686312797445662,-1.1184737946330212,-2.2871050743775876,1.1184737946330212,1.3339491416918725,True,negative,moderate_50_to_80,0.0,-1.1686312797445662,-1.7529469196168492,-0.501996019862623
2024,2638,6,4,2,0.6666666666666666,1;2,-2.4502545936676117,0.1631495192900243,-2.2871050743775876,0.1631495192900243,1.3339491416918725,True,positive,moderate_50_to_80,0.0,-2.4502545936676117,-3.6753818905014173,-1.7836193337856685
2024,2638,6,4,2,0.6666666666666666,1;3,-2.075587069562628,-0.21151800481495941,-2.2871050743775876,0.21151800481495941,1.3339491416918725,True,negative,moderate_50_to_80,0.0,-2.075587069562628,-3.1133806043439423,-1.408951809680685
2024,2638,6,4,2,0.6666666666666666,1;4,-2.2369475892660424,-0.05015748511154505,-2.2871050743775876,0.05015748511154505,1.3339491416918725,True,negative,moderate_50_to_80,0.0,-2.2369475892660424,-3.3554213838990634,-1.5703123293840993
2024,2638,6,4,2,0.6666666666666666,1;5,-2.4502545936676117,0.1631495192900243,-2.2871050743775876,0.1631495192900243,1.3339491416918725,True,positive,moderate_50_to_80,0.0,-2.4502545936676117,-3.6753818905014173,-1.7836193337856685
2024,2638,6,4,2,0.6666666666666666,2;3,-1.1686312797445662,-1.1184737946330212,-2.2871050743775876,1.1184737946330212,1.3339491416918725,True,negative,moderate_50_to_80,0.0,-1.1686312797445662,-1.7529469196168492,-0.501996019862623
2024,2638,6,4,2,0.6666666666666666,2;4,-1.3299917994479806,-0.9571132749296068,-2.2871050743775876,0.9571132749296068,1.3339491416918725,True,negative,moderate_50_to_80,0.0,-1.3299917994479806,-1.994987699171971,-0.6633565395660375
2024,2638,6,4,2,0.6666666666666666,2;5,-1.54329880384955,-0.7438062705280375,-2.2871050743775876,0.7438062705280375,1.3339491416918725,True,negative,moderate_50_to_80,0.0,-1.54329880384955,-2.314948205774325,-0.8766635439676069
2024,2638,6,4,2,0.6666666666666666,3;4,-0.9553242753429969,-1.3317807990345907,-2.2871050743775876,1.3317807990345907,1.3339491416918725,True,negative,moderate_50_to_80,0.0,-0.9553242753429969,-1.4329864130144954,-0.28868901546105374
2024,2638,6,4,2,0.6666666666666666,3;5,-1.1686312797445662,-1.1184737946330212,-2.2871050743775876,1.1184737946330212,1.3339491416918725,True,negative,moderate_50_to_80,0.0,-1.1686312797445662,-1.7529469196168492,-0.501996019862623
2024,2638,6,4,2,0.6666666666666666,4;5,-1.3299917994479806,-0.9571132749296068,-2.2871050743775876,0.9571132749296068,1.3339491416918725,True,negative,moderate_50_to_80,0.0,-1.3299917994479806,-1.994987699171971,-0.6633565395660375
2024,2638,6,5,1,0.8333333333333334,0,-1.540534415008585,-0.7465706593690025,-2.2871050743775876,0.7465706593690025,0.9432444838482977,True,negative,high_80_plus,0.0,-1.540534415008585,-1.848641298010302,-1.2072167850676134
2024,2638,6,5,1,0.8333333333333334,1,-2.8221577289316304,0.535052654554043,-2.2871050743775876,0.535052654554043,0.9432444838482977,True,positive,high_80_plus,0.0,-2.8221577289316304,-3.3865892747179567,-2.488840098990659
2024,2638,6,5,1,0.8333333333333334,2,-1.9152019391135688,-0.37190313526401875,-2.2871050743775876,0.37190313526401875,0.9432444838482977,True,negative,high_80_plus,0.0,-1.9152019391135688,-2.2982423269362826,-1.5818843091725974
2024,2638,6,5,1,0.8333333333333334,3,-1.540534415008585,-0.7465706593690025,-2.2871050743775876,0.7465706593690025,0.9432444838482977,True,negative,high_80_plus,0.0,-1.540534415008585,-1.848641298010302,-1.2072167850676134
2024,2638,6,5,1,0.8333333333333334,4,-1.7018949347119994,-0.5852101396655881,-2.2871050743775876,0.5852101396655881,0.9432444838482977,True,negative,high_80_plus,0.0,-1.7018949347119994,-2.0422739216543992,-1.3685773047710277
2024,2638,6,5,1,0.8333333333333334,5,-1.9152019391135688,-0.37190313526401875,-2.2871050743775876,0.37190313526401875,0.9432444838482977,True,negative,high_80_plus,0.0,-1.9152019391135688,-2.2982423269362826,-1.5818843091725974
2024,264,3,1,2,0.3333333333333333,0;1,0.012372536284775656,2.386343301335414,2.39871583762019,2.386343301335414,1.3339491416918725,True,positive,low_under_50,0.0,0.012372536284775656,0.03711760885432697,0.6790077961667188
2024,264,3,1,2,0.3333333333333333,0;2,0.6294425076774177,1.769273329942772,2.39871583762019,1.769273329942772,1.3339491416918725,True,positive,low_under_50,0.0,0.6294425076774177,1.8883275230322532,1.2960777675593609
2024,264,3,1,2,0.3333333333333333,1;2,1.7569007936579963,0.6418150439621934,2.39871583762019,0.6418150439621934,1.3339491416918725,True,positive,low_under_50,0.0,1.7569007936579963,5.270702380973989,2.4235360535399395
2024,264,3,2,1,0.6666666666666666,0,0.6418150439621934,1.7569007936579963,2.39871583762019,1.7569007936579963,0.9432444838482977,True,positive,moderate_50_to_80,0.0,0.6418150439621934,0.9627225659432901,0.9751326739031649
2024,264,3,2,1,0.6666666666666666,1,1.769273329942772,0.6294425076774177,2.39871583762019,0.6294425076774177,0.9432444838482977,True,positive,moderate_50_to_80,0.0,1.769273329942772,2.6539099949141582,2.102590959883744
2024,264,3,2,1,0.6666666666666666,2,2.386343301335414,0.012372536284775656,2.39871583762019,0.012372536284775656,0.9432444838482977,True,positive,moderate_50_to_80,0.0,2.386343301335414,3.5795149520031213,2.7196609312763855
2024,2649,2,1,1,0.5,0,-0.7465706593690025,-0.5852101396655881,-1.3317807990345907,0.5852101396655881,0.9432444838482977,True,negative,moderate_50_to_80,0.0,-0.7465706593690025,-1.493141318738005,-0.4132530294280309
2024,2649,2,1,1,0.5,1,-0.5852101396655881,-0.7465706593690025,-1.3317807990345907,0.7465706593690025,0.9432444838482977,True,negative,moderate_50_to_80,0.0,-0.5852101396655881,-1.1704202793311762,-0.2518925097246165
2024,265,2,1,1,0.5,0,0.4294834288149792,1.5184945305756454,1.9479779593906246,1.5184945305756454,0.9432444838482977,True,positive,moderate_50_to_80,0.0,0.4294834288149792,0.8589668576299584,0.7628010587559508
2024,265,2,1,1,0.5,1,1.5184945305756454,0.4294834288149792,1.9479779593906246,0.4294834288149792,0.9432444838482977,True,positive,moderate_50_to_80,0.0,1.5184945305756454,3.036989061151291,1.8518121605166171
2024,277,6,1,5,0.16666666666666666,0;1;2;3;4,1.9844657949045224,5.414358440679257,7.3988242355837786,5.414358440679257,2.109158785286496,False,positive,low_under_50,0.0,1.9844657949045224,11.906794769427133,3.65105394460938
2024,277,6,1,5,0.16666666666666666,0;1;2;3;5,1.1912882600942927,6.207535975489486,7.3988242355837786,6.207535975489486,2.109158785286496,False,positive,low_under_50,0.0,1.1912882600942927,7.147729560565756,2.8578764097991503
2024,277,6,1,5,0.16666666666666666,0;1;2;4;5,0.6109583191264392,6.787865916457339,7.3988242355837786,6.787865916457339,2.109158785286496,False,positive,low_under_50,0.0,0.6109583191264392,3.665749914758635,2.277546468831297
2024,277,6,1,5,0.16666666666666666,0;1;3;4;5,0.9973919957627373,6.401432239821041,7.3988242355837786,6.401432239821041,2.109158785286496,False,positive,low_under_50,0.0,0.9973919957627373,5.984351974576423,2.663980145467595
2024,277,6,1,5,0.16666666666666666,0;2;3;4;5,1.3424823282368825,6.056341907346896,7.3988242355837786,6.056341907346896,2.109158785286496,False,positive,low_under_50,0.0,1.3424823282368825,8.054893969421295,3.0090704779417403
2024,277,6,1,5,0.16666666666666666,1;2;3;4;5,1.2722375374589046,6.126586698124874,7.3988242355837786,6.126586698124874,2.109158785286496,False,positive,low_under_50,0.0,1.2722375374589046,7.633425224753427,2.9388256871637624
2024,277,6,2,4,0.3333333333333333,0;1;2;3,3.175754054998815,4.223070180584964,7.3988242355837786,4.223070180584964,1.8864889676965955,True,positive,low_under_50,0.0,3.175754054998815,9.527262164996444,4.509024574762702
2024,277,6,2,4,0.3333333333333333,0;1;2;4,2.5954241140309615,4.8034001215528175,7.3988242355837786,4.8034001215528175,1.8864889676965955,False,positive,low_under_50,0.0,2.5954241140309615,7.786272342092884,3.928694633794848
2024,277,6,2,4,0.3333333333333333,0;1;2;5,1.8022465792207318,5.5965776563630465,7.3988242355837786,5.5965776563630465,1.8864889676965955,False,positive,low_under_50,0.0,1.8022465792207318,5.406739737662195,3.135517098984618
2024,277,6,2,4,0.3333333333333333,0;1;3;4,2.9818577906672594,4.416966444916519,7.3988242355837786,4.416966444916519,1.8864889676965955,True,positive,low_under_50,0.0,2.9818577906672594,8.945573372001778,4.315128310431145
2024,277,6,2,4,0.3333333333333333,0;1;3;5,2.18868025585703,5.210143979726748,7.3988242355837786,5.210143979726748,1.8864889676965955,False,positive,low_under_50,0.0,2.18868025585703,6.56604076757109,3.5219507756209163
2024,277,6,2,4,0.3333333333333333,0;1;4;5,1.6083503148891765,5.790473920694602,7.3988242355837786,5.790473920694602,1.8864889676965955,False,positive,low_under_50,0.0,1.6083503148891765,4.825050944667529,2.9416208346530626
2024,277,6,2,4,0.3333333333333333,0;2;3;4,3.326948123141405,4.071876112442373,7.3988242355837786,4.071876112442373,1.8864889676965955,True,positive,low_under_50,0.0,3.326948123141405,9.980844369424215,4.660218642905291
2024,277,6,2,4,0.3333333333333333,0;2;3;5,2.5337705883311754,4.865053647252603,7.3988242355837786,4.865053647252603,1.8864889676965955,False,positive,low_under_50,0.0,2.5337705883311754,7.601311764993526,3.8670411080950617
2024,277,6,2,4,0.3333333333333333,0;2;4;5,1.9534406473633217,5.445383588220457,7.3988242355837786,5.445383588220457,1.8864889676965955,False,positive,low_under_50,0.0,1.9534406473633217,5.860321942089965,3.286711167127208
2024,277,6,2,4,0.3333333333333333,0;3;4;5,2.33987432399962,5.0589499115841585,7.3988242355837786,5.0589499115841585,1.8864889676965955,False,positive,low_under_50,0.0,2.33987432399962,7.01962297199886,3.6731448437635064
2024,277,6,2,4,0.3333333333333333,1;2;3;4,3.256703332363427,4.142120903220352,7.3988242355837786,4.142120903220352,1.8864889676965955,True,positive,low_under_50,0.0,3.256703332363427,9.77010999709028,4.589973852127313
2024,277,6,2,4,0.3333333333333333,1;2;3;5,2.4635257975531974,4.935298438030581,7.3988242355837786,4.935298438030581,1.8864889676965955,False,positive,low_under_50,0.0,2.4635257975531974,7.390577392659592,3.796796317317084
2024,277,6,2,4,0.3333333333333333,1;2;4;5,1.8831958565853437,5.515628378998435,7.3988242355837786,5.515628378998435,1.8864889676965955,False,positive,low_under_50,0.0,1.8831958565853437,5.649587569756031,3.21646637634923
2024,277,6,2,4,0.3333333333333333,1;3;4;5,2.269629533221642,5.1291947023621365,7.3988242355837786,5.1291947023621365,1.8864889676965955,False,positive,low_under_50,0.0,2.269629533221642,6.808888599664926,3.6029000529855284
2024,277,6,2,4,0.3333333333333333,2;3;4;5,2.614719865695787,4.7841043698879915,7.3988242355837786,4.7841043698879915,1.8864889676965955,False,positive,low_under_50,0.0,2.614719865695787,7.844159597087361,3.9479903854596734
2024,277,6,3,3,0.5,0;1;2,3.786712374125254,3.6121118614585246,7.3988242355837786,3.6121118614585246,1.6337473699843328,True,positive,moderate_50_to_80,0.0,3.786712374125254,7.573424748250507,4.786665263948168
2024,277,6,3,3,0.5,0;1;3,4.173146050761552,3.2256781848222262,7.3988242355837786,3.2256781848222262,1.6337473699843328,True,positive,moderate_50_to_80,0.0,4.173146050761552,8.346292101523105,5.173098940584467
2024,277,6,3,3,0.5,0;1;4,3.5928161097936986,3.80600812579008,7.3988242355837786,3.80600812579008,1.6337473699843328,False,positive,moderate_50_to_80,0.0,3.5928161097936986,7.185632219587397,4.592768999616613
2024,277,6,3,3,0.5,0;1;5,2.799638574983469,4.599185660600309,7.3988242355837786,4.599185660600309,1.6337473699843328,False,positive,moderate_50_to_80,0.0,2.799638574983469,5.599277149966938,3.799591464806384
2024,277,6,3,3,0.5,0;2;3,4.518236383235697,2.8805878523480812,7.3988242355837786,2.8805878523480812,1.6337473699843328,True,positive,moderate_50_to_80,0.0,4.518236383235697,9.036472766471395,5.518189273058612
2024,277,6,3,3,0.5,0;2;4,3.937906442267844,3.4609177933159345,7.3988242355837786,3.4609177933159345,1.6337473699843328,True,positive,moderate_50_to_80,0.0,3.937906442267844,7.875812884535688,4.937859332090759
2024,277,6,3,3,0.5,0;2;5,3.1447289074576146,4.254095328126164,7.3988242355837786,4.254095328126164,1.6337473699843328,False,positive,moderate_50_to_80,0.0,3.1447289074576146,6.289457814915228,4.144681797280529
2024,277,6,3,3,0.5,0;3;4,4.324340118904142,3.0744841166796366,7.3988242355837786,3.0744841166796366,1.6337473699843328,True,positive,moderate_50_to_80,0.0,4.324340118904142,8.648680237808284,5.324293008727056
2024,277,6,3,3,0.5,0;3;5,3.5311625840939125,3.867661651489866,7.3988242355837786,3.867661651489866,1.6337473699843328,False,positive,moderate_50_to_80,0.0,3.5311625840939125,7.062325168187825,4.531115473916827
2024,277,6,3,3,0.5,0;4;5,2.950832643126059,4.447991592457719,7.3988242355837786,4.447991592457719,1.6337473699843328,False,positive,moderate_50_to_80,0.0,2.950832643126059,5.901665286252118,3.950785532948974
2024,277,6,3,3,0.5,1;2;3,4.447991592457719,2.950832643126059,7.3988242355837786,2.950832643126059,1.6337473699843328,True,positive,moderate_50_to_80,0.0,4.447991592457719,8.895983184915439,5.447944482280634
2024,277,6,3,3,0.5,1;2;4,3.867661651489866,3.5311625840939125,7.3988242355837786,3.5311625840939125,1.6337473699843328,True,positive,moderate_50_to_80,0.0,3.867661651489866,7.735323302979732,4.867614541312781
2024,277,6,3,3,0.5,1;2;5,3.0744841166796366,4.324340118904142,7.3988242355837786,4.324340118904142,1.6337473699843328,False,positive,moderate_50_to_80,0.0,3.0744841166796366,6.148968233359273,4.074437006502551
2024,277,6,3,3,0.5,1;3;4,4.254095328126164,3.1447289074576146,7.3988242355837786,3.1447289074576146,1.6337473699843328,True,positive,moderate_50_to_80,0.0,4.254095328126164,8.508190656252328,5.254048217949078
2024,277,6,3,3,0.5,1;3;5,3.4609177933159345,3.937906442267844,7.3988242355837786,3.937906442267844,1.6337473699843328,False,positive,moderate_50_to_80,0.0,3.4609177933159345,6.921835586631869,4.460870683138849
2024,277,6,3,3,0.5,1;4;5,2.8805878523480812,4.518236383235697,7.3988242355837786,4.518236383235697,1.6337473699843328,False,positive,moderate_50_to_80,0.0,2.8805878523480812,5.761175704696162,3.880540742170996
2024,277,6,3,3,0.5,2;3;4,4.599185660600309,2.799638574983469,7.3988242355837786,2.799638574983469,1.6337473699843328,True,positive,moderate_50_to_80,0.0,4.599185660600309,9.198371321200618,5.599138550423223
2024,277,6,3,3,0.5,2;3;5,3.80600812579008,3.5928161097936986,7.3988242355837786,3.5928161097936986,1.6337473699843328,True,positive,moderate_50_to_80,0.0,3.80600812579008,7.612016251580161,4.805961015612994
2024,277,6,3,3,0.5,2;4;5,3.2256781848222262,4.173146050761552,7.3988242355837786,4.173146050761552,1.6337473699843328,False,positive,moderate_50_to_80,0.0,3.2256781848222262,6.451356369644453,4.225631074645141
2024,277,6,3,3,0.5,3;4;5,3.6121118614585246,3.786712374125254,7.3988242355837786,3.786712374125254,1.6337473699843328,False,positive,moderate_50_to_80,0.0,3.6121118614585246,7.224223722917049,4.612064751281439
2024,277,6,4,2,0.6666666666666666,0;1,4.7841043698879915,2.614719865695787,7.3988242355837786,2.614719865695787,1.3339491416918725,True,positive,moderate_50_to_80,0.0,4.7841043698879915,7.176156554831987,5.450739629769934
2024,277,6,4,2,0.6666666666666666,0;2,5.1291947023621365,2.269629533221642,7.3988242355837786,2.269629533221642,1.3339491416918725,True,positive,moderate_50_to_80,0.0,5.1291947023621365,7.693792053543205,5.795829962244079
2024,277,6,4,2,0.6666666666666666,0;3,5.515628378998435,1.8831958565853437,7.3988242355837786,1.8831958565853437,1.3339491416918725,True,positive,moderate_50_to_80,0.0,5.515628378998435,8.273442568497652,6.182263638880378
2024,277,6,4,2,0.6666666666666666,0;4,4.935298438030581,2.4635257975531974,7.3988242355837786,2.4635257975531974,1.3339491416918725,True,positive,moderate_50_to_80,0.0,4.935298438030581,7.402947657045871,5.601933697912524
2024,277,6,4,2,0.6666666666666666,0;5,4.142120903220352,3.256703332363427,7.3988242355837786,3.256703332363427,1.3339491416918725,False,positive,moderate_50_to_80,0.0,4.142120903220352,6.213181354830528,4.808756163102295
2024,277,6,4,2,0.6666666666666666,1;2,5.0589499115841585,2.33987432399962,7.3988242355837786,2.33987432399962,1.3339491416918725,True,positive,moderate_50_to_80,0.0,5.0589499115841585,7.588424867376238,5.7255851714661015
2024,277,6,4,2,0.6666666666666666,1;3,5.445383588220457,1.9534406473633217,7.3988242355837786,1.9534406473633217,1.3339491416918725,True,positive,moderate_50_to_80,0.0,5.445383588220457,8.168075382330684,6.1120188481024
2024,277,6,4,2,0.6666666666666666,1;4,4.865053647252603,2.5337705883311754,7.3988242355837786,2.5337705883311754,1.3339491416918725,True,positive,moderate_50_to_80,0.0,4.865053647252603,7.297580470878905,5.531688907134546
2024,277,6,4,2,0.6666666666666666,1;5,4.071876112442373,3.326948123141405,7.3988242355837786,3.326948123141405,1.3339491416918725,False,positive,moderate_50_to_80,0.0,4.071876112442373,6.10781416866356,4.738511372324316
2024,277,6,4,2,0.6666666666666666,2;3,5.790473920694602,1.6083503148891765,7.3988242355837786,1.6083503148891765,1.3339491416918725,True,positive,moderate_50_to_80,0.0,5.790473920694602,8.685710881041903,6.457109180576545
2024,277,6,4,2,0.6666666666666666,2;4,5.210143979726748,2.18868025585703,7.3988242355837786,2.18868025585703,1.3339491416918725,True,positive,moderate_50_to_80,0.0,5.210143979726748,7.815215969590122,5.876779239608691
2024,277,6,4,2,0.6666666666666666,2;5,4.416966444916519,2.9818577906672594,7.3988242355837786,2.9818577906672594,1.3339491416918725,False,positive,moderate_50_to_80,0.0,4.416966444916519,6.625449667374779,5.083601704798462
2024,277,6,4,2,0.6666666666666666,3;4,5.5965776563630465,1.8022465792207318,7.3988242355837786,1.8022465792207318,1.3339491416918725,True,positive,moderate_50_to_80,0.0,5.5965776563630465,8.39486648454457,6.263212916244989
2024,277,6,4,2,0.6666666666666666,3;5,4.8034001215528175,2.5954241140309615,7.3988242355837786,2.5954241140309615,1.3339491416918725,True,positive,moderate_50_to_80,0.0,4.8034001215528175,7.205100182329226,5.47003538143476
2024,277,6,4,2,0.6666666666666666,4;5,4.223070180584964,3.175754054998815,7.3988242355837786,3.175754054998815,1.3339491416918725,False,positive,moderate_50_to_80,0.0,4.223070180584964,6.334605270877446,4.889705440466907
2024,277,6,5,1,0.8333333333333334,0,6.126586698124874,1.2722375374589046,7.3988242355837786,1.2722375374589046,0.9432444838482977,True,positive,high_80_plus,0.0,6.126586698124874,7.351904037749849,6.4599043280658455
2024,277,6,5,1,0.8333333333333334,1,6.056341907346896,1.3424823282368825,7.3988242355837786,1.3424823282368825,0.9432444838482977,True,positive,high_80_plus,0.0,6.056341907346896,7.267610288816274,6.3896595372878675
2024,277,6,5,1,0.8333333333333334,2,6.401432239821041,0.9973919957627373,7.3988242355837786,0.9973919957627373,0.9432444838482977,True,positive,high_80_plus,0.0,6.401432239821041,7.681718687785249,6.7347498697620125
2024,277,6,5,1,0.8333333333333334,3,6.787865916457339,0.6109583191264392,7.3988242355837786,0.6109583191264392,0.9432444838482977,True,positive,high_80_plus,0.0,6.787865916457339,8.145439099748808,7.121183546398311
2024,277,6,5,1,0.8333333333333334,4,6.207535975489486,1.1912882600942927,7.3988242355837786,1.1912882600942927,0.9432444838482977,True,positive,high_80_plus,0.0,6.207535975489486,7.449043170587383,6.540853605430457
2024,277,6,5,1,0.8333333333333334,5,5.414358440679257,1.9844657949045224,7.3988242355837786,1.9844657949045224,0.9432444838482977,False,positive,high_80_plus,0.0,5.414358440679257,6.497230128815107,5.747676070620228
2024,295,3,1,2,0.3333333333333333,0;1,0.4613639519543391,-0.504863829909473,-0.043499877955133825,0.504863829909473,1.3339491416918725,True,negative,low_under_50,0.0,0.4613639519543391,1.3840918558630173,1.1279992118362823
2024,295,3,1,2,0.3333333333333333,0;2,0.24170682945952954,-0.28520670741466336,-0.043499877955133825,0.28520670741466336,1.3339491416918725,True,negative,low_under_50,0.0,0.24170682945952954,0.7251204883785887,0.9083420893414726
2024,295,3,1,2,0.3333333333333333,1;2,-0.7465706593690025,0.7030707814138686,-0.043499877955133825,0.7030707814138686,1.3339491416918725,True,positive,low_under_50,0.0,-0.7465706593690025,-2.2397119781070076,-0.0799353994870593
2024,295,3,2,1,0.6666666666666666,0,0.7030707814138686,-0.7465706593690025,-0.043499877955133825,0.7465706593690025,0.9432444838482977,True,negative,moderate_50_to_80,0.0,0.7030707814138686,1.0546061721208029,1.03638841135484
2024,295,3,2,1,0.6666666666666666,1,-0.28520670741466336,0.24170682945952954,-0.043499877955133825,0.24170682945952954,0.9432444838482977,True,positive,moderate_50_to_80,0.0,-0.28520670741466336,-0.42781006112199504,0.04811092252630822
2024,295,3,2,1,0.6666666666666666,2,-0.504863829909473,0.4613639519543391,-0.043499877955133825,0.4613639519543391,0.9432444838482977,True,positive,moderate_50_to_80,0.0,-0.504863829909473,-0.7572957448642095,-0.1715461999685014
2024,30,5,1,4,0.2,0;1;2;3,0.6723955102909868,4.191961330392039,4.864356840683026,4.191961330392039,1.8864889676965955,True,positive,low_under_50,0.0,0.6723955102909868,3.3619775514549337,2.005666030054873
2024,30,5,1,4,0.2,0;1;2;4,-0.7465706593690025,5.6109275000520284,4.864356840683026,5.6109275000520284,1.8864889676965955,False,positive,low_under_50,0.0,-0.7465706593690025,-3.732853296845012,0.5866998603948839
2024,30,5,1,4,0.2,0;1;3;4,1.9779287660734257,2.8864280746096003,4.864356840683026,2.8864280746096003,1.8864889676965955,True,positive,low_under_50,0.0,1.9779287660734257,9.88964383036713,3.3111992858373123
2024,30,5,1,4,0.2,0;2;3;4,1.4171587096969953,3.4471981309860307,4.864356840683026,3.4471981309860307,1.8864889676965955,True,positive,low_under_50,0.0,1.4171587096969953,7.085793548484976,2.750429229460882
2024,30,5,1,4,0.2,1;2;3;4,1.5434445139906205,3.3209123266924054,4.864356840683026,3.3209123266924054,1.8864889676965955,True,positive,low_under_50,0.0,1.5434445139906205,7.717222569953103,2.8767150337545067
2024,30,5,2,3,0.4,0;1;2,-0.0741751490780157,4.938531989761041,4.864356840683026,4.938531989761041,1.6337473699843328,False,positive,low_under_50,0.0,-0.0741751490780157,-0.18543787269503925,0.925777740744899
2024,30,5,2,3,0.4,0;1;3,2.6503242763644126,2.2140325643186136,4.864356840683026,2.2140325643186136,1.6337473699843328,True,positive,low_under_50,0.0,2.6503242763644126,6.625810690911031,3.6502771661873274
2024,30,5,2,3,0.4,0;1;4,1.2313581067044232,3.6329987339786025,4.864356840683026,3.6329987339786025,1.6337473699843328,True,positive,low_under_50,0.0,1.2313581067044232,3.078395266761058,2.231310996527338
2024,30,5,2,3,0.4,0;2;3,2.089554219987982,2.774802620695044,4.864356840683026,2.774802620695044,1.6337473699843328,True,positive,low_under_50,0.0,2.089554219987982,5.223885549969955,3.089507109810897
2024,30,5,2,3,0.4,0;2;4,0.6705880503279928,4.193768790355033,4.864356840683026,4.193768790355033,1.6337473699843328,False,positive,low_under_50,0.0,0.6705880503279928,1.6764701258199821,1.6705409401509077
2024,30,5,2,3,0.4,0;3;4,3.395087475770421,1.4692693649126047,4.864356840683026,1.4692693649126047,1.6337473699843328,True,positive,low_under_50,0.0,3.395087475770421,8.487718689426053,4.395040365593336
2024,30,5,2,3,0.4,1;2;3,2.2158400242816074,2.6485168164014183,4.864356840683026,2.6485168164014183,1.6337473699843328,True,positive,low_under_50,0.0,2.2158400242816074,5.539600060704019,3.2157929141045223
2024,30,5,2,3,0.4,1;2;4,0.7968738546216181,4.067482986061408,4.864356840683026,4.067482986061408,1.6337473699843328,False,positive,low_under_50,0.0,0.7968738546216181,1.9921846365540452,1.796826744444533
2024,30,5,2,3,0.4,1;3;4,3.5213732800640463,1.3429835606189795,4.864356840683026,1.3429835606189795,1.6337473699843328,True,positive,low_under_50,0.0,3.5213732800640463,8.803433200160116,4.521326169886961
2024,30,5,2,3,0.4,2;3;4,2.960603223687616,1.90375361699541,4.864356840683026,1.90375361699541,1.6337473699843328,True,positive,low_under_50,0.0,2.960603223687616,7.40150805921904,3.9605561135105307
2024,30,5,3,2,0.6,0;1,1.90375361699541,2.960603223687616,4.864356840683026,2.960603223687616,1.3339491416918725,False,positive,moderate_50_to_80,0.0,1.90375361699541,3.1729226949923497,2.5703888768773533
2024,30,5,3,2,0.6,0;2,1.3429835606189795,3.5213732800640463,4.864356840683026,3.5213732800640463,1.3339491416918725,False,positive,moderate_50_to_80,0.0,1.3429835606189795,2.238305934364966,2.009618820500923
2024,30,5,3,2,0.6,0;3,4.067482986061408,0.7968738546216181,4.864356840683026,0.7968738546216181,1.3339491416918725,True,positive,moderate_50_to_80,0.0,4.067482986061408,6.779138310102346,4.734118245943351
2024,30,5,3,2,0.6,0;4,2.6485168164014183,2.2158400242816074,4.864356840683026,2.2158400242816074,1.3339491416918725,True,positive,moderate_50_to_80,0.0,2.6485168164014183,4.414194694002364,3.3151520762833613
2024,30,5,3,2,0.6,1;2,1.4692693649126047,3.395087475770421,4.864356840683026,3.395087475770421,1.3339491416918725,False,positive,moderate_50_to_80,0.0,1.4692693649126047,2.448782274854341,2.1359046247945477
2024,30,5,3,2,0.6,1;3,4.193768790355033,0.6705880503279928,4.864356840683026,0.6705880503279928,1.3339491416918725,True,positive,moderate_50_to_80,0.0,4.193768790355033,6.989614650591722,4.860404050236976
2024,30,5,3,2,0.6,1;4,2.774802620695044,2.089554219987982,4.864356840683026,2.089554219987982,1.3339491416918725,True,positive,moderate_50_to_80,0.0,2.774802620695044,4.62467103449174,3.441437880576987
2024,30,5,3,2,0.6,2;3,3.6329987339786025,1.2313581067044232,4.864356840683026,1.2313581067044232,1.3339491416918725,True,positive,moderate_50_to_80,0.0,3.6329987339786025,6.054997889964337,4.299633993860546
2024,30,5,3,2,0.6,2;4,2.2140325643186136,2.6503242763644126,4.864356840683026,2.6503242763644126,1.3339491416918725,True,positive,moderate_50_to_80,0.0,2.2140325643186136,3.6900542738643565,2.8806678242005566
2024,30,5,3,2,0.6,3;4,4.938531989761041,-0.0741751490780157,4.864356840683026,0.0741751490780157,1.3339491416918725,True,negative,moderate_50_to_80,0.0,4.938531989761041,8.230886649601736,5.605167249642984
2024,30,5,4,1,0.8,0,3.3209123266924054,1.5434445139906205,4.864356840683026,1.5434445139906205,0.9432444838482977,True,positive,high_80_plus,0.0,3.3209123266924054,4.151140408365507,3.654229956633377
2024,30,5,4,1,0.8,1,3.4471981309860307,1.4171587096969953,4.864356840683026,1.4171587096969953,0.9432444838482977,True,positive,high_80_plus,0.0,3.4471981309860307,4.308997663732538,3.780515760927002
2024,30,5,4,1,0.8,2,2.8864280746096003,1.9779287660734257,4.864356840683026,1.9779287660734257,0.9432444838482977,False,positive,high_80_plus,0.0,2.8864280746096003,3.6080350932620004,3.2197457045505717
2024,30,5,4,1,0.8,3,5.6109275000520284,-0.7465706593690025,4.864356840683026,0.7465706593690025,0.9432444838482977,True,negative,high_80_plus,0.0,5.6109275000520284,7.013659375065036,5.944245129993
2024,30,5,4,1,0.8,4,4.191961330392039,0.6723955102909868,4.864356840683026,0.6723955102909868,0.9432444838482977,True,positive,high_80_plus,0.0,4.191961330392039,5.239951662990049,4.525278960333011
2024,333,5,1,4,0.2,0;1;2;3,1.1932181968154385,3.296334377605354,4.4895525744207925,3.296334377605354,1.8864889676965955,True,positive,low_under_50,0.0,1.1932181968154385,5.9660909840771925,2.526488716579325
2024,333,5,1,4,0.2,0;1;2;4,1.650004566013018,2.8395480084077747,4.4895525744207925,2.8395480084077747,1.8864889676965955,True,positive,low_under_50,0.0,1.650004566013018,8.25002283006509,2.9832750857769046
2024,333,5,1,4,0.2,0;1;3;4,0.7459027591778183,3.7436498152429745,4.4895525744207925,3.7436498152429745,1.8864889676965955,True,positive,low_under_50,0.0,0.7459027591778183,3.729513795889092,2.079173278941705
2024,333,5,1,4,0.2,0;2;3;4,-0.42384961996217363,4.913402194382966,4.4895525744207925,4.913402194382966,1.8864889676965955,False,positive,low_under_50,0.0,-0.42384961996217363,-2.1192480998108683,0.9094208998017127
2024,333,5,1,4,0.2,1;2;3;4,1.3242766723766914,3.165275902044101,4.4895525744207925,3.165275902044101,1.8864889676965955,True,positive,low_under_50,0.0,1.3242766723766914,6.621383361883457,2.6575471921405778
2024,333,5,2,3,0.4,0;1;2,2.8432227628284563,1.6463298115923362,4.4895525744207925,1.6463298115923362,1.6337473699843328,True,positive,low_under_50,0.0,2.8432227628284563,7.108056907071141,3.843175652651371
2024,333,5,2,3,0.4,0;1;3,1.939120955993257,2.550431618427536,4.4895525744207925,2.550431618427536,1.6337473699843328,True,positive,low_under_50,0.0,1.939120955993257,4.847802389983142,2.939073845816172
2024,333,5,2,3,0.4,0;1;4,2.3959073251908363,2.093645249229956,4.4895525744207925,2.093645249229956,1.6337473699843328,True,positive,low_under_50,0.0,2.3959073251908363,5.989768312977091,3.395860215013751
2024,333,5,2,3,0.4,0;2;3,0.7693685768532649,3.7201839975675277,4.4895525744207925,3.7201839975675277,1.6337473699843328,False,positive,low_under_50,0.0,0.7693685768532649,1.9234214421331621,1.7693214666761796
2024,333,5,2,3,0.4,0;2;4,1.2261549460508445,3.2633976283699484,4.4895525744207925,3.2633976283699484,1.6337473699843328,True,positive,low_under_50,0.0,1.2261549460508445,3.065387365127111,2.2261078358737594
2024,333,5,2,3,0.4,0;3;4,0.3220531392156447,4.167499435205148,4.4895525744207925,4.167499435205148,1.6337473699843328,False,positive,low_under_50,0.0,0.3220531392156447,0.8051328480391118,1.3220060290385596
2024,333,5,2,3,0.4,1;2;3,2.51749486919213,1.9720577052286627,4.4895525744207925,1.9720577052286627,1.6337473699843328,True,positive,low_under_50,0.0,2.51749486919213,6.293737172980325,3.517447759015045
2024,333,5,2,3,0.4,1;2;4,2.9742812383897093,1.5152713360310832,4.4895525744207925,1.5152713360310832,1.6337473699843328,True,positive,low_under_50,0.0,2.9742812383897093,7.435703095974273,3.974234128212624
2024,333,5,2,3,0.4,1;3;4,2.07017943155451,2.419373142866283,4.4895525744207925,2.419373142866283,1.6337473699843328,True,positive,low_under_50,0.0,2.07017943155451,5.175448578886275,3.0701323213774248
2024,333,5,2,3,0.4,2;3;4,0.9004270524145178,3.5891255220062748,4.4895525744207925,3.5891255220062748,1.6337473699843328,True,positive,low_under_50,0.0,0.9004270524145178,2.2510676310362947,1.9003799422374326
2024,333,5,3,2,0.6,0;1,3.5891255220062748,0.9004270524145178,4.4895525744207925,0.9004270524145178,1.3339491416918725,True,positive,moderate_50_to_80,0.0,3.5891255220062748,5.981875870010458,4.255760781888218
2024,333,5,3,2,0.6,0;2,2.419373142866283,2.07017943155451,4.4895525744207925,2.07017943155451,1.3339491416918725,True,positive,moderate_50_to_80,0.0,2.419373142866283,4.032288571443805,3.0860084027482264
2024,333,5,3,2,0.6,0;3,1.5152713360310832,2.9742812383897093,4.4895525744207925,2.9742812383897093,1.3339491416918725,False,positive,moderate_50_to_80,0.0,1.5152713360310832,2.525452226718472,2.181906595913026
2024,333,5,3,2,0.6,0;4,1.9720577052286627,2.51749486919213,4.4895525744207925,2.51749486919213,1.3339491416918725,True,positive,moderate_50_to_80,0.0,1.9720577052286627,3.2867628420477715,2.638692965110606
2024,333,5,3,2,0.6,1;2,4.167499435205148,0.3220531392156447,4.4895525744207925,0.3220531392156447,1.3339491416918725,True,positive,moderate_50_to_80,0.0,4.167499435205148,6.94583239200858,4.834134695087091
2024,333,5,3,2,0.6,1;3,3.2633976283699484,1.2261549460508445,4.4895525744207925,1.2261549460508445,1.3339491416918725,True,positive,moderate_50_to_80,0.0,3.2633976283699484,5.438996047283247,3.9300328882518913
2024,333,5,3,2,0.6,1;4,3.7201839975675277,0.7693685768532649,4.4895525744207925,0.7693685768532649,1.3339491416918725,True,positive,moderate_50_to_80,0.0,3.7201839975675277,6.2003066626125465,4.386819257449471
2024,333,5,3,2,0.6,2;3,2.093645249229956,2.3959073251908363,4.4895525744207925,2.3959073251908363,1.3339491416918725,True,positive,moderate_50_to_80,0.0,2.093645249229956,3.4894087487165937,2.760280509111899
2024,333,5,3,2,0.6,2;4,2.550431618427536,1.939120955993257,4.4895525744207925,1.939120955993257,1.3339491416918725,True,positive,moderate_50_to_80,0.0,2.550431618427536,4.250719364045893,3.2170668783094793
2024,333,5,3,2,0.6,3;4,1.6463298115923362,2.8432227628284563,4.4895525744207925,2.8432227628284563,1.3339491416918725,True,positive,moderate_50_to_80,0.0,1.6463298115923362,2.74388301932056,2.312965071474279
2024,333,5,4,1,0.8,0,3.165275902044101,1.3242766723766914,4.4895525744207925,1.3242766723766914,0.9432444838482977,True,positive,high_80_plus,0.0,3.165275902044101,3.9565948775551263,3.4985935319850725
2024,333,5,4,1,0.8,1,4.913402194382966,-0.42384961996217363,4.4895525744207925,0.42384961996217363,0.9432444838482977,True,negative,high_80_plus,0.0,4.913402194382966,6.141752742978708,5.246719824323938
2024,333,5,4,1,0.8,2,3.7436498152429745,0.7459027591778183,4.4895525744207925,0.7459027591778183,0.9432444838482977,True,positive,high_80_plus,0.0,3.7436498152429745,4.679562269053718,4.076967445183946
2024,333,5,4,1,0.8,3,2.8395480084077747,1.650004566013018,4.4895525744207925,1.650004566013018,0.9432444838482977,True,positive,high_80_plus,0.0,2.8395480084077747,3.5494350105097183,3.172865638348746
2024,333,5,4,1,0.8,4,3.296334377605354,1.1932181968154385,4.4895525744207925,1.1932181968154385,0.9432444838482977,True,positive,high_80_plus,0.0,3.296334377605354,4.120417972006693,3.6296520075463254
2024,344,3,1,2,0.3333333333333333,0;1,-0.7465706593690025,-1.170420279331176,-1.9169909387001787,1.170420279331176,1.3339491416918725,True,negative,low_under_50,0.0,-0.7465706593690025,-2.2397119781070076,-0.0799353994870593
2024,344,3,1,2,0.3333333333333333,0;2,-0.7465706593690025,-1.170420279331176,-1.9169909387001787,1.170420279331176,1.3339491416918725,True,negative,low_under_50,0.0,-0.7465706593690025,-2.2397119781070076,-0.0799353994870593
2024,344,3,1,2,0.3333333333333333,1;2,-0.42384961996217363,-1.493141318738005,-1.9169909387001787,1.493141318738005,1.3339491416918725,True,negative,low_under_50,0.0,-0.42384961996217363,-1.2715488598865208,0.24278563991976954
2024,344,3,2,1,0.6666666666666666,0,-1.493141318738005,-0.42384961996217363,-1.9169909387001787,0.42384961996217363,0.9432444838482977,True,negative,moderate_50_to_80,0.0,-1.493141318738005,-2.2397119781070076,-1.1598236887970335
2024,344,3,2,1,0.6666666666666666,1,-1.170420279331176,-0.7465706593690025,-1.9169909387001787,0.7465706593690025,0.9432444838482977,True,negative,moderate_50_to_80,0.0,-1.170420279331176,-1.755630418996764,-0.8371026493902044
2024,344,3,2,1,0.6666666666666666,2,-1.170420279331176,-0.7465706593690025,-1.9169909387001787,0.7465706593690025,0.9432444838482977,True,negative,moderate_50_to_80,0.0,-1.170420279331176,-1.755630418996764,-0.8371026493902044
2024,356,2,1,1,0.5,0,0.9400576759214496,1.8547782871347307,2.7948359630561805,1.8547782871347307,0.9432444838482977,True,positive,moderate_50_to_80,0.0,0.9400576759214496,1.8801153518428992,1.2733753058624213
2024,356,2,1,1,0.5,1,1.8547782871347307,0.9400576759214496,2.7948359630561805,0.9400576759214496,0.9432444838482977,True,positive,moderate_50_to_80,0.0,1.8547782871347307,3.7095565742694614,2.188095917075702
2024,36,2,1,1,0.5,0,-0.029067725249144433,0.584542239474404,0.5554745142252595,0.584542239474404,0.9432444838482977,True,positive,moderate_50_to_80,0.0,-0.029067725249144433,-0.05813545049828887,0.30424990469182717
2024,36,2,1,1,0.5,1,0.584542239474404,-0.029067725249144433,0.5554745142252595,0.029067725249144433,0.9432444838482977,True,negative,moderate_50_to_80,0.0,0.584542239474404,1.169084478948808,0.9178598694153756
2024,41,4,1,3,0.25,0;1;2,0.9743554121457093,0.8103584778133581,1.7847138899590675,0.8103584778133581,1.6337473699843328,True,positive,low_under_50,0.0,0.9743554121457093,3.8974216485828372,1.974308301968624
2024,41,4,1,3,0.25,0;1;3,0.6789320925977788,1.1057817973612887,1.7847138899590675,1.1057817973612887,1.6337473699843328,True,positive,low_under_50,0.0,0.6789320925977788,2.715728370391115,1.6788849824206935
2024,41,4,1,3,0.25,0;2;3,0.28089216853417887,1.5038217214248886,1.7847138899590675,1.5038217214248886,1.6337473699843328,True,positive,low_under_50,0.0,0.28089216853417887,1.1235686741367155,1.2808450583570936
2024,41,4,1,3,0.25,1;2;3,-0.14946578331859947,1.9341796732776668,1.7847138899590675,1.9341796732776668,1.6337473699843328,True,positive,low_under_50,0.0,-0.14946578331859947,-0.5978631332743979,0.8504871065043152
2024,41,4,2,2,0.5,0;1,1.653287504743488,0.1314263852155794,1.7847138899590675,0.1314263852155794,1.3339491416918725,True,positive,moderate_50_to_80,0.0,1.653287504743488,3.306575009486976,2.3199227646254315
2024,41,4,2,2,0.5,0;2,1.2552475806798882,0.5294663092791793,1.7847138899590675,0.5294663092791793,1.3339491416918725,True,positive,moderate_50_to_80,0.0,1.2552475806798882,2.5104951613597764,1.9218828405618313
2024,41,4,2,2,0.5,0;3,0.9598242611319576,0.8248896288271098,1.7847138899590675,0.8248896288271098,1.3339491416918725,True,positive,moderate_50_to_80,0.0,0.9598242611319576,1.9196485222639152,1.6264595210139008
2024,41,4,2,2,0.5,1;2,0.8248896288271098,0.9598242611319576,1.7847138899590675,0.9598242611319576,1.3339491416918725,True,positive,moderate_50_to_80,0.0,0.8248896288271098,1.6497792576542196,1.491524888709053
2024,41,4,2,2,0.5,1;3,0.5294663092791793,1.2552475806798882,1.7847138899590675,1.2552475806798882,1.3339491416918725,True,positive,moderate_50_to_80,0.0,0.5294663092791793,1.0589326185583585,1.1961015691611223
2024,41,4,2,2,0.5,2;3,0.1314263852155794,1.653287504743488,1.7847138899590675,1.653287504743488,1.3339491416918725,True,positive,moderate_50_to_80,0.0,0.1314263852155794,0.2628527704311588,0.7980616450975225
2024,41,4,3,1,0.75,0,1.9341796732776668,-0.14946578331859947,1.7847138899590675,0.14946578331859947,0.9432444838482977,True,negative,moderate_50_to_80,0.0,1.9341796732776668,2.578906231036889,2.2674973032186383
2024,41,4,3,1,0.75,1,1.5038217214248886,0.28089216853417887,1.7847138899590675,0.28089216853417887,0.9432444838482977,True,positive,moderate_50_to_80,0.0,1.5038217214248886,2.0050956285665182,1.83713935136586
2024,41,4,3,1,0.75,2,1.1057817973612887,0.6789320925977788,1.7847138899590675,0.6789320925977788,0.9432444838482977,True,positive,moderate_50_to_80,0.0,1.1057817973612887,1.4743757298150515,1.4390994273022604
2024,41,4,3,1,0.75,3,0.8103584778133581,0.9743554121457093,1.7847138899590675,0.9743554121457093,0.9432444838482977,True,positive,moderate_50_to_80,0.0,0.8103584778133581,1.080477970417811,1.1436761077543296
2024,5,6,1,5,0.16666666666666666,0;1;2;3;4,-0.188354975507264,0.48448262463605346,0.29612764912878947,0.48448262463605346,2.109158785286496,True,positive,low_under_50,0.0,-0.188354975507264,-1.130129853043584,1.4782331741975938
2024,5,6,1,5,0.16666666666666666,0;1;2;3;5,-0.7465706593690025,1.0426983084977919,0.29612764912878947,1.0426983084977919,2.109158785286496,True,positive,low_under_50,0.0,-0.7465706593690025,-4.479423956214015,0.9200174903358553
2024,5,6,1,5,0.16666666666666666,0;1;2;4;5,0.08034630975611508,0.2157813393726744,0.29612764912878947,0.2157813393726744,2.109158785286496,True,positive,low_under_50,0.0,0.08034630975611508,0.4820778585366905,1.7469344594609728
2024,5,6,1,5,0.16666666666666666,0;1;3;4;5,0.926002822816951,-0.6298751736881615,0.29612764912878947,0.6298751736881615,2.109158785286496,True,negative,low_under_50,0.0,0.926002822816951,5.556016936901706,2.592590972521809
2024,5,6,1,5,0.16666666666666666,0;2;3;4;5,0.05097109544379974,0.24515655368498973,0.29612764912878947,0.24515655368498973,2.109158785286496,True,positive,low_under_50,0.0,0.05097109544379974,0.30582657266279845,1.7175592451486574
2024,5,6,1,5,0.16666666666666666,1;2;3;4;5,0.1737330559881901,0.12239459314059938,0.29612764912878947,0.12239459314059938,2.109158785286496,True,positive,low_under_50,0.0,0.1737330559881901,1.0423983359291407,1.8403212056930478
2024,5,6,2,4,0.3333333333333333,0;1;2;3,-0.9349256348762665,1.2310532840050559,0.29612764912878947,1.2310532840050559,1.8864889676965955,True,positive,low_under_50,0.0,-0.9349256348762665,-2.8047769046287994,0.3983448848876199
2024,5,6,2,4,0.3333333333333333,0;1;2;4,-0.10800866575114891,0.4041363148799384,0.29612764912878947,0.4041363148799384,1.8864889676965955,True,positive,low_under_50,0.0,-0.10800866575114891,-0.3240259972534467,1.2252618540127374
2024,5,6,2,4,0.3333333333333333,0;1;2;5,-0.6662243496128873,0.9623519987416769,0.29612764912878947,0.9623519987416769,1.8864889676965955,True,positive,low_under_50,0.0,-0.6662243496128873,-1.9986730488386621,0.667046170150999
2024,5,6,2,4,0.3333333333333333,0;1;3;4,0.737647847309687,-0.44152019818089755,0.29612764912878947,0.44152019818089755,1.8864889676965955,True,negative,low_under_50,0.0,0.737647847309687,2.212943541929061,2.070918367073573
2024,5,6,2,4,0.3333333333333333,0;1;3;5,0.17943216344794854,0.11669548568084094,0.29612764912878947,0.11669548568084094,1.8864889676965955,True,positive,low_under_50,0.0,0.17943216344794854,0.5382964903438456,1.5127026832118349
2024,5,6,2,4,0.3333333333333333,0;1;4;5,1.006349132573066,-0.7102214834442766,0.29612764912878947,0.7102214834442766,1.8864889676965955,True,negative,low_under_50,0.0,1.006349132573066,3.019047397719198,2.3396196523369523
2024,5,6,2,4,0.3333333333333333,0;2;3;4,-0.13738388006346425,0.4335115291922537,0.29612764912878947,0.4335115291922537,1.8864889676965955,True,positive,low_under_50,0.0,-0.13738388006346425,-0.41215164019039274,1.1958866397004222
2024,5,6,2,4,0.3333333333333333,0;2;3;5,-0.6955995639252027,0.9917272130539923,0.29612764912878947,0.9917272130539923,1.8864889676965955,True,positive,low_under_50,0.0,-0.6955995639252027,-2.0867986917756083,0.6376709558386836
2024,5,6,2,4,0.3333333333333333,0;2;4;5,0.1313174051999148,0.16481024392887467,0.29612764912878947,0.16481024392887467,1.8864889676965955,True,positive,low_under_50,0.0,0.1313174051999148,0.3939522155997444,1.4645879249638012
2024,5,6,2,4,0.3333333333333333,0;3;4;5,0.9769739182607508,-0.6808462691319612,0.29612764912878947,0.6808462691319612,1.8864889676965955,True,negative,low_under_50,0.0,0.9769739182607508,2.9309217547822524,2.310244438024637
2024,5,6,2,4,0.3333333333333333,1;2;3;4,-0.014621919519073878,0.31074956864786335,0.29612764912878947,0.31074956864786335,1.8864889676965955,True,positive,low_under_50,0.0,-0.014621919519073878,-0.043865758557221635,1.3186486002448126
2024,5,6,2,4,0.3333333333333333,1;2;3;5,-0.5728376033808124,0.8689652525096019,0.29612764912878947,0.8689652525096019,1.8864889676965955,True,positive,low_under_50,0.0,-0.5728376033808124,-1.7185128101424372,0.760432916383074
2024,5,6,2,4,0.3333333333333333,1;2;4;5,0.2540793657443052,0.0420482833844843,0.29612764912878947,0.0420482833844843,1.8864889676965955,True,positive,low_under_50,0.0,0.2540793657443052,0.7622380972329155,1.5873498855081916
2024,5,6,2,4,0.3333333333333333,1;3;4;5,1.099735878805141,-0.8036082296763516,0.29612764912878947,0.8036082296763516,1.8864889676965955,True,negative,low_under_50,0.0,1.099735878805141,3.299207636415423,2.4330063985690273
2024,5,6,2,4,0.3333333333333333,2;3;4;5,0.22470415143198985,0.07142349769679963,0.29612764912878947,0.07142349769679963,1.8864889676965955,True,positive,low_under_50,0.0,0.22470415143198985,0.6741124542959696,1.5579746711958762
2024,5,6,3,3,0.5,0;1;2,-0.8545793251201513,1.1507069742489409,0.29612764912878947,1.1507069742489409,1.6337473699843328,True,positive,moderate_50_to_80,0.0,-0.8545793251201513,-1.7091586502403027,0.1453735647027634
2024,5,6,3,3,0.5,0;1;3,-0.008922812059315444,0.3050504611881049,0.29612764912878947,0.3050504611881049,1.6337473699843328,True,positive,moderate_50_to_80,0.0,-0.008922812059315444,-0.017845624118630887,0.9910300777635993
2024,5,6,3,3,0.5,0;1;4,0.8179941570658021,-0.5218665079370126,0.29612764912878947,0.5218665079370126,1.6337473699843328,True,negative,moderate_50_to_80,0.0,0.8179941570658021,1.6359883141316043,1.8179470468887169
2024,5,6,3,3,0.5,0;1;5,0.2597784732040636,0.03634917592472586,0.29612764912878947,0.03634917592472586,1.6337473699843328,True,positive,moderate_50_to_80,0.0,0.2597784732040636,0.5195569464081272,1.2597313630269784
2024,5,6,3,3,0.5,0;2;3,-0.8839545394324667,1.1800821885612562,0.29612764912878947,1.1800821885612562,1.6337473699843328,True,positive,moderate_50_to_80,0.0,-0.8839545394324667,-1.7679090788649334,0.11599835039044804
2024,5,6,3,3,0.5,0;2;4,-0.05703757030734917,0.35316521943613866,0.29612764912878947,0.35316521943613866,1.6337473699843328,True,positive,moderate_50_to_80,0.0,-0.05703757030734917,-0.11407514061469833,0.9429153195155656
2024,5,6,3,3,0.5,0;2;5,-0.6152532541690876,0.9113809032978771,0.29612764912878947,0.9113809032978771,1.6337473699843328,True,positive,moderate_50_to_80,0.0,-0.6152532541690876,-1.2305065083381752,0.38469963565382714
2024,5,6,3,3,0.5,0;3;4,0.7886189427534868,-0.4924912936246973,0.29612764912878947,0.4924912936246973,1.6337473699843328,True,negative,moderate_50_to_80,0.0,0.7886189427534868,1.5772378855069735,1.7885718325764015
2024,5,6,3,3,0.5,0;3;5,0.23040325889174829,0.0657243902370412,0.29612764912878947,0.0657243902370412,1.6337473699843328,True,positive,moderate_50_to_80,0.0,0.23040325889174829,0.46080651778349657,1.230356148714663
2024,5,6,3,3,0.5,0;4;5,1.0573202280168659,-0.7611925788880763,0.29612764912878947,0.7611925788880763,1.6337473699843328,True,negative,moderate_50_to_80,0.0,1.0573202280168659,2.1146404560337317,2.0572731178397805
2024,5,6,3,3,0.5,1;2;3,-0.7611925788880763,1.0573202280168659,0.29612764912878947,1.0573202280168659,1.6337473699843328,True,positive,moderate_50_to_80,0.0,-0.7611925788880763,-1.5223851577761527,0.2387603109348384
2024,5,6,3,3,0.5,1;2;4,0.0657243902370412,0.23040325889174829,0.29612764912878947,0.23040325889174829,1.6337473699843328,True,positive,moderate_50_to_80,0.0,0.0657243902370412,0.1314487804740824,1.0656772800599559
2024,5,6,3,3,0.5,1;2;5,-0.4924912936246973,0.7886189427534868,0.29612764912878947,0.7886189427534868,1.6337473699843328,True,positive,moderate_50_to_80,0.0,-0.4924912936246973,-0.9849825872493946,0.5074615961982174
2024,5,6,3,3,0.5,1;3;4,0.9113809032978771,-0.6152532541690876,0.29612764912878947,0.6152532541690876,1.6337473699843328,True,negative,moderate_50_to_80,0.0,0.9113809032978771,1.8227618065957543,1.9113337931207919
2024,5,6,3,3,0.5,1;3;5,0.35316521943613866,-0.05703757030734917,0.29612764912878947,0.05703757030734917,1.6337473699843328,True,negative,moderate_50_to_80,0.0,0.35316521943613866,0.7063304388722772,1.3531181092590534
2024,5,6,3,3,0.5,1;4;5,1.1800821885612562,-0.8839545394324667,0.29612764912878947,0.8839545394324667,1.6337473699843328,True,negative,moderate_50_to_80,0.0,1.1800821885612562,2.3601643771225125,2.180035078384171
2024,5,6,3,3,0.5,2;3;4,0.03634917592472586,0.2597784732040636,0.29612764912878947,0.2597784732040636,1.6337473699843328,True,positive,moderate_50_to_80,0.0,0.03634917592472586,0.07269835184945173,1.0363020657476407
2024,5,6,3,3,0.5,2;3;5,-0.5218665079370126,0.8179941570658021,0.29612764912878947,0.8179941570658021,1.6337473699843328,True,positive,moderate_50_to_80,0.0,-0.5218665079370126,-1.0437330158740252,0.47808638188590213
2024,5,6,3,3,0.5,2;4;5,0.3050504611881049,-0.008922812059315444,0.29612764912878947,0.008922812059315444,1.6337473699843328,True,negative,moderate_50_to_80,0.0,0.3050504611881049,0.6101009223762098,1.3050033510110197
2024,5,6,3,3,0.5,3;4;5,1.1507069742489409,-0.8545793251201513,0.29612764912878947,0.8545793251201513,1.6337473699843328,True,negative,moderate_50_to_80,0.0,1.1507069742489409,2.3014139484978817,2.1506598640718555
2024,5,6,4,2,0.6666666666666666,0;1,0.07142349769679963,0.22470415143198985,0.29612764912878947,0.22470415143198985,1.3339491416918725,True,positive,moderate_50_to_80,0.0,0.07142349769679963,0.10713524654519946,0.7380587575787428
2024,5,6,4,2,0.6666666666666666,0;2,-0.8036082296763516,1.099735878805141,0.29612764912878947,1.099735878805141,1.3339491416918725,True,positive,moderate_50_to_80,0.0,-0.8036082296763516,-1.2054123445145275,-0.13697296979440843
2024,5,6,4,2,0.6666666666666666,0;3,0.0420482833844843,0.2540793657443052,0.29612764912878947,0.2540793657443052,1.3339491416918725,True,positive,moderate_50_to_80,0.0,0.0420482833844843,0.06307242507672645,0.7086835432664275
2024,5,6,4,2,0.6666666666666666,0;4,0.8689652525096019,-0.5728376033808124,0.29612764912878947,0.5728376033808124,1.3339491416918725,True,negative,moderate_50_to_80,0.0,0.8689652525096019,1.3034478787644028,1.535600512391545
2024,5,6,4,2,0.6666666666666666,0;5,0.31074956864786335,-0.014621919519073878,0.29612764912878947,0.014621919519073878,1.3339491416918725,True,negative,moderate_50_to_80,0.0,0.31074956864786335,0.466124352971795,0.9773848285298066
2024,5,6,4,2,0.6666666666666666,1;2,-0.6808462691319612,0.9769739182607508,0.29612764912878947,0.9769739182607508,1.3339491416918725,True,positive,moderate_50_to_80,0.0,-0.6808462691319612,-1.021269403697942,-0.014211009250018058
2024,5,6,4,2,0.6666666666666666,1;3,0.16481024392887467,0.1313174051999148,0.29612764912878947,0.1313174051999148,1.3339491416918725,True,positive,moderate_50_to_80,0.0,0.16481024392887467,0.247215365893312,0.8314455038108178
2024,5,6,4,2,0.6666666666666666,1;4,0.9917272130539923,-0.6955995639252027,0.29612764912878947,0.6955995639252027,1.3339491416918725,True,negative,moderate_50_to_80,0.0,0.9917272130539923,1.4875908195809884,1.6583624729359354
2024,5,6,4,2,0.6666666666666666,1;5,0.4335115291922537,-0.13738388006346425,0.29612764912878947,0.13738388006346425,1.3339491416918725,True,negative,moderate_50_to_80,0.0,0.4335115291922537,0.6502672937883806,1.100146789074197
2024,5,6,4,2,0.6666666666666666,2;3,-0.7102214834442766,1.006349132573066,0.29612764912878947,1.006349132573066,1.3339491416918725,True,positive,moderate_50_to_80,0.0,-0.7102214834442766,-1.065332225166415,-0.04358622356233344
2024,5,6,4,2,0.6666666666666666,2;4,0.11669548568084094,0.17943216344794854,0.29612764912878947,0.17943216344794854,1.3339491416918725,True,positive,moderate_50_to_80,0.0,0.11669548568084094,0.17504322852126142,0.7833307455627841
2024,5,6,4,2,0.6666666666666666,2;5,-0.44152019818089755,0.737647847309687,0.29612764912878947,0.737647847309687,1.3339491416918725,True,positive,moderate_50_to_80,0.0,-0.44152019818089755,-0.6622802972713463,0.22511506170104562
2024,5,6,4,2,0.6666666666666666,3;4,0.9623519987416769,-0.6662243496128873,0.29612764912878947,0.6662243496128873,1.3339491416918725,True,negative,moderate_50_to_80,0.0,0.9623519987416769,1.4435279981125153,1.62898725862362
2024,5,6,4,2,0.6666666666666666,3;5,0.4041363148799384,-0.10800866575114891,0.29612764912878947,0.10800866575114891,1.3339491416918725,True,negative,moderate_50_to_80,0.0,0.4041363148799384,0.6062044723199076,1.0707715747618816
2024,5,6,4,2,0.6666666666666666,4;5,1.2310532840050559,-0.9349256348762665,0.29612764912878947,0.9349256348762665,1.3339491416918725,True,negative,moderate_50_to_80,0.0,1.2310532840050559,1.8465799260075837,1.897688543886999
2024,5,6,5,1,0.8333333333333334,0,0.12239459314059938,0.1737330559881901,0.29612764912878947,0.1737330559881901,0.9432444838482977,True,positive,high_80_plus,0.0,0.12239459314059938,0.14687351176871927,0.45571222308157094
2024,5,6,5,1,0.8333333333333334,1,0.24515655368498973,0.05097109544379974,0.29612764912878947,0.05097109544379974,0.9432444838482977,True,positive,high_80_plus,0.0,0.24515655368498973,0.29418786442198763,0.5784741836259613
2024,5,6,5,1,0.8333333333333334,2,-0.6298751736881615,0.926002822816951,0.29612764912878947,0.926002822816951,0.9432444838482977,True,positive,high_80_plus,0.0,-0.6298751736881615,-0.7558502084257939,-0.2965575437471899
2024,5,6,5,1,0.8333333333333334,3,0.2157813393726744,0.08034630975611508,0.29612764912878947,0.08034630975611508,0.9432444838482977,True,positive,high_80_plus,0.0,0.2157813393726744,0.25893760724720927,0.549098969313646
2024,5,6,5,1,0.8333333333333334,4,1.0426983084977919,-0.7465706593690025,0.29612764912878947,0.7465706593690025,0.9432444838482977,True,negative,high_80_plus,0.0,1.0426983084977919,1.2512379701973502,1.3760159384387634
2024,5,6,5,1,0.8333333333333334,5,0.48448262463605346,-0.188354975507264,0.29612764912878947,0.188354975507264,0.9432444838482977,True,negative,high_80_plus,0.0,0.48448262463605346,0.5813791495632642,0.8178002545770251
2024,58,4,1,3,0.25,0;1;2,0.2681229091115649,-0.31249731010449777,-0.04437440099293288,0.31249731010449777,1.6337473699843328,True,negative,low_under_50,0.0,0.2681229091115649,1.0724916364462596,1.2680757989344795
2024,58,4,1,3,0.25,0;1;3,0.696562449523264,-0.7409368505161968,-0.04437440099293288,0.7409368505161968,1.6337473699843328,True,negative,low_under_50,0.0,0.696562449523264,2.786249798093056,1.6965153393461787
2024,58,4,1,3,0.25,0;2;3,-0.42384961996217363,0.37947521896924075,-0.04437440099293288,0.37947521896924075,1.6337473699843328,True,positive,low_under_50,0.0,-0.42384961996217363,-1.6953984798486945,0.5761032698607411
2024,58,4,1,3,0.25,1;2;3,-0.5852101396655881,0.5408357386726552,-0.04437440099293288,0.5408357386726552,1.6337473699843328,True,positive,low_under_50,0.0,-0.5852101396655881,-2.3408405586623524,0.41474275015732665
2024,58,4,2,2,0.5,0;1,0.9646853586348288,-1.0090597596277617,-0.04437440099293288,1.0090597596277617,1.3339491416918725,True,negative,moderate_50_to_80,0.0,0.9646853586348288,1.9293707172696577,1.6313206185167721
2024,58,4,2,2,0.5,0;2,-0.15572671085060874,0.11135230985767586,-0.04437440099293288,0.11135230985767586,1.3339491416918725,True,positive,moderate_50_to_80,0.0,-0.15572671085060874,-0.3114534217012175,0.5109085490313344
2024,58,4,2,2,0.5,0;3,0.27271282956109033,-0.3170872305540232,-0.04437440099293288,0.3170872305540232,1.3339491416918725,True,negative,moderate_50_to_80,0.0,0.27271282956109033,0.5454256591221807,0.9393480894430335
2024,58,4,2,2,0.5,1;2,-0.3170872305540232,0.27271282956109033,-0.04437440099293288,0.27271282956109033,1.3339491416918725,True,positive,moderate_50_to_80,0.0,-0.3170872305540232,-0.6341744611080464,0.34954802932791995
2024,58,4,2,2,0.5,1;3,0.11135230985767586,-0.15572671085060874,-0.04437440099293288,0.15572671085060874,1.3339491416918725,True,negative,moderate_50_to_80,0.0,0.11135230985767586,0.22270461971535171,0.777987569739619
2024,58,4,2,2,0.5,2;3,-1.0090597596277617,0.9646853586348288,-0.04437440099293288,0.9646853586348288,1.3339491416918725,True,positive,moderate_50_to_80,0.0,-1.0090597596277617,-2.0181195192555235,-0.34242449974581857
2024,58,4,3,1,0.75,0,0.5408357386726552,-0.5852101396655881,-0.04437440099293288,0.5852101396655881,0.9432444838482977,True,negative,moderate_50_to_80,0.0,0.5408357386726552,0.721114318230207,0.8741533686136268
2024,58,4,3,1,0.75,1,0.37947521896924075,-0.42384961996217363,-0.04437440099293288,0.42384961996217363,0.9432444838482977,True,negative,moderate_50_to_80,0.0,0.37947521896924075,0.5059669586256543,0.7127928489102123
2024,58,4,3,1,0.75,2,-0.7409368505161968,0.696562449523264,-0.04437440099293288,0.696562449523264,0.9432444838482977,True,positive,moderate_50_to_80,0.0,-0.7409368505161968,-0.9879158006882625,-0.40761922057522526
2024,58,4,3,1,0.75,3,-0.31249731010449777,0.2681229091115649,-0.04437440099293288,0.2681229091115649,0.9432444838482977,True,positive,moderate_50_to_80,0.0,-0.31249731010449777,-0.41666308013933034,0.02082031983647381
2024,59,4,1,3,0.25,0;1;2,0.2681229091115649,1.2071874013386286,1.4753103104501935,1.2071874013386286,1.6337473699843328,True,positive,low_under_50,0.0,0.2681229091115649,1.0724916364462596,1.2680757989344795
2024,59,4,1,3,0.25,0;1;3,-0.7465706593690025,2.221880969819196,1.4753103104501935,2.221880969819196,1.6337473699843328,True,positive,low_under_50,0.0,-0.7465706593690025,-2.98628263747601,0.2533822304539123
2024,59,4,1,3,0.25,0;2;3,1.0556466455150035,0.4196636649351899,1.4753103104501935,0.4196636649351899,1.6337473699843328,True,positive,low_under_50,0.0,1.0556466455150035,4.222586582060014,2.0555995353379184
2024,59,4,1,3,0.25,1;2;3,0.8981114151926275,0.577198895257566,1.4753103104501935,0.577198895257566,1.6337473699843328,True,positive,low_under_50,0.0,0.8981114151926275,3.59244566077051,1.8980643050155424
2024,59,4,2,2,0.5,0;1,-0.4784477502574376,1.953758060707631,1.4753103104501935,1.953758060707631,1.3339491416918725,True,positive,moderate_50_to_80,0.0,-0.4784477502574376,-0.9568955005148752,0.1881875096245056
2024,59,4,2,2,0.5,0;2,1.3237695546265684,0.15154075582362503,1.4753103104501935,0.15154075582362503,1.3339491416918725,True,positive,moderate_50_to_80,0.0,1.3237695546265684,2.647539109253137,1.9904048145085116
2024,59,4,2,2,0.5,0;3,0.30907598614600107,1.1662343243041924,1.4753103104501935,1.1662343243041924,1.3339491416918725,True,positive,moderate_50_to_80,0.0,0.30907598614600107,0.6181519722920021,0.9757112460279442
2024,59,4,2,2,0.5,1;2,1.1662343243041924,0.30907598614600107,1.4753103104501935,0.30907598614600107,1.3339491416918725,True,positive,moderate_50_to_80,0.0,1.1662343243041924,2.3324686486083848,1.8328695841861355
2024,59,4,2,2,0.5,1;3,0.15154075582362503,1.3237695546265684,1.4753103104501935,1.3237695546265684,1.3339491416918725,True,positive,moderate_50_to_80,0.0,0.15154075582362503,0.30308151164725006,0.8181760157055682
2024,59,4,2,2,0.5,2;3,1.953758060707631,-0.4784477502574376,1.4753103104501935,0.4784477502574376,1.3339491416918725,True,negative,moderate_50_to_80,0.0,1.953758060707631,3.907516121415262,2.6203933205895744
2024,59,4,3,1,0.75,0,0.577198895257566,0.8981114151926275,1.4753103104501935,0.8981114151926275,0.9432444838482977,True,positive,moderate_50_to_80,0.0,0.577198895257566,0.7695985270100879,0.9105165251985375
2024,59,4,3,1,0.75,1,0.4196636649351899,1.0556466455150035,1.4753103104501935,1.0556466455150035,0.9432444838482977,True,positive,moderate_50_to_80,0.0,0.4196636649351899,0.5595515532469199,0.7529812948761615
2024,59,4,3,1,0.75,2,2.221880969819196,-0.7465706593690025,1.4753103104501935,0.7465706593690025,0.9432444838482977,True,negative,moderate_50_to_80,0.0,2.221880969819196,2.9625079597589283,2.5551985997601676
2024,59,4,3,1,0.75,3,1.2071874013386286,0.2681229091115649,1.4753103104501935,0.2681229091115649,0.9432444838482977,True,positive,moderate_50_to_80,0.0,1.2071874013386286,1.6095832017848382,1.5405050312796003
2024,6,2,1,1,0.5,0,-0.7465706593690025,-0.7465706593690025,-1.493141318738005,0.7465706593690025,0.9432444838482977,True,negative,moderate_50_to_80,0.0,-0.7465706593690025,-1.493141318738005,-0.4132530294280309
2024,6,2,1,1,0.5,1,-0.7465706593690025,-0.7465706593690025,-1.493141318738005,0.7465706593690025,0.9432444838482977,True,negative,moderate_50_to_80,0.0,-0.7465706593690025,-1.493141318738005,-0.4132530294280309
2024,61,2,1,1,0.5,0,-0.7465706593690025,-0.7465706593690025,-1.493141318738005,0.7465706593690025,0.9432444838482977,True,negative,moderate_50_to_80,0.0,-0.7465706593690025,-1.493141318738005,-0.4132530294280309
2024,61,2,1,1,0.5,1,-0.7465706593690025,-0.7465706593690025,-1.493141318738005,0.7465706593690025,0.9432444838482977,True,negative,moderate_50_to_80,0.0,-0.7465706593690025,-1.493141318738005,-0.4132530294280309
2024,68,2,1,1,0.5,0,1.4863339576992483,0.4241360351717462,1.9104699928709945,0.4241360351717462,0.9432444838482977,True,positive,moderate_50_to_80,0.0,1.4863339576992483,2.9726679153984965,1.81965158764022
2024,68,2,1,1,0.5,1,0.4241360351717462,1.4863339576992483,1.9104699928709945,1.4863339576992483,0.9432444838482977,True,positive,moderate_50_to_80,0.0,0.4241360351717462,0.8482720703434924,0.7574536651127177
2024,8,4,1,3,0.25,0;1;2,1.7797075913751315,3.1466493049846456,4.926356896359777,3.1466493049846456,1.6337473699843328,True,positive,low_under_50,0.0,1.7797075913751315,7.118830365500526,2.779660481198046
2024,8,4,1,3,0.25,0;1;3,0.4102308073343994,4.516126089025377,4.926356896359777,4.516126089025377,1.6337473699843328,False,positive,low_under_50,0.0,0.4102308073343994,1.6409232293375977,1.410183697157314
2024,8,4,1,3,0.25,0;2;3,1.146811743186029,3.779545153173748,4.926356896359777,3.779545153173748,1.6337473699843328,False,positive,low_under_50,0.0,1.146811743186029,4.587246972744116,2.1467646330089436
2024,8,4,1,3,0.25,1;2;3,1.589606754464217,3.3367501418955596,4.926356896359777,3.3367501418955596,1.6337473699843328,True,positive,low_under_50,0.0,1.589606754464217,6.358427017856868,2.5895596442871316
2024,8,4,2,2,0.5,0;1,2.189938398709531,2.736418497650246,4.926356896359777,2.736418497650246,1.3339491416918725,True,positive,moderate_50_to_80,0.0,2.189938398709531,4.379876797419062,2.856573658591474
2024,8,4,2,2,0.5,0;2,2.9265193345611604,1.9998375617986164,4.926356896359777,1.9998375617986164,1.3339491416918725,True,positive,moderate_50_to_80,0.0,2.9265193345611604,5.853038669122321,3.593154594443104
2024,8,4,2,2,0.5,0;3,1.5570425505204284,3.3693143458393484,4.926356896359777,3.3693143458393484,1.3339491416918725,False,positive,moderate_50_to_80,0.0,1.5570425505204284,3.114085101040857,2.2236778104023713
2024,8,4,2,2,0.5,1;2,3.3693143458393484,1.5570425505204284,4.926356896359777,1.5570425505204284,1.3339491416918725,True,positive,moderate_50_to_80,0.0,3.3693143458393484,6.738628691678697,4.035949605721291
2024,8,4,2,2,0.5,1;3,1.9998375617986164,2.9265193345611604,4.926356896359777,2.9265193345611604,1.3339491416918725,False,positive,moderate_50_to_80,0.0,1.9998375617986164,3.9996751235972328,2.6664728216805598
2024,8,4,2,2,0.5,2;3,2.736418497650246,2.189938398709531,4.926356896359777,2.189938398709531,1.3339491416918725,True,positive,moderate_50_to_80,0.0,2.736418497650246,5.472836995300492,3.403053757532189
2024,8,4,3,1,0.75,0,3.3367501418955596,1.589606754464217,4.926356896359777,1.589606754464217,0.9432444838482977,True,positive,moderate_50_to_80,0.0,3.3367501418955596,4.44900018919408,3.670067771836531
2024,8,4,3,1,0.75,1,3.779545153173748,1.146811743186029,4.926356896359777,1.146811743186029,0.9432444838482977,True,positive,moderate_50_to_80,0.0,3.779545153173748,5.039393537564997,4.1128627831147195
2024,8,4,3,1,0.75,2,4.516126089025377,0.4102308073343994,4.926356896359777,0.4102308073343994,0.9432444838482977,True,positive,moderate_50_to_80,0.0,4.516126089025377,6.021501452033836,4.849443718966349
2024,8,4,3,1,0.75,3,3.1466493049846456,1.7797075913751315,4.926356896359777,1.7797075913751315,0.9432444838482977,True,positive,moderate_50_to_80,0.0,3.1466493049846456,4.195532406646194,3.479966934925617
2024,87,2,1,1,0.5,0,-0.7465706593690025,1.3076094222409758,0.5610387628719733,1.3076094222409758,0.9432444838482977,True,positive,moderate_50_to_80,0.0,-0.7465706593690025,-1.493141318738005,-0.4132530294280309
2024,87,2,1,1,0.5,1,1.3076094222409758,-0.7465706593690025,0.5610387628719733,0.7465706593690025,0.9432444838482977,True,negative,moderate_50_to_80,0.0,1.3076094222409758,2.6152188444819515,1.6409270521819472
2024,9,5,1,4,0.2,0;1;2;3,0.8190337770380138,0.5991110180820391,1.418144795120053,0.5991110180820391,1.8864889676965955,True,positive,low_under_50,0.0,0.8190337770380138,4.095168885190069,2.1523042968019004
2024,9,5,1,4,0.2,0;1;2;4,-0.26248910025875927,1.6806338953788122,1.418144795120053,1.6806338953788122,1.8864889676965955,True,positive,low_under_50,0.0,-0.26248910025875927,-1.3124455012937963,1.070781419505127
2024,9,5,1,4,0.2,0;1;3;4,0.15448043450761034,1.2636643606124425,1.418144795120053,1.2636643606124425,1.8864889676965955,True,positive,low_under_50,0.0,0.15448043450761034,0.7724021725380517,1.4877509542714966
2024,9,5,1,4,0.2,0;2;3;4,1.2923298234987761,0.1258149716212768,1.418144795120053,0.1258149716212768,1.8864889676965955,True,positive,low_under_50,0.0,1.2923298234987761,6.461649117493881,2.6256003432626622
2024,9,5,1,4,0.2,1;2;3;4,-0.5852101396655881,2.003354934785641,1.418144795120053,2.003354934785641,1.8864889676965955,True,positive,low_under_50,0.0,-0.5852101396655881,-2.9260506983279404,0.7480603800982982
2024,9,5,2,3,0.4,0;1;2,0.5565446767792546,0.8616001183407984,1.418144795120053,0.8616001183407984,1.6337473699843328,True,positive,low_under_50,0.0,0.5565446767792546,1.3913616919481364,1.5564975666021694
2024,9,5,2,3,0.4,0;1;3,0.9735142115456241,0.44463058357442875,1.418144795120053,0.44463058357442875,1.6337473699843328,True,positive,low_under_50,0.0,0.9735142115456241,2.4337855288640604,1.9734671013685388
2024,9,5,2,3,0.4,0;1;4,-0.10800866575114892,1.526153460871202,1.418144795120053,1.526153460871202,1.6337473699843328,True,positive,low_under_50,0.0,-0.10800866575114892,-0.27002166437787234,0.8919442240717659
2024,9,5,2,3,0.4,0;2;3,2.11136360053679,-0.693218805416737,1.418144795120053,0.693218805416737,1.6337473699843328,True,negative,low_under_50,0.0,2.11136360053679,5.278409001341975,3.111316490359705
2024,9,5,2,3,0.4,0;2;4,1.0298407232400169,0.3883040718800361,1.418144795120053,0.3883040718800361,1.6337473699843328,True,positive,low_under_50,0.0,1.0298407232400169,2.5746018081000424,2.0297936130629317
2024,9,5,2,3,0.4,0;3;4,1.4468102580063864,-0.028665462886333537,1.418144795120053,0.028665462886333537,1.6337473699843328,True,negative,low_under_50,0.0,1.4468102580063864,3.617025645015966,2.446763147829301
2024,9,5,2,3,0.4,1;2;3,0.23382363737242573,1.1843211577476271,1.418144795120053,1.1843211577476271,1.6337473699843328,True,positive,low_under_50,0.0,0.23382363737242573,0.5845590934310643,1.2337765271953405
2024,9,5,2,3,0.4,1;2;4,-0.8476992399243474,2.2658440350444002,1.418144795120053,2.2658440350444002,1.6337473699843328,True,positive,low_under_50,0.0,-0.8476992399243474,-2.1192480998108683,0.15225364989856738
2024,9,5,2,3,0.4,1;3;4,-0.43072970515797776,1.8488745002780307,1.418144795120053,1.8488745002780307,1.6337473699843328,True,positive,low_under_50,0.0,-0.43072970515797776,-1.0768242628949445,0.5692231846649369
2024,9,5,2,3,0.4,2;3;4,0.707119683833188,0.7110251112868649,1.418144795120053,0.7110251112868649,1.6337473699843328,True,positive,low_under_50,0.0,0.707119683833188,1.76779920958297,1.7070725736561028
2024,9,5,3,2,0.6,0;1,0.7110251112868649,0.707119683833188,1.418144795120053,0.707119683833188,1.3339491416918725,True,positive,moderate_50_to_80,0.0,0.7110251112868649,1.1850418521447748,1.377660371168808
2024,9,5,3,2,0.6,0;2,1.8488745002780307,-0.43072970515797776,1.418144795120053,0.43072970515797776,1.3339491416918725,True,negative,moderate_50_to_80,0.0,1.8488745002780307,3.0814575004633844,2.515509760159974
2024,9,5,3,2,0.6,0;3,2.2658440350444002,-0.8476992399243474,1.418144795120053,0.8476992399243474,1.3339491416918725,True,negative,moderate_50_to_80,0.0,2.2658440350444002,3.7764067250740005,2.9324792949263436
2024,9,5,3,2,0.6,0;4,1.1843211577476271,0.23382363737242573,1.418144795120053,0.23382363737242573,1.3339491416918725,True,positive,moderate_50_to_80,0.0,1.1843211577476271,1.9738685962460452,1.8509564176295703
2024,9,5,3,2,0.6,1;2,-0.028665462886333537,1.4468102580063864,1.418144795120053,1.4468102580063864,1.3339491416918725,True,positive,moderate_50_to_80,0.0,-0.028665462886333537,-0.04777577147722256,0.6379697969956096
2024,9,5,3,2,0.6,1;3,0.3883040718800361,1.0298407232400169,1.418144795120053,1.0298407232400169,1.3339491416918725,True,positive,moderate_50_to_80,0.0,0.3883040718800361,0.6471734531333935,1.0549393317619793
2024,9,5,3,2,0.6,1;4,-0.693218805416737,2.11136360053679,1.418144795120053,2.11136360053679,1.3339491416918725,True,positive,moderate_50_to_80,0.0,-0.693218805416737,-1.1553646756945615,-0.026583545534793807
2024,9,5,3,2,0.6,2;3,1.526153460871202,-0.10800866575114892,1.418144795120053,0.10800866575114892,1.3339491416918725,True,negative,moderate_50_to_80,0.0,1.526153460871202,2.543589101452003,2.1927887207531453
2024,9,5,3,2,0.6,2;4,0.44463058357442875,0.9735142115456241,1.418144795120053,0.9735142115456241,1.3339491416918725,True,positive,moderate_50_to_80,0.0,0.44463058357442875,0.741050972624048,1.1112658434563718
2024,9,5,3,2,0.6,3;4,0.8616001183407984,0.5565446767792546,1.418144795120053,0.5565446767792546,1.3339491416918725,True,positive,moderate_50_to_80,0.0,0.8616001183407984,1.436000197234664,1.5282353782227416
2024,9,5,4,1,0.8,0,2.003354934785641,-0.5852101396655881,1.418144795120053,0.5852101396655881,0.9432444838482977,True,negative,high_80_plus,0.0,2.003354934785641,2.5041936684820514,2.3366725647266127
2024,9,5,4,1,0.8,1,0.1258149716212768,1.2923298234987761,1.418144795120053,1.2923298234987761,0.9432444838482977,True,positive,high_80_plus,0.0,0.1258149716212768,0.15726871452659602,0.4591326015622484
2024,9,5,4,1,0.8,2,1.2636643606124425,0.15448043450761034,1.418144795120053,0.15448043450761034,0.9432444838482977,True,positive,high_80_plus,0.0,1.2636643606124425,1.579580450765553,1.596981990553414
2024,9,5,4,1,0.8,3,1.6806338953788122,-0.26248910025875927,1.418144795120053,0.26248910025875927,0.9432444838482977,True,negative,high_80_plus,0.0,1.6806338953788122,2.100792369223515,2.0139515253197837
2024,9,5,4,1,0.8,4,0.5991110180820391,0.8190337770380138,1.418144795120053,0.8190337770380138,0.9432444838482977,True,positive,high_80_plus,0.0,0.5991110180820391,0.7488887726025489,0.9324286480230107
2024,96,2,1,1,0.5,0,0.9454455110645824,0.17473616287948984,1.1201816739440722,0.17473616287948984,0.9432444838482977,True,positive,moderate_50_to_80,0.0,0.9454455110645824,1.8908910221291648,1.278763141005554
2024,96,2,1,1,0.5,1,0.17473616287948984,0.9454455110645824,1.1201816739440722,0.9454455110645824,0.9432444838482977,True,positive,moderate_50_to_80,0.0,0.17473616287948984,0.3494723257589797,0.5080537928204614
2024,97,7,1,6,0.14285714285714285,0;1;2;3;4;5,0.796474417203646,4.698353701119698,5.494828118323345,4.698353701119698,2.310467688123218,True,positive,low_under_50,0.0,0.796474417203646,5.575320920425522,2.7963801968494755
2024,97,7,1,6,0.14285714285714285,0;1;2;3;4;6,1.9521999701858235,3.542628148137521,5.494828118323345,3.542628148137521,2.310467688123218,True,positive,low_under_50,0.0,1.9521999701858235,13.665399791300764,3.952105749831653
2024,97,7,1,6,0.14285714285714285,0;1;2;3;5;6,0.2936533141576844,5.20117480416566,5.494828118323345,5.20117480416566,2.310467688123218,True,positive,low_under_50,0.0,0.2936533141576844,2.055573199103791,2.293559093803514
2024,97,7,1,6,0.14285714285714285,0;1;2;4;5;6,-0.7465706593690025,6.241398777692347,5.494828118323345,6.241398777692347,2.310467688123218,False,positive,low_under_50,0.0,-0.7465706593690025,-5.2259946155830175,1.253335120276827
2024,97,7,1,6,0.14285714285714285,0;1;3;4;5;6,1.0564901188404805,4.438337999482864,5.494828118323345,4.438337999482864,2.310467688123218,True,positive,low_under_50,0.0,1.0564901188404805,7.395430831883363,3.05639589848631
2024,97,7,1,6,0.14285714285714285,0;2;3;4;5;6,1.4171587096969953,4.077669408626349,5.494828118323345,4.077669408626349,2.310467688123218,True,positive,low_under_50,0.0,1.4171587096969953,9.920110967878967,3.417064489342825
2024,97,7,1,6,0.14285714285714285,1;2;3;4;5;6,0.7254222476077175,4.7694058707156275,5.494828118323345,4.7694058707156275,2.310467688123218,True,positive,low_under_50,0.0,0.7254222476077175,5.077955733254022,2.725328027253547
2024,97,7,2,5,0.2857142857142857,0;1;2;3;4,2.7486743873894692,2.7461537309338753,5.494828118323345,2.7461537309338753,2.109158785286496,True,positive,low_under_50,0.0,2.7486743873894692,9.620360355863141,4.415262537094327
2024,97,7,2,5,0.2857142857142857,0;1;2;3;5,1.0901277313613305,4.4047003869620145,5.494828118323345,4.4047003869620145,2.109158785286496,True,positive,low_under_50,0.0,1.0901277313613305,3.8154470597646566,2.7567158810661883
2024,97,7,2,5,0.2857142857142857,0;1;2;3;6,2.2458532843435077,3.2489748339798368,5.494828118323345,3.2489748339798368,2.109158785286496,True,positive,low_under_50,0.0,2.2458532843435077,7.860486495202277,3.9124414340483655
2024,97,7,2,5,0.2857142857142857,0;1;2;4;5,0.049903757834643514,5.444924360488701,5.494828118323345,5.444924360488701,2.109158785286496,False,positive,low_under_50,0.0,0.049903757834643514,0.1746631524212523,1.7164919075395013
2024,97,7,2,5,0.2857142857142857,0;1;2;4;6,1.205629310816821,4.289198807506524,5.494828118323345,4.289198807506524,2.109158785286496,True,positive,low_under_50,0.0,1.205629310816821,4.219702587858873,2.8722174605216786
2024,97,7,2,5,0.2857142857142857,0;1;2;5;6,-0.45291734521131805,5.9477454635346625,5.494828118323345,5.9477454635346625,2.109158785286496,False,positive,low_under_50,0.0,-0.45291734521131805,-1.5852107082396132,1.2136708044935398
2024,97,7,2,5,0.2857142857142857,0;1;3;4;5,1.8529645360441265,3.641863582279218,5.494828118323345,3.641863582279218,2.109158785286496,True,positive,low_under_50,0.0,1.8529645360441265,6.485375876154443,3.5195526857489843
2024,97,7,2,5,0.2857142857142857,0;1;3;4;6,3.008690089026304,2.4861380292970408,5.494828118323345,2.4861380292970408,2.109158785286496,True,positive,low_under_50,0.0,3.008690089026304,10.530415311592066,4.6752782387311616
2024,97,7,2,5,0.2857142857142857,0;1;3;5;6,1.350143432998165,4.1446846853251795,5.494828118323345,4.1446846853251795,2.109158785286496,True,positive,low_under_50,0.0,1.350143432998165,4.725502015493578,3.0167315827030228
2024,97,7,2,5,0.2857142857142857,0;1;4;5;6,0.30991945947147803,5.1849086588518665,5.494828118323345,5.1849086588518665,2.109158785286496,False,positive,low_under_50,0.0,0.30991945947147803,1.084718108150173,1.9765076091763358
2024,97,7,2,5,0.2857142857142857,0;2;3;4;5,2.2136331269006413,3.281194991422703,5.494828118323345,3.281194991422703,2.109158785286496,True,positive,low_under_50,0.0,2.2136331269006413,7.747715944152245,3.880221276605499
2024,97,7,2,5,0.2857142857142857,0;2;3;4;6,3.3693586798828186,2.125469438440526,5.494828118323345,2.125469438440526,2.109158785286496,True,positive,low_under_50,0.0,3.3693586798828186,11.792755379589865,5.035946829587676
2024,97,7,2,5,0.2857142857142857,0;2;3;5;6,1.7108120238546798,3.784016094468665,5.494828118323345,3.784016094468665,2.109158785286496,True,positive,low_under_50,0.0,1.7108120238546798,5.98784208349138,3.3774001735595376
2024,97,7,2,5,0.2857142857142857,0;2;4;5;6,0.6705880503279928,4.824240067995352,5.494828118323345,4.824240067995352,2.109158785286496,True,positive,low_under_50,0.0,0.6705880503279928,2.347058176147975,2.3371762000328506
2024,97,7,2,5,0.2857142857142857,0;3;4;5;6,2.473648828537476,3.0211792897858687,5.494828118323345,3.0211792897858687,2.109158785286496,True,positive,low_under_50,0.0,2.473648828537476,8.657770899881164,4.140236978242333
2024,97,7,2,5,0.2857142857142857,1;2;3;4;5,1.5218966648113634,3.9729314535119813,5.494828118323345,3.9729314535119813,2.109158785286496,True,positive,low_under_50,0.0,1.5218966648113634,5.326638326839772,3.1884848145162215
2024,97,7,2,5,0.2857142857142857,1;2;3;4;6,2.677622217793541,2.8172059005298036,5.494828118323345,2.8172059005298036,2.109158785286496,True,positive,low_under_50,0.0,2.677622217793541,9.371677762277393,4.344210367498398
2024,97,7,2,5,0.2857142857142857,1;2;3;5;6,1.019075561765402,4.475752556557943,5.494828118323345,4.475752556557943,2.109158785286496,True,positive,low_under_50,0.0,1.019075561765402,3.5667644661789066,2.6856637114702595
2024,97,7,2,5,0.2857142857142857,1;2;4;5;6,-0.021148411761285013,5.51597653008463,5.494828118323345,5.51597653008463,2.109158785286496,False,positive,low_under_50,0.0,-0.021148411761285013,-0.07401944116449755,1.6454397379435728
2024,97,7,2,5,0.2857142857142857,1;3;4;5;6,1.781912366448198,3.7129157518751468,5.494828118323345,3.7129157518751468,2.109158785286496,True,positive,low_under_50,0.0,1.781912366448198,6.236693282568693,3.4485005161530555
2024,97,7,2,5,0.2857142857142857,2;3;4;5;6,2.1425809573047125,3.352247161018632,5.494828118323345,3.352247161018632,2.109158785286496,True,positive,low_under_50,0.0,2.1425809573047125,7.499033350566494,3.8091691070095703
2024,97,7,3,4,0.42857142857142855,0;1;2;3,3.042327701547154,2.452500416776191,5.494828118323345,2.452500416776191,1.8864889676965955,True,positive,low_under_50,0.0,3.042327701547154,7.098764636943359,4.375598221311041
2024,97,7,3,4,0.42857142857142855,0;1;2;4,2.002103728020467,3.4927243903028775,5.494828118323345,3.4927243903028775,1.8864889676965955,True,positive,low_under_50,0.0,2.002103728020467,4.67157536538109,3.3353742477843533
2024,97,7,3,4,0.42857142857142855,0;1;2;5,0.34355707199232793,5.151271046331017,5.494828118323345,5.151271046331017,1.8864889676965955,False,positive,low_under_50,0.0,0.34355707199232793,0.8016331679820986,1.6768275917562143
2024,97,7,3,4,0.42857142857142855,0;1;2;6,1.4992826249745055,3.995545493348839,5.494828118323345,3.995545493348839,1.8864889676965955,True,positive,low_under_50,0.0,1.4992826249745055,3.498326124940513,2.832553144738392
2024,97,7,3,4,0.42857142857142855,0;1;3;4,3.80516450622995,1.6896636120933948,5.494828118323345,1.6896636120933948,1.8864889676965955,True,positive,low_under_50,0.0,3.80516450622995,8.878717181203216,5.138435025993836
2024,97,7,3,4,0.42857142857142855,0;1;3;5,2.1466178502018107,3.3482102681215338,5.494828118323345,3.3482102681215338,1.8864889676965955,True,positive,low_under_50,0.0,2.1466178502018107,5.0087749838042255,3.479888369965697
2024,97,7,3,4,0.42857142857142855,0;1;3;6,3.3023434031839884,2.192484715139356,5.494828118323345,2.192484715139356,1.8864889676965955,True,positive,low_under_50,0.0,3.3023434031839884,7.705467940762639,4.635613922947875
2024,97,7,3,4,0.42857142857142855,0;1;4;5,1.106393876675124,4.388434241648221,5.494828118323345,4.388434241648221,1.8864889676965955,True,positive,low_under_50,0.0,1.106393876675124,2.581585712241956,2.43966439643901
2024,97,7,3,4,0.42857142857142855,0;1;4;6,2.2621194296573015,3.232708688666043,5.494828118323345,3.232708688666043,1.8864889676965955,True,positive,low_under_50,0.0,2.2621194296573015,5.27827866920037,3.595389949421188
2024,97,7,3,4,0.42857142857142855,0;1;5;6,0.6035727736291625,4.891255344694182,5.494828118323345,4.891255344694182,1.8864889676965955,False,positive,low_under_50,0.0,0.6035727736291625,1.4083364718013793,1.9368432933930488
2024,97,7,3,4,0.42857142857142855,0;2;3;4,4.165833097086464,1.32899502123688,5.494828118323345,1.32899502123688,1.8864889676965955,True,positive,low_under_50,0.0,4.165833097086464,9.720277226535083,5.49910361685035
2024,97,7,3,4,0.42857142857142855,0;2;3;5,2.5072864410583255,2.987541677265019,5.494828118323345,2.987541677265019,1.8864889676965955,True,positive,low_under_50,0.0,2.5072864410583255,5.850335029136093,3.840556960822212
2024,97,7,3,4,0.42857142857142855,0;2;3;6,3.6630119940405033,1.8318161242828415,5.494828118323345,1.8318161242828415,1.8864889676965955,True,positive,low_under_50,0.0,3.6630119940405033,8.547027986094507,4.99628251380439
2024,97,7,3,4,0.42857142857142855,0;2;4;5,1.4670624675316388,4.0277656507917055,5.494828118323345,4.0277656507917055,1.8864889676965955,True,positive,low_under_50,0.0,1.4670624675316388,3.423145757573824,2.8003329872955254
2024,97,7,3,4,0.42857142857142855,0;2;4;6,2.6227880205138163,2.872040097809528,5.494828118323345,2.872040097809528,1.8864889676965955,True,positive,low_under_50,0.0,2.6227880205138163,6.119838714532238,3.9560585402777027
2024,97,7,3,4,0.42857142857142855,0;2;5;6,0.9642413644856773,4.530586753837667,5.494828118323345,4.530586753837667,1.8864889676965955,False,positive,low_under_50,0.0,0.9642413644856773,2.249896517133247,2.2975118842495634
2024,97,7,3,4,0.42857142857142855,0;3;4;5,3.2701232457411216,2.224704872582223,5.494828118323345,2.224704872582223,1.8864889676965955,True,positive,low_under_50,0.0,3.2701232457411216,7.63028757339595,4.6033937655050075
2024,97,7,3,4,0.42857142857142855,0;3;4;6,4.425848798723299,1.0689793196000454,5.494828118323345,1.0689793196000454,1.8864889676965955,True,positive,low_under_50,0.0,4.425848798723299,10.326980530354364,5.759119318487185
2024,97,7,3,4,0.42857142857142855,0;3;5;6,2.76730214269516,2.7275259756281844,5.494828118323345,2.7275259756281844,1.8864889676965955,True,positive,low_under_50,0.0,2.76730214269516,6.457038332955373,4.100572662459046
2024,97,7,3,4,0.42857142857142855,0;4;5;6,1.7270781691684733,3.7677499491548714,5.494828118323345,3.7677499491548714,1.8864889676965955,True,positive,low_under_50,0.0,1.7270781691684733,4.029849061393104,3.0603486889323595
2024,97,7,3,4,0.42857142857142855,1;2;3;4,3.4740966349971867,2.020731483326158,5.494828118323345,2.020731483326158,1.8864889676965955,True,positive,low_under_50,0.0,3.4740966349971867,8.106225481660102,4.807367154761073
2024,97,7,3,4,0.42857142857142855,1;2;3;5,1.815549978969048,3.679278139354297,5.494828118323345,3.679278139354297,1.8864889676965955,True,positive,low_under_50,0.0,1.815549978969048,4.236283284261112,3.1488204987329342
2024,97,7,3,4,0.42857142857142855,1;2;3;6,2.971275531951225,2.5235525863721193,5.494828118323345,2.5235525863721193,1.8864889676965955,True,positive,low_under_50,0.0,2.971275531951225,6.932976241219525,4.3045460517151115
2024,97,7,3,4,0.42857142857142855,1;2;4;5,0.775326005442361,4.719502112880984,5.494828118323345,4.719502112880984,1.8864889676965955,False,positive,low_under_50,0.0,0.775326005442361,1.8090940126988422,2.1085965252062473
2024,97,7,3,4,0.42857142857142855,1;2;4;6,1.9310515584245385,3.5637765598988063,5.494828118323345,3.5637765598988063,1.8864889676965955,True,positive,low_under_50,0.0,1.9310515584245385,4.505786969657256,3.2643220781884246
2024,97,7,3,4,0.42857142857142855,1;2;5;6,0.2725049023963994,5.222323215926945,5.494828118323345,5.222323215926945,1.8864889676965955,False,positive,low_under_50,0.0,0.2725049023963994,0.6358447722582653,1.6057754221602858
2024,97,7,3,4,0.42857142857142855,1;3;4;5,2.578386783651844,2.9164413346715006,5.494828118323345,2.9164413346715006,1.8864889676965955,True,positive,low_under_50,0.0,2.578386783651844,6.016235828520969,3.9116573034157303
2024,97,7,3,4,0.42857142857142855,1;3;4;6,3.7341123366340216,1.7607157816893233,5.494828118323345,1.7607157816893233,1.8864889676965955,True,positive,low_under_50,0.0,3.7341123366340216,8.712928785479384,5.0673828563979075
2024,97,7,3,4,0.42857142857142855,1;3;5;6,2.0755656806058824,3.419262437717462,5.494828118323345,3.419262437717462,1.8864889676965955,True,positive,low_under_50,0.0,2.0755656806058824,4.842986588080392,3.4088362003697688
2024,97,7,3,4,0.42857142857142855,1;4;5;6,1.0353417070791955,4.459486411244149,5.494828118323345,4.459486411244149,1.8864889676965955,False,positive,low_under_50,0.0,1.0353417070791955,2.415797316518123,2.368612226843082
2024,97,7,3,4,0.42857142857142855,2;3;4;5,2.9390553745083587,2.5557727438149858,5.494828118323345,2.5557727438149858,1.8864889676965955,True,positive,low_under_50,0.0,2.9390553745083587,6.857795873852837,4.272325894272245
2024,97,7,3,4,0.42857142857142855,2;3;4;6,4.094780927490536,1.4000471908328085,5.494828118323345,1.4000471908328085,1.8864889676965955,True,positive,low_under_50,0.0,4.094780927490536,9.55448883081125,5.428051447254422
2024,97,7,3,4,0.42857142857142855,2;3;5;6,2.4362342714623972,3.0585938468609477,5.494828118323345,3.0585938468609477,1.8864889676965955,True,positive,low_under_50,0.0,2.4362342714623972,5.6845466334122605,3.7695047912262836
2024,97,7,3,4,0.42857142857142855,2;4;5;6,1.3960102979357103,4.098817820387635,5.494828118323345,4.098817820387635,1.8864889676965955,True,positive,low_under_50,0.0,1.3960102979357103,3.2573573618499907,2.7292808176995966
2024,97,7,3,4,0.42857142857142855,3;4;5;6,3.1990710761451933,2.2957570421781512,5.494828118323345,2.2957570421781512,1.8864889676965955,True,positive,low_under_50,0.0,3.1990710761451933,7.464499177672117,4.532341595909079
2024,97,7,4,3,0.5714285714285714,0;1;2,2.2957570421781512,3.1990710761451933,5.494828118323345,3.1990710761451933,1.6337473699843328,True,positive,moderate_50_to_80,0.0,2.2957570421781512,4.017574823811764,3.295709932001066
2024,97,7,4,3,0.5714285714285714,0;1;3,4.098817820387635,1.3960102979357103,5.494828118323345,1.3960102979357103,1.6337473699843328,True,positive,moderate_50_to_80,0.0,4.098817820387635,7.172931185678361,5.098770710210549
2024,97,7,4,3,0.5714285714285714,0;1;4,3.0585938468609477,2.4362342714623972,5.494828118323345,2.4362342714623972,1.6337473699843328,True,positive,moderate_50_to_80,0.0,3.0585938468609477,5.3525392320066585,4.058546736683862
2024,97,7,4,3,0.5714285714285714,0;1;5,1.4000471908328085,4.094780927490536,5.494828118323345,4.094780927490536,1.6337473699843328,False,positive,moderate_50_to_80,0.0,1.4000471908328085,2.450082583957415,2.4000000806557233
2024,97,7,4,3,0.5714285714285714,0;1;6,2.5557727438149858,2.9390553745083587,5.494828118323345,2.9390553745083587,1.6337473699843328,True,positive,moderate_50_to_80,0.0,2.5557727438149858,4.4726023016762255,3.5557256336379006
2024,97,7,4,3,0.5714285714285714,0;2;3,4.459486411244149,1.0353417070791955,5.494828118323345,1.0353417070791955,1.6337473699843328,True,positive,moderate_50_to_80,0.0,4.459486411244149,7.804101219677261,5.459439301067063
2024,97,7,4,3,0.5714285714285714,0;2;4,3.419262437717462,2.0755656806058824,5.494828118323345,2.0755656806058824,1.6337473699843328,True,positive,moderate_50_to_80,0.0,3.419262437717462,5.983709266005558,4.4192153275403765
2024,97,7,4,3,0.5714285714285714,0;2;5,1.7607157816893233,3.7341123366340216,5.494828118323345,3.7341123366340216,1.6337473699843328,False,positive,moderate_50_to_80,0.0,1.7607157816893233,3.0812526179563156,2.760668671512238
2024,97,7,4,3,0.5714285714285714,0;2;6,2.9164413346715006,2.578386783651844,5.494828118323345,2.578386783651844,1.6337473699843328,True,positive,moderate_50_to_80,0.0,2.9164413346715006,5.103772335675126,3.9163942244944154
2024,97,7,4,3,0.5714285714285714,0;3;4,5.222323215926945,0.2725049023963994,5.494828118323345,0.2725049023963994,1.6337473699843328,True,positive,moderate_50_to_80,0.0,5.222323215926945,9.139065627872153,6.2222761057498595
2024,97,7,4,3,0.5714285714285714,0;3;5,3.5637765598988063,1.9310515584245385,5.494828118323345,1.9310515584245385,1.6337473699843328,True,positive,moderate_50_to_80,0.0,3.5637765598988063,6.236608979822911,4.563729449721721
2024,97,7,4,3,0.5714285714285714,0;3;6,4.719502112880984,0.775326005442361,5.494828118323345,0.775326005442361,1.6337473699843328,True,positive,moderate_50_to_80,0.0,4.719502112880984,8.259128697541723,5.719455002703898
2024,97,7,4,3,0.5714285714285714,0;4;5,2.5235525863721193,2.971275531951225,5.494828118323345,2.971275531951225,1.6337473699843328,True,positive,moderate_50_to_80,0.0,2.5235525863721193,4.416217026151209,3.523505476195034
2024,97,7,4,3,0.5714285714285714,0;4;6,3.679278139354297,1.815549978969048,5.494828118323345,1.815549978969048,1.6337473699843328,True,positive,moderate_50_to_80,0.0,3.679278139354297,6.43873674387002,4.6792310291772115
2024,97,7,4,3,0.5714285714285714,0;5;6,2.020731483326158,3.4740966349971867,5.494828118323345,3.4740966349971867,1.6337473699843328,True,positive,moderate_50_to_80,0.0,2.020731483326158,3.5362800958207763,3.0206843731490727
2024,97,7,4,3,0.5714285714285714,1;2;3,3.7677499491548714,1.7270781691684733,5.494828118323345,1.7270781691684733,1.6337473699843328,True,positive,moderate_50_to_80,0.0,3.7677499491548714,6.593562411021025,4.767702838977786
2024,97,7,4,3,0.5714285714285714,1;2;4,2.7275259756281844,2.76730214269516,5.494828118323345,2.76730214269516,1.6337473699843328,True,positive,moderate_50_to_80,0.0,2.7275259756281844,4.773170457349323,3.7274788654510993
2024,97,7,4,3,0.5714285714285714,1;2;5,1.0689793196000454,4.425848798723299,5.494828118323345,4.425848798723299,1.6337473699843328,False,positive,moderate_50_to_80,0.0,1.0689793196000454,1.8707138093000795,2.06893220942296
2024,97,7,4,3,0.5714285714285714,1;2;6,2.224704872582223,3.2701232457411216,5.494828118323345,3.2701232457411216,1.6337473699843328,True,positive,moderate_50_to_80,0.0,2.224704872582223,3.8932335270188902,3.224657762405138
2024,97,7,4,3,0.5714285714285714,1;3;4,4.530586753837667,0.9642413644856773,5.494828118323345,0.9642413644856773,1.6337473699843328,True,positive,moderate_50_to_80,0.0,4.530586753837667,7.928526819215918,5.530539643660582
2024,97,7,4,3,0.5714285714285714,1;3;5,2.872040097809528,2.6227880205138163,5.494828118323345,2.6227880205138163,1.6337473699843328,True,positive,moderate_50_to_80,0.0,2.872040097809528,5.026070171166674,3.871992987632443
2024,97,7,4,3,0.5714285714285714,1;3;6,4.0277656507917055,1.4670624675316388,5.494828118323345,1.4670624675316388,1.6337473699843328,True,positive,moderate_50_to_80,0.0,4.0277656507917055,7.048589888885484,5.02771854061462
2024,97,7,4,3,0.5714285714285714,1;4;5,1.8318161242828415,3.6630119940405033,5.494828118323345,3.6630119940405033,1.6337473699843328,True,positive,moderate_50_to_80,0.0,1.8318161242828415,3.2056782174949725,2.831769014105756
2024,97,7,4,3,0.5714285714285714,1;4;6,2.987541677265019,2.5072864410583255,5.494828118323345,2.5072864410583255,1.6337473699843328,True,positive,moderate_50_to_80,0.0,2.987541677265019,5.2281979352137835,3.987494567087934
2024,97,7,4,3,0.5714285714285714,1;5;6,1.32899502123688,4.165833097086464,5.494828118323345,4.165833097086464,1.6337473699843328,False,positive,moderate_50_to_80,0.0,1.32899502123688,2.32574128716454,2.3289479110597946
2024,97,7,4,3,0.5714285714285714,2;3;4,4.891255344694182,0.6035727736291625,5.494828118323345,0.6035727736291625,1.6337473699843328,True,positive,moderate_50_to_80,0.0,4.891255344694182,8.559696853214819,5.891208234517096
2024,97,7,4,3,0.5714285714285714,2;3;5,3.232708688666043,2.2621194296573015,5.494828118323345,2.2621194296573015,1.6337473699843328,True,positive,moderate_50_to_80,0.0,3.232708688666043,5.657240205165575,4.232661578488957
2024,97,7,4,3,0.5714285714285714,2;3;6,4.388434241648221,1.106393876675124,5.494828118323345,1.106393876675124,1.6337473699843328,True,positive,moderate_50_to_80,0.0,4.388434241648221,7.6797599228843865,5.388387131471135
2024,97,7,4,3,0.5714285714285714,2;4;5,2.192484715139356,3.3023434031839884,5.494828118323345,3.3023434031839884,1.6337473699843328,True,positive,moderate_50_to_80,0.0,2.192484715139356,3.836848251493873,3.192437604962271
2024,97,7,4,3,0.5714285714285714,2;4;6,3.3482102681215338,2.1466178502018107,5.494828118323345,2.1466178502018107,1.6337473699843328,True,positive,moderate_50_to_80,0.0,3.3482102681215338,5.859367969212684,4.348163157944448
2024,97,7,4,3,0.5714285714285714,2;5;6,1.6896636120933948,3.80516450622995,5.494828118323345,3.80516450622995,1.6337473699843328,False,positive,moderate_50_to_80,0.0,1.6896636120933948,2.956911321163441,2.6896165019163094
2024,97,7,4,3,0.5714285714285714,3;4;5,3.995545493348839,1.4992826249745055,5.494828118323345,1.4992826249745055,1.6337473699843328,True,positive,moderate_50_to_80,0.0,3.995545493348839,6.992204613360468,4.995498383171753
2024,97,7,4,3,0.5714285714285714,3;4;6,5.151271046331017,0.34355707199232793,5.494828118323345,0.34355707199232793,1.6337473699843328,True,positive,moderate_50_to_80,0.0,5.151271046331017,9.014724331079279,6.151223936153931
2024,97,7,4,3,0.5714285714285714,3;5;6,3.4927243903028775,2.002103728020467,5.494828118323345,2.002103728020467,1.6337473699843328,True,positive,moderate_50_to_80,0.0,3.4927243903028775,6.112267683030035,4.492677280125792
2024,97,7,4,3,0.5714285714285714,4;5;6,2.452500416776191,3.042327701547154,5.494828118323345,3.042327701547154,1.6337473699843328,True,positive,moderate_50_to_80,0.0,2.452500416776191,4.291875729358335,3.452453306599106
2024,97,7,5,2,0.7142857142857143,0;1,3.352247161018632,2.1425809573047125,5.494828118323345,2.1425809573047125,1.3339491416918725,True,positive,moderate_50_to_80,0.0,3.352247161018632,4.693146025426085,4.018882420900575
2024,97,7,5,2,0.7142857142857143,0;2,3.7129157518751468,1.781912366448198,5.494828118323345,1.781912366448198,1.3339491416918725,True,positive,moderate_50_to_80,0.0,3.7129157518751468,5.198082052625205,4.37955101175709
2024,97,7,5,2,0.7142857142857143,0;3,5.51597653008463,-0.021148411761285013,5.494828118323345,0.021148411761285013,1.3339491416918725,True,negative,moderate_50_to_80,0.0,5.51597653008463,7.722367142118482,6.182611789966573
2024,97,7,5,2,0.7142857142857143,0;4,4.475752556557943,1.019075561765402,5.494828118323345,1.019075561765402,1.3339491416918725,True,positive,moderate_50_to_80,0.0,4.475752556557943,6.26605357918112,5.142387816439886
2024,97,7,5,2,0.7142857142857143,0;5,2.8172059005298036,2.677622217793541,5.494828118323345,2.677622217793541,1.3339491416918725,True,positive,moderate_50_to_80,0.0,2.8172059005298036,3.944088260741725,3.483841160411747
2024,97,7,5,2,0.7142857142857143,0;6,3.9729314535119813,1.5218966648113634,5.494828118323345,1.5218966648113634,1.3339491416918725,True,positive,moderate_50_to_80,0.0,3.9729314535119813,5.562104034916773,4.639566713393925
2024,97,7,5,2,0.7142857142857143,1;2,3.0211792897858687,2.473648828537476,5.494828118323345,2.473648828537476,1.3339491416918725,True,positive,moderate_50_to_80,0.0,3.0211792897858687,4.229651005700216,3.687814549667812
2024,97,7,5,2,0.7142857142857143,1;3,4.824240067995352,0.6705880503279928,5.494828118323345,0.6705880503279928,1.3339491416918725,True,positive,moderate_50_to_80,0.0,4.824240067995352,6.753936095193493,5.490875327877295
2024,97,7,5,2,0.7142857142857143,1;4,3.784016094468665,1.7108120238546798,5.494828118323345,1.7108120238546798,1.3339491416918725,True,positive,moderate_50_to_80,0.0,3.784016094468665,5.297622532256131,4.450651354350608
2024,97,7,5,2,0.7142857142857143,1;5,2.125469438440526,3.3693586798828186,5.494828118323345,3.3693586798828186,1.3339491416918725,False,positive,moderate_50_to_80,0.0,2.125469438440526,2.9756572138167363,2.7921046983224693
2024,97,7,5,2,0.7142857142857143,1;6,3.281194991422703,2.2136331269006413,5.494828118323345,2.2136331269006413,1.3339491416918725,True,positive,moderate_50_to_80,0.0,3.281194991422703,4.593672987991785,3.947830251304646
2024,97,7,5,2,0.7142857142857143,2;3,5.1849086588518665,0.30991945947147803,5.494828118323345,0.30991945947147803,1.3339491416918725,True,positive,moderate_50_to_80,0.0,5.1849086588518665,7.258872122392613,5.851543918733809
2024,97,7,5,2,0.7142857142857143,2;4,4.1446846853251795,1.350143432998165,5.494828118323345,1.350143432998165,1.3339491416918725,True,positive,moderate_50_to_80,0.0,4.1446846853251795,5.802558559455251,4.8113199452071225
2024,97,7,5,2,0.7142857142857143,2;5,2.4861380292970408,3.008690089026304,5.494828118323345,3.008690089026304,1.3339491416918725,False,positive,moderate_50_to_80,0.0,2.4861380292970408,3.480593241015857,3.1527732891789837
2024,97,7,5,2,0.7142857142857143,2;6,3.641863582279218,1.8529645360441265,5.494828118323345,1.8529645360441265,1.3339491416918725,True,positive,moderate_50_to_80,0.0,3.641863582279218,5.098609015190905,4.308498842161161
2024,97,7,5,2,0.7142857142857143,3;4,5.9477454635346625,-0.45291734521131805,5.494828118323345,0.45291734521131805,1.3339491416918725,True,negative,moderate_50_to_80,0.0,5.9477454635346625,8.326843648948529,6.614380723416605
2024,97,7,5,2,0.7142857142857143,3;5,4.289198807506524,1.205629310816821,5.494828118323345,1.205629310816821,1.3339491416918725,True,positive,moderate_50_to_80,0.0,4.289198807506524,6.0048783305091336,4.955834067388467
2024,97,7,5,2,0.7142857142857143,3;6,5.444924360488701,0.049903757834643514,5.494828118323345,0.049903757834643514,1.3339491416918725,True,positive,moderate_50_to_80,0.0,5.444924360488701,7.622894104684183,6.111559620370644
2024,97,7,5,2,0.7142857142857143,4;5,3.2489748339798368,2.2458532843435077,5.494828118323345,2.2458532843435077,1.3339491416918725,True,positive,moderate_50_to_80,0.0,3.2489748339798368,4.548564767571771,3.9156100938617797
2024,97,7,5,2,0.7142857142857143,4;6,4.4047003869620145,1.0901277313613305,5.494828118323345,1.0901277313613305,1.3339491416918725,True,positive,moderate_50_to_80,0.0,4.4047003869620145,6.1665805417468205,5.071335646843957
2024,97,7,5,2,0.7142857142857143,5;6,2.7461537309338753,2.7486743873894692,5.494828118323345,2.7486743873894692,1.3339491416918725,True,positive,moderate_50_to_80,0.0,2.7461537309338753,3.844615223307425,3.4127889908158187
2024,97,7,6,1,0.8571428571428571,0,4.7694058707156275,0.7254222476077175,5.494828118323345,0.7254222476077175,0.9432444838482977,True,positive,high_80_plus,0.0,4.7694058707156275,5.564306849168232,5.102723500656599
2024,97,7,6,1,0.8571428571428571,1,4.077669408626349,1.4171587096969953,5.494828118323345,1.4171587096969953,0.9432444838482977,True,positive,high_80_plus,0.0,4.077669408626349,4.7572809767307405,4.41098703856732
2024,97,7,6,1,0.8571428571428571,2,4.438337999482864,1.0564901188404805,5.494828118323345,1.0564901188404805,0.9432444838482977,True,positive,high_80_plus,0.0,4.438337999482864,5.178060999396675,4.771655629423836
2024,97,7,6,1,0.8571428571428571,3,6.241398777692347,-0.7465706593690025,5.494828118323345,0.7465706593690025,0.9432444838482977,True,negative,high_80_plus,0.0,6.241398777692347,7.281631907307738,6.574716407633319
2024,97,7,6,1,0.8571428571428571,4,5.20117480416566,0.2936533141576844,5.494828118323345,0.2936533141576844,0.9432444838482977,True,positive,high_80_plus,0.0,5.20117480416566,6.068037271526603,5.534492434106632
2024,97,7,6,1,0.8571428571428571,5,3.542628148137521,1.9521999701858235,5.494828118323345,1.9521999701858235,0.9432444838482977,False,positive,high_80_plus,0.0,3.542628148137521,4.133066172827108,3.8759457780784925
2024,97,7,6,1,0.8571428571428571,6,4.698353701119698,0.796474417203646,5.494828118323345,0.796474417203646,0.9432444838482977,True,positive,high_80_plus,0.0,4.698353701119698,5.481412651306314,5.03167133106067
2024,98,6,1,5,0.16666666666666666,0;1;2;3;4,0.5024647602819159,2.2242587455810288,2.7267235058629447,2.2242587455810288,2.109158785286496,True,positive,low_under_50,0.0,0.5024647602819159,3.0147885616914953,2.1690529099867737
2024,98,6,1,5,0.16666666666666666,0;1;2;3;5,0.42563861954878346,2.3010848863141615,2.7267235058629447,2.3010848863141615,2.109158785286496,True,positive,low_under_50,0.0,0.42563861954878346,2.5538317172927005,2.0922267692536414
2024,98,6,1,5,0.16666666666666666,0;1;2;4;5,0.2936533141576844,2.4330701917052604,2.7267235058629447,2.4330701917052604,2.109158785286496,True,positive,low_under_50,0.0,0.2936533141576844,1.7619198849461064,1.9602414638625423
2024,98,6,1,5,0.16666666666666666,0;1;3;4;5,0.4974572022863186,2.229266303576626,2.7267235058629447,2.229266303576626,2.109158785286496,True,positive,low_under_50,0.0,0.4974572022863186,2.9847432137179117,2.1640453519911764
2024,98,6,1,5,0.16666666666666666,0;2;3;4;5,1.5927197492538305,1.1340037566091143,2.7267235058629447,1.1340037566091143,2.109158785286496,True,positive,low_under_50,0.0,1.5927197492538305,9.556318495522984,3.2593078989586886
2024,98,6,1,5,0.16666666666666666,1;2;3;4;5,-0.5852101396655881,3.311933645528533,2.7267235058629447,3.311933645528533,2.109158785286496,True,positive,low_under_50,0.0,-0.5852101396655881,-3.511260837993529,1.0813780100392698
2024,98,6,2,4,0.3333333333333333,0;1;2;3,0.9281033798306993,1.7986201260322454,2.7267235058629447,1.7986201260322454,1.8864889676965955,True,positive,low_under_50,0.0,0.9281033798306993,2.784310139492098,2.261373899594586
2024,98,6,2,4,0.3333333333333333,0;1;2;4,0.7961180744396004,1.9306054314233445,2.7267235058629447,1.9306054314233445,1.8864889676965955,True,positive,low_under_50,0.0,0.7961180744396004,2.3883542233188013,2.129388594203487
2024,98,6,2,4,0.3333333333333333,0;1;2;5,0.7192919337064678,2.007431572156477,2.7267235058629447,2.007431572156477,1.8864889676965955,True,positive,low_under_50,0.0,0.7192919337064678,2.1578758011194035,2.052562453470354
2024,98,6,2,4,0.3333333333333333,0;1;3;4,0.9999219625682345,1.7268015432947104,2.7267235058629447,1.7268015432947104,1.8864889676965955,True,positive,low_under_50,0.0,0.9999219625682345,2.9997658877047035,2.333192482332121
2024,98,6,2,4,0.3333333333333333,0;1;3;5,0.9230958218351021,1.8036276840278427,2.7267235058629447,1.8036276840278427,1.8864889676965955,True,positive,low_under_50,0.0,0.9230958218351021,2.769287465505306,2.2563663415989885
2024,98,6,2,4,0.3333333333333333,0;1;4;5,0.7911105164440031,1.9356129894189418,2.7267235058629447,1.9356129894189418,1.8864889676965955,True,positive,low_under_50,0.0,0.7911105164440031,2.3733315493320095,2.1243810362078897
2024,98,6,2,4,0.3333333333333333,0;2;3;4,2.0951845095357466,0.6315389963271985,2.7267235058629447,0.6315389963271985,1.8864889676965955,True,positive,low_under_50,0.0,2.0951845095357466,6.28555352860724,3.428455029299633
2024,98,6,2,4,0.3333333333333333,0;2;3;5,2.018358368802614,0.7083651370603308,2.7267235058629447,0.7083651370603308,1.8864889676965955,True,positive,low_under_50,0.0,2.018358368802614,6.055075106407841,3.3516288885665
2024,98,6,2,4,0.3333333333333333,0;2;4;5,1.886373063411515,0.8403504424514299,2.7267235058629447,0.8403504424514299,1.8864889676965955,True,positive,low_under_50,0.0,1.886373063411515,5.659119190234545,3.2196435831754013
2024,98,6,2,4,0.3333333333333333,0;3;4;5,2.0901769515401494,0.6365465543227957,2.7267235058629447,0.6365465543227957,1.8864889676965955,True,positive,low_under_50,0.0,2.0901769515401494,6.270530854620448,3.4234474713040357
2024,98,6,2,4,0.3333333333333333,1;2;3;4,-0.08274537938367221,2.809468885246617,2.7267235058629447,2.809468885246617,1.8864889676965955,True,positive,low_under_50,0.0,-0.08274537938367221,-0.24823613815101664,1.2505251403802142
2024,98,6,2,4,0.3333333333333333,1;2;3;5,-0.15957152011680464,2.8862950259797495,2.7267235058629447,2.8862950259797495,1.8864889676965955,True,positive,low_under_50,0.0,-0.15957152011680464,-0.47871456035041393,1.1736989996470817
2024,98,6,2,4,0.3333333333333333,1;2;4;5,-0.2915568255079037,3.0182803313708484,2.7267235058629447,3.0182803313708484,1.8864889676965955,True,positive,low_under_50,0.0,-0.2915568255079037,-0.874670476523711,1.0417136942559826
2024,98,6,2,4,0.3333333333333333,1;3;4;5,-0.08775293737926948,2.8144764432422145,2.7267235058629447,2.8144764432422145,1.8864889676965955,True,positive,low_under_50,0.0,-0.08775293737926948,-0.26325881213780844,1.245517582384617
2024,98,6,2,4,0.3333333333333333,2;3;4;5,1.0075096095882423,1.7192138962747023,2.7267235058629447,1.7192138962747023,1.8864889676965955,True,positive,low_under_50,0.0,1.0075096095882423,3.022528828764727,2.3407801293521286
2024,98,6,3,3,0.5,0;1;2,1.2217566939883837,1.504966811874561,2.7267235058629447,1.504966811874561,1.6337473699843328,True,positive,moderate_50_to_80,0.0,1.2217566939883837,2.4435133879767674,2.2217095838112986
2024,98,6,3,3,0.5,0;1;3,1.425560582117018,1.3011629237459268,2.7267235058629447,1.3011629237459268,1.6337473699843328,True,positive,moderate_50_to_80,0.0,1.425560582117018,2.8511211642340357,2.425513471939933
2024,98,6,3,3,0.5,0;1;4,1.293575276725919,1.4331482291370259,2.7267235058629447,1.4331482291370259,1.6337473699843328,True,positive,moderate_50_to_80,0.0,1.293575276725919,2.587150553451838,2.2935281665488336
2024,98,6,3,3,0.5,0;1;5,1.2167491359927864,1.5099743698701582,2.7267235058629447,1.5099743698701582,1.6337473699843328,True,positive,moderate_50_to_80,0.0,1.2167491359927864,2.433498271985573,2.2167020258157013
2024,98,6,3,3,0.5,0;2;3,2.5208231290845298,0.20590037677841494,2.7267235058629447,0.20590037677841494,1.6337473699843328,True,positive,moderate_50_to_80,0.0,2.5208231290845298,5.0416462581690595,3.5207760189074446
2024,98,6,3,3,0.5,0;2;4,2.388837823693431,0.337885682169514,2.7267235058629447,0.337885682169514,1.6337473699843328,True,positive,moderate_50_to_80,0.0,2.388837823693431,4.777675647386862,3.3887907135163458
2024,98,6,3,3,0.5,0;2;5,2.3120116829602986,0.4147118229026464,2.7267235058629447,0.4147118229026464,1.6337473699843328,True,positive,moderate_50_to_80,0.0,2.3120116829602986,4.624023365920597,3.3119645727832134
2024,98,6,3,3,0.5,0;3;4,2.592641711822065,0.13408179404087978,2.7267235058629447,0.13408179404087978,1.6337473699843328,True,positive,moderate_50_to_80,0.0,2.592641711822065,5.18528342364413,3.5925946016449797
2024,98,6,3,3,0.5,0;3;5,2.5158155710889325,0.2109079347740122,2.7267235058629447,0.2109079347740122,1.6337473699843328,True,positive,moderate_50_to_80,0.0,2.5158155710889325,5.031631142177865,3.5157684609118474
2024,98,6,3,3,0.5,0;4;5,2.3838302656978336,0.34289324016511125,2.7267235058629447,0.34289324016511125,1.6337473699843328,True,positive,moderate_50_to_80,0.0,2.3838302656978336,4.767660531395667,3.3837831555207485
2024,98,6,3,3,0.5,1;2;3,0.34289324016511125,2.3838302656978336,2.7267235058629447,2.3838302656978336,1.6337473699843328,True,positive,moderate_50_to_80,0.0,0.34289324016511125,0.6857864803302225,1.3428461299880259
2024,98,6,3,3,0.5,1;2;4,0.2109079347740122,2.5158155710889325,2.7267235058629447,2.5158155710889325,1.6337473699843328,True,positive,moderate_50_to_80,0.0,0.2109079347740122,0.42181586954802447,1.210860824596927
2024,98,6,3,3,0.5,1;2;5,0.13408179404087978,2.592641711822065,2.7267235058629447,2.592641711822065,1.6337473699843328,True,positive,moderate_50_to_80,0.0,0.13408179404087978,0.26816358808175955,1.1340346838637945
2024,98,6,3,3,0.5,1;3;4,0.4147118229026464,2.3120116829602986,2.7267235058629447,2.3120116829602986,1.6337473699843328,True,positive,moderate_50_to_80,0.0,0.4147118229026464,0.8294236458052927,1.4146647127255612
2024,98,6,3,3,0.5,1;3;5,0.337885682169514,2.388837823693431,2.7267235058629447,2.388837823693431,1.6337473699843328,True,positive,moderate_50_to_80,0.0,0.337885682169514,0.675771364339028,1.3378385719924286
2024,98,6,3,3,0.5,1;4;5,0.20590037677841494,2.5208231290845298,2.7267235058629447,2.5208231290845298,1.6337473699843328,True,positive,moderate_50_to_80,0.0,0.20590037677841494,0.41180075355682993,1.2058532666013297
2024,98,6,3,3,0.5,2;3;4,1.5099743698701582,1.2167491359927864,2.7267235058629447,1.2167491359927864,1.6337473699843328,True,positive,moderate_50_to_80,0.0,1.5099743698701582,3.0199487397403164,2.509927259693073
2024,98,6,3,3,0.5,2;3;5,1.4331482291370259,1.293575276725919,2.7267235058629447,1.293575276725919,1.6337473699843328,True,positive,moderate_50_to_80,0.0,1.4331482291370259,2.8662964582740518,2.4331011189599407
2024,98,6,3,3,0.5,2;4;5,1.3011629237459268,1.425560582117018,2.7267235058629447,1.425560582117018,1.6337473699843328,True,positive,moderate_50_to_80,0.0,1.3011629237459268,2.6023258474918536,2.3011158135688414
2024,98,6,3,3,0.5,3;4;5,1.504966811874561,1.2217566939883837,2.7267235058629447,1.2217566939883837,1.6337473699843328,True,positive,moderate_50_to_80,0.0,1.504966811874561,3.009933623749122,2.504919701697476
2024,98,6,4,2,0.6666666666666666,0;1,1.7192138962747023,1.0075096095882423,2.7267235058629447,1.0075096095882423,1.3339491416918725,True,positive,moderate_50_to_80,0.0,1.7192138962747023,2.5788208444120535,2.3858491561566453
2024,98,6,4,2,0.6666666666666666,0;2,2.8144764432422145,-0.08775293737926948,2.7267235058629447,0.08775293737926948,1.3339491416918725,True,negative,moderate_50_to_80,0.0,2.8144764432422145,4.221714664863322,3.4811117031241574
2024,98,6,4,2,0.6666666666666666,0;3,3.0182803313708484,-0.2915568255079037,2.7267235058629447,0.2915568255079037,1.3339491416918725,True,negative,moderate_50_to_80,0.0,3.0182803313708484,4.527420497056273,3.6849155912527918
2024,98,6,4,2,0.6666666666666666,0;4,2.8862950259797495,-0.15957152011680464,2.7267235058629447,0.15957152011680464,1.3339491416918725,True,negative,moderate_50_to_80,0.0,2.8862950259797495,4.329442538969625,3.5529302858616925
2024,98,6,4,2,0.6666666666666666,0;5,2.809468885246617,-0.08274537938367221,2.7267235058629447,0.08274537938367221,1.3339491416918725,True,negative,moderate_50_to_80,0.0,2.809468885246617,4.214203327869926,3.47610414512856
2024,98,6,4,2,0.6666666666666666,1;2,0.6365465543227957,2.0901769515401494,2.7267235058629447,2.0901769515401494,1.3339491416918725,True,positive,moderate_50_to_80,0.0,0.6365465543227957,0.9548198314841936,1.3031818142047389
2024,98,6,4,2,0.6666666666666666,1;3,0.8403504424514299,1.886373063411515,2.7267235058629447,1.886373063411515,1.3339491416918725,True,positive,moderate_50_to_80,0.0,0.8403504424514299,1.2605256636771447,1.506985702333373
2024,98,6,4,2,0.6666666666666666,1;4,0.7083651370603308,2.018358368802614,2.7267235058629447,2.018358368802614,1.3339491416918725,True,positive,moderate_50_to_80,0.0,0.7083651370603308,1.0625477055904962,1.375000396942274
2024,98,6,4,2,0.6666666666666666,1;5,0.6315389963271985,2.0951845095357466,2.7267235058629447,2.0951845095357466,1.3339491416918725,True,positive,moderate_50_to_80,0.0,0.6315389963271985,0.9473084944907977,1.2981742562091416
2024,98,6,4,2,0.6666666666666666,2;3,1.9356129894189418,0.7911105164440031,2.7267235058629447,0.7911105164440031,1.3339491416918725,True,positive,moderate_50_to_80,0.0,1.9356129894189418,2.9034194841284124,2.602248249300885
2024,98,6,4,2,0.6666666666666666,2;4,1.8036276840278427,0.9230958218351021,2.7267235058629447,0.9230958218351021,1.3339491416918725,True,positive,moderate_50_to_80,0.0,1.8036276840278427,2.705441526041764,2.470262943909786
2024,98,6,4,2,0.6666666666666666,2;5,1.7268015432947104,0.9999219625682345,2.7267235058629447,0.9999219625682345,1.3339491416918725,True,positive,moderate_50_to_80,0.0,1.7268015432947104,2.5902023149420654,2.3934368031766535
2024,98,6,4,2,0.6666666666666666,3;4,2.007431572156477,0.7192919337064678,2.7267235058629447,0.7192919337064678,1.3339491416918725,True,positive,moderate_50_to_80,0.0,2.007431572156477,3.011147358234715,2.67406683203842
2024,98,6,4,2,0.6666666666666666,3;5,1.9306054314233445,0.7961180744396004,2.7267235058629447,0.7961180744396004,1.3339491416918725,True,positive,moderate_50_to_80,0.0,1.9306054314233445,2.8959081471350165,2.597240691305288
2024,98,6,4,2,0.6666666666666666,4;5,1.7986201260322454,0.9281033798306993,2.7267235058629447,0.9281033798306993,1.3339491416918725,True,positive,moderate_50_to_80,0.0,1.7986201260322454,2.697930189048368,2.4652553859141886
2024,98,6,5,1,0.8333333333333334,0,3.311933645528533,-0.5852101396655881,2.7267235058629447,0.5852101396655881,0.9432444838482977,True,negative,high_80_plus,0.0,3.311933645528533,3.9743203746342397,3.6452512754695046
2024,98,6,5,1,0.8333333333333334,1,1.1340037566091143,1.5927197492538305,2.7267235058629447,1.5927197492538305,0.9432444838482977,True,positive,high_80_plus,0.0,1.1340037566091143,1.3608045079309372,1.4673213865500858
2024,98,6,5,1,0.8333333333333334,2,2.229266303576626,0.4974572022863186,2.7267235058629447,0.4974572022863186,0.9432444838482977,True,positive,high_80_plus,0.0,2.229266303576626,2.6751195642919514,2.5625839335175975
2024,98,6,5,1,0.8333333333333334,3,2.4330701917052604,0.2936533141576844,2.7267235058629447,0.2936533141576844,0.9432444838482977,True,positive,high_80_plus,0.0,2.4330701917052604,2.9196842300463124,2.766387821646232
2024,98,6,5,1,0.8333333333333334,4,2.3010848863141615,0.42563861954878346,2.7267235058629447,0.42563861954878346,0.9432444838482977,True,positive,high_80_plus,0.0,2.3010848863141615,2.761301863576994,2.634402516255133
2024,98,6,5,1,0.8333333333333334,5,2.2242587455810288,0.5024647602819159,2.7267235058629447,0.5024647602819159,0.9432444838482977,True,positive,high_80_plus,0.0,2.2242587455810288,2.6691104946972346,2.5575763755220002
2024,99,3,1,2,0.3333333333333333,0;1,-0.5852101396655881,-0.5718344964895127,-1.1570446361551008,0.5718344964895127,1.3339491416918725,True,negative,low_under_50,0.0,-0.5852101396655881,-1.7556304189967644,0.08142512021635506
2024,99,3,1,2,0.3333333333333333,0;2,-0.5852101396655881,-0.5718344964895127,-1.1570446361551008,0.5718344964895127,1.3339491416918725,True,negative,low_under_50,0.0,-0.5852101396655881,-1.7556304189967644,0.08142512021635506
2024,99,3,1,2,0.3333333333333333,1;2,0.013375643176075378,-1.1704202793311762,-1.1570446361551008,1.1704202793311762,1.3339491416918725,True,negative,low_under_50,0.0,0.013375643176075378,0.040126929528226135,0.6800109030580186
2024,99,3,2,1,0.6666666666666666,0,-1.1704202793311762,0.013375643176075378,-1.1570446361551008,0.013375643176075378,0.9432444838482977,True,positive,moderate_50_to_80,0.0,-1.1704202793311762,-1.7556304189967644,-0.8371026493902046
2024,99,3,2,1,0.6666666666666666,1,-0.5718344964895127,-0.5852101396655881,-1.1570446361551008,0.5852101396655881,0.9432444838482977,True,negative,moderate_50_to_80,0.0,-0.5718344964895127,-0.8577517447342691,-0.2385168665485411
2024,99,3,2,1,0.6666666666666666,2,-0.5718344964895127,-0.5852101396655881,-1.1570446361551008,0.5852101396655881,0.9432444838482977,True,negative,moderate_50_to_80,0.0,-0.5718344964895127,-0.8577517447342691,-0.2385168665485411
2025,12,4,1,3,0.25,0;1;2,-0.07555266872719342,2.2447637728662087,2.1692111041390154,2.2447637728662087,1.5789614715739857,True,positive,low_under_50,0.0,-0.07555266872719342,-0.3022106749087737,0.9049042070166617
2025,12,4,1,3,0.25,0;1;3,0.36341141477306915,1.805799689365946,2.1692111041390154,1.805799689365946,1.5789614715739857,True,positive,low_under_50,0.0,0.36341141477306915,1.4536456590922766,1.3438682905169244
2025,12,4,1,3,0.25,0;2;3,1.90050407847593,0.2687070256630853,2.1692111041390154,0.2687070256630853,1.5789614715739857,True,positive,low_under_50,0.0,1.90050407847593,7.60201631390372,2.880960954219785
2025,12,4,1,3,0.25,1;2;3,-0.01915172038279041,2.1883628245218056,2.1692111041390154,2.1883628245218056,1.5789614715739857,True,positive,low_under_50,0.0,-0.01915172038279041,-0.07660688153116164,0.9613051553610648
2025,12,4,2,2,0.5,0;1,0.28785874604587575,1.8813523580931395,2.1692111041390154,1.8813523580931395,1.2892166429567702,True,positive,moderate_50_to_80,0.0,0.28785874604587575,0.5757174920917515,0.9414966632084458
2025,12,4,2,2,0.5,0;2,1.8249514097487365,0.34425969439027876,2.1692111041390154,0.34425969439027876,1.2892166429567702,True,positive,moderate_50_to_80,0.0,1.8249514097487365,3.649902819497473,2.4785893269113064
2025,12,4,2,2,0.5,0;3,2.263915493248999,-0.09470438910998383,2.1692111041390154,0.09470438910998383,1.2892166429567702,True,negative,moderate_50_to_80,0.0,2.263915493248999,4.527830986497998,2.917553410411569
2025,12,4,2,2,0.5,1;2,-0.09470438910998383,2.263915493248999,2.1692111041390154,2.263915493248999,1.2892166429567702,True,positive,moderate_50_to_80,0.0,-0.09470438910998383,-0.18940877821996766,0.5589335280525863
2025,12,4,2,2,0.5,1;3,0.34425969439027876,1.8249514097487365,2.1692111041390154,1.8249514097487365,1.2892166429567702,True,positive,moderate_50_to_80,0.0,0.34425969439027876,0.6885193887805575,0.9978976115528488
2025,12,4,2,2,0.5,2;3,1.8813523580931395,0.28785874604587575,2.1692111041390154,0.28785874604587575,1.2892166429567702,True,positive,moderate_50_to_80,0.0,1.8813523580931395,3.762704716186279,2.5349902752557094
2025,12,4,3,1,0.75,0,2.1883628245218056,-0.01915172038279041,2.1692111041390154,0.01915172038279041,0.9116138306532883,True,negative,moderate_50_to_80,0.0,2.1883628245218056,2.9178170993624075,2.515181783103091
2025,12,4,3,1,0.75,1,0.2687070256630853,1.90050407847593,2.1692111041390154,1.90050407847593,0.9116138306532883,False,positive,moderate_50_to_80,0.0,0.2687070256630853,0.3582760342174471,0.5955259842443703
2025,12,4,3,1,0.75,2,1.805799689365946,0.36341141477306915,2.1692111041390154,0.36341141477306915,0.9116138306532883,True,positive,moderate_50_to_80,0.0,1.805799689365946,2.407732919154595,2.132618647947231
2025,12,4,3,1,0.75,3,2.2447637728662087,-0.07555266872719342,2.1692111041390154,0.07555266872719342,0.9116138306532883,True,negative,moderate_50_to_80,0.0,2.2447637728662087,2.9930183638216117,2.571582731447494
2025,130,3,1,2,0.3333333333333333,0;1,-0.5859862340975025,2.2230847370517823,1.6370985029542797,2.2230847370517823,1.2892166429567702,True,positive,low_under_50,0.0,-0.5859862340975025,-1.7579587022925076,0.06765168306506764
2025,130,3,1,2,0.3333333333333333,0;2,2.2746732452844496,-0.6375747423301699,1.6370985029542797,0.6375747423301699,1.2892166429567702,True,negative,low_under_50,0.0,2.2746732452844496,6.824019735853349,2.9283111624470197
2025,130,3,1,2,0.3333333333333333,1;2,-0.05158850823266736,1.6886870111869472,1.6370985029542797,1.6886870111869472,1.2892166429567702,True,positive,low_under_50,0.0,-0.05158850823266736,-0.1547655246980021,0.6020494089299028
2025,130,3,2,1,0.6666666666666666,0,1.6886870111869472,-0.05158850823266736,1.6370985029542797,0.05158850823266736,0.9116138306532883,True,negative,moderate_50_to_80,0.0,1.6886870111869472,2.533030516780421,2.015505969768232
2025,130,3,2,1,0.6666666666666666,1,-0.6375747423301699,2.2746732452844496,1.6370985029542797,2.2746732452844496,0.9116138306532883,False,positive,moderate_50_to_80,0.0,-0.6375747423301699,-0.9563621134952548,-0.3107557837488848
2025,130,3,2,1,0.6666666666666666,2,2.2230847370517823,-0.5859862340975025,1.6370985029542797,0.5859862340975025,0.9116138306532883,True,negative,moderate_50_to_80,0.0,2.2230847370517823,3.3346271055776735,2.549903695633067
2025,135,2,1,1,0.5,0,0.13710556693777626,-0.11835548494856844,0.018750081989207815,0.11835548494856844,0.9116138306532883,True,negative,moderate_50_to_80,0.0,0.13710556693777626,0.2742111338755525,0.4639245255190613
2025,135,2,1,1,0.5,1,-0.11835548494856844,0.13710556693777626,0.018750081989207815,0.13710556693777626,0.9116138306532883,True,positive,moderate_50_to_80,0.0,-0.11835548494856844,-0.23671096989713689,0.2084634736327166
2025,145,7,1,6,0.14285714285714285,0;1;2;3;4;5,-0.7468559791974352,1.95410034599726,1.2072443667998247,1.95410034599726,2.2329887275645106,True,positive,low_under_50,0.0,-0.7468559791974352,-5.227991854382046,1.2140577722902752
2025,145,7,1,6,0.14285714285714285,0;1;2;3;4;6,1.4587147123796498,-0.2514703455798251,1.2072443667998247,0.2514703455798251,2.2329887275645106,True,negative,low_under_50,0.0,1.4587147123796498,10.21100298665755,3.41962846386736
2025,145,7,1,6,0.14285714285714285,0;1;2;3;5;6,-0.7468559791974352,1.95410034599726,1.2072443667998247,1.95410034599726,2.2329887275645106,True,positive,low_under_50,0.0,-0.7468559791974352,-5.227991854382046,1.2140577722902752
2025,145,7,1,6,0.14285714285714285,0;1;2;4;5;6,0.21519605688932214,0.9920483099105025,1.2072443667998247,0.9920483099105025,2.2329887275645106,True,positive,low_under_50,0.0,0.21519605688932214,1.506372398225255,2.1761098083770327
2025,145,7,1,6,0.14285714285714285,0;1;3;4;5;6,1.959508258518233,-0.7522638917184084,1.2072443667998247,0.7522638917184084,2.2329887275645106,True,negative,low_under_50,0.0,1.959508258518233,13.71655780962763,3.9204220100059435
2025,145,7,1,6,0.14285714285714285,0;2;3;4;5;6,-0.18560672339507478,1.3928510901948994,1.2072443667998247,1.3928510901948994,2.2329887275645106,True,positive,low_under_50,0.0,-0.18560672339507478,-1.2992470637655233,1.7753070280926355
2025,145,7,1,6,0.14285714285714285,1;2;3;4;5;6,-0.7468559791974352,1.95410034599726,1.2072443667998247,1.95410034599726,2.2329887275645106,True,positive,low_under_50,0.0,-0.7468559791974352,-5.227991854382046,1.2140577722902752
2025,145,7,2,5,0.2857142857142857,0;1;2;3;4,0.7118587331822146,0.49538563361761007,1.2072443667998247,0.49538563361761007,2.038430494569734,True,positive,low_under_50,0.0,0.7118587331822146,2.491505566137751,2.34595352608864
2025,145,7,2,5,0.2857142857142857,0;1;2;3;5,-1.4937119583948704,2.700956325194695,1.2072443667998247,2.700956325194695,2.038430494569734,True,positive,low_under_50,0.0,-1.4937119583948704,-5.227991854382046,0.14038283451155498
2025,145,7,2,5,0.2857142857142857,0;1;2;3;6,0.7118587331822146,0.49538563361761007,1.2072443667998247,0.49538563361761007,2.038430494569734,True,positive,low_under_50,0.0,0.7118587331822146,2.491505566137751,2.34595352608864
2025,145,7,2,5,0.2857142857142857,0;1;2;4;5,-0.5316599223081131,1.7389042891079378,1.2072443667998247,1.7389042891079378,2.038430494569734,True,positive,low_under_50,0.0,-0.5316599223081131,-1.860809728078396,1.1024348705983122
2025,145,7,2,5,0.2857142857142857,0;1;2;4;6,1.6739107692689719,-0.46666640246914726,1.2072443667998247,0.46666640246914726,2.038430494569734,True,negative,low_under_50,0.0,1.6739107692689719,5.858687692441402,3.3080055621753974
2025,145,7,2,5,0.2857142857142857,0;1;2;5;6,-0.5316599223081131,1.7389042891079378,1.2072443667998247,1.7389042891079378,2.038430494569734,True,positive,low_under_50,0.0,-0.5316599223081131,-1.860809728078396,1.1024348705983122
2025,145,7,2,5,0.2857142857142857,0;1;3;4;5,1.2126522793207979,-0.005407912520973224,1.2072443667998247,0.005407912520973224,2.038430494569734,True,negative,low_under_50,0.0,1.2126522793207979,4.244282977622793,2.846747072227223
2025,145,7,2,5,0.2857142857142857,0;1;3;4;6,3.418222970897883,-2.210978604098058,1.2072443667998247,2.210978604098058,2.038430494569734,False,negative,low_under_50,0.0,3.418222970897883,11.96378039814259,5.052317763804308
2025,145,7,2,5,0.2857142857142857,0;1;3;5;6,1.2126522793207979,-0.005407912520973224,1.2072443667998247,0.005407912520973224,2.038430494569734,True,negative,low_under_50,0.0,1.2126522793207979,4.244282977622793,2.846747072227223
2025,145,7,2,5,0.2857142857142857,0;1;4;5;6,2.1747043154075554,-0.9674599486077305,1.2072443667998247,0.9674599486077305,2.038430494569734,True,negative,low_under_50,0.0,2.1747043154075554,7.611465103926443,3.8087991083139805
2025,145,7,2,5,0.2857142857142857,0;2;3;4;5,-0.93246270259251,2.1397070693923346,1.2072443667998247,2.1397070693923346,2.038430494569734,True,positive,low_under_50,0.0,-0.93246270259251,-3.263619459073785,0.7016320903139154
2025,145,7,2,5,0.2857142857142857,0;2;3;4;6,1.2731079889845751,-0.06586362218475034,1.2072443667998247,0.06586362218475034,2.038430494569734,True,negative,low_under_50,0.0,1.2731079889845751,4.455877961446013,2.9072027818910007
2025,145,7,2,5,0.2857142857142857,0;2;3;5;6,-0.93246270259251,2.1397070693923346,1.2072443667998247,2.1397070693923346,2.038430494569734,True,positive,low_under_50,0.0,-0.93246270259251,-3.263619459073785,0.7016320903139154
2025,145,7,2,5,0.2857142857142857,0;2;4;5;6,0.02958933349424736,1.1776550333055773,1.2072443667998247,1.1776550333055773,2.038430494569734,True,positive,low_under_50,0.0,0.02958933349424736,0.10356266722986576,1.6636841264006728
2025,145,7,2,5,0.2857142857142857,0;3;4;5;6,1.7739015351231582,-0.5666571683233337,1.2072443667998247,0.5666571683233337,2.038430494569734,True,negative,low_under_50,0.0,1.7739015351231582,6.208655372931053,3.4079963280295837
2025,145,7,2,5,0.2857142857142857,1;2;3;4;5,-1.4937119583948704,2.700956325194695,1.2072443667998247,2.700956325194695,2.038430494569734,True,positive,low_under_50,0.0,-1.4937119583948704,-5.227991854382046,0.14038283451155498
2025,145,7,2,5,0.2857142857142857,1;2;3;4;6,0.7118587331822146,0.49538563361761007,1.2072443667998247,0.49538563361761007,2.038430494569734,True,positive,low_under_50,0.0,0.7118587331822146,2.491505566137751,2.34595352608864
2025,145,7,2,5,0.2857142857142857,1;2;3;5;6,-1.4937119583948704,2.700956325194695,1.2072443667998247,2.700956325194695,2.038430494569734,True,positive,low_under_50,0.0,-1.4937119583948704,-5.227991854382046,0.14038283451155498
2025,145,7,2,5,0.2857142857142857,1;2;4;5;6,-0.5316599223081131,1.7389042891079378,1.2072443667998247,1.7389042891079378,2.038430494569734,True,positive,low_under_50,0.0,-0.5316599223081131,-1.860809728078396,1.1024348705983122
2025,145,7,2,5,0.2857142857142857,1;3;4;5;6,1.2126522793207979,-0.005407912520973224,1.2072443667998247,0.005407912520973224,2.038430494569734,True,negative,low_under_50,0.0,1.2126522793207979,4.244282977622793,2.846747072227223
2025,145,7,2,5,0.2857142857142857,2;3;4;5;6,-0.93246270259251,2.1397070693923346,1.2072443667998247,2.1397070693923346,2.038430494569734,True,positive,low_under_50,0.0,-0.93246270259251,-3.263619459073785,0.7016320903139154
2025,145,7,3,4,0.42857142857142855,0;1;2;3,-0.034997246015220584,1.2422416128150453,1.2072443667998247,1.2422416128150453,1.8232276613065765,True,positive,low_under_50,0.0,-0.034997246015220584,-0.08166024070218136,1.2722785883099197
2025,145,7,3,4,0.42857142857142855,0;1;2;4,0.9270547900715367,0.2801895767282879,1.2072443667998247,0.2801895767282879,1.8232276613065765,True,positive,low_under_50,0.0,0.9270547900715367,2.163127843500252,2.234330624396677
2025,145,7,3,4,0.42857142857142855,0;1;2;5,-1.2785159015055483,2.485760268305373,1.2072443667998247,2.485760268305373,1.8232276613065765,True,positive,low_under_50,0.0,-1.2785159015055483,-2.9832037701796126,0.028759932819591993
2025,145,7,3,4,0.42857142857142855,0;1;2;6,0.9270547900715367,0.2801895767282879,1.2072443667998247,0.2801895767282879,1.8232276613065765,True,positive,low_under_50,0.0,0.9270547900715367,2.163127843500252,2.234330624396677
2025,145,7,3,4,0.42857142857142855,0;1;3;4,2.671366991700448,-1.464122624900623,1.2072443667998247,1.464122624900623,1.8232276613065765,True,negative,low_under_50,0.0,2.671366991700448,6.233189647301045,3.978642826025588
2025,145,7,3,4,0.42857142857142855,0;1;3;5,0.4657963001233627,0.741448066676462,1.2072443667998247,0.741448066676462,1.8232276613065765,True,positive,low_under_50,0.0,0.4657963001233627,1.0868580336211797,1.773072134448503
2025,145,7,3,4,0.42857142857142855,0;1;3;6,2.671366991700448,-1.464122624900623,1.2072443667998247,1.464122624900623,1.8232276613065765,True,negative,low_under_50,0.0,2.671366991700448,6.233189647301045,3.978642826025588
2025,145,7,3,4,0.42857142857142855,0;1;4;5,1.42784833621012,-0.22060396941029536,1.2072443667998247,0.22060396941029536,1.8232276613065765,True,negative,low_under_50,0.0,1.42784833621012,3.331646117823613,2.7351241705352605
2025,145,7,3,4,0.42857142857142855,0;1;4;6,3.633419027787205,-2.4261746609873804,1.2072443667998247,2.4261746609873804,1.8232276613065765,False,negative,low_under_50,0.0,3.633419027787205,8.477977731503477,4.940694862112345
2025,145,7,3,4,0.42857142857142855,0;1;5;6,1.42784833621012,-0.22060396941029536,1.2072443667998247,0.22060396941029536,1.8232276613065765,True,negative,low_under_50,0.0,1.42784833621012,3.331646117823613,2.7351241705352605
2025,145,7,3,4,0.42857142857142855,0;2;3;4,0.5262520097871398,0.6809923570126848,1.2072443667998247,0.6809923570126848,1.8232276613065765,True,positive,low_under_50,0.0,0.5262520097871398,1.2279213561699929,1.8335278441122802
2025,145,7,3,4,0.42857142857142855,0;2;3;5,-1.6793186817899453,2.8865630485897698,1.2072443667998247,2.8865630485897698,1.8232276613065765,True,positive,low_under_50,0.0,-1.6793186817899453,-3.9184102575098723,-0.372042847464805
2025,145,7,3,4,0.42857142857142855,0;2;3;6,0.5262520097871398,0.6809923570126848,1.2072443667998247,0.6809923570126848,1.8232276613065765,True,positive,low_under_50,0.0,0.5262520097871398,1.2279213561699929,1.8335278441122802
2025,145,7,3,4,0.42857142857142855,0;2;4;5,-0.7172666457031878,1.9245110125030125,1.2072443667998247,1.9245110125030125,1.8232276613065765,True,positive,low_under_50,0.0,-0.7172666457031878,-1.6736221733074383,0.5900091886219525
2025,145,7,3,4,0.42857142857142855,0;2;4;6,1.4883040458738972,-0.2810596790740725,1.2072443667998247,0.2810596790740725,1.8232276613065765,True,negative,low_under_50,0.0,1.4883040458738972,3.4727094403724266,2.7955798801990372
2025,145,7,3,4,0.42857142857142855,0;2;5;6,-0.7172666457031878,1.9245110125030125,1.2072443667998247,1.9245110125030125,1.8232276613065765,True,positive,low_under_50,0.0,-0.7172666457031878,-1.6736221733074383,0.5900091886219525
2025,145,7,3,4,0.42857142857142855,0;3;4;5,1.027045555925723,0.18019881087410156,1.2072443667998247,0.18019881087410156,1.8232276613065765,True,positive,low_under_50,0.0,1.027045555925723,2.396439630493354,2.3343213902508633
2025,145,7,3,4,0.42857142857142855,0;3;4;6,3.232616247502808,-2.0253718807029832,1.2072443667998247,2.0253718807029832,1.8232276613065765,False,negative,low_under_50,0.0,3.232616247502808,7.5427712441732195,4.539892081827949
2025,145,7,3,4,0.42857142857142855,0;3;5;6,1.027045555925723,0.18019881087410156,1.2072443667998247,0.18019881087410156,1.8232276613065765,True,positive,low_under_50,0.0,1.027045555925723,2.396439630493354,2.3343213902508633
2025,145,7,3,4,0.42857142857142855,0;4;5;6,1.9890975920124805,-0.7818532252126558,1.2072443667998247,0.7818532252126558,1.8232276613065765,True,negative,low_under_50,0.0,1.9890975920124805,4.641227714695788,3.2963734263376208
2025,145,7,3,4,0.42857142857142855,1;2;3;4,-0.034997246015220584,1.2422416128150453,1.2072443667998247,1.2422416128150453,1.8232276613065765,True,positive,low_under_50,0.0,-0.034997246015220584,-0.08166024070218136,1.2722785883099197
2025,145,7,3,4,0.42857142857142855,1;2;3;5,-2.2405679375923055,3.44781230439213,1.2072443667998247,3.44781230439213,1.8232276613065765,True,positive,low_under_50,0.0,-2.2405679375923055,-5.227991854382046,-0.9332921032671653
2025,145,7,3,4,0.42857142857142855,1;2;3;6,-0.034997246015220584,1.2422416128150453,1.2072443667998247,1.2422416128150453,1.8232276613065765,True,positive,low_under_50,0.0,-0.034997246015220584,-0.08166024070218136,1.2722785883099197
2025,145,7,3,4,0.42857142857142855,1;2;4;5,-1.2785159015055483,2.485760268305373,1.2072443667998247,2.485760268305373,1.8232276613065765,True,positive,low_under_50,0.0,-1.2785159015055483,-2.9832037701796126,0.028759932819591993
2025,145,7,3,4,0.42857142857142855,1;2;4;6,0.9270547900715367,0.2801895767282879,1.2072443667998247,0.2801895767282879,1.8232276613065765,True,positive,low_under_50,0.0,0.9270547900715367,2.163127843500252,2.234330624396677
2025,145,7,3,4,0.42857142857142855,1;2;5;6,-1.2785159015055483,2.485760268305373,1.2072443667998247,2.485760268305373,1.8232276613065765,True,positive,low_under_50,0.0,-1.2785159015055483,-2.9832037701796126,0.028759932819591993
2025,145,7,3,4,0.42857142857142855,1;3;4;5,0.4657963001233627,0.741448066676462,1.2072443667998247,0.741448066676462,1.8232276613065765,True,positive,low_under_50,0.0,0.4657963001233627,1.0868580336211797,1.773072134448503
2025,145,7,3,4,0.42857142857142855,1;3;4;6,2.671366991700448,-1.464122624900623,1.2072443667998247,1.464122624900623,1.8232276613065765,True,negative,low_under_50,0.0,2.671366991700448,6.233189647301045,3.978642826025588
2025,145,7,3,4,0.42857142857142855,1;3;5;6,0.4657963001233627,0.741448066676462,1.2072443667998247,0.741448066676462,1.8232276613065765,True,positive,low_under_50,0.0,0.4657963001233627,1.0868580336211797,1.773072134448503
2025,145,7,3,4,0.42857142857142855,1;4;5;6,1.42784833621012,-0.22060396941029536,1.2072443667998247,0.22060396941029536,1.8232276613065765,True,negative,low_under_50,0.0,1.42784833621012,3.331646117823613,2.7351241705352605
2025,145,7,3,4,0.42857142857142855,2;3;4;5,-1.6793186817899453,2.8865630485897698,1.2072443667998247,2.8865630485897698,1.8232276613065765,True,positive,low_under_50,0.0,-1.6793186817899453,-3.9184102575098723,-0.372042847464805
2025,145,7,3,4,0.42857142857142855,2;3;4;6,0.5262520097871398,0.6809923570126848,1.2072443667998247,0.6809923570126848,1.8232276613065765,True,positive,low_under_50,0.0,0.5262520097871398,1.2279213561699929,1.8335278441122802
2025,145,7,3,4,0.42857142857142855,2;3;5;6,-1.6793186817899453,2.8865630485897698,1.2072443667998247,2.8865630485897698,1.8232276613065765,True,positive,low_under_50,0.0,-1.6793186817899453,-3.9184102575098723,-0.372042847464805
2025,145,7,3,4,0.42857142857142855,2;4;5;6,-0.7172666457031878,1.9245110125030125,1.2072443667998247,1.9245110125030125,1.8232276613065765,True,positive,low_under_50,0.0,-0.7172666457031878,-1.6736221733074383,0.5900091886219525
2025,145,7,3,4,0.42857142857142855,3;4;5;6,1.027045555925723,0.18019881087410156,1.2072443667998247,0.18019881087410156,1.8232276613065765,True,positive,low_under_50,0.0,1.027045555925723,2.396439630493354,2.3343213902508633
2025,145,7,4,3,0.5714285714285714,0;1;2,0.18019881087410156,1.027045555925723,1.2072443667998247,1.027045555925723,1.5789614715739857,True,positive,moderate_50_to_80,0.0,0.18019881087410156,0.31534791902967774,1.1606556866179567
2025,145,7,4,3,0.5714285714285714,0;1;3,1.9245110125030125,-0.7172666457031878,1.2072443667998247,0.7172666457031878,1.5789614715739857,True,negative,moderate_50_to_80,0.0,1.9245110125030125,3.367894271880272,2.9049678882468677
2025,145,7,4,3,0.5714285714285714,0;1;4,2.8865630485897698,-1.6793186817899453,1.2072443667998247,1.6793186817899453,1.5789614715739857,False,negative,moderate_50_to_80,0.0,2.8865630485897698,5.051485335032097,3.8670199243336247
2025,145,7,4,3,0.5714285714285714,0;1;5,0.6809923570126848,0.5262520097871398,1.2072443667998247,0.5262520097871398,1.5789614715739857,True,positive,moderate_50_to_80,0.0,0.6809923570126848,1.1917366247721983,1.66144923275654
2025,145,7,4,3,0.5714285714285714,0;1;6,2.8865630485897698,-1.6793186817899453,1.2072443667998247,1.6793186817899453,1.5789614715739857,False,negative,moderate_50_to_80,0.0,2.8865630485897698,5.051485335032097,3.8670199243336247
2025,145,7,4,3,0.5714285714285714,0;2;3,-0.22060396941029536,1.42784833621012,1.2072443667998247,1.42784833621012,1.5789614715739857,True,positive,moderate_50_to_80,0.0,-0.22060396941029536,-0.3860569464680169,0.7598529063335598
2025,145,7,4,3,0.5714285714285714,0;2;4,0.741448066676462,0.4657963001233627,1.2072443667998247,0.4657963001233627,1.5789614715739857,True,positive,moderate_50_to_80,0.0,0.741448066676462,1.2975341166838086,1.7219049424203172
2025,145,7,4,3,0.5714285714285714,0;2;5,-1.464122624900623,2.671366991700448,1.2072443667998247,2.671366991700448,1.5789614715739857,True,positive,moderate_50_to_80,0.0,-1.464122624900623,-2.56221459357609,-0.48366574915676774
2025,145,7,4,3,0.5714285714285714,0;2;6,0.741448066676462,0.4657963001233627,1.2072443667998247,0.4657963001233627,1.5789614715739857,True,positive,moderate_50_to_80,0.0,0.741448066676462,1.2975341166838086,1.7219049424203172
2025,145,7,4,3,0.5714285714285714,0;3;4,2.485760268305373,-1.2785159015055483,1.2072443667998247,1.2785159015055483,1.5789614715739857,True,negative,moderate_50_to_80,0.0,2.485760268305373,4.350080469534403,3.466217144049228
2025,145,7,4,3,0.5714285714285714,0;3;5,0.2801895767282879,0.9270547900715367,1.2072443667998247,0.9270547900715367,1.5789614715739857,True,positive,moderate_50_to_80,0.0,0.2801895767282879,0.4903317592745039,1.2606464524721432
2025,145,7,4,3,0.5714285714285714,0;3;6,2.485760268305373,-1.2785159015055483,1.2072443667998247,1.2785159015055483,1.5789614715739857,True,negative,moderate_50_to_80,0.0,2.485760268305373,4.350080469534403,3.466217144049228
2025,145,7,4,3,0.5714285714285714,0;4;5,1.2422416128150453,-0.034997246015220584,1.2072443667998247,0.034997246015220584,1.5789614715739857,True,negative,moderate_50_to_80,0.0,1.2422416128150453,2.1739228224263294,2.2226984885589003
2025,145,7,4,3,0.5714285714285714,0;4;6,3.44781230439213,-2.2405679375923055,1.2072443667998247,2.2405679375923055,1.5789614715739857,False,negative,moderate_50_to_80,0.0,3.44781230439213,6.033671532686228,4.4282691801359855
2025,145,7,4,3,0.5714285714285714,0;5;6,1.2422416128150453,-0.034997246015220584,1.2072443667998247,0.034997246015220584,1.5789614715739857,True,negative,moderate_50_to_80,0.0,1.2422416128150453,2.1739228224263294,2.2226984885589003
2025,145,7,4,3,0.5714285714285714,1;2;3,-0.7818532252126558,1.9890975920124805,1.2072443667998247,1.9890975920124805,1.5789614715739857,True,positive,moderate_50_to_80,0.0,-0.7818532252126558,-1.3682431441221476,0.19860365053119944
2025,145,7,4,3,0.5714285714285714,1;2;4,0.18019881087410156,1.027045555925723,1.2072443667998247,1.027045555925723,1.5789614715739857,True,positive,moderate_50_to_80,0.0,0.18019881087410156,0.31534791902967774,1.1606556866179567
2025,145,7,4,3,0.5714285714285714,1;2;5,-2.0253718807029832,3.232616247502808,1.2072443667998247,3.232616247502808,1.5789614715739857,True,positive,moderate_50_to_80,0.0,-2.0253718807029832,-3.5444007912302204,-1.044915004959128
2025,145,7,4,3,0.5714285714285714,1;2;6,0.18019881087410156,1.027045555925723,1.2072443667998247,1.027045555925723,1.5789614715739857,True,positive,moderate_50_to_80,0.0,0.18019881087410156,0.31534791902967774,1.1606556866179567
2025,145,7,4,3,0.5714285714285714,1;3;4,1.9245110125030125,-0.7172666457031878,1.2072443667998247,0.7172666457031878,1.5789614715739857,True,negative,moderate_50_to_80,0.0,1.9245110125030125,3.367894271880272,2.9049678882468677
2025,145,7,4,3,0.5714285714285714,1;3;5,-0.2810596790740725,1.4883040458738972,1.2072443667998247,1.4883040458738972,1.5789614715739857,True,positive,moderate_50_to_80,0.0,-0.2810596790740725,-0.49185443837962683,0.6993971966697827
2025,145,7,4,3,0.5714285714285714,1;3;6,1.9245110125030125,-0.7172666457031878,1.2072443667998247,0.7172666457031878,1.5789614715739857,True,negative,moderate_50_to_80,0.0,1.9245110125030125,3.367894271880272,2.9049678882468677
2025,145,7,4,3,0.5714285714285714,1;4;5,0.6809923570126848,0.5262520097871398,1.2072443667998247,0.5262520097871398,1.5789614715739857,True,positive,moderate_50_to_80,0.0,0.6809923570126848,1.1917366247721983,1.66144923275654
2025,145,7,4,3,0.5714285714285714,1;4;6,2.8865630485897698,-1.6793186817899453,1.2072443667998247,1.6793186817899453,1.5789614715739857,False,negative,moderate_50_to_80,0.0,2.8865630485897698,5.051485335032097,3.8670199243336247
2025,145,7,4,3,0.5714285714285714,1;5;6,0.6809923570126848,0.5262520097871398,1.2072443667998247,0.5262520097871398,1.5789614715739857,True,positive,moderate_50_to_80,0.0,0.6809923570126848,1.1917366247721983,1.66144923275654
2025,145,7,4,3,0.5714285714285714,2;3;4,-0.22060396941029536,1.42784833621012,1.2072443667998247,1.42784833621012,1.5789614715739857,True,positive,moderate_50_to_80,0.0,-0.22060396941029536,-0.3860569464680169,0.7598529063335598
2025,145,7,4,3,0.5714285714285714,2;3;5,-2.4261746609873804,3.633419027787205,1.2072443667998247,3.633419027787205,1.5789614715739857,False,positive,moderate_50_to_80,0.0,-2.4261746609873804,-4.245805656727915,-1.4457177852435252
2025,145,7,4,3,0.5714285714285714,2;3;6,-0.22060396941029536,1.42784833621012,1.2072443667998247,1.42784833621012,1.5789614715739857,True,positive,moderate_50_to_80,0.0,-0.22060396941029536,-0.3860569464680169,0.7598529063335598
2025,145,7,4,3,0.5714285714285714,2;4;5,-1.464122624900623,2.671366991700448,1.2072443667998247,2.671366991700448,1.5789614715739857,True,positive,moderate_50_to_80,0.0,-1.464122624900623,-2.56221459357609,-0.48366574915676774
2025,145,7,4,3,0.5714285714285714,2;4;6,0.741448066676462,0.4657963001233627,1.2072443667998247,0.4657963001233627,1.5789614715739857,True,positive,moderate_50_to_80,0.0,0.741448066676462,1.2975341166838086,1.7219049424203172
2025,145,7,4,3,0.5714285714285714,2;5;6,-1.464122624900623,2.671366991700448,1.2072443667998247,2.671366991700448,1.5789614715739857,True,positive,moderate_50_to_80,0.0,-1.464122624900623,-2.56221459357609,-0.48366574915676774
2025,145,7,4,3,0.5714285714285714,3;4;5,0.2801895767282879,0.9270547900715367,1.2072443667998247,0.9270547900715367,1.5789614715739857,True,positive,moderate_50_to_80,0.0,0.2801895767282879,0.4903317592745039,1.2606464524721432
2025,145,7,4,3,0.5714285714285714,3;4;6,2.485760268305373,-1.2785159015055483,1.2072443667998247,1.2785159015055483,1.5789614715739857,True,negative,moderate_50_to_80,0.0,2.485760268305373,4.350080469534403,3.466217144049228
2025,145,7,4,3,0.5714285714285714,3;5;6,0.2801895767282879,0.9270547900715367,1.2072443667998247,0.9270547900715367,1.5789614715739857,True,positive,moderate_50_to_80,0.0,0.2801895767282879,0.4903317592745039,1.2606464524721432
2025,145,7,4,3,0.5714285714285714,4;5;6,1.2422416128150453,-0.034997246015220584,1.2072443667998247,0.034997246015220584,1.5789614715739857,True,negative,moderate_50_to_80,0.0,1.2422416128150453,2.1739228224263294,2.2226984885589003
2025,145,7,5,2,0.7142857142857143,0;1,2.1397070693923346,-0.93246270259251,1.2072443667998247,0.93246270259251,1.2892166429567702,True,negative,moderate_50_to_80,0.0,2.1397070693923346,2.9955898971492685,2.7933449865549047
2025,145,7,5,2,0.7142857142857143,0;2,-0.005407912520973224,1.2126522793207979,1.2072443667998247,1.2126522793207979,1.2892166429567702,True,positive,moderate_50_to_80,0.0,-0.005407912520973224,-0.007571077529362513,0.648230004641597
2025,145,7,5,2,0.7142857142857143,0;3,1.7389042891079378,-0.5316599223081131,1.2072443667998247,0.5316599223081131,1.2892166429567702,True,negative,moderate_50_to_80,0.0,1.7389042891079378,2.434466004751113,2.392542206270508
2025,145,7,5,2,0.7142857142857143,0;4,2.700956325194695,-1.4937119583948704,1.2072443667998247,1.4937119583948704,1.2892166429567702,False,negative,moderate_50_to_80,0.0,2.700956325194695,3.7813388552725726,3.354594242357265
2025,145,7,5,2,0.7142857142857143,0;5,0.49538563361761007,0.7118587331822146,1.2072443667998247,0.7118587331822146,1.2892166429567702,True,positive,moderate_50_to_80,0.0,0.49538563361761007,0.6935398870646541,1.1490235507801803
2025,145,7,5,2,0.7142857142857143,0;6,2.700956325194695,-1.4937119583948704,1.2072443667998247,1.4937119583948704,1.2892166429567702,False,negative,moderate_50_to_80,0.0,2.700956325194695,3.7813388552725726,3.354594242357265
2025,145,7,5,2,0.7142857142857143,1;2,-0.5666571683233337,1.7739015351231582,1.2072443667998247,1.7739015351231582,1.2892166429567702,True,positive,moderate_50_to_80,0.0,-0.5666571683233337,-0.7933200356526672,0.08698074883923645
2025,145,7,5,2,0.7142857142857143,1;3,1.1776550333055773,0.02958933349424736,1.2072443667998247,0.02958933349424736,1.2892166429567702,True,positive,moderate_50_to_80,0.0,1.1776550333055773,1.6487170466278083,1.8312929504681474
2025,145,7,5,2,0.7142857142857143,1;4,2.1397070693923346,-0.93246270259251,1.2072443667998247,0.93246270259251,1.2892166429567702,True,negative,moderate_50_to_80,0.0,2.1397070693923346,2.9955898971492685,2.7933449865549047
2025,145,7,5,2,0.7142857142857143,1;5,-0.06586362218475034,1.2731079889845751,1.2072443667998247,1.2731079889845751,1.2892166429567702,True,positive,moderate_50_to_80,0.0,-0.06586362218475034,-0.09220907105865048,0.5877742949778197
2025,145,7,5,2,0.7142857142857143,1;6,2.1397070693923346,-0.93246270259251,1.2072443667998247,0.93246270259251,1.2892166429567702,True,negative,moderate_50_to_80,0.0,2.1397070693923346,2.9955898971492685,2.7933449865549047
2025,145,7,5,2,0.7142857142857143,2;3,-0.9674599486077305,2.1747043154075554,1.2072443667998247,2.1747043154075554,1.2892166429567702,True,positive,moderate_50_to_80,0.0,-0.9674599486077305,-1.3544439280508227,-0.3138220314451604
2025,145,7,5,2,0.7142857142857143,2;4,-0.005407912520973224,1.2126522793207979,1.2072443667998247,1.2126522793207979,1.2892166429567702,True,positive,moderate_50_to_80,0.0,-0.005407912520973224,-0.007571077529362513,0.648230004641597
2025,145,7,5,2,0.7142857142857143,2;5,-2.210978604098058,3.418222970897883,1.2072443667998247,3.418222970897883,1.2892166429567702,False,positive,moderate_50_to_80,0.0,-2.210978604098058,-3.0953700457372815,-1.557340686935488
2025,145,7,5,2,0.7142857142857143,2;6,-0.005407912520973224,1.2126522793207979,1.2072443667998247,1.2126522793207979,1.2892166429567702,True,positive,moderate_50_to_80,0.0,-0.005407912520973224,-0.007571077529362513,0.648230004641597
2025,145,7,5,2,0.7142857142857143,3;4,1.7389042891079378,-0.5316599223081131,1.2072443667998247,0.5316599223081131,1.2892166429567702,True,negative,moderate_50_to_80,0.0,1.7389042891079378,2.434466004751113,2.392542206270508
2025,145,7,5,2,0.7142857142857143,3;5,-0.46666640246914726,1.6739107692689719,1.2072443667998247,1.6739107692689719,1.2892166429567702,True,positive,moderate_50_to_80,0.0,-0.46666640246914726,-0.6533329634568061,0.18697151469342288
2025,145,7,5,2,0.7142857142857143,3;6,1.7389042891079378,-0.5316599223081131,1.2072443667998247,0.5316599223081131,1.2892166429567702,True,negative,moderate_50_to_80,0.0,1.7389042891079378,2.434466004751113,2.392542206270508
2025,145,7,5,2,0.7142857142857143,4;5,0.49538563361761007,0.7118587331822146,1.2072443667998247,0.7118587331822146,1.2892166429567702,True,positive,moderate_50_to_80,0.0,0.49538563361761007,0.6935398870646541,1.1490235507801803
2025,145,7,5,2,0.7142857142857143,4;6,2.700956325194695,-1.4937119583948704,1.2072443667998247,1.4937119583948704,1.2892166429567702,False,negative,moderate_50_to_80,0.0,2.700956325194695,3.7813388552725726,3.354594242357265
2025,145,7,5,2,0.7142857142857143,5;6,0.49538563361761007,0.7118587331822146,1.2072443667998247,0.7118587331822146,1.2892166429567702,True,positive,moderate_50_to_80,0.0,0.49538563361761007,0.6935398870646541,1.1490235507801803
2025,145,7,6,1,0.8571428571428571,0,1.95410034599726,-0.7468559791974352,1.2072443667998247,0.7468559791974352,0.9116138306532883,True,negative,high_80_plus,0.0,1.95410034599726,2.2797837369968033,2.280919304578545
2025,145,7,6,1,0.8571428571428571,1,1.3928510901948994,-0.18560672339507478,1.2072443667998247,0.18560672339507478,0.9116138306532883,True,negative,high_80_plus,0.0,1.3928510901948994,1.624992938560716,1.7196700487761845
2025,145,7,6,1,0.8571428571428571,2,-0.7522638917184084,1.959508258518233,1.2072443667998247,1.959508258518233,0.9116138306532883,False,positive,high_80_plus,0.0,-0.7522638917184084,-0.8776412070048097,-0.4254449331371233
2025,145,7,6,1,0.8571428571428571,3,0.9920483099105025,0.21519605688932214,1.2072443667998247,0.21519605688932214,0.9116138306532883,True,positive,high_80_plus,0.0,0.9920483099105025,1.1573896948955864,1.3188672684917875
2025,145,7,6,1,0.8571428571428571,4,1.95410034599726,-0.7468559791974352,1.2072443667998247,0.7468559791974352,0.9116138306532883,True,negative,high_80_plus,0.0,1.95410034599726,2.2797837369968033,2.280919304578545
2025,145,7,6,1,0.8571428571428571,5,-0.2514703455798251,1.4587147123796498,1.2072443667998247,1.4587147123796498,0.9116138306532883,True,positive,high_80_plus,0.0,-0.2514703455798251,-0.2933820698431293,0.07534861300145995
2025,145,7,6,1,0.8571428571428571,6,1.95410034599726,-0.7468559791974352,1.2072443667998247,0.7468559791974352,0.9116138306532883,True,negative,high_80_plus,0.0,1.95410034599726,2.2797837369968033,2.280919304578545
2025,153,6,1,5,0.16666666666666666,0;1;2;3;4,1.9036779643325499,0.7100773625940713,2.613755326926621,0.7100773625940713,2.038430494569734,True,positive,low_under_50,0.0,1.9036779643325499,11.4220677859953,3.537772757238975
2025,153,6,1,5,0.16666666666666666,0;1;2;3;5,0.6679527143140718,1.9458026126125494,2.613755326926621,1.9458026126125494,2.038430494569734,True,positive,low_under_50,0.0,0.6679527143140718,4.007716285884431,2.302047507220497
2025,153,6,1,5,0.16666666666666666,0;1;2;4;5,1.866850327288408,0.7469049996382131,2.613755326926621,0.7469049996382131,2.038430494569734,True,positive,low_under_50,0.0,1.866850327288408,11.201101963730448,3.5009451201948334
2025,153,6,1,5,0.16666666666666666,0;1;3;4;5,-0.3310137206135381,2.9447690475401593,2.613755326926621,2.9447690475401593,2.038430494569734,True,positive,low_under_50,0.0,-0.3310137206135381,-1.9860823236812286,1.3030810722928872
2025,153,6,1,5,0.16666666666666666,0;2;3;4;5,-0.7468559791974352,3.3606113061240563,2.613755326926621,3.3606113061240563,2.038430494569734,True,positive,low_under_50,0.0,-0.7468559791974352,-4.481135875184611,0.8872388137089902
2025,153,6,1,5,0.16666666666666666,1;2;3;4;5,-0.7468559791974352,3.3606113061240563,2.613755326926621,3.3606113061240563,2.038430494569734,True,positive,low_under_50,0.0,-0.7468559791974352,-4.481135875184611,0.8872388137089902
2025,153,6,2,4,0.3333333333333333,0;1;2;3,2.5716306786466214,0.042124648279999566,2.613755326926621,0.042124648279999566,1.8232276613065765,True,positive,low_under_50,0.0,2.5716306786466214,7.714892035939864,3.8789065129717617
2025,153,6,2,4,0.3333333333333333,0;1;2;4,3.770528291620958,-1.1567729646943368,2.613755326926621,1.1567729646943368,1.8232276613065765,True,negative,low_under_50,0.0,3.770528291620958,11.311584874862874,5.077804125946098
2025,153,6,2,4,0.3333333333333333,0;1;2;5,2.53480304160248,0.07895228532414139,2.613755326926621,0.07895228532414139,1.8232276613065765,True,positive,low_under_50,0.0,2.53480304160248,7.6044091248074395,3.84207887592762
2025,153,6,2,4,0.3333333333333333,0;1;3;4,1.5726642437190117,1.0410910832076095,2.613755326926621,1.0410910832076095,1.8232276613065765,True,positive,low_under_50,0.0,1.5726642437190117,4.717992731157035,2.879940078044152
2025,153,6,2,4,0.3333333333333333,0;1;3;5,0.33693899370053365,2.276816333226088,2.613755326926621,2.276816333226088,1.8232276613065765,True,positive,low_under_50,0.0,0.33693899370053365,1.010816981101601,1.6442148280256739
2025,153,6,2,4,0.3333333333333333,0;1;4;5,1.5358366066748699,1.0779187202517513,2.613755326926621,1.0779187202517513,1.8232276613065765,True,positive,low_under_50,0.0,1.5358366066748699,4.607509820024609,2.8431124410000104
2025,153,6,2,4,0.3333333333333333,0;2;3;4,1.1568219851351147,1.4569333417915065,2.613755326926621,1.4569333417915065,1.8232276613065765,True,positive,low_under_50,0.0,1.1568219851351147,3.470465955405344,2.464097819460255
2025,153,6,2,4,0.3333333333333333,0;2;3;5,-0.07890326488336341,2.692658591809985,2.613755326926621,2.692658591809985,1.8232276613065765,True,positive,low_under_50,0.0,-0.07890326488336341,-0.23670979465009023,1.2283725694417769
2025,153,6,2,4,0.3333333333333333,0;2;4;5,1.1199943480909729,1.4937609788356483,2.613755326926621,1.4937609788356483,1.8232276613065765,True,positive,low_under_50,0.0,1.1199943480909729,3.3599830442729184,2.4272701824161134
2025,153,6,2,4,0.3333333333333333,0;3;4;5,-1.0778696998109734,3.6916250267375945,2.613755326926621,3.6916250267375945,1.8232276613065765,True,positive,low_under_50,0.0,-1.0778696998109734,-3.23360909943292,0.22940613451416692
2025,153,6,2,4,0.3333333333333333,1;2;3;4,1.1568219851351147,1.4569333417915065,2.613755326926621,1.4569333417915065,1.8232276613065765,True,positive,low_under_50,0.0,1.1568219851351147,3.470465955405344,2.464097819460255
2025,153,6,2,4,0.3333333333333333,1;2;3;5,-0.07890326488336341,2.692658591809985,2.613755326926621,2.692658591809985,1.8232276613065765,True,positive,low_under_50,0.0,-0.07890326488336341,-0.23670979465009023,1.2283725694417769
2025,153,6,2,4,0.3333333333333333,1;2;4;5,1.1199943480909729,1.4937609788356483,2.613755326926621,1.4937609788356483,1.8232276613065765,True,positive,low_under_50,0.0,1.1199943480909729,3.3599830442729184,2.4272701824161134
2025,153,6,2,4,0.3333333333333333,1;3;4;5,-1.0778696998109734,3.6916250267375945,2.613755326926621,3.6916250267375945,1.8232276613065765,True,positive,low_under_50,0.0,-1.0778696998109734,-3.23360909943292,0.22940613451416692
2025,153,6,2,4,0.3333333333333333,2;3;4;5,-1.4937119583948704,4.1074672853214915,2.613755326926621,4.1074672853214915,1.8232276613065765,True,positive,low_under_50,0.0,-1.4937119583948704,-4.481135875184611,-0.1864361240697301
2025,153,6,3,3,0.5,0;1;2,4.43848100593503,-1.8247256790084085,2.613755326926621,1.8247256790084085,1.5789614715739857,False,negative,moderate_50_to_80,0.0,4.43848100593503,8.87696201187006,5.418937881678885
2025,153,6,3,3,0.5,0;1;3,2.2406169580330837,0.3731383688935377,2.613755326926621,0.3731383688935377,1.5789614715739857,True,positive,moderate_50_to_80,0.0,2.2406169580330837,4.481233916066167,3.2210738337769387
2025,153,6,3,3,0.5,0;1;4,3.43951457100742,-0.8257592440807986,2.613755326926621,0.8257592440807986,1.5789614715739857,True,negative,moderate_50_to_80,0.0,3.43951457100742,6.87902914201484,4.419971446751275
2025,153,6,3,3,0.5,0;1;5,2.2037893209889416,0.4099660059376795,2.613755326926621,0.4099660059376795,1.5789614715739857,True,positive,moderate_50_to_80,0.0,2.2037893209889416,4.407578641977883,3.184246196732797
2025,153,6,3,3,0.5,0;2;3,1.8247746994491865,0.7889806274774347,2.613755326926621,0.7889806274774347,1.5789614715739857,True,positive,moderate_50_to_80,0.0,1.8247746994491865,3.649549398898373,2.8052315751930417
2025,153,6,3,3,0.5,0;2;4,3.023672312423523,-0.40991698549690153,2.613755326926621,0.40991698549690153,1.5789614715739857,True,negative,moderate_50_to_80,0.0,3.023672312423523,6.047344624847046,4.004129188167378
2025,153,6,3,3,0.5,0;2;5,1.7879470624050446,0.8258082645215765,2.613755326926621,0.8258082645215765,1.5789614715739857,True,positive,moderate_50_to_80,0.0,1.7879470624050446,3.5758941248100893,2.7684039381489
2025,153,6,3,3,0.5,0;3;4,0.8258082645215765,1.7879470624050446,2.613755326926621,1.7879470624050446,1.5789614715739857,True,positive,moderate_50_to_80,0.0,0.8258082645215765,1.651616529043153,1.8062651402654317
2025,153,6,3,3,0.5,0;3;5,-0.40991698549690153,3.023672312423523,2.613755326926621,3.023672312423523,1.5789614715739857,True,positive,moderate_50_to_80,0.0,-0.40991698549690153,-0.8198339709938031,0.5705398902469536
2025,153,6,3,3,0.5,0;4;5,0.7889806274774347,1.8247746994491865,2.613755326926621,1.8247746994491865,1.5789614715739857,True,positive,moderate_50_to_80,0.0,0.7889806274774347,1.5779612549548692,1.76943750322129
2025,153,6,3,3,0.5,1;2;3,1.8247746994491865,0.7889806274774347,2.613755326926621,0.7889806274774347,1.5789614715739857,True,positive,moderate_50_to_80,0.0,1.8247746994491865,3.649549398898373,2.8052315751930417
2025,153,6,3,3,0.5,1;2;4,3.023672312423523,-0.40991698549690153,2.613755326926621,0.40991698549690153,1.5789614715739857,True,negative,moderate_50_to_80,0.0,3.023672312423523,6.047344624847046,4.004129188167378
2025,153,6,3,3,0.5,1;2;5,1.7879470624050446,0.8258082645215765,2.613755326926621,0.8258082645215765,1.5789614715739857,True,positive,moderate_50_to_80,0.0,1.7879470624050446,3.5758941248100893,2.7684039381489
2025,153,6,3,3,0.5,1;3;4,0.8258082645215765,1.7879470624050446,2.613755326926621,1.7879470624050446,1.5789614715739857,True,positive,moderate_50_to_80,0.0,0.8258082645215765,1.651616529043153,1.8062651402654317
2025,153,6,3,3,0.5,1;3;5,-0.40991698549690153,3.023672312423523,2.613755326926621,3.023672312423523,1.5789614715739857,True,positive,moderate_50_to_80,0.0,-0.40991698549690153,-0.8198339709938031,0.5705398902469536
2025,153,6,3,3,0.5,1;4;5,0.7889806274774347,1.8247746994491865,2.613755326926621,1.8247746994491865,1.5789614715739857,True,positive,moderate_50_to_80,0.0,0.7889806274774347,1.5779612549548692,1.76943750322129
2025,153,6,3,3,0.5,2;3;4,0.4099660059376795,2.2037893209889416,2.613755326926621,2.2037893209889416,1.5789614715739857,True,positive,moderate_50_to_80,0.0,0.4099660059376795,0.819932011875359,1.3904228816815347
2025,153,6,3,3,0.5,2;3;5,-0.8257592440807986,3.43951457100742,2.613755326926621,3.43951457100742,1.5789614715739857,True,positive,moderate_50_to_80,0.0,-0.8257592440807986,-1.651518488161597,0.1546976316630566
2025,153,6,3,3,0.5,2;4;5,0.3731383688935377,2.2406169580330837,2.613755326926621,2.2406169580330837,1.5789614715739857,True,positive,moderate_50_to_80,0.0,0.3731383688935377,0.7462767377870754,1.353595244637393
2025,153,6,3,3,0.5,3;4;5,-1.8247256790084085,4.43848100593503,2.613755326926621,4.43848100593503,1.5789614715739857,False,positive,moderate_50_to_80,0.0,-1.8247256790084085,-3.649451358016817,-0.8442688032645533
2025,153,6,4,2,0.6666666666666666,0;1,4.1074672853214915,-1.4937119583948704,2.613755326926621,1.4937119583948704,1.2892166429567702,False,negative,moderate_50_to_80,0.0,4.1074672853214915,6.161200927982238,4.761105202484062
2025,153,6,4,2,0.6666666666666666,0;2,3.6916250267375945,-1.0778696998109734,2.613755326926621,1.0778696998109734,1.2892166429567702,True,negative,moderate_50_to_80,0.0,3.6916250267375945,5.537437540106392,4.345262943900165
2025,153,6,4,2,0.6666666666666666,0;3,1.4937609788356483,1.1199943480909729,2.613755326926621,1.1199943480909729,1.2892166429567702,True,positive,moderate_50_to_80,0.0,1.4937609788356483,2.2406414682534725,2.1473988959982186
2025,153,6,4,2,0.6666666666666666,0;4,2.692658591809985,-0.07890326488336341,2.613755326926621,0.07890326488336341,1.2892166429567702,True,negative,moderate_50_to_80,0.0,2.692658591809985,4.038987887714978,3.346296508972555
2025,153,6,4,2,0.6666666666666666,0;5,1.4569333417915065,1.1568219851351147,2.613755326926621,1.1568219851351147,1.2892166429567702,True,positive,moderate_50_to_80,0.0,1.4569333417915065,2.1854000126872597,2.1105712589540766
2025,153,6,4,2,0.6666666666666666,1;2,3.6916250267375945,-1.0778696998109734,2.613755326926621,1.0778696998109734,1.2892166429567702,True,negative,moderate_50_to_80,0.0,3.6916250267375945,5.537437540106392,4.345262943900165
2025,153,6,4,2,0.6666666666666666,1;3,1.4937609788356483,1.1199943480909729,2.613755326926621,1.1199943480909729,1.2892166429567702,True,positive,moderate_50_to_80,0.0,1.4937609788356483,2.2406414682534725,2.1473988959982186
2025,153,6,4,2,0.6666666666666666,1;4,2.692658591809985,-0.07890326488336341,2.613755326926621,0.07890326488336341,1.2892166429567702,True,negative,moderate_50_to_80,0.0,2.692658591809985,4.038987887714978,3.346296508972555
2025,153,6,4,2,0.6666666666666666,1;5,1.4569333417915065,1.1568219851351147,2.613755326926621,1.1568219851351147,1.2892166429567702,True,positive,moderate_50_to_80,0.0,1.4569333417915065,2.1854000126872597,2.1105712589540766
2025,153,6,4,2,0.6666666666666666,2;3,1.0779187202517513,1.5358366066748699,2.613755326926621,1.5358366066748699,1.2892166429567702,True,positive,moderate_50_to_80,0.0,1.0779187202517513,1.616878080377627,1.7315566374143214
2025,153,6,4,2,0.6666666666666666,2;4,2.276816333226088,0.33693899370053365,2.613755326926621,0.33693899370053365,1.2892166429567702,True,positive,moderate_50_to_80,0.0,2.276816333226088,3.4152244998391317,2.930454250388658
2025,153,6,4,2,0.6666666666666666,2;5,1.0410910832076095,1.5726642437190117,2.613755326926621,1.5726642437190117,1.2892166429567702,True,positive,moderate_50_to_80,0.0,1.0410910832076095,1.5616366248114142,1.6947290003701796
2025,153,6,4,2,0.6666666666666666,3;4,0.07895228532414139,2.53480304160248,2.613755326926621,2.53480304160248,1.2892166429567702,True,positive,moderate_50_to_80,0.0,0.07895228532414139,0.11842842798621209,0.7325902024867115
2025,153,6,4,2,0.6666666666666666,3;5,-1.1567729646943368,3.770528291620958,2.613755326926621,3.770528291620958,1.2892166429567702,False,positive,moderate_50_to_80,0.0,-1.1567729646943368,-1.735159447041505,-0.5031350475317666
2025,153,6,4,2,0.6666666666666666,4;5,0.042124648279999566,2.5716306786466214,2.613755326926621,2.5716306786466214,1.2892166429567702,True,positive,moderate_50_to_80,0.0,0.042124648279999566,0.06318697241999935,0.6957625654425696
2025,153,6,5,1,0.8333333333333334,0,3.3606113061240563,-0.7468559791974352,2.613755326926621,0.7468559791974352,0.9116138306532883,True,negative,high_80_plus,0.0,3.3606113061240563,4.032733567348868,3.687430264705341
2025,153,6,5,1,0.8333333333333334,1,3.3606113061240563,-0.7468559791974352,2.613755326926621,0.7468559791974352,0.9116138306532883,True,negative,high_80_plus,0.0,3.3606113061240563,4.032733567348868,3.687430264705341
2025,153,6,5,1,0.8333333333333334,2,2.9447690475401593,-0.3310137206135381,2.613755326926621,0.3310137206135381,0.9116138306532883,True,negative,high_80_plus,0.0,2.9447690475401593,3.533722857048191,3.271588006121444
2025,153,6,5,1,0.8333333333333334,3,0.7469049996382131,1.866850327288408,2.613755326926621,1.866850327288408,0.9116138306532883,False,positive,high_80_plus,0.0,0.7469049996382131,0.8962859995658559,1.0737239582194982
2025,153,6,5,1,0.8333333333333334,4,1.9458026126125494,0.6679527143140718,2.613755326926621,0.6679527143140718,0.9116138306532883,True,positive,high_80_plus,0.0,1.9458026126125494,2.3349631351350593,2.2726215711938345
2025,153,6,5,1,0.8333333333333334,5,0.7100773625940713,1.9036779643325499,2.613755326926621,1.9036779643325499,0.9116138306532883,False,positive,high_80_plus,0.0,0.7100773625940713,0.8520928351128856,1.0368963211753564
2025,154,6,1,5,0.16666666666666666,0;1;2;3;4,0.4356900617888079,0.2709122281919487,0.7066022899807567,0.2709122281919487,2.038430494569734,True,positive,low_under_50,0.0,0.4356900617888079,2.6141403707328474,2.069784854695233
2025,154,6,1,5,0.16666666666666666,0;1;2;3;5,-0.4251164889975697,1.1317187789783263,0.7066022899807567,1.1317187789783263,2.038430494569734,True,positive,low_under_50,0.0,-0.4251164889975697,-2.5506989339854185,1.2089783039088555
2025,154,6,1,5,0.16666666666666666,0;1;2;4;5,-0.1377746110579237,0.8443769010386803,0.7066022899807567,0.8443769010386803,2.038430494569734,True,positive,low_under_50,0.0,-0.1377746110579237,-0.8266476663475423,1.4963201818485017
2025,154,6,1,5,0.16666666666666666,0;1;3;4;5,-0.3733279984325328,1.0799302884132893,0.7066022899807567,1.0799302884132893,2.038430494569734,True,positive,low_under_50,0.0,-0.3733279984325328,-2.2399679905951966,1.2607667944738925
2025,154,6,1,5,0.16666666666666666,0;2;3;4;5,-0.4251164889975697,1.1317187789783263,0.7066022899807567,1.1317187789783263,2.038430494569734,True,positive,low_under_50,0.0,-0.4251164889975697,-2.5506989339854185,1.2089783039088555
2025,154,6,1,5,0.16666666666666666,1;2;3;4;5,1.6322478156775446,-0.9256455256967879,0.7066022899807567,0.9256455256967879,2.038430494569734,True,negative,low_under_50,0.0,1.6322478156775446,9.793486894065268,3.2663426085839697
2025,154,6,2,4,0.3333333333333333,0;1;2;3,0.010573572791238217,0.6960287171895184,0.7066022899807567,0.6960287171895184,1.8232276613065765,True,positive,low_under_50,0.0,0.010573572791238217,0.03172071837371465,1.3178494071163784
2025,154,6,2,4,0.3333333333333333,0;1;2;4,0.2979154507308842,0.4086868392498724,0.7066022899807567,0.4086868392498724,1.8232276613065765,True,positive,low_under_50,0.0,0.2979154507308842,0.8937463521926526,1.6051912850560246
2025,154,6,2,4,0.3333333333333333,0;1;2;5,-0.5628911000554935,1.2694933900362502,0.7066022899807567,1.2694933900362502,1.8232276613065765,True,positive,low_under_50,0.0,-0.5628911000554935,-1.6886733001664804,0.7443847342696468
2025,154,6,2,4,0.3333333333333333,0;1;3;4,0.062362063356275144,0.6442402266244815,0.7066022899807567,0.6442402266244815,1.8232276613065765,True,positive,low_under_50,0.0,0.062362063356275144,0.18708619006882543,1.3696378976814154
2025,154,6,2,4,0.3333333333333333,0;1;3;5,-0.7984444874301024,1.5050467774108591,0.7066022899807567,1.5050467774108591,1.8232276613065765,True,positive,low_under_50,0.0,-0.7984444874301024,-2.3953334622903073,0.5088313468950378
2025,154,6,2,4,0.3333333333333333,0;1;4;5,-0.5111026094904565,1.2177048994712132,0.7066022899807567,1.2177048994712132,1.8232276613065765,True,positive,low_under_50,0.0,-0.5111026094904565,-1.5333078284713695,0.7961732248346838
2025,154,6,2,4,0.3333333333333333,0;2;3;4,0.010573572791238217,0.6960287171895184,0.7066022899807567,0.6960287171895184,1.8232276613065765,True,positive,low_under_50,0.0,0.010573572791238217,0.03172071837371465,1.3178494071163784
2025,154,6,2,4,0.3333333333333333,0;2;3;5,-0.8502329779951394,1.556835267975896,0.7066022899807567,1.556835267975896,1.8232276613065765,True,positive,low_under_50,0.0,-0.8502329779951394,-2.5506989339854185,0.45704285633000086
2025,154,6,2,4,0.3333333333333333,0;2;4;5,-0.5628911000554935,1.2694933900362502,0.7066022899807567,1.2694933900362502,1.8232276613065765,True,positive,low_under_50,0.0,-0.5628911000554935,-1.6886733001664804,0.7443847342696468
2025,154,6,2,4,0.3333333333333333,0;3;4;5,-0.7984444874301024,1.5050467774108591,0.7066022899807567,1.5050467774108591,1.8232276613065765,True,positive,low_under_50,0.0,-0.7984444874301024,-2.3953334622903073,0.5088313468950378
2025,154,6,2,4,0.3333333333333333,1;2;3;4,2.0679378774663526,-1.361335587485596,0.7066022899807567,1.361335587485596,1.8232276613065765,True,negative,low_under_50,0.0,2.0679378774663526,6.203813632399058,3.375213711791493
2025,154,6,2,4,0.3333333333333333,1;2;3;5,1.207131326679975,-0.5005290366992183,0.7066022899807567,0.5005290366992183,1.8232276613065765,True,negative,low_under_50,0.0,1.207131326679975,3.621393980039925,2.5144071610051153
2025,154,6,2,4,0.3333333333333333,1;2;4;5,1.494473204619621,-0.7878709146388643,0.7066022899807567,0.7878709146388643,1.8232276613065765,True,negative,low_under_50,0.0,1.494473204619621,4.483419613858863,2.8017490389447612
2025,154,6,2,4,0.3333333333333333,1;3;4;5,1.2589198172450118,-0.5523175272642552,0.7066022899807567,0.5523175272642552,1.8232276613065765,True,negative,low_under_50,0.0,1.2589198172450118,3.7767594517350354,2.566195651570152
2025,154,6,2,4,0.3333333333333333,2;3;4;5,1.207131326679975,-0.5005290366992183,0.7066022899807567,0.5005290366992183,1.8232276613065765,True,negative,low_under_50,0.0,1.207131326679975,3.621393980039925,2.5144071610051153
2025,154,6,3,3,0.5,0;1;2,-0.1272010382666855,0.8338033282474422,0.7066022899807567,0.8338033282474422,1.5789614715739857,True,positive,moderate_50_to_80,0.0,-0.1272010382666855,-0.254402076533371,0.8532558374771697
2025,154,6,3,3,0.5,0;1;3,-0.36275442564129456,1.0693567156220511,0.7066022899807567,1.0693567156220511,1.5789614715739857,True,positive,moderate_50_to_80,0.0,-0.36275442564129456,-0.7255088512825892,0.6177024501025606
2025,154,6,3,3,0.5,0;1;4,-0.07541254770164857,0.7820148376824052,0.7066022899807567,0.7820148376824052,1.5789614715739857,True,positive,moderate_50_to_80,0.0,-0.07541254770164857,-0.15082509540329714,0.9050443280422067
2025,154,6,3,3,0.5,0;1;5,-0.9362190984880262,1.6428213884687828,0.7066022899807567,1.6428213884687828,1.5789614715739857,True,positive,moderate_50_to_80,0.0,-0.9362190984880262,-1.8724381969760524,0.044237777255829
2025,154,6,3,3,0.5,0;2;3,-0.4145429162063315,1.1211452061870881,0.7066022899807567,1.1211452061870881,1.5789614715739857,True,positive,moderate_50_to_80,0.0,-0.4145429162063315,-0.829085832412663,0.5659139595375238
2025,154,6,3,3,0.5,0;2;4,-0.1272010382666855,0.8338033282474422,0.7066022899807567,0.8338033282474422,1.5789614715739857,True,positive,moderate_50_to_80,0.0,-0.1272010382666855,-0.254402076533371,0.8532558374771697
2025,154,6,3,3,0.5,0;2;5,-0.9880075890530631,1.6946098790338198,0.7066022899807567,1.6946098790338198,1.5789614715739857,True,positive,moderate_50_to_80,0.0,-0.9880075890530631,-1.9760151781061264,-0.007550713309207868
2025,154,6,3,3,0.5,0;3;4,-0.36275442564129456,1.0693567156220511,0.7066022899807567,1.0693567156220511,1.5789614715739857,True,positive,moderate_50_to_80,0.0,-0.36275442564129456,-0.7255088512825892,0.6177024501025606
2025,154,6,3,3,0.5,0;3;5,-1.2235609764276723,1.930163266408429,0.7066022899807567,1.930163266408429,1.5789614715739857,True,positive,moderate_50_to_80,0.0,-1.2235609764276723,-2.4471219528553445,-0.24310410068381705
2025,154,6,3,3,0.5,0;4;5,-0.9362190984880262,1.6428213884687828,0.7066022899807567,1.6428213884687828,1.5789614715739857,True,positive,moderate_50_to_80,0.0,-0.9362190984880262,-1.8724381969760524,0.044237777255829
2025,154,6,3,3,0.5,1;2;3,1.6428213884687828,-0.9362190984880262,0.7066022899807567,0.9362190984880262,1.5789614715739857,True,negative,moderate_50_to_80,0.0,1.6428213884687828,3.2856427769375656,2.623278264212638
2025,154,6,3,3,0.5,1;2;4,1.930163266408429,-1.2235609764276723,0.7066022899807567,1.2235609764276723,1.5789614715739857,True,negative,moderate_50_to_80,0.0,1.930163266408429,3.860326532816858,2.9106201421522844
2025,154,6,3,3,0.5,1;2;5,1.0693567156220511,-0.36275442564129456,0.7066022899807567,0.36275442564129456,1.5789614715739857,True,negative,moderate_50_to_80,0.0,1.0693567156220511,2.1387134312441023,2.0498135913659064
2025,154,6,3,3,0.5,1;3;4,1.6946098790338198,-0.9880075890530631,0.7066022899807567,0.9880075890530631,1.5789614715739857,True,negative,moderate_50_to_80,0.0,1.6946098790338198,3.3892197580676395,2.675066754777675
2025,154,6,3,3,0.5,1;3;5,0.8338033282474422,-0.1272010382666855,0.7066022899807567,0.1272010382666855,1.5789614715739857,True,negative,moderate_50_to_80,0.0,0.8338033282474422,1.6676066564948844,1.8142602039912974
2025,154,6,3,3,0.5,1;4;5,1.1211452061870881,-0.4145429162063315,0.7066022899807567,0.4145429162063315,1.5789614715739857,True,negative,moderate_50_to_80,0.0,1.1211452061870881,2.2422904123741763,2.1016020819309436
2025,154,6,3,3,0.5,2;3;4,1.6428213884687828,-0.9362190984880262,0.7066022899807567,0.9362190984880262,1.5789614715739857,True,negative,moderate_50_to_80,0.0,1.6428213884687828,3.2856427769375656,2.623278264212638
2025,154,6,3,3,0.5,2;3;5,0.7820148376824052,-0.07541254770164857,0.7066022899807567,0.07541254770164857,1.5789614715739857,True,negative,moderate_50_to_80,0.0,0.7820148376824052,1.5640296753648102,1.7624717134262604
2025,154,6,3,3,0.5,2;4;5,1.0693567156220511,-0.36275442564129456,0.7066022899807567,0.36275442564129456,1.5789614715739857,True,negative,moderate_50_to_80,0.0,1.0693567156220511,2.1387134312441023,2.0498135913659064
2025,154,6,3,3,0.5,3;4;5,0.8338033282474422,-0.1272010382666855,0.7066022899807567,0.1272010382666855,1.5789614715739857,True,negative,moderate_50_to_80,0.0,0.8338033282474422,1.6676066564948844,1.8142602039912974
2025,154,6,4,2,0.6666666666666666,0;1,-0.5005290366992183,1.207131326679975,0.7066022899807567,1.207131326679975,1.2892166429567702,True,positive,moderate_50_to_80,0.0,-0.5005290366992183,-0.7507935550488275,0.1531088804633518
2025,154,6,4,2,0.6666666666666666,0;2,-0.5523175272642552,1.2589198172450118,0.7066022899807567,1.2589198172450118,1.2892166429567702,True,positive,moderate_50_to_80,0.0,-0.5523175272642552,-0.8284762908963827,0.10132038989831493
2025,154,6,4,2,0.6666666666666666,0;3,-0.7878709146388643,1.494473204619621,0.7066022899807567,1.494473204619621,1.2892166429567702,True,positive,moderate_50_to_80,0.0,-0.7878709146388643,-1.1818063719582965,-0.13423299747629414
2025,154,6,4,2,0.6666666666666666,0;4,-0.5005290366992183,1.207131326679975,0.7066022899807567,1.207131326679975,1.2892166429567702,True,positive,moderate_50_to_80,0.0,-0.5005290366992183,-0.7507935550488275,0.1531088804633518
2025,154,6,4,2,0.6666666666666666,0;5,-1.361335587485596,2.0679378774663526,0.7066022899807567,2.0679378774663526,1.2892166429567702,True,positive,moderate_50_to_80,0.0,-1.361335587485596,-2.042003381228394,-0.7076976703230258
2025,154,6,4,2,0.6666666666666666,1;2,1.5050467774108591,-0.7984444874301024,0.7066022899807567,0.7984444874301024,1.2892166429567702,True,negative,moderate_50_to_80,0.0,1.5050467774108591,2.2575701661162886,2.158684694573429
2025,154,6,4,2,0.6666666666666666,1;3,1.2694933900362502,-0.5628911000554935,0.7066022899807567,0.5628911000554935,1.2892166429567702,True,negative,moderate_50_to_80,0.0,1.2694933900362502,1.9042400850543753,1.9231313071988203
2025,154,6,4,2,0.6666666666666666,1;4,1.556835267975896,-0.8502329779951394,0.7066022899807567,0.8502329779951394,1.2892166429567702,True,negative,moderate_50_to_80,0.0,1.556835267975896,2.335252901963844,2.2104731851384662
2025,154,6,4,2,0.6666666666666666,1;5,0.6960287171895184,0.010573572791238217,0.7066022899807567,0.010573572791238217,1.2892166429567702,True,positive,moderate_50_to_80,0.0,0.6960287171895184,1.0440430757842776,1.3496666343520887
2025,154,6,4,2,0.6666666666666666,2;3,1.2177048994712132,-0.5111026094904565,0.7066022899807567,0.5111026094904565,1.2892166429567702,True,negative,moderate_50_to_80,0.0,1.2177048994712132,1.8265573492068197,1.8713428166337833
2025,154,6,4,2,0.6666666666666666,2;4,1.5050467774108591,-0.7984444874301024,0.7066022899807567,0.7984444874301024,1.2892166429567702,True,negative,moderate_50_to_80,0.0,1.5050467774108591,2.2575701661162886,2.158684694573429
2025,154,6,4,2,0.6666666666666666,2;5,0.6442402266244815,0.062362063356275144,0.7066022899807567,0.062362063356275144,1.2892166429567702,True,positive,moderate_50_to_80,0.0,0.6442402266244815,0.9663603399367223,1.2978781437870517
2025,154,6,4,2,0.6666666666666666,3;4,1.2694933900362502,-0.5628911000554935,0.7066022899807567,0.5628911000554935,1.2892166429567702,True,negative,moderate_50_to_80,0.0,1.2694933900362502,1.9042400850543753,1.9231313071988203
2025,154,6,4,2,0.6666666666666666,3;5,0.4086868392498724,0.2979154507308842,0.7066022899807567,0.2979154507308842,1.2892166429567702,True,positive,moderate_50_to_80,0.0,0.4086868392498724,0.6130302588748087,1.0623247564124425
2025,154,6,4,2,0.6666666666666666,4;5,0.6960287171895184,0.010573572791238217,0.7066022899807567,0.010573572791238217,1.2892166429567702,True,positive,moderate_50_to_80,0.0,0.6960287171895184,1.0440430757842776,1.3496666343520887
2025,154,6,5,1,0.8333333333333334,0,-0.9256455256967879,1.6322478156775446,0.7066022899807567,1.6322478156775446,0.9116138306532883,True,positive,high_80_plus,0.0,-0.9256455256967879,-1.1107746308361457,-0.5988265671155029
2025,154,6,5,1,0.8333333333333334,1,1.1317187789783263,-0.4251164889975697,0.7066022899807567,0.4251164889975697,0.9116138306532883,True,negative,high_80_plus,0.0,1.1317187789783263,1.3580625347739914,1.4585377375596114
2025,154,6,5,1,0.8333333333333334,2,1.0799302884132893,-0.3733279984325328,0.7066022899807567,0.3733279984325328,0.9116138306532883,True,negative,high_80_plus,0.0,1.0799302884132893,1.295916346095947,1.4067492469945744
2025,154,6,5,1,0.8333333333333334,3,0.8443769010386803,-0.1377746110579237,0.7066022899807567,0.1377746110579237,0.9116138306532883,True,negative,high_80_plus,0.0,0.8443769010386803,1.0132522812464164,1.1711958596199654
2025,154,6,5,1,0.8333333333333334,4,1.1317187789783263,-0.4251164889975697,0.7066022899807567,0.4251164889975697,0.9116138306532883,True,negative,high_80_plus,0.0,1.1317187789783263,1.3580625347739914,1.4585377375596114
2025,154,6,5,1,0.8333333333333334,5,0.2709122281919487,0.4356900617888079,0.7066022899807567,0.4356900617888079,0.9116138306532883,True,positive,high_80_plus,0.0,0.2709122281919487,0.32509467383033847,0.5977311867732338
2025,158,3,1,2,0.3333333333333333,0;1,-0.3310137206135381,-0.08220139489352124,-0.41321511550705936,0.08220139489352124,1.2892166429567702,True,negative,low_under_50,0.0,-0.3310137206135381,-0.9930411618406143,0.322624196549032
2025,158,3,1,2,0.3333333333333333,0;2,0.4096820708199496,-0.8228971863270089,-0.41321511550705936,0.8228971863270089,1.2892166429567702,True,negative,low_under_50,0.0,0.4096820708199496,1.229046212459849,1.0633199879825197
2025,158,3,1,2,0.3333333333333333,1;2,-0.49188346571347086,0.0786683502064115,-0.41321511550705936,0.0786683502064115,1.2892166429567702,True,positive,low_under_50,0.0,-0.49188346571347086,-1.4756503971404125,0.16175445144909928
2025,158,3,2,1,0.6666666666666666,0,0.0786683502064115,-0.49188346571347086,-0.41321511550705936,0.49188346571347086,0.9116138306532883,True,negative,moderate_50_to_80,0.0,0.0786683502064115,0.11800252530961725,0.40548730878769657
2025,158,3,2,1,0.6666666666666666,1,-0.8228971863270089,0.4096820708199496,-0.41321511550705936,0.4096820708199496,0.9116138306532883,True,positive,moderate_50_to_80,0.0,-0.8228971863270089,-1.2343457794905133,-0.49607822774572385
2025,158,3,2,1,0.6666666666666666,2,-0.08220139489352124,-0.3310137206135381,-0.41321511550705936,0.3310137206135381,0.9116138306532883,True,negative,moderate_50_to_80,0.0,-0.08220139489352124,-0.12330209234028186,0.24461756368776383
2025,164,4,1,3,0.25,0;1;2,0.17941984475677095,4.894546856540929,5.0739667012977,4.894546856540929,1.5789614715739857,False,positive,low_under_50,0.0,0.17941984475677095,0.7176793790270838,1.1598767205006262
2025,164,4,1,3,0.25,0;1;3,0.906083880044235,4.167882821253465,5.0739667012977,4.167882821253465,1.5789614715739857,False,positive,low_under_50,0.0,0.906083880044235,3.62433552017694,1.8865407557880902
2025,164,4,1,3,0.25,0;2;3,1.7887639083765963,3.285202792921104,5.0739667012977,3.285202792921104,1.5789614715739857,True,positive,low_under_50,0.0,1.7887639083765963,7.155055633506385,2.7692207841204515
2025,164,4,1,3,0.25,1;2;3,2.199699068120098,2.874267633177602,5.0739667012977,2.874267633177602,1.5789614715739857,True,positive,low_under_50,0.0,2.199699068120098,8.798796272480391,3.1801559438639533
2025,164,4,2,2,0.5,0;1,1.085503724801006,3.9884629764966943,5.0739667012977,3.9884629764966943,1.2892166429567702,False,positive,moderate_50_to_80,0.0,1.085503724801006,2.171007449602012,1.7391416419635761
2025,164,4,2,2,0.5,0;2,1.9681837531333672,3.105782948164333,5.0739667012977,3.105782948164333,1.2892166429567702,False,positive,moderate_50_to_80,0.0,1.9681837531333672,3.9363675062667345,2.6218216702959376
2025,164,4,2,2,0.5,0;3,2.694847788420831,2.379118912876869,5.0739667012977,2.379118912876869,1.2892166429567702,True,positive,moderate_50_to_80,0.0,2.694847788420831,5.389695576841662,3.348485705583401
2025,164,4,2,2,0.5,1;2,2.379118912876869,2.694847788420831,5.0739667012977,2.694847788420831,1.2892166429567702,True,positive,moderate_50_to_80,0.0,2.379118912876869,4.758237825753738,3.032756830039439
2025,164,4,2,2,0.5,1;3,3.105782948164333,1.9681837531333672,5.0739667012977,1.9681837531333672,1.2892166429567702,True,positive,moderate_50_to_80,0.0,3.105782948164333,6.211565896328666,3.759420865326903
2025,164,4,2,2,0.5,2;3,3.9884629764966943,1.085503724801006,5.0739667012977,1.085503724801006,1.2892166429567702,True,positive,moderate_50_to_80,0.0,3.9884629764966943,7.976925952993389,4.642100893659265
2025,164,4,3,1,0.75,0,2.874267633177602,2.199699068120098,5.0739667012977,2.199699068120098,0.9116138306532883,False,positive,moderate_50_to_80,0.0,2.874267633177602,3.8323568442368026,3.2010865917588873
2025,164,4,3,1,0.75,1,3.285202792921104,1.7887639083765963,5.0739667012977,1.7887639083765963,0.9116138306532883,True,positive,moderate_50_to_80,0.0,3.285202792921104,4.3802703905614715,3.6120217515023887
2025,164,4,3,1,0.75,2,4.167882821253465,0.906083880044235,5.0739667012977,0.906083880044235,0.9116138306532883,True,positive,moderate_50_to_80,0.0,4.167882821253465,5.5571770950046195,4.49470177983475
2025,164,4,3,1,0.75,3,4.894546856540929,0.17941984475677095,5.0739667012977,0.17941984475677095,0.9116138306532883,True,positive,moderate_50_to_80,0.0,4.894546856540929,6.5260624753879055,5.221365815122214
2025,2026,6,1,5,0.16666666666666666,0;1;2;3;4,1.0061930213488033,-2.013600259896619,-1.0074072385478159,2.013600259896619,2.038430494569734,False,negative,low_under_50,0.0,1.0061930213488033,6.03715812809282,2.6402878142552284
2025,2026,6,1,5,0.16666666666666666,0;1;2;3;5,-0.5859862340975025,-0.4214210044503134,-1.0074072385478159,0.4214210044503134,2.038430494569734,True,negative,low_under_50,0.0,-0.5859862340975025,-3.5159174045850152,1.0481085588089227
2025,2026,6,1,5,0.16666666666666666,0;1;2;4;5,-0.019219143776985644,-0.9881880947708302,-1.0074072385478159,0.9881880947708302,2.038430494569734,True,negative,low_under_50,0.0,-0.019219143776985644,-0.11531486266191386,1.6148756491294396
2025,2026,6,1,5,0.16666666666666666,0;1;3;4;5,-0.7468559791974352,-0.2605512593503807,-1.0074072385478159,0.2605512593503807,2.038430494569734,True,negative,low_under_50,0.0,-0.7468559791974352,-4.481135875184611,0.8872388137089902
2025,2026,6,1,5,0.16666666666666666,0;2;3;4;5,0.08531707637273932,-1.0927243149205552,-1.0074072385478159,1.0927243149205552,2.038430494569734,True,negative,low_under_50,0.0,0.08531707637273932,0.5119024582364359,1.7194118692791647
2025,2026,6,1,5,0.16666666666666666,1;2;3;4;5,-0.7468559791974352,-0.2605512593503807,-1.0074072385478159,0.2605512593503807,2.038430494569734,True,negative,low_under_50,0.0,-0.7468559791974352,-4.481135875184611,0.8872388137089902
2025,2026,6,2,4,0.3333333333333333,0;1;2;3,0.4202067872513008,-1.4276140257991168,-1.0074072385478159,1.4276140257991168,1.8232276613065765,True,negative,low_under_50,0.0,0.4202067872513008,1.2606203617539022,1.7274826215764412
2025,2026,6,2,4,0.3333333333333333,0;1;2;4,0.9869738775718176,-1.9943811161196336,-1.0074072385478159,1.9943811161196336,1.8232276613065765,False,negative,low_under_50,0.0,0.9869738775718176,2.960921632715453,2.294249711896958
2025,2026,6,2,4,0.3333333333333333,0;1;2;5,-0.6052053778744881,-0.40220186067332775,-1.0074072385478159,0.40220186067332775,1.8232276613065765,True,negative,low_under_50,0.0,-0.6052053778744881,-1.8156161336234644,0.7020704564506521
2025,2026,6,2,4,0.3333333333333333,0;1;3;4,0.2593370421513681,-1.266744280699184,-1.0074072385478159,1.266744280699184,1.8232276613065765,True,negative,low_under_50,0.0,0.2593370421513681,0.7780111264541043,1.5666128764765084
2025,2026,6,2,4,0.3333333333333333,0;1;3;5,-1.3328422132949376,0.3254349747471218,-1.0074072385478159,0.3254349747471218,1.8232276613065765,True,positive,low_under_50,0.0,-1.3328422132949376,-3.9985266398848127,-0.0255663789697973
2025,2026,6,2,4,0.3333333333333333,0;1;4;5,-0.7660751229744208,-0.24133211557339507,-1.0074072385478159,0.24133211557339507,1.8232276613065765,True,negative,low_under_50,0.0,-0.7660751229744208,-2.2982253689232626,0.5412007113507195
2025,2026,6,2,4,0.3333333333333333,0;2;3;4,1.0915100977215426,-2.0989173362693587,-1.0074072385478159,2.0989173362693587,1.8232276613065765,False,negative,low_under_50,0.0,1.0915100977215426,3.274530293164628,2.3987859320466827
2025,2026,6,2,4,0.3333333333333333,0;2;3;5,-0.5006691577247632,-0.5067380808230527,-1.0074072385478159,0.5067380808230527,1.8232276613065765,True,negative,low_under_50,0.0,-0.5006691577247632,-1.5020074731742894,0.8066066766003771
2025,2026,6,2,4,0.3333333333333333,0;2;4;5,0.06609793259575367,-1.0735051711435695,-1.0074072385478159,1.0735051711435695,1.8232276613065765,True,negative,low_under_50,0.0,0.06609793259575367,0.198293797787261,1.3733737669208939
2025,2026,6,2,4,0.3333333333333333,0;3;4;5,-0.6615389028246959,-0.34586833572312004,-1.0074072385478159,0.34586833572312004,1.8232276613065765,True,negative,low_under_50,0.0,-0.6615389028246959,-1.9846167084740876,0.6457369315004444
2025,2026,6,2,4,0.3333333333333333,1;2;3;4,0.2593370421513681,-1.266744280699184,-1.0074072385478159,1.266744280699184,1.8232276613065765,True,negative,low_under_50,0.0,0.2593370421513681,0.7780111264541043,1.5666128764765084
2025,2026,6,2,4,0.3333333333333333,1;2;3;5,-1.3328422132949376,0.3254349747471218,-1.0074072385478159,0.3254349747471218,1.8232276613065765,True,positive,low_under_50,0.0,-1.3328422132949376,-3.9985266398848127,-0.0255663789697973
2025,2026,6,2,4,0.3333333333333333,1;2;4;5,-0.7660751229744208,-0.24133211557339507,-1.0074072385478159,0.24133211557339507,1.8232276613065765,True,negative,low_under_50,0.0,-0.7660751229744208,-2.2982253689232626,0.5412007113507195
2025,2026,6,2,4,0.3333333333333333,1;3;4;5,-1.4937119583948704,0.4863047198470545,-1.0074072385478159,0.4863047198470545,1.8232276613065765,True,positive,low_under_50,0.0,-1.4937119583948704,-4.481135875184611,-0.1864361240697301
2025,2026,6,2,4,0.3333333333333333,2;3;4;5,-0.6615389028246959,-0.34586833572312004,-1.0074072385478159,0.34586833572312004,1.8232276613065765,True,negative,low_under_50,0.0,-0.6615389028246959,-1.9846167084740876,0.6457369315004444
2025,2026,6,3,3,0.5,0;1;2,0.40098764347431515,-1.408394882022131,-1.0074072385478159,1.408394882022131,1.5789614715739857,True,negative,moderate_50_to_80,0.0,0.40098764347431515,0.8019752869486303,1.3814445192181704
2025,2026,6,3,3,0.5,0;1;3,-0.3266491919461344,-0.6807580466016815,-1.0074072385478159,0.6807580466016815,1.5789614715739857,True,negative,moderate_50_to_80,0.0,-0.3266491919461344,-0.6532983838922688,0.6538076837977208
2025,2026,6,3,3,0.5,0;1;4,0.24011789837438247,-1.2475251369221985,-1.0074072385478159,1.2475251369221985,1.5789614715739857,True,negative,moderate_50_to_80,0.0,0.24011789837438247,0.48023579674876493,1.2205747741182376
2025,2026,6,3,3,0.5,0;1;5,-1.3520613570719233,0.34465411852410743,-1.0074072385478159,0.34465411852410743,1.5789614715739857,True,positive,moderate_50_to_80,0.0,-1.3520613570719233,-2.7041227141438466,-0.3716044813280681
2025,2026,6,3,3,0.5,0;2;3,0.5055238636240401,-1.5129311021718561,-1.0074072385478159,1.5129311021718561,1.5789614715739857,True,negative,moderate_50_to_80,0.0,0.5055238636240401,1.0110477272480802,1.4859807393678954
2025,2026,6,3,3,0.5,0;2;4,1.0722909539445569,-2.0796981924923728,-1.0074072385478159,2.0796981924923728,1.5789614715739857,False,negative,moderate_50_to_80,0.0,1.0722909539445569,2.1445819078891137,2.0527478296884123
2025,2026,6,3,3,0.5,0;2;5,-0.5198883015017488,-0.4875189370460671,-1.0074072385478159,0.4875189370460671,1.5789614715739857,True,negative,moderate_50_to_80,0.0,-0.5198883015017488,-1.0397766030034976,0.4605685742421064
2025,2026,6,3,3,0.5,0;3;4,0.34465411852410743,-1.3520613570719233,-1.0074072385478159,1.3520613570719233,1.5789614715739857,True,negative,moderate_50_to_80,0.0,0.34465411852410743,0.6893082370482149,1.3251109942679626
2025,2026,6,3,3,0.5,0;3;5,-1.2475251369221985,0.24011789837438247,-1.0074072385478159,0.24011789837438247,1.5789614715739857,True,positive,moderate_50_to_80,0.0,-1.2475251369221985,-2.495050273844397,-0.26706826117834326
2025,2026,6,3,3,0.5,0;4;5,-0.6807580466016815,-0.3266491919461344,-1.0074072385478159,0.3266491919461344,1.5789614715739857,True,negative,moderate_50_to_80,0.0,-0.6807580466016815,-1.361516093203363,0.2996988291421737
2025,2026,6,3,3,0.5,1;2;3,-0.3266491919461344,-0.6807580466016815,-1.0074072385478159,0.6807580466016815,1.5789614715739857,True,negative,moderate_50_to_80,0.0,-0.3266491919461344,-0.6532983838922688,0.6538076837977208
2025,2026,6,3,3,0.5,1;2;4,0.24011789837438247,-1.2475251369221985,-1.0074072385478159,1.2475251369221985,1.5789614715739857,True,negative,moderate_50_to_80,0.0,0.24011789837438247,0.48023579674876493,1.2205747741182376
2025,2026,6,3,3,0.5,1;2;5,-1.3520613570719233,0.34465411852410743,-1.0074072385478159,0.34465411852410743,1.5789614715739857,True,positive,moderate_50_to_80,0.0,-1.3520613570719233,-2.7041227141438466,-0.3716044813280681
2025,2026,6,3,3,0.5,1;3;4,-0.4875189370460671,-0.5198883015017488,-1.0074072385478159,0.5198883015017488,1.5789614715739857,True,negative,moderate_50_to_80,0.0,-0.4875189370460671,-0.9750378740921342,0.4929379386977881
2025,2026,6,3,3,0.5,1;3;5,-2.0796981924923728,1.0722909539445569,-1.0074072385478159,1.0722909539445569,1.5789614715739857,True,positive,moderate_50_to_80,0.0,-2.0796981924923728,-4.1593963849847455,-1.0992413167485175
2025,2026,6,3,3,0.5,1;4;5,-1.5129311021718561,0.5055238636240401,-1.0074072385478159,0.5055238636240401,1.5789614715739857,True,positive,moderate_50_to_80,0.0,-1.5129311021718561,-3.0258622043437122,-0.5324742264280009
2025,2026,6,3,3,0.5,2;3;4,0.34465411852410743,-1.3520613570719233,-1.0074072385478159,1.3520613570719233,1.5789614715739857,True,negative,moderate_50_to_80,0.0,0.34465411852410743,0.6893082370482149,1.3251109942679626
2025,2026,6,3,3,0.5,2;3;5,-1.2475251369221985,0.24011789837438247,-1.0074072385478159,0.24011789837438247,1.5789614715739857,True,positive,moderate_50_to_80,0.0,-1.2475251369221985,-2.495050273844397,-0.26706826117834326
2025,2026,6,3,3,0.5,2;4;5,-0.6807580466016815,-0.3266491919461344,-1.0074072385478159,0.3266491919461344,1.5789614715739857,True,negative,moderate_50_to_80,0.0,-0.6807580466016815,-1.361516093203363,0.2996988291421737
2025,2026,6,3,3,0.5,3;4;5,-1.408394882022131,0.40098764347431515,-1.0074072385478159,0.40098764347431515,1.5789614715739857,True,positive,moderate_50_to_80,0.0,-1.408394882022131,-2.816789764044262,-0.42793800627827583
2025,2026,6,4,2,0.6666666666666666,0;1,-0.34586833572312004,-0.6615389028246959,-1.0074072385478159,0.6615389028246959,1.2892166429567702,True,negative,moderate_50_to_80,0.0,-0.34586833572312004,-0.51880250358468,0.3077695814394501
2025,2026,6,4,2,0.6666666666666666,0;2,0.4863047198470545,-1.4937119583948704,-1.0074072385478159,1.4937119583948704,1.2892166429567702,False,negative,moderate_50_to_80,0.0,0.4863047198470545,0.7294570797705817,1.1399426370096246
2025,2026,6,4,2,0.6666666666666666,0;3,-0.24133211557339507,-0.7660751229744208,-1.0074072385478159,0.7660751229744208,1.2892166429567702,True,negative,moderate_50_to_80,0.0,-0.24133211557339507,-0.3619981733600926,0.41230580158917507
2025,2026,6,4,2,0.6666666666666666,0;4,0.3254349747471218,-1.3328422132949376,-1.0074072385478159,1.3328422132949376,1.2892166429567702,True,negative,moderate_50_to_80,0.0,0.3254349747471218,0.4881524621206827,0.9790728919096919
2025,2026,6,4,2,0.6666666666666666,0;5,-1.266744280699184,0.2593370421513681,-1.0074072385478159,0.2593370421513681,1.2892166429567702,True,positive,moderate_50_to_80,0.0,-1.266744280699184,-1.900116421048776,-0.6131063635366139
2025,2026,6,4,2,0.6666666666666666,1;2,-0.34586833572312004,-0.6615389028246959,-1.0074072385478159,0.6615389028246959,1.2892166429567702,True,negative,moderate_50_to_80,0.0,-0.34586833572312004,-0.51880250358468,0.3077695814394501
2025,2026,6,4,2,0.6666666666666666,1;3,-1.0735051711435695,0.06609793259575367,-1.0074072385478159,0.06609793259575367,1.2892166429567702,True,positive,moderate_50_to_80,0.0,-1.0735051711435695,-1.6102577567153542,-0.41986725398099933
2025,2026,6,4,2,0.6666666666666666,1;4,-0.5067380808230527,-0.5006691577247632,-1.0074072385478159,0.5006691577247632,1.2892166429567702,True,negative,moderate_50_to_80,0.0,-0.5067380808230527,-0.7601071212345791,0.14689983633951742
2025,2026,6,4,2,0.6666666666666666,1;5,-2.0989173362693587,1.0915100977215426,-1.0074072385478159,1.0915100977215426,1.2892166429567702,True,positive,moderate_50_to_80,0.0,-2.0989173362693587,-3.148376004404038,-1.4452794191067886
2025,2026,6,4,2,0.6666666666666666,2;3,-0.24133211557339507,-0.7660751229744208,-1.0074072385478159,0.7660751229744208,1.2892166429567702,True,negative,moderate_50_to_80,0.0,-0.24133211557339507,-0.3619981733600926,0.41230580158917507
2025,2026,6,4,2,0.6666666666666666,2;4,0.3254349747471218,-1.3328422132949376,-1.0074072385478159,1.3328422132949376,1.2892166429567702,True,negative,moderate_50_to_80,0.0,0.3254349747471218,0.4881524621206827,0.9790728919096919
2025,2026,6,4,2,0.6666666666666666,2;5,-1.266744280699184,0.2593370421513681,-1.0074072385478159,0.2593370421513681,1.2892166429567702,True,positive,moderate_50_to_80,0.0,-1.266744280699184,-1.900116421048776,-0.6131063635366139
2025,2026,6,4,2,0.6666666666666666,3;4,-0.40220186067332775,-0.6052053778744881,-1.0074072385478159,0.6052053778744881,1.2892166429567702,True,negative,moderate_50_to_80,0.0,-0.40220186067332775,-0.6033027910099916,0.2514360564892424
2025,2026,6,4,2,0.6666666666666666,3;5,-1.9943811161196336,0.9869738775718176,-1.0074072385478159,0.9869738775718176,1.2892166429567702,True,positive,moderate_50_to_80,0.0,-1.9943811161196336,-2.9915716741794505,-1.3407431989570635
2025,2026,6,4,2,0.6666666666666666,4;5,-1.4276140257991168,0.4202067872513008,-1.0074072385478159,0.4202067872513008,1.2892166429567702,True,positive,moderate_50_to_80,0.0,-1.4276140257991168,-2.141421038698675,-0.7739761086365466
2025,2026,6,5,1,0.8333333333333334,0,-0.2605512593503807,-0.7468559791974352,-1.0074072385478159,0.7468559791974352,0.9116138306532883,True,negative,high_80_plus,0.0,-0.2605512593503807,-0.3126615112204568,0.06626769923090436
2025,2026,6,5,1,0.8333333333333334,1,-1.0927243149205552,0.08531707637273932,-1.0074072385478159,0.08531707637273932,0.9116138306532883,True,positive,high_80_plus,0.0,-1.0927243149205552,-1.3112691779046663,-0.7659053563392701
2025,2026,6,5,1,0.8333333333333334,2,-0.2605512593503807,-0.7468559791974352,-1.0074072385478159,0.7468559791974352,0.9116138306532883,True,negative,high_80_plus,0.0,-0.2605512593503807,-0.3126615112204568,0.06626769923090436
2025,2026,6,5,1,0.8333333333333334,3,-0.9881880947708302,-0.019219143776985644,-1.0074072385478159,0.019219143776985644,0.9116138306532883,True,negative,high_80_plus,0.0,-0.9881880947708302,-1.1858257137249963,-0.6613691361895452
2025,2026,6,5,1,0.8333333333333334,4,-0.4214210044503134,-0.5859862340975025,-1.0074072385478159,0.5859862340975025,0.9116138306532883,True,negative,high_80_plus,0.0,-0.4214210044503134,-0.505705205340376,-0.09460204586902832
2025,2026,6,5,1,0.8333333333333334,5,-2.013600259896619,1.0061930213488033,-1.0074072385478159,1.0061930213488033,0.9116138306532883,True,positive,high_80_plus,0.0,-2.013600259896619,-2.416320311875943,-1.686781301315334
2025,2032,6,1,5,0.16666666666666666,0;1;2;3;4,1.1670627664487359,-1.7354385808117734,-0.5683758143630375,1.7354385808117734,2.038430494569734,False,negative,low_under_50,0.0,1.1670627664487359,7.002376598692415,2.801157559355161
2025,2032,6,1,5,0.16666666666666666,0;1;2;3;5,0.18318988424829705,-0.7515656986113346,-0.5683758143630375,0.7515656986113346,2.038430494569734,True,negative,low_under_50,0.0,0.18318988424829705,1.0991393054897822,1.8172846771547224
2025,2032,6,1,5,0.16666666666666666,0;1;2;4;5,-0.3733279984325328,-0.19504781593050474,-0.5683758143630375,0.19504781593050474,2.038430494569734,True,negative,low_under_50,0.0,-0.3733279984325328,-2.2399679905951966,1.2607667944738925
2025,2032,6,1,5,0.16666666666666666,0;1;3;4;5,-0.21245825333259996,-0.3559175610304376,-0.5683758143630375,0.3559175610304376,2.038430494569734,True,negative,low_under_50,0.0,-0.21245825333259996,-1.2747495199955998,1.4216365395738253
2025,2032,6,1,5,0.16666666666666666,0;2;3;4;5,-0.7468559791974352,0.17848016483439766,-0.5683758143630375,0.17848016483439766,2.038430494569734,True,positive,low_under_50,0.0,-0.7468559791974352,-4.481135875184611,0.8872388137089902
2025,2032,6,1,5,0.16666666666666666,1;2;3;4;5,-0.5859862340975025,0.017610419734464977,-0.5683758143630375,0.017610419734464977,2.038430494569734,True,positive,low_under_50,0.0,-0.5859862340975025,-3.5159174045850152,1.0481085588089227
2025,2032,6,2,4,0.3333333333333333,0;1;2;3,1.350252650697033,-1.9186284650600705,-0.5683758143630375,1.9186284650600705,1.8232276613065765,False,negative,low_under_50,0.0,1.350252650697033,4.050757952091098,2.657528485022173
2025,2032,6,2,4,0.3333333333333333,0;1;2;4,0.793734768016203,-1.3621105823792405,-0.5683758143630375,1.3621105823792405,1.8232276613065765,True,negative,low_under_50,0.0,0.793734768016203,2.381204304048609,2.1010106023413435
2025,2032,6,2,4,0.3333333333333333,0;1;2;5,-0.19013811418423573,-0.37823770017880176,-0.5683758143630375,0.37823770017880176,1.8232276613065765,True,negative,low_under_50,0.0,-0.19013811418423573,-0.5704143425527072,1.1171377201409045
2025,2032,6,2,4,0.3333333333333333,0;1;3;4,0.9546045131161359,-1.5229803274791733,-0.5683758143630375,1.5229803274791733,1.8232276613065765,True,negative,low_under_50,0.0,0.9546045131161359,2.8638135393484077,2.2618803474412763
2025,2032,6,2,4,0.3333333333333333,0;1;3;5,-0.029268369084302914,-0.5391074452787346,-0.5683758143630375,0.5391074452787346,1.8232276613065765,True,negative,low_under_50,0.0,-0.029268369084302914,-0.08780510725290874,1.2780074652408373
2025,2032,6,2,4,0.3333333333333333,0;1;4;5,-0.5857862517651328,0.01741043740209522,-0.5683758143630375,0.01741043740209522,1.8232276613065765,True,positive,low_under_50,0.0,-0.5857862517651328,-1.7573587552953982,0.7214895825600075
2025,2032,6,2,4,0.3333333333333333,0;2;3;4,0.4202067872513007,-0.9885826016143382,-0.5683758143630375,0.9885826016143382,1.8232276613065765,True,negative,low_under_50,0.0,0.4202067872513007,1.260620361753902,1.727482621576441
2025,2032,6,2,4,0.3333333333333333,0;2;3;5,-0.5636660949491381,-0.004709719413899388,-0.5683758143630375,0.004709719413899388,1.8232276613065765,True,negative,low_under_50,0.0,-0.5636660949491381,-1.6909982848474143,0.7436097393760022
2025,2032,6,2,4,0.3333333333333333,0;2;4;5,-1.120183977629968,0.5518081632669305,-0.5683758143630375,0.5518081632669305,1.8232276613065765,True,positive,low_under_50,0.0,-1.120183977629968,-3.360551932889904,0.18709185669517225
2025,2032,6,2,4,0.3333333333333333,0;3;4;5,-0.9593142325300351,0.3909384181669976,-0.5683758143630375,0.3909384181669976,1.8232276613065765,True,positive,low_under_50,0.0,-0.9593142325300351,-2.8779426975901052,0.34796160179510516
2025,2032,6,2,4,0.3333333333333333,1;2;3;4,0.5810765323512334,-1.1494523467142708,-0.5683758143630375,1.1494523467142708,1.8232276613065765,True,negative,low_under_50,0.0,0.5810765323512334,1.7432295970537002,1.8883523666763735
2025,2032,6,2,4,0.3333333333333333,1;2;3;5,-0.4027963498492054,-0.16557946451383207,-0.5683758143630375,0.16557946451383207,1.8232276613065765,True,negative,low_under_50,0.0,-0.4027963498492054,-1.2083890495476162,0.9044794844759348
2025,2032,6,2,4,0.3333333333333333,1;2;4;5,-0.9593142325300352,0.39093841816699776,-0.5683758143630375,0.39093841816699776,1.8232276613065765,True,positive,low_under_50,0.0,-0.9593142325300352,-2.8779426975901057,0.34796160179510505
2025,2032,6,2,4,0.3333333333333333,1;3;4;5,-0.7984444874301024,0.23006867306706494,-0.5683758143630375,0.23006867306706494,1.8232276613065765,True,positive,low_under_50,0.0,-0.7984444874301024,-2.3953334622903073,0.5088313468950378
2025,2032,6,2,4,0.3333333333333333,2;3;4;5,-1.3328422132949376,0.7644663989319002,-0.5683758143630375,0.7644663989319002,1.8232276613065765,True,positive,low_under_50,0.0,-1.3328422132949376,-3.9985266398848127,-0.0255663789697973
2025,2032,6,3,3,0.5,0;1;2,0.9769246522645001,-1.5453004666275376,-0.5683758143630375,1.5453004666275376,1.5789614715739857,True,negative,moderate_50_to_80,0.0,0.9769246522645001,1.9538493045290002,1.9573815280083553
2025,2032,6,3,3,0.5,0;1;3,1.1377943973644329,-1.7061702117274704,-0.5683758143630375,1.7061702117274704,1.5789614715739857,False,negative,moderate_50_to_80,0.0,1.1377943973644329,2.2755887947288658,2.118251273108288
2025,2032,6,3,3,0.5,0;1;4,0.5812765146836031,-1.1496523290466407,-0.5683758143630375,1.1496523290466407,1.5789614715739857,True,negative,moderate_50_to_80,0.0,0.5812765146836031,1.1625530293672062,1.5617333904274582
2025,2032,6,3,3,0.5,0;1;5,-0.4025963675168357,-0.16577944684620183,-0.5683758143630375,0.16577944684620183,1.5789614715739857,True,negative,moderate_50_to_80,0.0,-0.4025963675168357,-0.8051927350336715,0.5778605082270195
2025,2032,6,3,3,0.5,0;2;3,0.6033966714995977,-1.1717724858626353,-0.5683758143630375,1.1717724858626353,1.5789614715739857,True,negative,moderate_50_to_80,0.0,0.6033966714995977,1.2067933429991955,1.583853547243453
2025,2032,6,3,3,0.5,0;2;4,0.04687878881876789,-0.6152546031818054,-0.5683758143630375,0.6152546031818054,1.5789614715739857,True,negative,moderate_50_to_80,0.0,0.04687878881876789,0.09375757763753578,1.027335664562623
2025,2032,6,3,3,0.5,0;2;5,-0.936994093381671,0.3686182790186334,-0.5683758143630375,0.3686182790186334,1.5789614715739857,True,positive,moderate_50_to_80,0.0,-0.936994093381671,-1.8739881867633421,0.04346278236218426
2025,2032,6,3,3,0.5,0;3;4,0.2077485339187007,-0.7761243482817383,-0.5683758143630375,0.7761243482817383,1.5789614715739857,True,negative,moderate_50_to_80,0.0,0.2077485339187007,0.4154970678374014,1.1882054096625558
2025,2032,6,3,3,0.5,0;3;5,-0.7761243482817382,0.20774853391870057,-0.5683758143630375,0.20774853391870057,1.5789614715739857,True,positive,moderate_50_to_80,0.0,-0.7761243482817382,-1.5522486965634765,0.20433252746211705
2025,2032,6,3,3,0.5,0;4;5,-1.3326422309625678,0.7642664165995304,-0.5683758143630375,0.7642664165995304,1.5789614715739857,True,positive,moderate_50_to_80,0.0,-1.3326422309625678,-2.6652844619251357,-0.35218535521871264
2025,2032,6,3,3,0.5,1;2;3,0.7642664165995304,-1.3326422309625678,-0.5683758143630375,1.3326422309625678,1.5789614715739857,True,negative,moderate_50_to_80,0.0,0.7642664165995304,1.5285328331990609,1.7447232923433855
2025,2032,6,3,3,0.5,1;2;4,0.20774853391870057,-0.7761243482817382,-0.5683758143630375,0.7761243482817382,1.5789614715739857,True,negative,moderate_50_to_80,0.0,0.20774853391870057,0.4154970678374011,1.1882054096625558
2025,2032,6,3,3,0.5,1;2;5,-0.7761243482817383,0.2077485339187007,-0.5683758143630375,0.2077485339187007,1.5789614715739857,True,positive,moderate_50_to_80,0.0,-0.7761243482817383,-1.5522486965634765,0.20433252746211694
2025,2032,6,3,3,0.5,1;3;4,0.3686182790186334,-0.936994093381671,-0.5683758143630375,0.936994093381671,1.5789614715739857,True,negative,moderate_50_to_80,0.0,0.3686182790186334,0.7372365580372668,1.3490751547624886
2025,2032,6,3,3,0.5,1;3;5,-0.6152546031818054,0.04687878881876789,-0.5683758143630375,0.04687878881876789,1.5789614715739857,True,positive,moderate_50_to_80,0.0,-0.6152546031818054,-1.2305092063636107,0.36520227256204985
2025,2032,6,3,3,0.5,1;4;5,-1.1717724858626353,0.6033966714995977,-0.5683758143630375,0.6033966714995977,1.5789614715739857,True,positive,moderate_50_to_80,0.0,-1.1717724858626353,-2.3435449717252705,-0.19131561011878007
2025,2032,6,3,3,0.5,2;3;4,-0.16577944684620183,-0.4025963675168357,-0.5683758143630375,0.4025963675168357,1.5789614715739857,True,negative,moderate_50_to_80,0.0,-0.16577944684620183,-0.33155889369240366,0.8146774288976534
2025,2032,6,3,3,0.5,2;3;5,-1.1496523290466407,0.5812765146836031,-0.5683758143630375,0.5812765146836031,1.5789614715739857,True,positive,moderate_50_to_80,0.0,-1.1496523290466407,-2.2993046580932814,-0.16919545330278551
2025,2032,6,3,3,0.5,2;4;5,-1.7061702117274704,1.1377943973644329,-0.5683758143630375,1.1377943973644329,1.5789614715739857,True,positive,moderate_50_to_80,0.0,-1.7061702117274704,-3.412340423454941,-0.7257133359836152
2025,2032,6,3,3,0.5,3;4;5,-1.5453004666275376,0.9769246522645001,-0.5683758143630375,0.9769246522645001,1.5789614715739857,True,positive,moderate_50_to_80,0.0,-1.5453004666275376,-3.0906009332550752,-0.5648435908836824
2025,2032,6,4,2,0.6666666666666666,0;1,0.7644663989319002,-1.3328422132949376,-0.5683758143630375,1.3328422132949376,1.2892166429567702,True,negative,moderate_50_to_80,0.0,0.7644663989319002,1.1466995983978503,1.4181043160944702
2025,2032,6,4,2,0.6666666666666666,0;2,0.23006867306706494,-0.7984444874301024,-0.5683758143630375,0.7984444874301024,1.2892166429567702,True,negative,moderate_50_to_80,0.0,0.23006867306706494,0.3451030096005974,0.883706590229635
2025,2032,6,4,2,0.6666666666666666,0;3,0.39093841816699776,-0.9593142325300352,-0.5683758143630375,0.9593142325300352,1.2892166429567702,True,negative,moderate_50_to_80,0.0,0.39093841816699776,0.5864076272504967,1.0445763353295678
2025,2032,6,4,2,0.6666666666666666,0;4,-0.16557946451383207,-0.4027963498492054,-0.5683758143630375,0.4027963498492054,1.2892166429567702,True,negative,moderate_50_to_80,0.0,-0.16557946451383207,-0.2483691967707481,0.48805845264873804
2025,2032,6,4,2,0.6666666666666666,0;5,-1.1494523467142708,0.5810765323512334,-0.5683758143630375,0.5810765323512334,1.2892166429567702,True,positive,moderate_50_to_80,0.0,-1.1494523467142708,-1.7241785200714062,-0.49581442955170063
2025,2032,6,4,2,0.6666666666666666,1;2,0.3909384181669976,-0.9593142325300351,-0.5683758143630375,0.9593142325300351,1.2892166429567702,True,negative,moderate_50_to_80,0.0,0.3909384181669976,0.5864076272504963,1.0445763353295678
2025,2032,6,4,2,0.6666666666666666,1;3,0.5518081632669305,-1.120183977629968,-0.5683758143630375,1.120183977629968,1.2892166429567702,True,negative,moderate_50_to_80,0.0,0.5518081632669305,0.8277122449003957,1.2054460804295006
2025,2032,6,4,2,0.6666666666666666,1;4,-0.004709719413899388,-0.5636660949491381,-0.5683758143630375,0.5636660949491381,1.2892166429567702,True,negative,moderate_50_to_80,0.0,-0.004709719413899388,-0.007064579120849082,0.6489281977486707
2025,2032,6,4,2,0.6666666666666666,1;5,-0.9885826016143382,0.4202067872513007,-0.5683758143630375,0.4202067872513007,1.2892166429567702,True,positive,moderate_50_to_80,0.0,-0.9885826016143382,-1.4828739024215074,-0.33494468445176806
2025,2032,6,4,2,0.6666666666666666,2;3,0.01741043740209522,-0.5857862517651328,-0.5683758143630375,0.5857862517651328,1.2892166429567702,True,negative,moderate_50_to_80,0.0,0.01741043740209522,0.02611565610314283,0.6710483545646654
2025,2032,6,4,2,0.6666666666666666,2;4,-0.5391074452787346,-0.029268369084302914,-0.5683758143630375,0.029268369084302914,1.2892166429567702,True,negative,moderate_50_to_80,0.0,-0.5391074452787346,-0.8086611679181018,0.11453047188383558
2025,2032,6,4,2,0.6666666666666666,2;5,-1.5229803274791733,0.9546045131161359,-0.5683758143630375,0.9546045131161359,1.2892166429567702,True,positive,moderate_50_to_80,0.0,-1.5229803274791733,-2.28447049121876,-0.8693424103166032
2025,2032,6,4,2,0.6666666666666666,3;4,-0.37823770017880176,-0.19013811418423573,-0.5683758143630375,0.19013811418423573,1.2892166429567702,True,negative,moderate_50_to_80,0.0,-0.37823770017880176,-0.5673565502682026,0.2754002169837684
2025,2032,6,4,2,0.6666666666666666,3;5,-1.3621105823792405,0.793734768016203,-0.5683758143630375,0.793734768016203,1.2892166429567702,True,positive,moderate_50_to_80,0.0,-1.3621105823792405,-2.043165873568861,-0.7084726652166704
2025,2032,6,4,2,0.6666666666666666,4;5,-1.9186284650600705,1.350252650697033,-0.5683758143630375,1.350252650697033,1.2892166429567702,True,positive,moderate_50_to_80,0.0,-1.9186284650600705,-2.8779426975901057,-1.2649905478975003
2025,2032,6,5,1,0.8333333333333334,0,0.017610419734464977,-0.5859862340975025,-0.5683758143630375,0.5859862340975025,0.9116138306532883,True,negative,high_80_plus,0.0,0.017610419734464977,0.021132503681357974,0.34442937831575005
2025,2032,6,5,1,0.8333333333333334,1,0.17848016483439766,-0.7468559791974352,-0.5683758143630375,0.7468559791974352,0.9116138306532883,True,negative,high_80_plus,0.0,0.17848016483439766,0.2141761978012772,0.5052991234156827
2025,2032,6,5,1,0.8333333333333334,2,-0.3559175610304376,-0.21245825333259996,-0.5683758143630375,0.21245825333259996,0.9116138306532883,True,negative,high_80_plus,0.0,-0.3559175610304376,-0.42710107323652513,-0.029098602449152522
2025,2032,6,5,1,0.8333333333333334,3,-0.19504781593050474,-0.3733279984325328,-0.5683758143630375,0.3733279984325328,0.9116138306532883,True,negative,high_80_plus,0.0,-0.19504781593050474,-0.2340573791166057,0.13177114265078033
2025,2032,6,5,1,0.8333333333333334,4,-0.7515656986113346,0.18318988424829705,-0.5683758143630375,0.18318988424829705,0.9116138306532883,True,positive,high_80_plus,0.0,-0.7515656986113346,-0.9018788383336016,-0.42474674003004953
2025,2032,6,5,1,0.8333333333333334,5,-1.7354385808117734,1.1670627664487359,-0.5683758143630375,1.1670627664487359,0.9116138306532883,True,positive,high_80_plus,0.0,-1.7354385808117734,-2.082526296974128,-1.4086196222304883
2025,204,2,1,1,0.5,0,-0.21245825333259996,-0.7468559791974352,-0.9593142325300351,0.7468559791974352,0.9116138306532883,True,negative,moderate_50_to_80,0.0,-0.21245825333259996,-0.4249165066651999,0.11436070524868511
2025,204,2,1,1,0.5,1,-0.7468559791974352,-0.21245825333259996,-0.9593142325300351,0.21245825333259996,0.9116138306532883,True,negative,moderate_50_to_80,0.0,-0.7468559791974352,-1.4937119583948704,-0.4200370206161501
2025,2116,7,1,6,0.14285714285714285,0;1;2;3;4;5,-0.4251164889975697,5.983229047477716,5.558112558480146,5.983229047477716,2.2329887275645106,False,positive,low_under_50,0.0,-0.4251164889975697,-2.975815422982988,1.5357972624901408
2025,2116,7,1,6,0.14285714285714285,0;1;2;3;4;6,-0.17014397551360536,5.7282565339937515,5.558112558480146,5.7282565339937515,2.2329887275645106,False,positive,low_under_50,0.0,-0.17014397551360536,-1.1910078285952375,1.790769775974105
2025,2116,7,1,6,0.14285714285714285,0;1;2;3;5;6,-0.23642241382712612,5.7945349723072725,5.558112558480146,5.7945349723072725,2.2329887275645106,False,positive,low_under_50,0.0,-0.23642241382712612,-1.654956896789883,1.7244913376605844
2025,2116,7,1,6,0.14285714285714285,0;1;2;4;5;6,1.3364848020081705,4.2216277564719755,5.558112558480146,4.2216277564719755,2.2329887275645106,True,positive,low_under_50,0.0,1.3364848020081705,9.355393614057194,3.297398553495881
2025,2116,7,1,6,0.14285714285714285,0;1;3;4;5;6,1.881417768566687,3.6766947899134594,5.558112558480146,3.6766947899134594,2.2329887275645106,True,positive,low_under_50,0.0,1.881417768566687,13.16992437996681,3.8423315200543975
2025,2116,7,1,6,0.14285714285714285,0;2;3;4;5;6,1.99946339124918,3.5586491672309664,5.558112558480146,3.5586491672309664,2.2329887275645106,True,positive,low_under_50,0.0,1.99946339124918,13.99624373874426,3.96037714273689
2025,2116,7,1,6,0.14285714285714285,1;2;3;4;5;6,1.17242947499441,4.385683083485737,5.558112558480146,4.385683083485737,2.2329887275645106,True,positive,low_under_50,0.0,1.17242947499441,8.20700632496087,3.13334322648212
2025,2116,7,2,5,0.2857142857142857,0;1;2;3;4,-0.5952604645111751,6.153373022991321,5.558112558480146,6.153373022991321,2.038430494569734,False,positive,low_under_50,0.0,-0.5952604645111751,-2.083411625789113,1.0388343283952501
2025,2116,7,2,5,0.2857142857142857,0;1;2;3;5,-0.6615389028246959,6.219651461304842,5.558112558480146,6.219651461304842,2.038430494569734,False,positive,low_under_50,0.0,-0.6615389028246959,-2.3153861598864354,0.9725558900817295
2025,2116,7,2,5,0.2857142857142857,0;1;2;3;6,-0.40656638934073147,5.964678947820878,5.558112558480146,5.964678947820878,2.038430494569734,False,positive,low_under_50,0.0,-0.40656638934073147,-1.4229823626925602,1.227528403565694
2025,2116,7,2,5,0.2857142857142857,0;1;2;4;5,0.9113683130106008,4.646744245469545,5.558112558480146,4.646744245469545,2.038430494569734,True,positive,low_under_50,0.0,0.9113683130106008,3.189789095537103,2.545463105917026
2025,2116,7,2,5,0.2857142857142857,0;1;2;4;6,1.1663408264945652,4.391771731985581,5.558112558480146,4.391771731985581,2.038430494569734,True,positive,low_under_50,0.0,1.1663408264945652,4.082192892730978,2.8004356194009903
2025,2116,7,2,5,0.2857142857142857,0;1;2;5;6,1.1000623881810445,4.458050170299102,5.558112558480146,4.458050170299102,2.038430494569734,True,positive,low_under_50,0.0,1.1000623881810445,3.850218358633656,2.73415718108747
2025,2116,7,2,5,0.2857142857142857,0;1;3;4;5,1.4563012795691175,4.101811278911029,5.558112558480146,4.101811278911029,2.038430494569734,True,positive,low_under_50,0.0,1.4563012795691175,5.097054478491911,3.090396072475543
2025,2116,7,2,5,0.2857142857142857,0;1;3;4;6,1.7112737930530817,3.846838765427065,5.558112558480146,3.846838765427065,2.038430494569734,True,positive,low_under_50,0.0,1.7112737930530817,5.989458275685786,3.3453685859595073
2025,2116,7,2,5,0.2857142857142857,0;1;3;5;6,1.644995354739561,3.9131172037405855,5.558112558480146,3.9131172037405855,2.038430494569734,True,positive,low_under_50,0.0,1.644995354739561,5.757483741588464,3.279090147645986
2025,2116,7,2,5,0.2857142857142857,0;1;4;5;6,3.2179025705748576,2.340209987905289,5.558112558480146,2.340209987905289,2.038430494569734,True,positive,low_under_50,0.0,3.2179025705748576,11.262658997012002,4.851997363481283
2025,2116,7,2,5,0.2857142857142857,0;2;3;4;5,1.5743469022516101,3.983765656228536,5.558112558480146,3.983765656228536,2.038430494569734,True,positive,low_under_50,0.0,1.5743469022516101,5.510214157880635,3.2084416951580357
2025,2116,7,2,5,0.2857142857142857,0;2;3;4;6,1.8293194157355745,3.7287931427445717,5.558112558480146,3.7287931427445717,2.038430494569734,True,positive,low_under_50,0.0,1.8293194157355745,6.402617955074511,3.463414208642
2025,2116,7,2,5,0.2857142857142857,0;2;3;5;6,1.763040977422054,3.7950715810580924,5.558112558480146,3.7950715810580924,2.038430494569734,True,positive,low_under_50,0.0,1.763040977422054,6.170643420977188,3.3971357703284792
2025,2116,7,2,5,0.2857142857142857,0;2;4;5;6,3.3359481932573507,2.222164365222796,5.558112558480146,2.222164365222796,2.038430494569734,True,positive,low_under_50,0.0,3.3359481932573507,11.675818676400727,4.970042986163776
2025,2116,7,2,5,0.2857142857142857,0;3;4;5;6,3.880881159815867,1.6772313986642793,5.558112558480146,1.6772313986642793,2.038430494569734,True,positive,low_under_50,0.0,3.880881159815867,13.583084059355533,5.514975952722292
2025,2116,7,2,5,0.2857142857142857,1;2;3;4;5,0.7473129859968403,4.810799572483306,5.558112558480146,4.810799572483306,2.038430494569734,True,positive,low_under_50,0.0,0.7473129859968403,2.6155954509889408,2.3814077789032657
2025,2116,7,2,5,0.2857142857142857,1;2;3;4;6,1.0022854994808046,4.555827058999342,5.558112558480146,4.555827058999342,2.038430494569734,True,positive,low_under_50,0.0,1.0022854994808046,3.507999248182816,2.63638029238723
2025,2116,7,2,5,0.2857142857142857,1;2;3;5;6,0.9360070611672838,4.622105497312862,5.558112558480146,4.622105497312862,2.038430494569734,True,positive,low_under_50,0.0,0.9360070611672838,3.2760247140854934,2.5701018540737093
2025,2116,7,2,5,0.2857142857142857,1;2;4;5;6,2.5089142770025807,3.0491982814775658,5.558112558480146,3.0491982814775658,2.038430494569734,True,positive,low_under_50,0.0,2.5089142770025807,8.781199969509032,4.143009069909006
2025,2116,7,2,5,0.2857142857142857,1;3;4;5;6,3.053847243561097,2.5042653149190492,5.558112558480146,2.5042653149190492,2.038430494569734,True,positive,low_under_50,0.0,3.053847243561097,10.688465352463838,4.687942036467522
2025,2116,7,2,5,0.2857142857142857,2;3;4;5;6,3.17189286624359,2.3862196922365566,5.558112558480146,2.3862196922365566,2.038430494569734,True,positive,low_under_50,0.0,3.17189286624359,11.101625031852565,4.8059876591500155
2025,2116,7,3,4,0.42857142857142855,0;1;2;3,-0.8316828783383012,6.3897954368184475,5.558112558480146,6.3897954368184475,1.8232276613065765,False,positive,low_under_50,0.0,-0.8316828783383012,-1.9405933827893695,0.47559295598683904
2025,2116,7,3,4,0.42857142857142855,0;1;2;4,0.7412243374969955,4.8168882209831505,5.558112558480146,4.8168882209831505,1.8232276613065765,False,positive,low_under_50,0.0,0.7412243374969955,1.729523454159656,2.048500171822136
2025,2116,7,3,4,0.42857142857142855,0;1;2;5,0.6749458991834747,4.883166659296672,5.558112558480146,4.883166659296672,1.8232276613065765,False,positive,low_under_50,0.0,0.6749458991834747,1.574873764761441,1.982221733508615
2025,2116,7,3,4,0.42857142857142855,0;1;2;6,0.9299184126674391,4.628194145812707,5.558112558480146,4.628194145812707,1.8232276613065765,False,positive,low_under_50,0.0,0.9299184126674391,2.169809629557358,2.2371942469925794
2025,2116,7,3,4,0.42857142857142855,0;1;3;4,1.286157304055512,4.271955254424634,5.558112558480146,4.271955254424634,1.8232276613065765,True,positive,low_under_50,0.0,1.286157304055512,3.0010337094628614,2.5934331383806524
2025,2116,7,3,4,0.42857142857142855,0;1;3;5,1.2198788657419912,4.3382336927381555,5.558112558480146,4.3382336927381555,1.8232276613065765,False,positive,low_under_50,0.0,1.2198788657419912,2.846384020064646,2.5271547000671317
2025,2116,7,3,4,0.42857142857142855,0;1;3;6,1.4748513792259557,4.08326117925419,5.558112558480146,4.08326117925419,1.8232276613065765,True,positive,low_under_50,0.0,1.4748513792259557,3.441319884860563,2.782127213551096
2025,2116,7,3,4,0.42857142857142855,0;1;4;5,2.792786081577288,2.7653264769028585,5.558112558480146,2.7653264769028585,1.8232276613065765,True,positive,low_under_50,0.0,2.792786081577288,6.516500857013672,4.100061915902428
2025,2116,7,3,4,0.42857142857142855,0;1;4;6,3.0477585950612522,2.5103539634188943,5.558112558480146,2.5103539634188943,1.8232276613065765,True,positive,low_under_50,0.0,3.0477585950612522,7.111436721809588,4.355034429386393
2025,2116,7,3,4,0.42857142857142855,0;1;5;6,2.9814801567477316,2.576632401732415,5.558112558480146,2.576632401732415,1.8232276613065765,True,positive,low_under_50,0.0,2.9814801567477316,6.956787032411373,4.288755991072872
2025,2116,7,3,4,0.42857142857142855,0;2;3;4,1.404202926738005,4.153909631742142,5.558112558480146,4.153909631742142,1.8232276613065765,True,positive,low_under_50,0.0,1.404202926738005,3.2764734957220116,2.7114787610631454
2025,2116,7,3,4,0.42857142857142855,0;2;3;5,1.337924488424484,4.220188070055662,5.558112558480146,4.220188070055662,1.8232276613065765,True,positive,low_under_50,0.0,1.337924488424484,3.121823806323796,2.6452003227496244
2025,2116,7,3,4,0.42857142857142855,0;2;3;6,1.5928970019084485,3.9652155565716978,5.558112558480146,3.9652155565716978,1.8232276613065765,True,positive,low_under_50,0.0,1.5928970019084485,3.716759671119713,2.9001728362335886
2025,2116,7,3,4,0.42857142857142855,0;2;4;5,2.9108317042597807,2.6472808542203654,5.558112558480146,2.6472808542203654,1.8232276613065765,True,positive,low_under_50,0.0,2.9108317042597807,6.791940643272821,4.2181075385849205
2025,2116,7,3,4,0.42857142857142855,0;2;4;6,3.1658042177437453,2.392308340736401,5.558112558480146,2.392308340736401,1.8232276613065765,True,positive,low_under_50,0.0,3.1658042177437453,7.386876508068739,4.473080052068886
2025,2116,7,3,4,0.42857142857142855,0;2;5;6,3.0995257794302242,2.458586779049922,5.558112558480146,2.458586779049922,1.8232276613065765,True,positive,low_under_50,0.0,3.0995257794302242,7.232226818670523,4.4068016137553645
2025,2116,7,3,4,0.42857142857142855,0;3;4;5,3.455764670818297,2.102347887661849,5.558112558480146,2.102347887661849,1.8232276613065765,True,positive,low_under_50,0.0,3.455764670818297,8.063450898576027,4.7630405051434375
2025,2116,7,3,4,0.42857142857142855,0;3;4;6,3.710737184302262,1.8473753741778847,5.558112558480146,1.8473753741778847,1.8232276613065765,True,positive,low_under_50,0.0,3.710737184302262,8.658386763371945,5.018013018627402
2025,2116,7,3,4,0.42857142857142855,0;3;5;6,3.6444587459887408,1.9136538124914055,5.558112558480146,1.9136538124914055,1.8232276613065765,True,positive,low_under_50,0.0,3.6444587459887408,8.50373707397373,4.951734580313881
2025,2116,7,3,4,0.42857142857142855,0;4;5;6,5.217365961824037,0.3407465966561088,5.558112558480146,0.3407465966561088,1.8232276613065765,True,positive,low_under_50,0.0,5.217365961824037,12.173853910922753,6.524641796149178
2025,2116,7,3,4,0.42857142857142855,1;2;3;4,0.5771690104832349,4.980943547996912,5.558112558480146,4.980943547996912,1.8232276613065765,False,positive,low_under_50,0.0,0.5771690104832349,1.3467276911275479,1.884444844808375
2025,2116,7,3,4,0.42857142857142855,1;2;3;5,0.5108905721697141,5.047221986310432,5.558112558480146,5.047221986310432,1.8232276613065765,False,positive,low_under_50,0.0,0.5108905721697141,1.1920780017293329,1.8181664064948544
2025,2116,7,3,4,0.42857142857142855,1;2;3;6,0.7658630856536786,4.792249472826468,5.558112558480146,4.792249472826468,1.8232276613065765,False,positive,low_under_50,0.0,0.7658630856536786,1.78701386652525,2.0731389199788186
2025,2116,7,3,4,0.42857142857142855,1;2;4;5,2.0837977880050107,3.4743147704751354,5.558112558480146,3.4743147704751354,1.8232276613065765,True,positive,low_under_50,0.0,2.0837977880050107,4.862194838678358,3.391073622330151
2025,2116,7,3,4,0.42857142857142855,1;2;4;6,2.3387703014889754,3.219342256991171,5.558112558480146,3.219342256991171,1.8232276613065765,True,positive,low_under_50,0.0,2.3387703014889754,5.457130703474276,3.6460461358141156
2025,2116,7,3,4,0.42857142857142855,1;2;5;6,2.2724918631754543,3.285620695304692,5.558112558480146,3.285620695304692,1.8232276613065765,True,positive,low_under_50,0.0,2.2724918631754543,5.3024810140760605,3.5797676975005945
2025,2116,7,3,4,0.42857142857142855,1;3;4;5,2.6287307545635272,2.929381803916619,5.558112558480146,2.929381803916619,1.8232276613065765,True,positive,low_under_50,0.0,2.6287307545635272,6.133705093981564,3.9360065888886675
2025,2116,7,3,4,0.42857142857142855,1;3;4;6,2.883703268047492,2.6744092904326546,5.558112558480146,2.6744092904326546,1.8232276613065765,True,positive,low_under_50,0.0,2.883703268047492,6.728640958777482,4.190979102372632
2025,2116,7,3,4,0.42857142857142855,1;3;5;6,2.817424829733971,2.7406877287461753,5.558112558480146,2.7406877287461753,1.8232276613065765,True,positive,low_under_50,0.0,2.817424829733971,6.573991269379266,4.124700664059111
2025,2116,7,3,4,0.42857142857142855,1;4;5;6,4.390332045569267,1.1677805129108787,5.558112558480146,1.1677805129108787,1.8232276613065765,True,positive,low_under_50,0.0,4.390332045569267,10.24410810632829,5.697607879894408
2025,2116,7,3,4,0.42857142857142855,2;3;4;5,2.7467763772460203,2.811336181234126,5.558112558480146,2.811336181234126,1.8232276613065765,True,positive,low_under_50,0.0,2.7467763772460203,6.409144880240714,4.054052211571161
2025,2116,7,3,4,0.42857142857142855,2;3;4;6,3.0017488907299845,2.556363667750162,5.558112558480146,2.556363667750162,1.8232276613065765,True,positive,low_under_50,0.0,3.0017488907299845,7.004080745036631,4.309024725055124
2025,2116,7,3,4,0.42857142857142855,2;3;5;6,2.935470452416464,2.6226421060636826,5.558112558480146,2.6226421060636826,1.8232276613065765,True,positive,low_under_50,0.0,2.935470452416464,6.849431055638416,4.242746286741604
2025,2116,7,3,4,0.42857142857142855,2;4;5;6,4.508377668251761,1.0497348902283858,5.558112558480146,1.0497348902283858,1.8232276613065765,True,positive,low_under_50,0.0,4.508377668251761,10.519547892587441,5.815653502576901
2025,2116,7,3,4,0.42857142857142855,3;4;5;6,5.053310634810277,0.5048019236698693,5.558112558480146,0.5048019236698693,1.8232276613065765,True,positive,low_under_50,0.0,5.053310634810277,11.791058147890647,6.360586469135417
2025,2116,7,4,3,0.5714285714285714,0;1;2,0.5048019236698693,5.053310634810277,5.558112558480146,5.053310634810277,1.5789614715739857,False,positive,moderate_50_to_80,0.0,0.5048019236698693,0.8834033664222714,1.4852587994137245
2025,2116,7,4,3,0.5714285714285714,0;1;3,1.0497348902283858,4.508377668251761,5.558112558480146,4.508377668251761,1.5789614715739857,False,positive,moderate_50_to_80,0.0,1.0497348902283858,1.8370360578996752,2.030191765972241
2025,2116,7,4,3,0.5714285714285714,0;1;4,2.6226421060636826,2.935470452416464,5.558112558480146,2.935470452416464,1.5789614715739857,True,positive,moderate_50_to_80,0.0,2.6226421060636826,4.5896236856114445,3.6030989818075376
2025,2116,7,4,3,0.5714285714285714,0;1;5,2.556363667750162,3.0017488907299845,5.558112558480146,3.0017488907299845,1.5789614715739857,True,positive,moderate_50_to_80,0.0,2.556363667750162,4.4736364185627835,3.5368205434940174
2025,2116,7,4,3,0.5714285714285714,0;1;6,2.811336181234126,2.7467763772460203,5.558112558480146,2.7467763772460203,1.5789614715739857,True,positive,moderate_50_to_80,0.0,2.811336181234126,4.919838317159721,3.7917930569779816
2025,2116,7,4,3,0.5714285714285714,0;2;3,1.1677805129108787,4.390332045569267,5.558112558480146,4.390332045569267,1.5789614715739857,False,positive,moderate_50_to_80,0.0,1.1677805129108787,2.0436158975940377,2.148237388654734
2025,2116,7,4,3,0.5714285714285714,0;2;4,2.7406877287461753,2.817424829733971,5.558112558480146,2.817424829733971,1.5789614715739857,True,positive,moderate_50_to_80,0.0,2.7406877287461753,4.796203525305807,3.7211446044900303
2025,2116,7,4,3,0.5714285714285714,0;2;5,2.6744092904326546,2.883703268047492,5.558112558480146,2.883703268047492,1.5789614715739857,True,positive,moderate_50_to_80,0.0,2.6744092904326546,4.680216258257145,3.65486616617651
2025,2116,7,4,3,0.5714285714285714,0;2;6,2.929381803916619,2.6287307545635272,5.558112558480146,2.6287307545635272,1.5789614715739857,True,positive,moderate_50_to_80,0.0,2.929381803916619,5.126418156854083,3.9098386796604743
2025,2116,7,4,3,0.5714285714285714,0;3;4,3.285620695304692,2.2724918631754543,5.558112558480146,2.2724918631754543,1.5789614715739857,True,positive,moderate_50_to_80,0.0,3.285620695304692,5.74983621678321,4.266077571048547
2025,2116,7,4,3,0.5714285714285714,0;3;5,3.219342256991171,2.3387703014889754,5.558112558480146,2.3387703014889754,1.5789614715739857,True,positive,moderate_50_to_80,0.0,3.219342256991171,5.633848949734549,4.199799132735026
2025,2116,7,4,3,0.5714285714285714,0;3;6,3.4743147704751354,2.0837977880050107,5.558112558480146,2.0837977880050107,1.5789614715739857,True,positive,moderate_50_to_80,0.0,3.4743147704751354,6.080050848331487,4.45477164621899
2025,2116,7,4,3,0.5714285714285714,0;4;5,4.792249472826468,0.7658630856536786,5.558112558480146,0.7658630856536786,1.5789614715739857,True,positive,moderate_50_to_80,0.0,4.792249472826468,8.386436577446318,5.772706348570323
2025,2116,7,4,3,0.5714285714285714,0;4;6,5.047221986310432,0.5108905721697141,5.558112558480146,0.5108905721697141,1.5789614715739857,True,positive,moderate_50_to_80,0.0,5.047221986310432,8.832638476043256,6.027678862054287
2025,2116,7,4,3,0.5714285714285714,0;5;6,4.980943547996912,0.5771690104832349,5.558112558480146,0.5771690104832349,1.5789614715739857,True,positive,moderate_50_to_80,0.0,4.980943547996912,8.716651208994595,5.961400423740767
2025,2116,7,4,3,0.5714285714285714,1;2;3,0.3407465966561088,5.217365961824037,5.558112558480146,5.217365961824037,1.5789614715739857,False,positive,moderate_50_to_80,0.0,0.3407465966561088,0.5963065441481904,1.321203472399964
2025,2116,7,4,3,0.5714285714285714,1;2;4,1.9136538124914055,3.6444587459887408,5.558112558480146,3.6444587459887408,1.5789614715739857,False,positive,moderate_50_to_80,0.0,1.9136538124914055,3.3488941718599596,2.8941106882352607
2025,2116,7,4,3,0.5714285714285714,1;2;5,1.8473753741778847,3.710737184302262,5.558112558480146,3.710737184302262,1.5789614715739857,False,positive,moderate_50_to_80,0.0,1.8473753741778847,3.232906904811298,2.82783224992174
2025,2116,7,4,3,0.5714285714285714,1;2;6,2.102347887661849,3.455764670818297,5.558112558480146,3.455764670818297,1.5789614715739857,True,positive,moderate_50_to_80,0.0,2.102347887661849,3.6791088034082353,3.0828047634057043
2025,2116,7,4,3,0.5714285714285714,1;3;4,2.458586779049922,3.0995257794302242,5.558112558480146,3.0995257794302242,1.5789614715739857,True,positive,moderate_50_to_80,0.0,2.458586779049922,4.302526863337363,3.4390436547937773
2025,2116,7,4,3,0.5714285714285714,1;3;5,2.392308340736401,3.1658042177437453,5.558112558480146,3.1658042177437453,1.5789614715739857,True,positive,moderate_50_to_80,0.0,2.392308340736401,4.186539596288702,3.372765216480256
2025,2116,7,4,3,0.5714285714285714,1;3;6,2.6472808542203654,2.9108317042597807,5.558112558480146,2.9108317042597807,1.5789614715739857,True,positive,moderate_50_to_80,0.0,2.6472808542203654,4.632741494885639,3.6277377299642204
2025,2116,7,4,3,0.5714285714285714,1;4;5,3.9652155565716978,1.5928970019084485,5.558112558480146,1.5928970019084485,1.5789614715739857,True,positive,moderate_50_to_80,0.0,3.9652155565716978,6.939127224000471,4.945672432315553
2025,2116,7,4,3,0.5714285714285714,1;4;6,4.220188070055662,1.337924488424484,5.558112558480146,1.337924488424484,1.5789614715739857,True,positive,moderate_50_to_80,0.0,4.220188070055662,7.385329122597408,5.200644945799517
2025,2116,7,4,3,0.5714285714285714,1;5;6,4.153909631742142,1.404202926738005,5.558112558480146,1.404202926738005,1.5789614715739857,True,positive,moderate_50_to_80,0.0,4.153909631742142,7.269341855548748,5.134366507485997
2025,2116,7,4,3,0.5714285714285714,2;3;4,2.576632401732415,2.9814801567477316,5.558112558480146,2.9814801567477316,1.5789614715739857,True,positive,moderate_50_to_80,0.0,2.576632401732415,4.509106703031726,3.55708927747627
2025,2116,7,4,3,0.5714285714285714,2;3;5,2.5103539634188943,3.0477585950612522,5.558112558480146,3.0477585950612522,1.5789614715739857,True,positive,moderate_50_to_80,0.0,2.5103539634188943,4.393119435983065,3.4908108391627497
2025,2116,7,4,3,0.5714285714285714,2;3;6,2.7653264769028585,2.792786081577288,5.558112558480146,2.792786081577288,1.5789614715739857,True,positive,moderate_50_to_80,0.0,2.7653264769028585,4.839321334580003,3.745783352646714
2025,2116,7,4,3,0.5714285714285714,2;4;5,4.08326117925419,1.4748513792259557,5.558112558480146,1.4748513792259557,1.5789614715739857,True,positive,moderate_50_to_80,0.0,4.08326117925419,7.145707063694833,5.063718054998046
2025,2116,7,4,3,0.5714285714285714,2;4;6,4.3382336927381555,1.2198788657419912,5.558112558480146,1.2198788657419912,1.5789614715739857,True,positive,moderate_50_to_80,0.0,4.3382336927381555,7.591908962291772,5.318690568482011
2025,2116,7,4,3,0.5714285714285714,2;5;6,4.271955254424634,1.286157304055512,5.558112558480146,1.286157304055512,1.5789614715739857,True,positive,moderate_50_to_80,0.0,4.271955254424634,7.475921695243111,5.25241213016849
2025,2116,7,4,3,0.5714285714285714,3;4;5,4.628194145812707,0.9299184126674391,5.558112558480146,0.9299184126674391,1.5789614715739857,True,positive,moderate_50_to_80,0.0,4.628194145812707,8.099339755172238,5.608651021556563
2025,2116,7,4,3,0.5714285714285714,3;4;6,4.883166659296672,0.6749458991834747,5.558112558480146,0.6749458991834747,1.5789614715739857,True,positive,moderate_50_to_80,0.0,4.883166659296672,8.545541653769176,5.863623535040527
2025,2116,7,4,3,0.5714285714285714,3;5;6,4.8168882209831505,0.7412243374969955,5.558112558480146,0.7412243374969955,1.5789614715739857,True,positive,moderate_50_to_80,0.0,4.8168882209831505,8.429554386720513,5.797345096727006
2025,2116,7,4,3,0.5714285714285714,4;5;6,6.3897954368184475,-0.8316828783383012,5.558112558480146,0.8316828783383012,1.5789614715739857,True,negative,moderate_50_to_80,0.0,6.3897954368184475,11.182142014432284,7.370252312562303
2025,2116,7,5,2,0.7142857142857143,0;1,2.3862196922365566,3.17189286624359,5.558112558480146,3.17189286624359,1.2892166429567702,False,positive,moderate_50_to_80,0.0,2.3862196922365566,3.3407075691311787,3.0398576093991267
2025,2116,7,5,2,0.7142857142857143,0;2,2.5042653149190492,3.053847243561097,5.558112558480146,3.053847243561097,1.2892166429567702,False,positive,moderate_50_to_80,0.0,2.5042653149190492,3.505971440886669,3.1579032320816194
2025,2116,7,5,2,0.7142857142857143,0;3,3.0491982814775658,2.5089142770025807,5.558112558480146,2.5089142770025807,1.2892166429567702,True,positive,moderate_50_to_80,0.0,3.0491982814775658,4.268877594068592,3.702836198640136
2025,2116,7,5,2,0.7142857142857143,0;4,4.622105497312862,0.9360070611672838,5.558112558480146,0.9360070611672838,1.2892166429567702,True,positive,moderate_50_to_80,0.0,4.622105497312862,6.470947696238008,5.275743414475432
2025,2116,7,5,2,0.7142857142857143,0;5,4.555827058999342,1.0022854994808046,5.558112558480146,1.0022854994808046,1.2892166429567702,True,positive,moderate_50_to_80,0.0,4.555827058999342,6.378157882599079,5.209464976161913
2025,2116,7,5,2,0.7142857142857143,0;6,4.810799572483306,0.7473129859968403,5.558112558480146,0.7473129859968403,1.2892166429567702,True,positive,moderate_50_to_80,0.0,4.810799572483306,6.735119401476629,5.464437489645876
2025,2116,7,5,2,0.7142857142857143,1;2,1.6772313986642793,3.880881159815867,5.558112558480146,3.880881159815867,1.2892166429567702,False,positive,moderate_50_to_80,0.0,1.6772313986642793,2.348123958129991,2.3308693158268494
2025,2116,7,5,2,0.7142857142857143,1;3,2.222164365222796,3.3359481932573507,5.558112558480146,3.3359481932573507,1.2892166429567702,False,positive,moderate_50_to_80,0.0,2.222164365222796,3.1110301113119143,2.875802282385366
2025,2116,7,5,2,0.7142857142857143,1;4,3.7950715810580924,1.763040977422054,5.558112558480146,1.763040977422054,1.2892166429567702,True,positive,moderate_50_to_80,0.0,3.7950715810580924,5.313100213481329,4.448709498220662
2025,2116,7,5,2,0.7142857142857143,1;5,3.7287931427445717,1.8293194157355745,5.558112558480146,1.8293194157355745,1.2892166429567702,True,positive,moderate_50_to_80,0.0,3.7287931427445717,5.2203103998424005,4.382431059907142
2025,2116,7,5,2,0.7142857142857143,1;6,3.983765656228536,1.5743469022516101,5.558112558480146,1.5743469022516101,1.2892166429567702,True,positive,moderate_50_to_80,0.0,3.983765656228536,5.57727191871995,4.637403573391106
2025,2116,7,5,2,0.7142857142857143,2;3,2.340209987905289,3.2179025705748576,5.558112558480146,3.2179025705748576,1.2892166429567702,False,positive,moderate_50_to_80,0.0,2.340209987905289,3.2762939830674043,2.993847905067859
2025,2116,7,5,2,0.7142857142857143,2;4,3.9131172037405855,1.644995354739561,5.558112558480146,1.644995354739561,1.2892166429567702,True,positive,moderate_50_to_80,0.0,3.9131172037405855,5.478364085236819,4.566755120903156
2025,2116,7,5,2,0.7142857142857143,2;5,3.846838765427065,1.7112737930530817,5.558112558480146,1.7112737930530817,1.2892166429567702,True,positive,moderate_50_to_80,0.0,3.846838765427065,5.385574271597891,4.500476682589635
2025,2116,7,5,2,0.7142857142857143,2;6,4.101811278911029,1.4563012795691175,5.558112558480146,1.4563012795691175,1.2892166429567702,True,positive,moderate_50_to_80,0.0,4.101811278911029,5.742535790475441,4.755449196073599
2025,2116,7,5,2,0.7142857142857143,3;4,4.458050170299102,1.1000623881810445,5.558112558480146,1.1000623881810445,1.2892166429567702,True,positive,moderate_50_to_80,0.0,4.458050170299102,6.241270238418743,5.111688087461673
2025,2116,7,5,2,0.7142857142857143,3;5,4.391771731985581,1.1663408264945652,5.558112558480146,1.1663408264945652,1.2892166429567702,True,positive,moderate_50_to_80,0.0,4.391771731985581,6.148480424779813,5.0454096491481515
2025,2116,7,5,2,0.7142857142857143,3;6,4.646744245469545,0.9113683130106008,5.558112558480146,0.9113683130106008,1.2892166429567702,True,positive,moderate_50_to_80,0.0,4.646744245469545,6.505441943657362,5.300382162632115
2025,2116,7,5,2,0.7142857142857143,4;5,5.964678947820878,-0.40656638934073147,5.558112558480146,0.40656638934073147,1.2892166429567702,True,negative,moderate_50_to_80,0.0,5.964678947820878,8.35055052694923,6.6183168649834485
2025,2116,7,5,2,0.7142857142857143,4;6,6.219651461304842,-0.6615389028246959,5.558112558480146,0.6615389028246959,1.2892166429567702,True,negative,moderate_50_to_80,0.0,6.219651461304842,8.707512045826778,6.873289378467412
2025,2116,7,5,2,0.7142857142857143,5;6,6.153373022991321,-0.5952604645111751,5.558112558480146,0.5952604645111751,1.2892166429567702,True,negative,moderate_50_to_80,0.0,6.153373022991321,8.61472223218785,6.807010940153891
2025,2116,7,6,1,0.8571428571428571,0,4.385683083485737,1.17242947499441,5.558112558480146,1.17242947499441,0.9116138306532883,True,positive,high_80_plus,0.0,4.385683083485737,5.116630264066693,4.712502042067022
2025,2116,7,6,1,0.8571428571428571,1,3.5586491672309664,1.99946339124918,5.558112558480146,1.99946339124918,0.9116138306532883,False,positive,high_80_plus,0.0,3.5586491672309664,4.1517573617694605,3.8854681258122516
2025,2116,7,6,1,0.8571428571428571,2,3.6766947899134594,1.881417768566687,5.558112558480146,1.881417768566687,0.9116138306532883,False,positive,high_80_plus,0.0,3.6766947899134594,4.289477254899036,4.003513748494744
2025,2116,7,6,1,0.8571428571428571,3,4.2216277564719755,1.3364848020081705,5.558112558480146,1.3364848020081705,0.9116138306532883,True,positive,high_80_plus,0.0,4.2216277564719755,4.9252323825506386,4.54844671505326
2025,2116,7,6,1,0.8571428571428571,4,5.7945349723072725,-0.23642241382712612,5.558112558480146,0.23642241382712612,0.9116138306532883,True,negative,high_80_plus,0.0,5.7945349723072725,6.760290801025151,6.121353930888557
2025,2116,7,6,1,0.8571428571428571,5,5.7282565339937515,-0.17014397551360536,5.558112558480146,0.17014397551360536,0.9116138306532883,True,negative,high_80_plus,0.0,5.7282565339937515,6.6829659563260435,6.055075492575036
2025,2116,7,6,1,0.8571428571428571,6,5.983229047477716,-0.4251164889975697,5.558112558480146,0.4251164889975697,0.9116138306532883,True,negative,high_80_plus,0.0,5.983229047477716,6.980433888724002,6.3100480060590005
2025,2132,4,1,3,0.25,0;1;2,1.7000587317207276,4.1278116164497565,5.827870348170484,4.1278116164497565,1.5789614715739857,False,positive,low_under_50,0.0,1.7000587317207276,6.8002349268829105,2.680515607464583
2025,2132,4,1,3,0.25,0;1;3,1.4768978019744943,4.35097254619599,5.827870348170484,4.35097254619599,1.5789614715739857,False,positive,low_under_50,0.0,1.4768978019744943,5.907591207897977,2.4573546777183495
2025,2132,4,1,3,0.25,0;2;3,2.3370699548167377,3.4908003933537466,5.827870348170484,3.4908003933537466,1.5789614715739857,True,positive,low_under_50,0.0,2.3370699548167377,9.348279819266951,3.3175268305605927
2025,2132,4,1,3,0.25,1;2;3,0.3138438596585246,5.514026488511959,5.827870348170484,5.514026488511959,1.5789614715739857,False,positive,low_under_50,0.0,0.3138438596585246,1.2553754386340985,1.2943007354023799
2025,2132,4,2,2,0.5,0;1,3.176956533695222,2.6509138144752624,5.827870348170484,2.6509138144752624,1.2892166429567702,True,positive,moderate_50_to_80,0.0,3.176956533695222,6.353913067390444,3.830594450857792
2025,2132,4,2,2,0.5,0;2,4.037128686537465,1.790741661633019,5.827870348170484,1.790741661633019,1.2892166429567702,True,positive,moderate_50_to_80,0.0,4.037128686537465,8.07425737307493,4.690766603700036
2025,2132,4,2,2,0.5,0;3,3.8139677567912322,2.013902591379252,5.827870348170484,2.013902591379252,1.2892166429567702,True,positive,moderate_50_to_80,0.0,3.8139677567912322,7.6279355135824645,4.467605673953802
2025,2132,4,2,2,0.5,1;2,2.013902591379252,3.8139677567912322,5.827870348170484,3.8139677567912322,1.2892166429567702,False,positive,moderate_50_to_80,0.0,2.013902591379252,4.027805182758504,2.6675405085418222
2025,2132,4,2,2,0.5,1;3,1.790741661633019,4.037128686537465,5.827870348170484,4.037128686537465,1.2892166429567702,False,positive,moderate_50_to_80,0.0,1.790741661633019,3.581483323266038,2.444379578795589
2025,2132,4,2,2,0.5,2;3,2.6509138144752624,3.176956533695222,5.827870348170484,3.176956533695222,1.2892166429567702,False,positive,moderate_50_to_80,0.0,2.6509138144752624,5.301827628950525,3.3045517316378326
2025,2132,4,3,1,0.75,0,5.514026488511959,0.3138438596585246,5.827870348170484,0.3138438596585246,0.9116138306532883,True,positive,moderate_50_to_80,0.0,5.514026488511959,7.352035318015946,5.840845447093244
2025,2132,4,3,1,0.75,1,3.4908003933537466,2.3370699548167377,5.827870348170484,2.3370699548167377,0.9116138306532883,False,positive,moderate_50_to_80,0.0,3.4908003933537466,4.654400524471662,3.817619351935032
2025,2132,4,3,1,0.75,2,4.35097254619599,1.4768978019744943,5.827870348170484,1.4768978019744943,0.9116138306532883,True,positive,moderate_50_to_80,0.0,4.35097254619599,5.80129672826132,4.677791504777275
2025,2132,4,3,1,0.75,3,4.1278116164497565,1.7000587317207276,5.827870348170484,1.7000587317207276,0.9116138306532883,True,positive,moderate_50_to_80,0.0,4.1278116164497565,5.503748821933009,4.454630575031041
2025,2199,2,1,1,0.5,0,0.3243383035728539,-0.23691095222950645,0.08742735134334748,0.23691095222950645,0.9116138306532883,True,negative,moderate_50_to_80,0.0,0.3243383035728539,0.6486766071457079,0.651157262154139
2025,2199,2,1,1,0.5,1,-0.23691095222950645,0.3243383035728539,0.08742735134334748,0.3243383035728539,0.9116138306532883,True,positive,moderate_50_to_80,0.0,-0.23691095222950645,-0.4738219044590129,0.08990800635177862
2025,2229,4,1,3,0.25,0;1;2,1.9158557212564382,-2.0796981924923728,-0.16384247123593465,2.0796981924923728,1.5789614715739857,False,negative,low_under_50,0.0,1.9158557212564382,7.663422885025753,2.8963125970002936
2025,2229,4,1,3,0.25,0;1;3,-0.7468559791974352,0.5830135079615005,-0.16384247123593465,0.5830135079615005,1.5789614715739857,True,positive,low_under_50,0.0,-0.7468559791974352,-2.9874239167897407,0.23360089654642002
2025,2229,4,1,3,0.25,0;2;3,-0.7468559791974352,0.5830135079615005,-0.16384247123593465,0.5830135079615005,1.5789614715739857,True,positive,low_under_50,0.0,-0.7468559791974352,-2.9874239167897407,0.23360089654642002
2025,2229,4,1,3,0.25,1;2;3,-0.5859862340975025,0.42214376286156785,-0.16384247123593465,0.42214376286156785,1.5789614715739857,True,positive,low_under_50,0.0,-0.5859862340975025,-2.34394493639001,0.3944706416463527
2025,2229,4,2,2,0.5,0;1,1.168999742059003,-1.3328422132949376,-0.16384247123593465,1.3328422132949376,1.2892166429567702,True,negative,moderate_50_to_80,0.0,1.168999742059003,2.337999484118006,1.8226376592215732
2025,2229,4,2,2,0.5,0;2,1.168999742059003,-1.3328422132949376,-0.16384247123593465,1.3328422132949376,1.2892166429567702,True,negative,moderate_50_to_80,0.0,1.168999742059003,2.337999484118006,1.8226376592215732
2025,2229,4,2,2,0.5,0;3,-1.4937119583948704,1.3298694871589358,-0.16384247123593465,1.3298694871589358,1.2892166429567702,True,positive,moderate_50_to_80,0.0,-1.4937119583948704,-2.9874239167897407,-0.8400740412323002
2025,2229,4,2,2,0.5,1;2,1.3298694871589358,-1.4937119583948704,-0.16384247123593465,1.4937119583948704,1.2892166429567702,False,negative,moderate_50_to_80,0.0,1.3298694871589358,2.6597389743178717,1.983507404321506
2025,2229,4,2,2,0.5,1;3,-1.3328422132949376,1.168999742059003,-0.16384247123593465,1.168999742059003,1.2892166429567702,True,positive,moderate_50_to_80,0.0,-1.3328422132949376,-2.665684426589875,-0.6792042961323674
2025,2229,4,2,2,0.5,2;3,-1.3328422132949376,1.168999742059003,-0.16384247123593465,1.168999742059003,1.2892166429567702,True,positive,moderate_50_to_80,0.0,-1.3328422132949376,-2.665684426589875,-0.6792042961323674
2025,2229,4,3,1,0.75,0,0.42214376286156785,-0.5859862340975025,-0.16384247123593465,0.5859862340975025,0.9116138306532883,True,negative,moderate_50_to_80,0.0,0.42214376286156785,0.5628583504820904,0.7489627214428529
2025,2229,4,3,1,0.75,1,0.5830135079615005,-0.7468559791974352,-0.16384247123593465,0.7468559791974352,0.9116138306532883,True,negative,moderate_50_to_80,0.0,0.5830135079615005,0.7773513439486673,0.9098324665427856
2025,2229,4,3,1,0.75,2,0.5830135079615005,-0.7468559791974352,-0.16384247123593465,0.7468559791974352,0.9116138306532883,True,negative,moderate_50_to_80,0.0,0.5830135079615005,0.7773513439486673,0.9098324665427856
2025,2229,4,3,1,0.75,3,-2.0796981924923728,1.9158557212564382,-0.16384247123593465,1.9158557212564382,0.9116138306532883,False,positive,moderate_50_to_80,0.0,-2.0796981924923728,-2.772930923323164,-1.7528792339110877
2025,2294,2,1,1,0.5,0,-0.5859862340975025,-0.23642241382712612,-0.8224086479246286,0.23642241382712612,0.9116138306532883,True,negative,moderate_50_to_80,0.0,-0.5859862340975025,-1.171972468195005,-0.25916727551621743
2025,2294,2,1,1,0.5,1,-0.23642241382712612,-0.5859862340975025,-0.8224086479246286,0.5859862340975025,0.9116138306532883,True,negative,moderate_50_to_80,0.0,-0.23642241382712612,-0.47284482765425223,0.09039654475415895
2025,23,2,1,1,0.5,0,-0.7468559791974352,-0.7468559791974352,-1.4937119583948704,0.7468559791974352,0.9116138306532883,True,negative,moderate_50_to_80,0.0,-0.7468559791974352,-1.4937119583948704,-0.4200370206161501
2025,23,2,1,1,0.5,1,-0.7468559791974352,-0.7468559791974352,-1.4937119583948704,0.7468559791974352,0.9116138306532883,True,negative,moderate_50_to_80,0.0,-0.7468559791974352,-1.4937119583948704,-0.4200370206161501
2025,2305,5,1,4,0.2,0;1;2;3,-0.5859862340975025,0.30559473362958145,-0.28039150046792105,0.30559473362958145,1.8232276613065765,True,positive,low_under_50,0.0,-0.5859862340975025,-2.9299311704875124,0.7212896002276378
2025,2305,5,1,4,0.2,0;1;2;4,-0.7468559791974352,0.46646447872951413,-0.28039150046792105,0.46646447872951413,1.8232276613065765,True,positive,low_under_50,0.0,-0.7468559791974352,-3.734279895987176,0.5604198551277051
2025,2305,5,1,4,0.2,0;1;3;4,1.2093770442677307,-1.489768544735652,-0.28039150046792105,1.489768544735652,1.8232276613065765,True,negative,low_under_50,0.0,1.2093770442677307,6.046885221338654,2.516652878592871
2025,2305,5,1,4,0.2,0;2;3;4,-0.49188346571347086,0.2114919652455498,-0.28039150046792105,0.2114919652455498,1.8232276613065765,True,positive,low_under_50,0.0,-0.49188346571347086,-2.4594173285673544,0.8153923686116694
2025,2305,5,1,4,0.2,1;2;3;4,0.33495713427275675,-0.6153486347406778,-0.28039150046792105,0.6153486347406778,1.8232276613065765,True,negative,low_under_50,0.0,0.33495713427275675,1.6747856713637836,1.642232968597897
2025,2305,5,2,3,0.4,0;1;2,-1.3328422132949376,1.0524507128270166,-0.28039150046792105,1.0524507128270166,1.5789614715739857,True,positive,low_under_50,0.0,-1.3328422132949376,-3.332105533237344,-0.35238533755108237
2025,2305,5,2,3,0.4,0;1;3,0.6233908101702282,-0.9037823106381493,-0.28039150046792105,0.9037823106381493,1.5789614715739857,True,negative,low_under_50,0.0,0.6233908101702282,1.5584770254255707,1.6038476859140833
2025,2305,5,2,3,0.4,0;1;4,0.46252106507029556,-0.7429125655382166,-0.28039150046792105,0.7429125655382166,1.5789614715739857,True,negative,low_under_50,0.0,0.46252106507029556,1.156302662675739,1.4429779408141508
2025,2305,5,2,3,0.4,0;2;3,-1.0778696998109734,0.7974781993430523,-0.28039150046792105,0.7974781993430523,1.5789614715739857,True,positive,low_under_50,0.0,-1.0778696998109734,-2.6946742495274334,-0.09741282406711815
2025,2305,5,2,3,0.4,0;2;4,-1.2387394449109062,0.958347944442985,-0.28039150046792105,0.958347944442985,1.5789614715739857,True,positive,low_under_50,0.0,-1.2387394449109062,-3.0968486122772654,-0.25828256916705095
2025,2305,5,2,3,0.4,0;3;4,0.7174935785542599,-0.9978850790221809,-0.28039150046792105,0.9978850790221809,1.5789614715739857,True,negative,low_under_50,0.0,0.7174935785542599,1.7937339463856496,1.6979504542981152
2025,2305,5,2,3,0.4,1;2;3,-0.25102909982474575,-0.0293624006431753,-0.28039150046792105,0.0293624006431753,1.5789614715739857,True,negative,low_under_50,0.0,-0.25102909982474575,-0.6275727495618644,0.7294277759191095
2025,2305,5,2,3,0.4,1;2;4,-0.41189884492467843,0.13150734445675738,-0.28039150046792105,0.13150734445675738,1.5789614715739857,True,positive,low_under_50,0.0,-0.41189884492467843,-1.0297471123116961,0.5685580308191768
2025,2305,5,2,3,0.4,1;3;4,1.5443341785404874,-1.8247256790084085,-0.28039150046792105,1.8247256790084085,1.5789614715739857,False,negative,low_under_50,0.0,1.5443341785404874,3.8608354463512184,2.524791054284343
2025,2305,5,2,3,0.4,2;3;4,-0.1569263314407141,-0.12346516902720694,-0.28039150046792105,0.12346516902720694,1.5789614715739857,True,negative,low_under_50,0.0,-0.1569263314407141,-0.39231582860178527,0.8235305443031411
2025,2305,5,3,2,0.6,0;1,-0.12346516902720694,-0.1569263314407141,-0.28039150046792105,0.1569263314407141,1.2892166429567702,True,negative,moderate_50_to_80,0.0,-0.12346516902720694,-0.20577528171201157,0.5301727481353632
2025,2305,5,3,2,0.6,0;2,-1.8247256790084085,1.5443341785404874,-0.28039150046792105,1.5443341785404874,1.2892166429567702,True,positive,moderate_50_to_80,0.0,-1.8247256790084085,-3.0412094650140147,-1.1710877618458384
2025,2305,5,3,2,0.6,0;3,0.13150734445675738,-0.41189884492467843,-0.28039150046792105,0.41189884492467843,1.2892166429567702,True,negative,moderate_50_to_80,0.0,0.13150734445675738,0.21917890742792898,0.7851452616193275
2025,2305,5,3,2,0.6,0;4,-0.0293624006431753,-0.25102909982474575,-0.28039150046792105,0.25102909982474575,1.2892166429567702,True,negative,moderate_50_to_80,0.0,-0.0293624006431753,-0.04893733440529217,0.6242755165193948
2025,2305,5,3,2,0.6,1;2,-0.9978850790221809,0.7174935785542599,-0.28039150046792105,0.7174935785542599,1.2892166429567702,True,positive,moderate_50_to_80,0.0,-0.9978850790221809,-1.6631417983703016,-0.3442471618596108
2025,2305,5,3,2,0.6,1;3,0.958347944442985,-1.2387394449109062,-0.28039150046792105,1.2387394449109062,1.2892166429567702,True,negative,moderate_50_to_80,0.0,0.958347944442985,1.5972465740716417,1.6119858616055551
2025,2305,5,3,2,0.6,1;4,0.7974781993430523,-1.0778696998109734,-0.28039150046792105,1.0778696998109734,1.2892166429567702,True,negative,moderate_50_to_80,0.0,0.7974781993430523,1.3291303322384205,1.4511161165056223
2025,2305,5,3,2,0.6,2;3,-0.7429125655382166,0.46252106507029556,-0.28039150046792105,0.46252106507029556,1.2892166429567702,True,positive,moderate_50_to_80,0.0,-0.7429125655382166,-1.238187609230361,-0.08927464837564647
2025,2305,5,3,2,0.6,2;4,-0.9037823106381493,0.6233908101702282,-0.28039150046792105,0.6233908101702282,1.2892166429567702,True,positive,moderate_50_to_80,0.0,-0.9037823106381493,-1.5063038510635822,-0.25014439347557915
2025,2305,5,3,2,0.6,3;4,1.0524507128270166,-1.3328422132949376,-0.28039150046792105,1.3328422132949376,1.2892166429567702,True,negative,moderate_50_to_80,0.0,1.0524507128270166,1.754084521378361,1.7060886299895868
2025,2305,5,4,1,0.8,0,-0.6153486347406778,0.33495713427275675,-0.28039150046792105,0.33495713427275675,0.9116138306532883,True,positive,high_80_plus,0.0,-0.6153486347406778,-0.7691857934258473,-0.28852967615939273
2025,2305,5,4,1,0.8,1,0.2114919652455498,-0.49188346571347086,-0.28039150046792105,0.49188346571347086,0.9116138306532883,True,negative,high_80_plus,0.0,0.2114919652455498,0.26436495655693726,0.5383109238268349
2025,2305,5,4,1,0.8,2,-1.489768544735652,1.2093770442677307,-0.28039150046792105,1.2093770442677307,0.9116138306532883,True,positive,high_80_plus,0.0,-1.489768544735652,-1.8622106809195649,-1.1629495861543668
2025,2305,5,4,1,0.8,3,0.46646447872951413,-0.7468559791974352,-0.28039150046792105,0.7468559791974352,0.9116138306532883,True,negative,high_80_plus,0.0,0.46646447872951413,0.5830805984118926,0.7932834373107992
2025,2305,5,4,1,0.8,4,0.30559473362958145,-0.5859862340975025,-0.28039150046792105,0.5859862340975025,0.9116138306532883,True,negative,high_80_plus,0.0,0.30559473362958145,0.3819934170369768,0.6324136922108665
2025,238,2,1,1,0.5,0,0.13613276680479064,0.609281350471881,0.7454141172766717,0.609281350471881,0.9116138306532883,True,positive,moderate_50_to_80,0.0,0.13613276680479064,0.2722655336095813,0.4629517253860757
2025,238,2,1,1,0.5,1,0.609281350471881,0.13613276680479064,0.7454141172766717,0.13613276680479064,0.9116138306532883,True,positive,moderate_50_to_80,0.0,0.609281350471881,1.218562700943762,0.9361003090531661
2025,242,2,1,1,0.5,0,0.16377075813894174,1.43490173299106,1.5986724911300019,1.43490173299106,0.9116138306532883,True,positive,moderate_50_to_80,0.0,0.16377075813894174,0.32754151627788347,0.4905897167202268
2025,242,2,1,1,0.5,1,1.43490173299106,0.16377075813894174,1.5986724911300019,0.16377075813894174,0.9116138306532883,True,positive,moderate_50_to_80,0.0,1.43490173299106,2.86980346598212,1.7617206915723451
2025,2433,3,1,2,0.3333333333333333,0;1,0.5965598068887408,-1.139603103739323,-0.5430432968505824,1.139603103739323,1.2892166429567702,True,negative,low_under_50,0.0,0.5965598068887408,1.7896794206662223,1.250197724051311
2025,2433,3,1,2,0.3333333333333333,0;2,-0.392747124541888,-0.1502961723086944,-0.5430432968505824,0.1502961723086944,1.2892166429567702,True,negative,low_under_50,0.0,-0.392747124541888,-1.178241373625664,0.26089079262068215
2025,2433,3,1,2,0.3333333333333333,1;2,-0.7468559791974352,0.2038126823468528,-0.5430432968505824,0.2038126823468528,1.2892166429567702,True,positive,low_under_50,0.0,-0.7468559791974352,-2.2405679375923055,-0.09321806203486505
2025,2433,3,2,1,0.6666666666666666,0,0.2038126823468528,-0.7468559791974352,-0.5430432968505824,0.7468559791974352,0.9116138306532883,True,negative,moderate_50_to_80,0.0,0.2038126823468528,0.3057190235202792,0.5306316409281379
2025,2433,3,2,1,0.6666666666666666,1,-0.1502961723086944,-0.392747124541888,-0.5430432968505824,0.392747124541888,0.9116138306532883,True,negative,moderate_50_to_80,0.0,-0.1502961723086944,-0.2254442584630416,0.17652278627259066
2025,2433,3,2,1,0.6666666666666666,2,-1.139603103739323,0.5965598068887408,-0.5430432968505824,0.5965598068887408,0.9116138306532883,True,positive,moderate_50_to_80,0.0,-1.139603103739323,-1.7094046556089846,-0.812784145158038
2025,2439,7,1,6,0.14285714285714285,0;1;2;3;4;5,1.8197561159553148,-0.8357592544994451,0.9839968614558697,0.8357592544994451,2.2329887275645106,True,negative,low_under_50,0.0,1.8197561159553148,12.738292811687204,3.7806698674430255
2025,2439,7,1,6,0.14285714285714285,0;1;2;3;4;6,0.6321765021815204,0.3518203592743493,0.9839968614558697,0.3518203592743493,2.2329887275645106,True,positive,low_under_50,0.0,0.6321765021815204,4.425235515270643,2.5930902536692306
2025,2439,7,1,6,0.14285714285714285,0;1;2;3;5;6,1.1977486699089097,-0.21375180845303998,0.9839968614558697,0.21375180845303998,2.2329887275645106,True,negative,low_under_50,0.0,1.1977486699089097,8.384240689362368,3.1586624213966203
2025,2439,7,1,6,0.14285714285714285,0;1;2;4;5;6,-0.4251164889975697,1.4091133504534394,0.9839968614558697,1.4091133504534394,2.2329887275645106,True,positive,low_under_50,0.0,-0.4251164889975697,-2.975815422982988,1.5357972624901408
2025,2439,7,1,6,0.14285714285714285,0;1;3;4;5;6,-0.7468559791974352,1.7308528406533048,0.9839968614558697,1.7308528406533048,2.2329887275645106,True,positive,low_under_50,0.0,-0.7468559791974352,-5.227991854382046,1.2140577722902752
2025,2439,7,1,6,0.14285714285714285,0;2;3;4;5;6,-0.7468559791974352,1.7308528406533048,0.9839968614558697,1.7308528406533048,2.2329887275645106,True,positive,low_under_50,0.0,-0.7468559791974352,-5.227991854382046,1.2140577722902752
2025,2439,7,1,6,0.14285714285714285,1;2;3;4;5;6,-0.7468559791974352,1.7308528406533048,0.9839968614558697,1.7308528406533048,2.2329887275645106,True,positive,low_under_50,0.0,-0.7468559791974352,-5.227991854382046,1.2140577722902752
2025,2439,7,2,5,0.2857142857142857,0;1;2;3;4,2.4519326181368353,-1.4679357566809657,0.9839968614558697,1.4679357566809657,2.038430494569734,True,negative,low_under_50,0.0,2.4519326181368353,8.581764163478923,4.08602741104326
2025,2439,7,2,5,0.2857142857142857,0;1;2;3;5,3.0175047858642245,-2.033507924408355,0.9839968614558697,2.033507924408355,2.038430494569734,False,negative,low_under_50,0.0,3.0175047858642245,10.561266750524785,4.65159957877065
2025,2439,7,2,5,0.2857142857142857,0;1;2;3;6,1.8299251720904302,-0.8459283106345604,0.9839968614558697,0.8459283106345604,2.038430494569734,True,negative,low_under_50,0.0,1.8299251720904302,6.4047381023165055,3.4640199649968553
2025,2439,7,2,5,0.2857142857142857,0;1;2;4;5,1.394639626957745,-0.4106427655018754,0.9839968614558697,0.4106427655018754,2.038430494569734,True,negative,low_under_50,0.0,1.394639626957745,4.881238694352108,3.02873441986417
2025,2439,7,2,5,0.2857142857142857,0;1;2;4;6,0.20706001318395073,0.776936848271919,0.9839968614558697,0.776936848271919,2.038430494569734,True,positive,low_under_50,0.0,0.20706001318395073,0.7247100461438276,1.8411548060903762
2025,2439,7,2,5,0.2857142857142857,0;1;2;5;6,0.77263218091134,0.21136468054452973,0.9839968614558697,0.21136468054452973,2.038430494569734,True,positive,low_under_50,0.0,0.77263218091134,2.70421263318969,2.4067269738177655
2025,2439,7,2,5,0.2857142857142857,0;1;3;4;5,1.0729001367578797,-0.08890327530200992,0.9839968614558697,0.08890327530200992,2.038430494569734,True,negative,low_under_50,0.0,1.0729001367578797,3.755150478652579,2.706994929664305
2025,2439,7,2,5,0.2857142857142857,0;1;3;4;6,-0.11467947701591474,1.0986763384717846,0.9839968614558697,1.0986763384717846,2.038430494569734,True,positive,low_under_50,0.0,-0.11467947701591474,-0.4013781695557016,1.5194153158905106
2025,2439,7,2,5,0.2857142857142857,0;1;3;5;6,0.45089269071147453,0.5331041707443952,0.9839968614558697,0.5331041707443952,2.038430494569734,True,positive,low_under_50,0.0,0.45089269071147453,1.578124417490161,2.0849874836179
2025,2439,7,2,5,0.2857142857142857,0;1;4;5;6,-1.1719724681950048,2.1559693296508744,0.9839968614558697,2.1559693296508744,2.038430494569734,True,positive,low_under_50,0.0,-1.1719724681950048,-4.101903638682517,0.46212232471142056
2025,2439,7,2,5,0.2857142857142857,0;2;3;4;5,1.0729001367578797,-0.08890327530200992,0.9839968614558697,0.08890327530200992,2.038430494569734,True,negative,low_under_50,0.0,1.0729001367578797,3.755150478652579,2.706994929664305
2025,2439,7,2,5,0.2857142857142857,0;2;3;4;6,-0.11467947701591474,1.0986763384717846,0.9839968614558697,1.0986763384717846,2.038430494569734,True,positive,low_under_50,0.0,-0.11467947701591474,-0.4013781695557016,1.5194153158905106
2025,2439,7,2,5,0.2857142857142857,0;2;3;5;6,0.45089269071147453,0.5331041707443952,0.9839968614558697,0.5331041707443952,2.038430494569734,True,positive,low_under_50,0.0,0.45089269071147453,1.578124417490161,2.0849874836179
2025,2439,7,2,5,0.2857142857142857,0;2;4;5;6,-1.1719724681950048,2.1559693296508744,0.9839968614558697,2.1559693296508744,2.038430494569734,True,positive,low_under_50,0.0,-1.1719724681950048,-4.101903638682517,0.46212232471142056
2025,2439,7,2,5,0.2857142857142857,0;3;4;5;6,-1.4937119583948704,2.47770881985074,0.9839968614558697,2.47770881985074,2.038430494569734,True,positive,low_under_50,0.0,-1.4937119583948704,-5.227991854382046,0.14038283451155498
2025,2439,7,2,5,0.2857142857142857,1;2;3;4;5,1.0729001367578797,-0.08890327530200992,0.9839968614558697,0.08890327530200992,2.038430494569734,True,negative,low_under_50,0.0,1.0729001367578797,3.755150478652579,2.706994929664305
2025,2439,7,2,5,0.2857142857142857,1;2;3;4;6,-0.11467947701591474,1.0986763384717846,0.9839968614558697,1.0986763384717846,2.038430494569734,True,positive,low_under_50,0.0,-0.11467947701591474,-0.4013781695557016,1.5194153158905106
2025,2439,7,2,5,0.2857142857142857,1;2;3;5;6,0.45089269071147453,0.5331041707443952,0.9839968614558697,0.5331041707443952,2.038430494569734,True,positive,low_under_50,0.0,0.45089269071147453,1.578124417490161,2.0849874836179
2025,2439,7,2,5,0.2857142857142857,1;2;4;5;6,-1.1719724681950048,2.1559693296508744,0.9839968614558697,2.1559693296508744,2.038430494569734,True,positive,low_under_50,0.0,-1.1719724681950048,-4.101903638682517,0.46212232471142056
2025,2439,7,2,5,0.2857142857142857,1;3;4;5;6,-1.4937119583948704,2.47770881985074,0.9839968614558697,2.47770881985074,2.038430494569734,True,positive,low_under_50,0.0,-1.4937119583948704,-5.227991854382046,0.14038283451155498
2025,2439,7,2,5,0.2857142857142857,2;3;4;5;6,-1.4937119583948704,2.47770881985074,0.9839968614558697,2.47770881985074,2.038430494569734,True,positive,low_under_50,0.0,-1.4937119583948704,-5.227991854382046,0.14038283451155498
2025,2439,7,3,4,0.42857142857142855,0;1;2;3,3.6496812880457448,-2.665684426589875,0.9839968614558697,2.665684426589875,1.8232276613065765,False,negative,low_under_50,0.0,3.6496812880457448,8.51592300544007,4.956957122370885
2025,2439,7,3,4,0.42857142857142855,0;1;2;4,2.0268161291392657,-1.0428192676833958,0.9839968614558697,1.0428192676833958,1.8232276613065765,True,negative,low_under_50,0.0,2.0268161291392657,4.729237634658286,3.334091963464406
2025,2439,7,3,4,0.42857142857142855,0;1;2;5,2.592388296866655,-1.608391435410785,0.9839968614558697,1.608391435410785,1.8232276613065765,True,negative,low_under_50,0.0,2.592388296866655,6.048906026022195,3.8996641311917952
2025,2439,7,3,4,0.42857142857142855,0;1;2;6,1.4048086830928606,-0.4208118216369907,0.9839968614558697,0.4208118216369907,1.8232276613065765,True,negative,low_under_50,0.0,1.4048086830928606,3.277886927216675,2.712084517418001
2025,2439,7,3,4,0.42857142857142855,0;1;3;4,1.7050766389394,-0.7210797774835304,0.9839968614558697,0.7210797774835304,1.8232276613065765,True,negative,low_under_50,0.0,1.7050766389394,3.9785121575252673,3.0123524732645404
2025,2439,7,3,4,0.42857142857142855,0;1;3;5,2.2706488066667894,-1.2866519452109197,0.9839968614558697,1.2866519452109197,1.8232276613065765,True,negative,low_under_50,0.0,2.2706488066667894,5.298180548889175,3.5779246409919296
2025,2439,7,3,4,0.42857142857142855,0;1;3;6,1.083069192892995,-0.09907233143712524,0.9839968614558697,0.09907233143712524,1.8232276613065765,True,negative,low_under_50,0.0,1.083069192892995,2.527161450083655,2.3903450272181352
2025,2439,7,3,4,0.42857142857142855,0;1;4;5,0.6477836477603099,0.3362132136955598,0.9839968614558697,0.3362132136955598,1.8232276613065765,True,positive,low_under_50,0.0,0.6477836477603099,1.51149517810739,1.95505948208545
2025,2439,7,3,4,0.42857142857142855,0;1;4;6,-0.5397959660134845,1.5237928274693542,0.9839968614558697,1.5237928274693542,1.8232276613065765,True,positive,low_under_50,0.0,-0.5397959660134845,-1.2595239206981304,0.7674798683116558
2025,2439,7,3,4,0.42857142857142855,0;1;5;6,0.025776201713904823,0.9582206597419649,0.9839968614558697,0.9582206597419649,1.8232276613065765,True,positive,low_under_50,0.0,0.025776201713904823,0.06014447066577792,1.333052036039045
2025,2439,7,3,4,0.42857142857142855,0;2;3;4,1.7050766389394,-0.7210797774835304,0.9839968614558697,0.7210797774835304,1.8232276613065765,True,negative,low_under_50,0.0,1.7050766389394,3.9785121575252673,3.0123524732645404
2025,2439,7,3,4,0.42857142857142855,0;2;3;5,2.2706488066667894,-1.2866519452109197,0.9839968614558697,1.2866519452109197,1.8232276613065765,True,negative,low_under_50,0.0,2.2706488066667894,5.298180548889175,3.5779246409919296
2025,2439,7,3,4,0.42857142857142855,0;2;3;6,1.083069192892995,-0.09907233143712524,0.9839968614558697,0.09907233143712524,1.8232276613065765,True,negative,low_under_50,0.0,1.083069192892995,2.527161450083655,2.3903450272181352
2025,2439,7,3,4,0.42857142857142855,0;2;4;5,0.6477836477603099,0.3362132136955598,0.9839968614558697,0.3362132136955598,1.8232276613065765,True,positive,low_under_50,0.0,0.6477836477603099,1.51149517810739,1.95505948208545
2025,2439,7,3,4,0.42857142857142855,0;2;4;6,-0.5397959660134845,1.5237928274693542,0.9839968614558697,1.5237928274693542,1.8232276613065765,True,positive,low_under_50,0.0,-0.5397959660134845,-1.2595239206981304,0.7674798683116558
2025,2439,7,3,4,0.42857142857142855,0;2;5;6,0.025776201713904823,0.9582206597419649,0.9839968614558697,0.9582206597419649,1.8232276613065765,True,positive,low_under_50,0.0,0.025776201713904823,0.06014447066577792,1.333052036039045
2025,2439,7,3,4,0.42857142857142855,0;3;4;5,0.32604415756044447,0.6579527038954253,0.9839968614558697,0.6579527038954253,1.8232276613065765,True,positive,low_under_50,0.0,0.32604415756044447,0.7607697009743705,1.6333199918855847
2025,2439,7,3,4,0.42857142857142855,0;3;4;6,-0.8615354562133499,1.8455323176692198,0.9839968614558697,1.8455323176692198,1.8232276613065765,True,positive,low_under_50,0.0,-0.8615354562133499,-2.0102493978311498,0.44574037811179035
2025,2439,7,3,4,0.42857142857142855,0;3;5;6,-0.29596328848596065,1.2799601499418305,0.9839968614558697,1.2799601499418305,1.8232276613065765,True,positive,low_under_50,0.0,-0.29596328848596065,-0.6905810064672414,1.0113125458391796
2025,2439,7,3,4,0.42857142857142855,0;4;5;6,-1.91882844739244,2.9028253088483096,0.9839968614558697,2.9028253088483096,1.8232276613065765,True,positive,low_under_50,0.0,-1.91882844739244,-4.477266377249027,-0.6115526130672997
2025,2439,7,3,4,0.42857142857142855,1;2;3;4,1.7050766389394,-0.7210797774835304,0.9839968614558697,0.7210797774835304,1.8232276613065765,True,negative,low_under_50,0.0,1.7050766389394,3.9785121575252673,3.0123524732645404
2025,2439,7,3,4,0.42857142857142855,1;2;3;5,2.2706488066667894,-1.2866519452109197,0.9839968614558697,1.2866519452109197,1.8232276613065765,True,negative,low_under_50,0.0,2.2706488066667894,5.298180548889175,3.5779246409919296
2025,2439,7,3,4,0.42857142857142855,1;2;3;6,1.083069192892995,-0.09907233143712524,0.9839968614558697,0.09907233143712524,1.8232276613065765,True,negative,low_under_50,0.0,1.083069192892995,2.527161450083655,2.3903450272181352
2025,2439,7,3,4,0.42857142857142855,1;2;4;5,0.6477836477603099,0.3362132136955598,0.9839968614558697,0.3362132136955598,1.8232276613065765,True,positive,low_under_50,0.0,0.6477836477603099,1.51149517810739,1.95505948208545
2025,2439,7,3,4,0.42857142857142855,1;2;4;6,-0.5397959660134845,1.5237928274693542,0.9839968614558697,1.5237928274693542,1.8232276613065765,True,positive,low_under_50,0.0,-0.5397959660134845,-1.2595239206981304,0.7674798683116558
2025,2439,7,3,4,0.42857142857142855,1;2;5;6,0.025776201713904823,0.9582206597419649,0.9839968614558697,0.9582206597419649,1.8232276613065765,True,positive,low_under_50,0.0,0.025776201713904823,0.06014447066577792,1.333052036039045
2025,2439,7,3,4,0.42857142857142855,1;3;4;5,0.32604415756044447,0.6579527038954253,0.9839968614558697,0.6579527038954253,1.8232276613065765,True,positive,low_under_50,0.0,0.32604415756044447,0.7607697009743705,1.6333199918855847
2025,2439,7,3,4,0.42857142857142855,1;3;4;6,-0.8615354562133499,1.8455323176692198,0.9839968614558697,1.8455323176692198,1.8232276613065765,True,positive,low_under_50,0.0,-0.8615354562133499,-2.0102493978311498,0.44574037811179035
2025,2439,7,3,4,0.42857142857142855,1;3;5;6,-0.29596328848596065,1.2799601499418305,0.9839968614558697,1.2799601499418305,1.8232276613065765,True,positive,low_under_50,0.0,-0.29596328848596065,-0.6905810064672414,1.0113125458391796
2025,2439,7,3,4,0.42857142857142855,1;4;5;6,-1.91882844739244,2.9028253088483096,0.9839968614558697,2.9028253088483096,1.8232276613065765,True,positive,low_under_50,0.0,-1.91882844739244,-4.477266377249027,-0.6115526130672997
2025,2439,7,3,4,0.42857142857142855,2;3;4;5,0.32604415756044447,0.6579527038954253,0.9839968614558697,0.6579527038954253,1.8232276613065765,True,positive,low_under_50,0.0,0.32604415756044447,0.7607697009743705,1.6333199918855847
2025,2439,7,3,4,0.42857142857142855,2;3;4;6,-0.8615354562133499,1.8455323176692198,0.9839968614558697,1.8455323176692198,1.8232276613065765,True,positive,low_under_50,0.0,-0.8615354562133499,-2.0102493978311498,0.44574037811179035
2025,2439,7,3,4,0.42857142857142855,2;3;5;6,-0.29596328848596065,1.2799601499418305,0.9839968614558697,1.2799601499418305,1.8232276613065765,True,positive,low_under_50,0.0,-0.29596328848596065,-0.6905810064672414,1.0113125458391796
2025,2439,7,3,4,0.42857142857142855,2;4;5;6,-1.91882844739244,2.9028253088483096,0.9839968614558697,2.9028253088483096,1.8232276613065765,True,positive,low_under_50,0.0,-1.91882844739244,-4.477266377249027,-0.6115526130672997
2025,2439,7,3,4,0.42857142857142855,3;4;5;6,-2.2405679375923055,3.224564799048175,0.9839968614558697,3.224564799048175,1.8232276613065765,True,positive,low_under_50,0.0,-2.2405679375923055,-5.227991854382046,-0.9332921032671653
2025,2439,7,4,3,0.5714285714285714,0;1;2,3.224564799048175,-2.2405679375923055,0.9839968614558697,2.2405679375923055,1.5789614715739857,False,negative,moderate_50_to_80,0.0,3.224564799048175,5.642988398334307,4.205021674792031
2025,2439,7,4,3,0.5714285714285714,0;1;3,2.9028253088483096,-1.91882844739244,0.9839968614558697,1.91882844739244,1.5789614715739857,False,negative,moderate_50_to_80,0.0,2.9028253088483096,5.0799442904845415,3.883282184592165
2025,2439,7,4,3,0.5714285714285714,0;1;4,1.2799601499418305,-0.29596328848596065,0.9839968614558697,0.29596328848596065,1.5789614715739857,True,negative,moderate_50_to_80,0.0,1.2799601499418305,2.2399302623982034,2.260417025685686
2025,2439,7,4,3,0.5714285714285714,0;1;5,1.8455323176692198,-0.8615354562133499,0.9839968614558697,0.8615354562133499,1.5789614715739857,True,negative,moderate_50_to_80,0.0,1.8455323176692198,3.2296815559211347,2.8259891934130748
2025,2439,7,4,3,0.5714285714285714,0;1;6,0.6579527038954253,0.32604415756044447,0.9839968614558697,0.32604415756044447,1.5789614715739857,True,positive,moderate_50_to_80,0.0,0.6579527038954253,1.1514172318169942,1.6384095796392804
2025,2439,7,4,3,0.5714285714285714,0;2;3,2.9028253088483096,-1.91882844739244,0.9839968614558697,1.91882844739244,1.5789614715739857,False,negative,moderate_50_to_80,0.0,2.9028253088483096,5.0799442904845415,3.883282184592165
2025,2439,7,4,3,0.5714285714285714,0;2;4,1.2799601499418305,-0.29596328848596065,0.9839968614558697,0.29596328848596065,1.5789614715739857,True,negative,moderate_50_to_80,0.0,1.2799601499418305,2.2399302623982034,2.260417025685686
2025,2439,7,4,3,0.5714285714285714,0;2;5,1.8455323176692198,-0.8615354562133499,0.9839968614558697,0.8615354562133499,1.5789614715739857,True,negative,moderate_50_to_80,0.0,1.8455323176692198,3.2296815559211347,2.8259891934130748
2025,2439,7,4,3,0.5714285714285714,0;2;6,0.6579527038954253,0.32604415756044447,0.9839968614558697,0.32604415756044447,1.5789614715739857,True,positive,moderate_50_to_80,0.0,0.6579527038954253,1.1514172318169942,1.6384095796392804
2025,2439,7,4,3,0.5714285714285714,0;3;4,0.9582206597419649,0.025776201713904823,0.9839968614558697,0.025776201713904823,1.5789614715739857,True,positive,moderate_50_to_80,0.0,0.9582206597419649,1.6768861545484386,1.9386775354858201
2025,2439,7,4,3,0.5714285714285714,0;3;5,1.5237928274693542,-0.5397959660134845,0.9839968614558697,0.5397959660134845,1.5789614715739857,True,negative,moderate_50_to_80,0.0,1.5237928274693542,2.66663744807137,2.504249703213209
2025,2439,7,4,3,0.5714285714285714,0;3;6,0.3362132136955598,0.6477836477603099,0.9839968614558697,0.6477836477603099,1.5789614715739857,True,positive,moderate_50_to_80,0.0,0.3362132136955598,0.5883731239672296,1.316670089439415
2025,2439,7,4,3,0.5714285714285714,0;4;5,-0.09907233143712524,1.083069192892995,0.9839968614558697,1.083069192892995,1.5789614715739857,True,positive,moderate_50_to_80,0.0,-0.09907233143712524,-0.17337658001496917,0.88138454430673
2025,2439,7,4,3,0.5714285714285714,0;4;6,-1.2866519452109197,2.2706488066667894,0.9839968614558697,2.2706488066667894,1.5789614715739857,True,positive,moderate_50_to_80,0.0,-1.2866519452109197,-2.2516409041191094,-0.30619506946706454
2025,2439,7,4,3,0.5714285714285714,0;5;6,-0.7210797774835304,1.7050766389394,0.9839968614558697,1.7050766389394,1.5789614715739857,True,positive,moderate_50_to_80,0.0,-0.7210797774835304,-1.261889610596178,0.25937709826032485
2025,2439,7,4,3,0.5714285714285714,1;2;3,2.9028253088483096,-1.91882844739244,0.9839968614558697,1.91882844739244,1.5789614715739857,False,negative,moderate_50_to_80,0.0,2.9028253088483096,5.0799442904845415,3.883282184592165
2025,2439,7,4,3,0.5714285714285714,1;2;4,1.2799601499418305,-0.29596328848596065,0.9839968614558697,0.29596328848596065,1.5789614715739857,True,negative,moderate_50_to_80,0.0,1.2799601499418305,2.2399302623982034,2.260417025685686
2025,2439,7,4,3,0.5714285714285714,1;2;5,1.8455323176692198,-0.8615354562133499,0.9839968614558697,0.8615354562133499,1.5789614715739857,True,negative,moderate_50_to_80,0.0,1.8455323176692198,3.2296815559211347,2.8259891934130748
2025,2439,7,4,3,0.5714285714285714,1;2;6,0.6579527038954253,0.32604415756044447,0.9839968614558697,0.32604415756044447,1.5789614715739857,True,positive,moderate_50_to_80,0.0,0.6579527038954253,1.1514172318169942,1.6384095796392804
2025,2439,7,4,3,0.5714285714285714,1;3;4,0.9582206597419649,0.025776201713904823,0.9839968614558697,0.025776201713904823,1.5789614715739857,True,positive,moderate_50_to_80,0.0,0.9582206597419649,1.6768861545484386,1.9386775354858201
2025,2439,7,4,3,0.5714285714285714,1;3;5,1.5237928274693542,-0.5397959660134845,0.9839968614558697,0.5397959660134845,1.5789614715739857,True,negative,moderate_50_to_80,0.0,1.5237928274693542,2.66663744807137,2.504249703213209
2025,2439,7,4,3,0.5714285714285714,1;3;6,0.3362132136955598,0.6477836477603099,0.9839968614558697,0.6477836477603099,1.5789614715739857,True,positive,moderate_50_to_80,0.0,0.3362132136955598,0.5883731239672296,1.316670089439415
2025,2439,7,4,3,0.5714285714285714,1;4;5,-0.09907233143712524,1.083069192892995,0.9839968614558697,1.083069192892995,1.5789614715739857,True,positive,moderate_50_to_80,0.0,-0.09907233143712524,-0.17337658001496917,0.88138454430673
2025,2439,7,4,3,0.5714285714285714,1;4;6,-1.2866519452109197,2.2706488066667894,0.9839968614558697,2.2706488066667894,1.5789614715739857,True,positive,moderate_50_to_80,0.0,-1.2866519452109197,-2.2516409041191094,-0.30619506946706454
2025,2439,7,4,3,0.5714285714285714,1;5;6,-0.7210797774835304,1.7050766389394,0.9839968614558697,1.7050766389394,1.5789614715739857,True,positive,moderate_50_to_80,0.0,-0.7210797774835304,-1.261889610596178,0.25937709826032485
2025,2439,7,4,3,0.5714285714285714,2;3;4,0.9582206597419649,0.025776201713904823,0.9839968614558697,0.025776201713904823,1.5789614715739857,True,positive,moderate_50_to_80,0.0,0.9582206597419649,1.6768861545484386,1.9386775354858201
2025,2439,7,4,3,0.5714285714285714,2;3;5,1.5237928274693542,-0.5397959660134845,0.9839968614558697,0.5397959660134845,1.5789614715739857,True,negative,moderate_50_to_80,0.0,1.5237928274693542,2.66663744807137,2.504249703213209
2025,2439,7,4,3,0.5714285714285714,2;3;6,0.3362132136955598,0.6477836477603099,0.9839968614558697,0.6477836477603099,1.5789614715739857,True,positive,moderate_50_to_80,0.0,0.3362132136955598,0.5883731239672296,1.316670089439415
2025,2439,7,4,3,0.5714285714285714,2;4;5,-0.09907233143712524,1.083069192892995,0.9839968614558697,1.083069192892995,1.5789614715739857,True,positive,moderate_50_to_80,0.0,-0.09907233143712524,-0.17337658001496917,0.88138454430673
2025,2439,7,4,3,0.5714285714285714,2;4;6,-1.2866519452109197,2.2706488066667894,0.9839968614558697,2.2706488066667894,1.5789614715739857,True,positive,moderate_50_to_80,0.0,-1.2866519452109197,-2.2516409041191094,-0.30619506946706454
2025,2439,7,4,3,0.5714285714285714,2;5;6,-0.7210797774835304,1.7050766389394,0.9839968614558697,1.7050766389394,1.5789614715739857,True,positive,moderate_50_to_80,0.0,-0.7210797774835304,-1.261889610596178,0.25937709826032485
2025,2439,7,4,3,0.5714285714285714,3;4;5,-0.4208118216369907,1.4048086830928606,0.9839968614558697,1.4048086830928606,1.5789614715739857,True,positive,moderate_50_to_80,0.0,-0.4208118216369907,-0.7364206878647337,0.5596450541068645
2025,2439,7,4,3,0.5714285714285714,3;4;6,-1.608391435410785,2.592388296866655,0.9839968614558697,2.592388296866655,1.5789614715739857,True,positive,moderate_50_to_80,0.0,-1.608391435410785,-2.8146850119688738,-0.6279345596669299
2025,2439,7,4,3,0.5714285714285714,3;5;6,-1.0428192676833958,2.0268161291392657,0.9839968614558697,2.0268161291392657,1.5789614715739857,True,positive,moderate_50_to_80,0.0,-1.0428192676833958,-1.8249337184459427,-0.06236239193954063
2025,2439,7,4,3,0.5714285714285714,4;5;6,-2.665684426589875,3.6496812880457448,0.9839968614558697,3.6496812880457448,1.5789614715739857,False,positive,moderate_50_to_80,0.0,-2.665684426589875,-4.664947746532281,-1.68522755084602
2025,2439,7,5,2,0.7142857142857143,0;1,2.47770881985074,-1.4937119583948704,0.9839968614558697,1.4937119583948704,1.2892166429567702,False,negative,moderate_50_to_80,0.0,2.47770881985074,3.468792347791036,3.13134673701331
2025,2439,7,5,2,0.7142857142857143,0;2,2.47770881985074,-1.4937119583948704,0.9839968614558697,1.4937119583948704,1.2892166429567702,False,negative,moderate_50_to_80,0.0,2.47770881985074,3.468792347791036,3.13134673701331
2025,2439,7,5,2,0.7142857142857143,0;3,2.1559693296508744,-1.1719724681950048,0.9839968614558697,1.1719724681950048,1.2892166429567702,True,negative,moderate_50_to_80,0.0,2.1559693296508744,3.018357061511224,2.8096072468134445
2025,2439,7,5,2,0.7142857142857143,0;4,0.5331041707443952,0.45089269071147453,0.9839968614558697,0.45089269071147453,1.2892166429567702,True,positive,moderate_50_to_80,0.0,0.5331041707443952,0.7463458390421532,1.1867420879069654
2025,2439,7,5,2,0.7142857142857143,0;5,1.0986763384717846,-0.11467947701591474,0.9839968614558697,0.11467947701591474,1.2892166429567702,True,negative,moderate_50_to_80,0.0,1.0986763384717846,1.5381468738604984,1.7523142556343547
2025,2439,7,5,2,0.7142857142857143,0;6,-0.08890327530200992,1.0729001367578797,0.9839968614558697,1.0729001367578797,1.2892166429567702,True,positive,moderate_50_to_80,0.0,-0.08890327530200992,-0.12446458542281388,0.5647346418605602
2025,2439,7,5,2,0.7142857142857143,1;2,2.47770881985074,-1.4937119583948704,0.9839968614558697,1.4937119583948704,1.2892166429567702,False,negative,moderate_50_to_80,0.0,2.47770881985074,3.468792347791036,3.13134673701331
2025,2439,7,5,2,0.7142857142857143,1;3,2.1559693296508744,-1.1719724681950048,0.9839968614558697,1.1719724681950048,1.2892166429567702,True,negative,moderate_50_to_80,0.0,2.1559693296508744,3.018357061511224,2.8096072468134445
2025,2439,7,5,2,0.7142857142857143,1;4,0.5331041707443952,0.45089269071147453,0.9839968614558697,0.45089269071147453,1.2892166429567702,True,positive,moderate_50_to_80,0.0,0.5331041707443952,0.7463458390421532,1.1867420879069654
2025,2439,7,5,2,0.7142857142857143,1;5,1.0986763384717846,-0.11467947701591474,0.9839968614558697,0.11467947701591474,1.2892166429567702,True,negative,moderate_50_to_80,0.0,1.0986763384717846,1.5381468738604984,1.7523142556343547
2025,2439,7,5,2,0.7142857142857143,1;6,-0.08890327530200992,1.0729001367578797,0.9839968614558697,1.0729001367578797,1.2892166429567702,True,positive,moderate_50_to_80,0.0,-0.08890327530200992,-0.12446458542281388,0.5647346418605602
2025,2439,7,5,2,0.7142857142857143,2;3,2.1559693296508744,-1.1719724681950048,0.9839968614558697,1.1719724681950048,1.2892166429567702,True,negative,moderate_50_to_80,0.0,2.1559693296508744,3.018357061511224,2.8096072468134445
2025,2439,7,5,2,0.7142857142857143,2;4,0.5331041707443952,0.45089269071147453,0.9839968614558697,0.45089269071147453,1.2892166429567702,True,positive,moderate_50_to_80,0.0,0.5331041707443952,0.7463458390421532,1.1867420879069654
2025,2439,7,5,2,0.7142857142857143,2;5,1.0986763384717846,-0.11467947701591474,0.9839968614558697,0.11467947701591474,1.2892166429567702,True,negative,moderate_50_to_80,0.0,1.0986763384717846,1.5381468738604984,1.7523142556343547
2025,2439,7,5,2,0.7142857142857143,2;6,-0.08890327530200992,1.0729001367578797,0.9839968614558697,1.0729001367578797,1.2892166429567702,True,positive,moderate_50_to_80,0.0,-0.08890327530200992,-0.12446458542281388,0.5647346418605602
2025,2439,7,5,2,0.7142857142857143,3;4,0.21136468054452973,0.77263218091134,0.9839968614558697,0.77263218091134,1.2892166429567702,True,positive,moderate_50_to_80,0.0,0.21136468054452973,0.2959105527623416,0.8650025977070999
2025,2439,7,5,2,0.7142857142857143,3;5,0.776936848271919,0.20706001318395073,0.9839968614558697,0.20706001318395073,1.2892166429567702,True,positive,moderate_50_to_80,0.0,0.776936848271919,1.0877115875806864,1.4305747654344891
2025,2439,7,5,2,0.7142857142857143,3;6,-0.4106427655018754,1.394639626957745,0.9839968614558697,1.394639626957745,1.2892166429567702,True,positive,moderate_50_to_80,0.0,-0.4106427655018754,-0.5748998717026256,0.24299515166069474
2025,2439,7,5,2,0.7142857142857143,4;5,-0.8459283106345604,1.8299251720904302,0.9839968614558697,1.8299251720904302,1.2892166429567702,True,positive,moderate_50_to_80,0.0,-0.8459283106345604,-1.1842996348883845,-0.19229039347199028
2025,2439,7,5,2,0.7142857142857143,4;6,-2.033507924408355,3.0175047858642245,0.9839968614558697,3.0175047858642245,1.2892166429567702,False,positive,moderate_50_to_80,0.0,-2.033507924408355,-2.846911094171697,-1.3798700072457848
2025,2439,7,5,2,0.7142857142857143,5;6,-1.4679357566809657,2.4519326181368353,0.9839968614558697,2.4519326181368353,1.2892166429567702,True,positive,moderate_50_to_80,0.0,-1.4679357566809657,-2.055110059353352,-0.8142978395183955
2025,2439,7,6,1,0.8571428571428571,0,1.7308528406533048,-0.7468559791974352,0.9839968614558697,0.7468559791974352,0.9116138306532883,True,negative,high_80_plus,0.0,1.7308528406533048,2.0193283140955223,2.0576717992345896
2025,2439,7,6,1,0.8571428571428571,1,1.7308528406533048,-0.7468559791974352,0.9839968614558697,0.7468559791974352,0.9116138306532883,True,negative,high_80_plus,0.0,1.7308528406533048,2.0193283140955223,2.0576717992345896
2025,2439,7,6,1,0.8571428571428571,2,1.7308528406533048,-0.7468559791974352,0.9839968614558697,0.7468559791974352,0.9116138306532883,True,negative,high_80_plus,0.0,1.7308528406533048,2.0193283140955223,2.0576717992345896
2025,2439,7,6,1,0.8571428571428571,3,1.4091133504534394,-0.4251164889975697,0.9839968614558697,0.4251164889975697,0.9116138306532883,True,negative,high_80_plus,0.0,1.4091133504534394,1.6439655755290126,1.7359323090347245
2025,2439,7,6,1,0.8571428571428571,4,-0.21375180845303998,1.1977486699089097,0.9839968614558697,1.1977486699089097,0.9116138306532883,True,positive,high_80_plus,0.0,-0.21375180845303998,-0.24937710986188,0.11306715012824509
2025,2439,7,6,1,0.8571428571428571,5,0.3518203592743493,0.6321765021815204,0.9839968614558697,0.6321765021815204,0.9116138306532883,True,positive,high_80_plus,0.0,0.3518203592743493,0.4104570858200742,0.6786393178556344
2025,2439,7,6,1,0.8571428571428571,6,-0.8357592544994451,1.8197561159553148,0.9839968614558697,1.8197561159553148,0.9116138306532883,True,positive,high_80_plus,0.0,-0.8357592544994451,-0.9750524635826859,-0.50894029591816
2025,248,8,1,7,0.125,0;1;2;3;4;5;6,1.1471551019370003,7.654592369135563,8.801747471072563,7.654592369135563,2.411903487635551,False,positive,low_under_50,0.0,1.1471551019370003,9.177240815496003,3.434887812005996
2025,248,8,1,7,0.125,0;1;2;3;4;5;7,2.2092595434435,6.5924879276290635,8.801747471072563,6.5924879276290635,2.411903487635551,False,positive,low_under_50,0.0,2.2092595434435,17.674076347548,4.496992253512495
2025,248,8,1,7,0.125,0;1;2;3;4;6;7,0.21974109127449307,8.58200637979807,8.801747471072563,8.58200637979807,2.411903487635551,False,positive,low_under_50,0.0,0.21974109127449307,1.7579287301959445,2.507473801343489
2025,248,8,1,7,0.125,0;1;2;3;5;6;7,0.21519605688932214,8.58655141418324,8.801747471072563,8.58655141418324,2.411903487635551,False,positive,low_under_50,0.0,0.21519605688932214,1.7215684551145771,2.502928766958318
2025,248,8,1,7,0.125,0;1;2;4;5;6;7,2.1713573290375106,6.630390142035052,8.801747471072563,6.630390142035052,2.411903487635551,False,positive,low_under_50,0.0,2.1713573290375106,17.370858632300084,4.459090039106506
2025,248,8,1,7,0.125,0;1;3;4;5;6;7,1.1829313140695517,7.618816157003011,8.801747471072563,7.618816157003011,2.411903487635551,False,positive,low_under_50,0.0,1.1829313140695517,9.463450512556413,3.4706640241385474
2025,248,8,1,7,0.125,0;2;3;4;5;6;7,0.7406691005591313,8.061078370513432,8.801747471072563,8.061078370513432,2.411903487635551,False,positive,low_under_50,0.0,0.7406691005591313,5.92535280447305,3.028401810628127
2025,248,8,1,7,0.125,1;2;3;4;5;6;7,0.9154379338620544,7.886309537210509,8.801747471072563,7.886309537210509,2.411903487635551,False,positive,low_under_50,0.0,0.9154379338620544,7.323503470896435,3.20317064393105
2025,248,8,2,6,0.25,0;1;2;3;4;5,3.3564146453805,5.445332825692063,8.801747471072563,5.445332825692063,2.2329887275645106,True,positive,low_under_50,0.0,3.3564146453805,13.425658581522,5.317328396868211
2025,248,8,2,6,0.25,0;1;2;3;4;6,1.3668961932114934,7.43485127786107,8.801747471072563,7.43485127786107,2.2329887275645106,False,positive,low_under_50,0.0,1.3668961932114934,5.467584772845973,3.3278099446992035
2025,248,8,2,6,0.25,0;1;2;3;4;7,2.429000634717993,6.372746836354571,8.801747471072563,6.372746836354571,2.2329887275645106,False,positive,low_under_50,0.0,2.429000634717993,9.716002538871972,4.389914386205703
2025,248,8,2,6,0.25,0;1;2;3;5;6,1.3623511588263224,7.439396312246241,8.801747471072563,7.439396312246241,2.2329887275645106,False,positive,low_under_50,0.0,1.3623511588263224,5.44940463530529,3.323264910314033
2025,248,8,2,6,0.25,0;1;2;3;5;7,2.424455600332822,6.377291870739741,8.801747471072563,6.377291870739741,2.2329887275645106,False,positive,low_under_50,0.0,2.424455600332822,9.697822401331289,4.385369351820533
2025,248,8,2,6,0.25,0;1;2;3;6;7,0.43493714816381523,8.366810322908748,8.801747471072563,8.366810322908748,2.2329887275645106,False,positive,low_under_50,0.0,0.43493714816381523,1.739748592655261,2.3958508996515255
2025,248,8,2,6,0.25,0;1;2;4;5;6,3.318512430974511,5.4832350400980525,8.801747471072563,5.4832350400980525,2.2329887275645106,True,positive,low_under_50,0.0,3.318512430974511,13.274049723898043,5.279426182462221
2025,248,8,2,6,0.25,0;1;2;4;5;7,4.38061687248101,4.421130598591553,8.801747471072563,4.421130598591553,2.2329887275645106,True,positive,low_under_50,0.0,4.38061687248101,17.52246748992404,6.341530623968721
2025,248,8,2,6,0.25,0;1;2;4;6;7,2.391098420312004,6.41064905076056,8.801747471072563,6.41064905076056,2.2329887275645106,False,positive,low_under_50,0.0,2.391098420312004,9.564393681248015,4.352012171799714
2025,248,8,2,6,0.25,0;1;2;5;6;7,2.386553385926833,6.415194085145731,8.801747471072563,6.415194085145731,2.2329887275645106,False,positive,low_under_50,0.0,2.386553385926833,9.546213543707331,4.347467137414544
2025,248,8,2,6,0.25,0;1;3;4;5;6,2.330086416006552,6.471661055066011,8.801747471072563,6.471661055066011,2.2329887275645106,False,positive,low_under_50,0.0,2.330086416006552,9.320345664026208,4.291000167494262
2025,248,8,2,6,0.25,0;1;3;4;5;7,3.3921908575130515,5.409556613559512,8.801747471072563,5.409556613559512,2.2329887275645106,True,positive,low_under_50,0.0,3.3921908575130515,13.568763430052206,5.353104609000762
2025,248,8,2,6,0.25,0;1;3;4;6;7,1.4026724053440447,7.3990750657285185,8.801747471072563,7.3990750657285185,2.2329887275645106,False,positive,low_under_50,0.0,1.4026724053440447,5.610689621376179,3.3635861568317553
2025,248,8,2,6,0.25,0;1;3;5;6;7,1.3981273709588737,7.40362010011369,8.801747471072563,7.40362010011369,2.2329887275645106,False,positive,low_under_50,0.0,1.3981273709588737,5.592509483835495,3.359041122446584
2025,248,8,2,6,0.25,0;1;4;5;6;7,3.354288643107062,5.447458827965501,8.801747471072563,5.447458827965501,2.2329887275645106,True,positive,low_under_50,0.0,3.354288643107062,13.417154572428249,5.315202394594772
2025,248,8,2,6,0.25,0;2;3;4;5;6,1.8878242024961316,6.913923268576432,8.801747471072563,6.913923268576432,2.2329887275645106,False,positive,low_under_50,0.0,1.8878242024961316,7.551296809984526,3.848737953983842
2025,248,8,2,6,0.25,0;2;3;4;5;7,2.949928644002631,5.851818827069932,8.801747471072563,5.851818827069932,2.2329887275645106,False,positive,low_under_50,0.0,2.949928644002631,11.799714576010524,4.9108423954903415
2025,248,8,2,6,0.25,0;2;3;4;6;7,0.9604101918336243,7.841337279238939,8.801747471072563,7.841337279238939,2.2329887275645106,False,positive,low_under_50,0.0,0.9604101918336243,3.841640767334497,2.921323943321335
2025,248,8,2,6,0.25,0;2;3;5;6;7,0.9558651574484534,7.84588231362411,8.801747471072563,7.84588231362411,2.2329887275645106,False,positive,low_under_50,0.0,0.9558651574484534,3.8234606297938134,2.9167789089361635
2025,248,8,2,6,0.25,0;2;4;5;6;7,2.912026429596642,5.889721041475921,8.801747471072563,5.889721041475921,2.2329887275645106,False,positive,low_under_50,0.0,2.912026429596642,11.648105718386567,4.872940181084353
2025,248,8,2,6,0.25,0;3;4;5;6;7,1.923600414628683,6.87814705644388,8.801747471072563,6.87814705644388,2.2329887275645106,False,positive,low_under_50,0.0,1.923600414628683,7.694401658514732,3.8845141661163933
2025,248,8,2,6,0.25,1;2;3;4;5;6,2.062593035799055,6.739154435273509,8.801747471072563,6.739154435273509,2.2329887275645106,False,positive,low_under_50,0.0,2.062593035799055,8.25037214319622,4.023506787286765
2025,248,8,2,6,0.25,1;2;3;4;5;7,3.1246974773055545,5.677049993767009,8.801747471072563,5.677049993767009,2.2329887275645106,False,positive,low_under_50,0.0,3.1246974773055545,12.498789909222218,5.085611228793265
2025,248,8,2,6,0.25,1;2;3;4;6;7,1.1351790251365474,7.666568445936016,8.801747471072563,7.666568445936016,2.2329887275645106,False,positive,low_under_50,0.0,1.1351790251365474,4.54071610054619,3.096092776624258
2025,248,8,2,6,0.25,1;2;3;5;6;7,1.1306339907513765,7.6711134803211865,8.801747471072563,7.6711134803211865,2.2329887275645106,False,positive,low_under_50,0.0,1.1306339907513765,4.522535963005506,3.091547742239087
2025,248,8,2,6,0.25,1;2;4;5;6;7,3.0867952628995647,5.714952208172998,8.801747471072563,5.714952208172998,2.2329887275645106,False,positive,low_under_50,0.0,3.0867952628995647,12.347181051598259,5.047709014387275
2025,248,8,2,6,0.25,1;3;4;5;6;7,2.098369247931606,6.703378223140957,8.801747471072563,6.703378223140957,2.2329887275645106,False,positive,low_under_50,0.0,2.098369247931606,8.393476991726423,4.059282999419317
2025,248,8,2,6,0.25,2;3;4;5;6;7,1.6561070344211857,7.1456404366513775,8.801747471072563,7.1456404366513775,2.2329887275645106,False,positive,low_under_50,0.0,1.6561070344211857,6.624428137684743,3.6170207859088963
2025,248,8,3,5,0.375,0;1;2;3;4,3.5761557366549934,5.22559173441757,8.801747471072563,5.22559173441757,2.038430494569734,False,positive,low_under_50,0.0,3.5761557366549934,9.536415297746649,5.210250529561419
2025,248,8,3,5,0.375,0;1;2;3;5,3.5716107022698225,5.230136768802741,8.801747471072563,5.230136768802741,2.038430494569734,False,positive,low_under_50,0.0,3.5716107022698225,9.52429520605286,5.205705495176248
2025,248,8,3,5,0.375,0;1;2;3;6,1.5820922501008154,7.219655220971748,8.801747471072563,7.219655220971748,2.038430494569734,False,positive,low_under_50,0.0,1.5820922501008154,4.218912666935508,3.216187043007241
2025,248,8,3,5,0.375,0;1;2;3;7,2.644196691607315,6.157550779465248,8.801747471072563,6.157550779465248,2.038430494569734,False,positive,low_under_50,0.0,2.644196691607315,7.051191177619507,4.2782914845137405
2025,248,8,3,5,0.375,0;1;2;4;5,5.527771974418011,3.2739754966545527,8.801747471072563,3.2739754966545527,2.038430494569734,True,positive,low_under_50,0.0,5.527771974418011,14.740725265114696,7.161866767324436
2025,248,8,3,5,0.375,0;1;2;4;6,3.538253522249004,5.26349394882356,8.801747471072563,5.26349394882356,2.038430494569734,False,positive,low_under_50,0.0,3.538253522249004,9.435342725997344,5.172348315155429
2025,248,8,3,5,0.375,0;1;2;4;7,4.600357963755504,4.20138950731706,8.801747471072563,4.20138950731706,2.038430494569734,True,positive,low_under_50,0.0,4.600357963755504,12.267621236681343,6.234452756661929
2025,248,8,3,5,0.375,0;1;2;5;6,3.533708487863833,5.26803898320873,8.801747471072563,5.26803898320873,2.038430494569734,False,positive,low_under_50,0.0,3.533708487863833,9.423222634303555,5.167803280770259
2025,248,8,3,5,0.375,0;1;2;5;7,4.595812929370332,4.205934541702231,8.801747471072563,4.205934541702231,2.038430494569734,True,positive,low_under_50,0.0,4.595812929370332,12.255501144987553,6.229907722276757
2025,248,8,3,5,0.375,0;1;2;6;7,2.6062944772013257,6.195452993871237,8.801747471072563,6.195452993871237,2.038430494569734,False,positive,low_under_50,0.0,2.6062944772013257,6.950118605870202,4.240389270107751
2025,248,8,3,5,0.375,0;1;3;4;5,4.539345959450052,4.262401511622511,8.801747471072563,4.262401511622511,2.038430494569734,True,positive,low_under_50,0.0,4.539345959450052,12.104922558533472,6.173440752356477
2025,248,8,3,5,0.375,0;1;3;4;6,2.5498275072810452,6.251919963791519,8.801747471072563,6.251919963791519,2.038430494569734,False,positive,low_under_50,0.0,2.5498275072810452,6.799540019416121,4.18392230018747
2025,248,8,3,5,0.375,0;1;3;4;7,3.6119319487875448,5.189815522285019,8.801747471072563,5.189815522285019,2.038430494569734,False,positive,low_under_50,0.0,3.6119319487875448,9.63181853010012,5.24602674169397
2025,248,8,3,5,0.375,0;1;3;5;6,2.5452824728958743,6.256464998176689,8.801747471072563,6.256464998176689,2.038430494569734,False,positive,low_under_50,0.0,2.5452824728958743,6.787419927722332,4.1793772658023
2025,248,8,3,5,0.375,0;1;3;5;7,3.607386914402374,5.19436055667019,8.801747471072563,5.19436055667019,2.038430494569734,False,positive,low_under_50,0.0,3.607386914402374,9.61969843840633,5.241481707308799
2025,248,8,3,5,0.375,0;1;3;6;7,1.6178684622333668,7.183879008839196,8.801747471072563,7.183879008839196,2.038430494569734,False,positive,low_under_50,0.0,1.6178684622333668,4.314315899288978,3.251963255139792
2025,248,8,3,5,0.375,0;1;4;5;6,4.501443745044062,4.300303726028501,8.801747471072563,4.300303726028501,2.038430494569734,True,positive,low_under_50,0.0,4.501443745044062,12.003849986784166,6.135538537950487
2025,248,8,3,5,0.375,0;1;4;5;7,5.5635481865505625,3.2381992845220013,8.801747471072563,3.2381992845220013,2.038430494569734,True,positive,low_under_50,0.0,5.5635481865505625,14.836128497468167,7.197642979456988
2025,248,8,3,5,0.375,0;1;4;6;7,3.5740297343815555,5.227717736691008,8.801747471072563,5.227717736691008,2.038430494569734,False,positive,low_under_50,0.0,3.5740297343815555,9.530745958350815,5.208124527287981
2025,248,8,3,5,0.375,0;1;5;6;7,3.5694846999963845,5.232262771076179,8.801747471072563,5.232262771076179,2.038430494569734,False,positive,low_under_50,0.0,3.5694846999963845,9.518625866657025,5.20357949290281
2025,248,8,3,5,0.375,0;2;3;4;5,4.097083745939631,4.7046637251329315,8.801747471072563,4.7046637251329315,2.038430494569734,True,positive,low_under_50,0.0,4.097083745939631,10.925556655839017,5.7311785388460565
2025,248,8,3,5,0.375,0;2;3;4;6,2.107565293770625,6.694182177301939,8.801747471072563,6.694182177301939,2.038430494569734,False,positive,low_under_50,0.0,2.107565293770625,5.620174116721667,3.74166008667705
2025,248,8,3,5,0.375,0;2;3;4;7,3.1696697352771244,5.6320777357954395,8.801747471072563,5.6320777357954395,2.038430494569734,False,positive,low_under_50,0.0,3.1696697352771244,8.452452627405664,4.8037645281835495
2025,248,8,3,5,0.375,0;2;3;5;6,2.103020259385454,6.6987272116871095,8.801747471072563,6.6987272116871095,2.038430494569734,False,positive,low_under_50,0.0,2.103020259385454,5.608054025027877,3.7371150522918795
2025,248,8,3,5,0.375,0;2;3;5;7,3.1651247008919534,5.63662277018061,8.801747471072563,5.63662277018061,2.038430494569734,False,positive,low_under_50,0.0,3.1651247008919534,8.440332535711876,4.799219493798379
2025,248,8,3,5,0.375,0;2;3;6;7,1.1756062487229464,7.6261412223496166,8.801747471072563,7.6261412223496166,2.038430494569734,False,positive,low_under_50,0.0,1.1756062487229464,3.1349499965945236,2.8097010416293715
2025,248,8,3,5,0.375,0;2;4;5;6,4.059181531533643,4.742565939538921,8.801747471072563,4.742565939538921,2.038430494569734,True,positive,low_under_50,0.0,4.059181531533643,10.824484084089713,5.693276324440068
2025,248,8,3,5,0.375,0;2;4;5;7,5.121285973040141,3.6804614980324217,8.801747471072563,3.6804614980324217,2.038430494569734,True,positive,low_under_50,0.0,5.121285973040141,13.65676259477371,6.755380765946566
2025,248,8,3,5,0.375,0;2;4;6;7,3.131767520871135,5.669979950201428,8.801747471072563,5.669979950201428,2.038430494569734,False,positive,low_under_50,0.0,3.131767520871135,8.35138005565636,4.765862313777561
2025,248,8,3,5,0.375,0;2;5;6;7,3.127222486485964,5.6745249845866,8.801747471072563,5.6745249845866,2.038430494569734,False,positive,low_under_50,0.0,3.127222486485964,8.33925996396257,4.761317279392389
2025,248,8,3,5,0.375,0;3;4;5;6,3.0707555165656832,5.73099195450688,8.801747471072563,5.73099195450688,2.038430494569734,False,positive,low_under_50,0.0,3.0707555165656832,8.18868137750849,4.704850309472109
2025,248,8,3,5,0.375,0;3;4;5;7,4.132859958072183,4.668887513000381,8.801747471072563,4.668887513000381,2.038430494569734,True,positive,low_under_50,0.0,4.132859958072183,11.020959888192488,5.766954750978608
2025,248,8,3,5,0.375,0;3;4;6;7,2.143341505903176,6.658405965169387,8.801747471072563,6.658405965169387,2.038430494569734,False,positive,low_under_50,0.0,2.143341505903176,5.7155773490751365,3.7774362988096017
2025,248,8,3,5,0.375,0;3;5;6;7,2.1387964715180052,6.662950999554559,8.801747471072563,6.662950999554559,2.038430494569734,False,positive,low_under_50,0.0,2.1387964715180052,5.703457257381348,3.7728912644244303
2025,248,8,3,5,0.375,0;4;5;6;7,4.0949577436661935,4.7067897274063695,8.801747471072563,4.7067897274063695,2.038430494569734,True,positive,low_under_50,0.0,4.0949577436661935,10.919887316443182,5.729052536572619
2025,248,8,3,5,0.375,1;2;3;4;5,4.271852579242554,4.529894891830009,8.801747471072563,4.529894891830009,2.038430494569734,True,positive,low_under_50,0.0,4.271852579242554,11.391606877980145,5.9059473721489795
2025,248,8,3,5,0.375,1;2;3;4;6,2.2823341270735478,6.519413343999015,8.801747471072563,6.519413343999015,2.038430494569734,False,positive,low_under_50,0.0,2.2823341270735478,6.086224338862794,3.916428919979973
2025,248,8,3,5,0.375,1;2;3;4;7,3.3444385685800473,5.457308902492516,8.801747471072563,5.457308902492516,2.038430494569734,False,positive,low_under_50,0.0,3.3444385685800473,8.918502849546792,4.978533361486472
2025,248,8,3,5,0.375,1;2;3;5;6,2.277789092688377,6.523958378384187,8.801747471072563,6.523958378384187,2.038430494569734,False,positive,low_under_50,0.0,2.277789092688377,6.0741042471690045,3.9118838855948024
2025,248,8,3,5,0.375,1;2;3;5;7,3.3398935341948763,5.461853936877687,8.801747471072563,5.461853936877687,2.038430494569734,False,positive,low_under_50,0.0,3.3398935341948763,8.906382757853004,4.973988327101302
2025,248,8,3,5,0.375,1;2;3;6;7,1.3503750820258695,7.451372389046694,8.801747471072563,7.451372389046694,2.038430494569734,False,positive,low_under_50,0.0,1.3503750820258695,3.6010002187356522,2.984469874932295
2025,248,8,3,5,0.375,1;2;4;5;6,4.2339503648365655,4.567797106235998,8.801747471072563,4.567797106235998,2.038430494569734,True,positive,low_under_50,0.0,4.2339503648365655,11.29053430623084,5.868045157742991
2025,248,8,3,5,0.375,1;2;4;5;7,5.296054806343065,3.5056926647294984,8.801747471072563,3.5056926647294984,2.038430494569734,True,positive,low_under_50,0.0,5.296054806343065,14.12281281691484,6.93014959924949
2025,248,8,3,5,0.375,1;2;4;6;7,3.306536354174058,5.495211116898505,8.801747471072563,5.495211116898505,2.038430494569734,False,positive,low_under_50,0.0,3.306536354174058,8.817430277797488,4.940631147080484
2025,248,8,3,5,0.375,1;2;5;6;7,3.301991319788887,5.499756151283676,8.801747471072563,5.499756151283676,2.038430494569734,False,positive,low_under_50,0.0,3.301991319788887,8.805310186103698,4.936086112695312
2025,248,8,3,5,0.375,1;3;4;5;6,3.2455243498686066,5.556223121203957,8.801747471072563,5.556223121203957,2.038430494569734,False,positive,low_under_50,0.0,3.2455243498686066,8.654731599649617,4.879619142775032
2025,248,8,3,5,0.375,1;3;4;5;7,4.307628791375106,4.494118679697458,8.801747471072563,4.494118679697458,2.038430494569734,True,positive,low_under_50,0.0,4.307628791375106,11.487010110333616,5.941723584281531
2025,248,8,3,5,0.375,1;3;4;6;7,2.318110339206099,6.483637131866464,8.801747471072563,6.483637131866464,2.038430494569734,False,positive,low_under_50,0.0,2.318110339206099,6.181627571216264,3.9522051321125247
2025,248,8,3,5,0.375,1;3;5;6;7,2.313565304820928,6.488182166251635,8.801747471072563,6.488182166251635,2.038430494569734,False,positive,low_under_50,0.0,2.313565304820928,6.169507479522475,3.9476600977273533
2025,248,8,3,5,0.375,1;4;5;6;7,4.269726576969116,4.5320208941034466,8.801747471072563,4.5320208941034466,2.038430494569734,True,positive,low_under_50,0.0,4.269726576969116,11.38593753858431,5.9038213698755415
2025,248,8,3,5,0.375,2;3;4;5;6,2.803262136358186,5.998485334714378,8.801747471072563,5.998485334714378,2.038430494569734,False,positive,low_under_50,0.0,2.803262136358186,7.475365696955163,4.437356929264611
2025,248,8,3,5,0.375,2;3;4;5;7,3.8653665778646857,4.936380893207878,8.801747471072563,4.936380893207878,2.038430494569734,True,positive,low_under_50,0.0,3.8653665778646857,10.307644207639163,5.499461370771111
2025,248,8,3,5,0.375,2;3;4;6;7,1.8758481256956787,6.925899345376885,8.801747471072563,6.925899345376885,2.038430494569734,False,positive,low_under_50,0.0,1.8758481256956787,5.00226166852181,3.5099429186021043
2025,248,8,3,5,0.375,2;3;5;6;7,1.8713030913105078,6.930444379762055,8.801747471072563,6.930444379762055,2.038430494569734,False,positive,low_under_50,0.0,1.8713030913105078,4.99014157682802,3.505397884216933
2025,248,8,3,5,0.375,2;4;5;6;7,3.827464363458696,4.974283107613867,8.801747471072563,4.974283107613867,2.038430494569734,True,positive,low_under_50,0.0,3.827464363458696,10.206571635889857,5.461559156365121
2025,248,8,3,5,0.375,3;4;5;6;7,2.839038348490737,5.962709122581826,8.801747471072563,5.962709122581826,2.038430494569734,False,positive,low_under_50,0.0,2.839038348490737,7.570768929308632,4.473133141397162
2025,248,8,4,4,0.5,0;1;2;3,3.7913517935443153,5.010395677528248,8.801747471072563,5.010395677528248,1.8232276613065765,False,positive,moderate_50_to_80,0.0,3.7913517935443153,7.582703587088631,5.098627627869456
2025,248,8,4,4,0.5,0;1;2;4,5.7475130656925035,3.0542344053800594,8.801747471072563,3.0542344053800594,1.8232276613065765,True,positive,moderate_50_to_80,0.0,5.7475130656925035,11.495026131385007,7.054788900017644
2025,248,8,4,4,0.5,0;1;2;5,5.742968031307333,3.0587794397652304,8.801747471072563,3.0587794397652304,1.8232276613065765,True,positive,moderate_50_to_80,0.0,5.742968031307333,11.485936062614666,7.050243865632473
2025,248,8,4,4,0.5,0;1;2;6,3.753449579138326,5.048297891934237,8.801747471072563,5.048297891934237,1.8232276613065765,False,positive,moderate_50_to_80,0.0,3.753449579138326,7.506899158276652,5.060725413463466
2025,248,8,4,4,0.5,0;1;2;7,4.815554020644826,3.986193450427738,8.801747471072563,3.986193450427738,1.8232276613065765,True,positive,moderate_50_to_80,0.0,4.815554020644826,9.631108041289652,6.122829854969966
2025,248,8,4,4,0.5,0;1;3;4,4.759087050724545,4.042660420348018,8.801747471072563,4.042660420348018,1.8232276613065765,True,positive,moderate_50_to_80,0.0,4.759087050724545,9.51817410144909,6.066362885049685
2025,248,8,4,4,0.5,0;1;3;5,4.754542016339374,4.04720545473319,8.801747471072563,4.04720545473319,1.8232276613065765,True,positive,moderate_50_to_80,0.0,4.754542016339374,9.509084032678748,6.061817850664514
2025,248,8,4,4,0.5,0;1;3;6,2.765023564170367,6.036723906902196,8.801747471072563,6.036723906902196,1.8232276613065765,False,positive,moderate_50_to_80,0.0,2.765023564170367,5.530047128340734,4.072299398495508
2025,248,8,4,4,0.5,0;1;3;7,3.8271280056768666,4.974619465395697,8.801747471072563,4.974619465395697,1.8232276613065765,False,positive,moderate_50_to_80,0.0,3.8271280056768666,7.654256011353733,5.1344038400020064
2025,248,8,4,4,0.5,0;1;4;5,6.710703288487562,2.091044182585001,8.801747471072563,2.091044182585001,1.8232276613065765,True,positive,moderate_50_to_80,0.0,6.710703288487562,13.421406576975125,8.017979122812703
2025,248,8,4,4,0.5,0;1;4;6,4.721184836318556,4.080562634754008,8.801747471072563,4.080562634754008,1.8232276613065765,True,positive,moderate_50_to_80,0.0,4.721184836318556,9.442369672637112,6.028460670643696
2025,248,8,4,4,0.5,0;1;4;7,5.783289277825055,3.018458193247508,8.801747471072563,3.018458193247508,1.8232276613065765,True,positive,moderate_50_to_80,0.0,5.783289277825055,11.56657855565011,7.090565112150196
2025,248,8,4,4,0.5,0;1;5;6,4.716639801933384,4.0851076691391786,8.801747471072563,4.0851076691391786,1.8232276613065765,True,positive,moderate_50_to_80,0.0,4.716639801933384,9.433279603866769,6.023915636258525
2025,248,8,4,4,0.5,0;1;5;7,5.778744243439884,3.023003227632679,8.801747471072563,3.023003227632679,1.8232276613065765,True,positive,moderate_50_to_80,0.0,5.778744243439884,11.557488486879768,7.086020077765024
2025,248,8,4,4,0.5,0;1;6;7,3.7892257912708773,5.012521679801686,8.801747471072563,5.012521679801686,1.8232276613065765,False,positive,moderate_50_to_80,0.0,3.7892257912708773,7.578451582541755,5.096501625596018
2025,248,8,4,4,0.5,0;2;3;4,4.316824837214124,4.484922633858439,8.801747471072563,4.484922633858439,1.8232276613065765,False,positive,moderate_50_to_80,0.0,4.316824837214124,8.633649674428248,5.6241006715392645
2025,248,8,4,4,0.5,0;2;3;5,4.312279802828954,4.48946766824361,8.801747471072563,4.48946766824361,1.8232276613065765,False,positive,moderate_50_to_80,0.0,4.312279802828954,8.624559605657907,5.619555637154094
2025,248,8,4,4,0.5,0;2;3;6,2.3227613506599467,6.478986120412617,8.801747471072563,6.478986120412617,1.8232276613065765,False,positive,moderate_50_to_80,0.0,2.3227613506599467,4.645522701319893,3.630037184985087
2025,248,8,4,4,0.5,0;2;3;7,3.3848657921664462,5.416881678906117,8.801747471072563,5.416881678906117,1.8232276613065765,False,positive,moderate_50_to_80,0.0,3.3848657921664462,6.7697315843328925,4.692141626491587
2025,248,8,4,4,0.5,0;2;4;5,6.268441074977142,2.5333063960954214,8.801747471072563,2.5333063960954214,1.8232276613065765,True,positive,moderate_50_to_80,0.0,6.268441074977142,12.536882149954284,7.575716909302282
2025,248,8,4,4,0.5,0;2;4;6,4.278922622808135,4.522824848264428,8.801747471072563,4.522824848264428,1.8232276613065765,False,positive,moderate_50_to_80,0.0,4.278922622808135,8.55784524561627,5.586198457133276
2025,248,8,4,4,0.5,0;2;4;7,5.341027064314635,3.4607204067579285,8.801747471072563,3.4607204067579285,1.8232276613065765,True,positive,moderate_50_to_80,0.0,5.341027064314635,10.68205412862927,6.648302898639775
2025,248,8,4,4,0.5,0;2;5;6,4.274377588422964,4.527369882649599,8.801747471072563,4.527369882649599,1.8232276613065765,False,positive,moderate_50_to_80,0.0,4.274377588422964,8.548755176845928,5.581653422748104
2025,248,8,4,4,0.5,0;2;5;7,5.3364820299294635,3.4652654411430994,8.801747471072563,3.4652654411430994,1.8232276613065765,True,positive,moderate_50_to_80,0.0,5.3364820299294635,10.672964059858927,6.643757864254604
2025,248,8,4,4,0.5,0;2;6;7,3.346963577760457,5.454783893312106,8.801747471072563,5.454783893312106,1.8232276613065765,False,positive,moderate_50_to_80,0.0,3.346963577760457,6.693927155520914,4.654239412085597
2025,248,8,4,4,0.5,0;3;4;5,5.280015060009183,3.5217324110633803,8.801747471072563,3.5217324110633803,1.8232276613065765,True,positive,moderate_50_to_80,0.0,5.280015060009183,10.560030120018366,6.587290894334323
2025,248,8,4,4,0.5,0;3;4;6,3.2904966078401765,5.511250863232387,8.801747471072563,5.511250863232387,1.8232276613065765,False,positive,moderate_50_to_80,0.0,3.2904966078401765,6.580993215680353,4.597772442165317
2025,248,8,4,4,0.5,0;3;4;7,4.352601049346676,4.449146421725888,8.801747471072563,4.449146421725888,1.8232276613065765,False,positive,moderate_50_to_80,0.0,4.352601049346676,8.705202098693352,5.659876883671816
2025,248,8,4,4,0.5,0;3;5;6,3.2859515734550055,5.515795897617558,8.801747471072563,5.515795897617558,1.8232276613065765,False,positive,moderate_50_to_80,0.0,3.2859515734550055,6.571903146910011,4.593227407780146
2025,248,8,4,4,0.5,0;3;5;7,4.348056014961505,4.453691456111058,8.801747471072563,4.453691456111058,1.8232276613065765,False,positive,moderate_50_to_80,0.0,4.348056014961505,8.69611202992301,5.655331849286645
2025,248,8,4,4,0.5,0;3;6;7,2.358537562792498,6.443209908280065,8.801747471072563,6.443209908280065,1.8232276613065765,False,positive,moderate_50_to_80,0.0,2.358537562792498,4.717075125584996,3.6658133971176383
2025,248,8,4,4,0.5,0;4;5;6,5.242112845603193,3.5596346254693696,8.801747471072563,3.5596346254693696,1.8232276613065765,True,positive,moderate_50_to_80,0.0,5.242112845603193,10.484225691206387,6.549388679928334
2025,248,8,4,4,0.5,0;4;5;7,6.304217287109694,2.49753018396287,8.801747471072563,2.49753018396287,1.8232276613065765,True,positive,moderate_50_to_80,0.0,6.304217287109694,12.608434574219388,7.611493121434834
2025,248,8,4,4,0.5,0;4;6;7,4.314698834940686,4.487048636131877,8.801747471072563,4.487048636131877,1.8232276613065765,False,positive,moderate_50_to_80,0.0,4.314698834940686,8.629397669881373,5.621974669265827
2025,248,8,4,4,0.5,0;5;6;7,4.310153800555516,4.491593670517048,8.801747471072563,4.491593670517048,1.8232276613065765,False,positive,moderate_50_to_80,0.0,4.310153800555516,8.620307601111032,5.617429634880656
2025,248,8,4,4,0.5,1;2;3;4,4.491593670517048,4.310153800555516,8.801747471072563,4.310153800555516,1.8232276613065765,False,positive,moderate_50_to_80,0.0,4.491593670517048,8.983187341034096,5.798869504842188
2025,248,8,4,4,0.5,1;2;3;5,4.487048636131877,4.314698834940686,8.801747471072563,4.314698834940686,1.8232276613065765,False,positive,moderate_50_to_80,0.0,4.487048636131877,8.974097272263753,5.794324470457017
2025,248,8,4,4,0.5,1;2;3;6,2.49753018396287,6.304217287109694,8.801747471072563,6.304217287109694,1.8232276613065765,False,positive,moderate_50_to_80,0.0,2.49753018396287,4.99506036792574,3.8048060182880103
2025,248,8,4,4,0.5,1;2;3;7,3.5596346254693696,5.242112845603193,8.801747471072563,5.242112845603193,1.8232276613065765,False,positive,moderate_50_to_80,0.0,3.5596346254693696,7.119269250938739,4.86691045979451
2025,248,8,4,4,0.5,1;2;4;5,6.443209908280065,2.358537562792498,8.801747471072563,2.358537562792498,1.8232276613065765,True,positive,moderate_50_to_80,0.0,6.443209908280065,12.88641981656013,7.750485742605205
2025,248,8,4,4,0.5,1;2;4;6,4.453691456111058,4.348056014961505,8.801747471072563,4.348056014961505,1.8232276613065765,False,positive,moderate_50_to_80,0.0,4.453691456111058,8.907382912222117,5.760967290436199
2025,248,8,4,4,0.5,1;2;4;7,5.515795897617558,3.2859515734550055,8.801747471072563,3.2859515734550055,1.8232276613065765,True,positive,moderate_50_to_80,0.0,5.515795897617558,11.031591795235116,6.823071731942698
2025,248,8,4,4,0.5,1;2;5;6,4.449146421725888,4.352601049346676,8.801747471072563,4.352601049346676,1.8232276613065765,False,positive,moderate_50_to_80,0.0,4.449146421725888,8.898292843451776,5.756422256051028
2025,248,8,4,4,0.5,1;2;5;7,5.511250863232387,3.2904966078401765,8.801747471072563,3.2904966078401765,1.8232276613065765,True,positive,moderate_50_to_80,0.0,5.511250863232387,11.022501726464775,6.818526697557528
2025,248,8,4,4,0.5,1;2;6;7,3.5217324110633803,5.280015060009183,8.801747471072563,5.280015060009183,1.8232276613065765,False,positive,moderate_50_to_80,0.0,3.5217324110633803,7.043464822126761,4.82900824538852
2025,248,8,4,4,0.5,1;3;4;5,5.454783893312106,3.346963577760457,8.801747471072563,3.346963577760457,1.8232276613065765,True,positive,moderate_50_to_80,0.0,5.454783893312106,10.909567786624212,6.762059727637246
2025,248,8,4,4,0.5,1;3;4;6,3.4652654411430994,5.3364820299294635,8.801747471072563,5.3364820299294635,1.8232276613065765,False,positive,moderate_50_to_80,0.0,3.4652654411430994,6.930530882286199,4.77254127546824
2025,248,8,4,4,0.5,1;3;4;7,4.527369882649599,4.274377588422964,8.801747471072563,4.274377588422964,1.8232276613065765,True,positive,moderate_50_to_80,0.0,4.527369882649599,9.054739765299198,5.834645716974739
2025,248,8,4,4,0.5,1;3;5;6,3.4607204067579285,5.341027064314635,8.801747471072563,5.341027064314635,1.8232276613065765,False,positive,moderate_50_to_80,0.0,3.4607204067579285,6.921440813515857,4.767996241083068
2025,248,8,4,4,0.5,1;3;5;7,4.522824848264428,4.278922622808135,8.801747471072563,4.278922622808135,1.8232276613065765,True,positive,moderate_50_to_80,0.0,4.522824848264428,9.045649696528857,5.830100682589569
2025,248,8,4,4,0.5,1;3;6;7,2.5333063960954214,6.268441074977142,8.801747471072563,6.268441074977142,1.8232276613065765,False,positive,moderate_50_to_80,0.0,2.5333063960954214,5.066612792190843,3.8405822304205617
2025,248,8,4,4,0.5,1;4;5;6,5.416881678906117,3.3848657921664462,8.801747471072563,3.3848657921664462,1.8232276613065765,True,positive,moderate_50_to_80,0.0,5.416881678906117,10.833763357812234,6.724157513231257
2025,248,8,4,4,0.5,1;4;5;7,6.478986120412617,2.3227613506599467,8.801747471072563,2.3227613506599467,1.8232276613065765,True,positive,moderate_50_to_80,0.0,6.478986120412617,12.957972240825233,7.786261954737757
2025,248,8,4,4,0.5,1;4;6;7,4.48946766824361,4.312279802828954,8.801747471072563,4.312279802828954,1.8232276613065765,False,positive,moderate_50_to_80,0.0,4.48946766824361,8.97893533648722,5.79674350256875
2025,248,8,4,4,0.5,1;5;6;7,4.484922633858439,4.316824837214124,8.801747471072563,4.316824837214124,1.8232276613065765,False,positive,moderate_50_to_80,0.0,4.484922633858439,8.969845267716877,5.792198468183579
2025,248,8,4,4,0.5,2;3;4;5,5.012521679801686,3.7892257912708773,8.801747471072563,3.7892257912708773,1.8232276613065765,True,positive,moderate_50_to_80,0.0,5.012521679801686,10.025043359603371,6.319797514126826
2025,248,8,4,4,0.5,2;3;4;6,3.023003227632679,5.778744243439884,8.801747471072563,5.778744243439884,1.8232276613065765,False,positive,moderate_50_to_80,0.0,3.023003227632679,6.046006455265358,4.330279061957819
2025,248,8,4,4,0.5,2;3;4;7,4.0851076691391786,4.716639801933384,8.801747471072563,4.716639801933384,1.8232276613065765,False,positive,moderate_50_to_80,0.0,4.0851076691391786,8.170215338278357,5.392383503464319
2025,248,8,4,4,0.5,2;3;5;6,3.018458193247508,5.783289277825055,8.801747471072563,5.783289277825055,1.8232276613065765,False,positive,moderate_50_to_80,0.0,3.018458193247508,6.036916386495016,4.325734027572649
2025,248,8,4,4,0.5,2;3;5;7,4.080562634754008,4.721184836318556,8.801747471072563,4.721184836318556,1.8232276613065765,False,positive,moderate_50_to_80,0.0,4.080562634754008,8.161125269508016,5.387838469079148
2025,248,8,4,4,0.5,2;3;6;7,2.091044182585001,6.710703288487562,8.801747471072563,6.710703288487562,1.8232276613065765,False,positive,moderate_50_to_80,0.0,2.091044182585001,4.182088365170002,3.3983200169101413
2025,248,8,4,4,0.5,2;4;5;6,4.974619465395697,3.8271280056768666,8.801747471072563,3.8271280056768666,1.8232276613065765,True,positive,moderate_50_to_80,0.0,4.974619465395697,9.949238930791394,6.281895299720837
2025,248,8,4,4,0.5,2;4;5;7,6.036723906902196,2.765023564170367,8.801747471072563,2.765023564170367,1.8232276613065765,True,positive,moderate_50_to_80,0.0,6.036723906902196,12.073447813804393,7.343999741227337
2025,248,8,4,4,0.5,2;4;6;7,4.04720545473319,4.754542016339374,8.801747471072563,4.754542016339374,1.8232276613065765,False,positive,moderate_50_to_80,0.0,4.04720545473319,8.09441090946638,5.35448128905833
2025,248,8,4,4,0.5,2;5;6;7,4.042660420348018,4.759087050724545,8.801747471072563,4.759087050724545,1.8232276613065765,False,positive,moderate_50_to_80,0.0,4.042660420348018,8.085320840696037,5.349936254673159
2025,248,8,4,4,0.5,3;4;5;6,3.986193450427738,4.815554020644826,8.801747471072563,4.815554020644826,1.8232276613065765,False,positive,moderate_50_to_80,0.0,3.986193450427738,7.972386900855476,5.293469284752878
2025,248,8,4,4,0.5,3;4;5;7,5.048297891934237,3.753449579138326,8.801747471072563,3.753449579138326,1.8232276613065765,True,positive,moderate_50_to_80,0.0,5.048297891934237,10.096595783868475,6.355573726259378
2025,248,8,4,4,0.5,3;4;6;7,3.0587794397652304,5.742968031307333,8.801747471072563,5.742968031307333,1.8232276613065765,False,positive,moderate_50_to_80,0.0,3.0587794397652304,6.117558879530461,4.366055274090371
2025,248,8,4,4,0.5,3;5;6;7,3.0542344053800594,5.7475130656925035,8.801747471072563,5.7475130656925035,1.8232276613065765,False,positive,moderate_50_to_80,0.0,3.0542344053800594,6.108468810760119,4.3615102397052
2025,248,8,4,4,0.5,4;5;6;7,5.010395677528248,3.7913517935443153,8.801747471072563,3.7913517935443153,1.8232276613065765,True,positive,moderate_50_to_80,0.0,5.010395677528248,10.020791355056495,6.317671511853388
2025,248,8,5,3,0.625,0;1;2,5.962709122581826,2.839038348490737,8.801747471072563,2.839038348490737,1.5789614715739857,True,positive,moderate_50_to_80,0.0,5.962709122581826,9.540334596130922,6.943165998325681
2025,248,8,5,3,0.625,0;1;3,4.974283107613867,3.827464363458696,8.801747471072563,3.827464363458696,1.5789614715739857,False,positive,moderate_50_to_80,0.0,4.974283107613867,7.9588529721821875,5.954739983357722
2025,248,8,5,3,0.625,0;1;4,6.930444379762055,1.8713030913105078,8.801747471072563,1.8713030913105078,1.5789614715739857,True,positive,moderate_50_to_80,0.0,6.930444379762055,11.088711007619288,7.910901255505911
2025,248,8,5,3,0.625,0;1;5,6.925899345376885,1.8758481256956787,8.801747471072563,1.8758481256956787,1.5789614715739857,True,positive,moderate_50_to_80,0.0,6.925899345376885,11.081438952603015,7.90635622112074
2025,248,8,5,3,0.625,0;1;6,4.936380893207878,3.8653665778646857,8.801747471072563,3.8653665778646857,1.5789614715739857,False,positive,moderate_50_to_80,0.0,4.936380893207878,7.898209429132605,5.9168377689517335
2025,248,8,5,3,0.625,0;1;7,5.998485334714378,2.803262136358186,8.801747471072563,2.803262136358186,1.5789614715739857,True,positive,moderate_50_to_80,0.0,5.998485334714378,9.597576535543004,6.978942210458233
2025,248,8,5,3,0.625,0;2;3,4.5320208941034466,4.269726576969116,8.801747471072563,4.269726576969116,1.5789614715739857,False,positive,moderate_50_to_80,0.0,4.5320208941034466,7.251233430565515,5.512477769847302
2025,248,8,5,3,0.625,0;2;4,6.488182166251635,2.313565304820928,8.801747471072563,2.313565304820928,1.5789614715739857,True,positive,moderate_50_to_80,0.0,6.488182166251635,10.381091466002616,7.46863904199549
2025,248,8,5,3,0.625,0;2;5,6.483637131866464,2.318110339206099,8.801747471072563,2.318110339206099,1.5789614715739857,True,positive,moderate_50_to_80,0.0,6.483637131866464,10.373819410986343,7.46409400761032
2025,248,8,5,3,0.625,0;2;6,4.494118679697458,4.307628791375106,8.801747471072563,4.307628791375106,1.5789614715739857,False,positive,moderate_50_to_80,0.0,4.494118679697458,7.190589887515932,5.474575555441313
2025,248,8,5,3,0.625,0;2;7,5.556223121203957,3.2455243498686066,8.801747471072563,3.2455243498686066,1.5789614715739857,True,positive,moderate_50_to_80,0.0,5.556223121203957,8.889956993926331,6.536679996947813
2025,248,8,5,3,0.625,0;3;4,5.499756151283676,3.301991319788887,8.801747471072563,3.301991319788887,1.5789614715739857,True,positive,moderate_50_to_80,0.0,5.499756151283676,8.799609842053881,6.480213027027531
2025,248,8,5,3,0.625,0;3;5,5.495211116898505,3.306536354174058,8.801747471072563,3.306536354174058,1.5789614715739857,True,positive,moderate_50_to_80,0.0,5.495211116898505,8.792337787037608,6.475667992642361
2025,248,8,5,3,0.625,0;3;6,3.5056926647294984,5.296054806343065,8.801747471072563,5.296054806343065,1.5789614715739857,False,positive,moderate_50_to_80,0.0,3.5056926647294984,5.609108263567197,4.486149540473353
2025,248,8,5,3,0.625,0;3;7,4.567797106235998,4.2339503648365655,8.801747471072563,4.2339503648365655,1.5789614715739857,False,positive,moderate_50_to_80,0.0,4.567797106235998,7.3084753699775975,5.548253981979854
2025,248,8,5,3,0.625,0;4;5,7.451372389046694,1.3503750820258695,8.801747471072563,1.3503750820258695,1.5789614715739857,True,positive,moderate_50_to_80,0.0,7.451372389046694,11.922195822474709,8.431829264790549
2025,248,8,5,3,0.625,0;4;6,5.461853936877687,3.3398935341948763,8.801747471072563,3.3398935341948763,1.5789614715739857,True,positive,moderate_50_to_80,0.0,5.461853936877687,8.7389662990043,6.4423108126215425
2025,248,8,5,3,0.625,0;4;7,6.523958378384187,2.277789092688377,8.801747471072563,2.277789092688377,1.5789614715739857,True,positive,moderate_50_to_80,0.0,6.523958378384187,10.4383334054147,7.504415254128042
2025,248,8,5,3,0.625,0;5;6,5.457308902492516,3.3444385685800473,8.801747471072563,3.3444385685800473,1.5789614715739857,True,positive,moderate_50_to_80,0.0,5.457308902492516,8.731694243988025,6.437765778236371
2025,248,8,5,3,0.625,0;5;7,6.519413343999015,2.2823341270735478,8.801747471072563,2.2823341270735478,1.5789614715739857,True,positive,moderate_50_to_80,0.0,6.519413343999015,10.431061350398425,7.499870219742871
2025,248,8,5,3,0.625,0;6;7,4.529894891830009,4.271852579242554,8.801747471072563,4.271852579242554,1.5789614715739857,False,positive,moderate_50_to_80,0.0,4.529894891830009,7.247831826928014,5.510351767573864
2025,248,8,5,3,0.625,1;2;3,4.7067897274063695,4.0949577436661935,8.801747471072563,4.0949577436661935,1.5789614715739857,False,positive,moderate_50_to_80,0.0,4.7067897274063695,7.5308635638501915,5.687246603150225
2025,248,8,5,3,0.625,1;2;4,6.662950999554559,2.1387964715180052,8.801747471072563,2.1387964715180052,1.5789614715739857,True,positive,moderate_50_to_80,0.0,6.662950999554559,10.660721599287294,7.643407875298414
2025,248,8,5,3,0.625,1;2;5,6.658405965169387,2.143341505903176,8.801747471072563,2.143341505903176,1.5789614715739857,True,positive,moderate_50_to_80,0.0,6.658405965169387,10.65344954427102,7.638862840913243
2025,248,8,5,3,0.625,1;2;6,4.668887513000381,4.132859958072183,8.801747471072563,4.132859958072183,1.5789614715739857,False,positive,moderate_50_to_80,0.0,4.668887513000381,7.470220020800609,5.649344388744236
2025,248,8,5,3,0.625,1;2;7,5.73099195450688,3.0707555165656832,8.801747471072563,3.0707555165656832,1.5789614715739857,True,positive,moderate_50_to_80,0.0,5.73099195450688,9.169587127211008,6.711448830250736
2025,248,8,5,3,0.625,1;3;4,5.6745249845866,3.127222486485964,8.801747471072563,3.127222486485964,1.5789614715739857,True,positive,moderate_50_to_80,0.0,5.6745249845866,9.07923997533856,6.654981860330455
2025,248,8,5,3,0.625,1;3;5,5.669979950201428,3.131767520871135,8.801747471072563,3.131767520871135,1.5789614715739857,True,positive,moderate_50_to_80,0.0,5.669979950201428,9.071967920322285,6.650436825945284
2025,248,8,5,3,0.625,1;3;6,3.6804614980324217,5.121285973040141,8.801747471072563,5.121285973040141,1.5789614715739857,False,positive,moderate_50_to_80,0.0,3.6804614980324217,5.888738396851875,4.660918373776277
2025,248,8,5,3,0.625,1;3;7,4.742565939538921,4.059181531533643,8.801747471072563,4.059181531533643,1.5789614715739857,False,positive,moderate_50_to_80,0.0,4.742565939538921,7.588105503262274,5.723022815282777
2025,248,8,5,3,0.625,1;4;5,7.6261412223496166,1.1756062487229464,8.801747471072563,1.1756062487229464,1.5789614715739857,True,positive,moderate_50_to_80,0.0,7.6261412223496166,12.201825955759386,8.606598098093471
2025,248,8,5,3,0.625,1;4;6,5.63662277018061,3.1651247008919534,8.801747471072563,3.1651247008919534,1.5789614715739857,True,positive,moderate_50_to_80,0.0,5.63662277018061,9.018596432288977,6.617079645924465
2025,248,8,5,3,0.625,1;4;7,6.6987272116871095,2.103020259385454,8.801747471072563,2.103020259385454,1.5789614715739857,True,positive,moderate_50_to_80,0.0,6.6987272116871095,10.717963538699376,7.679184087430965
2025,248,8,5,3,0.625,1;5;6,5.6320777357954395,3.1696697352771244,8.801747471072563,3.1696697352771244,1.5789614715739857,True,positive,moderate_50_to_80,0.0,5.6320777357954395,9.011324377272704,6.612534611539295
2025,248,8,5,3,0.625,1;5;7,6.694182177301939,2.107565293770625,8.801747471072563,2.107565293770625,1.5789614715739857,True,positive,moderate_50_to_80,0.0,6.694182177301939,10.710691483683103,7.674639053045794
2025,248,8,5,3,0.625,1;6;7,4.7046637251329315,4.097083745939631,8.801747471072563,4.097083745939631,1.5789614715739857,False,positive,moderate_50_to_80,0.0,4.7046637251329315,7.52746196021269,5.685120600876787
2025,248,8,5,3,0.625,2;3;4,5.232262771076179,3.5694846999963845,8.801747471072563,3.5694846999963845,1.5789614715739857,True,positive,moderate_50_to_80,0.0,5.232262771076179,8.371620433721887,6.212719646820035
2025,248,8,5,3,0.625,2;3;5,5.227717736691008,3.5740297343815555,8.801747471072563,3.5740297343815555,1.5789614715739857,True,positive,moderate_50_to_80,0.0,5.227717736691008,8.364348378705612,6.208174612434863
2025,248,8,5,3,0.625,2;3;6,3.2381992845220013,5.5635481865505625,8.801747471072563,5.5635481865505625,1.5789614715739857,False,positive,moderate_50_to_80,0.0,3.2381992845220013,5.181118855235202,4.218656160265857
2025,248,8,5,3,0.625,2;3;7,4.300303726028501,4.501443745044062,8.801747471072563,4.501443745044062,1.5789614715739857,False,positive,moderate_50_to_80,0.0,4.300303726028501,6.8804859616456016,5.280760601772356
2025,248,8,5,3,0.625,2;4;5,7.183879008839196,1.6178684622333668,8.801747471072563,1.6178684622333668,1.5789614715739857,True,positive,moderate_50_to_80,0.0,7.183879008839196,11.494206414142713,8.164335884583052
2025,248,8,5,3,0.625,2;4;6,5.19436055667019,3.607386914402374,8.801747471072563,3.607386914402374,1.5789614715739857,False,positive,moderate_50_to_80,0.0,5.19436055667019,8.310976890672304,6.174817432414045
2025,248,8,5,3,0.625,2;4;7,6.256464998176689,2.5452824728958743,8.801747471072563,2.5452824728958743,1.5789614715739857,True,positive,moderate_50_to_80,0.0,6.256464998176689,10.010343997082703,7.2369218739205445
2025,248,8,5,3,0.625,2;5;6,5.189815522285019,3.6119319487875448,8.801747471072563,3.6119319487875448,1.5789614715739857,False,positive,moderate_50_to_80,0.0,5.189815522285019,8.303704835656031,6.1702723980288745
2025,248,8,5,3,0.625,2;5;7,6.251919963791519,2.5498275072810452,8.801747471072563,2.5498275072810452,1.5789614715739857,True,positive,moderate_50_to_80,0.0,6.251919963791519,10.00307194206643,7.232376839535374
2025,248,8,5,3,0.625,2;6;7,4.262401511622511,4.539345959450052,8.801747471072563,4.539345959450052,1.5789614715739857,False,positive,moderate_50_to_80,0.0,4.262401511622511,6.819842418596018,5.242858387366367
2025,248,8,5,3,0.625,3;4;5,6.195452993871237,2.6062944772013257,8.801747471072563,2.6062944772013257,1.5789614715739857,True,positive,moderate_50_to_80,0.0,6.195452993871237,9.91272479019398,7.175909869615093
2025,248,8,5,3,0.625,3;4;6,4.205934541702231,4.595812929370332,8.801747471072563,4.595812929370332,1.5789614715739857,False,positive,moderate_50_to_80,0.0,4.205934541702231,6.7294952667235695,5.186391417446086
2025,248,8,5,3,0.625,3;4;7,5.26803898320873,3.533708487863833,8.801747471072563,3.533708487863833,1.5789614715739857,True,positive,moderate_50_to_80,0.0,5.26803898320873,8.428862373133969,6.248495858952586
2025,248,8,5,3,0.625,3;5;6,4.20138950731706,4.600357963755504,8.801747471072563,4.600357963755504,1.5789614715739857,False,positive,moderate_50_to_80,0.0,4.20138950731706,6.722223211707297,5.181846383060916
2025,248,8,5,3,0.625,3;5;7,5.26349394882356,3.538253522249004,8.801747471072563,3.538253522249004,1.5789614715739857,True,positive,moderate_50_to_80,0.0,5.26349394882356,8.421590318117696,6.243950824567415
2025,248,8,5,3,0.625,3;6;7,3.2739754966545527,5.527771974418011,8.801747471072563,5.527771974418011,1.5789614715739857,False,positive,moderate_50_to_80,0.0,3.2739754966545527,5.238360794647284,4.254432372398408
2025,248,8,5,3,0.625,4;5;6,6.157550779465248,2.644196691607315,8.801747471072563,2.644196691607315,1.5789614715739857,True,positive,moderate_50_to_80,0.0,6.157550779465248,9.852081247144397,7.138007655209104
2025,248,8,5,3,0.625,4;5;7,7.219655220971748,1.5820922501008154,8.801747471072563,1.5820922501008154,1.5789614715739857,True,positive,moderate_50_to_80,0.0,7.219655220971748,11.551448353554797,8.200112096715603
2025,248,8,5,3,0.625,4;6;7,5.230136768802741,3.5716107022698225,8.801747471072563,3.5716107022698225,1.5789614715739857,True,positive,moderate_50_to_80,0.0,5.230136768802741,8.368218830084386,6.210593644546597
2025,248,8,5,3,0.625,5;6;7,5.22559173441757,3.5761557366549934,8.801747471072563,3.5761557366549934,1.5789614715739857,True,positive,moderate_50_to_80,0.0,5.22559173441757,8.360946775068111,6.206048610161425
2025,248,8,6,2,0.75,0;1,7.1456404366513775,1.6561070344211857,8.801747471072563,1.6561070344211857,1.2892166429567702,True,positive,moderate_50_to_80,0.0,7.1456404366513775,9.527520582201836,7.799278353813948
2025,248,8,6,2,0.75,0;2,6.703378223140957,2.098369247931606,8.801747471072563,2.098369247931606,1.2892166429567702,True,positive,moderate_50_to_80,0.0,6.703378223140957,8.93783763085461,7.357016140303527
2025,248,8,6,2,0.75,0;3,5.714952208172998,3.0867952628995647,8.801747471072563,3.0867952628995647,1.2892166429567702,False,positive,moderate_50_to_80,0.0,5.714952208172998,7.619936277563998,6.368590125335569
2025,248,8,6,2,0.75,0;4,7.6711134803211865,1.1306339907513765,8.801747471072563,1.1306339907513765,1.2892166429567702,True,positive,moderate_50_to_80,0.0,7.6711134803211865,10.228151307094915,8.324751397483757
2025,248,8,6,2,0.75,0;5,7.666568445936016,1.1351790251365474,8.801747471072563,1.1351790251365474,1.2892166429567702,True,positive,moderate_50_to_80,0.0,7.666568445936016,10.222091261248021,8.320206363098587
2025,248,8,6,2,0.75,0;6,5.677049993767009,3.1246974773055545,8.801747471072563,3.1246974773055545,1.2892166429567702,False,positive,moderate_50_to_80,0.0,5.677049993767009,7.5693999916893455,6.33068791092958
2025,248,8,6,2,0.75,0;7,6.739154435273509,2.062593035799055,8.801747471072563,2.062593035799055,1.2892166429567702,True,positive,moderate_50_to_80,0.0,6.739154435273509,8.985539247031346,7.392792352436079
2025,248,8,6,2,0.75,1;2,6.87814705644388,1.923600414628683,8.801747471072563,1.923600414628683,1.2892166429567702,True,positive,moderate_50_to_80,0.0,6.87814705644388,9.170862741925173,7.531784973606451
2025,248,8,6,2,0.75,1;3,5.889721041475921,2.912026429596642,8.801747471072563,2.912026429596642,1.2892166429567702,False,positive,moderate_50_to_80,0.0,5.889721041475921,7.8529613886345615,6.543358958638491
2025,248,8,6,2,0.75,1;4,7.84588231362411,0.9558651574484534,8.801747471072563,0.9558651574484534,1.2892166429567702,True,positive,moderate_50_to_80,0.0,7.84588231362411,10.461176418165481,8.49952023078668
2025,248,8,6,2,0.75,1;5,7.841337279238939,0.9604101918336243,8.801747471072563,0.9604101918336243,1.2892166429567702,True,positive,moderate_50_to_80,0.0,7.841337279238939,10.455116372318585,8.494975196401509
2025,248,8,6,2,0.75,1;6,5.851818827069932,2.949928644002631,8.801747471072563,2.949928644002631,1.2892166429567702,False,positive,moderate_50_to_80,0.0,5.851818827069932,7.802425102759909,6.505456744232502
2025,248,8,6,2,0.75,1;7,6.913923268576432,1.8878242024961316,8.801747471072563,1.8878242024961316,1.2892166429567702,True,positive,moderate_50_to_80,0.0,6.913923268576432,9.21856435810191,7.567561185739002
2025,248,8,6,2,0.75,2;3,5.447458827965501,3.354288643107062,8.801747471072563,3.354288643107062,1.2892166429567702,False,positive,moderate_50_to_80,0.0,5.447458827965501,7.263278437287334,6.101096745128071
2025,248,8,6,2,0.75,2;4,7.40362010011369,1.3981273709588737,8.801747471072563,1.3981273709588737,1.2892166429567702,True,positive,moderate_50_to_80,0.0,7.40362010011369,9.871493466818253,8.05725801727626
2025,248,8,6,2,0.75,2;5,7.3990750657285185,1.4026724053440447,8.801747471072563,1.4026724053440447,1.2892166429567702,True,positive,moderate_50_to_80,0.0,7.3990750657285185,9.865433420971359,8.052712982891089
2025,248,8,6,2,0.75,2;6,5.409556613559512,3.3921908575130515,8.801747471072563,3.3921908575130515,1.2892166429567702,False,positive,moderate_50_to_80,0.0,5.409556613559512,7.212742151412683,6.0631945307220825
2025,248,8,6,2,0.75,2;7,6.471661055066011,2.330086416006552,8.801747471072563,2.330086416006552,1.2892166429567702,True,positive,moderate_50_to_80,0.0,6.471661055066011,8.628881406754681,7.125298972228581
2025,248,8,6,2,0.75,3;4,6.415194085145731,2.386553385926833,8.801747471072563,2.386553385926833,1.2892166429567702,True,positive,moderate_50_to_80,0.0,6.415194085145731,8.55359211352764,7.0688320023083016
2025,248,8,6,2,0.75,3;5,6.41064905076056,2.391098420312004,8.801747471072563,2.391098420312004,1.2892166429567702,True,positive,moderate_50_to_80,0.0,6.41064905076056,8.547532067680747,7.064286967923129
2025,248,8,6,2,0.75,3;6,4.421130598591553,4.38061687248101,8.801747471072563,4.38061687248101,1.2892166429567702,False,positive,moderate_50_to_80,0.0,4.421130598591553,5.894840798122071,5.074768515754123
2025,248,8,6,2,0.75,3;7,5.4832350400980525,3.318512430974511,8.801747471072563,3.318512430974511,1.2892166429567702,False,positive,moderate_50_to_80,0.0,5.4832350400980525,7.31098005346407,6.136872957260623
2025,248,8,6,2,0.75,4;5,8.366810322908748,0.43493714816381523,8.801747471072563,0.43493714816381523,1.2892166429567702,True,positive,moderate_50_to_80,0.0,8.366810322908748,11.155747097211664,9.020448240071318
2025,248,8,6,2,0.75,4;6,6.377291870739741,2.424455600332822,8.801747471072563,2.424455600332822,1.2892166429567702,True,positive,moderate_50_to_80,0.0,6.377291870739741,8.503055827652988,7.030929787902311
2025,248,8,6,2,0.75,4;7,7.439396312246241,1.3623511588263224,8.801747471072563,1.3623511588263224,1.2892166429567702,True,positive,moderate_50_to_80,0.0,7.439396312246241,9.919195082994987,8.093034229408811
2025,248,8,6,2,0.75,5;6,6.372746836354571,2.429000634717993,8.801747471072563,2.429000634717993,1.2892166429567702,True,positive,moderate_50_to_80,0.0,6.372746836354571,8.496995781806094,7.02638475351714
2025,248,8,6,2,0.75,5;7,7.43485127786107,1.3668961932114934,8.801747471072563,1.3668961932114934,1.2892166429567702,True,positive,moderate_50_to_80,0.0,7.43485127786107,9.913135037148093,8.08848919502364
2025,248,8,6,2,0.75,6;7,5.445332825692063,3.3564146453805,8.801747471072563,3.3564146453805,1.2892166429567702,False,positive,moderate_50_to_80,0.0,5.445332825692063,7.260443767589417,6.0989707428546325
2025,248,8,7,1,0.875,0,7.886309537210509,0.9154379338620544,8.801747471072563,0.9154379338620544,0.9116138306532883,True,positive,high_80_plus,0.0,7.886309537210509,9.01292518538344,8.213128495791794
2025,248,8,7,1,0.875,1,8.061078370513432,0.7406691005591313,8.801747471072563,0.7406691005591313,0.9116138306532883,True,positive,high_80_plus,0.0,8.061078370513432,9.212660994872493,8.387897329094717
2025,248,8,7,1,0.875,2,7.618816157003011,1.1829313140695517,8.801747471072563,1.1829313140695517,0.9116138306532883,True,positive,high_80_plus,0.0,7.618816157003011,8.7072184651463,7.945635115584296
2025,248,8,7,1,0.875,3,6.630390142035052,2.1713573290375106,8.801747471072563,2.1713573290375106,0.9116138306532883,False,positive,high_80_plus,0.0,6.630390142035052,7.577588733754346,6.957209100616337
2025,248,8,7,1,0.875,4,8.58655141418324,0.21519605688932214,8.801747471072563,0.21519605688932214,0.9116138306532883,True,positive,high_80_plus,0.0,8.58655141418324,9.813201616209417,8.913370372764525
2025,248,8,7,1,0.875,5,8.58200637979807,0.21974109127449307,8.801747471072563,0.21974109127449307,0.9116138306532883,True,positive,high_80_plus,0.0,8.58200637979807,9.808007291197795,8.908825338379355
2025,248,8,7,1,0.875,6,6.5924879276290635,2.2092595434435,8.801747471072563,2.2092595434435,0.9116138306532883,False,positive,high_80_plus,0.0,6.5924879276290635,7.534271917290359,6.919306886210348
2025,248,8,7,1,0.875,7,7.654592369135563,1.1471551019370003,8.801747471072563,1.1471551019370003,0.9116138306532883,True,positive,high_80_plus,0.0,7.654592369135563,8.748105564726357,7.981411327716848
2025,2483,3,1,2,0.3333333333333333,0;1,1.3728722936150084,3.5403369566398815,4.91320925025489,3.5403369566398815,1.2892166429567702,False,positive,low_under_50,0.0,1.3728722936150084,4.118616880845025,2.0265102107775785
2025,2483,3,1,2,0.3333333333333333,0;2,2.2129647348105705,2.7002445154443193,4.91320925025489,2.7002445154443193,1.2892166429567702,True,positive,low_under_50,0.0,2.2129647348105705,6.638894204431711,2.8666026519731407
2025,2483,3,1,2,0.3333333333333333,1;2,1.327372221829311,3.585837028425579,4.91320925025489,3.585837028425579,1.2892166429567702,False,positive,low_under_50,0.0,1.327372221829311,3.9821166654879327,1.981010138991881
2025,2483,3,2,1,0.6666666666666666,0,3.585837028425579,1.327372221829311,4.91320925025489,1.327372221829311,0.9116138306532883,True,positive,moderate_50_to_80,0.0,3.585837028425579,5.378755542638368,3.912655987006864
2025,2483,3,2,1,0.6666666666666666,1,2.7002445154443193,2.2129647348105705,4.91320925025489,2.2129647348105705,0.9116138306532883,False,positive,moderate_50_to_80,0.0,2.7002445154443193,4.050366773166479,3.0270634740256046
2025,2483,3,2,1,0.6666666666666666,2,3.5403369566398815,1.3728722936150084,4.91320925025489,1.3728722936150084,0.9116138306532883,True,positive,moderate_50_to_80,0.0,3.5403369566398815,5.310505434959822,3.8671559152211668
2025,25,6,1,5,0.16666666666666666,0;1;2;3;4,-0.11835548494856844,1.868509880544097,1.7501543955955285,1.868509880544097,2.038430494569734,True,positive,low_under_50,0.0,-0.11835548494856844,-0.7101329096914106,1.515739307957857
2025,25,6,1,5,0.16666666666666666,0;1;2;3;5,1.436054192144963,0.3141002034505655,1.7501543955955285,0.3141002034505655,2.038430494569734,True,positive,low_under_50,0.0,1.436054192144963,8.616325152869777,3.0701489850513886
2025,25,6,1,5,0.16666666666666666,0;1;2;4;5,-0.4251164889975697,2.175270884593098,1.7501543955955285,2.175270884593098,2.038430494569734,True,positive,low_under_50,0.0,-0.4251164889975697,-2.5506989339854185,1.2089783039088555
2025,25,6,1,5,0.16666666666666666,0;1;3;4;5,-0.7468559791974352,2.4970103747929637,1.7501543955955285,2.4970103747929637,2.038430494569734,True,positive,low_under_50,0.0,-0.7468559791974352,-4.481135875184611,0.8872388137089902
2025,25,6,1,5,0.16666666666666666,0;2;3;4;5,-0.5859862340975025,2.336140629693031,1.7501543955955285,2.336140629693031,2.038430494569734,True,positive,low_under_50,0.0,-0.5859862340975025,-3.5159174045850152,1.0481085588089227
2025,25,6,1,5,0.16666666666666666,1;2;3;4;5,2.1904143906916413,-0.44025999509611285,1.7501543955955285,0.44025999509611285,2.038430494569734,True,negative,low_under_50,0.0,2.1904143906916413,13.142486344149848,3.8245091835980665
2025,25,6,2,4,0.3333333333333333,0;1;2;3,1.3176987071963946,0.43245568839913395,1.7501543955955285,0.43245568839913395,1.8232276613065765,True,positive,low_under_50,0.0,1.3176987071963946,3.9530961215891836,2.624974541521535
2025,25,6,2,4,0.3333333333333333,0;1;2;4,-0.5434719739461381,2.2936263695416668,1.7501543955955285,2.2936263695416668,1.8232276613065765,True,positive,low_under_50,0.0,-0.5434719739461381,-1.6304159218384142,0.7638038603790022
2025,25,6,2,4,0.3333333333333333,0;1;2;5,1.0109377031473934,0.7392166924481353,1.7501543955955285,0.7392166924481353,1.8232276613065765,True,positive,low_under_50,0.0,1.0109377031473934,3.03281310944218,2.3182135374725337
2025,25,6,2,4,0.3333333333333333,0;1;3;4,-0.8652114641460036,2.615365859741532,1.7501543955955285,2.615365859741532,1.8232276613065765,True,positive,low_under_50,0.0,-0.8652114641460036,-2.5956343924380105,0.4420643701791367
2025,25,6,2,4,0.3333333333333333,0;1;3;5,0.6891982129475278,1.0609561826480007,1.7501543955955285,1.0609561826480007,1.8232276613065765,True,positive,low_under_50,0.0,0.6891982129475278,2.0675946388425834,1.996474047272668
2025,25,6,2,4,0.3333333333333333,0;1;4;5,-1.1719724681950048,2.9221268637905333,1.7501543955955285,2.9221268637905333,1.8232276613065765,True,positive,low_under_50,0.0,-1.1719724681950048,-3.5159174045850143,0.1353033661301355
2025,25,6,2,4,0.3333333333333333,0;2;3;4,-0.7043417190460709,2.4544961146415996,1.7501543955955285,2.4544961146415996,1.8232276613065765,True,positive,low_under_50,0.0,-0.7043417190460709,-2.1130251571382126,0.6029341152790694
2025,25,6,2,4,0.3333333333333333,0;2;3;5,0.8500679580474605,0.900086437548068,1.7501543955955285,0.900086437548068,1.8232276613065765,True,positive,low_under_50,0.0,0.8500679580474605,2.5502038741423814,2.157343792372601
2025,25,6,2,4,0.3333333333333333,0;2;4;5,-1.0111027230950722,2.7612571186906005,1.7501543955955285,2.7612571186906005,1.8232276613065765,True,positive,low_under_50,0.0,-1.0111027230950722,-3.033308169285217,0.29617311123006806
2025,25,6,2,4,0.3333333333333333,0;3;4;5,-1.3328422132949376,3.082996608890466,1.7501543955955285,3.082996608890466,1.8232276613065765,True,positive,low_under_50,0.0,-1.3328422132949376,-3.9985266398848127,-0.0255663789697973
2025,25,6,2,4,0.3333333333333333,1;2;3;4,2.0720589057430727,-0.3219045101475444,1.7501543955955285,0.3219045101475444,1.8232276613065765,True,negative,low_under_50,0.0,2.0720589057430727,6.216176717229218,3.379334740068213
2025,25,6,2,4,0.3333333333333333,1;2;3;5,3.6264685828366043,-1.8763141872410758,1.7501543955955285,1.8763141872410758,1.8232276613065765,False,negative,low_under_50,0.0,3.6264685828366043,10.879405748509813,4.933744417161744
2025,25,6,2,4,0.3333333333333333,1;2;4;5,1.7652979016940717,-0.015143506098543133,1.7501543955955285,0.015143506098543133,1.8232276613065765,True,negative,low_under_50,0.0,1.7652979016940717,5.295893705082215,3.072573736019212
2025,25,6,2,4,0.3333333333333333,1;3;4;5,1.4435584114942062,0.3065959841013223,1.7501543955955285,0.3065959841013223,1.8232276613065765,True,positive,low_under_50,0.0,1.4435584114942062,4.3306752344826185,2.7508342458193464
2025,25,6,2,4,0.3333333333333333,2;3;4;5,1.604428156594139,0.14572623900138965,1.7501543955955285,0.14572623900138965,1.8232276613065765,True,positive,low_under_50,0.0,1.604428156594139,4.813284469782417,2.9117039909192792
2025,25,6,3,3,0.5,0;1;2,0.8925822181988249,0.8575721773967037,1.7501543955955285,0.8575721773967037,1.5789614715739857,True,positive,moderate_50_to_80,0.0,0.8925822181988249,1.7851644363976498,1.8730390939426802
2025,25,6,3,3,0.5,0;1;3,0.5708427279989594,1.1793116675965691,1.7501543955955285,1.1793116675965691,1.5789614715739857,True,positive,moderate_50_to_80,0.0,0.5708427279989594,1.1416854559979188,1.5512996037428146
2025,25,6,3,3,0.5,0;1;4,-1.2903279531435734,3.040482348739102,1.7501543955955285,3.040482348739102,1.5789614715739857,True,positive,moderate_50_to_80,0.0,-1.2903279531435734,-2.580655906287147,-0.3098710773997182
2025,25,6,3,3,0.5,0;1;5,0.2640817239499581,1.4860726716455703,1.7501543955955285,1.4860726716455703,1.5789614715739857,True,positive,moderate_50_to_80,0.0,0.2640817239499581,0.5281634478999162,1.2445385996938132
2025,25,6,3,3,0.5,0;2;3,0.7317124730988921,1.0184419224966366,1.7501543955955285,1.0184419224966366,1.5789614715739857,True,positive,moderate_50_to_80,0.0,0.7317124730988921,1.4634249461977842,1.7121693488427474
2025,25,6,3,3,0.5,0;2;4,-1.1294582080436406,2.879612603639169,1.7501543955955285,2.879612603639169,1.5789614715739857,True,positive,moderate_50_to_80,0.0,-1.1294582080436406,-2.258916416087281,-0.1490013322997854
2025,25,6,3,3,0.5,0;2;5,0.4249514690498908,1.3252029265456378,1.7501543955955285,1.3252029265456378,1.5789614715739857,True,positive,moderate_50_to_80,0.0,0.4249514690498908,0.8499029380997816,1.405408344793746
2025,25,6,3,3,0.5,0;3;4,-1.4511976982435062,3.2013520938390347,1.7501543955955285,3.2013520938390347,1.5789614715739857,True,positive,moderate_50_to_80,0.0,-1.4511976982435062,-2.9023953964870124,-0.470740822499651
2025,25,6,3,3,0.5,0;3;5,0.10321197885002531,1.6469424167455031,1.7501543955955285,1.6469424167455031,1.5789614715739857,True,positive,moderate_50_to_80,0.0,0.10321197885002531,0.20642395770005062,1.0836688545938804
2025,25,6,3,3,0.5,0;4;5,-1.7579587022925074,3.5081130978880357,1.7501543955955285,3.5081130978880357,1.5789614715739857,True,positive,moderate_50_to_80,0.0,-1.7579587022925074,-3.515917404585015,-0.7775018265486522
2025,25,6,3,3,0.5,1;2;3,3.5081130978880357,-1.7579587022925074,1.7501543955955285,1.7579587022925074,1.5789614715739857,False,negative,moderate_50_to_80,0.0,3.5081130978880357,7.016226195776071,4.488569973631891
2025,25,6,3,3,0.5,1;2;4,1.6469424167455031,0.10321197885002531,1.7501543955955285,0.10321197885002531,1.5789614715739857,True,positive,moderate_50_to_80,0.0,1.6469424167455031,3.2938848334910062,2.6273992924893586
2025,25,6,3,3,0.5,1;2;5,3.2013520938390347,-1.4511976982435062,1.7501543955955285,1.4511976982435062,1.5789614715739857,True,negative,moderate_50_to_80,0.0,3.2013520938390347,6.4027041876780695,4.18180896958289
2025,25,6,3,3,0.5,1;3;4,1.3252029265456378,0.4249514690498908,1.7501543955955285,0.4249514690498908,1.5789614715739857,True,positive,moderate_50_to_80,0.0,1.3252029265456378,2.6504058530912755,2.305659802289493
2025,25,6,3,3,0.5,1;3;5,2.879612603639169,-1.1294582080436406,1.7501543955955285,1.1294582080436406,1.5789614715739857,True,negative,moderate_50_to_80,0.0,2.879612603639169,5.759225207278338,3.860069479383024
2025,25,6,3,3,0.5,1;4;5,1.0184419224966366,0.7317124730988921,1.7501543955955285,0.7317124730988921,1.5789614715739857,True,positive,moderate_50_to_80,0.0,1.0184419224966366,2.036883844993273,1.9988987982404918
2025,25,6,3,3,0.5,2;3;4,1.4860726716455703,0.2640817239499581,1.7501543955955285,0.2640817239499581,1.5789614715739857,True,positive,moderate_50_to_80,0.0,1.4860726716455703,2.9721453432911407,2.4665295473894258
2025,25,6,3,3,0.5,2;3;5,3.040482348739102,-1.2903279531435734,1.7501543955955285,1.2903279531435734,1.5789614715739857,True,negative,moderate_50_to_80,0.0,3.040482348739102,6.080964697478204,4.020939224482957
2025,25,6,3,3,0.5,2;4;5,1.1793116675965691,0.5708427279989594,1.7501543955955285,0.5708427279989594,1.5789614715739857,True,positive,moderate_50_to_80,0.0,1.1793116675965691,2.3586233351931383,2.1597685433404243
2025,25,6,3,3,0.5,3;4;5,0.8575721773967037,0.8925822181988249,1.7501543955955285,0.8925822181988249,1.5789614715739857,True,positive,moderate_50_to_80,0.0,0.8575721773967037,1.7151443547934073,1.8380290531405588
2025,25,6,4,2,0.6666666666666666,0;1,0.14572623900138965,1.604428156594139,1.7501543955955285,1.604428156594139,1.2892166429567702,True,positive,moderate_50_to_80,0.0,0.14572623900138965,0.21858935850208447,0.7993641561639597
2025,25,6,4,2,0.6666666666666666,0;2,0.3065959841013223,1.4435584114942062,1.7501543955955285,1.4435584114942062,1.2892166429567702,True,positive,moderate_50_to_80,0.0,0.3065959841013223,0.45989397615198346,0.9602339012638925
2025,25,6,4,2,0.6666666666666666,0;3,-0.015143506098543133,1.7652979016940717,1.7501543955955285,1.7652979016940717,1.2892166429567702,True,positive,moderate_50_to_80,0.0,-0.015143506098543133,-0.0227152591478147,0.638494411064027
2025,25,6,4,2,0.6666666666666666,0;4,-1.8763141872410758,3.6264685828366043,1.7501543955955285,3.6264685828366043,1.2892166429567702,False,positive,moderate_50_to_80,0.0,-1.8763141872410758,-2.8144712808616137,-1.2226762700785057
2025,25,6,4,2,0.6666666666666666,0;5,-0.3219045101475444,2.0720589057430727,1.7501543955955285,2.0720589057430727,1.2892166429567702,True,positive,moderate_50_to_80,0.0,-0.3219045101475444,-0.4828567652213166,0.33173340701502574
2025,25,6,4,2,0.6666666666666666,1;2,3.082996608890466,-1.3328422132949376,1.7501543955955285,1.3328422132949376,1.2892166429567702,True,negative,moderate_50_to_80,0.0,3.082996608890466,4.624494913335699,3.7366345260530363
2025,25,6,4,2,0.6666666666666666,1;3,2.7612571186906005,-1.0111027230950722,1.7501543955955285,1.0111027230950722,1.2892166429567702,True,negative,moderate_50_to_80,0.0,2.7612571186906005,4.141885678035901,3.4148950358531707
2025,25,6,4,2,0.6666666666666666,1;4,0.900086437548068,0.8500679580474605,1.7501543955955285,0.8500679580474605,1.2892166429567702,True,positive,moderate_50_to_80,0.0,0.900086437548068,1.3501296563221021,1.553724354710638
2025,25,6,4,2,0.6666666666666666,1;5,2.4544961146415996,-0.7043417190460709,1.7501543955955285,0.7043417190460709,1.2892166429567702,True,negative,moderate_50_to_80,0.0,2.4544961146415996,3.681744171962399,3.1081340318041697
2025,25,6,4,2,0.6666666666666666,2;3,2.9221268637905333,-1.1719724681950048,1.7501543955955285,1.1719724681950048,1.2892166429567702,True,negative,moderate_50_to_80,0.0,2.9221268637905333,4.3831902956858,3.5757647809531035
2025,25,6,4,2,0.6666666666666666,2;4,1.0609561826480007,0.6891982129475278,1.7501543955955285,0.6891982129475278,1.2892166429567702,True,positive,moderate_50_to_80,0.0,1.0609561826480007,1.591434273972001,1.7145940998105709
2025,25,6,4,2,0.6666666666666666,2;5,2.615365859741532,-0.8652114641460036,1.7501543955955285,0.8652114641460036,1.2892166429567702,True,negative,moderate_50_to_80,0.0,2.615365859741532,3.923048789612298,3.269003776904102
2025,25,6,4,2,0.6666666666666666,3;4,0.7392166924481353,1.0109377031473934,1.7501543955955285,1.0109377031473934,1.2892166429567702,True,positive,moderate_50_to_80,0.0,0.7392166924481353,1.108825038672203,1.3928546096107053
2025,25,6,4,2,0.6666666666666666,3;5,2.2936263695416668,-0.5434719739461381,1.7501543955955285,0.5434719739461381,1.2892166429567702,True,negative,moderate_50_to_80,0.0,2.2936263695416668,3.4404395543125004,2.947264286704237
2025,25,6,4,2,0.6666666666666666,4;5,0.43245568839913395,1.3176987071963946,1.7501543955955285,1.3176987071963946,1.2892166429567702,True,positive,moderate_50_to_80,0.0,0.43245568839913395,0.6486835325987009,1.086093605561704
2025,25,6,5,1,0.8333333333333334,0,-0.44025999509611285,2.1904143906916413,1.7501543955955285,2.1904143906916413,0.9116138306532883,False,positive,high_80_plus,0.0,-0.44025999509611285,-0.5283119941153355,-0.11344103651482779
2025,25,6,5,1,0.8333333333333334,1,2.336140629693031,-0.5859862340975025,1.7501543955955285,0.5859862340975025,0.9116138306532883,True,negative,high_80_plus,0.0,2.336140629693031,2.803368755631637,2.6629595882743162
2025,25,6,5,1,0.8333333333333334,2,2.4970103747929637,-0.7468559791974352,1.7501543955955285,0.7468559791974352,0.9116138306532883,True,negative,high_80_plus,0.0,2.4970103747929637,2.9964124497515563,2.823829333374249
2025,25,6,5,1,0.8333333333333334,3,2.175270884593098,-0.4251164889975697,1.7501543955955285,0.4251164889975697,0.9116138306532883,True,negative,high_80_plus,0.0,2.175270884593098,2.6103250615117175,2.5020898431743834
2025,25,6,5,1,0.8333333333333334,4,0.3141002034505655,1.436054192144963,1.7501543955955285,1.436054192144963,0.9116138306532883,True,positive,high_80_plus,0.0,0.3141002034505655,0.3769202441406786,0.6409191620318506
2025,25,6,5,1,0.8333333333333334,5,1.868509880544097,-0.11835548494856844,1.7501543955955285,0.11835548494856844,0.9116138306532883,True,negative,high_80_plus,0.0,1.868509880544097,2.2422118566529163,2.195328839125382
2025,256,6,1,5,0.16666666666666666,0;1;2;3;4,1.098184802891548,0.9955435928889131,2.0937283957804613,0.9955435928889131,2.038430494569734,True,positive,low_under_50,0.0,1.098184802891548,6.589108817349288,2.7322795957979733
2025,256,6,1,5,0.16666666666666666,0;1;2;3;5,0.2648019808355009,1.8289264149449602,2.0937283957804613,1.8289264149449602,2.038430494569734,True,positive,low_under_50,0.0,0.2648019808355009,1.5888118850130053,1.8988967737419262
2025,256,6,1,5,0.16666666666666666,0;1;2;4;5,0.21519605688932214,1.878532338891139,2.0937283957804613,1.878532338891139,2.038430494569734,True,positive,low_under_50,0.0,0.21519605688932214,1.291176341335933,1.8492908497957474
2025,256,6,1,5,0.16666666666666666,0;1;3;4;5,0.5137805517403538,1.5799478440401074,2.0937283957804613,1.5799478440401074,2.038430494569734,True,positive,low_under_50,0.0,0.5137805517403538,3.0826833104421225,2.147875344646779
2025,256,6,1,5,0.16666666666666666,0;2;3;4;5,0.26601174732137345,1.8277166484590877,2.0937283957804613,1.8277166484590877,2.038430494569734,True,positive,low_under_50,0.0,0.26601174732137345,1.5960704839282407,1.9001065402277988
2025,256,6,1,5,0.16666666666666666,1;2;3;4;5,-0.264246743897637,2.357975139678098,2.0937283957804613,2.357975139678098,2.038430494569734,True,positive,low_under_50,0.0,-0.264246743897637,-1.5854804633858222,1.3698480490087883
2025,256,6,2,4,0.3333333333333333,0;1;2;3,1.3629867837270488,0.7307416120534123,2.0937283957804613,0.7307416120534123,1.8232276613065765,True,positive,low_under_50,0.0,1.3629867837270488,4.0889603511811465,2.670262618052189
2025,256,6,2,4,0.3333333333333333,0;1;2;4,1.31338085978087,0.7803475359995911,2.0937283957804613,0.7803475359995911,1.8232276613065765,True,positive,low_under_50,0.0,1.31338085978087,3.94014257934261,2.6206566941060103
2025,256,6,2,4,0.3333333333333333,0;1;2;5,0.479998037724823,1.6137303580556381,2.0937283957804613,1.6137303580556381,1.8232276613065765,True,positive,low_under_50,0.0,0.479998037724823,1.4399941131744691,1.7872738720499632
2025,256,6,2,4,0.3333333333333333,0;1;3;4,1.6119653546319017,0.48176304114855945,2.0937283957804613,0.48176304114855945,1.8232276613065765,True,positive,low_under_50,0.0,1.6119653546319017,4.835896063895705,2.919241188957042
2025,256,6,2,4,0.3333333333333333,0;1;3;5,0.7785825325758546,1.3151458632046065,2.0937283957804613,1.3151458632046065,1.8232276613065765,True,positive,low_under_50,0.0,0.7785825325758546,2.335747597727564,2.085858366900995
2025,256,6,2,4,0.3333333333333333,0;1;4;5,0.7289766086296758,1.3647517871507853,2.0937283957804613,1.3647517871507853,1.8232276613065765,True,positive,low_under_50,0.0,0.7289766086296758,2.1869298258890275,2.036252442954816
2025,256,6,2,4,0.3333333333333333,0;2;3;4,1.3641965502129214,0.7295318455675397,2.0937283957804613,0.7295318455675397,1.8232276613065765,True,positive,low_under_50,0.0,1.3641965502129214,4.0925896506387645,2.6714723845380615
2025,256,6,2,4,0.3333333333333333,0;2;3;5,0.5308137281568743,1.5629146676235868,2.0937283957804613,1.5629146676235868,1.8232276613065765,True,positive,low_under_50,0.0,0.5308137281568743,1.592441184470623,1.8380895624820146
2025,256,6,2,4,0.3333333333333333,0;2;4;5,0.4812078042106956,1.6125205915697656,2.0937283957804613,1.6125205915697656,1.8232276613065765,True,positive,low_under_50,0.0,0.4812078042106956,1.4436234126320868,1.7884836385358358
2025,256,6,2,4,0.3333333333333333,0;3;4;5,0.7797922990617272,1.313936096718734,2.0937283957804613,1.313936096718734,1.8232276613065765,True,positive,low_under_50,0.0,0.7797922990617272,2.339376897185182,2.0870681333868673
2025,256,6,2,4,0.3333333333333333,1;2;3;4,0.8339380589939109,1.2597903367865502,2.0937283957804613,1.2597903367865502,1.8232276613065765,True,positive,low_under_50,0.0,0.8339380589939109,2.501814176981733,2.141213893319051
2025,256,6,2,4,0.3333333333333333,1;2;3;5,0.0005552369378638566,2.0931731588425975,2.0937283957804613,2.0931731588425975,1.8232276613065765,True,positive,low_under_50,0.0,0.0005552369378638566,0.00166571081359157,1.3078310712630041
2025,256,6,2,4,0.3333333333333333,1;2;4;5,-0.049050687008314886,2.142779082788776,2.0937283957804613,2.142779082788776,1.8232276613065765,True,positive,low_under_50,0.0,-0.049050687008314886,-0.14715206102494466,1.2582251473168253
2025,256,6,2,4,0.3333333333333333,1;3;4;5,0.24953380784271673,1.8441945879377444,2.0937283957804613,1.8441945879377444,1.8232276613065765,True,positive,low_under_50,0.0,0.24953380784271673,0.7486014235281502,1.556809642167857
2025,256,6,2,4,0.3333333333333333,2;3;4;5,0.001765003423736422,2.0919633923567247,2.0937283957804613,2.0919633923567247,1.8232276613065765,True,positive,low_under_50,0.0,0.001765003423736422,0.005295010271209266,1.3090408377488767
2025,256,6,3,3,0.5,0;1;2,1.578182840616371,0.5155455551640902,2.0937283957804613,0.5155455551640902,1.5789614715739857,True,positive,moderate_50_to_80,0.0,1.578182840616371,3.156365681232742,2.558639716360226
2025,256,6,3,3,0.5,0;1;3,1.8767673354674026,0.21696106031305856,2.0937283957804613,0.21696106031305856,1.5789614715739857,True,positive,moderate_50_to_80,0.0,1.8767673354674026,3.753534670934805,2.857224211211258
2025,256,6,3,3,0.5,0;1;4,1.8271614115212238,0.2665669842592373,2.0937283957804613,0.2665669842592373,1.5789614715739857,True,positive,moderate_50_to_80,0.0,1.8271614115212238,3.6543228230424476,2.807618287265079
2025,256,6,3,3,0.5,0;1;5,0.9937785894651767,1.0999498063152844,2.0937283957804613,1.0999498063152844,1.5789614715739857,True,positive,moderate_50_to_80,0.0,0.9937785894651767,1.9875571789303532,1.974235465209032
2025,256,6,3,3,0.5,0;2;3,1.6289985310484223,0.46472986473203887,2.0937283957804613,0.46472986473203887,1.5789614715739857,True,positive,moderate_50_to_80,0.0,1.6289985310484223,3.2579970620968446,2.6094554067922777
2025,256,6,3,3,0.5,0;2;4,1.5793926071022435,0.5143357886782176,2.0937283957804613,0.5143357886782176,1.5789614715739857,True,positive,moderate_50_to_80,0.0,1.5793926071022435,3.158785214204487,2.559849482846099
2025,256,6,3,3,0.5,0;2;5,0.7460097850461964,1.3477186107342647,2.0937283957804613,1.3477186107342647,1.5789614715739857,True,positive,moderate_50_to_80,0.0,0.7460097850461964,1.4920195700923928,1.7264666607900516
2025,256,6,3,3,0.5,0;3;4,1.8779771019532752,0.215751293827186,2.0937283957804613,0.215751293827186,1.5789614715739857,True,positive,moderate_50_to_80,0.0,1.8779771019532752,3.75595420390655,2.85843397769713
2025,256,6,3,3,0.5,0;3;5,1.044594279897228,1.049134115883233,2.0937283957804613,1.049134115883233,1.5789614715739857,True,positive,moderate_50_to_80,0.0,1.044594279897228,2.089188559794456,2.0250511556410835
2025,256,6,3,3,0.5,0;4;5,0.9949883559510493,1.0987400398294118,2.0937283957804613,1.0987400398294118,1.5789614715739857,True,positive,moderate_50_to_80,0.0,0.9949883559510493,1.9899767119020986,1.9754452316949045
2025,256,6,3,3,0.5,1;2;3,1.0987400398294118,0.9949883559510493,2.0937283957804613,0.9949883559510493,1.5789614715739857,True,positive,moderate_50_to_80,0.0,1.0987400398294118,2.1974800796588236,2.079196915573267
2025,256,6,3,3,0.5,1;2;4,1.049134115883233,1.044594279897228,2.0937283957804613,1.044594279897228,1.5789614715739857,True,positive,moderate_50_to_80,0.0,1.049134115883233,2.098268231766466,2.0295909916270882
2025,256,6,3,3,0.5,1;2;5,0.215751293827186,1.8779771019532752,2.0937283957804613,1.8779771019532752,1.5789614715739857,True,positive,moderate_50_to_80,0.0,0.215751293827186,0.43150258765437205,1.1962081695710411
2025,256,6,3,3,0.5,1;3;4,1.3477186107342647,0.7460097850461964,2.0937283957804613,0.7460097850461964,1.5789614715739857,True,positive,moderate_50_to_80,0.0,1.3477186107342647,2.6954372214685294,2.32817548647812
2025,256,6,3,3,0.5,1;3;5,0.5143357886782176,1.5793926071022435,2.0937283957804613,1.5793926071022435,1.5789614715739857,True,positive,moderate_50_to_80,0.0,0.5143357886782176,1.0286715773564352,1.4947926644220728
2025,256,6,3,3,0.5,1;4;5,0.46472986473203887,1.6289985310484223,2.0937283957804613,1.6289985310484223,1.5789614715739857,True,positive,moderate_50_to_80,0.0,0.46472986473203887,0.9294597294640777,1.445186740475894
2025,256,6,3,3,0.5,2;3;4,1.0999498063152844,0.9937785894651767,2.0937283957804613,0.9937785894651767,1.5789614715739857,True,positive,moderate_50_to_80,0.0,1.0999498063152844,2.1998996126305688,2.08040668205914
2025,256,6,3,3,0.5,2;3;5,0.2665669842592373,1.8271614115212238,2.0937283957804613,1.8271614115212238,1.5789614715739857,True,positive,moderate_50_to_80,0.0,0.2665669842592373,0.5331339685184746,1.2470238600030925
2025,256,6,3,3,0.5,2;4;5,0.21696106031305856,1.8767673354674026,2.0937283957804613,1.8767673354674026,1.5789614715739857,True,positive,moderate_50_to_80,0.0,0.21696106031305856,0.4339221206261172,1.1974179360569137
2025,256,6,3,3,0.5,3;4;5,0.5155455551640902,1.578182840616371,2.0937283957804613,1.578182840616371,1.5789614715739857,True,positive,moderate_50_to_80,0.0,0.5155455551640902,1.0310911103281803,1.4960024309079454
2025,256,6,4,2,0.6666666666666666,0;1,2.0919633923567247,0.001765003423736422,2.0937283957804613,0.001765003423736422,1.2892166429567702,True,positive,moderate_50_to_80,0.0,2.0919633923567247,3.137945088535087,2.745601309519295
2025,256,6,4,2,0.6666666666666666,0;2,1.8441945879377444,0.24953380784271673,2.0937283957804613,0.24953380784271673,1.2892166429567702,True,positive,moderate_50_to_80,0.0,1.8441945879377444,2.7662918819066165,2.4978325051003143
2025,256,6,4,2,0.6666666666666666,0;3,2.142779082788776,-0.049050687008314886,2.0937283957804613,0.049050687008314886,1.2892166429567702,True,negative,moderate_50_to_80,0.0,2.142779082788776,3.2141686241831637,2.796416999951346
2025,256,6,4,2,0.6666666666666666,0;4,2.0931731588425975,0.0005552369378638566,2.0937283957804613,0.0005552369378638566,1.2892166429567702,True,positive,moderate_50_to_80,0.0,2.0931731588425975,3.139759738263896,2.7468110760051676
2025,256,6,4,2,0.6666666666666666,0;5,1.2597903367865502,0.8339380589939109,2.0937283957804613,0.8339380589939109,1.2892166429567702,True,positive,moderate_50_to_80,0.0,1.2597903367865502,1.8896855051798251,1.9134282539491203
2025,256,6,4,2,0.6666666666666666,1;2,1.313936096718734,0.7797922990617272,2.0937283957804613,0.7797922990617272,1.2892166429567702,True,positive,moderate_50_to_80,0.0,1.313936096718734,1.9709041450781009,1.967574013881304
2025,256,6,4,2,0.6666666666666666,1;3,1.6125205915697656,0.4812078042106956,2.0937283957804613,0.4812078042106956,1.2892166429567702,True,positive,moderate_50_to_80,0.0,1.6125205915697656,2.4187808873546484,2.2661585087323357
2025,256,6,4,2,0.6666666666666666,1;4,1.5629146676235868,0.5308137281568743,2.0937283957804613,0.5308137281568743,1.2892166429567702,True,positive,moderate_50_to_80,0.0,1.5629146676235868,2.34437200143538,2.216552584786157
2025,256,6,4,2,0.6666666666666666,1;5,0.7295318455675397,1.3641965502129214,2.0937283957804613,1.3641965502129214,1.2892166429567702,True,positive,moderate_50_to_80,0.0,0.7295318455675397,1.0942977683513095,1.3831697627301098
2025,256,6,4,2,0.6666666666666666,2;3,1.3647517871507853,0.7289766086296758,2.0937283957804613,0.7289766086296758,1.2892166429567702,True,positive,moderate_50_to_80,0.0,1.3647517871507853,2.047127680726178,2.018389704313355
2025,256,6,4,2,0.6666666666666666,2;4,1.3151458632046065,0.7785825325758546,2.0937283957804613,0.7785825325758546,1.2892166429567702,True,positive,moderate_50_to_80,0.0,1.3151458632046065,1.9727187948069096,1.9687837803671766
2025,256,6,4,2,0.6666666666666666,2;5,0.48176304114855945,1.6119653546319017,2.0937283957804613,1.6119653546319017,1.2892166429567702,True,positive,moderate_50_to_80,0.0,0.48176304114855945,0.7226445617228392,1.1354009583111295
2025,256,6,4,2,0.6666666666666666,3;4,1.6137303580556381,0.479998037724823,2.0937283957804613,0.479998037724823,1.2892166429567702,True,positive,moderate_50_to_80,0.0,1.6137303580556381,2.4205955370834573,2.2673682752182085
2025,256,6,4,2,0.6666666666666666,3;5,0.7803475359995911,1.31338085978087,2.0937283957804613,1.31338085978087,1.2892166429567702,True,positive,moderate_50_to_80,0.0,0.7803475359995911,1.1705213039993865,1.4339854531621612
2025,256,6,4,2,0.6666666666666666,4;5,0.7307416120534123,1.3629867837270488,2.0937283957804613,1.3629867837270488,1.2892166429567702,True,positive,moderate_50_to_80,0.0,0.7307416120534123,1.0961124180801183,1.3843795292159824
2025,256,6,5,1,0.8333333333333334,0,2.357975139678098,-0.264246743897637,2.0937283957804613,0.264246743897637,0.9116138306532883,True,negative,high_80_plus,0.0,2.357975139678098,2.829570167613718,2.684794098259383
2025,256,6,5,1,0.8333333333333334,1,1.8277166484590877,0.26601174732137345,2.0937283957804613,0.26601174732137345,0.9116138306532883,True,positive,high_80_plus,0.0,1.8277166484590877,2.193259978150905,2.1545356070403727
2025,256,6,5,1,0.8333333333333334,2,1.5799478440401074,0.5137805517403538,2.0937283957804613,0.5137805517403538,0.9116138306532883,True,positive,high_80_plus,0.0,1.5799478440401074,1.8959374128481286,1.9067668026213924
2025,256,6,5,1,0.8333333333333334,3,1.878532338891139,0.21519605688932214,2.0937283957804613,0.21519605688932214,0.9116138306532883,True,positive,high_80_plus,0.0,1.878532338891139,2.254238806669367,2.205351297472424
2025,256,6,5,1,0.8333333333333334,4,1.8289264149449602,0.2648019808355009,2.0937283957804613,0.2648019808355009,0.9116138306532883,True,positive,high_80_plus,0.0,1.8289264149449602,2.1947116979339523,2.155745373526245
2025,256,6,5,1,0.8333333333333334,5,0.9955435928889131,1.098184802891548,2.0937283957804613,1.098184802891548,0.9116138306532883,True,positive,high_80_plus,0.0,0.9955435928889131,1.1946523114666958,1.3223625514701982
2025,2567,2,1,1,0.5,0,2.513504725174922,0.5178796127944888,3.0313843379694108,0.5178796127944888,0.9116138306532883,True,positive,moderate_50_to_80,0.0,2.513504725174922,5.027009450349844,2.840323683756207
2025,2567,2,1,1,0.5,1,0.5178796127944888,2.513504725174922,3.0313843379694108,2.513504725174922,0.9116138306532883,False,positive,moderate_50_to_80,0.0,0.5178796127944888,1.0357592255889776,0.8446985713757739
2025,2572,12,1,11,0.08333333333333333,0;1;2;3;4;5;6;7;8;9;10,-0.49188346571347086,0.5374909348525915,0.04560746913912059,0.5374909348525915,3.023481029975545,True,positive,low_under_50,0.0,-0.49188346571347086,-5.90260158856165,3.103125078680665
2025,2572,12,1,11,0.08333333333333333,0;1;2;3;4;5;6;7;8;9;11,-0.4251164889975697,0.4707239581366903,0.04560746913912059,0.4707239581366903,3.023481029975545,True,positive,low_under_50,0.0,-0.4251164889975697,-5.101397867970837,3.1698920553965664
2025,2572,12,1,11,0.08333333333333333,0;1;2;3;4;5;6;7;8;10;11,-0.7468559791974352,0.7924634483365558,0.04560746913912059,0.7924634483365558,3.023481029975545,True,positive,low_under_50,0.0,-0.7468559791974352,-8.962271750369222,2.848152565196701
2025,2572,12,1,11,0.08333333333333333,0;1;2;3;4;5;6;7;9;10;11,-0.7468559791974352,0.7924634483365558,0.04560746913912059,0.7924634483365558,3.023481029975545,True,positive,low_under_50,0.0,-0.7468559791974352,-8.962271750369222,2.848152565196701
2025,2572,12,1,11,0.08333333333333333,0;1;2;3;4;5;6;8;9;10;11,-0.23187737944195533,0.2774848485810759,0.04560746913912059,0.2774848485810759,3.023481029975545,True,positive,low_under_50,0.0,-0.23187737944195533,-2.782528553303464,3.3631311649521805
2025,2572,12,1,11,0.08333333333333333,0;1;2;3;4;5;7;8;9;10;11,-0.7468559791974352,0.7924634483365558,0.04560746913912059,0.7924634483365558,3.023481029975545,True,positive,low_under_50,0.0,-0.7468559791974352,-8.962271750369222,2.848152565196701
2025,2572,12,1,11,0.08333333333333333,0;1;2;3;4;6;7;8;9;10;11,0.9533273362241009,-0.9077198670849803,0.04560746913912059,0.9077198670849803,3.023481029975545,True,negative,low_under_50,0.0,0.9533273362241009,11.439928034689212,4.548335880618237
2025,2572,12,1,11,0.08333333333333333,0;1;2;3;5;6;7;8;9;10;11,-0.7468559791974352,0.7924634483365558,0.04560746913912059,0.7924634483365558,3.023481029975545,True,positive,low_under_50,0.0,-0.7468559791974352,-8.962271750369222,2.848152565196701
2025,2572,12,1,11,0.08333333333333333,0;1;2;4;5;6;7;8;9;10;11,0.6586260379955186,-0.6130185688563979,0.04560746913912059,0.6130185688563979,3.023481029975545,True,negative,low_under_50,0.0,0.6586260379955186,7.903512455946222,4.253634582389655
2025,2572,12,1,11,0.08333333333333333,0;1;3;4;5;6;7;8;9;10;11,2.338215064551111,-2.2926075954119907,0.04560746913912059,2.2926075954119907,3.023481029975545,False,negative,low_under_50,0.0,2.338215064551111,28.058580774613333,5.933223608945247
2025,2572,12,1,11,0.08333333333333333,0;2;3;4;5;6;7;8;9;10;11,-0.7468559791974352,0.7924634483365558,0.04560746913912059,0.7924634483365558,3.023481029975545,True,positive,low_under_50,0.0,-0.7468559791974352,-8.962271750369222,2.848152565196701
2025,2572,12,1,11,0.08333333333333333,1;2;3;4;5;6;7;8;9;10;11,0.9785962605085619,-0.9329887913694412,0.04560746913912059,0.9329887913694412,3.023481029975545,True,negative,low_under_50,0.0,0.9785962605085619,11.743155126102742,4.573604804902698
2025,2572,12,2,10,0.16666666666666666,0;1;2;3;4;5;6;7;8;9,-0.9169999547110406,0.9626074238501612,0.04560746913912059,0.9626074238501612,2.882776051375414,True,positive,low_under_50,0.0,-0.9169999547110406,-5.501999728266243,2.35118963110181
2025,2572,12,2,10,0.16666666666666666,0;1;2;3;4;5;6;7;8;10,-1.2387394449109062,1.2843469140500265,0.04560746913912059,1.2843469140500265,2.882776051375414,True,positive,low_under_50,0.0,-1.2387394449109062,-7.432436669465437,2.0294501409019445
2025,2572,12,2,10,0.16666666666666666,0;1;2;3;4;5;6;7;8;11,-1.1719724681950048,1.2175799373341254,0.04560746913912059,1.2175799373341254,2.882776051375414,True,positive,low_under_50,0.0,-1.1719724681950048,-7.031834809170029,2.096217117617846
2025,2572,12,2,10,0.16666666666666666,0;1;2;3;4;5;6;7;9;10,-1.2387394449109062,1.2843469140500265,0.04560746913912059,1.2843469140500265,2.882776051375414,True,positive,low_under_50,0.0,-1.2387394449109062,-7.432436669465437,2.0294501409019445
2025,2572,12,2,10,0.16666666666666666,0;1;2;3;4;5;6;7;9;11,-1.1719724681950048,1.2175799373341254,0.04560746913912059,1.2175799373341254,2.882776051375414,True,positive,low_under_50,0.0,-1.1719724681950048,-7.031834809170029,2.096217117617846
2025,2572,12,2,10,0.16666666666666666,0;1;2;3;4;5;6;7;10;11,-1.4937119583948704,1.539319427533991,0.04560746913912059,1.539319427533991,2.882776051375414,True,positive,low_under_50,0.0,-1.4937119583948704,-8.962271750369222,1.7744776274179803
2025,2572,12,2,10,0.16666666666666666,0;1;2;3;4;5;6;8;9;10,-0.7237608451554262,0.7693683142945468,0.04560746913912059,0.7693683142945468,2.882776051375414,True,positive,low_under_50,0.0,-0.7237608451554262,-4.342565070932557,2.5444287406574246
2025,2572,12,2,10,0.16666666666666666,0;1;2;3;4;5;6;8;9;11,-0.656993868439525,0.7026013375786456,0.04560746913912059,0.7026013375786456,2.882776051375414,True,positive,low_under_50,0.0,-0.656993868439525,-3.94196321063715,2.6111957173733256
2025,2572,12,2,10,0.16666666666666666,0;1;2;3;4;5;6;8;10;11,-0.9787333586393905,1.024340827778511,0.04560746913912059,1.024340827778511,2.882776051375414,True,positive,low_under_50,0.0,-0.9787333586393905,-5.872400151836343,2.28945622717346
2025,2572,12,2,10,0.16666666666666666,0;1;2;3;4;5;6;9;10;11,-0.9787333586393905,1.024340827778511,0.04560746913912059,1.024340827778511,2.882776051375414,True,positive,low_under_50,0.0,-0.9787333586393905,-5.872400151836343,2.28945622717346
2025,2572,12,2,10,0.16666666666666666,0;1;2;3;4;5;7;8;9;10,-1.2387394449109062,1.2843469140500265,0.04560746913912059,1.2843469140500265,2.882776051375414,True,positive,low_under_50,0.0,-1.2387394449109062,-7.432436669465437,2.0294501409019445
2025,2572,12,2,10,0.16666666666666666,0;1;2;3;4;5;7;8;9;11,-1.1719724681950048,1.2175799373341254,0.04560746913912059,1.2175799373341254,2.882776051375414,True,positive,low_under_50,0.0,-1.1719724681950048,-7.031834809170029,2.096217117617846
2025,2572,12,2,10,0.16666666666666666,0;1;2;3;4;5;7;8;10;11,-1.4937119583948704,1.539319427533991,0.04560746913912059,1.539319427533991,2.882776051375414,True,positive,low_under_50,0.0,-1.4937119583948704,-8.962271750369222,1.7744776274179803
2025,2572,12,2,10,0.16666666666666666,0;1;2;3;4;5;7;9;10;11,-1.4937119583948704,1.539319427533991,0.04560746913912059,1.539319427533991,2.882776051375414,True,positive,low_under_50,0.0,-1.4937119583948704,-8.962271750369222,1.7744776274179803
2025,2572,12,2,10,0.16666666666666666,0;1;2;3;4;5;8;9;10;11,-0.9787333586393905,1.024340827778511,0.04560746913912059,1.024340827778511,2.882776051375414,True,positive,low_under_50,0.0,-0.9787333586393905,-5.872400151836343,2.28945622717346
2025,2572,12,2,10,0.16666666666666666,0;1;2;3;4;6;7;8;9;10,0.46144387051063007,-0.41583640137150946,0.04560746913912059,0.41583640137150946,2.882776051375414,True,negative,low_under_50,0.0,0.46144387051063007,2.7686632230637804,3.729633456323481
2025,2572,12,2,10,0.16666666666666666,0;1;2;3;4;6;7;8;9;11,0.5282108472265312,-0.4826033780874106,0.04560746913912059,0.4826033780874106,2.882776051375414,True,negative,low_under_50,0.0,0.5282108472265312,3.1692650833591873,3.796400433039382
2025,2572,12,2,10,0.16666666666666666,0;1;2;3;4;6;7;8;10;11,0.20647135702666575,-0.16086388788754516,0.04560746913912059,0.16086388788754516,2.882776051375414,True,negative,low_under_50,0.0,0.20647135702666575,1.2388281421599945,3.4746609428395163
2025,2572,12,2,10,0.16666666666666666,0;1;2;3;4;6;7;9;10;11,0.20647135702666575,-0.16086388788754516,0.04560746913912059,0.16086388788754516,2.882776051375414,True,negative,low_under_50,0.0,0.20647135702666575,1.2388281421599945,3.4746609428395163
2025,2572,12,2,10,0.16666666666666666,0;1;2;3;4;6;8;9;10;11,0.7214499567821456,-0.675842487643025,0.04560746913912059,0.675842487643025,2.882776051375414,True,negative,low_under_50,0.0,0.7214499567821456,4.3286997406928736,3.9896395425949964
2025,2572,12,2,10,0.16666666666666666,0;1;2;3;4;7;8;9;10;11,0.20647135702666575,-0.16086388788754516,0.04560746913912059,0.16086388788754516,2.882776051375414,True,negative,low_under_50,0.0,0.20647135702666575,1.2388281421599945,3.4746609428395163
2025,2572,12,2,10,0.16666666666666666,0;1;2;3;5;6;7;8;9;10,-1.2387394449109062,1.2843469140500265,0.04560746913912059,1.2843469140500265,2.882776051375414,True,positive,low_under_50,0.0,-1.2387394449109062,-7.432436669465437,2.0294501409019445
2025,2572,12,2,10,0.16666666666666666,0;1;2;3;5;6;7;8;9;11,-1.1719724681950048,1.2175799373341254,0.04560746913912059,1.2175799373341254,2.882776051375414,True,positive,low_under_50,0.0,-1.1719724681950048,-7.031834809170029,2.096217117617846
2025,2572,12,2,10,0.16666666666666666,0;1;2;3;5;6;7;8;10;11,-1.4937119583948704,1.539319427533991,0.04560746913912059,1.539319427533991,2.882776051375414,True,positive,low_under_50,0.0,-1.4937119583948704,-8.962271750369222,1.7744776274179803
2025,2572,12,2,10,0.16666666666666666,0;1;2;3;5;6;7;9;10;11,-1.4937119583948704,1.539319427533991,0.04560746913912059,1.539319427533991,2.882776051375414,True,positive,low_under_50,0.0,-1.4937119583948704,-8.962271750369222,1.7744776274179803
2025,2572,12,2,10,0.16666666666666666,0;1;2;3;5;6;8;9;10;11,-0.9787333586393905,1.024340827778511,0.04560746913912059,1.024340827778511,2.882776051375414,True,positive,low_under_50,0.0,-0.9787333586393905,-5.872400151836343,2.28945622717346
2025,2572,12,2,10,0.16666666666666666,0;1;2;3;5;7;8;9;10;11,-1.4937119583948704,1.539319427533991,0.04560746913912059,1.539319427533991,2.882776051375414,True,positive,low_under_50,0.0,-1.4937119583948704,-8.962271750369222,1.7744776274179803
2025,2572,12,2,10,0.16666666666666666,0;1;2;3;6;7;8;9;10;11,0.20647135702666575,-0.16086388788754516,0.04560746913912059,0.16086388788754516,2.882776051375414,True,negative,low_under_50,0.0,0.20647135702666575,1.2388281421599945,3.4746609428395163
2025,2572,12,2,10,0.16666666666666666,0;1;2;4;5;6;7;8;9;10,0.1667425722820477,-0.12113510314292711,0.04560746913912059,0.12113510314292711,2.882776051375414,True,negative,low_under_50,0.0,0.1667425722820477,1.0004554336922862,3.4349321580948984
2025,2572,12,2,10,0.16666666666666666,0;1;2;4;5;6;7;8;9;11,0.23350954899794885,-0.18790207985882826,0.04560746913912059,0.18790207985882826,2.882776051375414,True,negative,low_under_50,0.0,0.23350954899794885,1.401057293987693,3.5016991348107993
2025,2572,12,2,10,0.16666666666666666,0;1;2;4;5;6;7;8;10;11,-0.08822994120191663,0.13383741034103722,0.04560746913912059,0.13383741034103722,2.882776051375414,True,positive,low_under_50,0.0,-0.08822994120191663,-0.5293796472114998,3.179959644610934
2025,2572,12,2,10,0.16666666666666666,0;1;2;4;5;6;7;9;10;11,-0.08822994120191663,0.13383741034103722,0.04560746913912059,0.13383741034103722,2.882776051375414,True,positive,low_under_50,0.0,-0.08822994120191663,-0.5293796472114998,3.179959644610934
2025,2572,12,2,10,0.16666666666666666,0;1;2;4;5;6;8;9;10;11,0.42674865855356325,-0.38114118941444264,0.04560746913912059,0.38114118941444264,2.882776051375414,True,negative,low_under_50,0.0,0.42674865855356325,2.5604919513213797,3.694938244366414
2025,2572,12,2,10,0.16666666666666666,0;1;2;4;5;7;8;9;10;11,-0.08822994120191663,0.13383741034103722,0.04560746913912059,0.13383741034103722,2.882776051375414,True,positive,low_under_50,0.0,-0.08822994120191663,-0.5293796472114998,3.179959644610934
2025,2572,12,2,10,0.16666666666666666,0;1;2;4;6;7;8;9;10;11,1.6119533742196195,-1.5663459050804989,0.04560746913912059,1.5663459050804989,2.882776051375414,False,negative,low_under_50,0.0,1.6119533742196195,9.671720245317717,4.880142960032471
2025,2572,12,2,10,0.16666666666666666,0;1;2;5;6;7;8;9;10;11,-0.08822994120191663,0.13383741034103722,0.04560746913912059,0.13383741034103722,2.882776051375414,True,positive,low_under_50,0.0,-0.08822994120191663,-0.5293796472114998,3.179959644610934
2025,2572,12,2,10,0.16666666666666666,0;1;3;4;5;6;7;8;9;10,1.84633159883764,-1.8007241296985197,0.04560746913912059,1.8007241296985197,2.882776051375414,False,negative,low_under_50,0.0,1.84633159883764,11.07798959302584,5.11452118465049
2025,2572,12,2,10,0.16666666666666666,0;1;3;4;5;6;7;8;9;11,1.9130985755535415,-1.8674911064144208,0.04560746913912059,1.8674911064144208,2.882776051375414,False,negative,low_under_50,0.0,1.9130985755535415,11.478591453321249,5.181288161366393
2025,2572,12,2,10,0.16666666666666666,0;1;3;4;5;6;7;8;10;11,1.5913590853536759,-1.5457516162145553,0.04560746913912059,1.5457516162145553,2.882776051375414,False,negative,low_under_50,0.0,1.5913590853536759,9.548154512122055,4.859548671166527
2025,2572,12,2,10,0.16666666666666666,0;1;3;4;5;6;7;9;10;11,1.5913590853536759,-1.5457516162145553,0.04560746913912059,1.5457516162145553,2.882776051375414,False,negative,low_under_50,0.0,1.5913590853536759,9.548154512122055,4.859548671166527
2025,2572,12,2,10,0.16666666666666666,0;1;3;4;5;6;8;9;10;11,2.1063376851091555,-2.060730215970035,0.04560746913912059,2.060730215970035,2.882776051375414,False,negative,low_under_50,0.0,2.1063376851091555,12.638026110654934,5.374527270922006
2025,2572,12,2,10,0.16666666666666666,0;1;3;4;5;7;8;9;10;11,1.5913590853536759,-1.5457516162145553,0.04560746913912059,1.5457516162145553,2.882776051375414,False,negative,low_under_50,0.0,1.5913590853536759,9.548154512122055,4.859548671166527
2025,2572,12,2,10,0.16666666666666666,0;1;3;4;6;7;8;9;10;11,3.291542400775212,-3.2459349316360915,0.04560746913912059,3.2459349316360915,2.882776051375414,False,negative,low_under_50,0.0,3.291542400775212,19.74925440465127,6.559731986588062
2025,2572,12,2,10,0.16666666666666666,0;1;3;5;6;7;8;9;10;11,1.5913590853536759,-1.5457516162145553,0.04560746913912059,1.5457516162145553,2.882776051375414,False,negative,low_under_50,0.0,1.5913590853536759,9.548154512122055,4.859548671166527
2025,2572,12,2,10,0.16666666666666666,0;1;4;5;6;7;8;9;10;11,2.9968411025466297,-2.951233633407509,0.04560746913912059,2.951233633407509,2.882776051375414,False,negative,low_under_50,0.0,2.9968411025466297,17.98104661527978,6.265030688359481
2025,2572,12,2,10,0.16666666666666666,0;2;3;4;5;6;7;8;9;10,-1.2387394449109062,1.2843469140500265,0.04560746913912059,1.2843469140500265,2.882776051375414,True,positive,low_under_50,0.0,-1.2387394449109062,-7.432436669465437,2.0294501409019445
2025,2572,12,2,10,0.16666666666666666,0;2;3;4;5;6;7;8;9;11,-1.1719724681950048,1.2175799373341254,0.04560746913912059,1.2175799373341254,2.882776051375414,True,positive,low_under_50,0.0,-1.1719724681950048,-7.031834809170029,2.096217117617846
2025,2572,12,2,10,0.16666666666666666,0;2;3;4;5;6;7;8;10;11,-1.4937119583948704,1.539319427533991,0.04560746913912059,1.539319427533991,2.882776051375414,True,positive,low_under_50,0.0,-1.4937119583948704,-8.962271750369222,1.7744776274179803
2025,2572,12,2,10,0.16666666666666666,0;2;3;4;5;6;7;9;10;11,-1.4937119583948704,1.539319427533991,0.04560746913912059,1.539319427533991,2.882776051375414,True,positive,low_under_50,0.0,-1.4937119583948704,-8.962271750369222,1.7744776274179803
2025,2572,12,2,10,0.16666666666666666,0;2;3;4;5;6;8;9;10;11,-0.9787333586393905,1.024340827778511,0.04560746913912059,1.024340827778511,2.882776051375414,True,positive,low_under_50,0.0,-0.9787333586393905,-5.872400151836343,2.28945622717346
2025,2572,12,2,10,0.16666666666666666,0;2;3;4;5;7;8;9;10;11,-1.4937119583948704,1.539319427533991,0.04560746913912059,1.539319427533991,2.882776051375414,True,positive,low_under_50,0.0,-1.4937119583948704,-8.962271750369222,1.7744776274179803
2025,2572,12,2,10,0.16666666666666666,0;2;3;4;6;7;8;9;10;11,0.20647135702666575,-0.16086388788754516,0.04560746913912059,0.16086388788754516,2.882776051375414,True,negative,low_under_50,0.0,0.20647135702666575,1.2388281421599945,3.4746609428395163
2025,2572,12,2,10,0.16666666666666666,0;2;3;5;6;7;8;9;10;11,-1.4937119583948704,1.539319427533991,0.04560746913912059,1.539319427533991,2.882776051375414,True,positive,low_under_50,0.0,-1.4937119583948704,-8.962271750369222,1.7744776274179803
2025,2572,12,2,10,0.16666666666666666,0;2;4;5;6;7;8;9;10;11,-0.08822994120191663,0.13383741034103722,0.04560746913912059,0.13383741034103722,2.882776051375414,True,positive,low_under_50,0.0,-0.08822994120191663,-0.5293796472114998,3.179959644610934
2025,2572,12,2,10,0.16666666666666666,0;3;4;5;6;7;8;9;10;11,1.5913590853536759,-1.5457516162145553,0.04560746913912059,1.5457516162145553,2.882776051375414,False,negative,low_under_50,0.0,1.5913590853536759,9.548154512122055,4.859548671166527
2025,2572,12,2,10,0.16666666666666666,1;2;3;4;5;6;7;8;9;10,0.486712794795091,-0.4411053256559704,0.04560746913912059,0.4411053256559704,2.882776051375414,True,negative,low_under_50,0.0,0.486712794795091,2.920276768770546,3.7549023806079416
2025,2572,12,2,10,0.16666666666666666,1;2;3;4;5;6;7;8;9;11,0.5534797715109921,-0.5078723023718715,0.04560746913912059,0.5078723023718715,2.882776051375414,True,negative,low_under_50,0.0,0.5534797715109921,3.3208786290659527,3.821669357323843
2025,2572,12,2,10,0.16666666666666666,1;2;3;4;5;6;7;8;10;11,0.23174028131112667,-0.18613281217200608,0.04560746913912059,0.18613281217200608,2.882776051375414,True,negative,low_under_50,0.0,0.23174028131112667,1.39044168786676,3.4999298671239774
2025,2572,12,2,10,0.16666666666666666,1;2;3;4;5;6;7;9;10;11,0.23174028131112667,-0.18613281217200608,0.04560746913912059,0.18613281217200608,2.882776051375414,True,negative,low_under_50,0.0,0.23174028131112667,1.39044168786676,3.4999298671239774
2025,2572,12,2,10,0.16666666666666666,1;2;3;4;5;6;8;9;10;11,0.7467188810666066,-0.7011114119274859,0.04560746913912059,0.7011114119274859,2.882776051375414,True,negative,low_under_50,0.0,0.7467188810666066,4.480313286399639,4.014908466879457
2025,2572,12,2,10,0.16666666666666666,1;2;3;4;5;7;8;9;10;11,0.23174028131112667,-0.18613281217200608,0.04560746913912059,0.18613281217200608,2.882776051375414,True,negative,low_under_50,0.0,0.23174028131112667,1.39044168786676,3.4999298671239774
2025,2572,12,2,10,0.16666666666666666,1;2;3;4;6;7;8;9;10;11,1.9319235967326627,-1.8863161275935423,0.04560746913912059,1.8863161275935423,2.882776051375414,False,negative,low_under_50,0.0,1.9319235967326627,11.591541580395976,5.200113182545513
2025,2572,12,2,10,0.16666666666666666,1;2;3;5;6;7;8;9;10;11,0.23174028131112667,-0.18613281217200608,0.04560746913912059,0.18613281217200608,2.882776051375414,True,negative,low_under_50,0.0,0.23174028131112667,1.39044168786676,3.4999298671239774
2025,2572,12,2,10,0.16666666666666666,1;2;4;5;6;7;8;9;10;11,1.6372222985040805,-1.59161482936496,0.04560746913912059,1.59161482936496,2.882776051375414,False,negative,low_under_50,0.0,1.6372222985040805,9.823333791024483,4.905411884316932
2025,2572,12,2,10,0.16666666666666666,1;3;4;5;6;7;8;9;10;11,3.316811325059673,-3.2712038559205525,0.04560746913912059,3.2712038559205525,2.882776051375414,False,negative,low_under_50,0.0,3.316811325059673,19.900867950358037,6.585000910872523
2025,2572,12,2,10,0.16666666666666666,2;3;4;5;6;7;8;9;10;11,0.23174028131112667,-0.18613281217200608,0.04560746913912059,0.18613281217200608,2.882776051375414,True,negative,low_under_50,0.0,0.23174028131112667,1.39044168786676,3.4999298671239774
2025,2572,12,3,9,0.25,0;1;2;3;4;5;6;7;8,-1.6638559339084757,1.7094634030475964,0.04560746913912059,1.7094634030475964,2.7348414919598647,True,positive,low_under_50,0.0,-1.6638559339084757,-6.655423735633903,1.2775146933230896
2025,2572,12,3,9,0.25,0;1;2;3;4;5;7;8;9,-1.6638559339084757,1.7094634030475964,0.04560746913912059,1.7094634030475964,2.7348414919598647,True,positive,low_under_50,0.0,-1.6638559339084757,-6.655423735633903,1.2775146933230896
2025,2572,12,3,9,0.25,0;1;2;3;4;5;8;9;10,-1.4706168243528615,1.516224293491982,0.04560746913912059,1.516224293491982,2.7348414919598647,True,positive,low_under_50,0.0,-1.4706168243528615,-5.882467297411446,1.470753802878704
2025,2572,12,3,9,0.25,0;1;2;3;4;5;8;9;11,-1.4038498476369603,1.4494573167760807,0.04560746913912059,1.4494573167760807,2.7348414919598647,True,positive,low_under_50,0.0,-1.4038498476369603,-5.61539939054784,1.537520779594605
2025,2572,12,3,9,0.25,0;1;2;3;4;6;7;8;9,0.036327381513060364,0.009280087626060224,0.04560746913912059,0.009280087626060224,2.7348414919598647,True,positive,low_under_50,0.0,0.036327381513060364,0.14530952605224146,2.9776980087446256
2025,2572,12,3,9,0.25,0;1;2;3;4;6;7;9;11,-0.21864513197090396,0.2642526011100246,0.04560746913912059,0.2642526011100246,2.7348414919598647,True,positive,low_under_50,0.0,-0.21864513197090396,-0.8745805278836158,2.7227254952606614
2025,2572,12,3,9,0.25,0;1;2;3;4;6;7;10;11,-0.5403846221707694,0.58599209130989,0.04560746913912059,0.58599209130989,2.7348414919598647,True,positive,low_under_50,0.0,-0.5403846221707694,-2.1615384886830777,2.400986005060796
2025,2572,12,3,9,0.25,0;1;2;3;4;6;8;9;11,0.2963334677845759,-0.2507259986454553,0.04560746913912059,0.2507259986454553,2.7348414919598647,True,negative,low_under_50,0.0,0.2963334677845759,1.1853338711383037,3.2377040950161415
2025,2572,12,3,9,0.25,0;1;2;3;4;7;8;9;11,-0.21864513197090396,0.2642526011100246,0.04560746913912059,0.2642526011100246,2.7348414919598647,True,positive,low_under_50,0.0,-0.21864513197090396,-0.8745805278836158,2.7227254952606614
2025,2572,12,3,9,0.25,0;1;2;3;4;7;9;10;11,-0.5403846221707694,0.58599209130989,0.04560746913912059,0.58599209130989,2.7348414919598647,True,positive,low_under_50,0.0,-0.5403846221707694,-2.1615384886830777,2.400986005060796
2025,2572,12,3,9,0.25,0;1;2;3;5;6;7;8;10,-1.9855954241083413,2.0312028932474617,0.04560746913912059,2.0312028932474617,2.7348414919598647,True,positive,low_under_50,0.0,-1.9855954241083413,-7.942381696433365,0.9557752031232241
2025,2572,12,3,9,0.25,0;1;2;3;5;6;7;9;10,-1.9855954241083413,2.0312028932474617,0.04560746913912059,2.0312028932474617,2.7348414919598647,True,positive,low_under_50,0.0,-1.9855954241083413,-7.942381696433365,0.9557752031232241
2025,2572,12,3,9,0.25,0;1;2;3;5;7;8;9;10,-1.9855954241083413,2.0312028932474617,0.04560746913912059,2.0312028932474617,2.7348414919598647,True,positive,low_under_50,0.0,-1.9855954241083413,-7.942381696433365,0.9557752031232241
2025,2572,12,3,9,0.25,0;1;2;3;5;7;8;10;11,-2.2405679375923055,2.286175406731426,0.04560746913912059,2.286175406731426,2.7348414919598647,True,positive,low_under_50,0.0,-2.2405679375923055,-8.962271750369222,0.7008026896392598
2025,2572,12,3,9,0.25,0;1;2;3;5;8;9;10;11,-1.7255893378368257,1.7711968069759463,0.04560746913912059,1.7711968069759463,2.7348414919598647,True,positive,low_under_50,0.0,-1.7255893378368257,-6.902357351347303,1.2157812893947397
2025,2572,12,3,9,0.25,0;1;2;3;7;8;9;10;11,-0.5403846221707694,0.58599209130989,0.04560746913912059,0.58599209130989,2.7348414919598647,True,positive,low_under_50,0.0,-0.5403846221707694,-2.1615384886830777,2.400986005060796
2025,2572,12,3,9,0.25,0;1;2;4;5;6;7;8;9,-0.258373916715522,0.3039813858546426,0.04560746913912059,0.3039813858546426,2.7348414919598647,True,positive,low_under_50,0.0,-0.258373916715522,-1.033495666862088,2.6829967105160435
2025,2572,12,3,9,0.25,0;1;2;4;5;6;7;8;11,-0.5133464301994863,0.558953899338607,0.04560746913912059,0.558953899338607,2.7348414919598647,True,positive,low_under_50,0.0,-0.5133464301994863,-2.0533857207979453,2.4280241970320793
2025,2572,12,3,9,0.25,0;1;2;4;5;6;7;9;11,-0.5133464301994863,0.558953899338607,0.04560746913912059,0.558953899338607,2.7348414919598647,True,positive,low_under_50,0.0,-0.5133464301994863,-2.0533857207979453,2.4280241970320793
2025,2572,12,3,9,0.25,0;1;2;4;5;6;8;10;11,-0.32010732064387193,0.36571478978299254,0.04560746913912059,0.36571478978299254,2.7348414919598647,True,positive,low_under_50,0.0,-0.32010732064387193,-1.2804292825754877,2.6212633065876934
2025,2572,12,3,9,0.25,0;1;2;4;5;7;9;10;11,-0.8350859203993518,0.8806933895384724,0.04560746913912059,0.8806933895384724,2.7348414919598647,True,positive,low_under_50,0.0,-0.8350859203993518,-3.3403436815974072,2.1062847068322137
2025,2572,12,3,9,0.25,0;1;2;4;6;7;9;10;11,0.8650973950221843,-0.8194899258830637,0.04560746913912059,0.8194899258830637,2.7348414919598647,True,negative,low_under_50,0.0,0.8650973950221843,3.460389580088737,3.8064680222537497
2025,2572,12,3,9,0.25,0;1;2;4;6;8;9;10;11,1.3800759947776642,-1.3344685256385436,0.04560746913912059,1.3344685256385436,2.7348414919598647,True,negative,low_under_50,0.0,1.3800759947776642,5.520303979110657,4.32144662200923
2025,2572,12,3,9,0.25,0;1;2;4;7;8;9;10;11,0.8650973950221843,-0.8194899258830637,0.04560746913912059,0.8194899258830637,2.7348414919598647,True,negative,low_under_50,0.0,0.8650973950221843,3.460389580088737,3.8064680222537497
2025,2572,12,3,9,0.25,0;1;2;5;6;7;8;9;10,-0.5801134069153875,0.6257208760545081,0.04560746913912059,0.6257208760545081,2.7348414919598647,True,positive,low_under_50,0.0,-0.5801134069153875,-2.32045362766155,2.361257220316178
2025,2572,12,3,9,0.25,0;1;2;5;6;7;8;9;11,-0.5133464301994863,0.558953899338607,0.04560746913912059,0.558953899338607,2.7348414919598647,True,positive,low_under_50,0.0,-0.5133464301994863,-2.0533857207979453,2.4280241970320793
2025,2572,12,3,9,0.25,0;1;2;5;6;7;8;10;11,-0.8350859203993518,0.8806933895384724,0.04560746913912059,0.8806933895384724,2.7348414919598647,True,positive,low_under_50,0.0,-0.8350859203993518,-3.3403436815974072,2.1062847068322137
2025,2572,12,3,9,0.25,0;1;2;5;6;7;9;10;11,-0.8350859203993518,0.8806933895384724,0.04560746913912059,0.8806933895384724,2.7348414919598647,True,positive,low_under_50,0.0,-0.8350859203993518,-3.3403436815974072,2.1062847068322137
2025,2572,12,3,9,0.25,0;1;2;5;6;8;9;10;11,-0.32010732064387193,0.36571478978299254,0.04560746913912059,0.36571478978299254,2.7348414919598647,True,positive,low_under_50,0.0,-0.32010732064387193,-1.2804292825754877,2.6212633065876934
2025,2572,12,3,9,0.25,0;1;2;5;7;8;9;10;11,-0.8350859203993518,0.8806933895384724,0.04560746913912059,0.8806933895384724,2.7348414919598647,True,positive,low_under_50,0.0,-0.8350859203993518,-3.3403436815974072,2.1062847068322137
2025,2572,12,3,9,0.25,0;1;3;4;5;6;7;8;10,1.099475619640205,-1.0538681505010845,0.04560746913912059,1.0538681505010845,2.7348414919598647,True,negative,low_under_50,0.0,1.099475619640205,4.39790247856082,4.04084624687177
2025,2572,12,3,9,0.25,0;1;3;4;5;6;7;9;11,1.1662425963561063,-1.1206351272169857,0.04560746913912059,1.1206351272169857,2.7348414919598647,True,negative,low_under_50,0.0,1.1662425963561063,4.664970385424425,4.107613223587672
2025,2572,12,3,9,0.25,0;1;3;4;5;6;8;9;10,1.6144542193956848,-1.5688467502565642,0.04560746913912059,1.5688467502565642,2.7348414919598647,False,negative,low_under_50,0.0,1.6144542193956848,6.457816877582739,4.55582484662725
2025,2572,12,3,9,0.25,0;1;3;4;5;6;8;9;11,1.681221196111586,-1.6356137269724655,0.04560746913912059,1.6356137269724655,2.7348414919598647,False,negative,low_under_50,0.0,1.681221196111586,6.724884784446343,4.622591823343152
2025,2572,12,3,9,0.25,0;1;3;4;5;6;8;10;11,1.3594817059117206,-1.3138742367726,0.04560746913912059,1.3138742367726,2.7348414919598647,True,negative,low_under_50,0.0,1.3594817059117206,5.437926823646882,4.300852333143286
2025,2572,12,3,9,0.25,0;1;3;4;5;7;8;9;10,1.099475619640205,-1.0538681505010845,0.04560746913912059,1.0538681505010845,2.7348414919598647,True,negative,low_under_50,0.0,1.099475619640205,4.39790247856082,4.04084624687177
2025,2572,12,3,9,0.25,0;1;3;4;7;8;9;10;11,2.5446864215777767,-2.4990789524386563,0.04560746913912059,2.4990789524386563,2.7348414919598647,False,negative,low_under_50,0.0,2.5446864215777767,10.178745686311107,5.486057048809342
2025,2572,12,3,9,0.25,0;1;3;5;6;7;8;10;11,0.8445031061562407,-0.7988956370171201,0.04560746913912059,0.7988956370171201,2.7348414919598647,True,negative,low_under_50,0.0,0.8445031061562407,3.3780124246249628,3.785873733387806
2025,2572,12,3,9,0.25,0;1;3;5;6;7;9;10;11,0.8445031061562407,-0.7988956370171201,0.04560746913912059,0.7988956370171201,2.7348414919598647,True,negative,low_under_50,0.0,0.8445031061562407,3.3780124246249628,3.785873733387806
2025,2572,12,3,9,0.25,0;1;4;5;6;7;8;10;11,2.2499851233491945,-2.2043776542100737,0.04560746913912059,2.2043776542100737,2.7348414919598647,False,negative,low_under_50,0.0,2.2499851233491945,8.999940493396778,5.19135575058076
2025,2572,12,3,9,0.25,0;1;4;5;6;7;9;10;11,2.2499851233491945,-2.2043776542100737,0.04560746913912059,2.2043776542100737,2.7348414919598647,False,negative,low_under_50,0.0,2.2499851233491945,8.999940493396778,5.19135575058076
2025,2572,12,3,9,0.25,0;2;3;4;5;6;7;8;9,-1.6638559339084757,1.7094634030475964,0.04560746913912059,1.7094634030475964,2.7348414919598647,True,positive,low_under_50,0.0,-1.6638559339084757,-6.655423735633903,1.2775146933230896
2025,2572,12,3,9,0.25,0;2;3;4;5;6;7;8;11,-1.91882844739244,1.9644359165315606,0.04560746913912059,1.9644359165315606,2.7348414919598647,True,positive,low_under_50,0.0,-1.91882844739244,-7.67531378956976,1.0225421798391254
2025,2572,12,3,9,0.25,0;2;3;4;5;6;7;10;11,-2.2405679375923055,2.286175406731426,0.04560746913912059,2.286175406731426,2.7348414919598647,True,positive,low_under_50,0.0,-2.2405679375923055,-8.962271750369222,0.7008026896392598
2025,2572,12,3,9,0.25,0;2;3;4;5;6;9;10;11,-1.7255893378368257,1.7711968069759463,0.04560746913912059,1.7711968069759463,2.7348414919598647,True,positive,low_under_50,0.0,-1.7255893378368257,-6.902357351347303,1.2157812893947397
2025,2572,12,3,9,0.25,0;2;3;4;5;7;8;9;10,-1.9855954241083413,2.0312028932474617,0.04560746913912059,2.0312028932474617,2.7348414919598647,True,positive,low_under_50,0.0,-1.9855954241083413,-7.942381696433365,0.9557752031232241
2025,2572,12,3,9,0.25,0;2;3;4;5;7;8;9;11,-1.91882844739244,1.9644359165315606,0.04560746913912059,1.9644359165315606,2.7348414919598647,True,positive,low_under_50,0.0,-1.91882844739244,-7.67531378956976,1.0225421798391254
2025,2572,12,3,9,0.25,0;2;3;4;5;7;9;10;11,-2.2405679375923055,2.286175406731426,0.04560746913912059,2.286175406731426,2.7348414919598647,True,positive,low_under_50,0.0,-2.2405679375923055,-8.962271750369222,0.7008026896392598
2025,2572,12,3,9,0.25,0;2;3;4;5;8;9;10;11,-1.7255893378368257,1.7711968069759463,0.04560746913912059,1.7711968069759463,2.7348414919598647,True,positive,low_under_50,0.0,-1.7255893378368257,-6.902357351347303,1.2157812893947397
2025,2572,12,3,9,0.25,0;2;3;4;6;7;8;9;10,-0.2854121086868051,0.3310195778259257,0.04560746913912059,0.3310195778259257,2.7348414919598647,True,positive,low_under_50,0.0,-0.2854121086868051,-1.1416484347472204,2.65595851854476
2025,2572,12,3,9,0.25,0;2;3;5;6;7;8;9;10,-1.9855954241083413,2.0312028932474617,0.04560746913912059,2.0312028932474617,2.7348414919598647,True,positive,low_under_50,0.0,-1.9855954241083413,-7.942381696433365,0.9557752031232241
2025,2572,12,3,9,0.25,0;2;3;5;6;7;8;10;11,-2.2405679375923055,2.286175406731426,0.04560746913912059,2.286175406731426,2.7348414919598647,True,positive,low_under_50,0.0,-2.2405679375923055,-8.962271750369222,0.7008026896392598
2025,2572,12,3,9,0.25,0;2;3;5;6;7;9;10;11,-2.2405679375923055,2.286175406731426,0.04560746913912059,2.286175406731426,2.7348414919598647,True,positive,low_under_50,0.0,-2.2405679375923055,-8.962271750369222,0.7008026896392598
2025,2572,12,3,9,0.25,0;2;3;6;7;8;9;10;11,-0.5403846221707694,0.58599209130989,0.04560746913912059,0.58599209130989,2.7348414919598647,True,positive,low_under_50,0.0,-0.5403846221707694,-2.1615384886830777,2.400986005060796
2025,2572,12,3,9,0.25,0;2;4;5;6;7;8;9;10,-0.5801134069153875,0.6257208760545081,0.04560746913912059,0.6257208760545081,2.7348414919598647,True,positive,low_under_50,0.0,-0.5801134069153875,-2.32045362766155,2.361257220316178
2025,2572,12,3,9,0.25,0;2;4;5;6;7;8;10;11,-0.8350859203993518,0.8806933895384724,0.04560746913912059,0.8806933895384724,2.7348414919598647,True,positive,low_under_50,0.0,-0.8350859203993518,-3.3403436815974072,2.1062847068322137
2025,2572,12,3,9,0.25,0;2;4;5;7;8;9;10;11,-0.8350859203993518,0.8806933895384724,0.04560746913912059,0.8806933895384724,2.7348414919598647,True,positive,low_under_50,0.0,-0.8350859203993518,-3.3403436815974072,2.1062847068322137
2025,2572,12,3,9,0.25,0;3;4;5;6;7;8;9;10,1.099475619640205,-1.0538681505010845,0.04560746913912059,1.0538681505010845,2.7348414919598647,True,negative,low_under_50,0.0,1.099475619640205,4.39790247856082,4.04084624687177
2025,2572,12,3,9,0.25,0;3;4;5;6;7;9;10;11,0.8445031061562407,-0.7988956370171201,0.04560746913912059,0.7988956370171201,2.7348414919598647,True,negative,low_under_50,0.0,0.8445031061562407,3.3780124246249628,3.785873733387806
2025,2572,12,3,9,0.25,0;3;4;5;7;8;9;10;11,0.8445031061562407,-0.7988956370171201,0.04560746913912059,0.7988956370171201,2.7348414919598647,True,negative,low_under_50,0.0,0.8445031061562407,3.3780124246249628,3.785873733387806
2025,2572,12,3,9,0.25,0;3;4;6;7;8;9;10;11,2.5446864215777767,-2.4990789524386563,0.04560746913912059,2.4990789524386563,2.7348414919598647,False,negative,low_under_50,0.0,2.5446864215777767,10.178745686311107,5.486057048809342
2025,2572,12,3,9,0.25,0;3;5;6;7;8;9;10;11,0.8445031061562407,-0.7988956370171201,0.04560746913912059,0.7988956370171201,2.7348414919598647,True,negative,low_under_50,0.0,0.8445031061562407,3.3780124246249628,3.785873733387806
2025,2572,12,3,9,0.25,1;2;3;4;5;6;7;8;11,-0.19337620768644304,0.23898367682556362,0.04560746913912059,0.23898367682556362,2.7348414919598647,True,positive,low_under_50,0.0,-0.19337620768644304,-0.7735048307457721,2.7479944195451225
2025,2572,12,3,9,0.25,1;2;3;4;5;6;7;10;11,-0.5151156978863085,0.5607231670254291,0.04560746913912059,0.5607231670254291,2.7348414919598647,True,positive,low_under_50,0.0,-0.5151156978863085,-2.060462791545234,2.426254929345257
2025,2572,12,3,9,0.25,1;2;3;4;5;6;8;9;10,0.2548354153531357,-0.20922794621401508,0.04560746913912059,0.20922794621401508,2.7348414919598647,True,negative,low_under_50,0.0,0.2548354153531357,1.0193416614125428,3.196206042584701
2025,2572,12,3,9,0.25,1;2;3;4;5;6;8;9;11,0.32160239206903685,-0.27599492292991623,0.04560746913912059,0.27599492292991623,2.7348414919598647,True,negative,low_under_50,0.0,0.32160239206903685,1.2864095682761474,3.262973019300602
2025,2572,12,3,9,0.25,1;2;3;4;5;6;8;10;11,-0.00013709813082865563,0.04574456726994924,0.04560746913912059,0.04574456726994924,2.7348414919598647,True,positive,low_under_50,0.0,-0.00013709813082865563,-0.0005483925233146225,2.9412335291007365
2025,2572,12,3,9,0.25,1;2;3;4;6;7;8;9;11,1.506807107735093,-1.4611996385959725,0.04560746913912059,1.4611996385959725,2.7348414919598647,True,negative,low_under_50,0.0,1.506807107735093,6.027228430940372,4.4481777349666585
2025,2572,12,3,9,0.25,1;2;3;4;6;7;8;10;11,1.1850676175352275,-1.139460148396107,0.04560746913912059,1.139460148396107,2.7348414919598647,True,negative,low_under_50,0.0,1.1850676175352275,4.74027047014091,4.126438244766793
2025,2572,12,3,9,0.25,1;2;3;4;6;7;9;10;11,1.1850676175352275,-1.139460148396107,0.04560746913912059,1.139460148396107,2.7348414919598647,True,negative,low_under_50,0.0,1.1850676175352275,4.74027047014091,4.126438244766793
2025,2572,12,3,9,0.25,1;2;3;5;6;7;9;10;11,-0.5151156978863085,0.5607231670254291,0.04560746913912059,0.5607231670254291,2.7348414919598647,True,positive,low_under_50,0.0,-0.5151156978863085,-2.060462791545234,2.426254929345257
2025,2572,12,3,9,0.25,1;2;3;5;6;8;9;10;11,-0.00013709813082865563,0.04574456726994924,0.04560746913912059,0.04574456726994924,2.7348414919598647,True,positive,low_under_50,0.0,-0.00013709813082865563,-0.0005483925233146225,2.9412335291007365
2025,2572,12,3,9,0.25,1;2;3;6;7;8;9;10;11,1.1850676175352275,-1.139460148396107,0.04560746913912059,1.139460148396107,2.7348414919598647,True,negative,low_under_50,0.0,1.1850676175352275,4.74027047014091,4.126438244766793
2025,2572,12,3,9,0.25,1;2;4;5;6;7;8;9;11,1.2121058095065107,-1.16649834036739,0.04560746913912059,1.16649834036739,2.7348414919598647,True,negative,low_under_50,0.0,1.2121058095065107,4.848423238026043,4.153476436738076
2025,2572,12,3,9,0.25,1;3;4;5;7;8;9;10;11,2.5699553458622377,-2.5243478767231173,0.04560746913912059,2.5243478767231173,2.7348414919598647,False,negative,low_under_50,0.0,2.5699553458622377,10.279821383448951,5.511325973093803
2025,2572,12,3,9,0.25,1;3;5;6;7;8;9;10;11,2.5699553458622377,-2.5243478767231173,0.04560746913912059,2.5243478767231173,2.7348414919598647,False,negative,low_under_50,0.0,2.5699553458622377,10.279821383448951,5.511325973093803
2025,2572,12,3,9,0.25,2;3;4;5;6;7;8;10;11,-0.5151156978863085,0.5607231670254291,0.04560746913912059,0.5607231670254291,2.7348414919598647,True,positive,low_under_50,0.0,-0.5151156978863085,-2.060462791545234,2.426254929345257
2025,2572,12,3,9,0.25,2;3;4;5;6;7;9;10;11,-0.5151156978863085,0.5607231670254291,0.04560746913912059,0.5607231670254291,2.7348414919598647,True,positive,low_under_50,0.0,-0.5151156978863085,-2.060462791545234,2.426254929345257
2025,2572,12,3,9,0.25,3;4;5;6;7;8;9;10;11,2.5699553458622377,-2.5243478767231173,0.04560746913912059,2.5243478767231173,2.7348414919598647,False,negative,low_under_50,0.0,2.5699553458622377,10.279821383448951,5.511325973093803
2025,2572,12,4,8,0.3333333333333333,0;1;2;3;4;5;6;7,-2.410711913105911,2.4563193822450313,0.04560746913912059,2.4563193822450313,2.5784332859135404,True,positive,low_under_50,0.0,-2.410711913105911,-7.232135739317733,0.20383975554436962
2025,2572,12,4,8,0.3333333333333333,0;1;2;3;4;6;7;9,-0.7105285976843748,0.7561360668234954,0.04560746913912059,0.7561360668234954,2.5784332859135404,True,positive,low_under_50,0.0,-0.7105285976843748,-2.1315857930531243,1.9040230709659056
2025,2572,12,4,8,0.3333333333333333,0;1;2;3;4;6;7;11,-0.9655011111683391,1.0111085803074598,0.04560746913912059,1.0111085803074598,2.5784332859135404,True,positive,low_under_50,0.0,-0.9655011111683391,-2.8965033335050174,1.6490505574819414
2025,2572,12,4,8,0.3333333333333333,0;1;2;3;4;6;8;10,-0.5172894881287604,0.562896957267881,0.04560746913912059,0.562896957267881,2.5784332859135404,True,positive,low_under_50,0.0,-0.5172894881287604,-1.5518684643862812,2.09726218052152
2025,2572,12,4,8,0.3333333333333333,0;1;2;3;4;7;8;11,-0.9655011111683391,1.0111085803074598,0.04560746913912059,1.0111085803074598,2.5784332859135404,True,positive,low_under_50,0.0,-0.9655011111683391,-2.8965033335050174,1.6490505574819414
2025,2572,12,4,8,0.3333333333333333,0;1;2;3;5;6;7;8,-2.410711913105911,2.4563193822450313,0.04560746913912059,2.4563193822450313,2.5784332859135404,True,positive,low_under_50,0.0,-2.410711913105911,-7.232135739317733,0.20383975554436962
2025,2572,12,4,8,0.3333333333333333,0;1;2;3;5;7;8;11,-2.665684426589875,2.711291895728996,0.04560746913912059,2.711291895728996,2.5784332859135404,True,positive,low_under_50,0.0,-2.665684426589875,-7.997053279769625,-0.0511327579395946
2025,2572,12,4,8,0.3333333333333333,0;1;2;3;5;9;10;11,-2.472445317034261,2.5180527861733815,0.04560746913912059,2.5180527861733815,2.5784332859135404,True,positive,low_under_50,0.0,-2.472445317034261,-7.417335951102784,0.14210635161601948
2025,2572,12,4,8,0.3333333333333333,0;1;2;3;6;7;10;11,-1.2872406013682047,1.3328480705073251,0.04560746913912059,1.3328480705073251,2.5784332859135404,True,positive,low_under_50,0.0,-1.2872406013682047,-3.861721804104614,1.3273110672820758
2025,2572,12,4,8,0.3333333333333333,0;1;2;4;5;6;7;8,-1.005229895912957,1.0508373650520777,0.04560746913912059,1.0508373650520777,2.5784332859135404,True,positive,low_under_50,0.0,-1.005229895912957,-3.0156896877388712,1.6093217727373235
2025,2572,12,4,8,0.3333333333333333,0;1;2;4;5;6;7;9,-1.005229895912957,1.0508373650520777,0.04560746913912059,1.0508373650520777,2.5784332859135404,True,positive,low_under_50,0.0,-1.005229895912957,-3.0156896877388712,1.6093217727373235
2025,2572,12,4,8,0.3333333333333333,0;1;2;4;5;6;7;10,-1.3269693861128227,1.3725768552519433,0.04560746913912059,1.3725768552519433,2.5784332859135404,True,positive,low_under_50,0.0,-1.3269693861128227,-3.980908158338468,1.2875822825374579
2025,2572,12,4,8,0.3333333333333333,0;1;2;4;5;8;9;11,-0.7452238096414416,0.7908312787805623,0.04560746913912059,0.7908312787805623,2.5784332859135404,True,positive,low_under_50,0.0,-0.7452238096414416,-2.235671428924325,1.869327859008839
2025,2572,12,4,8,0.3333333333333333,0;1;2;4;8;9;10;11,0.633220015580229,-0.5876125464411084,0.04560746913912059,0.5876125464411084,2.5784332859135404,True,negative,low_under_50,0.0,0.633220015580229,1.899660046740687,3.2477716842305098
2025,2572,12,4,8,0.3333333333333333,0;1;2;5;6;7;8;10,-1.3269693861128227,1.3725768552519433,0.04560746913912059,1.3725768552519433,2.5784332859135404,True,positive,low_under_50,0.0,-1.3269693861128227,-3.980908158338468,1.2875822825374579
2025,2572,12,4,8,0.3333333333333333,0;1;2;5;6;7;8;11,-1.2602024093969215,1.3058098785360421,0.04560746913912059,1.3058098785360421,2.5784332859135404,True,positive,low_under_50,0.0,-1.2602024093969215,-3.780607228190765,1.354349259253359
2025,2572,12,4,8,0.3333333333333333,0;1;2;5;6;7;9;10,-1.3269693861128227,1.3725768552519433,0.04560746913912059,1.3725768552519433,2.5784332859135404,True,positive,low_under_50,0.0,-1.3269693861128227,-3.980908158338468,1.2875822825374579
2025,2572,12,4,8,0.3333333333333333,0;1;2;5;6;7;10;11,-1.5819418995967869,1.6275493687359075,0.04560746913912059,1.6275493687359075,2.5784332859135404,True,positive,low_under_50,0.0,-1.5819418995967869,-4.745825698790361,1.0326097690534937
2025,2572,12,4,8,0.3333333333333333,0;1;2;6;7;9;10;11,0.11824141582474912,-0.07263394668562853,0.04560746913912059,0.07263394668562853,2.5784332859135404,True,negative,low_under_50,0.0,0.11824141582474912,0.35472424747424736,2.7327930844750297
2025,2572,12,4,8,0.3333333333333333,0;1;3;4;5;6;7;8,0.6743591306426353,-0.6287516615035147,0.04560746913912059,0.6287516615035147,2.5784332859135404,True,negative,low_under_50,0.0,0.6743591306426353,2.023077391927906,3.288910799292916
2025,2572,12,4,8,0.3333333333333333,0;1;3;4;5;6;9;10,0.8675982401982497,-0.8219907710591291,0.04560746913912059,0.8219907710591291,2.5784332859135404,True,negative,low_under_50,0.0,0.8675982401982497,2.602794720594749,3.4821499088485304
2025,2572,12,4,8,0.3333333333333333,0;1;3;4;5;6;9;11,0.9343652169141509,-0.8887577477750302,0.04560746913912059,0.8887577477750302,2.5784332859135404,True,negative,low_under_50,0.0,0.9343652169141509,2.8030956507424527,3.5489168855644313
2025,2572,12,4,8,0.3333333333333333,0;1;3;4;5;8;9;11,0.9343652169141509,-0.8887577477750302,0.04560746913912059,0.8887577477750302,2.5784332859135404,True,negative,low_under_50,0.0,0.9343652169141509,2.8030956507424527,3.5489168855644313
2025,2572,12,4,8,0.3333333333333333,0;1;3;4;6;7;10;11,1.7978304423803415,-1.7522229732412211,0.04560746913912059,1.7522229732412211,2.5784332859135404,False,negative,low_under_50,0.0,1.7978304423803415,5.3934913271410245,4.412382111030622
2025,2572,12,4,8,0.3333333333333333,0;1;3;4;6;8;9;11,2.6345485323356868,-2.5889410631965664,0.04560746913912059,2.5889410631965664,2.5784332859135404,False,negative,low_under_50,0.0,2.6345485323356868,7.90364559700706,5.249100200985968
2025,2572,12,4,8,0.3333333333333333,0;1;3;4;7;8;10;11,1.7978304423803415,-1.7522229732412211,0.04560746913912059,1.7522229732412211,2.5784332859135404,False,negative,low_under_50,0.0,1.7978304423803415,5.3934913271410245,4.412382111030622
2025,2572,12,4,8,0.3333333333333333,0;1;3;5;6;7;8;10,0.35261964044276983,-0.3070121713036492,0.04560746913912059,0.3070121713036492,2.5784332859135404,True,negative,low_under_50,0.0,0.35261964044276983,1.0578589213283096,2.9671713090930503
2025,2572,12,4,8,0.3333333333333333,0;1;3;5;6;7;9;11,0.419386617158671,-0.37377914801955037,0.04560746913912059,0.37377914801955037,2.5784332859135404,True,negative,low_under_50,0.0,0.419386617158671,1.2581598514760128,3.0339382858089516
2025,2572,12,4,8,0.3333333333333333,0;1;3;5;6;8;10;11,0.6126257267142854,-0.5670182575751648,0.04560746913912059,0.5670182575751648,2.5784332859135404,True,negative,low_under_50,0.0,0.6126257267142854,1.8378771801428562,3.227177395364566
2025,2572,12,4,8,0.3333333333333333,0;1;3;5;7;8;9;10,0.35261964044276983,-0.3070121713036492,0.04560746913912059,0.3070121713036492,2.5784332859135404,True,negative,low_under_50,0.0,0.35261964044276983,1.0578589213283096,2.9671713090930503
2025,2572,12,4,8,0.3333333333333333,0;1;4;5;6;7;8;9,2.079841147835589,-2.0342336786964683,0.04560746913912059,2.0342336786964683,2.5784332859135404,False,negative,low_under_50,0.0,2.079841147835589,6.2395234435067675,4.69439281648587
2025,2572,12,4,8,0.3333333333333333,0;1;4;5;6;7;9;11,1.8248686343516247,-1.779261165212504,0.04560746913912059,1.779261165212504,2.5784332859135404,False,negative,low_under_50,0.0,1.8248686343516247,5.474605903054874,4.4394203030019055
2025,2572,12,4,8,0.3333333333333333,0;1;4;5;6;8;9;10,2.2730802573912032,-2.227472788252083,0.04560746913912059,2.227472788252083,2.5784332859135404,False,negative,low_under_50,0.0,2.2730802573912032,6.819240772173609,4.887631926041484
2025,2572,12,4,8,0.3333333333333333,0;1;4;5;6;9;10;11,2.018107743907239,-1.9725002747681186,0.04560746913912059,1.9725002747681186,2.5784332859135404,False,negative,low_under_50,0.0,2.018107743907239,6.0543232317217175,4.632659412557519
2025,2572,12,4,8,0.3333333333333333,0;1;5;6;7;8;9;10,1.7581016576357236,-1.712494188496603,0.04560746913912059,1.712494188496603,2.5784332859135404,False,negative,low_under_50,0.0,1.7581016576357236,5.274304972907171,4.372653326286004
2025,2572,12,4,8,0.3333333333333333,0;2;3;4;5;6;7;8,-2.410711913105911,2.4563193822450313,0.04560746913912059,2.4563193822450313,2.5784332859135404,True,positive,low_under_50,0.0,-2.410711913105911,-7.232135739317733,0.20383975554436962
2025,2572,12,4,8,0.3333333333333333,0;2;3;4;5;6;7;9,-2.410711913105911,2.4563193822450313,0.04560746913912059,2.4563193822450313,2.5784332859135404,True,positive,low_under_50,0.0,-2.410711913105911,-7.232135739317733,0.20383975554436962
2025,2572,12,4,8,0.3333333333333333,0;2;3;4;5;6;7;10,-2.7324514033057765,2.778058872444897,0.04560746913912059,2.778058872444897,2.5784332859135404,True,positive,low_under_50,0.0,-2.7324514033057765,-8.197354209917329,-0.11789973465549597
2025,2572,12,4,8,0.3333333333333333,0;2;3;4;5;6;8;11,-2.1507058268343955,2.196313295973516,0.04560746913912059,2.196313295973516,2.5784332859135404,True,positive,low_under_50,0.0,-2.1507058268343955,-6.452117480503187,0.46384584181588506
2025,2572,12,4,8,0.3333333333333333,0;2;3;4;5;6;9;10,-2.2174728035502964,2.2630802726894172,0.04560746913912059,2.2630802726894172,2.5784332859135404,True,positive,low_under_50,0.0,-2.2174728035502964,-6.652418410650889,0.39707886509998414
2025,2572,12,4,8,0.3333333333333333,0;2;3;4;5;7;8;11,-2.665684426589875,2.711291895728996,0.04560746913912059,2.711291895728996,2.5784332859135404,True,positive,low_under_50,0.0,-2.665684426589875,-7.997053279769625,-0.0511327579395946
2025,2572,12,4,8,0.3333333333333333,0;2;3;4;6;7;8;9,-0.7105285976843748,0.7561360668234954,0.04560746913912059,0.7561360668234954,2.5784332859135404,True,positive,low_under_50,0.0,-0.7105285976843748,-2.1315857930531243,1.9040230709659056
2025,2572,12,4,8,0.3333333333333333,0;2;3;4;6;7;8;10,-1.0322680878842403,1.077875557023361,0.04560746913912059,1.077875557023361,2.5784332859135404,True,positive,low_under_50,0.0,-1.0322680878842403,-3.0968042636527207,1.5822835807660403
2025,2572,12,4,8,0.3333333333333333,0;2;3;5;6;7;9;11,-2.665684426589875,2.711291895728996,0.04560746913912059,2.711291895728996,2.5784332859135404,True,positive,low_under_50,0.0,-2.665684426589875,-7.997053279769625,-0.0511327579395946
2025,2572,12,4,8,0.3333333333333333,0;2;3;5;6;8;9;11,-2.1507058268343955,2.196313295973516,0.04560746913912059,2.196313295973516,2.5784332859135404,True,positive,low_under_50,0.0,-2.1507058268343955,-6.452117480503187,0.46384584181588506
2025,2572,12,4,8,0.3333333333333333,0;2;3;6;7;8;10;11,-1.2872406013682047,1.3328480705073251,0.04560746913912059,1.3328480705073251,2.5784332859135404,True,positive,low_under_50,0.0,-1.2872406013682047,-3.861721804104614,1.3273110672820758
2025,2572,12,4,8,0.3333333333333333,0;2;4;5;6;7;9;10,-1.3269693861128227,1.3725768552519433,0.04560746913912059,1.3725768552519433,2.5784332859135404,True,positive,low_under_50,0.0,-1.3269693861128227,-3.980908158338468,1.2875822825374579
2025,2572,12,4,8,0.3333333333333333,0;2;4;5;6;7;9;11,-1.2602024093969215,1.3058098785360421,0.04560746913912059,1.3058098785360421,2.5784332859135404,True,positive,low_under_50,0.0,-1.2602024093969215,-3.780607228190765,1.354349259253359
2025,2572,12,4,8,0.3333333333333333,0;2;4;6;7;8;10;11,0.11824141582474912,-0.07263394668562853,0.04560746913912059,0.07263394668562853,2.5784332859135404,True,negative,low_under_50,0.0,0.11824141582474912,0.35472424747424736,2.7327930844750297
2025,2572,12,4,8,0.3333333333333333,0;3;4;5;7;9;10;11,0.09764712695880551,-0.05203965781968492,0.04560746913912059,0.05203965781968492,2.5784332859135404,True,negative,low_under_50,0.0,0.09764712695880551,0.2929413808764165,2.712198795609086
2025,2572,12,4,8,0.3333333333333333,0;3;4;5;8;9;10;11,0.6126257267142854,-0.5670182575751648,0.04560746913912059,0.5670182575751648,2.5784332859135404,True,negative,low_under_50,0.0,0.6126257267142854,1.8378771801428562,3.227177395364566
2025,2572,12,4,8,0.3333333333333333,0;3;5;6;7;8;9;10,0.35261964044276983,-0.3070121713036492,0.04560746913912059,0.3070121713036492,2.5784332859135404,True,negative,low_under_50,0.0,0.35261964044276983,1.0578589213283096,2.9671713090930503
2025,2572,12,4,8,0.3333333333333333,0;3;5;6;7;8;10;11,0.09764712695880551,-0.05203965781968492,0.04560746913912059,0.05203965781968492,2.5784332859135404,True,negative,low_under_50,0.0,0.09764712695880551,0.2929413808764165,2.712198795609086
2025,2572,12,4,8,0.3333333333333333,0;3;5;6;8;9;10;11,0.6126257267142854,-0.5670182575751648,0.04560746913912059,0.5670182575751648,2.5784332859135404,True,negative,low_under_50,0.0,0.6126257267142854,1.8378771801428562,3.227177395364566
2025,2572,12,4,8,0.3333333333333333,1;2;3;4;5;6;8;10,-0.4920205638442995,0.5376280329834201,0.04560746913912059,0.5376280329834201,2.5784332859135404,True,positive,low_under_50,0.0,-0.4920205638442995,-1.4760616915328986,2.122531104805981
2025,2572,12,4,8,0.3333333333333333,1;2;3;4;5;7;8;9,-0.6852596733999139,0.7308671425390345,0.04560746913912059,0.7308671425390345,2.5784332859135404,True,positive,low_under_50,0.0,-0.6852596733999139,-2.0557790201997417,1.9292919952503667
2025,2572,12,4,8,0.3333333333333333,1;2;3;4;5;7;8;10,-1.0069991635997795,1.0526066327388999,0.04560746913912059,1.0526066327388999,2.5784332859135404,True,positive,low_under_50,0.0,-1.0069991635997795,-3.0209974907993384,1.607552505050501
2025,2572,12,4,8,0.3333333333333333,1;2;3;4;5;7;8;11,-0.9402321868838782,0.9858396560229988,0.04560746913912059,0.9858396560229988,2.5784332859135404,True,positive,low_under_50,0.0,-0.9402321868838782,-2.8206965606516348,1.6743194817664024
2025,2572,12,4,8,0.3333333333333333,1;2;3;4;5;7;9;10,-1.0069991635997795,1.0526066327388999,0.04560746913912059,1.0526066327388999,2.5784332859135404,True,positive,low_under_50,0.0,-1.0069991635997795,-3.0209974907993384,1.607552505050501
2025,2572,12,4,8,0.3333333333333333,1;2;3;4;5;7;9;11,-0.9402321868838782,0.9858396560229988,0.04560746913912059,0.9858396560229988,2.5784332859135404,True,positive,low_under_50,0.0,-0.9402321868838782,-2.8206965606516348,1.6743194817664024
2025,2572,12,4,8,0.3333333333333333,1;2;3;4;6;7;9;10,0.6931841518217567,-0.6475766826826361,0.04560746913912059,0.6475766826826361,2.5784332859135404,True,negative,low_under_50,0.0,0.6931841518217567,2.0795524554652705,3.307735820472037
2025,2572,12,4,8,0.3333333333333333,1;2;3;4;6;8;10;11,0.9531902380932723,-0.9075827689541517,0.04560746913912059,0.9075827689541517,2.5784332859135404,True,negative,low_under_50,0.0,0.9531902380932723,2.859570714279817,3.567741906743553
2025,2572,12,4,8,0.3333333333333333,1;2;3;4;7;8;9;10,0.6931841518217567,-0.6475766826826361,0.04560746913912059,0.6475766826826361,2.5784332859135404,True,negative,low_under_50,0.0,0.6931841518217567,2.0795524554652705,3.307735820472037
2025,2572,12,4,8,0.3333333333333333,1;2;3;5;6;7;10;11,-1.2619716770837437,1.3075791462228643,0.04560746913912059,1.3075791462228643,2.5784332859135404,True,positive,low_under_50,0.0,-1.2619716770837437,-3.785915031251231,1.3525799915665369
2025,2572,12,4,8,0.3333333333333333,1;2;3;5;7;8;9;10,-1.0069991635997795,1.0526066327388999,0.04560746913912059,1.0526066327388999,2.5784332859135404,True,positive,low_under_50,0.0,-1.0069991635997795,-3.0209974907993384,1.607552505050501
2025,2572,12,4,8,0.3333333333333333,1;2;3;5;7;8;10;11,-1.2619716770837437,1.3075791462228643,0.04560746913912059,1.3075791462228643,2.5784332859135404,True,positive,low_under_50,0.0,-1.2619716770837437,-3.785915031251231,1.3525799915665369
2025,2572,12,4,8,0.3333333333333333,1;2;3;5;7;9;10;11,-1.2619716770837437,1.3075791462228643,0.04560746913912059,1.3075791462228643,2.5784332859135404,True,positive,low_under_50,0.0,-1.2619716770837437,-3.785915031251231,1.3525799915665369
2025,2572,12,4,8,0.3333333333333333,1;2;3;6;7;8;9;10,0.6931841518217567,-0.6475766826826361,0.04560746913912059,0.6475766826826361,2.5784332859135404,True,negative,low_under_50,0.0,0.6931841518217567,2.0795524554652705,3.307735820472037
2025,2572,12,4,8,0.3333333333333333,1;2;4;5;6;7;8;11,0.4652498303090755,-0.4196423611699549,0.04560746913912059,0.4196423611699549,2.5784332859135404,True,negative,low_under_50,0.0,0.4652498303090755,1.3957494909272266,3.0798014989593563
2025,2572,12,4,8,0.3333333333333333,1;2;4;5;6;8;9;10,0.9134614533486543,-0.8678539842095336,0.04560746913912059,0.8678539842095336,2.5784332859135404,True,negative,low_under_50,0.0,0.9134614533486543,2.7403843600459625,3.528013121998935
2025,2572,12,4,8,0.3333333333333333,1;2;5;6;7;8;9;11,0.4652498303090755,-0.4196423611699549,0.04560746913912059,0.4196423611699549,2.5784332859135404,True,negative,low_under_50,0.0,0.4652498303090755,1.3957494909272266,3.0798014989593563
2025,2572,12,4,8,0.3333333333333333,1;3;4;5;6;7;8;10,2.0780718801487668,-2.0324644110096464,0.04560746913912059,2.0324644110096464,2.5784332859135404,False,negative,low_under_50,0.0,2.0780718801487668,6.2342156404463,4.692623548799047
2025,2572,12,4,8,0.3333333333333333,1;3;5;7;8;9;10;11,1.8230993666648025,-1.777491897525682,0.04560746913912059,1.777491897525682,2.5784332859135404,False,negative,low_under_50,0.0,1.8230993666648025,5.469298099994408,4.437651035315083
2025,2572,12,4,8,0.3333333333333333,1;5;6;7;8;9;10;11,3.2285813838577564,-3.1829739147186356,0.04560746913912059,3.1829739147186356,2.5784332859135404,False,negative,low_under_50,0.0,3.2285813838577564,9.68574415157327,5.843133052508037
2025,2572,12,4,8,0.3333333333333333,2;3;5;6;7;8;9;10,-1.0069991635997795,1.0526066327388999,0.04560746913912059,1.0526066327388999,2.5784332859135404,True,positive,low_under_50,0.0,-1.0069991635997795,-3.0209974907993384,1.607552505050501
2025,2572,12,4,8,0.3333333333333333,2;3;5;6;7;9;10;11,-1.2619716770837437,1.3075791462228643,0.04560746913912059,1.3075791462228643,2.5784332859135404,True,positive,low_under_50,0.0,-1.2619716770837437,-3.785915031251231,1.3525799915665369
2025,2572,12,4,8,0.3333333333333333,2;4;5;6;7;8;10;11,0.14351034010921004,-0.09790287097008946,0.04560746913912059,0.09790287097008946,2.5784332859135404,True,negative,low_under_50,0.0,0.14351034010921004,0.43053102032763013,2.7580620087594907
2025,2572,12,4,8,0.3333333333333333,2;4;5;7;8;9;10;11,0.14351034010921004,-0.09790287097008946,0.04560746913912059,0.09790287097008946,2.5784332859135404,True,negative,low_under_50,0.0,0.14351034010921004,0.43053102032763013,2.7580620087594907
2025,2572,12,4,8,0.3333333333333333,4;5;6;7;8;9;10;11,3.2285813838577564,-3.1829739147186356,0.04560746913912059,3.1829739147186356,2.5784332859135404,False,negative,low_under_50,0.0,3.2285813838577564,9.68574415157327,5.843133052508037
2025,2572,12,5,7,0.4166666666666667,0;1;2;3;4;5;6,-2.6425892925478665,2.688196761686987,0.04560746913912059,2.688196761686987,2.411903487635551,True,positive,low_under_50,0.0,-2.6425892925478665,-6.34221430211488,-0.35485658247887075
2025,2572,12,5,7,0.4166666666666667,0;1;2;3;6;9;11,-1.1973784906102944,1.242985959749415,0.04560746913912059,1.242985959749415,2.411903487635551,True,positive,low_under_50,0.0,-1.1973784906102944,-2.8737083774647068,1.0903542194587013
2025,2572,12,5,7,0.4166666666666667,0;1;2;3;8;10;11,-1.51911798081016,1.5647254499492806,0.04560746913912059,1.5647254499492806,2.411903487635551,True,positive,low_under_50,0.0,-1.51911798081016,-3.6458831539443843,0.7686147292588357
2025,2572,12,5,7,0.4166666666666667,0;1;2;4;5;8;11,-1.4920797888388768,1.5376872579779974,0.04560746913912059,1.5376872579779974,2.411903487635551,True,positive,low_under_50,0.0,-1.4920797888388768,-3.580991493213304,0.7956529212301189
2025,2572,12,5,7,0.4166666666666667,0;1;2;4;5;9;11,-1.4920797888388768,1.5376872579779974,0.04560746913912059,1.5376872579779974,2.411903487635551,True,positive,low_under_50,0.0,-1.4920797888388768,-3.580991493213304,0.7956529212301189
2025,2572,12,5,7,0.4166666666666667,0;1;2;4;6;8;9,0.4630760400666236,-0.417468570927503,0.04560746913912059,0.417468570927503,2.411903487635551,True,negative,low_under_50,0.0,0.4630760400666236,1.1113824961598966,2.7508087501356195
2025,2572,12,5,7,0.4166666666666667,0;1;2;5;6;8;11,-1.4920797888388768,1.5376872579779974,0.04560746913912059,1.5376872579779974,2.411903487635551,True,positive,low_under_50,0.0,-1.4920797888388768,-3.580991493213304,0.7956529212301189
2025,2572,12,5,7,0.4166666666666667,0;1;2;6;8;10;11,-0.11363596361720621,0.1592434327563268,0.04560746913912059,0.1592434327563268,2.411903487635551,True,positive,low_under_50,0.0,-0.11363596361720621,-0.27272631268129494,2.1740967464517893
2025,2572,12,5,7,0.4166666666666667,0;1;2;6;9;10;11,-0.11363596361720621,0.1592434327563268,0.04560746913912059,0.1592434327563268,2.411903487635551,True,positive,low_under_50,0.0,-0.11363596361720621,-0.27272631268129494,2.1740967464517893
2025,2572,12,5,7,0.4166666666666667,0;1;2;7;8;9;11,-0.3068750731728206,0.3524825423119412,0.04560746913912059,0.3524825423119412,2.411903487635551,True,positive,low_under_50,0.0,-0.3068750731728206,-0.7365001756147694,1.9808576368961752
2025,2572,12,5,7,0.4166666666666667,0;1;2;8;9;10;11,-0.11363596361720621,0.1592434327563268,0.04560746913912059,0.1592434327563268,2.411903487635551,True,positive,low_under_50,0.0,-0.11363596361720621,-0.27272631268129494,2.1740967464517893
2025,2572,12,5,7,0.4166666666666667,0;1;3;4;5;6;11,0.18750923771671565,-0.14190176857759507,0.04560746913912059,0.14190176857759507,2.411903487635551,True,negative,low_under_50,0.0,0.18750923771671565,0.45002217052011756,2.4752419477857113
2025,2572,12,5,7,0.4166666666666667,0;1;3;5;6;8;9,0.44248175120068,-0.3968742820615594,0.04560746913912059,0.3968742820615594,2.411903487635551,True,negative,low_under_50,0.0,0.44248175120068,1.061956202881632,2.730214461269676
2025,2572,12,5,7,0.4166666666666667,0;1;3;5;6;9;10,0.1207422610008145,-0.07513479186169392,0.04560746913912059,0.07513479186169392,2.411903487635551,True,negative,low_under_50,0.0,0.1207422610008145,0.2897814264019548,2.4084749710698103
2025,2572,12,5,7,0.4166666666666667,0;1;3;6;7;8;10,1.3059469766668708,-1.2603395075277501,0.04560746913912059,1.2603395075277501,2.411903487635551,True,negative,low_under_50,0.0,1.3059469766668708,3.13427274400049,3.5936796867358662
2025,2572,12,5,7,0.4166666666666667,0;1;3;6;8;9;10,1.8209255764223506,-1.77531810728323,0.04560746913912059,1.77531810728323,2.411903487635551,False,negative,low_under_50,0.0,1.8209255764223506,4.370221383413641,4.108658286491346
2025,2572,12,5,7,0.4166666666666667,0;1;4;5;6;7;11,1.0780126551541895,-1.032405186015069,0.04560746913912059,1.032405186015069,2.411903487635551,True,negative,low_under_50,0.0,1.0780126551541895,2.5872303723700547,3.3657453652231855
2025,2572,12,5,7,0.4166666666666667,0;1;4;5;7;9;10,1.0112456784382884,-0.9656382092991678,0.04560746913912059,0.9656382092991678,2.411903487635551,True,negative,low_under_50,0.0,1.0112456784382884,2.426989628251892,3.298978388507284
2025,2572,12,5,7,0.4166666666666667,0;1;4;5;8;9;11,1.5929912549096694,-1.5473837857705488,0.04560746913912059,1.5473837857705488,2.411903487635551,True,negative,low_under_50,0.0,1.5929912549096694,3.823179011783206,3.880723964978665
2025,2572,12,5,7,0.4166666666666667,0;1;4;6;9;10;11,2.97143508013134,-2.9258276109922194,0.04560746913912059,2.9258276109922194,2.411903487635551,False,negative,low_under_50,0.0,2.97143508013134,7.131444192315216,5.259167790200335
2025,2572,12,5,7,0.4166666666666667,0;1;4;7;8;9;10,2.7114289938598244,-2.665821524720704,0.04560746913912059,2.665821524720704,2.411903487635551,False,negative,low_under_50,0.0,2.7114289938598244,6.507429585263578,4.99916170392882
2025,2572,12,5,7,0.4166666666666667,0;1;5;6;7;8;9,1.332985168638154,-1.2873776994990334,0.04560746913912059,1.2873776994990334,2.411903487635551,True,negative,low_under_50,0.0,1.332985168638154,3.1991644047315697,3.6207178787071497
2025,2572,12,5,7,0.4166666666666667,0;1;5;6;8;10;11,1.2712517647098038,-1.2256442955706834,0.04560746913912059,1.2256442955706834,2.411903487635551,True,negative,low_under_50,0.0,1.2712517647098038,3.0510042353035294,3.5589844747787995
2025,2572,12,5,7,0.4166666666666667,0;1;5;7;8;10;11,0.7562731649543241,-0.7106656958152034,0.04560746913912059,0.7106656958152034,2.411903487635551,True,negative,low_under_50,0.0,0.7562731649543241,1.8150555958903776,3.04400587502332
2025,2572,12,5,7,0.4166666666666667,0;2;3;4;5;6;9,-2.6425892925478665,2.688196761686987,0.04560746913912059,2.688196761686987,2.411903487635551,True,positive,low_under_50,0.0,-2.6425892925478665,-6.34221430211488,-0.35485658247887075
2025,2572,12,5,7,0.4166666666666667,0;2;3;4;5;7;9,-3.157567892303346,3.2031753614424665,0.04560746913912059,3.2031753614424665,2.411903487635551,True,positive,low_under_50,0.0,-3.157567892303346,-7.5781629415280305,-0.8698351822343504
2025,2572,12,5,7,0.4166666666666667,0;2;3;4;5;8;9,-2.6425892925478665,2.688196761686987,0.04560746913912059,2.688196761686987,2.411903487635551,True,positive,low_under_50,0.0,-2.6425892925478665,-6.34221430211488,-0.35485658247887075
2025,2572,12,5,7,0.4166666666666667,0;2;3;4;6;7;10,-1.7791240670816755,1.824731536220796,0.04560746913912059,1.824731536220796,2.411903487635551,True,positive,low_under_50,0.0,-1.7791240670816755,-4.269897760996021,0.5086086429873202
2025,2572,12,5,7,0.4166666666666667,0;2;3;4;6;9;11,-1.1973784906102944,1.242985959749415,0.04560746913912059,1.242985959749415,2.411903487635551,True,positive,low_under_50,0.0,-1.1973784906102944,-2.8737083774647068,1.0903542194587013
2025,2572,12,5,7,0.4166666666666667,0;2;3;4;7;10;11,-2.03409658056564,2.0797040497047603,0.04560746913912059,2.0797040497047603,2.411903487635551,True,positive,low_under_50,0.0,-2.03409658056564,-4.881831793357536,0.2536361295033558
2025,2572,12,5,7,0.4166666666666667,0;2;3;4;8;10;11,-1.51911798081016,1.5647254499492806,0.04560746913912059,1.5647254499492806,2.411903487635551,True,positive,low_under_50,0.0,-1.51911798081016,-3.6458831539443843,0.7686147292588357
2025,2572,12,5,7,0.4166666666666667,0;2;3;5;6;7;10,-3.4793073825032117,3.524914851642332,0.04560746913912059,3.524914851642332,2.411903487635551,True,positive,low_under_50,0.0,-3.4793073825032117,-8.350337718007708,-1.191574672434216
2025,2572,12,5,7,0.4166666666666667,0;2;3;5;9;10;11,-3.2193012962316963,3.2649087653708166,0.04560746913912059,3.2649087653708166,2.411903487635551,True,positive,low_under_50,0.0,-3.2193012962316963,-7.726323110956071,-0.9315685861627006
2025,2572,12,5,7,0.4166666666666667,0;2;4;6;8;9;11,0.20810352658265927,-0.16249605744353868,0.04560746913912059,0.16249605744353868,2.411903487635551,True,negative,low_under_50,0.0,0.20810352658265927,0.4994484637983822,2.495836236651655
2025,2572,12,5,7,0.4166666666666667,0;2;4;6;8;10;11,-0.11363596361720621,0.1592434327563268,0.04560746913912059,0.1592434327563268,2.411903487635551,True,positive,low_under_50,0.0,-0.11363596361720621,-0.27272631268129494,2.1740967464517893
2025,2572,12,5,7,0.4166666666666667,0;2;4;7;9;10;11,-0.6286145633726861,0.6742220325118067,0.04560746913912059,0.6742220325118067,2.411903487635551,True,positive,low_under_50,0.0,-0.6286145633726861,-1.5086749520944465,1.6591181466963096
2025,2572,12,5,7,0.4166666666666667,0;2;5;6;7;8;9,-1.7520858751103923,1.7976933442495129,0.04560746913912059,1.7976933442495129,2.411903487635551,True,positive,low_under_50,0.0,-1.7520858751103923,-4.205006100264941,0.5356468349586034
2025,2572,12,5,7,0.4166666666666667,0;2;5;6;8;9;11,-1.4920797888388768,1.5376872579779974,0.04560746913912059,1.5376872579779974,2.411903487635551,True,positive,low_under_50,0.0,-1.4920797888388768,-3.580991493213304,0.7956529212301189
2025,2572,12,5,7,0.4166666666666667,0;3;4;6;7;8;10,1.3059469766668708,-1.2603395075277501,0.04560746913912059,1.2603395075277501,2.411903487635551,True,negative,low_under_50,0.0,1.3059469766668708,3.13427274400049,3.5936796867358662
2025,2572,12,5,7,0.4166666666666667,0;3;4;6;8;9;11,1.8876925531382518,-1.8420850839991312,0.04560746913912059,1.8420850839991312,2.411903487635551,False,negative,low_under_50,0.0,1.8876925531382518,4.530462127531804,4.175425263207248
2025,2572,12,5,7,0.4166666666666667,0;4;5;6;7;8;11,1.0780126551541895,-1.032405186015069,0.04560746913912059,1.032405186015069,2.411903487635551,True,negative,low_under_50,0.0,1.0780126551541895,2.5872303723700547,3.3657453652231855
2025,2572,12,5,7,0.4166666666666667,0;4;5;6;7;10;11,0.7562731649543241,-0.7106656958152034,0.04560746913912059,0.7106656958152034,2.411903487635551,True,negative,low_under_50,0.0,0.7562731649543241,1.8150555958903776,3.04400587502332
2025,2572,12,5,7,0.4166666666666667,0;4;5;7;8;9;10,1.0112456784382884,-0.9656382092991678,0.04560746913912059,0.9656382092991678,2.411903487635551,True,negative,low_under_50,0.0,1.0112456784382884,2.426989628251892,3.298978388507284
2025,2572,12,5,7,0.4166666666666667,0;4;6;7;8;10;11,2.45645648037586,-2.41084901123674,0.04560746913912059,2.41084901123674,2.411903487635551,False,negative,low_under_50,0.0,2.45645648037586,5.895495552902064,4.744189190444856
2025,2572,12,5,7,0.4166666666666667,0;6;7;8;9;10;11,2.45645648037586,-2.41084901123674,0.04560746913912059,2.41084901123674,2.411903487635551,False,negative,low_under_50,0.0,2.45645648037586,5.895495552902064,4.744189190444856
2025,2572,12,5,7,0.4166666666666667,1;2;3;4;5;9;11,-1.1721095663258336,1.217717035464954,0.04560746913912059,1.217717035464954,2.411903487635551,True,positive,low_under_50,0.0,-1.1721095663258336,-2.813062959182001,1.115623143743162
2025,2572,12,5,7,0.4166666666666667,1;2;3;4;6;7;8,0.26806766282418704,-0.22246019368506645,0.04560746913912059,0.22246019368506645,2.411903487635551,True,negative,low_under_50,0.0,0.26806766282418704,0.6433623907780489,2.5558003728931826
2025,2572,12,5,7,0.4166666666666667,1;2;3;4;7;8;11,0.013095149340222711,0.032512319798897876,0.04560746913912059,0.032512319798897876,2.411903487635551,True,positive,low_under_50,0.0,0.013095149340222711,0.031428358416534505,2.3008278594092184
2025,2572,12,5,7,0.4166666666666667,1;2;3;5;6;7;8,-1.432115652597349,1.4777231217364697,0.04560746913912059,1.4777231217364697,2.411903487635551,True,positive,low_under_50,0.0,-1.432115652597349,-3.4370775662336377,0.8556170574716466
2025,2572,12,5,7,0.4166666666666667,1;2;3;5;6;7;10,-1.7538551427972147,1.799462611936335,0.04560746913912059,1.799462611936335,2.411903487635551,True,positive,low_under_50,0.0,-1.7538551427972147,-4.209252342713315,0.533877567271781
2025,2572,12,5,7,0.4166666666666667,1;2;3;5;6;9;11,-1.1721095663258336,1.217717035464954,0.04560746913912059,1.217717035464954,2.411903487635551,True,positive,low_under_50,0.0,-1.1721095663258336,-2.813062959182001,1.115623143743162
2025,2572,12,5,7,0.4166666666666667,1;2;3;6;8;9;10,0.46130677237980144,-0.41569930324068083,0.04560746913912059,0.41569930324068083,2.411903487635551,True,negative,low_under_50,0.0,0.46130677237980144,1.1071362537115235,2.749039482448797
2025,2572,12,5,7,0.4166666666666667,1;2;3;7;8;9;11,0.013095149340222711,0.032512319798897876,0.04560746913912059,0.032512319798897876,2.411903487635551,True,positive,low_under_50,0.0,0.013095149340222711,0.031428358416534505,2.3008278594092184
2025,2572,12,5,7,0.4166666666666667,1;2;4;5;6;8;9,0.48834496435108454,-0.4427374952119639,0.04560746913912059,0.4427374952119639,2.411903487635551,True,negative,low_under_50,0.0,0.48834496435108454,1.172027914442603,2.77607767442008
2025,2572,12,5,7,0.4166666666666667,1;2;4;5;7;10;11,-0.6033456390882251,0.6489531082273458,0.04560746913912059,0.6489531082273458,2.411903487635551,True,positive,low_under_50,0.0,-0.6033456390882251,-1.4480295338117404,1.6843870709807707
2025,2572,12,5,7,0.4166666666666667,1;2;4;6;7;9;10,1.3518101898172752,-1.3062027206781548,0.04560746913912059,1.3062027206781548,2.411903487635551,True,negative,low_under_50,0.0,1.3518101898172752,3.2443444555614604,3.639542899886271
2025,2572,12,5,7,0.4166666666666667,1;2;5;6;7;8;9,-0.02663363540439534,0.07224110454351593,0.04560746913912059,0.07224110454351593,2.411903487635551,True,positive,low_under_50,0.0,-0.02663363540439534,-0.06392072497054882,2.2610990746646005
2025,2572,12,5,7,0.4166666666666667,1;2;5;7;8;10;11,-0.6033456390882251,0.6489531082273458,0.04560746913912059,0.6489531082273458,2.411903487635551,True,positive,low_under_50,0.0,-0.6033456390882251,-1.4480295338117404,1.6843870709807707
2025,2572,12,5,7,0.4166666666666667,1;3;4;5;6;7;8,1.6529553911511972,-1.6073479220120765,0.04560746913912059,1.6073479220120765,2.411903487635551,True,negative,low_under_50,0.0,1.6529553911511972,3.9670929387628733,3.940688101220193
2025,2572,12,5,7,0.4166666666666667,1;3;4;5;6;8;9,2.167933990906677,-2.1223265217675564,0.04560746913912059,2.1223265217675564,2.411903487635551,False,negative,low_under_50,0.0,2.167933990906677,5.203041578176024,4.455666700975673
2025,2572,12,5,7,0.4166666666666667,1;3;4;5;6;9;11,1.9129614774227126,-1.8673540082835922,0.04560746913912059,1.8673540082835922,2.411903487635551,False,negative,low_under_50,0.0,1.9129614774227126,4.591107545814511,4.200694187491708
2025,2572,12,5,7,0.4166666666666667,1;3;5;6;7;9;10,1.3312159009513316,-1.2856084318122112,0.04560746913912059,1.2856084318122112,2.411903487635551,True,negative,low_under_50,0.0,1.3312159009513316,3.1949181622831957,3.6189486110203273
2025,2572,12,5,7,0.4166666666666667,1;3;5;7;8;10;11,1.0762433874673674,-1.0306359183282467,0.04560746913912059,1.0306359183282467,2.411903487635551,True,negative,low_under_50,0.0,1.0762433874673674,2.5829841299216816,3.363976097536363
2025,2572,12,5,7,0.4166666666666667,1;4;6;7;8;9;10,4.436881233565821,-4.391273764426701,0.04560746913912059,4.391273764426701,2.411903487635551,False,negative,low_under_50,0.0,4.436881233565821,10.648514960557971,6.724613943634817
2025,2572,12,5,7,0.4166666666666667,1;4;6;7;8;10;11,4.181908720081857,-4.136301250942736,0.04560746913912059,4.136301250942736,2.411903487635551,False,negative,low_under_50,0.0,4.181908720081857,10.036580928196457,6.469641430150853
2025,2572,12,5,7,0.4166666666666667,1;4;6;7;9;10;11,4.181908720081857,-4.136301250942736,0.04560746913912059,4.136301250942736,2.411903487635551,False,negative,low_under_50,0.0,4.181908720081857,10.036580928196457,6.469641430150853
2025,2572,12,5,7,0.4166666666666667,1;5;6;7;9;10;11,2.481725404660321,-2.4361179355212004,0.04560746913912059,2.4361179355212004,2.411903487635551,False,negative,low_under_50,0.0,2.481725404660321,5.956140971184771,4.769458114729317
2025,2572,12,5,7,0.4166666666666667,2;3;4;5;6;7;10,-1.7538551427972147,1.799462611936335,0.04560746913912059,1.799462611936335,2.411903487635551,True,positive,low_under_50,0.0,-1.7538551427972147,-4.209252342713315,0.533877567271781
2025,2572,12,5,7,0.4166666666666667,2;3;4;5;6;8;9,-0.9171370528418692,0.9627445219809898,0.04560746913912059,0.9627445219809898,2.411903487635551,True,positive,low_under_50,0.0,-0.9171370528418692,-2.2011289268204863,1.3705956572271265
2025,2572,12,5,7,0.4166666666666667,2;3;4;5;6;8;10,-1.2388765430417348,1.2844840121808554,0.04560746913912059,1.2844840121808554,2.411903487635551,True,positive,low_under_50,0.0,-1.2388765430417348,-2.9733037033001635,1.048856167027261
2025,2572,12,5,7,0.4166666666666667,2;3;4;6;8;10;11,0.2063342588958371,-0.1607267897567165,0.04560746913912059,0.1607267897567165,2.411903487635551,True,negative,low_under_50,0.0,0.2063342588958371,0.495202221350009,2.494066968964833
2025,2572,12,5,7,0.4166666666666667,2;3;5;6;7;9;11,-1.6870881660813133,1.732695635220434,0.04560746913912059,1.732695635220434,2.411903487635551,True,positive,low_under_50,0.0,-1.6870881660813133,-4.049011598595152,0.6006445439876824
2025,2572,12,5,7,0.4166666666666667,2;3;5;7;9;10;11,-2.008827656281179,2.0544351254202993,0.04560746913912059,2.0544351254202993,2.411903487635551,True,positive,low_under_50,0.0,-2.008827656281179,-4.821186375074829,0.2789050537878168
2025,2572,12,5,7,0.4166666666666667,2;3;6;7;9;10;11,-0.30864434085964276,0.3542518099987634,0.04560746913912059,0.3542518099987634,2.411903487635551,True,positive,low_under_50,0.0,-0.30864434085964276,-0.7407464180631427,1.9790883692093528
2025,2572,12,5,7,0.4166666666666667,2;4;5;7;8;9;10,-0.3483731256042608,0.39398059474338143,0.04560746913912059,0.39398059474338143,2.411903487635551,True,positive,low_under_50,0.0,-0.3483731256042608,-0.8360955014502259,1.9393595844647349
2025,2572,12,5,7,0.4166666666666667,2;4;6;7;8;9;10,1.3518101898172752,-1.3062027206781548,0.04560746913912059,1.3062027206781548,2.411903487635551,True,negative,low_under_50,0.0,1.3518101898172752,3.2443444555614604,3.639542899886271
2025,2572,12,5,7,0.4166666666666667,3;4;5;6;8;9;11,1.9129614774227126,-1.8673540082835922,0.04560746913912059,1.8673540082835922,2.411903487635551,False,negative,low_under_50,0.0,1.9129614774227126,4.591107545814511,4.200694187491708
2025,2572,12,5,7,0.4166666666666667,3;4;5;7;8;9;11,1.397982877667233,-1.3523754085281123,0.04560746913912059,1.3523754085281123,2.411903487635551,True,negative,low_under_50,0.0,1.397982877667233,3.355158906401359,3.6857155877362286
2025,2572,12,5,7,0.4166666666666667,3;4;7;8;9;10;11,2.7764267028889034,-2.730819233749783,0.04560746913912059,2.730819233749783,2.411903487635551,False,negative,low_under_50,0.0,2.7764267028889034,6.663424086933368,5.064159412957899
2025,2572,12,5,7,0.4166666666666667,5;6;7;8;9;10;11,2.481725404660321,-2.4361179355212004,0.04560746913912059,2.4361179355212004,2.411903487635551,False,negative,low_under_50,0.0,2.481725404660321,5.956140971184771,4.769458114729317
2025,2572,12,6,6,0.5,0;1;2;3;4;5,-3.3894452717453016,3.435052740884422,0.04560746913912059,3.435052740884422,2.2329887275645106,True,positive,moderate_50_to_80,0.0,-3.3894452717453016,-6.778890543490603,-1.4285315202575912
2025,2572,12,6,6,0.5,0;1;2;3;4;7,-2.2042405560792453,2.2498480252183657,0.04560746913912059,2.2498480252183657,2.2329887275645106,True,positive,moderate_50_to_80,0.0,-2.2042405560792453,-4.408481112158491,-0.24332680459153488
2025,2572,12,6,6,0.5,0;1;2;3;4;8,-1.6892619563237654,1.734869425462886,0.04560746913912059,1.734869425462886,2.2329887275645106,True,positive,moderate_50_to_80,0.0,-1.6892619563237654,-3.378523912647531,0.271651795163945
2025,2572,12,6,6,0.5,0;1;2;3;6;8,-1.6892619563237654,1.734869425462886,0.04560746913912059,1.734869425462886,2.2329887275645106,True,positive,moderate_50_to_80,0.0,-1.6892619563237654,-3.378523912647531,0.271651795163945
2025,2572,12,6,6,0.5,0;1;2;3;7;9,-2.2042405560792453,2.2498480252183657,0.04560746913912059,2.2498480252183657,2.2329887275645106,True,positive,moderate_50_to_80,0.0,-2.2042405560792453,-4.408481112158491,-0.24332680459153488
2025,2572,12,6,6,0.5,0;1;2;4;5;8,-1.9839632545523478,2.029570723691468,0.04560746913912059,2.029570723691468,2.2329887275645106,True,positive,moderate_50_to_80,0.0,-1.9839632545523478,-3.967926509104695,-0.023049503064637378
2025,2572,12,6,6,0.5,0;1;2;4;7;8,-0.7987585388862914,0.8443660080254121,0.04560746913912059,0.8443660080254121,2.2329887275645106,True,positive,moderate_50_to_80,0.0,-0.7987585388862914,-1.597517077772583,1.162155212601419
2025,2572,12,6,6,0.5,0;1;2;5;6;8,-1.9839632545523478,2.029570723691468,0.04560746913912059,2.029570723691468,2.2329887275645106,True,positive,moderate_50_to_80,0.0,-1.9839632545523478,-3.967926509104695,-0.023049503064637378
2025,2572,12,6,6,0.5,0;1;2;6;9;11,-0.5387524526147759,0.5843599217538965,0.04560746913912059,0.5843599217538965,2.2329887275645106,True,positive,moderate_50_to_80,0.0,-0.5387524526147759,-1.0775049052295518,1.4221612988729344
2025,2572,12,6,6,0.5,0;1;2;7;8;10,-1.120498029086157,1.1661054982252774,0.04560746913912059,1.1661054982252774,2.2329887275645106,True,positive,moderate_50_to_80,0.0,-1.120498029086157,-2.240996058172314,0.8404157224015534
2025,2572,12,6,6,0.5,0;1;2;8;9;11,-0.5387524526147759,0.5843599217538965,0.04560746913912059,0.5843599217538965,2.2329887275645106,True,positive,moderate_50_to_80,0.0,-0.5387524526147759,-1.0775049052295518,1.4221612988729344
2025,2572,12,6,6,0.5,0;1;3;4;6;7,0.880830487669301,-0.8352230185301804,0.04560746913912059,0.8352230185301804,2.2329887275645106,True,negative,moderate_50_to_80,0.0,0.880830487669301,1.761660975338602,2.8417442391570114
2025,2572,12,6,6,0.5,0;1;3;4;7;9,0.880830487669301,-0.8352230185301804,0.04560746913912059,0.8352230185301804,2.2329887275645106,True,negative,moderate_50_to_80,0.0,0.880830487669301,1.761660975338602,2.8417442391570114
2025,2572,12,6,6,0.5,0;1;3;6;7;9,0.880830487669301,-0.8352230185301804,0.04560746913912059,0.8352230185301804,2.2329887275645106,True,negative,moderate_50_to_80,0.0,0.880830487669301,1.761660975338602,2.8417442391570114
2025,2572,12,6,6,0.5,0;1;4;5;8;11,0.8461352757122342,-0.8005278065731136,0.04560746913912059,0.8005278065731136,2.2329887275645106,True,negative,moderate_50_to_80,0.0,0.8461352757122342,1.6922705514244685,2.8070490271999446
2025,2572,12,6,6,0.5,0;1;4;6;7;10,1.9645730146623892,-1.9189655455232688,0.04560746913912059,1.9189655455232688,2.2329887275645106,False,negative,moderate_50_to_80,0.0,1.9645730146623892,3.9291460293247784,3.9254867661500996
2025,2572,12,6,6,0.5,0;1;5;6;7;9,0.5861291894407187,-0.5405217203015981,0.04560746913912059,0.5405217203015981,2.2329887275645106,True,negative,moderate_50_to_80,0.0,0.5861291894407187,1.1722583788814374,2.547042940928429
2025,2572,12,6,6,0.5,0;1;5;6;7;10,0.2643896992408532,-0.21878223010173262,0.04560746913912059,0.21878223010173262,2.2329887275645106,True,negative,moderate_50_to_80,0.0,0.2643896992408532,0.5287793984817064,2.2253034507285636
2025,2572,12,6,6,0.5,0;1;5;6;8;10,0.7793682989963331,-0.7337608298572125,0.04560746913912059,0.7337608298572125,2.2329887275645106,True,negative,moderate_50_to_80,0.0,0.7793682989963331,1.558736597992666,2.7402820504840433
2025,2572,12,6,6,0.5,0;1;5;6;8;11,0.8461352757122342,-0.8005278065731136,0.04560746913912059,0.8005278065731136,2.2329887275645106,True,negative,moderate_50_to_80,0.0,0.8461352757122342,1.6922705514244685,2.8070490271999446
2025,2572,12,6,6,0.5,0;1;5;8;10;11,0.5243957855123688,-0.47878831637324815,0.04560746913912059,0.47878831637324815,2.2329887275645106,True,negative,moderate_50_to_80,0.0,0.5243957855123688,1.0487915710247375,2.485309537000079
2025,2572,12,6,6,0.5,0;1;6;7;8;11,2.0313399913782906,-1.98573252223917,0.04560746913912059,1.98573252223917,2.2329887275645106,False,negative,moderate_50_to_80,0.0,2.0313399913782906,4.062679982756581,3.992253742866001
2025,2572,12,6,6,0.5,0;1;6;7;10;11,1.709600501178425,-1.6639930320393044,0.04560746913912059,1.6639930320393044,2.2329887275645106,True,negative,moderate_50_to_80,0.0,1.709600501178425,3.41920100235685,3.6705142526661354
2025,2572,12,6,6,0.5,0;1;6;9;10;11,2.2245791009339047,-2.1789716317947843,0.04560746913912059,2.1789716317947843,2.2329887275645106,False,negative,moderate_50_to_80,0.0,2.2245791009339047,4.449158201867809,4.185492852421615
2025,2572,12,6,6,0.5,0;1;7;8;9;10,1.9645730146623892,-1.9189655455232688,0.04560746913912059,1.9189655455232688,2.2329887275645106,False,negative,moderate_50_to_80,0.0,1.9645730146623892,3.9291460293247784,3.9254867661500996
2025,2572,12,6,6,0.5,0;2;3;4;5;6,-3.3894452717453016,3.435052740884422,0.04560746913912059,3.435052740884422,2.2329887275645106,True,positive,moderate_50_to_80,0.0,-3.3894452717453016,-6.778890543490603,-1.4285315202575912
2025,2572,12,6,6,0.5,0;2;3;4;6;9,-1.6892619563237654,1.734869425462886,0.04560746913912059,1.734869425462886,2.2329887275645106,True,positive,moderate_50_to_80,0.0,-1.6892619563237654,-3.378523912647531,0.271651795163945
2025,2572,12,6,6,0.5,0;2;3;5;6;10,-3.7111847619451668,3.7567922310842876,0.04560746913912059,3.7567922310842876,2.2329887275645106,True,positive,moderate_50_to_80,0.0,-3.7111847619451668,-7.422369523890334,-1.7502710104574564
2025,2572,12,6,6,0.5,0;2;3;5;6;11,-3.644417785229266,3.6900252543683862,0.04560746913912059,3.6900252543683862,2.2329887275645106,True,positive,moderate_50_to_80,0.0,-3.644417785229266,-7.288835570458532,-1.6835040337415554
2025,2572,12,6,6,0.5,0;2;3;5;8;9,-3.3894452717453016,3.435052740884422,0.04560746913912059,3.435052740884422,2.2329887275645106,True,positive,moderate_50_to_80,0.0,-3.3894452717453016,-6.778890543490603,-1.4285315202575912
2025,2572,12,6,6,0.5,0;2;3;6;9;10,-2.0110014465236308,2.0566089156627516,0.04560746913912059,2.0566089156627516,2.2329887275645106,True,positive,moderate_50_to_80,0.0,-2.0110014465236308,-4.0220028930472616,-0.050087695035920365
2025,2572,12,6,6,0.5,0;2;4;5;8;9,-1.9839632545523478,2.029570723691468,0.04560746913912059,2.029570723691468,2.2329887275645106,True,positive,moderate_50_to_80,0.0,-1.9839632545523478,-3.967926509104695,-0.023049503064637378
2025,2572,12,6,6,0.5,0;2;4;5;9;11,-2.238935768036312,2.2845432371754324,0.04560746913912059,2.2845432371754324,2.2329887275645106,True,positive,moderate_50_to_80,0.0,-2.238935768036312,-4.477871536072624,-0.2780220165486016
2025,2572,12,6,6,0.5,0;2;4;6;8;9,-0.28377993913081156,0.3293874082699322,0.04560746913912059,0.3293874082699322,2.2329887275645106,True,positive,moderate_50_to_80,0.0,-0.28377993913081156,-0.5675598782616231,1.6771338123568988
2025,2572,12,6,6,0.5,0;2;5;6;7;11,-2.7539143677917917,2.7995218369309125,0.04560746913912059,2.7995218369309125,2.2329887275645106,True,positive,moderate_50_to_80,0.0,-2.7539143677917917,-5.507828735583583,-0.7930006163040813
2025,2572,12,6,6,0.5,0;2;5;7;8;11,-2.7539143677917917,2.7995218369309125,0.04560746913912059,2.7995218369309125,2.2329887275645106,True,positive,moderate_50_to_80,0.0,-2.7539143677917917,-5.507828735583583,-0.7930006163040813
2025,2572,12,6,6,0.5,0;3;4;6;7;9,0.880830487669301,-0.8352230185301804,0.04560746913912059,0.8352230185301804,2.2329887275645106,True,negative,moderate_50_to_80,0.0,0.880830487669301,1.761660975338602,2.8417442391570114
2025,2572,12,6,6,0.5,0;3;4;6;8;10,1.0740695972249155,-1.0284621280857948,0.04560746913912059,1.0284621280857948,2.2329887275645106,True,negative,moderate_50_to_80,0.0,1.0740695972249155,2.148139194449831,3.034983348712626
2025,2572,12,6,6,0.5,0;3;5;6;7;10,-1.1410923179521006,1.186699787091221,0.04560746913912059,1.186699787091221,2.2329887275645106,True,positive,moderate_50_to_80,0.0,-1.1410923179521006,-2.2821846359042013,0.8198214335356098
2025,2572,12,6,6,0.5,0;3;5;6;10;11,-0.881086231680585,0.9266937008197056,0.04560746913912059,0.9266937008197056,2.2329887275645106,True,positive,moderate_50_to_80,0.0,-0.881086231680585,-1.7621724633611702,1.0798275198071254
2025,2572,12,6,6,0.5,0;3;6;8;10;11,0.8190970837409511,-0.7734896146018305,0.04560746913912059,0.7734896146018305,2.2329887275645106,True,negative,moderate_50_to_80,0.0,0.8190970837409511,1.6381941674819023,2.7800108352286617
2025,2572,12,6,6,0.5,0;3;7;8;9;10,0.5590909974694356,-0.513483528330315,0.04560746913912059,0.513483528330315,2.2329887275645106,True,negative,moderate_50_to_80,0.0,0.5590909974694356,1.1181819949388712,2.520004748957146
2025,2572,12,6,6,0.5,0;4;5;6;7;10,0.2643896992408532,-0.21878223010173262,0.04560746913912059,0.21878223010173262,2.2329887275645106,True,negative,moderate_50_to_80,0.0,0.2643896992408532,0.5287793984817064,2.2253034507285636
2025,2572,12,6,6,0.5,0;4;5;6;10;11,0.5243957855123688,-0.47878831637324815,0.04560746913912059,0.47878831637324815,2.2329887275645106,True,negative,moderate_50_to_80,0.0,0.5243957855123688,1.0487915710247375,2.485309537000079
2025,2572,12,6,6,0.5,0;4;5;7;8;11,0.33115667595675435,-0.28554920681763374,0.04560746913912059,0.28554920681763374,2.2329887275645106,True,negative,moderate_50_to_80,0.0,0.33115667595675435,0.6623133519135087,2.2920704274444645
2025,2572,12,6,6,0.5,0;4;5;7;9;10,0.2643896992408532,-0.21878223010173262,0.04560746913912059,0.21878223010173262,2.2329887275645106,True,negative,moderate_50_to_80,0.0,0.2643896992408532,0.5287793984817064,2.2253034507285636
2025,2572,12,6,6,0.5,0;5;6;7;9;11,0.33115667595675435,-0.28554920681763374,0.04560746913912059,0.28554920681763374,2.2329887275645106,True,negative,moderate_50_to_80,0.0,0.33115667595675435,0.6623133519135087,2.2920704274444645
2025,2572,12,6,6,0.5,0;5;7;8;9;11,0.33115667595675435,-0.28554920681763374,0.04560746913912059,0.28554920681763374,2.2329887275645106,True,negative,moderate_50_to_80,0.0,0.33115667595675435,0.6623133519135087,2.2920704274444645
2025,2572,12,6,6,0.5,1;2;3;4;7;8,-0.47878831637324815,0.5243957855123688,0.04560746913912059,0.5243957855123688,2.2329887275645106,True,positive,moderate_50_to_80,0.0,-0.47878831637324815,-0.9575766327464962,1.4821254351144622
2025,2572,12,6,6,0.5,1;2;3;4;8;10,-0.28554920681763374,0.33115667595675435,0.04560746913912059,0.33115667595675435,2.2329887275645106,True,positive,moderate_50_to_80,0.0,-0.28554920681763374,-0.5710984136352675,1.6753645446700767
2025,2572,12,6,6,0.5,1;2;3;5;6;10,-1.98573252223917,2.0313399913782906,0.04560746913912059,2.0313399913782906,2.2329887275645106,True,positive,moderate_50_to_80,0.0,-1.98573252223917,-3.97146504447834,-0.02481877075145955
2025,2572,12,6,6,0.5,1;2;3;5;7;11,-2.4339441452787485,2.4795516144178693,0.04560746913912059,2.4795516144178693,2.2329887275645106,True,positive,moderate_50_to_80,0.0,-2.4339441452787485,-4.867888290557497,-0.47303039379103806
2025,2572,12,6,6,0.5,1;2;4;5;6;10,-0.5802505050462161,0.6258579741853367,0.04560746913912059,0.6258579741853367,2.2329887275645106,True,positive,moderate_50_to_80,0.0,-0.5802505050462161,-1.1605010100924322,1.3806632464414943
2025,2572,12,6,6,0.5,1;2;4;5;8;11,-0.513483528330315,0.5590909974694356,0.04560746913912059,0.5590909974694356,2.2329887275645106,True,positive,moderate_50_to_80,0.0,-0.513483528330315,-1.02696705666063,1.4474302231573954
2025,2572,12,6,6,0.5,1;2;4;6;7;8,0.9266937008197056,-0.881086231680585,0.04560746913912059,0.881086231680585,2.2329887275645106,True,negative,moderate_50_to_80,0.0,0.9266937008197056,1.8533874016394112,2.887607452307416
2025,2572,12,6,6,0.5,1;2;4;6;8;9,1.4416723005751855,-1.3960648314360649,0.04560746913912059,1.3960648314360649,2.2329887275645106,True,negative,moderate_50_to_80,0.0,1.4416723005751855,2.883344601150371,3.4025860520628957
2025,2572,12,6,6,0.5,1;2;4;8;9;11,1.186699787091221,-1.1410923179521006,0.04560746913912059,1.1410923179521006,2.2329887275645106,True,negative,moderate_50_to_80,0.0,1.186699787091221,2.373399574182442,3.1476135385789314
2025,2572,12,6,6,0.5,1;2;7;9;10;11,0.3499816971358758,-0.3043742279967552,0.04560746913912059,0.3043742279967552,2.2329887275645106,True,negative,moderate_50_to_80,0.0,0.3499816971358758,0.6999633942717516,2.310895448623586
2025,2572,12,6,6,0.5,1;3;4;5;7;9,0.906099411953762,-0.8604919428146414,0.04560746913912059,0.8604919428146414,2.2329887275645106,True,negative,moderate_50_to_80,0.0,0.906099411953762,1.812198823907524,2.8670131634414724
2025,2572,12,6,6,0.5,1;3;4;6;9;10,2.7995218369309125,-2.7539143677917917,0.04560746913912059,2.7539143677917917,2.2329887275645106,False,negative,moderate_50_to_80,0.0,2.7995218369309125,5.599043673861825,4.760435588418623
2025,2572,12,6,6,0.5,1;3;4;8;9;11,2.8662888136468134,-2.820681344507693,0.04560746913912059,2.820681344507693,2.2329887275645106,False,negative,moderate_50_to_80,0.0,2.8662888136468134,5.732577627293627,4.827202565134524
2025,2572,12,6,6,0.5,1;3;5;7;9;10,0.5843599217538965,-0.5387524526147759,0.04560746913912059,0.5387524526147759,2.2329887275645106,True,negative,moderate_50_to_80,0.0,0.5843599217538965,1.168719843507793,2.545273673241607
2025,2572,12,6,6,0.5,1;3;5;7;9;11,0.6511268984697977,-0.605519429330677,0.04560746913912059,0.605519429330677,2.2329887275645106,True,negative,moderate_50_to_80,0.0,0.6511268984697977,1.3022537969395953,2.612040649957508
2025,2572,12,6,6,0.5,1;3;5;8;10;11,0.8443660080254121,-0.7987585388862914,0.04560746913912059,0.7987585388862914,2.2329887275645106,True,negative,moderate_50_to_80,0.0,0.8443660080254121,1.688732016050824,2.8052797595131223
2025,2572,12,6,6,0.5,1;3;8;9;10;11,2.5445493234469483,-2.4989418543078274,0.04560746913912059,2.4989418543078274,2.2329887275645106,False,negative,moderate_50_to_80,0.0,2.5445493234469483,5.089098646893897,4.505463074934658
2025,2572,12,6,6,0.5,1;4;6;7;10;11,3.435052740884422,-3.3894452717453016,0.04560746913912059,3.3894452717453016,2.2329887275645106,False,negative,moderate_50_to_80,0.0,3.435052740884422,6.870105481768843,5.395966492372132
2025,2572,12,6,6,0.5,1;5;6;8;9;10,2.50482053870233,-2.4592130695632095,0.04560746913912059,2.4592130695632095,2.2329887275645106,False,negative,moderate_50_to_80,0.0,2.50482053870233,5.00964107740466,4.46573429019004
2025,2572,12,6,6,0.5,1;6;7;8;10;11,3.435052740884422,-3.3894452717453016,0.04560746913912059,3.3894452717453016,2.2329887275645106,False,negative,moderate_50_to_80,0.0,3.435052740884422,6.870105481768843,5.395966492372132
2025,2572,12,6,6,0.5,2;3;6;9;10;11,-0.5405217203015981,0.5861291894407187,0.04560746913912059,0.5861291894407187,2.2329887275645106,True,positive,moderate_50_to_80,0.0,-0.5405217203015981,-1.0810434406031961,1.4203920311861125
2025,2572,12,6,6,0.5,2;4;5;7;8;11,-1.0284621280857948,1.0740695972249155,0.04560746913912059,1.0740695972249155,2.2329887275645106,True,positive,moderate_50_to_80,0.0,-1.0284621280857948,-2.0569242561715897,0.9324516234019156
2025,2572,12,6,6,0.5,2;5;6;7;8;9,-0.7734896146018305,0.8190970837409511,0.04560746913912059,0.8190970837409511,2.2329887275645106,True,positive,moderate_50_to_80,0.0,-0.7734896146018305,-1.546979229203661,1.18742413688588
2025,2572,12,6,6,0.5,2;5;6;7;9;11,-1.0284621280857948,1.0740695972249155,0.04560746913912059,1.0740695972249155,2.2329887275645106,True,positive,moderate_50_to_80,0.0,-1.0284621280857948,-2.0569242561715897,0.9324516234019156
2025,2572,12,6,6,0.5,2;5;7;9;10;11,-1.3502016182856602,1.3958090874247808,0.04560746913912059,1.3958090874247808,2.2329887275645106,True,positive,moderate_50_to_80,0.0,-1.3502016182856602,-2.7004032365713204,0.6107121332020502
2025,2572,12,6,6,0.5,3;4;5;7;10;11,0.3293874082699322,-0.28377993913081156,0.04560746913912059,0.28377993913081156,2.2329887275645106,True,negative,moderate_50_to_80,0.0,0.3293874082699322,0.6587748165398644,2.2903011597576426
2025,2572,12,6,6,0.5,3;4;6;7;9;10,2.2845432371754324,-2.238935768036312,0.04560746913912059,2.238935768036312,2.2329887275645106,False,negative,moderate_50_to_80,0.0,2.2845432371754324,4.569086474350865,4.245456988663143
2025,2572,12,6,6,0.5,3;5;6;7;9;10,0.5843599217538965,-0.5387524526147759,0.04560746913912059,0.5387524526147759,2.2329887275645106,True,negative,moderate_50_to_80,0.0,0.5843599217538965,1.168719843507793,2.545273673241607
2025,2572,12,6,6,0.5,4;5;6;8;10;11,2.2498480252183657,-2.2042405560792453,0.04560746913912059,2.2042405560792453,2.2329887275645106,False,negative,moderate_50_to_80,0.0,2.2498480252183657,4.499696050436731,4.210761776706076
2025,2572,12,6,6,0.5,4;6;8;9;10;11,3.9500313406399017,-3.9044238715007813,0.04560746913912059,3.9044238715007813,2.2329887275645106,False,negative,moderate_50_to_80,0.0,3.9500313406399017,7.900062681279803,5.910945092127612
2025,2572,12,6,6,0.5,4;7;8;9;10;11,3.435052740884422,-3.3894452717453016,0.04560746913912059,3.3894452717453016,2.2329887275645106,False,negative,moderate_50_to_80,0.0,3.435052740884422,6.870105481768843,5.395966492372132
2025,2572,12,6,6,0.5,6;7;8;9;10;11,3.435052740884422,-3.3894452717453016,0.04560746913912059,3.3894452717453016,2.2329887275645106,False,negative,moderate_50_to_80,0.0,3.435052740884422,6.870105481768843,5.395966492372132
2025,2572,12,7,5,0.5833333333333334,0;1;2;3;4,-2.4361179355212004,2.481725404660321,0.04560746913912059,2.481725404660321,2.038430494569734,True,positive,moderate_50_to_80,0.0,-2.4361179355212004,-4.176202175179201,-0.802023142614775
2025,2572,12,7,5,0.5833333333333334,0;1;2;3;9,-2.4361179355212004,2.481725404660321,0.04560746913912059,2.481725404660321,2.038430494569734,True,positive,moderate_50_to_80,0.0,-2.4361179355212004,-4.176202175179201,-0.802023142614775
2025,2572,12,7,5,0.5833333333333334,0;1;2;8;10,-1.3523754085281123,1.397982877667233,0.04560746913912059,1.397982877667233,2.038430494569734,True,positive,moderate_50_to_80,0.0,-1.3523754085281123,-2.3183578431910496,0.281719384378313
2025,2572,12,7,5,0.5833333333333334,0;1;3;4;5,-1.0512302071941904,1.096837676333311,0.04560746913912059,1.096837676333311,2.038430494569734,True,positive,moderate_50_to_80,0.0,-1.0512302071941904,-1.802108926618612,0.582864585712235
2025,2572,12,7,5,0.5833333333333334,0;1;3;6;7,0.13397450847186587,-0.08836703933274528,0.04560746913912059,0.08836703933274528,2.038430494569734,True,negative,moderate_50_to_80,0.0,0.13397450847186587,0.22967058595177006,1.7680693013782913
2025,2572,12,7,5,0.5833333333333334,0;1;3;7;11,-0.12099800501209845,0.16660547415121904,0.04560746913912059,0.16660547415121904,2.038430494569734,True,positive,moderate_50_to_80,0.0,-0.12099800501209845,-0.20742515144931165,1.5130967878943269
2025,2572,12,7,5,0.5833333333333334,0;1;4;5;7,-0.1607267897567165,0.2063342588958371,0.04560746913912059,0.2063342588958371,2.038430494569734,True,positive,moderate_50_to_80,0.0,-0.1607267897567165,-0.2755316395829426,1.4733680031497087
2025,2572,12,7,5,0.5833333333333334,0;1;4;5;8,0.3542518099987634,-0.30864434085964276,0.04560746913912059,0.30864434085964276,2.038430494569734,True,negative,moderate_50_to_80,0.0,0.3542518099987634,0.6072888171407372,1.9883466029051888
2025,2572,12,7,5,0.5833333333333334,0;1;5;6;8,0.3542518099987634,-0.30864434085964276,0.04560746913912059,0.30864434085964276,2.038430494569734,True,negative,moderate_50_to_80,0.0,0.3542518099987634,0.6072888171407372,1.9883466029051888
2025,2572,12,7,5,0.5833333333333334,0;1;5;8;11,0.09927929651479903,-0.05367182737567844,0.04560746913912059,0.05367182737567844,2.038430494569734,True,negative,moderate_50_to_80,0.0,0.09927929651479903,0.17019307973965545,1.7333740894212244
2025,2572,12,7,5,0.5833333333333334,0;1;6;7;10,1.217717035464954,-1.1721095663258336,0.04560746913912059,1.1721095663258336,2.038430494569734,True,negative,moderate_50_to_80,0.0,1.217717035464954,2.087514917939921,2.851811828371379
2025,2572,12,7,5,0.5833333333333334,0;1;6;10;11,1.4777231217364697,-1.432115652597349,0.04560746913912059,1.432115652597349,2.038430494569734,True,negative,moderate_50_to_80,0.0,1.4777231217364697,2.533239637262519,3.111817914642895
2025,2572,12,7,5,0.5833333333333334,0;1;8;9;11,1.799462611936335,-1.7538551427972147,0.04560746913912059,1.7538551427972147,2.038430494569734,False,negative,moderate_50_to_80,0.0,1.799462611936335,3.0847930490337174,3.4335574048427606
2025,2572,12,7,5,0.5833333333333334,0;1;8;10;11,1.4777231217364697,-1.432115652597349,0.04560746913912059,1.432115652597349,2.038430494569734,True,negative,moderate_50_to_80,0.0,1.4777231217364697,2.533239637262519,3.111817914642895
2025,2572,12,7,5,0.5833333333333334,0;2;3;4;6,-2.4361179355212004,2.481725404660321,0.04560746913912059,2.481725404660321,2.038430494569734,True,positive,moderate_50_to_80,0.0,-2.4361179355212004,-4.176202175179201,-0.802023142614775
2025,2572,12,7,5,0.5833333333333334,0;2;3;4;10,-2.757857425721066,2.803464894860187,0.04560746913912059,2.803464894860187,2.038430494569734,True,positive,moderate_50_to_80,0.0,-2.757857425721066,-4.727755586950399,-1.1237626328146406
2025,2572,12,7,5,0.5833333333333334,0;2;3;5;7,-4.6512798506982165,4.696887319837337,0.04560746913912059,4.696887319837337,2.038430494569734,True,positive,moderate_50_to_80,0.0,-4.6512798506982165,-7.973622601196943,-3.0171850577917914
2025,2572,12,7,5,0.5833333333333334,0;2;4;5;10,-3.0525587239496486,3.098166193088769,0.04560746913912059,3.098166193088769,2.038430494569734,True,positive,moderate_50_to_80,0.0,-3.0525587239496486,-5.232957812485112,-1.4184639310432232
2025,2572,12,7,5,0.5833333333333334,0;2;5;6;10,-3.0525587239496486,3.098166193088769,0.04560746913912059,3.098166193088769,2.038430494569734,True,positive,moderate_50_to_80,0.0,-3.0525587239496486,-5.232957812485112,-1.4184639310432232
2025,2572,12,7,5,0.5833333333333334,0;2;5;6;11,-2.985791747233747,3.0313992163728676,0.04560746913912059,3.0313992163728676,2.038430494569734,True,positive,moderate_50_to_80,0.0,-2.985791747233747,-5.118500138114995,-1.3516969543273218
2025,2572,12,7,5,0.5833333333333334,0;2;5;7;11,-3.500770346989227,3.5463778161283477,0.04560746913912059,3.5463778161283477,2.038430494569734,True,positive,moderate_50_to_80,0.0,-3.500770346989227,-6.001320594838674,-1.8666755540828015
2025,2572,12,7,5,0.5833333333333334,0;2;6;10;11,-1.6073479220120765,1.6529553911511972,0.04560746913912059,1.6529553911511972,2.038430494569734,True,positive,moderate_50_to_80,0.0,-1.6073479220120765,-2.7554535805921314,0.026746870894348795
2025,2572,12,7,5,0.5833333333333334,0;2;7;9;11,-1.8005870315676908,1.8461945007068115,0.04560746913912059,1.8461945007068115,2.038430494569734,True,positive,moderate_50_to_80,0.0,-1.8005870315676908,-3.0867206255446127,-0.1664922386612655
2025,2572,12,7,5,0.5833333333333334,0;3;5;6;10,-1.372969697394056,1.4185771665331766,0.04560746913912059,1.4185771665331766,2.038430494569734,True,positive,moderate_50_to_80,0.0,-1.372969697394056,-2.3536623383898103,0.2611250955123694
2025,2572,12,7,5,0.5833333333333334,0;3;5;7;10,-1.8879482971495358,1.9335557662886562,0.04560746913912059,1.9335557662886562,2.038430494569734,True,positive,moderate_50_to_80,0.0,-1.8879482971495358,-3.23648279511349,-0.2538535042431105
2025,2572,12,7,5,0.5833333333333334,0;3;5;10;11,-1.6279422108780202,1.6735496800171408,0.04560746913912059,1.6735496800171408,2.038430494569734,True,positive,moderate_50_to_80,0.0,-1.6279422108780202,-2.7907580757908916,0.006152582028405185
2025,2572,12,7,5,0.5833333333333334,0;3;6;8;10,0.3272136180274803,-0.28160614888835966,0.04560746913912059,0.28160614888835966,2.038430494569734,True,negative,moderate_50_to_80,0.0,0.3272136180274803,0.5609376309042519,1.9613084109339056
2025,2572,12,7,5,0.5833333333333334,0;3;7;9;10,-0.1877649817279996,0.2333724508671202,0.04560746913912059,0.2333724508671202,2.038430494569734,True,positive,moderate_50_to_80,0.0,-0.1877649817279996,-0.3218828258194279,1.4463298111784257
2025,2572,12,7,5,0.5833333333333334,0;4;5;7;9,-0.1607267897567165,0.2063342588958371,0.04560746913912059,0.2063342588958371,2.038430494569734,True,positive,moderate_50_to_80,0.0,-0.1607267897567165,-0.2755316395829426,1.4733680031497087
2025,2572,12,7,5,0.5833333333333334,0;4;6;7;11,1.2844840121808554,-1.2388765430417348,0.04560746913912059,1.2388765430417348,2.038430494569734,True,negative,moderate_50_to_80,0.0,1.2844840121808554,2.201972592310038,2.9185788050872805
2025,2572,12,7,5,0.5833333333333334,0;4;6;8;10,1.732695635220434,-1.6870881660813133,0.04560746913912059,1.6870881660813133,2.038430494569734,True,negative,moderate_50_to_80,0.0,1.732695635220434,2.970335374663601,3.3667904281268592
2025,2572,12,7,5,0.5833333333333334,0;4;7;8;11,1.2844840121808554,-1.2388765430417348,0.04560746913912059,1.2388765430417348,2.038430494569734,True,negative,moderate_50_to_80,0.0,1.2844840121808554,2.201972592310038,2.9185788050872805
2025,2572,12,7,5,0.5833333333333334,0;5;6;8;11,0.09927929651479903,-0.05367182737567844,0.04560746913912059,0.05367182737567844,2.038430494569734,True,negative,moderate_50_to_80,0.0,0.09927929651479903,0.17019307973965545,1.7333740894212244
2025,2572,12,7,5,0.5833333333333334,0;5;6;9;11,0.09927929651479903,-0.05367182737567844,0.04560746913912059,0.05367182737567844,2.038430494569734,True,negative,moderate_50_to_80,0.0,0.09927929651479903,0.17019307973965545,1.7333740894212244
2025,2572,12,7,5,0.5833333333333334,0;5;6;10;11,-0.22246019368506645,0.26806766282418704,0.04560746913912059,0.26806766282418704,2.038430494569734,True,positive,moderate_50_to_80,0.0,-0.22246019368506645,-0.3813603320315425,1.4116345992213588
2025,2572,12,7,5,0.5833333333333334,0;6;7;8;9,1.5394565256648196,-1.493849056525699,0.04560746913912059,1.493849056525699,2.038430494569734,True,negative,moderate_50_to_80,0.0,1.5394565256648196,2.6390683297111193,3.1735513185712447
2025,2572,12,7,5,0.5833333333333334,0;6;8;9;11,1.799462611936335,-1.7538551427972147,0.04560746913912059,1.7538551427972147,2.038430494569734,False,negative,moderate_50_to_80,0.0,1.799462611936335,3.0847930490337174,3.4335574048427606
2025,2572,12,7,5,0.5833333333333334,1;2;3;7;9,-1.2256442955706834,1.2712517647098038,0.04560746913912059,1.2712517647098038,2.038430494569734,True,positive,moderate_50_to_80,0.0,-1.2256442955706834,-2.1011045066926,0.4084504973357419
2025,2572,12,7,5,0.5833333333333334,1;2;4;5;9,-1.005366994043786,1.0509744631829063,0.04560746913912059,1.0509744631829063,2.038430494569734,True,positive,moderate_50_to_80,0.0,-1.005366994043786,-1.723486275503633,0.6287277988626394
2025,2572,12,7,5,0.5833333333333334,1;2;4;7;8,0.1798377216222704,-0.13423025248314982,0.04560746913912059,0.13423025248314982,2.038430494569734,True,negative,moderate_50_to_80,0.0,0.1798377216222704,0.30829323706674927,1.8139325145286957
2025,2572,12,7,5,0.5833333333333334,1;2;4;8;9,0.6948163213777503,-0.6492088522386297,0.04560746913912059,0.6492088522386297,2.038430494569734,True,negative,moderate_50_to_80,0.0,0.6948163213777503,1.191113693790429,2.3289111142841756
2025,2572,12,7,5,0.5833333333333334,1;2;5;9;10,-1.3271064842436513,1.372713953382772,0.04560746913912059,1.372713953382772,2.038430494569734,True,positive,moderate_50_to_80,0.0,-1.3271064842436513,-2.275039687274831,0.30698830866277405
2025,2572,12,7,5,0.5833333333333334,1;2;5;9;11,-1.2603395075277501,1.3059469766668708,0.04560746913912059,1.3059469766668708,2.038430494569734,True,positive,moderate_50_to_80,0.0,-1.2603395075277501,-2.1605820129047144,0.3737552853786752
2025,2572,12,7,5,0.5833333333333334,1;2;6;9;10,0.3730768311778848,-0.3274693620387642,0.04560746913912059,0.3274693620387642,2.038430494569734,True,negative,moderate_50_to_80,0.0,0.3730768311778848,0.6395602820192311,2.00717162408431
2025,2572,12,7,5,0.5833333333333334,1;2;7;8;10,-0.14190176857759507,0.18750923771671565,0.04560746913912059,0.18750923771671565,2.038430494569734,True,positive,moderate_50_to_80,0.0,-0.14190176857759507,-0.2432601747044487,1.4921930243288304
2025,2572,12,7,5,0.5833333333333334,1;2;8;9;10,0.3730768311778848,-0.3274693620387642,0.04560746913912059,0.3274693620387642,2.038430494569734,True,negative,moderate_50_to_80,0.0,0.3730768311778848,0.6395602820192311,2.00717162408431
2025,2572,12,7,5,0.5833333333333334,1;3;4;5;9,0.6742220325118067,-0.6286145633726861,0.04560746913912059,0.6286145633726861,2.038430494569734,True,negative,moderate_50_to_80,0.0,0.6742220325118067,1.1558091985916685,2.308316825418232
2025,2572,12,7,5,0.5833333333333334,1;3;4;9;11,2.1194328344493782,-2.073825365310258,0.04560746913912059,2.073825365310258,2.038430494569734,False,negative,moderate_50_to_80,0.0,2.1194328344493782,3.633313430484648,3.753527627355804
2025,2572,12,7,5,0.5833333333333334,1;3;5;7;9,0.1592434327563268,-0.11363596361720621,0.04560746913912059,0.11363596361720621,2.038430494569734,True,negative,moderate_50_to_80,0.0,0.1592434327563268,0.27298874186798877,1.7933382256627521
2025,2572,12,7,5,0.5833333333333334,1;4;5;6;10,1.757964559504895,-1.7123570903657743,0.04560746913912059,1.7123570903657743,2.038430494569734,True,negative,moderate_50_to_80,0.0,1.757964559504895,3.0136535305798198,3.3920593524113203
2025,2572,12,7,5,0.5833333333333334,1;4;5;9;10,1.757964559504895,-1.7123570903657743,0.04560746913912059,1.7123570903657743,2.038430494569734,True,negative,moderate_50_to_80,0.0,1.757964559504895,3.0136535305798198,3.3920593524113203
2025,2572,12,7,5,0.5833333333333334,1;4;7;8;10,2.943169275170951,-2.8975618060318307,0.04560746913912059,2.8975618060318307,2.038430494569734,False,negative,moderate_50_to_80,0.0,2.943169275170951,5.045433043150202,4.577264068077376
2025,2572,12,7,5,0.5833333333333334,1;5;7;8;10,1.242985959749415,-1.1973784906102944,0.04560746913912059,1.1973784906102944,2.038430494569734,True,negative,moderate_50_to_80,0.0,1.242985959749415,2.1308330738561403,2.87708075265584
2025,2572,12,7,5,0.5833333333333334,1;5;9;10;11,1.5029920460209305,-1.4573845768818101,0.04560746913912059,1.4573845768818101,2.038430494569734,True,negative,moderate_50_to_80,0.0,1.5029920460209305,2.5765577931787385,3.137086838927356
2025,2572,12,7,5,0.5833333333333334,1;6;9;10;11,3.2031753614424665,-3.157567892303346,0.04560746913912059,3.157567892303346,2.038430494569734,False,negative,moderate_50_to_80,0.0,3.2031753614424665,5.4911577624728,4.837270154348892
2025,2572,12,7,5,0.5833333333333334,2;3;4;5;10,-2.732588501436605,2.7781959705757258,0.04560746913912059,2.7781959705757258,2.038430494569734,True,positive,moderate_50_to_80,0.0,-2.732588501436605,-4.684437431034179,-1.0984937085301796
2025,2572,12,7,5,0.5833333333333334,2;3;4;5;11,-2.665821524720704,2.7114289938598244,0.04560746913912059,2.7114289938598244,2.038430494569734,True,positive,moderate_50_to_80,0.0,-2.665821524720704,-4.569979756664064,-1.0317267318142787
2025,2572,12,7,5,0.5833333333333334,2;3;4;7;8,-1.2256442955706834,1.2712517647098038,0.04560746913912059,1.2712517647098038,2.038430494569734,True,positive,moderate_50_to_80,0.0,-1.2256442955706834,-2.1011045066926,0.4084504973357419
2025,2572,12,7,5,0.5833333333333334,2;3;4;9;10,-1.032405186015069,1.0780126551541895,0.04560746913912059,1.0780126551541895,2.038430494569734,True,positive,moderate_50_to_80,0.0,-1.032405186015069,-1.7698374617401182,0.6016896068913564
2025,2572,12,7,5,0.5833333333333334,2;3;4;9;11,-0.9656382092991678,1.0112456784382884,0.04560746913912059,1.0112456784382884,2.038430494569734,True,positive,moderate_50_to_80,0.0,-0.9656382092991678,-1.655379787370002,0.6684565836072576
2025,2572,12,7,5,0.5833333333333334,2;3;7;8;10,-1.5473837857705488,1.5929912549096694,0.04560746913912059,1.5929912549096694,2.038430494569734,True,positive,moderate_50_to_80,0.0,-1.5473837857705488,-2.652657918463798,0.08671100713587654
2025,2572,12,7,5,0.5833333333333334,2;3;7;9;10,-1.5473837857705488,1.5929912549096694,0.04560746913912059,1.5929912549096694,2.038430494569734,True,positive,moderate_50_to_80,0.0,-1.5473837857705488,-2.652657918463798,0.08671100713587654
2025,2572,12,7,5,0.5833333333333334,2;3;7;10;11,-1.8023562992545132,1.8479637683936336,0.04560746913912059,1.8479637683936336,2.038430494569734,True,positive,moderate_50_to_80,0.0,-1.8023562992545132,-3.0897536558648797,-0.1682615063480879
2025,2572,12,7,5,0.5833333333333334,2;4;5;8;9,-1.005366994043786,1.0509744631829063,0.04560746913912059,1.0509744631829063,2.038430494569734,True,positive,moderate_50_to_80,0.0,-1.005366994043786,-1.723486275503633,0.6287277988626394
2025,2572,12,7,5,0.5833333333333334,2;4;7;8;9,0.1798377216222704,-0.13423025248314982,0.04560746913912059,0.13423025248314982,2.038430494569734,True,negative,moderate_50_to_80,0.0,0.1798377216222704,0.30829323706674927,1.8139325145286957
2025,2572,12,7,5,0.5833333333333334,2;4;7;8;11,-0.07513479186169392,0.1207422610008145,0.04560746913912059,0.1207422610008145,2.038430494569734,True,positive,moderate_50_to_80,0.0,-0.07513479186169392,-0.12880250033433244,1.5589600010447313
2025,2572,12,7,5,0.5833333333333334,2;4;7;9;10,-0.14190176857759507,0.18750923771671565,0.04560746913912059,0.18750923771671565,2.038430494569734,True,positive,moderate_50_to_80,0.0,-0.14190176857759507,-0.2432601747044487,1.4921930243288304
2025,2572,12,7,5,0.5833333333333334,2;7;8;9;11,-0.07513479186169392,0.1207422610008145,0.04560746913912059,0.1207422610008145,2.038430494569734,True,positive,moderate_50_to_80,0.0,-0.07513479186169392,-0.12880250033433244,1.5589600010447313
2025,2572,12,7,5,0.5833333333333334,3;4;5;9;10,0.3524825423119412,-0.3068750731728206,0.04560746913912059,0.3068750731728206,2.038430494569734,True,negative,moderate_50_to_80,0.0,0.3524825423119412,0.6042557868204705,1.9865773352183664
2025,2572,12,7,5,0.5833333333333334,3;4;7;10;11,1.282714744494033,-1.2371072753549126,0.04560746913912059,1.2371072753549126,2.038430494569734,True,negative,moderate_50_to_80,0.0,1.282714744494033,2.198939561989771,2.916809537400458
2025,2572,12,7,5,0.5833333333333334,3;4;9;10;11,1.7976933442495129,-1.7520858751103923,0.04560746913912059,1.7520858751103923,2.038430494569734,False,negative,moderate_50_to_80,0.0,1.7976933442495129,3.0817600187134504,3.4317881371559382
2025,2572,12,7,5,0.5833333333333334,3;5;6;8;10,0.3524825423119412,-0.3068750731728206,0.04560746913912059,0.3068750731728206,2.038430494569734,True,negative,moderate_50_to_80,0.0,0.3524825423119412,0.6042557868204705,1.9865773352183664
2025,2572,12,7,5,0.5833333333333334,3;6;7;8;11,1.6044542346938986,-1.558846765554778,0.04560746913912059,1.558846765554778,2.038430494569734,True,negative,moderate_50_to_80,0.0,1.6044542346938986,2.750492973760969,3.2385490276003237
2025,2572,12,7,5,0.5833333333333334,3;6;7;10;11,1.282714744494033,-1.2371072753549126,0.04560746913912059,1.2371072753549126,2.038430494569734,True,negative,moderate_50_to_80,0.0,1.282714744494033,2.198939561989771,2.916809537400458
2025,2572,12,7,5,0.5833333333333334,4;5;6;7;9,1.5647254499492806,-1.51911798081016,0.04560746913912059,1.51911798081016,2.038430494569734,True,negative,moderate_50_to_80,0.0,1.5647254499492806,2.682386485627338,3.1988202428557058
2025,2572,12,7,5,0.5833333333333334,4;5;7;8;9,1.5647254499492806,-1.51911798081016,0.04560746913912059,1.51911798081016,2.038430494569734,True,negative,moderate_50_to_80,0.0,1.5647254499492806,2.682386485627338,3.1988202428557058
2025,2572,12,7,5,0.5833333333333334,4;5;8;9;11,1.824731536220796,-1.7791240670816755,0.04560746913912059,1.7791240670816755,2.038430494569734,False,negative,moderate_50_to_80,0.0,1.824731536220796,3.128111204949936,3.4588263291272217
2025,2572,12,7,5,0.5833333333333334,5;6;7;9;11,1.3097529364653162,-1.2641454673261956,0.04560746913912059,1.2641454673261956,2.038430494569734,True,negative,moderate_50_to_80,0.0,1.3097529364653162,2.2452907482262563,2.9438477293717416
2025,2572,12,7,5,0.5833333333333334,5;6;8;9;11,1.824731536220796,-1.7791240670816755,0.04560746913912059,1.7791240670816755,2.038430494569734,False,negative,moderate_50_to_80,0.0,1.824731536220796,3.128111204949936,3.4588263291272217
2025,2572,12,7,5,0.5833333333333334,7;8;9;10;11,2.688196761686987,-2.6425892925478665,0.04560746913912059,2.6425892925478665,2.038430494569734,False,negative,moderate_50_to_80,0.0,2.688196761686987,4.60833730574912,4.322291554593412
2025,2572,12,8,4,0.6666666666666666,0;1;2;3,-3.1829739147186356,3.2285813838577564,0.04560746913912059,3.2285813838577564,1.8232276613065765,True,positive,moderate_50_to_80,0.0,-3.1829739147186356,-4.774460872077953,-1.8756980803934953
2025,2572,12,8,4,0.6666666666666666,0;1;2;10,-2.0992313877255473,2.144838856864668,0.04560746913912059,2.144838856864668,1.8232276613065765,True,positive,moderate_50_to_80,0.0,-2.0992313877255473,-3.148847081588321,-0.791955553400407
2025,2572,12,8,4,0.6666666666666666,0;1;2;11,-2.0324644110096464,2.0780718801487668,0.04560746913912059,2.0780718801487668,1.8232276613065765,True,positive,moderate_50_to_80,0.0,-2.0324644110096464,-3.0486966165144693,-0.7251885766845061
2025,2572,12,8,4,0.6666666666666666,0;1;5;7,-0.9075827689541517,0.9531902380932723,0.04560746913912059,0.9531902380932723,1.8232276613065765,True,positive,moderate_50_to_80,0.0,-0.9075827689541517,-1.3613741534312276,0.3996930653709886
2025,2572,12,8,4,0.6666666666666666,0;1;5;10,-0.7143436593985373,0.7599511285376579,0.04560746913912059,0.7599511285376579,1.8232276613065765,True,positive,moderate_50_to_80,0.0,-0.7143436593985373,-1.071515489097806,0.592932174926603
2025,2572,12,8,4,0.6666666666666666,0;1;6;7,0.7926005464673844,-0.7469930773282638,0.04560746913912059,0.7469930773282638,1.8232276613065765,True,negative,moderate_50_to_80,0.0,0.7926005464673844,1.1889008197010766,2.0998763807925247
2025,2572,12,8,4,0.6666666666666666,0;1;6;9,1.3075791462228643,-1.2619716770837437,0.04560746913912059,1.2619716770837437,1.8232276613065765,True,negative,moderate_50_to_80,0.0,1.3075791462228643,1.9613687193342964,2.614854980548005
2025,2572,12,8,4,0.6666666666666666,0;2;3;6,-3.1829739147186356,3.2285813838577564,0.04560746913912059,3.2285813838577564,1.8232276613065765,True,positive,moderate_50_to_80,0.0,-3.1829739147186356,-4.774460872077953,-1.8756980803934953
2025,2572,12,8,4,0.6666666666666666,0;2;3;10,-3.504713404918501,3.550320874057622,0.04560746913912059,3.550320874057622,1.8232276613065765,True,positive,moderate_50_to_80,0.0,-3.504713404918501,-5.257070107377752,-2.197437570593361
2025,2572,12,8,4,0.6666666666666666,0;2;4;5,-3.477675212947218,3.5232826820863385,0.04560746913912059,3.5232826820863385,1.8232276613065765,True,positive,moderate_50_to_80,0.0,-3.477675212947218,-5.216512819420827,-2.170399378622078
2025,2572,12,8,4,0.6666666666666666,0;2;5;7,-3.992653812702698,4.038261281841819,0.04560746913912059,4.038261281841819,1.8232276613065765,True,positive,moderate_50_to_80,0.0,-3.992653812702698,-5.988980719054046,-2.6853779783775575
2025,2572,12,8,4,0.6666666666666666,0;2;9;11,-2.0324644110096464,2.0780718801487668,0.04560746913912059,2.0780718801487668,1.8232276613065765,True,positive,moderate_50_to_80,0.0,-2.0324644110096464,-3.0486966165144693,-0.7251885766845061
2025,2572,12,8,4,0.6666666666666666,0;3;4;5,-1.7980861863916255,1.8436936555307462,0.04560746913912059,1.8436936555307462,1.8232276613065765,True,positive,moderate_50_to_80,0.0,-1.7980861863916255,-2.6971292795874384,-0.49081035206648527
2025,2572,12,8,4,0.6666666666666666,0;3;5;11,-2.05305869987559,2.0986661690147104,0.04560746913912059,2.0986661690147104,1.8232276613065765,True,positive,moderate_50_to_80,0.0,-2.05305869987559,-3.0795880498133847,-0.7457828655504497
2025,2572,12,8,4,0.6666666666666666,0;3;6;9,-0.09790287097008946,0.14351034010921004,0.04560746913912059,0.14351034010921004,1.8232276613065765,True,positive,moderate_50_to_80,0.0,-0.09790287097008946,-0.1468543064551342,1.2093729633550507
2025,2572,12,8,4,0.6666666666666666,0;3;6;10,-0.4196423611699549,0.4652498303090755,0.04560746913912059,0.4652498303090755,1.8232276613065765,True,positive,moderate_50_to_80,0.0,-0.4196423611699549,-0.6294635417549324,0.8876334731551854
2025,2572,12,8,4,0.6666666666666666,0;3;6;11,-0.35287538445405375,0.39848285359317437,0.04560746913912059,0.39848285359317437,1.8232276613065765,True,positive,moderate_50_to_80,0.0,-0.35287538445405375,-0.5293130766810806,0.9544004498710865
2025,2572,12,8,4,0.6666666666666666,0;3;8;9,-0.09790287097008946,0.14351034010921004,0.04560746913912059,0.14351034010921004,1.8232276613065765,True,positive,moderate_50_to_80,0.0,-0.09790287097008946,-0.1468543064551342,1.2093729633550507
2025,2572,12,8,4,0.6666666666666666,0;4;5;6,-0.3926041691986718,0.4382116383377924,0.04560746913912059,0.4382116383377924,1.8232276613065765,True,positive,moderate_50_to_80,0.0,-0.3926041691986718,-0.5889062537980077,0.9146716651264685
2025,2572,12,8,4,0.6666666666666666,0;4;5;9,-0.3926041691986718,0.4382116383377924,0.04560746913912059,0.4382116383377924,1.8232276613065765,True,positive,moderate_50_to_80,0.0,-0.3926041691986718,-0.5889062537980077,0.9146716651264685
2025,2572,12,8,4,0.6666666666666666,0;4;6;9,1.3075791462228643,-1.2619716770837437,0.04560746913912059,1.2619716770837437,1.8232276613065765,True,negative,moderate_50_to_80,0.0,1.3075791462228643,1.9613687193342964,2.614854980548005
2025,2572,12,8,4,0.6666666666666666,0;4;6;10,0.9858396560229988,-0.9402321868838782,0.04560746913912059,0.9402321868838782,1.8232276613065765,True,negative,moderate_50_to_80,0.0,0.9858396560229988,1.4787594840344982,2.293115490348139
2025,2572,12,8,4,0.6666666666666666,0;4;7;9,0.7926005464673844,-0.7469930773282638,0.04560746913912059,0.7469930773282638,1.8232276613065765,True,negative,moderate_50_to_80,0.0,0.7926005464673844,1.1889008197010766,2.0998763807925247
2025,2572,12,8,4,0.6666666666666666,0;4;7;10,0.47086105626751895,-0.42525358712839834,0.04560746913912059,0.42525358712839834,1.8232276613065765,True,negative,moderate_50_to_80,0.0,0.47086105626751895,0.7062915844012785,1.7781368905926591
2025,2572,12,8,4,0.6666666666666666,0;4;10;11,0.7308671425390345,-0.6852596733999139,0.04560746913912059,0.6852596733999139,1.8232276613065765,True,negative,moderate_50_to_80,0.0,0.7308671425390345,1.0963007138085517,2.038142976864175
2025,2572,12,8,4,0.6666666666666666,0;5;6;8,-0.3926041691986718,0.4382116383377924,0.04560746913912059,0.4382116383377924,1.8232276613065765,True,positive,moderate_50_to_80,0.0,-0.3926041691986718,-0.5889062537980077,0.9146716651264685
2025,2572,12,8,4,0.6666666666666666,0;5;6;9,-0.3926041691986718,0.4382116383377924,0.04560746913912059,0.4382116383377924,1.8232276613065765,True,positive,moderate_50_to_80,0.0,-0.3926041691986718,-0.5889062537980077,0.9146716651264685
2025,2572,12,8,4,0.6666666666666666,0;5;9;10,-0.7143436593985373,0.7599511285376579,0.04560746913912059,0.7599511285376579,1.8232276613065765,True,positive,moderate_50_to_80,0.0,-0.7143436593985373,-1.071515489097806,0.592932174926603
2025,2572,12,8,4,0.6666666666666666,0;6;8;10,0.9858396560229988,-0.9402321868838782,0.04560746913912059,0.9402321868838782,1.8232276613065765,True,negative,moderate_50_to_80,0.0,0.9858396560229988,1.4787594840344982,2.293115490348139
2025,2572,12,8,4,0.6666666666666666,0;6;9;10,0.9858396560229988,-0.9402321868838782,0.04560746913912059,0.9402321868838782,1.8232276613065765,True,negative,moderate_50_to_80,0.0,0.9858396560229988,1.4787594840344982,2.293115490348139
2025,2572,12,8,4,0.6666666666666666,0;7;8;9,0.7926005464673844,-0.7469930773282638,0.04560746913912059,0.7469930773282638,1.8232276613065765,True,negative,moderate_50_to_80,0.0,0.7926005464673844,1.1889008197010766,2.0998763807925247
2025,2572,12,8,4,0.6666666666666666,0;7;8;11,0.5376280329834201,-0.4920205638442995,0.04560746913912059,0.4920205638442995,1.8232276613065765,True,negative,moderate_50_to_80,0.0,0.5376280329834201,0.8064420494751301,1.8449038673085605
2025,2572,12,8,4,0.6666666666666666,0;8;9;10,0.9858396560229988,-0.9402321868838782,0.04560746913912059,0.9402321868838782,1.8232276613065765,True,negative,moderate_50_to_80,0.0,0.9858396560229988,1.4787594840344982,2.293115490348139
2025,2572,12,8,4,0.6666666666666666,1;2;3;9,-1.4575216750126387,1.5031291441517594,0.04560746913912059,1.5031291441517594,1.8232276613065765,True,positive,moderate_50_to_80,0.0,-1.4575216750126387,-2.186282512518958,-0.15024584068749847
2025,2572,12,8,4,0.6666666666666666,1;2;4;5,-1.7522229732412211,1.7978304423803415,0.04560746913912059,1.7978304423803415,1.8232276613065765,True,positive,moderate_50_to_80,0.0,-1.7522229732412211,-2.628334459861832,-0.44494713891608084
2025,2572,12,8,4,0.6666666666666666,1;2;4;10,-0.37377914801955037,0.419386617158671,0.04560746913912059,0.419386617158671,1.8232276613065765,True,positive,moderate_50_to_80,0.0,-0.37377914801955037,-0.5606687220293256,0.9334966863055899
2025,2572,12,8,4,0.6666666666666666,1;2;8;9,-0.05203965781968492,0.09764712695880551,0.04560746913912059,0.09764712695880551,1.8232276613065765,True,positive,moderate_50_to_80,0.0,-0.05203965781968492,-0.07805948672952738,1.2552361765054554
2025,2572,12,8,4,0.6666666666666666,1;3;4;9,1.6275493687359075,-1.5819418995967869,0.04560746913912059,1.5819418995967869,1.8232276613065765,True,negative,moderate_50_to_80,0.0,1.6275493687359075,2.441324053103861,2.934825203061048
2025,2572,12,8,4,0.6666666666666666,1;3;5;6,-0.07263394668562853,0.11824141582474912,0.04560746913912059,0.11824141582474912,1.8232276613065765,True,positive,moderate_50_to_80,0.0,-0.07263394668562853,-0.1089509200284428,1.2346418876395118
2025,2572,12,8,4,0.6666666666666666,1;3;6;11,1.3725768552519433,-1.3269693861128227,0.04560746913912059,1.3269693861128227,1.8232276613065765,True,negative,moderate_50_to_80,0.0,1.3725768552519433,2.058865282877915,2.679852689577084
2025,2572,12,8,4,0.6666666666666666,1;4;7;11,2.2630802726894172,-2.2174728035502964,0.04560746913912059,2.2174728035502964,1.8232276613065765,False,negative,moderate_50_to_80,0.0,2.2630802726894172,3.394620409034126,3.5703561070145575
2025,2572,12,8,4,0.6666666666666666,1;4;9;11,2.778058872444897,-2.7324514033057765,0.04560746913912059,2.7324514033057765,1.8232276613065765,False,negative,moderate_50_to_80,0.0,2.778058872444897,4.167088308667346,4.085334706770038
2025,2572,12,8,4,0.6666666666666666,1;5;6;8,1.3328480705073251,-1.2872406013682047,0.04560746913912059,1.2872406013682047,1.8232276613065765,True,negative,moderate_50_to_80,0.0,1.3328480705073251,1.9992721057609877,2.6401239048324654
2025,2572,12,8,4,0.6666666666666666,1;5;8;9,1.3328480705073251,-1.2872406013682047,0.04560746913912059,1.2872406013682047,1.8232276613065765,True,negative,moderate_50_to_80,0.0,1.3328480705073251,1.9992721057609877,2.6401239048324654
2025,2572,12,8,4,0.6666666666666666,1;5;9;10,1.0111085803074598,-0.9655011111683391,0.04560746913912059,0.9655011111683391,1.8232276613065765,True,negative,moderate_50_to_80,0.0,1.0111085803074598,1.5166628704611895,2.3183844146326003
2025,2572,12,8,4,0.6666666666666666,1;6;7;10,2.196313295973516,-2.1507058268343955,0.04560746913912059,2.1507058268343955,1.8232276613065765,False,negative,moderate_50_to_80,0.0,2.196313295973516,3.294469943960274,3.503589130298656
2025,2572,12,8,4,0.6666666666666666,1;6;10;11,2.4563193822450313,-2.410711913105911,0.04560746913912059,2.410711913105911,1.8232276613065765,False,negative,moderate_50_to_80,0.0,2.4563193822450313,3.684479073367547,3.7635952165701716
2025,2572,12,8,4,0.6666666666666666,1;8;9;11,2.778058872444897,-2.7324514033057765,0.04560746913912059,2.7324514033057765,1.8232276613065765,False,negative,moderate_50_to_80,0.0,2.778058872444897,4.167088308667346,4.085334706770038
2025,2572,12,8,4,0.6666666666666666,2;3;5;6,-3.157704990434175,3.2033124595732954,0.04560746913912059,3.2033124595732954,1.8232276613065765,True,positive,moderate_50_to_80,0.0,-3.157704990434175,-4.736557485651263,-1.8504291561090347
2025,2572,12,8,4,0.6666666666666666,2;3;5;7,-3.6726835901896546,3.718291059328775,0.04560746913912059,3.718291059328775,1.8232276613065765,True,positive,moderate_50_to_80,0.0,-3.6726835901896546,-5.509025385284482,-2.3654077558645143
2025,2572,12,8,4,0.6666666666666666,2;3;5;11,-3.412677503918139,3.4582849730572596,0.04560746913912059,3.4582849730572596,1.8232276613065765,True,positive,moderate_50_to_80,0.0,-3.412677503918139,-5.1190162558772085,-2.105401669592999
2025,2572,12,8,4,0.6666666666666666,2;4;6;11,-0.3070121713036492,0.35261964044276983,0.04560746913912059,0.35261964044276983,1.8232276613065765,True,positive,moderate_50_to_80,0.0,-0.3070121713036492,-0.4605182569554738,1.000263663021491
2025,2572,12,8,4,0.6666666666666666,2;4;7;8,-0.5670182575751648,0.6126257267142854,0.04560746913912059,0.6126257267142854,1.8232276613065765,True,positive,moderate_50_to_80,0.0,-0.5670182575751648,-0.8505273863627472,0.7402575767499755
2025,2572,12,8,4,0.6666666666666666,2;4;7;10,-0.8887577477750302,0.9343652169141509,0.04560746913912059,0.9343652169141509,1.8232276613065765,True,positive,moderate_50_to_80,0.0,-0.8887577477750302,-1.3331366216625453,0.41851808655011
2025,2572,12,8,4,0.6666666666666666,2;4;7;11,-0.8219907710591291,0.8675982401982497,0.04560746913912059,0.8675982401982497,1.8232276613065765,True,positive,moderate_50_to_80,0.0,-0.8219907710591291,-1.2329861565886937,0.4852850632660112
2025,2572,12,8,4,0.6666666666666666,2;4;9;11,-0.3070121713036492,0.35261964044276983,0.04560746913912059,0.35261964044276983,1.8232276613065765,True,positive,moderate_50_to_80,0.0,-0.3070121713036492,-0.4605182569554738,1.000263663021491
2025,2572,12,8,4,0.6666666666666666,2;5;6;7,-2.2672015729967008,2.3128090421358216,0.04560746913912059,2.3128090421358216,1.8232276613065765,True,positive,moderate_50_to_80,0.0,-2.2672015729967008,-3.400802359495051,-0.9599257386715605
2025,2572,12,8,4,0.6666666666666666,2;5;6;10,-2.0739624634410867,2.119569932580207,0.04560746913912059,2.119569932580207,1.8232276613065765,True,positive,moderate_50_to_80,0.0,-2.0739624634410867,-3.1109436951616303,-0.7666866291159464
2025,2572,12,8,4,0.6666666666666666,2;6;9;10,-0.37377914801955037,0.419386617158671,0.04560746913912059,0.419386617158671,1.8232276613065765,True,positive,moderate_50_to_80,0.0,-0.37377914801955037,-0.5606687220293256,0.9334966863055899
2025,2572,12,8,4,0.6666666666666666,2;7;8;9,-0.5670182575751648,0.6126257267142854,0.04560746913912059,0.6126257267142854,1.8232276613065765,True,positive,moderate_50_to_80,0.0,-0.5670182575751648,-0.8505273863627472,0.7402575767499755
2025,2572,12,8,4,0.6666666666666666,3;4;5;8,-0.07263394668562853,0.11824141582474912,0.04560746913912059,0.11824141582474912,1.8232276613065765,True,positive,moderate_50_to_80,0.0,-0.07263394668562853,-0.1089509200284428,1.2346418876395118
2025,2572,12,8,4,0.6666666666666666,3;4;5;9,-0.07263394668562853,0.11824141582474912,0.04560746913912059,0.11824141582474912,1.8232276613065765,True,positive,moderate_50_to_80,0.0,-0.07263394668562853,-0.1089509200284428,1.2346418876395118
2025,2572,12,8,4,0.6666666666666666,3;4;6;8,1.6275493687359075,-1.5819418995967869,0.04560746913912059,1.5819418995967869,1.8232276613065765,True,negative,moderate_50_to_80,0.0,1.6275493687359075,2.441324053103861,2.934825203061048
2025,2572,12,8,4,0.6666666666666666,3;5;6;8,-0.07263394668562853,0.11824141582474912,0.04560746913912059,0.11824141582474912,1.8232276613065765,True,positive,moderate_50_to_80,0.0,-0.07263394668562853,-0.1089509200284428,1.2346418876395118
2025,2572,12,8,4,0.6666666666666666,3;5;8;11,-0.32760646016959283,0.37321392930871344,0.04560746913912059,0.37321392930871344,1.8232276613065765,True,positive,moderate_50_to_80,0.0,-0.32760646016959283,-0.49140969025438924,0.9796693741555474
2025,2572,12,8,4,0.6666666666666666,3;6;7;9,1.1125707689804276,-1.0669632998413072,0.04560746913912059,1.0669632998413072,1.8232276613065765,True,negative,moderate_50_to_80,0.0,1.1125707689804276,1.6688561534706414,2.419846603305568
2025,2572,12,8,4,0.6666666666666666,3;7;10;11,0.5358587652965979,-0.4902512961574773,0.04560746913912059,0.4902512961574773,1.8232276613065765,True,negative,moderate_50_to_80,0.0,0.5358587652965979,0.803788147944897,1.843134599621738
2025,2572,12,8,4,0.6666666666666666,3;8;9;10,1.3058098785360421,-1.2602024093969215,0.04560746913912059,1.2602024093969215,1.8232276613065765,True,negative,moderate_50_to_80,0.0,1.3058098785360421,1.9587148178040632,2.6130857128611824
2025,2572,12,8,4,0.6666666666666666,3;8;9;11,1.3725768552519433,-1.3269693861128227,0.04560746913912059,1.3269693861128227,1.8232276613065765,True,negative,moderate_50_to_80,0.0,1.3725768552519433,2.058865282877915,2.679852689577084
2025,2572,12,8,4,0.6666666666666666,3;9;10;11,1.0508373650520777,-1.005229895912957,0.04560746913912059,1.005229895912957,1.8232276613065765,True,negative,moderate_50_to_80,0.0,1.0508373650520777,1.5762560475781164,2.358113199377218
2025,2572,12,8,4,0.6666666666666666,4;5;6;8,1.3328480705073251,-1.2872406013682047,0.04560746913912059,1.2872406013682047,1.8232276613065765,True,negative,moderate_50_to_80,0.0,1.3328480705073251,1.9992721057609877,2.6401239048324654
2025,2572,12,8,4,0.6666666666666666,4;5;9;11,1.077875557023361,-1.0322680878842403,0.04560746913912059,1.0322680878842403,1.8232276613065765,True,negative,moderate_50_to_80,0.0,1.077875557023361,1.6168133355350414,2.385151391348501
2025,2572,12,8,4,0.6666666666666666,4;6;7;10,2.196313295973516,-2.1507058268343955,0.04560746913912059,2.1507058268343955,1.8232276613065765,False,negative,moderate_50_to_80,0.0,2.196313295973516,3.294469943960274,3.503589130298656
2025,2572,12,8,4,0.6666666666666666,4;7;10;11,1.9413407824895517,-1.895733313350431,0.04560746913912059,1.895733313350431,1.8232276613065765,False,negative,moderate_50_to_80,0.0,1.9413407824895517,2.9120111737343275,3.248616616814692
2025,2572,12,8,4,0.6666666666666666,4;8;9;10,2.711291895728996,-2.665684426589875,0.04560746913912059,2.665684426589875,1.8232276613065765,False,negative,moderate_50_to_80,0.0,2.711291895728996,4.066937843593494,4.018567730054136
2025,2572,12,8,4,0.6666666666666666,4;8;9;11,2.778058872444897,-2.7324514033057765,0.04560746913912059,2.7324514033057765,1.8232276613065765,False,negative,moderate_50_to_80,0.0,2.778058872444897,4.167088308667346,4.085334706770038
2025,2572,12,8,4,0.6666666666666666,5;6;8;9,1.3328480705073251,-1.2872406013682047,0.04560746913912059,1.2872406013682047,1.8232276613065765,True,negative,moderate_50_to_80,0.0,1.3328480705073251,1.9992721057609877,2.6401239048324654
2025,2572,12,8,4,0.6666666666666666,7;8;9;11,2.2630802726894172,-2.2174728035502964,0.04560746913912059,2.2174728035502964,1.8232276613065765,False,negative,moderate_50_to_80,0.0,2.2630802726894172,3.394620409034126,3.5703561070145575
2025,2572,12,8,4,0.6666666666666666,8;9;10;11,2.4563193822450313,-2.410711913105911,0.04560746913912059,2.410711913105911,1.8232276613065765,False,negative,moderate_50_to_80,0.0,2.4563193822450313,3.684479073367547,3.7635952165701716
2025,2572,12,9,3,0.75,0;1;2,-2.5243478767231173,2.5699553458622377,0.04560746913912059,2.5699553458622377,1.5789614715739857,True,positive,moderate_50_to_80,0.0,-2.5243478767231173,-3.365797168964156,-1.5438910009792621
2025,2572,12,9,3,0.75,0;1;4,0.5607231670254291,-0.5151156978863085,0.04560746913912059,0.5151156978863085,1.5789614715739857,True,negative,moderate_50_to_80,0.0,0.5607231670254291,0.7476308893672389,1.5411800427692843
2025,2572,12,9,3,0.75,0;1;5,-1.139460148396107,1.1850676175352275,0.04560746913912059,1.1850676175352275,1.5789614715739857,True,positive,moderate_50_to_80,0.0,-1.139460148396107,-1.519280197861476,-0.1590032726522519
2025,2572,12,9,3,0.75,0;1;6,0.5607231670254291,-0.5151156978863085,0.04560746913912059,0.5151156978863085,1.5789614715739857,True,negative,moderate_50_to_80,0.0,0.5607231670254291,0.7476308893672389,1.5411800427692843
2025,2572,12,9,3,0.75,0;1;8,0.5607231670254291,-0.5151156978863085,0.04560746913912059,0.5151156978863085,1.5789614715739857,True,negative,moderate_50_to_80,0.0,0.5607231670254291,0.7476308893672389,1.5411800427692843
2025,2572,12,9,3,0.75,0;2;5,-4.224531192144653,4.270138661283774,0.04560746913912059,4.270138661283774,1.5789614715739857,False,positive,moderate_50_to_80,0.0,-4.224531192144653,-5.6327082561928705,-3.2440743164007975
2025,2572,12,9,3,0.75,0;2;9,-2.5243478767231173,2.5699553458622377,0.04560746913912059,2.5699553458622377,1.5789614715739857,True,positive,moderate_50_to_80,0.0,-2.5243478767231173,-3.365797168964156,-1.5438910009792621
2025,2572,12,9,3,0.75,0;3;7,-1.3597374499230046,1.405344919062125,0.04560746913912059,1.405344919062125,1.5789614715739857,True,positive,moderate_50_to_80,0.0,-1.3597374499230046,-1.8129832665640062,-0.3792805741791494
2025,2572,12,9,3,0.75,0;3;11,-1.099731363651489,1.1453388327906096,0.04560746913912059,1.1453388327906096,1.5789614715739857,True,positive,moderate_50_to_80,0.0,-1.099731363651489,-1.466308484868652,-0.11927448790763373
2025,2572,12,9,3,0.75,0;4;5,-1.139460148396107,1.1850676175352275,0.04560746913912059,1.1850676175352275,1.5789614715739857,True,positive,moderate_50_to_80,0.0,-1.139460148396107,-1.519280197861476,-0.1590032726522519
2025,2572,12,9,3,0.75,0;4;8,0.5607231670254291,-0.5151156978863085,0.04560746913912059,0.5151156978863085,1.5789614715739857,True,negative,moderate_50_to_80,0.0,0.5607231670254291,0.7476308893672389,1.5411800427692843
2025,2572,12,9,3,0.75,0;5;6,-1.139460148396107,1.1850676175352275,0.04560746913912059,1.1850676175352275,1.5789614715739857,True,positive,moderate_50_to_80,0.0,-1.139460148396107,-1.519280197861476,-0.1590032726522519
2025,2572,12,9,3,0.75,0;5;9,-1.139460148396107,1.1850676175352275,0.04560746913912059,1.1850676175352275,1.5789614715739857,True,positive,moderate_50_to_80,0.0,-1.139460148396107,-1.519280197861476,-0.1590032726522519
2025,2572,12,9,3,0.75,0;6;8,0.5607231670254291,-0.5151156978863085,0.04560746913912059,0.5151156978863085,1.5789614715739857,True,negative,moderate_50_to_80,0.0,0.5607231670254291,0.7476308893672389,1.5411800427692843
2025,2572,12,9,3,0.75,0;6;10,0.23898367682556362,-0.19337620768644304,0.04560746913912059,0.19337620768644304,1.5789614715739857,True,negative,moderate_50_to_80,0.0,0.23898367682556362,0.31864490243408483,1.2194405525694187
2025,2572,12,9,3,0.75,0;6;11,0.3057506535414648,-0.2601431844023442,0.04560746913912059,0.2601431844023442,1.5789614715739857,True,negative,moderate_50_to_80,0.0,0.3057506535414648,0.4076675380552864,1.2862075292853201
2025,2572,12,9,3,0.75,0;7;8,0.04574456726994924,-0.00013709813082865563,0.04560746913912059,0.00013709813082865563,1.5789614715739857,True,negative,moderate_50_to_80,0.0,0.04574456726994924,0.06099275635993232,1.0262014430138044
2025,2572,12,9,3,0.75,0;7;9,0.04574456726994924,-0.00013709813082865563,0.04560746913912059,0.00013709813082865563,1.5789614715739857,True,negative,moderate_50_to_80,0.0,0.04574456726994924,0.06099275635993232,1.0262014430138044
2025,2572,12,9,3,0.75,0;7;10,-0.27599492292991623,0.32160239206903685,0.04560746913912059,0.32160239206903685,1.5789614715739857,True,positive,moderate_50_to_80,0.0,-0.27599492292991623,-0.36799323057322164,0.704461952813939
2025,2572,12,9,3,0.75,0;9;11,0.3057506535414648,-0.2601431844023442,0.04560746913912059,0.2601431844023442,1.5789614715739857,True,negative,moderate_50_to_80,0.0,0.3057506535414648,0.4076675380552864,1.2862075292853201
2025,2572,12,9,3,0.75,1;2;4,-0.7988956370171201,0.8445031061562407,0.04560746913912059,0.8445031061562407,1.5789614715739857,True,positive,moderate_50_to_80,0.0,-0.7988956370171201,-1.0651941826894935,0.18156123872673513
2025,2572,12,9,3,0.75,1;2;6,-0.7988956370171201,0.8445031061562407,0.04560746913912059,0.8445031061562407,1.5789614715739857,True,positive,moderate_50_to_80,0.0,-0.7988956370171201,-1.0651941826894935,0.18156123872673513
2025,2572,12,9,3,0.75,1;2;7,-1.3138742367726,1.3594817059117206,0.04560746913912059,1.3594817059117206,1.5789614715739857,True,positive,moderate_50_to_80,0.0,-1.3138742367726,-1.7518323156967999,-0.33341736102874475
2025,2572,12,9,3,0.75,1;2;9,-0.7988956370171201,0.8445031061562407,0.04560746913912059,0.8445031061562407,1.5789614715739857,True,positive,moderate_50_to_80,0.0,-0.7988956370171201,-1.0651941826894935,0.18156123872673513
2025,2572,12,9,3,0.75,1;3;5,-0.8194899258830637,0.8650973950221843,0.04560746913912059,0.8650973950221843,1.5789614715739857,True,positive,moderate_50_to_80,0.0,-0.8194899258830637,-1.0926532345107516,0.16096694986079152
2025,2572,12,9,3,0.75,1;3;6,0.8806933895384724,-0.8350859203993518,0.04560746913912059,0.8350859203993518,1.5789614715739857,True,negative,moderate_50_to_80,0.0,0.8806933895384724,1.1742578527179632,1.8611502652823275
2025,2572,12,9,3,0.75,1;3;9,0.8806933895384724,-0.8350859203993518,0.04560746913912059,0.8350859203993518,1.5789614715739857,True,negative,moderate_50_to_80,0.0,0.8806933895384724,1.1742578527179632,1.8611502652823275
2025,2572,12,9,3,0.75,1;3;11,0.6257208760545081,-0.5801134069153875,0.04560746913912059,0.5801134069153875,1.5789614715739857,True,negative,moderate_50_to_80,0.0,0.6257208760545081,0.8342945014060108,1.6061777517983633
2025,2572,12,9,3,0.75,1;4;5,0.58599209130989,-0.5403846221707694,0.04560746913912059,0.5403846221707694,1.5789614715739857,True,negative,moderate_50_to_80,0.0,0.58599209130989,0.7813227884131868,1.5664489670537454
2025,2572,12,9,3,0.75,1;4;10,1.9644359165315606,-1.91882844739244,0.04560746913912059,1.91882844739244,1.5789614715739857,False,negative,moderate_50_to_80,0.0,1.9644359165315606,2.619247888708747,2.944892792275416
2025,2572,12,9,3,0.75,1;5;8,0.58599209130989,-0.5403846221707694,0.04560746913912059,0.5403846221707694,1.5789614715739857,True,negative,moderate_50_to_80,0.0,0.58599209130989,0.7813227884131868,1.5664489670537454
2025,2572,12,9,3,0.75,1;5;9,0.58599209130989,-0.5403846221707694,0.04560746913912059,0.5403846221707694,1.5789614715739857,True,negative,moderate_50_to_80,0.0,0.58599209130989,0.7813227884131868,1.5664489670537454
2025,2572,12,9,3,0.75,1;6;9,2.286175406731426,-2.2405679375923055,0.04560746913912059,2.2405679375923055,1.5789614715739857,False,negative,moderate_50_to_80,0.0,2.286175406731426,3.0482338756419014,3.266632282475281
2025,2572,12,9,3,0.75,1;7;10,1.4494573167760807,-1.4038498476369603,0.04560746913912059,1.4038498476369603,1.5789614715739857,True,negative,moderate_50_to_80,0.0,1.4494573167760807,1.932609755701441,2.429914192519936
2025,2572,12,9,3,0.75,1;7;11,1.516224293491982,-1.4706168243528615,0.04560746913912059,1.4706168243528615,1.5789614715739857,True,negative,moderate_50_to_80,0.0,1.516224293491982,2.0216323913226426,2.4966811692358375
2025,2572,12,9,3,0.75,1;8;11,2.0312028932474617,-1.9855954241083413,0.04560746913912059,1.9855954241083413,1.5789614715739857,False,negative,moderate_50_to_80,0.0,2.0312028932474617,2.708270524329949,3.0116597689913167
2025,2572,12,9,3,0.75,2;3;10,-2.5261171444099393,2.57172461354906,0.04560746913912059,2.57172461354906,1.5789614715739857,True,positive,moderate_50_to_80,0.0,-2.5261171444099393,-3.3681561925465857,-1.545660268666084
2025,2572,12,9,3,0.75,2;3;11,-2.4593501676940384,2.5049576368331588,0.04560746913912059,2.5049576368331588,1.5789614715739857,True,positive,moderate_50_to_80,0.0,-2.4593501676940384,-3.2791335569253843,-1.4788932919501832
2025,2572,12,9,3,0.75,2;4;8,-0.7988956370171201,0.8445031061562407,0.04560746913912059,0.8445031061562407,1.5789614715739857,True,positive,moderate_50_to_80,0.0,-0.7988956370171201,-1.0651941826894935,0.18156123872673513
2025,2572,12,9,3,0.75,2;4;10,-1.1206351272169857,1.1662425963561063,0.04560746913912059,1.1662425963561063,1.5789614715739857,True,positive,moderate_50_to_80,0.0,-1.1206351272169857,-1.4941801696226475,-0.14017825147313046
2025,2572,12,9,3,0.75,2;4;11,-1.0538681505010845,1.099475619640205,0.04560746913912059,1.099475619640205,1.5789614715739857,True,positive,moderate_50_to_80,0.0,-1.0538681505010845,-1.405157534001446,-0.0734112747572293
2025,2572,12,9,3,0.75,2;5;8,-2.4990789524386563,2.5446864215777767,0.04560746913912059,2.5446864215777767,1.5789614715739857,True,positive,moderate_50_to_80,0.0,-2.4990789524386563,-3.332105269918208,-1.518622076694801
2025,2572,12,9,3,0.75,2;5;11,-2.7540514659226205,2.799658935061741,0.04560746913912059,2.799658935061741,1.5789614715739857,True,positive,moderate_50_to_80,0.0,-2.7540514659226205,-3.672068621230161,-1.7735945901787653
2025,2572,12,9,3,0.75,2;7;9,-1.3138742367726,1.3594817059117206,0.04560746913912059,1.3594817059117206,1.5789614715739857,True,positive,moderate_50_to_80,0.0,-1.3138742367726,-1.7518323156967999,-0.33341736102874475
2025,2572,12,9,3,0.75,2;8;9,-0.7988956370171201,0.8445031061562407,0.04560746913912059,0.8445031061562407,1.5789614715739857,True,positive,moderate_50_to_80,0.0,-0.7988956370171201,-1.0651941826894935,0.18156123872673513
2025,2572,12,9,3,0.75,2;9;10,-1.1206351272169857,1.1662425963561063,0.04560746913912059,1.1662425963561063,1.5789614715739857,True,positive,moderate_50_to_80,0.0,-1.1206351272169857,-1.4941801696226475,-0.14017825147313046
2025,2572,12,9,3,0.75,3;4;6,0.8806933895384724,-0.8350859203993518,0.04560746913912059,0.8350859203993518,1.5789614715739857,True,negative,moderate_50_to_80,0.0,0.8806933895384724,1.1742578527179632,1.8611502652823275
2025,2572,12,9,3,0.75,3;4;7,0.36571478978299254,-0.32010732064387193,0.04560746913912059,0.32010732064387193,1.5789614715739857,True,negative,moderate_50_to_80,0.0,0.36571478978299254,0.48761971971065676,1.3461716655268479
2025,2572,12,9,3,0.75,3;4;9,0.8806933895384724,-0.8350859203993518,0.04560746913912059,0.8350859203993518,1.5789614715739857,True,negative,moderate_50_to_80,0.0,0.8806933895384724,1.1742578527179632,1.8611502652823275
2025,2572,12,9,3,0.75,3;5;8,-0.8194899258830637,0.8650973950221843,0.04560746913912059,0.8650973950221843,1.5789614715739857,True,positive,moderate_50_to_80,0.0,-0.8194899258830637,-1.0926532345107516,0.16096694986079152
2025,2572,12,9,3,0.75,3;6;8,0.8806933895384724,-0.8350859203993518,0.04560746913912059,0.8350859203993518,1.5789614715739857,True,negative,moderate_50_to_80,0.0,0.8806933895384724,1.1742578527179632,1.8611502652823275
2025,2572,12,9,3,0.75,3;6;11,0.6257208760545081,-0.5801134069153875,0.04560746913912059,0.5801134069153875,1.5789614715739857,True,negative,moderate_50_to_80,0.0,0.6257208760545081,0.8342945014060108,1.6061777517983633
2025,2572,12,9,3,0.75,3;7;8,0.36571478978299254,-0.32010732064387193,0.04560746913912059,0.32010732064387193,1.5789614715739857,True,negative,moderate_50_to_80,0.0,0.36571478978299254,0.48761971971065676,1.3461716655268479
2025,2572,12,9,3,0.75,3;10;11,0.3039813858546426,-0.258373916715522,0.04560746913912059,0.258373916715522,1.5789614715739857,True,negative,moderate_50_to_80,0.0,0.3039813858546426,0.4053085144728568,1.2844382615984977
2025,2572,12,9,3,0.75,4;5;8,0.58599209130989,-0.5403846221707694,0.04560746913912059,0.5403846221707694,1.5789614715739857,True,negative,moderate_50_to_80,0.0,0.58599209130989,0.7813227884131868,1.5664489670537454
2025,2572,12,9,3,0.75,4;5;10,0.2642526011100246,-0.21864513197090396,0.04560746913912059,0.21864513197090396,1.5789614715739857,True,negative,moderate_50_to_80,0.0,0.2642526011100246,0.35233680148003277,1.2447094768538798
2025,2572,12,9,3,0.75,4;6;8,2.286175406731426,-2.2405679375923055,0.04560746913912059,2.2405679375923055,1.5789614715739857,False,negative,moderate_50_to_80,0.0,2.286175406731426,3.0482338756419014,3.266632282475281
2025,2572,12,9,3,0.75,4;6;9,2.286175406731426,-2.2405679375923055,0.04560746913912059,2.2405679375923055,1.5789614715739857,False,negative,moderate_50_to_80,0.0,2.286175406731426,3.0482338756419014,3.266632282475281
2025,2572,12,9,3,0.75,4;6;10,1.9644359165315606,-1.91882844739244,0.04560746913912059,1.91882844739244,1.5789614715739857,False,negative,moderate_50_to_80,0.0,1.9644359165315606,2.619247888708747,2.944892792275416
2025,2572,12,9,3,0.75,4;7;9,1.7711968069759463,-1.7255893378368257,0.04560746913912059,1.7255893378368257,1.5789614715739857,False,negative,moderate_50_to_80,0.0,1.7711968069759463,2.361595742634595,2.7516536827198017
2025,2572,12,9,3,0.75,4;7;11,1.516224293491982,-1.4706168243528615,0.04560746913912059,1.4706168243528615,1.5789614715739857,True,negative,moderate_50_to_80,0.0,1.516224293491982,2.0216323913226426,2.4966811692358375
2025,2572,12,9,3,0.75,5;6;7,0.07101349155441017,-0.02540602241528958,0.04560746913912059,0.02540602241528958,1.5789614715739857,True,negative,moderate_50_to_80,0.0,0.07101349155441017,0.09468465540588022,1.0514703672982653
2025,2572,12,9,3,0.75,5;6;8,0.58599209130989,-0.5403846221707694,0.04560746913912059,0.5403846221707694,1.5789614715739857,True,negative,moderate_50_to_80,0.0,0.58599209130989,0.7813227884131868,1.5664489670537454
2025,2572,12,9,3,0.75,5;7;9,0.07101349155441017,-0.02540602241528958,0.04560746913912059,0.02540602241528958,1.5789614715739857,True,negative,moderate_50_to_80,0.0,0.07101349155441017,0.09468465540588022,1.0514703672982653
2025,2572,12,9,3,0.75,5;7;11,-0.18395902192955416,0.22956649106867474,0.04560746913912059,0.22956649106867474,1.5789614715739857,True,positive,moderate_50_to_80,0.0,-0.18395902192955416,-0.2452786959060722,0.796497853814301
2025,2572,12,9,3,0.75,5;8;10,0.2642526011100246,-0.21864513197090396,0.04560746913912059,0.21864513197090396,1.5789614715739857,True,negative,moderate_50_to_80,0.0,0.2642526011100246,0.35233680148003277,1.2447094768538798
2025,2572,12,9,3,0.75,5;8;11,0.3310195778259257,-0.2854121086868051,0.04560746913912059,0.2854121086868051,1.5789614715739857,True,negative,moderate_50_to_80,0.0,0.3310195778259257,0.4413594371012343,1.311476453569781
2025,2572,12,9,3,0.75,5;9;10,0.2642526011100246,-0.21864513197090396,0.04560746913912059,0.21864513197090396,1.5789614715739857,True,negative,moderate_50_to_80,0.0,0.2642526011100246,0.35233680148003277,1.2447094768538798
2025,2572,12,9,3,0.75,5;9;11,0.3310195778259257,-0.2854121086868051,0.04560746913912059,0.2854121086868051,1.5789614715739857,True,negative,moderate_50_to_80,0.0,0.3310195778259257,0.4413594371012343,1.311476453569781
2025,2572,12,9,3,0.75,5;10;11,0.009280087626060224,0.036327381513060364,0.04560746913912059,0.036327381513060364,1.5789614715739857,True,positive,moderate_50_to_80,0.0,0.009280087626060224,0.012373450168080299,0.9897369633699155
2025,2572,12,9,3,0.75,6;7;9,1.7711968069759463,-1.7255893378368257,0.04560746913912059,1.7255893378368257,1.5789614715739857,False,negative,moderate_50_to_80,0.0,1.7711968069759463,2.361595742634595,2.7516536827198017
2025,2572,12,9,3,0.75,6;8;11,2.0312028932474617,-1.9855954241083413,0.04560746913912059,1.9855954241083413,1.5789614715739857,False,negative,moderate_50_to_80,0.0,2.0312028932474617,2.708270524329949,3.0116597689913167
2025,2572,12,9,3,0.75,6;9;11,2.0312028932474617,-1.9855954241083413,0.04560746913912059,1.9855954241083413,1.5789614715739857,False,negative,moderate_50_to_80,0.0,2.0312028932474617,2.708270524329949,3.0116597689913167
2025,2572,12,9,3,0.75,7;8;10,1.4494573167760807,-1.4038498476369603,0.04560746913912059,1.4038498476369603,1.5789614715739857,True,negative,moderate_50_to_80,0.0,1.4494573167760807,1.932609755701441,2.429914192519936
2025,2572,12,9,3,0.75,7;8;11,1.516224293491982,-1.4706168243528615,0.04560746913912059,1.4706168243528615,1.5789614715739857,True,negative,moderate_50_to_80,0.0,1.516224293491982,2.0216323913226426,2.4966811692358375
2025,2572,12,9,3,0.75,7;9;10,1.4494573167760807,-1.4038498476369603,0.04560746913912059,1.4038498476369603,1.5789614715739857,True,negative,moderate_50_to_80,0.0,1.4494573167760807,1.932609755701441,2.429914192519936
2025,2572,12,9,3,0.75,7;9;11,1.516224293491982,-1.4706168243528615,0.04560746913912059,1.4706168243528615,1.5789614715739857,True,negative,moderate_50_to_80,0.0,1.516224293491982,2.0216323913226426,2.4966811692358375
2025,2572,12,9,3,0.75,7;10;11,1.1944848032921165,-1.1488773341529959,0.04560746913912059,1.1488773341529959,1.5789614715739857,True,negative,moderate_50_to_80,0.0,1.1944848032921165,1.5926464043894886,2.174941679035972
2025,2572,12,9,3,0.75,9;10;11,1.7094634030475964,-1.6638559339084757,0.04560746913912059,1.6638559339084757,1.5789614715739857,False,negative,moderate_50_to_80,0.0,1.7094634030475964,2.279284537396795,2.6899202787914516
2025,2572,12,10,2,0.8333333333333334,0;1,-0.18613281217200608,0.23174028131112667,0.04560746913912059,0.23174028131112667,1.2892166429567702,True,positive,high_80_plus,0.0,-0.18613281217200608,-0.2233593746064073,0.4675051049905641
2025,2572,12,10,2,0.8333333333333334,0;2,-3.2712038559205525,3.316811325059673,0.04560746913912059,3.316811325059673,1.2892166429567702,False,positive,high_80_plus,0.0,-3.2712038559205525,-3.925444627104663,-2.6175659387579824
2025,2572,12,10,2,0.8333333333333334,0;3,-1.59161482936496,1.6372222985040805,0.04560746913912059,1.6372222985040805,1.2892166429567702,True,positive,high_80_plus,0.0,-1.59161482936496,-1.909937795237952,-0.9379769122023898
2025,2572,12,10,2,0.8333333333333334,0;4,-0.18613281217200608,0.23174028131112667,0.04560746913912059,0.23174028131112667,1.2892166429567702,True,positive,high_80_plus,0.0,-0.18613281217200608,-0.2233593746064073,0.4675051049905641
2025,2572,12,10,2,0.8333333333333334,0;5,-1.8863161275935423,1.9319235967326627,0.04560746913912059,1.9319235967326627,1.2892166429567702,True,positive,high_80_plus,0.0,-1.8863161275935423,-2.263579353112251,-1.2326782104309721
2025,2572,12,10,2,0.8333333333333334,0;6,-0.18613281217200608,0.23174028131112667,0.04560746913912059,0.23174028131112667,1.2892166429567702,True,positive,high_80_plus,0.0,-0.18613281217200608,-0.2233593746064073,0.4675051049905641
2025,2572,12,10,2,0.8333333333333334,0;7,-0.7011114119274859,0.7467188810666066,0.04560746913912059,0.7467188810666066,1.2892166429567702,True,positive,high_80_plus,0.0,-0.7011114119274859,-0.8413336943129831,-0.0474734947649158
2025,2572,12,10,2,0.8333333333333334,0;8,-0.18613281217200608,0.23174028131112667,0.04560746913912059,0.23174028131112667,1.2892166429567702,True,positive,high_80_plus,0.0,-0.18613281217200608,-0.2233593746064073,0.4675051049905641
2025,2572,12,10,2,0.8333333333333334,0;9,-0.18613281217200608,0.23174028131112667,0.04560746913912059,0.23174028131112667,1.2892166429567702,True,positive,high_80_plus,0.0,-0.18613281217200608,-0.2233593746064073,0.4675051049905641
2025,2572,12,10,2,0.8333333333333334,0;10,-0.5078723023718715,0.5534797715109921,0.04560746913912059,0.5534797715109921,1.2892166429567702,True,positive,high_80_plus,0.0,-0.5078723023718715,-0.6094467628462459,0.1457656147906986
2025,2572,12,10,2,0.8333333333333334,0;11,-0.4411053256559704,0.486712794795091,0.04560746913912059,0.486712794795091,1.2892166429567702,True,positive,high_80_plus,0.0,-0.4411053256559704,-0.5293263907871644,0.21253259150659976
2025,2572,12,10,2,0.8333333333333334,1;2,-1.5457516162145553,1.5913590853536759,0.04560746913912059,1.5913590853536759,1.2892166429567702,True,positive,high_80_plus,0.0,-1.5457516162145553,-1.8549019394574664,-0.8921136990519851
2025,2572,12,10,2,0.8333333333333334,1;3,0.13383741034103722,-0.08822994120191663,0.04560746913912059,0.08822994120191663,1.2892166429567702,True,negative,high_80_plus,0.0,0.13383741034103722,0.16060489240924464,0.7874753275036074
2025,2572,12,10,2,0.8333333333333334,1;4,1.539319427533991,-1.4937119583948704,0.04560746913912059,1.4937119583948704,1.2892166429567702,False,negative,high_80_plus,0.0,1.539319427533991,1.847183313040789,2.192957344696561
2025,2572,12,10,2,0.8333333333333334,1;5,-0.16086388788754516,0.20647135702666575,0.04560746913912059,0.20647135702666575,1.2892166429567702,True,positive,high_80_plus,0.0,-0.16086388788754516,-0.1930366654650542,0.492774029275025
2025,2572,12,10,2,0.8333333333333334,1;6,1.539319427533991,-1.4937119583948704,0.04560746913912059,1.4937119583948704,1.2892166429567702,False,negative,high_80_plus,0.0,1.539319427533991,1.847183313040789,2.192957344696561
2025,2572,12,10,2,0.8333333333333334,1;7,1.024340827778511,-0.9787333586393905,0.04560746913912059,0.9787333586393905,1.2892166429567702,True,negative,high_80_plus,0.0,1.024340827778511,1.2292089933342134,1.6779787449410812
2025,2572,12,10,2,0.8333333333333334,1;8,1.539319427533991,-1.4937119583948704,0.04560746913912059,1.4937119583948704,1.2892166429567702,False,negative,high_80_plus,0.0,1.539319427533991,1.847183313040789,2.192957344696561
2025,2572,12,10,2,0.8333333333333334,1;9,1.539319427533991,-1.4937119583948704,0.04560746913912059,1.4937119583948704,1.2892166429567702,False,negative,high_80_plus,0.0,1.539319427533991,1.847183313040789,2.192957344696561
2025,2572,12,10,2,0.8333333333333334,1;10,1.2175799373341254,-1.1719724681950048,0.04560746913912059,1.1719724681950048,1.2892166429567702,True,negative,high_80_plus,0.0,1.2175799373341254,1.4610959248009503,1.8712178544966955
2025,2572,12,10,2,0.8333333333333334,1;11,1.2843469140500265,-1.2387394449109062,0.04560746913912059,1.2387394449109062,1.2892166429567702,True,negative,high_80_plus,0.0,1.2843469140500265,1.5412162968600318,1.9379848312125967
2025,2572,12,10,2,0.8333333333333334,2;3,-2.951233633407509,2.9968411025466297,0.04560746913912059,2.9968411025466297,1.2892166429567702,False,positive,high_80_plus,0.0,-2.951233633407509,-3.541480360089011,-2.2975957162449387
2025,2572,12,10,2,0.8333333333333334,2;4,-1.5457516162145553,1.5913590853536759,0.04560746913912059,1.5913590853536759,1.2892166429567702,True,positive,high_80_plus,0.0,-1.5457516162145553,-1.8549019394574664,-0.8921136990519851
2025,2572,12,10,2,0.8333333333333334,2;5,-3.2459349316360915,3.291542400775212,0.04560746913912059,3.291542400775212,1.2892166429567702,False,positive,high_80_plus,0.0,-3.2459349316360915,-3.89512191796331,-2.5922970144735213
2025,2572,12,10,2,0.8333333333333334,2;6,-1.5457516162145553,1.5913590853536759,0.04560746913912059,1.5913590853536759,1.2892166429567702,True,positive,high_80_plus,0.0,-1.5457516162145553,-1.8549019394574664,-0.8921136990519851
2025,2572,12,10,2,0.8333333333333334,2;7,-2.060730215970035,2.1063376851091555,0.04560746913912059,2.1063376851091555,1.2892166429567702,True,positive,high_80_plus,0.0,-2.060730215970035,-2.472876259164042,-1.407092298807465
2025,2572,12,10,2,0.8333333333333334,2;8,-1.5457516162145553,1.5913590853536759,0.04560746913912059,1.5913590853536759,1.2892166429567702,True,positive,high_80_plus,0.0,-1.5457516162145553,-1.8549019394574664,-0.8921136990519851
2025,2572,12,10,2,0.8333333333333334,2;9,-1.5457516162145553,1.5913590853536759,0.04560746913912059,1.5913590853536759,1.2892166429567702,True,positive,high_80_plus,0.0,-1.5457516162145553,-1.8549019394574664,-0.8921136990519851
2025,2572,12,10,2,0.8333333333333334,2;10,-1.8674911064144208,1.9130985755535415,0.04560746913912059,1.9130985755535415,1.2892166429567702,True,positive,high_80_plus,0.0,-1.8674911064144208,-2.240989327697305,-1.2138531892518507
2025,2572,12,10,2,0.8333333333333334,2;11,-1.8007241296985197,1.84633159883764,0.04560746913912059,1.84633159883764,1.2892166429567702,True,positive,high_80_plus,0.0,-1.8007241296985197,-2.160868955638224,-1.1470862125359496
2025,2572,12,10,2,0.8333333333333334,3;4,0.13383741034103722,-0.08822994120191663,0.04560746913912059,0.08822994120191663,1.2892166429567702,True,negative,high_80_plus,0.0,0.13383741034103722,0.16060489240924464,0.7874753275036074
2025,2572,12,10,2,0.8333333333333334,3;5,-1.5663459050804989,1.6119533742196195,0.04560746913912059,1.6119533742196195,1.2892166429567702,True,positive,high_80_plus,0.0,-1.5663459050804989,-1.8796150860965988,-0.9127079879179287
2025,2572,12,10,2,0.8333333333333334,3;6,0.13383741034103722,-0.08822994120191663,0.04560746913912059,0.08822994120191663,1.2892166429567702,True,negative,high_80_plus,0.0,0.13383741034103722,0.16060489240924464,0.7874753275036074
2025,2572,12,10,2,0.8333333333333334,3;7,-0.38114118941444264,0.42674865855356325,0.04560746913912059,0.42674865855356325,1.2892166429567702,True,positive,high_80_plus,0.0,-0.38114118941444264,-0.4573694272973311,0.2724967277481275
2025,2572,12,10,2,0.8333333333333334,3;8,0.13383741034103722,-0.08822994120191663,0.04560746913912059,0.08822994120191663,1.2892166429567702,True,negative,high_80_plus,0.0,0.13383741034103722,0.16060489240924464,0.7874753275036074
2025,2572,12,10,2,0.8333333333333334,3;9,0.13383741034103722,-0.08822994120191663,0.04560746913912059,0.08822994120191663,1.2892166429567702,True,negative,high_80_plus,0.0,0.13383741034103722,0.16060489240924464,0.7874753275036074
2025,2572,12,10,2,0.8333333333333334,3;10,-0.18790207985882826,0.23350954899794885,0.04560746913912059,0.23350954899794885,1.2892166429567702,True,positive,high_80_plus,0.0,-0.18790207985882826,-0.22548249583059393,0.4657358373037419
2025,2572,12,10,2,0.8333333333333334,3;11,-0.12113510314292711,0.1667425722820477,0.04560746913912059,0.1667425722820477,1.2892166429567702,True,positive,high_80_plus,0.0,-0.12113510314292711,-0.14536212377151253,0.5325028140196431
2025,2572,12,10,2,0.8333333333333334,4;5,-0.16086388788754516,0.20647135702666575,0.04560746913912059,0.20647135702666575,1.2892166429567702,True,positive,high_80_plus,0.0,-0.16086388788754516,-0.1930366654650542,0.492774029275025
2025,2572,12,10,2,0.8333333333333334,4;6,1.539319427533991,-1.4937119583948704,0.04560746913912059,1.4937119583948704,1.2892166429567702,False,negative,high_80_plus,0.0,1.539319427533991,1.847183313040789,2.192957344696561
2025,2572,12,10,2,0.8333333333333334,4;7,1.024340827778511,-0.9787333586393905,0.04560746913912059,0.9787333586393905,1.2892166429567702,True,negative,high_80_plus,0.0,1.024340827778511,1.2292089933342134,1.6779787449410812
2025,2572,12,10,2,0.8333333333333334,4;8,1.539319427533991,-1.4937119583948704,0.04560746913912059,1.4937119583948704,1.2892166429567702,False,negative,high_80_plus,0.0,1.539319427533991,1.847183313040789,2.192957344696561
2025,2572,12,10,2,0.8333333333333334,4;9,1.539319427533991,-1.4937119583948704,0.04560746913912059,1.4937119583948704,1.2892166429567702,False,negative,high_80_plus,0.0,1.539319427533991,1.847183313040789,2.192957344696561
2025,2572,12,10,2,0.8333333333333334,4;10,1.2175799373341254,-1.1719724681950048,0.04560746913912059,1.1719724681950048,1.2892166429567702,True,negative,high_80_plus,0.0,1.2175799373341254,1.4610959248009503,1.8712178544966955
2025,2572,12,10,2,0.8333333333333334,4;11,1.2843469140500265,-1.2387394449109062,0.04560746913912059,1.2387394449109062,1.2892166429567702,True,negative,high_80_plus,0.0,1.2843469140500265,1.5412162968600318,1.9379848312125967
2025,2572,12,10,2,0.8333333333333334,5;6,-0.16086388788754516,0.20647135702666575,0.04560746913912059,0.20647135702666575,1.2892166429567702,True,positive,high_80_plus,0.0,-0.16086388788754516,-0.1930366654650542,0.492774029275025
2025,2572,12,10,2,0.8333333333333334,5;7,-0.675842487643025,0.7214499567821456,0.04560746913912059,0.7214499567821456,1.2892166429567702,True,positive,high_80_plus,0.0,-0.675842487643025,-0.8110109851716301,-0.022204570480454877
2025,2572,12,10,2,0.8333333333333334,5;8,-0.16086388788754516,0.20647135702666575,0.04560746913912059,0.20647135702666575,1.2892166429567702,True,positive,high_80_plus,0.0,-0.16086388788754516,-0.1930366654650542,0.492774029275025
2025,2572,12,10,2,0.8333333333333334,5;9,-0.16086388788754516,0.20647135702666575,0.04560746913912059,0.20647135702666575,1.2892166429567702,True,positive,high_80_plus,0.0,-0.16086388788754516,-0.1930366654650542,0.492774029275025
2025,2572,12,10,2,0.8333333333333334,5;10,-0.4826033780874106,0.5282108472265312,0.04560746913912059,0.5282108472265312,1.2892166429567702,True,positive,high_80_plus,0.0,-0.4826033780874106,-0.5791240537048927,0.17103453907515953
2025,2572,12,10,2,0.8333333333333334,5;11,-0.41583640137150946,0.46144387051063007,0.04560746913912059,0.46144387051063007,1.2892166429567702,True,positive,high_80_plus,0.0,-0.41583640137150946,-0.4990036816458113,0.23780151579106068
2025,2572,12,10,2,0.8333333333333334,6;7,1.024340827778511,-0.9787333586393905,0.04560746913912059,0.9787333586393905,1.2892166429567702,True,negative,high_80_plus,0.0,1.024340827778511,1.2292089933342134,1.6779787449410812
2025,2572,12,10,2,0.8333333333333334,6;8,1.539319427533991,-1.4937119583948704,0.04560746913912059,1.4937119583948704,1.2892166429567702,False,negative,high_80_plus,0.0,1.539319427533991,1.847183313040789,2.192957344696561
2025,2572,12,10,2,0.8333333333333334,6;9,1.539319427533991,-1.4937119583948704,0.04560746913912059,1.4937119583948704,1.2892166429567702,False,negative,high_80_plus,0.0,1.539319427533991,1.847183313040789,2.192957344696561
2025,2572,12,10,2,0.8333333333333334,6;10,1.2175799373341254,-1.1719724681950048,0.04560746913912059,1.1719724681950048,1.2892166429567702,True,negative,high_80_plus,0.0,1.2175799373341254,1.4610959248009503,1.8712178544966955
2025,2572,12,10,2,0.8333333333333334,6;11,1.2843469140500265,-1.2387394449109062,0.04560746913912059,1.2387394449109062,1.2892166429567702,True,negative,high_80_plus,0.0,1.2843469140500265,1.5412162968600318,1.9379848312125967
2025,2572,12,10,2,0.8333333333333334,7;8,1.024340827778511,-0.9787333586393905,0.04560746913912059,0.9787333586393905,1.2892166429567702,True,negative,high_80_plus,0.0,1.024340827778511,1.2292089933342134,1.6779787449410812
2025,2572,12,10,2,0.8333333333333334,7;9,1.024340827778511,-0.9787333586393905,0.04560746913912059,0.9787333586393905,1.2892166429567702,True,negative,high_80_plus,0.0,1.024340827778511,1.2292089933342134,1.6779787449410812
2025,2572,12,10,2,0.8333333333333334,7;10,0.7026013375786456,-0.656993868439525,0.04560746913912059,0.656993868439525,1.2892166429567702,True,negative,high_80_plus,0.0,0.7026013375786456,0.8431216050943748,1.3562392547412156
2025,2572,12,10,2,0.8333333333333334,7;11,0.7693683142945468,-0.7237608451554262,0.04560746913912059,0.7237608451554262,1.2892166429567702,True,negative,high_80_plus,0.0,0.7693683142945468,0.9232419771534561,1.423006231457117
2025,2572,12,10,2,0.8333333333333334,8;9,1.539319427533991,-1.4937119583948704,0.04560746913912059,1.4937119583948704,1.2892166429567702,False,negative,high_80_plus,0.0,1.539319427533991,1.847183313040789,2.192957344696561
2025,2572,12,10,2,0.8333333333333334,8;10,1.2175799373341254,-1.1719724681950048,0.04560746913912059,1.1719724681950048,1.2892166429567702,True,negative,high_80_plus,0.0,1.2175799373341254,1.4610959248009503,1.8712178544966955
2025,2572,12,10,2,0.8333333333333334,8;11,1.2843469140500265,-1.2387394449109062,0.04560746913912059,1.2387394449109062,1.2892166429567702,True,negative,high_80_plus,0.0,1.2843469140500265,1.5412162968600318,1.9379848312125967
2025,2572,12,10,2,0.8333333333333334,9;10,1.2175799373341254,-1.1719724681950048,0.04560746913912059,1.1719724681950048,1.2892166429567702,True,negative,high_80_plus,0.0,1.2175799373341254,1.4610959248009503,1.8712178544966955
2025,2572,12,10,2,0.8333333333333334,9;11,1.2843469140500265,-1.2387394449109062,0.04560746913912059,1.2387394449109062,1.2892166429567702,True,negative,high_80_plus,0.0,1.2843469140500265,1.5412162968600318,1.9379848312125967
2025,2572,12,10,2,0.8333333333333334,10;11,0.9626074238501612,-0.9169999547110406,0.04560746913912059,0.9169999547110406,1.2892166429567702,True,negative,high_80_plus,0.0,0.9626074238501612,1.1551289086201932,1.6162453410127313
2025,2572,12,11,1,0.9166666666666666,0,-0.9329887913694412,0.9785962605085619,0.04560746913912059,0.9785962605085619,0.9116138306532883,True,positive,high_80_plus,0.0,-0.9329887913694412,-1.0178059542212088,-0.6061698327881562
2025,2572,12,11,1,0.9166666666666666,1,0.7924634483365558,-0.7468559791974352,0.04560746913912059,0.7468559791974352,0.9116138306532883,True,negative,high_80_plus,0.0,0.7924634483365558,0.8645055800035153,1.1192824069178409
2025,2572,12,11,1,0.9166666666666666,2,-2.2926075954119907,2.338215064551111,0.04560746913912059,2.338215064551111,0.9116138306532883,False,positive,high_80_plus,0.0,-2.2926075954119907,-2.5010264677221716,-1.9657886368307056
2025,2572,12,11,1,0.9166666666666666,3,-0.6130185688563979,0.6586260379955186,0.04560746913912059,0.6586260379955186,0.9116138306532883,True,positive,high_80_plus,0.0,-0.6130185688563979,-0.6687475296615251,-0.28619961027511287
2025,2572,12,11,1,0.9166666666666666,4,0.7924634483365558,-0.7468559791974352,0.04560746913912059,0.7468559791974352,0.9116138306532883,True,negative,high_80_plus,0.0,0.7924634483365558,0.8645055800035153,1.1192824069178409
2025,2572,12,11,1,0.9166666666666666,5,-0.9077198670849803,0.9533273362241009,0.04560746913912059,0.9533273362241009,0.9116138306532883,True,positive,high_80_plus,0.0,-0.9077198670849803,-0.9902398550017967,-0.5809009085036952
2025,2572,12,11,1,0.9166666666666666,6,0.7924634483365558,-0.7468559791974352,0.04560746913912059,0.7468559791974352,0.9116138306532883,True,negative,high_80_plus,0.0,0.7924634483365558,0.8645055800035153,1.1192824069178409
2025,2572,12,11,1,0.9166666666666666,7,0.2774848485810759,-0.23187737944195533,0.04560746913912059,0.23187737944195533,0.9116138306532883,True,negative,high_80_plus,0.0,0.2774848485810759,0.3027107439066283,0.604303807162361
2025,2572,12,11,1,0.9166666666666666,8,0.7924634483365558,-0.7468559791974352,0.04560746913912059,0.7468559791974352,0.9116138306532883,True,negative,high_80_plus,0.0,0.7924634483365558,0.8645055800035153,1.1192824069178409
2025,2572,12,11,1,0.9166666666666666,9,0.7924634483365558,-0.7468559791974352,0.04560746913912059,0.7468559791974352,0.9116138306532883,True,negative,high_80_plus,0.0,0.7924634483365558,0.8645055800035153,1.1192824069178409
2025,2572,12,11,1,0.9166666666666666,10,0.4707239581366903,-0.4251164889975697,0.04560746913912059,0.4251164889975697,0.9116138306532883,True,negative,high_80_plus,0.0,0.4707239581366903,0.5135170452400257,0.7975429167179754
2025,2572,12,11,1,0.9166666666666666,11,0.5374909348525915,-0.49188346571347086,0.04560746913912059,0.49188346571347086,0.9116138306532883,True,negative,high_80_plus,0.0,0.5374909348525915,0.586353747111918,0.8643098934338765
2025,2579,2,1,1,0.5,0,1.0187634389594613,0.9500042956469626,1.9687677346064238,0.9500042956469626,0.9116138306532883,True,positive,moderate_50_to_80,0.0,1.0187634389594613,2.0375268779189226,1.3455823975407464
2025,2579,2,1,1,0.5,1,0.9500042956469626,1.0187634389594613,1.9687677346064238,1.0187634389594613,0.9116138306532883,True,positive,moderate_50_to_80,0.0,0.9500042956469626,1.9000085912939253,1.2768232542282476
2025,2628,3,1,2,0.3333333333333333,0;1,-0.3733279984325328,0.7359399045306294,0.3626119060980967,0.7359399045306294,1.2892166429567702,True,positive,low_under_50,0.0,-0.3733279984325328,-1.1199839952975983,0.28030991873003736
2025,2628,3,1,2,0.3333333333333333,0;2,0.4852080486727866,-0.12259614257468993,0.3626119060980967,0.12259614257468993,1.2892166429567702,True,negative,low_under_50,0.0,0.4852080486727866,1.4556241460183599,1.1388459658353567
2025,2628,3,1,2,0.3333333333333333,1;2,0.25073185585784286,0.11188005024025383,0.3626119060980967,0.11188005024025383,1.2892166429567702,True,positive,low_under_50,0.0,0.25073185585784286,0.7521955675735286,0.904369773020413
2025,2628,3,2,1,0.6666666666666666,0,0.11188005024025383,0.25073185585784286,0.3626119060980967,0.25073185585784286,0.9116138306532883,True,positive,moderate_50_to_80,0.0,0.11188005024025383,0.16782007536038074,0.4386990088215389
2025,2628,3,2,1,0.6666666666666666,1,-0.12259614257468993,0.4852080486727866,0.3626119060980967,0.4852080486727866,0.9116138306532883,True,positive,moderate_50_to_80,0.0,-0.12259614257468993,-0.1838942138620349,0.20422281600659514
2025,2628,3,2,1,0.6666666666666666,2,0.7359399045306294,-0.3733279984325328,0.3626119060980967,0.3733279984325328,0.9116138306532883,True,negative,moderate_50_to_80,0.0,0.7359399045306294,1.1039098567959442,1.0627588631119145
2025,264,3,1,2,0.3333333333333333,0;1,1.4916853494198257,1.7422645576364317,3.233949907056257,1.7422645576364317,1.2892166429567702,True,positive,low_under_50,0.0,1.4916853494198257,4.475056048259477,2.1453232665823956
2025,264,3,1,2,0.3333333333333333,0;2,1.1033904729286963,2.130559434127561,3.233949907056257,2.130559434127561,1.2892166429567702,True,positive,low_under_50,0.0,1.1033904729286963,3.310171418786089,1.7570283900912664
2025,264,3,1,2,0.3333333333333333,1;2,0.6388740847077353,2.595075822348522,3.233949907056257,2.595075822348522,1.2892166429567702,True,positive,low_under_50,0.0,0.6388740847077353,1.9166222541232059,1.2925120018703056
2025,264,3,2,1,0.6666666666666666,0,2.595075822348522,0.6388740847077353,3.233949907056257,0.6388740847077353,0.9116138306532883,True,positive,moderate_50_to_80,0.0,2.595075822348522,3.8926137335227833,2.921894780929807
2025,264,3,2,1,0.6666666666666666,1,2.130559434127561,1.1033904729286963,3.233949907056257,1.1033904729286963,0.9116138306532883,True,positive,moderate_50_to_80,0.0,2.130559434127561,3.1958391511913415,2.457378392708846
2025,264,3,2,1,0.6666666666666666,2,1.7422645576364317,1.4916853494198257,3.233949907056257,1.4916853494198257,0.9116138306532883,True,positive,moderate_50_to_80,0.0,1.7422645576364317,2.6133968364546476,2.0690835162177166
2025,2649,3,1,2,0.3333333333333333,0;1,1.020094312940002,-1.0778696998109734,-0.05777538687097139,1.0778696998109734,1.2892166429567702,True,negative,low_under_50,0.0,1.020094312940002,3.0602829388200057,1.673732230102572
2025,2649,3,1,2,0.3333333333333333,0;2,-0.49188346571347086,0.43410807884249947,-0.05777538687097139,0.43410807884249947,1.2892166429567702,True,positive,low_under_50,0.0,-0.49188346571347086,-1.4756503971404125,0.16175445144909928
2025,2649,3,1,2,0.3333333333333333,1;2,-0.5859862340975025,0.5282108472265311,-0.05777538687097139,0.5282108472265311,1.2892166429567702,True,positive,low_under_50,0.0,-0.5859862340975025,-1.7579587022925076,0.06765168306506764
2025,2649,3,2,1,0.6666666666666666,0,0.5282108472265311,-0.5859862340975025,-0.05777538687097139,0.5859862340975025,0.9116138306532883,True,negative,moderate_50_to_80,0.0,0.5282108472265311,0.7923162708397966,0.8550298058078162
2025,2649,3,2,1,0.6666666666666666,1,0.43410807884249947,-0.49188346571347086,-0.05777538687097139,0.49188346571347086,0.9116138306532883,True,negative,moderate_50_to_80,0.0,0.43410807884249947,0.6511621182637493,0.7609270374237845
2025,2649,3,2,1,0.6666666666666666,2,-1.0778696998109734,1.020094312940002,-0.05777538687097139,1.020094312940002,0.9116138306532883,True,positive,moderate_50_to_80,0.0,-1.0778696998109734,-1.61680454971646,-0.7510507412296883
2025,2653,4,1,3,0.25,0;1;2,-0.7468559791974352,-1.5453004666275376,-2.292156445824973,1.5453004666275376,1.5789614715739857,True,negative,low_under_50,0.0,-0.7468559791974352,-2.9874239167897407,0.23360089654642002
2025,2653,4,1,3,0.25,0;1;3,-0.3733279984325328,-1.91882844739244,-2.292156445824973,1.91882844739244,1.5789614715739857,False,negative,low_under_50,0.0,-0.3733279984325328,-1.4933119937301311,0.6071288773113224
2025,2653,4,1,3,0.25,0;2;3,-0.4251164889975697,-1.8670399568274032,-2.292156445824973,1.8670399568274032,1.5789614715739857,False,negative,low_under_50,0.0,-0.4251164889975697,-1.7004659559902788,0.5553403867462855
2025,2653,4,1,3,0.25,1;2;3,-0.7468559791974352,-1.5453004666275376,-2.292156445824973,1.5453004666275376,1.5789614715739857,True,negative,low_under_50,0.0,-0.7468559791974352,-2.9874239167897407,0.23360089654642002
2025,2653,4,2,2,0.5,0;1,-1.120183977629968,-1.1719724681950048,-2.292156445824973,1.1719724681950048,1.2892166429567702,True,negative,moderate_50_to_80,0.0,-1.120183977629968,-2.240367955259936,-0.4665460604673979
2025,2653,4,2,2,0.5,0;2,-1.1719724681950048,-1.120183977629968,-2.292156445824973,1.120183977629968,1.2892166429567702,True,negative,moderate_50_to_80,0.0,-1.1719724681950048,-2.3439449363900096,-0.5183345510324346
2025,2653,4,2,2,0.5,0;3,-0.7984444874301024,-1.4937119583948704,-2.292156445824973,1.4937119583948704,1.2892166429567702,False,negative,moderate_50_to_80,0.0,-0.7984444874301024,-1.5968889748602049,-0.1448065702675323
2025,2653,4,2,2,0.5,1;2,-1.4937119583948704,-0.7984444874301024,-2.292156445824973,0.7984444874301024,1.2892166429567702,True,negative,moderate_50_to_80,0.0,-1.4937119583948704,-2.9874239167897407,-0.8400740412323002
2025,2653,4,2,2,0.5,1;3,-1.120183977629968,-1.1719724681950048,-2.292156445824973,1.1719724681950048,1.2892166429567702,True,negative,moderate_50_to_80,0.0,-1.120183977629968,-2.240367955259936,-0.4665460604673979
2025,2653,4,2,2,0.5,2;3,-1.1719724681950048,-1.120183977629968,-2.292156445824973,1.120183977629968,1.2892166429567702,True,negative,moderate_50_to_80,0.0,-1.1719724681950048,-2.3439449363900096,-0.5183345510324346
2025,2653,4,3,1,0.75,0,-1.5453004666275376,-0.7468559791974352,-2.292156445824973,0.7468559791974352,0.9116138306532883,True,negative,moderate_50_to_80,0.0,-1.5453004666275376,-2.06040062217005,-1.2184815080462525
2025,2653,4,3,1,0.75,1,-1.8670399568274032,-0.4251164889975697,-2.292156445824973,0.4251164889975697,0.9116138306532883,True,negative,moderate_50_to_80,0.0,-1.8670399568274032,-2.4893866091032044,-1.5402209982461181
2025,2653,4,3,1,0.75,2,-1.91882844739244,-0.3733279984325328,-2.292156445824973,0.3733279984325328,0.9116138306532883,True,negative,moderate_50_to_80,0.0,-1.91882844739244,-2.5584379298565865,-1.592009488811155
2025,2653,4,3,1,0.75,3,-1.5453004666275376,-0.7468559791974352,-2.292156445824973,0.7468559791974352,0.9116138306532883,True,negative,moderate_50_to_80,0.0,-1.5453004666275376,-2.06040062217005,-1.2184815080462525
2025,278,4,1,3,0.25,0;1;2,-0.019219143776985644,-1.7255893378368257,-1.7448084816138114,1.7255893378368257,1.5789614715739857,False,negative,low_under_50,0.0,-0.019219143776985644,-0.07687657510794257,0.9612377319668696
2025,278,4,1,3,0.25,0;1;3,-0.7468559791974352,-0.9979525024163761,-1.7448084816138114,0.9979525024163761,1.5789614715739857,True,negative,low_under_50,0.0,-0.7468559791974352,-2.9874239167897407,0.23360089654642002
2025,278,4,1,3,0.25,0;2;3,-0.23187737944195533,-1.5129311021718561,-1.7448084816138114,1.5129311021718561,1.5789614715739857,True,negative,low_under_50,0.0,-0.23187737944195533,-0.9275095177678213,0.7485794963018999
2025,278,4,1,3,0.25,1;2;3,-0.7468559791974352,-0.9979525024163761,-1.7448084816138114,0.9979525024163761,1.5789614715739857,True,negative,low_under_50,0.0,-0.7468559791974352,-2.9874239167897407,0.23360089654642002
2025,278,4,2,2,0.5,0;1,-0.7660751229744208,-0.9787333586393905,-1.7448084816138114,0.9787333586393905,1.2892166429567702,True,negative,moderate_50_to_80,0.0,-0.7660751229744208,-1.5321502459488416,-0.11243720581185068
2025,278,4,2,2,0.5,0;2,-0.251096523218941,-1.4937119583948704,-1.7448084816138114,1.4937119583948704,1.2892166429567702,False,negative,moderate_50_to_80,0.0,-0.251096523218941,-0.502193046437882,0.40254139394362914
2025,278,4,2,2,0.5,0;3,-0.9787333586393905,-0.7660751229744208,-1.7448084816138114,0.7660751229744208,1.2892166429567702,True,negative,moderate_50_to_80,0.0,-0.9787333586393905,-1.957466717278781,-0.32509544147682035
2025,278,4,2,2,0.5,1;2,-0.7660751229744208,-0.9787333586393905,-1.7448084816138114,0.9787333586393905,1.2892166429567702,True,negative,moderate_50_to_80,0.0,-0.7660751229744208,-1.5321502459488416,-0.11243720581185068
2025,278,4,2,2,0.5,1;3,-1.4937119583948704,-0.251096523218941,-1.7448084816138114,0.251096523218941,1.2892166429567702,True,negative,moderate_50_to_80,0.0,-1.4937119583948704,-2.9874239167897407,-0.8400740412323002
2025,278,4,2,2,0.5,2;3,-0.9787333586393905,-0.7660751229744208,-1.7448084816138114,0.7660751229744208,1.2892166429567702,True,negative,moderate_50_to_80,0.0,-0.9787333586393905,-1.957466717278781,-0.32509544147682035
2025,278,4,3,1,0.75,0,-0.9979525024163761,-0.7468559791974352,-1.7448084816138114,0.7468559791974352,0.9116138306532883,True,negative,moderate_50_to_80,0.0,-0.9979525024163761,-1.3306033365551682,-0.671133543835091
2025,278,4,3,1,0.75,1,-1.5129311021718561,-0.23187737944195533,-1.7448084816138114,0.23187737944195533,0.9116138306532883,True,negative,moderate_50_to_80,0.0,-1.5129311021718561,-2.017241469562475,-1.186112143590571
2025,278,4,3,1,0.75,2,-0.9979525024163761,-0.7468559791974352,-1.7448084816138114,0.7468559791974352,0.9116138306532883,True,negative,moderate_50_to_80,0.0,-0.9979525024163761,-1.3306033365551682,-0.671133543835091
2025,278,4,3,1,0.75,3,-1.7255893378368257,-0.019219143776985644,-1.7448084816138114,0.019219143776985644,0.9116138306532883,True,negative,moderate_50_to_80,0.0,-1.7255893378368257,-2.3007857837824344,-1.3987703792555406
2025,30,5,1,4,0.2,0;1;2;3,0.20254166967313642,4.814529118253421,5.017070787926557,4.814529118253421,1.8232276613065765,False,positive,low_under_50,0.0,0.20254166967313642,1.012708348365682,1.5098175039982766
2025,30,5,1,4,0.2,0;1;2;4,-0.392747124541888,5.409817912468445,5.017070787926557,5.409817912468445,1.8232276613065765,False,positive,low_under_50,0.0,-0.392747124541888,-1.9637356227094398,0.9145287097832523
2025,30,5,1,4,0.2,0;1;3;4,2.330737369164151,2.686333418762406,5.017070787926557,2.686333418762406,1.8232276613065765,True,positive,low_under_50,0.0,2.330737369164151,11.653686845820754,3.638013203489291
2025,30,5,1,4,0.2,0;2;3;4,2.378782580735572,2.638288207190985,5.017070787926557,2.638288207190985,1.8232276613065765,True,positive,low_under_50,0.0,2.378782580735572,11.893912903677858,3.686058415060712
2025,30,5,1,4,0.2,1;2;3;4,0.4977562928955858,4.519314495030971,5.017070787926557,4.519314495030971,1.8232276613065765,False,positive,low_under_50,0.0,0.4977562928955858,2.488781464477929,1.8050321272207261
2025,30,5,2,3,0.4,0;1;2,-0.19020545486875157,5.2072762427953085,5.017070787926557,5.2072762427953085,1.5789614715739857,False,positive,low_under_50,0.0,-0.19020545486875157,-0.4755136371718789,0.7902514208751037
2025,30,5,2,3,0.4,0;1;3,2.5332790388372874,2.48379174908927,5.017070787926557,2.48379174908927,1.5789614715739857,True,positive,low_under_50,0.0,2.5332790388372874,6.333197597093219,3.513735914581143
2025,30,5,2,3,0.4,0;1;4,1.937990244622263,3.0790805433042943,5.017070787926557,3.0790805433042943,1.5789614715739857,True,positive,low_under_50,0.0,1.937990244622263,4.8449756115556575,2.9184471203661184
2025,30,5,2,3,0.4,0;2;3,2.5813242504087084,2.435746537517849,5.017070787926557,2.435746537517849,1.5789614715739857,True,positive,low_under_50,0.0,2.5813242504087084,6.453310626021771,3.561781126152564
2025,30,5,2,3,0.4,0;2;4,1.986035456193684,3.0310353317328733,5.017070787926557,3.0310353317328733,1.5789614715739857,True,positive,low_under_50,0.0,1.986035456193684,4.965088640484209,2.9664923319375394
2025,30,5,2,3,0.4,0;3;4,4.709519949899723,0.30755083802683425,5.017070787926557,0.30755083802683425,1.5789614715739857,True,positive,low_under_50,0.0,4.709519949899723,11.773799874749306,5.689976825643578
2025,30,5,2,3,0.4,1;2;3,0.7002979625687222,4.316772825357835,5.017070787926557,4.316772825357835,1.5789614715739857,False,positive,low_under_50,0.0,0.7002979625687222,1.7507449064218057,1.6807548383125774
2025,30,5,2,3,0.4,1;2;4,0.10500916835369783,4.912061619572859,5.017070787926557,4.912061619572859,1.5789614715739857,False,positive,low_under_50,0.0,0.10500916835369783,0.26252292088424456,1.085466044097553
2025,30,5,2,3,0.4,1;3;4,2.8284936620597367,2.18857712586682,5.017070787926557,2.18857712586682,1.5789614715739857,True,positive,low_under_50,0.0,2.8284936620597367,7.071234155149342,3.808950537803592
2025,30,5,2,3,0.4,2;3;4,2.8765388736311577,2.140531914295399,5.017070787926557,2.140531914295399,1.5789614715739857,True,positive,low_under_50,0.0,2.8765388736311577,7.191347184077895,3.856995749375013
2025,30,5,3,2,0.6,0;1,2.140531914295399,2.8765388736311577,5.017070787926557,2.8765388736311577,1.2892166429567702,False,positive,moderate_50_to_80,0.0,2.140531914295399,3.567553190492332,2.7941698314579693
2025,30,5,3,2,0.6,0;2,2.18857712586682,2.8284936620597367,5.017070787926557,2.8284936620597367,1.2892166429567702,False,positive,moderate_50_to_80,0.0,2.18857712586682,3.6476285431113666,2.84221504302939
2025,30,5,3,2,0.6,0;3,4.912061619572859,0.10500916835369783,5.017070787926557,0.10500916835369783,1.2892166429567702,True,positive,moderate_50_to_80,0.0,4.912061619572859,8.186769365954765,5.56569953673543
2025,30,5,3,2,0.6,0;4,4.316772825357835,0.7002979625687222,5.017070787926557,0.7002979625687222,1.2892166429567702,True,positive,moderate_50_to_80,0.0,4.316772825357835,7.194621375596391,4.970410742520405
2025,30,5,3,2,0.6,1;2,0.30755083802683425,4.709519949899723,5.017070787926557,4.709519949899723,1.2892166429567702,False,positive,moderate_50_to_80,0.0,0.30755083802683425,0.5125847300447237,0.9611887551894044
2025,30,5,3,2,0.6,1;3,3.0310353317328733,1.986035456193684,5.017070787926557,1.986035456193684,1.2892166429567702,True,positive,moderate_50_to_80,0.0,3.0310353317328733,5.051725552888122,3.6846732488954435
2025,30,5,3,2,0.6,1;4,2.435746537517849,2.5813242504087084,5.017070787926557,2.5813242504087084,1.2892166429567702,True,positive,moderate_50_to_80,0.0,2.435746537517849,4.059577562529748,3.089384454680419
2025,30,5,3,2,0.6,2;3,3.0790805433042943,1.937990244622263,5.017070787926557,1.937990244622263,1.2892166429567702,True,positive,moderate_50_to_80,0.0,3.0790805433042943,5.1318009055071565,3.7327184604668644
2025,30,5,3,2,0.6,2;4,2.48379174908927,2.5332790388372874,5.017070787926557,2.5332790388372874,1.2892166429567702,True,positive,moderate_50_to_80,0.0,2.48379174908927,4.139652915148783,3.13742966625184
2025,30,5,3,2,0.6,3;4,5.2072762427953085,-0.19020545486875157,5.017070787926557,0.19020545486875157,1.2892166429567702,True,negative,moderate_50_to_80,0.0,5.2072762427953085,8.678793737992182,5.860914159957879
2025,30,5,4,1,0.8,0,4.519314495030971,0.4977562928955858,5.017070787926557,0.4977562928955858,0.9116138306532883,True,positive,high_80_plus,0.0,4.519314495030971,5.6491431187887144,4.846133453612256
2025,30,5,4,1,0.8,1,2.638288207190985,2.378782580735572,5.017070787926557,2.378782580735572,0.9116138306532883,False,positive,high_80_plus,0.0,2.638288207190985,3.2978602589887314,2.9651071657722703
2025,30,5,4,1,0.8,2,2.686333418762406,2.330737369164151,5.017070787926557,2.330737369164151,0.9116138306532883,False,positive,high_80_plus,0.0,2.686333418762406,3.3579167734530073,3.0131523773436912
2025,30,5,4,1,0.8,3,5.409817912468445,-0.392747124541888,5.017070787926557,0.392747124541888,0.9116138306532883,True,negative,high_80_plus,0.0,5.409817912468445,6.762272390585556,5.73663687104973
2025,30,5,4,1,0.8,4,4.814529118253421,0.20254166967313642,5.017070787926557,0.20254166967313642,0.9116138306532883,True,positive,high_80_plus,0.0,4.814529118253421,6.018161397816776,5.1413480768347055
2025,326,6,1,5,0.16666666666666666,0;1;2;3;4,0.5289836650271472,-0.24386103756906213,0.2851226274580851,0.24386103756906213,2.038430494569734,True,negative,low_under_50,0.0,0.5289836650271472,3.173901990162883,2.1630784579335725
2025,326,6,1,5,0.16666666666666666,0;1;2;3;5,-0.5859862340975025,0.8711088615555875,0.2851226274580851,0.8711088615555875,2.038430494569734,True,positive,low_under_50,0.0,-0.5859862340975025,-3.5159174045850152,1.0481085588089227
2025,326,6,1,5,0.16666666666666666,0;1;2;4;5,-0.15156718498241073,0.4366898124404958,0.2851226274580851,0.4366898124404958,2.038430494569734,True,positive,low_under_50,0.0,-0.15156718498241073,-0.9094031098944644,1.4825276079240146
2025,326,6,1,5,0.16666666666666666,0;1;3;4;5,0.867889406395901,-0.5827667789378159,0.2851226274580851,0.5827667789378159,2.038430494569734,True,negative,low_under_50,0.0,0.867889406395901,5.207336438375406,2.5019841993023264
2025,326,6,1,5,0.16666666666666666,0;2;3;4;5,0.3726589543123853,-0.08753632685430024,0.2851226274580851,0.08753632685430024,2.038430494569734,True,negative,low_under_50,0.0,0.3726589543123853,2.235953725874312,2.0067537472188106
2025,326,6,1,5,0.16666666666666666,1;2;3;4;5,-0.7468559791974352,1.0319786066555203,0.2851226274580851,1.0319786066555203,2.038430494569734,True,positive,low_under_50,0.0,-0.7468559791974352,-4.481135875184611,0.8872388137089902
2025,326,6,2,4,0.3333333333333333,0;1;2;3,-0.05700256907035528,0.34212519652844037,0.2851226274580851,0.34212519652844037,1.8232276613065765,True,positive,low_under_50,0.0,-0.05700256907035528,-0.17100770721106584,1.250273265254785
2025,326,6,2,4,0.3333333333333333,0;1;2;4,0.3774164800447365,-0.0922938525866514,0.2851226274580851,0.0922938525866514,1.8232276613065765,True,negative,low_under_50,0.0,0.3774164800447365,1.1322494401342094,1.6846923143698769
2025,326,6,2,4,0.3333333333333333,0;1;2;5,-0.7375534190799132,1.0226760465379983,0.2851226274580851,1.0226760465379983,1.8232276613065765,True,positive,low_under_50,0.0,-0.7375534190799132,-2.21266025723974,0.569722415245227
2025,326,6,2,4,0.3333333333333333,0;1;3;4,1.3968730714230482,-1.111750443964963,0.2851226274580851,1.111750443964963,1.8232276613065765,True,negative,low_under_50,0.0,1.3968730714230482,4.1906192142691445,2.7041489057481884
2025,326,6,2,4,0.3333333333333333,0;1;3;5,0.28190317229839845,0.003219455159686635,0.2851226274580851,0.003219455159686635,1.8232276613065765,True,positive,low_under_50,0.0,0.28190317229839845,0.8457095168951954,1.5891790066235387
2025,326,6,2,4,0.3333333333333333,0;1;4;5,0.7163222214134902,-0.43119959395540514,0.2851226274580851,0.43119959395540514,1.8232276613065765,True,negative,low_under_50,0.0,0.7163222214134902,2.148966664240471,2.0235980557386304
2025,326,6,2,4,0.3333333333333333,0;2;3;4,0.9016426193395326,-0.6165199918814475,0.2851226274580851,0.6165199918814475,1.8232276613065765,True,negative,low_under_50,0.0,0.9016426193395326,2.704927858018598,2.2089184536646727
2025,326,6,2,4,0.3333333333333333,0;2;3;5,-0.21332727978511717,0.49844990724320226,0.2851226274580851,0.49844990724320226,1.8232276613065765,True,positive,low_under_50,0.0,-0.21332727978511717,-0.6399818393553516,1.0939485545400232
2025,326,6,2,4,0.3333333333333333,0;2;4;5,0.2210917693299746,0.06403085812811049,0.2851226274580851,0.06403085812811049,1.8232276613065765,True,positive,low_under_50,0.0,0.2210917693299746,0.6632753079899238,1.5283676036551148
2025,326,6,2,4,0.3333333333333333,0;3;4;5,1.2405483607082863,-0.9554257332502012,0.2851226274580851,0.9554257332502012,1.8232276613065765,True,negative,low_under_50,0.0,1.2405483607082863,3.721645082124859,2.5478241950334266
2025,326,6,2,4,0.3333333333333333,1;2;3;4,-0.21787231417028796,0.502994941628373,0.2851226274580851,0.502994941628373,1.8232276613065765,True,positive,low_under_50,0.0,-0.21787231417028796,-0.6536169425108639,1.0894035201548524
2025,326,6,2,4,0.3333333333333333,1;2;3;5,-1.3328422132949376,1.6179648407530227,0.2851226274580851,1.6179648407530227,1.8232276613065765,True,positive,low_under_50,0.0,-1.3328422132949376,-3.9985266398848127,-0.0255663789697973
2025,326,6,2,4,0.3333333333333333,1;2;4;5,-0.8984231641798459,1.183545791637931,0.2851226274580851,1.183545791637931,1.8232276613065765,True,positive,low_under_50,0.0,-0.8984231641798459,-2.6952694925395377,0.40885267014529436
2025,326,6,2,4,0.3333333333333333,1;3;4;5,0.12103342719846577,0.16408920025961932,0.2851226274580851,0.16408920025961932,1.8232276613065765,True,positive,low_under_50,0.0,0.12103342719846577,0.3631002815953973,1.428309261523606
2025,326,6,2,4,0.3333333333333333,2;3;4;5,-0.37419702488504986,0.6593196523431349,0.2851226274580851,0.6593196523431349,1.8232276613065765,True,positive,low_under_50,0.0,-0.37419702488504986,-1.1225910746551495,0.9330788094400904
2025,326,6,3,3,0.5,0;1;2,-0.208569754052766,0.4936923815108511,0.2851226274580851,0.4936923815108511,1.5789614715739857,True,positive,moderate_50_to_80,0.0,-0.208569754052766,-0.417139508105532,0.7718871216910892
2025,326,6,3,3,0.5,0;1;3,0.8108868373255457,-0.5257642098674606,0.2851226274580851,0.5257642098674606,1.5789614715739857,True,negative,moderate_50_to_80,0.0,0.8108868373255457,1.6217736746510913,1.7913437130694008
2025,326,6,3,3,0.5,0;1;4,1.2453058864406374,-0.9601832589825523,0.2851226274580851,0.9601832589825523,1.5789614715739857,True,negative,moderate_50_to_80,0.0,1.2453058864406374,2.490611772881275,2.225762762184493
2025,326,6,3,3,0.5,0;1;5,0.13033598731598772,0.15478664014209736,0.2851226274580851,0.15478664014209736,1.5789614715739857,True,positive,moderate_50_to_80,0.0,0.13033598731598772,0.26067197463197544,1.110792863059843
2025,326,6,3,3,0.5,0;2;3,0.31565638524203005,-0.03053375778394496,0.2851226274580851,0.03053375778394496,1.5789614715739857,True,negative,moderate_50_to_80,0.0,0.31565638524203005,0.6313127704840601,1.2961132609858852
2025,326,6,3,3,0.5,0;2;4,0.7500754343571219,-0.46495280689903673,0.2851226274580851,0.46495280689903673,1.5789614715739857,True,negative,moderate_50_to_80,0.0,0.7500754343571219,1.500150868714244,1.730532310100977
2025,326,6,3,3,0.5,0;2;5,-0.3648944647675279,0.650017092225613,0.2851226274580851,0.650017092225613,1.5789614715739857,True,positive,moderate_50_to_80,0.0,-0.3648944647675279,-0.7297889295350558,0.6155624109763274
2025,326,6,3,3,0.5,0;3;4,1.7695320257354334,-1.4844093982773483,0.2851226274580851,1.4844093982773483,1.5789614715739857,True,negative,moderate_50_to_80,0.0,1.7695320257354334,3.539064051470867,2.7499889014792886
2025,326,6,3,3,0.5,0;3;5,0.6545621266107837,-0.3694394991526987,0.2851226274580851,0.3694394991526987,1.5789614715739857,True,negative,moderate_50_to_80,0.0,0.6545621266107837,1.3091242532215674,1.635019002354639
2025,326,6,3,3,0.5,0;4;5,1.0889811757258756,-0.8038585482677905,0.2851226274580851,0.8038585482677905,1.5789614715739857,True,negative,moderate_50_to_80,0.0,1.0889811757258756,2.177962351451751,2.0694380514697306
2025,326,6,3,3,0.5,1;2;3,-0.8038585482677905,1.0889811757258756,0.2851226274580851,1.0889811757258756,1.5789614715739857,True,positive,moderate_50_to_80,0.0,-0.8038585482677905,-1.6077170965355811,0.17659832747606474
2025,326,6,3,3,0.5,1;2;4,-0.3694394991526987,0.6545621266107837,0.2851226274580851,0.6545621266107837,1.5789614715739857,True,positive,moderate_50_to_80,0.0,-0.3694394991526987,-0.7388789983053975,0.6110173765911565
2025,326,6,3,3,0.5,1;2;5,-1.4844093982773483,1.7695320257354334,0.2851226274580851,1.7695320257354334,1.5789614715739857,True,positive,moderate_50_to_80,0.0,-1.4844093982773483,-2.9688187965546966,-0.5039525225334931
2025,326,6,3,3,0.5,1;3;4,0.650017092225613,-0.3648944647675279,0.2851226274580851,0.3648944647675279,1.5789614715739857,True,negative,moderate_50_to_80,0.0,0.650017092225613,1.300034184451226,1.6304739679694682
2025,326,6,3,3,0.5,1;3;5,-0.46495280689903673,0.7500754343571219,0.2851226274580851,0.7500754343571219,1.5789614715739857,True,positive,moderate_50_to_80,0.0,-0.46495280689903673,-0.9299056137980735,0.5155040688448185
2025,326,6,3,3,0.5,1;4;5,-0.03053375778394496,0.31565638524203005,0.2851226274580851,0.31565638524203005,1.5789614715739857,True,positive,moderate_50_to_80,0.0,-0.03053375778394496,-0.06106751556788992,0.9499231179599102
2025,326,6,3,3,0.5,2;3;4,0.15478664014209736,0.13033598731598772,0.2851226274580851,0.13033598731598772,1.5789614715739857,True,positive,moderate_50_to_80,0.0,0.15478664014209736,0.30957328028419473,1.1352435158859526
2025,326,6,3,3,0.5,2;3;5,-0.9601832589825523,1.2453058864406374,0.2851226274580851,1.2453058864406374,1.5789614715739857,True,positive,moderate_50_to_80,0.0,-0.9601832589825523,-1.9203665179651044,0.020273616761302904
2025,326,6,3,3,0.5,2;4;5,-0.5257642098674606,0.8108868373255457,0.2851226274580851,0.8108868373255457,1.5789614715739857,True,positive,moderate_50_to_80,0.0,-0.5257642098674606,-1.0515284197349213,0.45469266587639456
2025,326,6,3,3,0.5,3;4;5,0.4936923815108511,-0.208569754052766,0.2851226274580851,0.208569754052766,1.5789614715739857,True,negative,moderate_50_to_80,0.0,0.4936923815108511,0.9873847630217022,1.4741492572547064
2025,326,6,4,2,0.6666666666666666,0;1,0.6593196523431349,-0.37419702488504986,0.2851226274580851,0.37419702488504986,1.2892166429567702,True,negative,moderate_50_to_80,0.0,0.6593196523431349,0.9889794785147024,1.3129575695057052
2025,326,6,4,2,0.6666666666666666,0;2,0.16408920025961932,0.12103342719846577,0.2851226274580851,0.12103342719846577,1.2892166429567702,True,positive,moderate_50_to_80,0.0,0.16408920025961932,0.24613380038942897,0.8177271174221894
2025,326,6,4,2,0.6666666666666666,0;3,1.183545791637931,-0.8984231641798459,0.2851226274580851,0.8984231641798459,1.2892166429567702,True,negative,moderate_50_to_80,0.0,1.183545791637931,1.7753186874568967,1.8371837088005012
2025,326,6,4,2,0.6666666666666666,0;4,1.6179648407530227,-1.3328422132949376,0.2851226274580851,1.3328422132949376,1.2892166429567702,True,negative,moderate_50_to_80,0.0,1.6179648407530227,2.426947261129534,2.271602757915593
2025,326,6,4,2,0.6666666666666666,0;5,0.502994941628373,-0.21787231417028796,0.2851226274580851,0.21787231417028796,1.2892166429567702,True,negative,moderate_50_to_80,0.0,0.502994941628373,0.7544924124425595,1.1566328587909431
2025,326,6,4,2,0.6666666666666666,1;2,-0.9554257332502012,1.2405483607082863,0.2851226274580851,1.2405483607082863,1.2892166429567702,True,positive,moderate_50_to_80,0.0,-0.9554257332502012,-1.433138599875302,-0.30178781608763106
2025,326,6,4,2,0.6666666666666666,1;3,0.06403085812811049,0.2210917693299746,0.2851226274580851,0.2210917693299746,1.2892166429567702,True,positive,moderate_50_to_80,0.0,0.06403085812811049,0.09604628719216574,0.7176687752906806
2025,326,6,4,2,0.6666666666666666,1;4,0.49844990724320226,-0.21332727978511717,0.2851226274580851,0.21332727978511717,1.2892166429567702,True,negative,moderate_50_to_80,0.0,0.49844990724320226,0.7476748608648034,1.1520878244057724
2025,326,6,4,2,0.6666666666666666,1;5,-0.6165199918814475,0.9016426193395326,0.2851226274580851,0.9016426193395326,1.2892166429567702,True,positive,moderate_50_to_80,0.0,-0.6165199918814475,-0.9247799878221712,0.03711792528112268
2025,326,6,4,2,0.6666666666666666,2;3,-0.43119959395540514,0.7163222214134902,0.2851226274580851,0.7163222214134902,1.2892166429567702,True,positive,moderate_50_to_80,0.0,-0.43119959395540514,-0.6467993909331077,0.222438323207165
2025,326,6,4,2,0.6666666666666666,2;4,0.003219455159686635,0.28190317229839845,0.2851226274580851,0.28190317229839845,1.2892166429567702,True,positive,moderate_50_to_80,0.0,0.003219455159686635,0.0048291827395299525,0.6568573723222568
2025,326,6,4,2,0.6666666666666666,2;5,-1.111750443964963,1.3968730714230482,0.2851226274580851,1.3968730714230482,1.2892166429567702,True,positive,moderate_50_to_80,0.0,-1.111750443964963,-1.6676256659474444,-0.4581125268023929
2025,326,6,4,2,0.6666666666666666,3;4,1.0226760465379983,-0.7375534190799132,0.2851226274580851,0.7375534190799132,1.2892166429567702,True,negative,moderate_50_to_80,0.0,1.0226760465379983,1.5340140698069975,1.6763139637005684
2025,326,6,4,2,0.6666666666666666,3;5,-0.0922938525866514,0.3774164800447365,0.2851226274580851,0.3774164800447365,1.2892166429567702,True,positive,moderate_50_to_80,0.0,-0.0922938525866514,-0.1384407788799771,0.5613440645759187
2025,326,6,4,2,0.6666666666666666,4;5,0.34212519652844037,-0.05700256907035528,0.2851226274580851,0.05700256907035528,1.2892166429567702,True,negative,moderate_50_to_80,0.0,0.34212519652844037,0.5131877947926605,0.9957631136910106
2025,326,6,5,1,0.8333333333333334,0,1.0319786066555203,-0.7468559791974352,0.2851226274580851,0.7468559791974352,0.9116138306532883,True,negative,high_80_plus,0.0,1.0319786066555203,1.2383743279866244,1.3587975652368054
2025,326,6,5,1,0.8333333333333334,1,-0.08753632685430024,0.3726589543123853,0.2851226274580851,0.3726589543123853,0.9116138306532883,True,positive,high_80_plus,0.0,-0.08753632685430024,-0.10504359222516028,0.23928263172698483
2025,326,6,5,1,0.8333333333333334,2,-0.5827667789378159,0.867889406395901,0.2851226274580851,0.867889406395901,0.9116138306532883,True,positive,high_80_plus,0.0,-0.5827667789378159,-0.6993201347253791,-0.25594782035653085
2025,326,6,5,1,0.8333333333333334,3,0.4366898124404958,-0.15156718498241073,0.2851226274580851,0.15156718498241073,0.9116138306532883,True,negative,high_80_plus,0.0,0.4366898124404958,0.524027774928595,0.7635087710217809
2025,326,6,5,1,0.8333333333333334,4,0.8711088615555875,-0.5859862340975025,0.2851226274580851,0.5859862340975025,0.9116138306532883,True,negative,high_80_plus,0.0,0.8711088615555875,1.0453306338667052,1.1979278201368726
2025,326,6,5,1,0.8333333333333334,5,-0.24386103756906213,0.5289836650271472,0.2851226274580851,0.5289836650271472,0.9116138306532883,True,positive,high_80_plus,0.0,-0.24386103756906213,-0.2926332450828745,0.08295792101222293
2025,41,6,1,5,0.16666666666666666,0;1;2;3;4,0.40705656657260475,-2.5908008019828292,-2.1837442354102246,2.5908008019828292,2.038430494569734,False,negative,low_under_50,0.0,0.40705656657260475,2.4423393994356286,2.0411513594790303
2025,41,6,1,5,0.16666666666666666,0;1;2;3;5,-0.3733279984325328,-1.8104162369776917,-2.1837442354102246,1.8104162369776917,2.038430494569734,False,negative,low_under_50,0.0,-0.3733279984325328,-2.2399679905951966,1.2607667944738925
2025,41,6,1,5,0.16666666666666666,0;1;2;4;5,-0.7468559791974352,-1.4368882562127894,-2.1837442354102246,1.4368882562127894,2.038430494569734,True,negative,low_under_50,0.0,-0.7468559791974352,-4.481135875184611,0.8872388137089902
2025,41,6,1,5,0.16666666666666666,0;1;3;4;5,-0.23187737944195533,-1.9518668559682693,-2.1837442354102246,1.9518668559682693,2.038430494569734,False,negative,low_under_50,0.0,-0.23187737944195533,-1.391264276651732,1.40221741346447
2025,41,6,1,5,0.16666666666666666,0;2;3;4;5,-0.7468559791974352,-1.4368882562127894,-2.1837442354102246,1.4368882562127894,2.038430494569734,True,negative,low_under_50,0.0,-0.7468559791974352,-4.481135875184611,0.8872388137089902
2025,41,6,1,5,0.16666666666666666,1;2;3;4;5,-0.49188346571347086,-1.6918607696967538,-2.1837442354102246,1.6918607696967538,2.038430494569734,True,negative,low_under_50,0.0,-0.49188346571347086,-2.951300794280825,1.1422113271929546
2025,41,6,2,4,0.3333333333333333,0;1;2;3,0.03372856814007197,-2.2174728035502964,-2.1837442354102246,2.2174728035502964,1.8232276613065765,False,negative,low_under_50,0.0,0.03372856814007197,0.1011857044202159,1.3410044024652121
2025,41,6,2,4,0.3333333333333333,0;1;2;4,-0.33979941262483043,-1.843944822785394,-2.1837442354102246,1.843944822785394,1.8232276613065765,False,negative,low_under_50,0.0,-0.33979941262483043,-1.0193982378744912,0.9674764217003098
2025,41,6,2,4,0.3333333333333333,0;1;2;5,-1.120183977629968,-1.0635602577802565,-2.1837442354102246,1.0635602577802565,1.8232276613065765,True,negative,low_under_50,0.0,-1.120183977629968,-3.360551932889904,0.18709185669517225
2025,41,6,2,4,0.3333333333333333,0;1;3;4,0.17517918713064942,-2.358923422540874,-2.1837442354102246,2.358923422540874,1.8232276613065765,False,negative,low_under_50,0.0,0.17517918713064942,0.5255375613919483,1.4824550214557897
2025,41,6,2,4,0.3333333333333333,0;1;3;5,-0.6052053778744881,-1.5785388575357364,-2.1837442354102246,1.5785388575357364,1.8232276613065765,True,negative,low_under_50,0.0,-0.6052053778744881,-1.8156161336234644,0.7020704564506521
2025,41,6,2,4,0.3333333333333333,0;1;4;5,-0.9787333586393905,-1.205010876770834,-2.1837442354102246,1.205010876770834,1.8232276613065765,True,negative,low_under_50,0.0,-0.9787333586393905,-2.9362000759181717,0.3285424756857498
2025,41,6,2,4,0.3333333333333333,0;2;3;4,-0.33979941262483043,-1.843944822785394,-2.1837442354102246,1.843944822785394,1.8232276613065765,False,negative,low_under_50,0.0,-0.33979941262483043,-1.0193982378744912,0.9674764217003098
2025,41,6,2,4,0.3333333333333333,0;2;3;5,-1.120183977629968,-1.0635602577802565,-2.1837442354102246,1.0635602577802565,1.8232276613065765,True,negative,low_under_50,0.0,-1.120183977629968,-3.360551932889904,0.18709185669517225
2025,41,6,2,4,0.3333333333333333,0;2;4;5,-1.4937119583948704,-0.6900322770153542,-2.1837442354102246,0.6900322770153542,1.8232276613065765,True,negative,low_under_50,0.0,-1.4937119583948704,-4.481135875184611,-0.1864361240697301
2025,41,6,2,4,0.3333333333333333,0;3;4;5,-0.9787333586393905,-1.205010876770834,-2.1837442354102246,1.205010876770834,1.8232276613065765,True,negative,low_under_50,0.0,-0.9787333586393905,-2.9362000759181717,0.3285424756857498
2025,41,6,2,4,0.3333333333333333,1;2;3;4,-0.08482689914086611,-2.0989173362693583,-2.1837442354102246,2.0989173362693583,1.8232276613065765,False,negative,low_under_50,0.0,-0.08482689914086611,-0.2544806974225983,1.2224489351842742
2025,41,6,2,4,0.3333333333333333,1;2;3;5,-0.8652114641460036,-1.318532771264221,-2.1837442354102246,1.318532771264221,1.8232276613065765,True,negative,low_under_50,0.0,-0.8652114641460036,-2.5956343924380105,0.4420643701791367
2025,41,6,2,4,0.3333333333333333,1;2;4;5,-1.2387394449109062,-0.9450047904993185,-2.1837442354102246,0.9450047904993185,1.8232276613065765,True,negative,low_under_50,0.0,-1.2387394449109062,-3.7162183347327185,0.06853638941423412
2025,41,6,2,4,0.3333333333333333,1;3;4;5,-0.7237608451554262,-1.4599833902547985,-2.1837442354102246,1.4599833902547985,1.8232276613065765,True,negative,low_under_50,0.0,-0.7237608451554262,-2.1712825354662786,0.5835149891697141
2025,41,6,2,4,0.3333333333333333,2;3;4;5,-1.2387394449109062,-0.9450047904993185,-2.1837442354102246,0.9450047904993185,1.8232276613065765,True,negative,low_under_50,0.0,-1.2387394449109062,-3.7162183347327185,0.06853638941423412
2025,41,6,3,3,0.5,0;1;2,-0.7131274110573632,-1.4706168243528615,-2.1837442354102246,1.4706168243528615,1.5789614715739857,True,negative,moderate_50_to_80,0.0,-0.7131274110573632,-1.4262548221147264,0.267329464686492
2025,41,6,3,3,0.5,0;1;3,-0.19814881130188336,-1.9855954241083413,-2.1837442354102246,1.9855954241083413,1.5789614715739857,False,negative,moderate_50_to_80,0.0,-0.19814881130188336,-0.3962976226037667,0.7823080644419719
2025,41,6,3,3,0.5,0;1;4,-0.5716767920667858,-1.6120674433434388,-2.1837442354102246,1.6120674433434388,1.5789614715739857,True,negative,moderate_50_to_80,0.0,-0.5716767920667858,-1.1433535841335716,0.4087800836770694
2025,41,6,3,3,0.5,0;1;5,-1.3520613570719233,-0.8316828783383012,-2.1837442354102246,0.8316828783383012,1.5789614715739857,True,negative,moderate_50_to_80,0.0,-1.3520613570719233,-2.7041227141438466,-0.3716044813280681
2025,41,6,3,3,0.5,0;2;3,-0.7131274110573632,-1.4706168243528615,-2.1837442354102246,1.4706168243528615,1.5789614715739857,True,negative,moderate_50_to_80,0.0,-0.7131274110573632,-1.4262548221147264,0.267329464686492
2025,41,6,3,3,0.5,0;2;4,-1.0866553918222657,-1.0970888435879589,-2.1837442354102246,1.0970888435879589,1.5789614715739857,True,negative,moderate_50_to_80,0.0,-1.0866553918222657,-2.1733107836445313,-0.10619851607841047
2025,41,6,3,3,0.5,0;2;5,-1.8670399568274032,-0.31670427858282146,-2.1837442354102246,0.31670427858282146,1.5789614715739857,True,negative,moderate_50_to_80,0.0,-1.8670399568274032,-3.7340799136548064,-0.886583081083548
2025,41,6,3,3,0.5,0;3;4,-0.5716767920667858,-1.6120674433434388,-2.1837442354102246,1.6120674433434388,1.5789614715739857,True,negative,moderate_50_to_80,0.0,-0.5716767920667858,-1.1433535841335716,0.4087800836770694
2025,41,6,3,3,0.5,0;3;5,-1.3520613570719233,-0.8316828783383012,-2.1837442354102246,0.8316828783383012,1.5789614715739857,True,negative,moderate_50_to_80,0.0,-1.3520613570719233,-2.7041227141438466,-0.3716044813280681
2025,41,6,3,3,0.5,0;4;5,-1.7255893378368257,-0.4581548975733989,-2.1837442354102246,0.4581548975733989,1.5789614715739857,True,negative,moderate_50_to_80,0.0,-1.7255893378368257,-3.4511786756736513,-0.7451324620929705
2025,41,6,3,3,0.5,1;2;3,-0.4581548975733989,-1.7255893378368257,-2.1837442354102246,1.7255893378368257,1.5789614715739857,False,negative,moderate_50_to_80,0.0,-0.4581548975733989,-0.9163097951467978,0.5223019781704563
2025,41,6,3,3,0.5,1;2;4,-0.8316828783383012,-1.3520613570719233,-2.1837442354102246,1.3520613570719233,1.5789614715739857,True,negative,moderate_50_to_80,0.0,-0.8316828783383012,-1.6633657566766022,0.14877399740555397
2025,41,6,3,3,0.5,1;2;5,-1.6120674433434388,-0.5716767920667858,-2.1837442354102246,0.5716767920667858,1.5789614715739857,True,negative,moderate_50_to_80,0.0,-1.6120674433434388,-3.2241348866868775,-0.6316105675995836
2025,41,6,3,3,0.5,1;3;4,-0.31670427858282146,-1.8670399568274032,-2.1837442354102246,1.8670399568274032,1.5789614715739857,False,negative,moderate_50_to_80,0.0,-0.31670427858282146,-0.6334085571656429,0.6637525971610337
2025,41,6,3,3,0.5,1;3;5,-1.0970888435879589,-1.0866553918222657,-2.1837442354102246,1.0866553918222657,1.5789614715739857,True,negative,moderate_50_to_80,0.0,-1.0970888435879589,-2.1941776871759178,-0.11663196784410368
2025,41,6,3,3,0.5,1;4;5,-1.4706168243528615,-0.7131274110573632,-2.1837442354102246,0.7131274110573632,1.5789614715739857,True,negative,moderate_50_to_80,0.0,-1.4706168243528615,-2.941233648705723,-0.49015994860900625
2025,41,6,3,3,0.5,2;3;4,-0.8316828783383012,-1.3520613570719233,-2.1837442354102246,1.3520613570719233,1.5789614715739857,True,negative,moderate_50_to_80,0.0,-0.8316828783383012,-1.6633657566766022,0.14877399740555397
2025,41,6,3,3,0.5,2;3;5,-1.6120674433434388,-0.5716767920667858,-2.1837442354102246,0.5716767920667858,1.5789614715739857,True,negative,moderate_50_to_80,0.0,-1.6120674433434388,-3.2241348866868775,-0.6316105675995836
2025,41,6,3,3,0.5,2;4;5,-1.9855954241083413,-0.19814881130188336,-2.1837442354102246,0.19814881130188336,1.5789614715739857,True,negative,moderate_50_to_80,0.0,-1.9855954241083413,-3.9711908482166827,-1.0051385483644861
2025,41,6,3,3,0.5,3;4;5,-1.4706168243528615,-0.7131274110573632,-2.1837442354102246,0.7131274110573632,1.5789614715739857,True,negative,moderate_50_to_80,0.0,-1.4706168243528615,-2.941233648705723,-0.49015994860900625
2025,41,6,4,2,0.6666666666666666,0;1,-0.9450047904993185,-1.2387394449109062,-2.1837442354102246,1.2387394449109062,1.2892166429567702,True,negative,moderate_50_to_80,0.0,-0.9450047904993185,-1.4175071857489778,-0.2913668733367484
2025,41,6,4,2,0.6666666666666666,0;2,-1.4599833902547985,-0.7237608451554262,-2.1837442354102246,0.7237608451554262,1.2892166429567702,True,negative,moderate_50_to_80,0.0,-1.4599833902547985,-2.1899750853821978,-0.8063454730922284
2025,41,6,4,2,0.6666666666666666,0;3,-0.9450047904993185,-1.2387394449109062,-2.1837442354102246,1.2387394449109062,1.2892166429567702,True,negative,moderate_50_to_80,0.0,-0.9450047904993185,-1.4175071857489778,-0.2913668733367484
2025,41,6,4,2,0.6666666666666666,0;4,-1.318532771264221,-0.8652114641460036,-2.1837442354102246,0.8652114641460036,1.2892166429567702,True,negative,moderate_50_to_80,0.0,-1.318532771264221,-1.9777991568963316,-0.6648948541016508
2025,41,6,4,2,0.6666666666666666,0;5,-2.0989173362693583,-0.08482689914086611,-2.1837442354102246,0.08482689914086611,1.2892166429567702,True,negative,moderate_50_to_80,0.0,-2.0989173362693583,-3.1483760044040374,-1.4452794191067881
2025,41,6,4,2,0.6666666666666666,1;2,-1.205010876770834,-0.9787333586393905,-2.1837442354102246,0.9787333586393905,1.2892166429567702,True,negative,moderate_50_to_80,0.0,-1.205010876770834,-1.807516315156251,-0.5513729596082639
2025,41,6,4,2,0.6666666666666666,1;3,-0.6900322770153542,-1.4937119583948704,-2.1837442354102246,1.4937119583948704,1.2892166429567702,False,negative,moderate_50_to_80,0.0,-0.6900322770153542,-1.0350484155230313,-0.03639435985278405
2025,41,6,4,2,0.6666666666666666,1;4,-1.0635602577802565,-1.120183977629968,-2.1837442354102246,1.120183977629968,1.2892166429567702,True,negative,moderate_50_to_80,0.0,-1.0635602577802565,-1.5953403866703848,-0.4099223406176864
2025,41,6,4,2,0.6666666666666666,1;5,-1.843944822785394,-0.33979941262483043,-2.1837442354102246,0.33979941262483043,1.2892166429567702,True,negative,moderate_50_to_80,0.0,-1.843944822785394,-2.765917234178091,-1.190306905622824
2025,41,6,4,2,0.6666666666666666,2;3,-1.205010876770834,-0.9787333586393905,-2.1837442354102246,0.9787333586393905,1.2892166429567702,True,negative,moderate_50_to_80,0.0,-1.205010876770834,-1.807516315156251,-0.5513729596082639
2025,41,6,4,2,0.6666666666666666,2;4,-1.5785388575357364,-0.6052053778744881,-2.1837442354102246,0.6052053778744881,1.2892166429567702,True,negative,moderate_50_to_80,0.0,-1.5785388575357364,-2.3678082863036045,-0.9249009403731663
2025,41,6,4,2,0.6666666666666666,2;5,-2.358923422540874,0.17517918713064942,-2.1837442354102246,0.17517918713064942,1.2892166429567702,True,positive,moderate_50_to_80,0.0,-2.358923422540874,-3.5383851338113113,-1.705285505378304
2025,41,6,4,2,0.6666666666666666,3;4,-1.0635602577802565,-1.120183977629968,-2.1837442354102246,1.120183977629968,1.2892166429567702,True,negative,moderate_50_to_80,0.0,-1.0635602577802565,-1.5953403866703848,-0.4099223406176864
2025,41,6,4,2,0.6666666666666666,3;5,-1.843944822785394,-0.33979941262483043,-2.1837442354102246,0.33979941262483043,1.2892166429567702,True,negative,moderate_50_to_80,0.0,-1.843944822785394,-2.765917234178091,-1.190306905622824
2025,41,6,4,2,0.6666666666666666,4;5,-2.2174728035502964,0.03372856814007197,-2.1837442354102246,0.03372856814007197,1.2892166429567702,True,positive,moderate_50_to_80,0.0,-2.2174728035502964,-3.3262092053254446,-1.5638348863877263
2025,41,6,5,1,0.8333333333333334,0,-1.6918607696967538,-0.49188346571347086,-2.1837442354102246,0.49188346571347086,0.9116138306532883,True,negative,high_80_plus,0.0,-1.6918607696967538,-2.0302329236361047,-1.3650418111154687
2025,41,6,5,1,0.8333333333333334,1,-1.4368882562127894,-0.7468559791974352,-2.1837442354102246,0.7468559791974352,0.9116138306532883,True,negative,high_80_plus,0.0,-1.4368882562127894,-1.7242659074553472,-1.1100692976315043
2025,41,6,5,1,0.8333333333333334,2,-1.9518668559682693,-0.23187737944195533,-2.1837442354102246,0.23187737944195533,0.9116138306532883,True,negative,high_80_plus,0.0,-1.9518668559682693,-2.342240227161923,-1.6250478973869842
2025,41,6,5,1,0.8333333333333334,3,-1.4368882562127894,-0.7468559791974352,-2.1837442354102246,0.7468559791974352,0.9116138306532883,True,negative,high_80_plus,0.0,-1.4368882562127894,-1.7242659074553472,-1.1100692976315043
2025,41,6,5,1,0.8333333333333334,4,-1.8104162369776917,-0.3733279984325328,-2.1837442354102246,0.3733279984325328,0.9116138306532883,True,negative,high_80_plus,0.0,-1.8104162369776917,-2.17249948437323,-1.4835972783964066
2025,41,6,5,1,0.8333333333333334,5,-2.5908008019828292,0.40705656657260475,-2.1837442354102246,0.40705656657260475,0.9116138306532883,True,positive,high_80_plus,0.0,-2.5908008019828292,-3.108960962379395,-2.2639818434015444
2025,57,2,1,1,0.5,0,0.45148563684870535,-0.7468559791974352,-0.29537034234872983,0.7468559791974352,0.9116138306532883,True,negative,moderate_50_to_80,0.0,0.45148563684870535,0.9029712736974107,0.7783045954299904
2025,57,2,1,1,0.5,1,-0.7468559791974352,0.45148563684870535,-0.29537034234872983,0.45148563684870535,0.9116138306532883,True,positive,moderate_50_to_80,0.0,-0.7468559791974352,-1.4937119583948704,-0.4200370206161501
2025,58,4,1,3,0.25,0;1;2,0.9654824288874364,-0.7607351053031035,0.20474732358433295,0.7607351053031035,1.5789614715739857,True,negative,low_under_50,0.0,0.9654824288874364,3.8619297155497456,1.9459393046312916
2025,58,4,1,3,0.25,0;1;3,-0.49188346571347086,0.6966307892978039,0.20474732358433295,0.6966307892978039,1.5789614715739857,True,positive,low_under_50,0.0,-0.49188346571347086,-1.9675338628538834,0.48857341003038435
2025,58,4,1,3,0.25,0;2;3,0.4780043396078026,-0.27325701602346963,0.20474732358433295,0.27325701602346963,1.5789614715739857,True,negative,low_under_50,0.0,0.4780043396078026,1.9120173584312103,1.4584612153516578
2025,58,4,1,3,0.25,1;2;3,-0.7468559791974352,0.9516033027817681,0.20474732358433295,0.9516033027817681,1.5789614715739857,True,positive,low_under_50,0.0,-0.7468559791974352,-2.9874239167897407,0.23360089654642002
2025,58,4,2,2,0.5,0;1,0.47359896317396555,-0.2688516395896326,0.20474732358433295,0.2688516395896326,1.2892166429567702,True,negative,moderate_50_to_80,0.0,0.47359896317396555,0.9471979263479311,1.1272368803365356
2025,58,4,2,2,0.5,0;2,1.443486768495239,-1.2387394449109062,0.20474732358433295,1.2387394449109062,1.2892166429567702,True,negative,moderate_50_to_80,0.0,1.443486768495239,2.886973536990478,2.097124685657809
2025,58,4,2,2,0.5,0;3,-0.013879126105668271,0.21862644969000122,0.20474732358433295,0.21862644969000122,1.2892166429567702,True,positive,moderate_50_to_80,0.0,-0.013879126105668271,-0.027758252211336543,0.6397587910569018
2025,58,4,2,2,0.5,1;2,0.21862644969000122,-0.013879126105668271,0.20474732358433295,0.013879126105668271,1.2892166429567702,True,negative,moderate_50_to_80,0.0,0.21862644969000122,0.43725289938000245,0.8722643668525714
2025,58,4,2,2,0.5,1;3,-1.2387394449109062,1.443486768495239,0.20474732358433295,1.443486768495239,1.2892166429567702,True,positive,moderate_50_to_80,0.0,-1.2387394449109062,-2.4774788898218123,-0.585101527748336
2025,58,4,2,2,0.5,2;3,-0.2688516395896326,0.47359896317396555,0.20474732358433295,0.47359896317396555,1.2892166429567702,True,positive,moderate_50_to_80,0.0,-0.2688516395896326,-0.5377032791792652,0.38478627757293754
2025,58,4,3,1,0.75,0,0.9516033027817681,-0.7468559791974352,0.20474732358433295,0.7468559791974352,0.9116138306532883,True,negative,moderate_50_to_80,0.0,0.9516033027817681,1.268804403709024,1.2784222613630531
2025,58,4,3,1,0.75,1,-0.27325701602346963,0.4780043396078026,0.20474732358433295,0.4780043396078026,0.9116138306532883,True,positive,moderate_50_to_80,0.0,-0.27325701602346963,-0.3643426880312928,0.053561942557815434
2025,58,4,3,1,0.75,2,0.6966307892978039,-0.49188346571347086,0.20474732358433295,0.49188346571347086,0.9116138306532883,True,negative,moderate_50_to_80,0.0,0.6966307892978039,0.9288410523970718,1.023449747879089
2025,58,4,3,1,0.75,3,-0.7607351053031035,0.9654824288874364,0.20474732358433295,0.9654824288874364,0.9116138306532883,True,positive,moderate_50_to_80,0.0,-0.7607351053031035,-1.0143134737374713,-0.43391614672181844
2025,59,5,1,4,0.2,0;1;2;3,1.1198193102688698,-0.18801292559923594,0.9318063846696338,0.18801292559923594,1.8232276613065765,True,negative,low_under_50,0.0,1.1198193102688698,5.599096551344349,2.42709514459401
2025,59,5,1,4,0.2,0;1;2;4,1.041423959194148,-0.1096175745245142,0.9318063846696338,0.1096175745245142,1.8232276613065765,True,negative,low_under_50,0.0,1.041423959194148,5.2071197959707405,2.3486997935192884
2025,59,5,1,4,0.2,0;1;3;4,-0.15156718498241073,1.0833735696520446,0.9318063846696338,1.0833735696520446,1.8232276613065765,True,positive,low_under_50,0.0,-0.15156718498241073,-0.7578359249120536,1.1557086493427295
2025,59,5,1,4,0.2,0;2;3;4,-0.3310137206135381,1.262820105283172,0.9318063846696338,1.262820105283172,1.8232276613065765,True,positive,low_under_50,0.0,-0.3310137206135381,-1.6550686030676907,0.9762621137116021
2025,59,5,1,4,0.2,1;2;3;4,-0.7468559791974352,1.678662363867069,0.9318063846696338,1.678662363867069,1.8232276613065765,True,positive,low_under_50,0.0,-0.7468559791974352,-3.734279895987176,0.5604198551277051
2025,59,5,2,3,0.4,0;1;2,2.161243269463018,-1.229436884793384,0.9318063846696338,1.229436884793384,1.5789614715739857,True,negative,low_under_50,0.0,2.161243269463018,5.403108173657545,3.1417001452068734
2025,59,5,2,3,0.4,0;1;3,0.9682521252864591,-0.036445740616825206,0.9318063846696338,0.036445740616825206,1.5789614715739857,True,negative,low_under_50,0.0,0.9682521252864591,2.4206303132161477,1.9487090010303143
2025,59,5,2,3,0.4,0;1;4,0.8898567742117374,0.041949610457896525,0.9318063846696338,0.041949610457896525,1.5789614715739857,True,positive,low_under_50,0.0,0.8898567742117374,2.2246419355293434,1.8703136499555926
2025,59,5,2,3,0.4,0;2;3,0.7888055896553317,0.14300079501430218,0.9318063846696338,0.14300079501430218,1.5789614715739857,True,positive,low_under_50,0.0,0.7888055896553317,1.9720139741383291,1.7692624653991869
2025,59,5,2,3,0.4,0;2;4,0.7104102385806099,0.22139614608902392,0.9318063846696338,0.22139614608902392,1.5789614715739857,True,positive,low_under_50,0.0,0.7104102385806099,1.7760255964515248,1.6908671143244651
2025,59,5,2,3,0.4,0;3;4,-0.48258090559594885,1.4143872902655827,0.9318063846696338,1.4143872902655827,1.5789614715739857,True,positive,low_under_50,0.0,-0.48258090559594885,-1.206452263989872,0.49787597014790635
2025,59,5,2,3,0.4,1;2;3,0.37296333107143465,0.5588430535981992,0.9318063846696338,0.5588430535981992,1.5789614715739857,True,positive,low_under_50,0.0,0.37296333107143465,0.9324083276785866,1.3534202068152899
2025,59,5,2,3,0.4,1;2;4,0.2945679799967129,0.6372384046729209,0.9318063846696338,0.6372384046729209,1.5789614715739857,True,positive,low_under_50,0.0,0.2945679799967129,0.7364199499917823,1.2750248557405681
2025,59,5,2,3,0.4,1;3;4,-0.8984231641798459,1.8302295488494797,0.9318063846696338,1.8302295488494797,1.5789614715739857,True,positive,low_under_50,0.0,-0.8984231641798459,-2.246057910449615,0.08203371156400929
2025,59,5,2,3,0.4,2;3;4,-1.0778696998109734,2.009676084480607,0.9318063846696338,2.009676084480607,1.5789614715739857,True,positive,low_under_50,0.0,-1.0778696998109734,-2.6946742495274334,-0.09741282406711815
2025,59,5,3,2,0.6,0;1,2.009676084480607,-1.0778696998109734,0.9318063846696338,1.0778696998109734,1.2892166429567702,True,negative,moderate_50_to_80,0.0,2.009676084480607,3.349460140801012,2.6633140016431773
2025,59,5,3,2,0.6,0;2,1.8302295488494797,-0.8984231641798459,0.9318063846696338,0.8984231641798459,1.2892166429567702,True,negative,moderate_50_to_80,0.0,1.8302295488494797,3.0503825814158,2.48386746601205
2025,59,5,3,2,0.6,0;3,0.6372384046729209,0.2945679799967129,0.9318063846696338,0.2945679799967129,1.2892166429567702,True,positive,moderate_50_to_80,0.0,0.6372384046729209,1.0620640077882015,1.290876321835491
2025,59,5,3,2,0.6,0;4,0.5588430535981992,0.37296333107143465,0.9318063846696338,0.37296333107143465,1.2892166429567702,True,positive,moderate_50_to_80,0.0,0.5588430535981992,0.931405089330332,1.2124809707607693
2025,59,5,3,2,0.6,1;2,1.4143872902655827,-0.48258090559594885,0.9318063846696338,0.48258090559594885,1.2892166429567702,True,negative,moderate_50_to_80,0.0,1.4143872902655827,2.3573121504426378,2.068025207428153
2025,59,5,3,2,0.6,1;3,0.22139614608902392,0.7104102385806099,0.9318063846696338,0.7104102385806099,1.2892166429567702,True,positive,moderate_50_to_80,0.0,0.22139614608902392,0.36899357681503986,0.875034063251594
2025,59,5,3,2,0.6,1;4,0.14300079501430218,0.7888055896553317,0.9318063846696338,0.7888055896553317,1.2892166429567702,True,positive,moderate_50_to_80,0.0,0.14300079501430218,0.2383346583571703,0.7966387121768723
2025,59,5,3,2,0.6,2;3,0.041949610457896525,0.8898567742117374,0.9318063846696338,0.8898567742117374,1.2892166429567702,True,positive,moderate_50_to_80,0.0,0.041949610457896525,0.06991601742982755,0.6955875276204666
2025,59,5,3,2,0.6,2;4,-0.036445740616825206,0.9682521252864591,0.9318063846696338,0.9682521252864591,1.2892166429567702,True,positive,moderate_50_to_80,0.0,-0.036445740616825206,-0.06074290102804201,0.6171921765457449
2025,59,5,3,2,0.6,3;4,-1.229436884793384,2.161243269463018,0.9318063846696338,2.161243269463018,1.2892166429567702,True,positive,moderate_50_to_80,0.0,-1.229436884793384,-2.04906147465564,-0.575798967630814
2025,59,5,4,1,0.8,0,1.678662363867069,-0.7468559791974352,0.9318063846696338,0.7468559791974352,0.9116138306532883,True,negative,high_80_plus,0.0,1.678662363867069,2.0983279548338363,2.005481322448354
2025,59,5,4,1,0.8,1,1.262820105283172,-0.3310137206135381,0.9318063846696338,0.3310137206135381,0.9116138306532883,True,negative,high_80_plus,0.0,1.262820105283172,1.578525131603965,1.589639063864457
2025,59,5,4,1,0.8,2,1.0833735696520446,-0.15156718498241073,0.9318063846696338,0.15156718498241073,0.9116138306532883,True,negative,high_80_plus,0.0,1.0833735696520446,1.3542169620650557,1.4101925282333296
2025,59,5,4,1,0.8,3,-0.1096175745245142,1.041423959194148,0.9318063846696338,1.041423959194148,0.9116138306532883,True,positive,high_80_plus,0.0,-0.1096175745245142,-0.13702196815564277,0.21720138405677086
2025,59,5,4,1,0.8,4,-0.18801292559923594,1.1198193102688698,0.9318063846696338,1.1198193102688698,0.9116138306532883,True,positive,high_80_plus,0.0,-0.18801292559923594,-0.23501615699904493,0.13880603298204913
2025,61,3,1,2,0.3333333333333333,0;1,1.186694867317779,2.3660063589507736,3.5527012262685522,2.3660063589507736,1.2892166429567702,True,positive,low_under_50,0.0,1.186694867317779,3.560084601953337,1.8403327844803492
2025,61,3,1,2,0.3333333333333333,0;2,1.7093771578723465,1.843324068396206,3.5527012262685522,1.843324068396206,1.2892166429567702,True,positive,low_under_50,0.0,1.7093771578723465,5.12813147361704,2.363015075034917
2025,61,3,1,2,0.3333333333333333,1;2,0.6566292010784269,2.8960720251901257,3.5527012262685522,2.8960720251901257,1.2892166429567702,False,positive,low_under_50,0.0,0.6566292010784269,1.9698876032352808,1.310267118240997
2025,61,3,2,1,0.6666666666666666,0,2.8960720251901257,0.6566292010784269,3.5527012262685522,0.6566292010784269,0.9116138306532883,True,positive,moderate_50_to_80,0.0,2.8960720251901257,4.344108037785189,3.2228909837714106
2025,61,3,2,1,0.6666666666666666,1,1.843324068396206,1.7093771578723465,3.5527012262685522,1.7093771578723465,0.9116138306532883,True,positive,moderate_50_to_80,0.0,1.843324068396206,2.764986102594309,2.170143026977491
2025,61,3,2,1,0.6666666666666666,2,2.3660063589507736,1.186694867317779,3.5527012262685522,1.186694867317779,0.9116138306532883,True,positive,moderate_50_to_80,0.0,2.3660063589507736,3.5490095384261604,2.6928253175320584
2025,84,4,1,3,0.25,0;1;2,0.45148563684870535,0.6595799793948368,1.1110656162435422,0.6595799793948368,1.5789614715739857,True,positive,low_under_50,0.0,0.45148563684870535,1.8059425473948214,1.4319425125925607
2025,84,4,1,3,0.25,0;1;3,0.4691209008006567,0.6419447154428854,1.1110656162435422,0.6419447154428854,1.5789614715739857,True,positive,low_under_50,0.0,0.4691209008006567,1.8764836032026269,1.449577776544512
2025,84,4,1,3,0.25,0;2;3,-0.7468559791974352,1.8579215954409773,1.1110656162435422,1.8579215954409773,1.5789614715739857,True,positive,low_under_50,0.0,-0.7468559791974352,-2.9874239167897407,0.23360089654642002
2025,84,4,1,3,0.25,1;2;3,0.9373150577916153,0.17375055845192688,1.1110656162435422,0.17375055845192688,1.5789614715739857,True,positive,low_under_50,0.0,0.9373150577916153,3.749260231166461,1.9177719335354704
2025,84,4,2,2,0.5,0;1,0.9206065376493621,0.1904590785941801,1.1110656162435422,0.1904590785941801,1.2892166429567702,True,positive,moderate_50_to_80,0.0,0.9206065376493621,1.8412130752987241,1.5742444548119323
2025,84,4,2,2,0.5,0;2,-0.29537034234872983,1.4064359585922719,1.1110656162435422,1.4064359585922719,1.2892166429567702,True,positive,moderate_50_to_80,0.0,-0.29537034234872983,-0.5907406846974597,0.3582675748138403
2025,84,4,2,2,0.5,0;3,-0.27773507839677847,1.3888006946403206,1.1110656162435422,1.3888006946403206,1.2892166429567702,True,positive,moderate_50_to_80,0.0,-0.27773507839677847,-0.5554701567935569,0.37590283876579167
2025,84,4,2,2,0.5,1;2,1.3888006946403206,-0.27773507839677847,1.1110656162435422,0.27773507839677847,1.2892166429567702,True,negative,moderate_50_to_80,0.0,1.3888006946403206,2.7776013892806413,2.0424386118028908
2025,84,4,2,2,0.5,1;3,1.4064359585922719,-0.29537034234872983,1.1110656162435422,0.29537034234872983,1.2892166429567702,True,negative,moderate_50_to_80,0.0,1.4064359585922719,2.8128719171845438,2.060073875754842
2025,84,4,2,2,0.5,2;3,0.1904590785941801,0.9206065376493621,1.1110656162435422,0.9206065376493621,1.2892166429567702,True,positive,moderate_50_to_80,0.0,0.1904590785941801,0.3809181571883602,0.8440969957567502
2025,84,4,3,1,0.75,0,0.17375055845192688,0.9373150577916153,1.1110656162435422,0.9373150577916153,0.9116138306532883,True,positive,moderate_50_to_80,0.0,0.17375055845192688,0.23166741126923585,0.500569517033212
2025,84,4,3,1,0.75,1,1.8579215954409773,-0.7468559791974352,1.1110656162435422,0.7468559791974352,0.9116138306532883,True,negative,moderate_50_to_80,0.0,1.8579215954409773,2.477228793921303,2.1847405540222624
2025,84,4,3,1,0.75,2,0.6419447154428854,0.4691209008006567,1.1110656162435422,0.4691209008006567,0.9116138306532883,True,positive,moderate_50_to_80,0.0,0.6419447154428854,0.8559262872571806,0.9687636740241705
2025,84,4,3,1,0.75,3,0.6595799793948368,0.45148563684870535,1.1110656162435422,0.45148563684870535,0.9116138306532883,True,positive,moderate_50_to_80,0.0,0.6595799793948368,0.8794399725264491,0.9863989379761219
2025,87,2,1,1,0.5,0,-0.3310137206135381,0.9654824288874364,0.6344687082738982,0.9654824288874364,0.9116138306532883,True,positive,moderate_50_to_80,0.0,-0.3310137206135381,-0.6620274412270762,-0.004194762032253052
2025,87,2,1,1,0.5,1,0.9654824288874364,-0.3310137206135381,0.6344687082738982,0.3310137206135381,0.9116138306532883,True,negative,moderate_50_to_80,0.0,0.9654824288874364,1.9309648577748728,1.2923013874687215
2025,98,7,1,6,0.14285714285714285,0;1;2;3;4;5,-0.1377746110579237,5.539636692286952,5.401862081229028,5.539636692286952,2.2329887275645106,True,positive,low_under_50,0.0,-0.1377746110579237,-0.964422277405466,1.8231391404297868
2025,98,7,1,6,0.14285714285714285,0;1;2;3;4;6,-0.5859862340975025,5.987848315326531,5.401862081229028,5.987848315326531,2.2329887275645106,False,positive,low_under_50,0.0,-0.5859862340975025,-4.101903638682518,1.374927517390208
2025,98,7,1,6,0.14285714285714285,0;1;2;3;5;6,1.5571930695114766,3.844669011717552,5.401862081229028,3.844669011717552,2.2329887275645106,True,positive,low_under_50,0.0,1.5571930695114766,10.900351486580336,3.5181068209991873
2025,98,7,1,6,0.14285714285714285,0;1;2;4;5;6,1.071882803505039,4.329979277723989,5.401862081229028,4.329979277723989,2.2329887275645106,True,positive,low_under_50,0.0,1.071882803505039,7.503179624535273,3.0327965549927494
2025,98,7,1,6,0.14285714285714285,0;1;3;4;5;6,2.0130626489051244,3.3887994323239043,5.401862081229028,3.3887994323239043,2.2329887275645106,True,positive,low_under_50,0.0,2.0130626489051244,14.09143854233587,3.973976400392835
2025,98,7,1,6,0.14285714285714285,0;2;3;4;5;6,1.129175567474898,4.272686513754131,5.401862081229028,4.272686513754131,2.2329887275645106,True,positive,low_under_50,0.0,1.129175567474898,7.904228972324286,3.090089318962608
2025,98,7,1,6,0.14285714285714285,1;2;3;4;5;6,0.35430883698791676,5.0475532442411115,5.401862081229028,5.0475532442411115,2.2329887275645106,True,positive,low_under_50,0.0,0.35430883698791676,2.4801618589154173,2.3152225884756272
2025,98,7,2,5,0.2857142857142857,0;1;2;3;4,-0.7237608451554263,6.125622926384454,5.401862081229028,6.125622926384454,2.038430494569734,False,positive,low_under_50,0.0,-0.7237608451554263,-2.533162958043992,0.9103339477509991
2025,98,7,2,5,0.2857142857142857,0;1;2;3;5,1.419418458453553,3.9824436227754756,5.401862081229028,3.9824436227754756,2.038430494569734,True,positive,low_under_50,0.0,1.419418458453553,4.9679646045874355,3.0535132513599783
2025,98,7,2,5,0.2857142857142857,0;1;2;3;6,0.9712068354139741,4.430655245815054,5.401862081229028,4.430655245815054,2.038430494569734,True,positive,low_under_50,0.0,0.9712068354139741,3.3992239239489095,2.6053016283203996
2025,98,7,2,5,0.2857142857142857,0;1;2;4;5,0.9341081924471153,4.467753888781913,5.401862081229028,4.467753888781913,2.038430494569734,True,positive,low_under_50,0.0,0.9341081924471153,3.2693786735649035,2.5682029853535404
2025,98,7,2,5,0.2857142857142857,0;1;2;4;6,0.48589656940753645,4.915965511821492,5.401862081229028,4.915965511821492,2.038430494569734,True,positive,low_under_50,0.0,0.48589656940753645,1.7006379929263775,2.1199913623139617
2025,98,7,2,5,0.2857142857142857,0;1;2;5;6,2.6290758730165154,2.772786208212513,5.401862081229028,2.772786208212513,2.038430494569734,True,positive,low_under_50,0.0,2.6290758730165154,9.201765555557804,4.2631706659229405
2025,98,7,2,5,0.2857142857142857,0;1;3;4;5,1.8752880378472008,3.526574043381828,5.401862081229028,3.526574043381828,2.038430494569734,True,positive,low_under_50,0.0,1.8752880378472008,6.563508132465203,3.5093828307536263
2025,98,7,2,5,0.2857142857142857,0;1;3;4;6,1.427076414807622,3.9747856664214067,5.401862081229028,3.9747856664214067,2.038430494569734,True,positive,low_under_50,0.0,1.427076414807622,4.994767451826677,3.0611712077140476
2025,98,7,2,5,0.2857142857142857,0;1;3;5;6,3.5702557184166013,1.8316063628124275,5.401862081229028,1.8316063628124275,2.038430494569734,True,positive,low_under_50,0.0,3.5702557184166013,12.495895014458105,5.204350511323026
2025,98,7,2,5,0.2857142857142857,0;1;4;5;6,3.0849454524101634,2.3169166288188654,5.401862081229028,2.3169166288188654,2.038430494569734,True,positive,low_under_50,0.0,3.0849454524101634,10.797309083435572,4.719040245316589
2025,98,7,2,5,0.2857142857142857,0;2;3;4;5,0.9914009564169743,4.410461124812055,5.401862081229028,4.410461124812055,2.038430494569734,True,positive,low_under_50,0.0,0.9914009564169743,3.46990334745941,2.6254957493233997
2025,98,7,2,5,0.2857142857142857,0;2;3;4;6,0.5431893333773955,4.858672747851633,5.401862081229028,4.858672747851633,2.038430494569734,True,positive,low_under_50,0.0,0.5431893333773955,1.9011626668208843,2.177284126283821
2025,98,7,2,5,0.2857142857142857,0;2;3;5;6,2.6863686369863746,2.7154934442426537,5.401862081229028,2.7154934442426537,2.038430494569734,True,positive,low_under_50,0.0,2.6863686369863746,9.402290229452312,4.3204634298928
2025,98,7,2,5,0.2857142857142857,0;2;4;5;6,2.201058370979937,3.2008037102490916,5.401862081229028,3.2008037102490916,2.038430494569734,True,positive,low_under_50,0.0,2.201058370979937,7.7037042984297806,3.8351531638863623
2025,98,7,2,5,0.2857142857142857,0;3;4;5;6,3.142238216380022,2.259623864849006,5.401862081229028,2.259623864849006,2.038430494569734,True,positive,low_under_50,0.0,3.142238216380022,10.997833757330078,4.776333009286447
2025,98,7,2,5,0.2857142857142857,1;2;3;4;5,0.21653422592999305,5.185327855299035,5.401862081229028,5.185327855299035,2.038430494569734,False,positive,low_under_50,0.0,0.21653422592999305,0.7578697907549756,1.8506290188364183
2025,98,7,2,5,0.2857142857142857,1;2;3;4;6,-0.23167739710958574,5.633539478338614,5.401862081229028,5.633539478338614,2.038430494569734,False,positive,low_under_50,0.0,-0.23167739710958574,-0.81087088988355,1.4024173957968395
2025,98,7,2,5,0.2857142857142857,1;2;3;5;6,1.9115019064993934,3.490360174729635,5.401862081229028,3.490360174729635,2.038430494569734,True,positive,low_under_50,0.0,1.9115019064993934,6.690256672747877,3.545596699405819
2025,98,7,2,5,0.2857142857142857,1;2;4;5;6,1.4261916404929558,3.975670440736073,5.401862081229028,3.975670440736073,2.038430494569734,True,positive,low_under_50,0.0,1.4261916404929558,4.991670741725345,3.060286433399381
2025,98,7,2,5,0.2857142857142857,1;3;4;5;6,2.3673714858930412,3.0344905953359875,5.401862081229028,3.0344905953359875,2.038430494569734,True,positive,low_under_50,0.0,2.3673714858930412,8.285800200625644,4.001466278799467
2025,98,7,2,5,0.2857142857142857,2;3;4;5;6,1.4834844044628148,3.9183776767662137,5.401862081229028,3.9183776767662137,2.038430494569734,True,positive,low_under_50,0.0,1.4834844044628148,5.192195415619852,3.11757919736924
2025,98,7,3,4,0.42857142857142855,0;1;2;3,0.8334322243560504,4.568429856872978,5.401862081229028,4.568429856872978,1.8232276613065765,False,positive,low_under_50,0.0,0.8334322243560504,1.9446751901641175,2.1407080586811906
2025,98,7,3,4,0.42857142857142855,0;1;2;4,0.34812195834961274,5.053740122879415,5.401862081229028,5.053740122879415,1.8232276613065765,False,positive,low_under_50,0.0,0.34812195834961274,0.8122845694824297,1.655397792674753
2025,98,7,3,4,0.42857142857142855,0;1;2;5,2.4913012619585917,2.9105608192704366,5.401862081229028,2.9105608192704366,1.8232276613065765,True,positive,low_under_50,0.0,2.4913012619585917,5.8130362779033815,3.798577096283732
2025,98,7,3,4,0.42857142857142855,0;1;2;6,2.043089638919013,3.3587724423100154,5.401862081229028,3.3587724423100154,1.8232276613065765,True,positive,low_under_50,0.0,2.043089638919013,4.767209157477697,3.3503654732441532
2025,98,7,3,4,0.42857142857142855,0;1;3;4,1.2893018037496982,4.11256027747933,5.401862081229028,4.11256027747933,1.8232276613065765,True,positive,low_under_50,0.0,1.2893018037496982,3.0083708754159626,2.596577638074838
2025,98,7,3,4,0.42857142857142855,0;1;3;5,3.432481107358677,1.9693809738703512,5.401862081229028,1.9693809738703512,1.8232276613065765,True,positive,low_under_50,0.0,3.432481107358677,8.009122583836914,4.739756941683817
2025,98,7,3,4,0.42857142857142855,0;1;3;6,2.9842694843190984,2.41759259690993,5.401862081229028,2.41759259690993,1.8232276613065765,True,positive,low_under_50,0.0,2.9842694843190984,6.963295463411229,4.291545318644239
2025,98,7,3,4,0.42857142857142855,0;1;4;5,2.9471708413522397,2.454691239876789,5.401862081229028,2.454691239876789,1.8232276613065765,True,positive,low_under_50,0.0,2.9471708413522397,6.876731963155226,4.25444667567738
2025,98,7,3,4,0.42857142857142855,0;1;4;6,2.498959218312661,2.902902862916368,5.401862081229028,2.902902862916368,1.8232276613065765,True,positive,low_under_50,0.0,2.498959218312661,5.8309048427295425,3.8062350526378013
2025,98,7,3,4,0.42857142857142855,0;1;5;6,4.64213852192164,0.7597235593073886,5.401862081229028,0.7597235593073886,1.8232276613065765,True,positive,low_under_50,0.0,4.64213852192164,10.831656551150495,5.9494143562467805
2025,98,7,3,4,0.42857142857142855,0;2;3;4,0.4054147223194718,4.996447358909557,5.401862081229028,4.996447358909557,1.8232276613065765,False,positive,low_under_50,0.0,0.4054147223194718,0.9459676854121009,1.712690556644612
2025,98,7,3,4,0.42857142857142855,0;2;3;5,2.548594025928451,2.853268055300578,5.401862081229028,2.853268055300578,1.8232276613065765,True,positive,low_under_50,0.0,2.548594025928451,5.946719393833052,3.8558698602535912
2025,98,7,3,4,0.42857142857142855,0;2;3;6,2.1003824028888722,3.3014796783401565,5.401862081229028,3.3014796783401565,1.8232276613065765,True,positive,low_under_50,0.0,2.1003824028888722,4.9008922734073685,3.4076582372140125
2025,98,7,3,4,0.42857142857142855,0;2;4;5,2.063283759922013,3.3385783213070153,5.401862081229028,3.3385783213070153,1.8232276613065765,True,positive,low_under_50,0.0,2.063283759922013,4.814328773151364,3.3705595942471533
2025,98,7,3,4,0.42857142857142855,0;2;4;6,1.6150721368824343,3.786789944346594,5.401862081229028,3.786789944346594,1.8232276613065765,True,positive,low_under_50,0.0,1.6150721368824343,3.7685016527256803,2.9223479712075746
2025,98,7,3,4,0.42857142857142855,0;2;5;6,3.7582514404914136,1.643610640737615,5.401862081229028,1.643610640737615,1.8232276613065765,True,positive,low_under_50,0.0,3.7582514404914136,8.769253361146632,5.065527274816554
2025,98,7,3,4,0.42857142857142855,0;3;4;5,3.0044636053220986,2.39739847590693,5.401862081229028,2.39739847590693,1.8232276613065765,True,positive,low_under_50,0.0,3.0044636053220986,7.010415079084897,4.311739439647239
2025,98,7,3,4,0.42857142857142855,0;3;4;6,2.55625198228252,2.8456100989465085,5.401862081229028,2.8456100989465085,1.8232276613065765,True,positive,low_under_50,0.0,2.55625198228252,5.964587958659213,3.86352781660766
2025,98,7,3,4,0.42857142857142855,0;3;5;6,4.6994312858914995,0.7024307953375295,5.401862081229028,0.7024307953375295,1.8232276613065765,True,positive,low_under_50,0.0,4.6994312858914995,10.965339667080165,6.00670712021664
2025,98,7,3,4,0.42857142857142855,0;4;5;6,4.214121019885061,1.1877410613439672,5.401862081229028,1.1877410613439672,1.8232276613065765,True,positive,low_under_50,0.0,4.214121019885061,9.832949046398475,5.521396854210201
2025,98,7,3,4,0.42857142857142855,1;2;3;4,-0.36945200816750945,5.7713140893965384,5.401862081229028,5.7713140893965384,1.8232276613065765,False,positive,low_under_50,0.0,-0.36945200816750945,-0.8620546857241888,0.9378238261576308
2025,98,7,3,4,0.42857142857142855,1;2;3;5,1.7737272954414696,3.6281347857875588,5.401862081229028,3.6281347857875588,1.8232276613065765,True,positive,low_under_50,0.0,1.7737272954414696,4.138697022696762,3.08100312976661
2025,98,7,3,4,0.42857142857142855,1;2;3;6,1.3255156724018908,4.0763464088271375,5.401862081229028,4.0763464088271375,1.8232276613065765,True,positive,low_under_50,0.0,1.3255156724018908,3.092869902271078,2.632791506727031
2025,98,7,3,4,0.42857142857142855,1;2;4;5,1.2884170294350321,4.113445051793996,5.401862081229028,4.113445051793996,1.8232276613065765,True,positive,low_under_50,0.0,1.2884170294350321,3.0063064020150754,2.5956928637601724
2025,98,7,3,4,0.42857142857142855,1;2;4;6,0.8402054063954532,4.561656674833575,5.401862081229028,4.561656674833575,1.8232276613065765,False,positive,low_under_50,0.0,0.8402054063954532,1.9604792815893906,2.1474812407205937
2025,98,7,3,4,0.42857142857142855,1;2;5;6,2.983384710004432,2.418477371224596,5.401862081229028,2.418477371224596,1.8232276613065765,True,positive,low_under_50,0.0,2.983384710004432,6.961230990010342,4.2906605443295724
2025,98,7,3,4,0.42857142857142855,1;3;4;5,2.2295968748351176,3.172265206393911,5.401862081229028,3.172265206393911,1.8232276613065765,True,positive,low_under_50,0.0,2.2295968748351176,5.202392707948608,3.536872709160258
2025,98,7,3,4,0.42857142857142855,1;3;4;6,1.7813852517955386,3.62047682943349,5.401862081229028,3.62047682943349,1.8232276613065765,True,positive,low_under_50,0.0,1.7813852517955386,4.156565587522923,3.0886610861206787
2025,98,7,3,4,0.42857142857142855,1;3;5;6,3.9245645554045177,1.4772975258245107,5.401862081229028,1.4772975258245107,1.8232276613065765,True,positive,low_under_50,0.0,3.9245645554045177,9.157317295943875,5.231840389729658
2025,98,7,3,4,0.42857142857142855,1;4;5;6,3.43925428939808,1.9626077918309484,5.401862081229028,1.9626077918309484,1.8232276613065765,True,positive,low_under_50,0.0,3.43925428939808,8.024926675262188,4.74653012372322
2025,98,7,3,4,0.42857142857142855,2;3;4;5,1.345709793404891,4.056152287824138,5.401862081229028,4.056152287824138,1.8232276613065765,True,positive,low_under_50,0.0,1.345709793404891,3.1399895179447452,2.652985627730031
2025,98,7,3,4,0.42857142857142855,2;3;4;6,0.8974981703653122,4.504363910863717,5.401862081229028,4.504363910863717,1.8232276613065765,False,positive,low_under_50,0.0,0.8974981703653122,2.094162397519062,2.2047740046904525
2025,98,7,3,4,0.42857142857142855,2;3;5;6,3.0406774739742914,2.3611846072547373,5.401862081229028,2.3611846072547373,1.8232276613065765,True,positive,low_under_50,0.0,3.0406774739742914,7.094914105940013,4.347953308299432
2025,98,7,3,4,0.42857142857142855,2;4;5;6,2.5553672079678535,2.846494873261175,5.401862081229028,2.846494873261175,1.8232276613065765,True,positive,low_under_50,0.0,2.5553672079678535,5.962523485258324,3.862643042292994
2025,98,7,3,4,0.42857142857142855,3;4;5;6,3.496547053367939,1.9053150278610893,5.401862081229028,1.9053150278610893,1.8232276613065765,True,positive,low_under_50,0.0,3.496547053367939,8.158609791191857,4.803822887693079
2025,98,7,4,3,0.5714285714285714,0;1;2,1.9053150278610893,3.496547053367939,5.401862081229028,3.496547053367939,1.5789614715739857,True,positive,moderate_50_to_80,0.0,1.9053150278610893,3.3343012987569063,2.8857719036049447
2025,98,7,4,3,0.5714285714285714,0;1;3,2.846494873261175,2.5553672079678535,5.401862081229028,2.5553672079678535,1.5789614715739857,True,positive,moderate_50_to_80,0.0,2.846494873261175,4.981366028207056,3.8269517490050298
2025,98,7,4,3,0.5714285714285714,0;1;4,2.3611846072547373,3.0406774739742914,5.401862081229028,3.0406774739742914,1.5789614715739857,True,positive,moderate_50_to_80,0.0,2.3611846072547373,4.13207306269579,3.3416414829985923
2025,98,7,4,3,0.5714285714285714,0;1;5,4.504363910863717,0.8974981703653122,5.401862081229028,0.8974981703653122,1.5789614715739857,True,positive,moderate_50_to_80,0.0,4.504363910863717,7.882636844011504,5.484820786607572
2025,98,7,4,3,0.5714285714285714,0;1;6,4.056152287824138,1.345709793404891,5.401862081229028,1.345709793404891,1.5789614715739857,True,positive,moderate_50_to_80,0.0,4.056152287824138,7.098266503692241,5.036609163567993
2025,98,7,4,3,0.5714285714285714,0;2;3,1.9626077918309484,3.43925428939808,5.401862081229028,3.43925428939808,1.5789614715739857,True,positive,moderate_50_to_80,0.0,1.9626077918309484,3.43456363570416,2.9430646675748036
2025,98,7,4,3,0.5714285714285714,0;2;4,1.4772975258245107,3.9245645554045177,5.401862081229028,3.9245645554045177,1.5789614715739857,False,positive,moderate_50_to_80,0.0,1.4772975258245107,2.5852706701928936,2.4577544015683657
2025,98,7,4,3,0.5714285714285714,0;2;5,3.62047682943349,1.7813852517955386,5.401862081229028,1.7813852517955386,1.5789614715739857,True,positive,moderate_50_to_80,0.0,3.62047682943349,6.335834451508608,4.600933705177345
2025,98,7,4,3,0.5714285714285714,0;2;6,3.172265206393911,2.2295968748351176,5.401862081229028,2.2295968748351176,1.5789614715739857,True,positive,moderate_50_to_80,0.0,3.172265206393911,5.551464111189345,4.152722082137767
2025,98,7,4,3,0.5714285714285714,0;3;4,2.418477371224596,2.983384710004432,5.401862081229028,2.983384710004432,1.5789614715739857,True,positive,moderate_50_to_80,0.0,2.418477371224596,4.232335399643043,3.3989342469684516
2025,98,7,4,3,0.5714285714285714,0;3;5,4.561656674833575,0.8402054063954532,5.401862081229028,0.8402054063954532,1.5789614715739857,True,positive,moderate_50_to_80,0.0,4.561656674833575,7.982899180958756,5.54211355057743
2025,98,7,4,3,0.5714285714285714,0;3;6,4.113445051793996,1.2884170294350321,5.401862081229028,1.2884170294350321,1.5789614715739857,True,positive,moderate_50_to_80,0.0,4.113445051793996,7.198528840639494,5.093901927537852
2025,98,7,4,3,0.5714285714285714,0;4;5,4.0763464088271375,1.3255156724018908,5.401862081229028,1.3255156724018908,1.5789614715739857,True,positive,moderate_50_to_80,0.0,4.0763464088271375,7.13360621544749,5.056803284570993
2025,98,7,4,3,0.5714285714285714,0;4;6,3.6281347857875588,1.7737272954414696,5.401862081229028,1.7737272954414696,1.5789614715739857,True,positive,moderate_50_to_80,0.0,3.6281347857875588,6.349235875128228,4.608591661531414
2025,98,7,4,3,0.5714285714285714,0;5;6,5.7713140893965384,-0.36945200816750945,5.401862081229028,0.36945200816750945,1.5789614715739857,True,negative,moderate_50_to_80,0.0,5.7713140893965384,10.099799656443942,6.751770965140394
2025,98,7,4,3,0.5714285714285714,1;2;3,1.1877410613439672,4.214121019885061,5.401862081229028,4.214121019885061,1.5789614715739857,False,positive,moderate_50_to_80,0.0,1.1877410613439672,2.0785468573519426,2.1681979370878226
2025,98,7,4,3,0.5714285714285714,1;2;4,0.7024307953375295,4.6994312858914995,5.401862081229028,4.6994312858914995,1.5789614715739857,False,positive,moderate_50_to_80,0.0,0.7024307953375295,1.2292538918406766,1.6828876710813847
2025,98,7,4,3,0.5714285714285714,1;2;5,2.8456100989465085,2.55625198228252,5.401862081229028,2.55625198228252,1.5789614715739857,True,positive,moderate_50_to_80,0.0,2.8456100989465085,4.97981767315639,3.826066974690364
2025,98,7,4,3,0.5714285714285714,1;2;6,2.39739847590693,3.0044636053220986,5.401862081229028,3.0044636053220986,1.5789614715739857,True,positive,moderate_50_to_80,0.0,2.39739847590693,4.195447332837127,3.377855351650785
2025,98,7,4,3,0.5714285714285714,1;3;4,1.643610640737615,3.7582514404914136,5.401862081229028,3.7582514404914136,1.5789614715739857,False,positive,moderate_50_to_80,0.0,1.643610640737615,2.8763186212908263,2.62406751648147
2025,98,7,4,3,0.5714285714285714,1;3;5,3.786789944346594,1.6150721368824343,5.401862081229028,1.6150721368824343,1.5789614715739857,True,positive,moderate_50_to_80,0.0,3.786789944346594,6.626882402606539,4.767246820090449
2025,98,7,4,3,0.5714285714285714,1;3;6,3.3385783213070153,2.063283759922013,5.401862081229028,2.063283759922013,1.5789614715739857,True,positive,moderate_50_to_80,0.0,3.3385783213070153,5.842512062287277,4.31903519705087
2025,98,7,4,3,0.5714285714285714,1;4;5,3.3014796783401565,2.1003824028888722,5.401862081229028,2.1003824028888722,1.5789614715739857,True,positive,moderate_50_to_80,0.0,3.3014796783401565,5.777589437095274,4.2819365540840115
2025,98,7,4,3,0.5714285714285714,1;4;6,2.853268055300578,2.548594025928451,5.401862081229028,2.548594025928451,1.5789614715739857,True,positive,moderate_50_to_80,0.0,2.853268055300578,4.993219096776011,3.833724931044433
2025,98,7,4,3,0.5714285714285714,1;5;6,4.996447358909557,0.4054147223194718,5.401862081229028,0.4054147223194718,1.5789614715739857,True,positive,moderate_50_to_80,0.0,4.996447358909557,8.743782878091725,5.9769042346534125
2025,98,7,4,3,0.5714285714285714,2;3;4,0.7597235593073886,4.64213852192164,5.401862081229028,4.64213852192164,1.5789614715739857,False,positive,moderate_50_to_80,0.0,0.7597235593073886,1.3295162287879299,1.7401804350512438
2025,98,7,4,3,0.5714285714285714,2;3;5,2.902902862916368,2.498959218312661,5.401862081229028,2.498959218312661,1.5789614715739857,True,positive,moderate_50_to_80,0.0,2.902902862916368,5.080080010103644,3.883359738660223
2025,98,7,4,3,0.5714285714285714,2;3;6,2.454691239876789,2.9471708413522397,5.401862081229028,2.9471708413522397,1.5789614715739857,True,positive,moderate_50_to_80,0.0,2.454691239876789,4.295709669784381,3.4351481156206445
2025,98,7,4,3,0.5714285714285714,2;4;5,2.41759259690993,2.9842694843190984,5.401862081229028,2.9842694843190984,1.5789614715739857,True,positive,moderate_50_to_80,0.0,2.41759259690993,4.230787044592377,3.398049472653785
2025,98,7,4,3,0.5714285714285714,2;4;6,1.9693809738703512,3.432481107358677,5.401862081229028,3.432481107358677,1.5789614715739857,True,positive,moderate_50_to_80,0.0,1.9693809738703512,3.4464167042731146,2.949837849614206
2025,98,7,4,3,0.5714285714285714,2;5;6,4.11256027747933,1.2893018037496982,5.401862081229028,1.2893018037496982,1.5789614715739857,True,positive,moderate_50_to_80,0.0,4.11256027747933,7.196980485588828,5.093017153223186
2025,98,7,4,3,0.5714285714285714,3;4;5,3.3587724423100154,2.043089638919013,5.401862081229028,2.043089638919013,1.5789614715739857,True,positive,moderate_50_to_80,0.0,3.3587724423100154,5.877851774042527,4.339229318053871
2025,98,7,4,3,0.5714285714285714,3;4;6,2.9105608192704366,2.4913012619585917,5.401862081229028,2.4913012619585917,1.5789614715739857,True,positive,moderate_50_to_80,0.0,2.9105608192704366,5.093481433723264,3.891017695014292
2025,98,7,4,3,0.5714285714285714,3;5;6,5.053740122879415,0.34812195834961274,5.401862081229028,0.34812195834961274,1.5789614715739857,True,positive,moderate_50_to_80,0.0,5.053740122879415,8.844045215038976,6.034196998623271
2025,98,7,4,3,0.5714285714285714,4;5;6,4.568429856872978,0.8334322243560504,5.401862081229028,0.8334322243560504,1.5789614715739857,True,positive,moderate_50_to_80,0.0,4.568429856872978,7.9947522495277115,5.548886732616833
2025,98,7,5,2,0.7142857142857143,0;1,3.9183776767662137,1.4834844044628148,5.401862081229028,1.4834844044628148,1.2892166429567702,True,positive,moderate_50_to_80,0.0,3.9183776767662137,5.4857287474727,4.572015593928784
2025,98,7,5,2,0.7142857142857143,0;2,3.0344905953359875,2.3673714858930412,5.401862081229028,2.3673714858930412,1.2892166429567702,True,positive,moderate_50_to_80,0.0,3.0344905953359875,4.248286833470383,3.6881285124985577
2025,98,7,5,2,0.7142857142857143,0;3,3.975670440736073,1.4261916404929558,5.401862081229028,1.4261916404929558,1.2892166429567702,True,positive,moderate_50_to_80,0.0,3.975670440736073,5.565938617030502,4.629308357898643
2025,98,7,5,2,0.7142857142857143,0;4,3.490360174729635,1.9115019064993934,5.401862081229028,1.9115019064993934,1.2892166429567702,True,positive,moderate_50_to_80,0.0,3.490360174729635,4.88650424462149,4.143998091892206
2025,98,7,5,2,0.7142857142857143,0;5,5.633539478338614,-0.23167739710958574,5.401862081229028,0.23167739710958574,1.2892166429567702,True,negative,moderate_50_to_80,0.0,5.633539478338614,7.8869552696740595,6.287177395501184
2025,98,7,5,2,0.7142857142857143,0;6,5.185327855299035,0.21653422592999305,5.401862081229028,0.21653422592999305,1.2892166429567702,True,positive,moderate_50_to_80,0.0,5.185327855299035,7.259458997418649,5.838965772461606
2025,98,7,5,2,0.7142857142857143,1;2,2.259623864849006,3.142238216380022,5.401862081229028,3.142238216380022,1.2892166429567702,False,positive,moderate_50_to_80,0.0,2.259623864849006,3.1634734107886087,2.9132617820115763
2025,98,7,5,2,0.7142857142857143,1;3,3.2008037102490916,2.201058370979937,5.401862081229028,2.201058370979937,1.2892166429567702,True,positive,moderate_50_to_80,0.0,3.2008037102490916,4.481125194348729,3.8544416274116617
2025,98,7,5,2,0.7142857142857143,1;4,2.7154934442426537,2.6863686369863746,5.401862081229028,2.6863686369863746,1.2892166429567702,True,positive,moderate_50_to_80,0.0,2.7154934442426537,3.801690821939715,3.369131361405224
2025,98,7,5,2,0.7142857142857143,1;5,4.858672747851633,0.5431893333773955,5.401862081229028,0.5431893333773955,1.2892166429567702,True,positive,moderate_50_to_80,0.0,4.858672747851633,6.802141846992287,5.512310665014203
2025,98,7,5,2,0.7142857142857143,1;6,4.410461124812055,0.9914009564169743,5.401862081229028,0.9914009564169743,1.2892166429567702,True,positive,moderate_50_to_80,0.0,4.410461124812055,6.174645574736877,5.064099041974625
2025,98,7,5,2,0.7142857142857143,2;3,2.3169166288188654,3.0849454524101634,5.401862081229028,3.0849454524101634,1.2892166429567702,False,positive,moderate_50_to_80,0.0,2.3169166288188654,3.2436832803464113,2.9705545459814355
2025,98,7,5,2,0.7142857142857143,2;4,1.8316063628124275,3.5702557184166013,5.401862081229028,3.5702557184166013,1.2892166429567702,False,positive,moderate_50_to_80,0.0,1.8316063628124275,2.5642489079373982,2.4852442799749976
2025,98,7,5,2,0.7142857142857143,2;5,3.9747856664214067,1.427076414807622,5.401862081229028,1.427076414807622,1.2892166429567702,True,positive,moderate_50_to_80,0.0,3.9747856664214067,5.564699932989969,4.628423583583977
2025,98,7,5,2,0.7142857142857143,2;6,3.526574043381828,1.8752880378472008,5.401862081229028,1.8752880378472008,1.2892166429567702,True,positive,moderate_50_to_80,0.0,3.526574043381828,4.937203660734559,4.180211960544398
2025,98,7,5,2,0.7142857142857143,3;4,2.772786208212513,2.6290758730165154,5.401862081229028,2.6290758730165154,1.2892166429567702,True,positive,moderate_50_to_80,0.0,2.772786208212513,3.8819006914975183,3.426424125375083
2025,98,7,5,2,0.7142857142857143,3;5,4.915965511821492,0.48589656940753645,5.401862081229028,0.48589656940753645,1.2892166429567702,True,positive,moderate_50_to_80,0.0,4.915965511821492,6.8823517165500885,5.5696034289840615
2025,98,7,5,2,0.7142857142857143,3;6,4.467753888781913,0.9341081924471153,5.401862081229028,0.9341081924471153,1.2892166429567702,True,positive,moderate_50_to_80,0.0,4.467753888781913,6.254855444294678,5.121391805944484
2025,98,7,5,2,0.7142857142857143,4;5,4.430655245815054,0.9712068354139741,5.401862081229028,0.9712068354139741,1.2892166429567702,True,positive,moderate_50_to_80,0.0,4.430655245815054,6.202917344141076,5.084293162977625
2025,98,7,5,2,0.7142857142857143,4;6,3.9824436227754756,1.419418458453553,5.401862081229028,1.419418458453553,1.2892166429567702,True,positive,moderate_50_to_80,0.0,3.9824436227754756,5.575421071885666,4.636081539938045
2025,98,7,5,2,0.7142857142857143,5;6,6.125622926384454,-0.7237608451554263,5.401862081229028,0.7237608451554263,1.2892166429567702,True,negative,moderate_50_to_80,0.0,6.125622926384454,8.575872096938237,6.779260843547025
2025,98,7,6,1,0.8571428571428571,0,5.0475532442411115,0.35430883698791676,5.401862081229028,0.35430883698791676,0.9116138306532883,True,positive,high_80_plus,0.0,5.0475532442411115,5.8888121182812965,5.374372202822396
2025,98,7,6,1,0.8571428571428571,1,4.272686513754131,1.129175567474898,5.401862081229028,1.129175567474898,0.9116138306532883,True,positive,high_80_plus,0.0,4.272686513754131,4.984800932713153,4.599505472335416
2025,98,7,6,1,0.8571428571428571,2,3.3887994323239043,2.0130626489051244,5.401862081229028,2.0130626489051244,0.9116138306532883,False,positive,high_80_plus,0.0,3.3887994323239043,3.9535993377112217,3.715618390905189
2025,98,7,6,1,0.8571428571428571,3,4.329979277723989,1.071882803505039,5.401862081229028,1.071882803505039,0.9116138306532883,True,positive,high_80_plus,0.0,4.329979277723989,5.051642490677987,4.656798236305274
2025,98,7,6,1,0.8571428571428571,4,3.844669011717552,1.5571930695114766,5.401862081229028,1.5571930695114766,0.9116138306532883,True,positive,high_80_plus,0.0,3.844669011717552,4.485447180337144,4.171487970298837
2025,98,7,6,1,0.8571428571428571,5,5.987848315326531,-0.5859862340975025,5.401862081229028,0.5859862340975025,0.9116138306532883,True,negative,high_80_plus,0.0,5.987848315326531,6.985823034547619,6.314667273907816
2025,98,7,6,1,0.8571428571428571,6,5.539636692286952,-0.1377746110579237,5.401862081229028,0.1377746110579237,0.9116138306532883,True,negative,high_80_plus,0.0,5.539636692286952,6.462909474334777,5.866455650868237
2025,99,4,1,3,0.25,0;1;2,2.1242576036693146,5.048438025819424,7.1726956294887385,5.048438025819424,1.5789614715739857,False,positive,low_under_50,0.0,2.1242576036693146,8.497030414677258,3.10471447941317
2025,99,4,1,3,0.25,0;1;3,2.4307064842217843,4.741989145266954,7.1726956294887385,4.741989145266954,1.5789614715739857,False,positive,low_under_50,0.0,2.4307064842217843,9.722825936887137,3.4111633599656397
2025,99,4,1,3,0.25,0;2;3,-0.019219143776985644,7.191914773265724,7.1726956294887385,7.191914773265724,1.5789614715739857,False,positive,low_under_50,0.0,-0.019219143776985644,-0.07687657510794257,0.9612377319668696
2025,99,4,1,3,0.25,1;2;3,2.636950685374625,4.535744944114113,7.1726956294887385,4.535744944114113,1.5789614715739857,False,positive,low_under_50,0.0,2.636950685374625,10.5478027414985,3.6174075611184806
2025,99,4,2,2,0.5,0;1,4.554964087891099,2.6177315415976397,7.1726956294887385,2.6177315415976397,1.2892166429567702,True,positive,moderate_50_to_80,0.0,4.554964087891099,9.109928175782198,5.2086020050536685
2025,99,4,2,2,0.5,0;2,2.105038459892329,5.067657169596409,7.1726956294887385,5.067657169596409,1.2892166429567702,False,positive,moderate_50_to_80,0.0,2.105038459892329,4.210076919784658,2.758676377054899
2025,99,4,2,2,0.5,0;3,2.4114873404447987,4.76120828904394,7.1726956294887385,4.76120828904394,1.2892166429567702,False,positive,moderate_50_to_80,0.0,2.4114873404447987,4.8229746808895975,3.065125257607369
2025,99,4,2,2,0.5,1;2,4.76120828904394,2.4114873404447987,7.1726956294887385,2.4114873404447987,1.2892166429567702,True,positive,moderate_50_to_80,0.0,4.76120828904394,9.52241657808788,5.41484620620651
2025,99,4,2,2,0.5,1;3,5.067657169596409,2.105038459892329,7.1726956294887385,2.105038459892329,1.2892166429567702,True,positive,moderate_50_to_80,0.0,5.067657169596409,10.135314339192819,5.72129508675898
2025,99,4,2,2,0.5,2;3,2.6177315415976397,4.554964087891099,7.1726956294887385,4.554964087891099,1.2892166429567702,False,positive,moderate_50_to_80,0.0,2.6177315415976397,5.235463083195279,3.27136945876021
2025,99,4,3,1,0.75,0,4.535744944114113,2.636950685374625,7.1726956294887385,2.636950685374625,0.9116138306532883,False,positive,moderate_50_to_80,0.0,4.535744944114113,6.047659925485484,4.862563902695398
2025,99,4,3,1,0.75,1,7.191914773265724,-0.019219143776985644,7.1726956294887385,0.019219143776985644,0.9116138306532883,True,negative,moderate_50_to_80,0.0,7.191914773265724,9.589219697687632,7.518733731847009
2025,99,4,3,1,0.75,2,4.741989145266954,2.4307064842217843,7.1726956294887385,2.4307064842217843,0.9116138306532883,False,positive,moderate_50_to_80,0.0,4.741989145266954,6.322652193689272,5.068808103848239
2025,99,4,3,1,0.75,3,5.048438025819424,2.1242576036693146,7.1726956294887385,2.1242576036693146,0.9116138306532883,False,positive,moderate_50_to_80,0.0,5.048438025819424,6.7312507010925655,5.375256984400709
