season,team,team_id,group,expensive_miss,helpful_disagreement,harmful_disagreement,context_preseason_abs_rank_error,context_minus_history_abs_rank_error,context_minus_history_final_nll,season_mean_gap_contribution,primary_mean_gap_contribution,context_minus_history_location_center,absolute_location_displacement,largest_positive_feature,largest_positive_contribution,largest_negative_feature,largest_negative_contribution,largest_absolute_feature,largest_absolute_contribution,absolute_contribution_sum,largest_absolute_share,substantial_positive_count,substantial_negative_count,opposing_substantial_count,positive_contribution_sum,negative_contribution_sum,cancellation_fraction,history_derived_subtotal,context_only_subtotal,context_only_positive_sum,context_only_negative_sum,context_only_cancellation_fraction,continuity_import_opposition,history_context_opposition,nearest_neighbor_distance,feature_range_violation_count
2022,Auburn,2,ordinary,False,False,False,8.2012367718,-4.38655302432,-0.00810564697704,-6.18751677636e-05,,0.217657675669,0.217657675669,coach_tenure_seasons,0.495553603,recruiting_points_3y_mean,-0.605742235726,recruiting_points_3y_mean,-0.605742235726,2.5489482675,0.23764398966,3,3,3,1.01367166973,-1.53527659777,0.795364647177,-0.666723529016,-0.230837899548,1.01367166973,-1.24450956927,0.897777071406,0.212604408573,0,10.4601472511,0
2022,UAB,5,helpful disagreement,False,True,False,2.36659866361,-5.91399447588,-0.0826576286996,-0.000630974264882,,0.433394060938,0.433394060938,coach_tenure_seasons,0.495553603,returning_pct_ppa,-0.215039090794,coach_tenure_seasons,0.495553603,1.4045441642,0.352821659603,2,1,1,1.07626042983,-0.32828373437,0.467459468683,-0.0915051588105,0.615276676678,0.942935927988,-0.32765925131,0.515757113908,0.0943700641746,0.0915051588105,1.7149991651,0
2022,South Alabama,6,expensive miss,True,False,False,48.4414517558,4.23459852488,0.237844956775,0.00181561035706,,0.198953696907,0.198953696907,returning_pct_ppa,0.365933170251,recruiting_points_2y_mean,-0.117281316416,returning_pct_ppa,0.365933170251,1.53568087122,0.238287249069,4,2,2,1.22446519847,-0.311215672748,0.405312950862,0.901095359954,0.631276916474,0.942492589222,-0.311215672748,0.496472237104,0.108375524283,0,3.40573879766,0
2022,Arkansas,8,ordinary,False,False,False,3.39660286914,-3.41330225121,-0.0166796841913,-0.000127325833521,,-0.478835762519,0.478835762519,recruiting_points_2y_mean,0.116481072117,recruiting_points_3y_mean,-0.422718469932,recruiting_points_3y_mean,-0.422718469932,1.31111666448,0.322411026712,2,3,2,0.346340932126,-0.964775732349,0.528314438387,-0.850092447505,-0.601581526143,0.28000643971,-0.881587965853,0.482107073466,0,0,5.99753858904,0
2022,Arizona State,9,helpful disagreement,False,True,False,23.6423500894,-16.7862498803,-0.187735555988,-0.00143309584724,,0.683017618149,0.683017618149,returning_pct_ppa,0.587541146113,transfer_in_prior_usage_sum,-0.519440463079,returning_pct_ppa,0.587541146113,2.30417870864,0.254989399872,2,1,1,1.33728372769,-0.966894980949,0.839253463566,-0.340943349008,0.490652848594,1.33728372769,-0.846630879094,0.775333317947,0.519440463079,0.340943349008,12.9768489779,0
2022,Arizona,12,helpful disagreement,False,True,False,9.07312346875,-12.2111493305,-0.0307862520951,-0.000235009557978,,-0.555161160212,0.555161160212,returning_pct_ppa,0.0796396230555,transfer_in_prior_usage_sum,-0.336899761444,transfer_in_prior_usage_sum,-0.336899761444,1.01926054771,0.330533505099,0,3,0,0.297755196722,-0.721505350987,0.584257278262,1.07807142023,-0.455093238317,0.266412112671,-0.721505350987,0.539340830527,0.0796396230555,0.455093238317,5.66457301516,0
2022,San Diego State,21,ordinary,False,False,False,26.7925066701,-6.46290072889,0.093576188891,0.000714322052603,,0.286672879904,0.286672879904,returning_pct_ppa,0.352756479794,transfer_in_prior_usage_sum,-0.216367160746,returning_pct_ppa,0.352756479794,0.727607669548,0.484816879422,1,1,1,0.475512565262,-0.252095104286,0.69294240519,-0.644624600427,0.23806347284,0.464314342246,-0.226250869406,0.655262864646,0.216367160746,0.23806347284,2.17893899893,0
2022,San José State,23,harmful disagreement,False,False,True,5.91181702089,1.12572861624,0.00857233674164,6.54376850507e-05,,-0.479390358557,0.479390358557,recruiting_points_3y_mean,0.225813894043,transfer_in_prior_usage_sum,-0.435137314614,transfer_in_prior_usage_sum,-0.435137314614,1.19379066181,0.364500518,2,1,2,0.598753092655,-0.595037569155,0.996887625596,0.692622492439,-0.184522309365,0.408219176657,-0.592741486022,0.815654784204,0.096409956364,0.184522309365,5.58541695046,0
2022,Stanford,24,ordinary,False,False,False,24.8069650935,3.92830028418,-0.0101493219813,-7.7475740315e-05,,-0.157224296801,0.157224296801,coach_tenure_seasons,0.495553603,recruiting_points_3y_mean,-0.447198655017,coach_tenure_seasons,0.495553603,1.95052080304,0.254062198274,1,4,4,0.748348343109,-1.20217245993,0.767331824342,0.382033938663,-0.334784931283,0.733344975311,-1.06812990659,0.814160644344,0,0.334784931283,4.26685405661,0
2022,California,25,ordinary,False,False,False,5.37982905108,-8.51306512954,-0.0813506849078,-0.000620997594716,,0.339124229034,0.339124229034,returning_pct_ppa,0.501293717669,recruiting_points_3y_mean,-0.256830833698,returning_pct_ppa,0.501293717669,1.15756620145,0.433058357302,1,1,1,0.650479896757,-0.507086304694,0.876124931875,0.163654383896,0.229897969245,0.649587739005,-0.419689769761,0.784996909259,0.0944411195776,0,3.26007652609,0
2022,UCLA,26,ordinary,False,False,False,23.4543701759,-0.575319966803,0.0537491091206,0.000410298542905,,-0.0154610561005,0.0154610561005,recruiting_points_4y_mean,0.0707125852861,recruiting_points_3y_mean,-0.277625238107,recruiting_points_3y_mean,-0.277625238107,0.630291794698,0.440470969863,1,1,1,0.214256127028,-0.416035667669,0.679863291355,-0.492639344403,-0.144418104284,0.204048177417,-0.348466281701,0.738616606497,0,0,2.427689839,0
2022,USC,30,expensive miss,True,False,False,43.020396849,3.8766351676,0.122469250334,0.000934879773543,,0.162810648509,0.162810648509,returning_pct_ppa,0.492908551015,transfer_in_prior_usage_sum,-0.734727015771,transfer_in_prior_usage_sum,-0.734727015771,2.29751645012,0.3197918412,1,3,1,0.836357239941,-1.46115921018,0.728053320269,-0.0432053604179,-0.309195739903,0.836357239941,-1.14555297984,0.843991046205,0.492908551015,0,6.86566382968,0
2022,Colorado State,36,ordinary,False,False,False,21.92515991,-8.13496793363,-0.0615579334173,-0.000469907888682,,0.370179024216,0.370179024216,returning_pct_ppa,0.422233574929,recruiting_points_2y_mean,-0.0364892912542,returning_pct_ppa,0.422233574929,0.981089464442,0.430372142636,2,0,0,0.876718869546,-0.104370594896,0.212764683913,0.764365903345,0.61936998135,0.723740576247,-0.104370594896,0.252069042257,0.0254658162881,0,2.78115180457,0
2022,Colorado,38,ordinary,False,False,False,32.3888267437,-5.86086949107,0.0378983604854,0.000289300461721,,0.238747067921,0.238747067921,coach_tenure_seasons,0.495553603,recruiting_points_3y_mean,-0.201626641039,coach_tenure_seasons,0.495553603,1.0938867875,0.453020923796,1,1,1,0.728987408465,-0.36489937903,0.667161141722,0.485875160376,0.322565672612,0.686581129488,-0.364015456876,0.69296904559,0.077282781474,0,2.37642866298,0
2022,UConn,41,ordinary,False,False,False,14.271056359,1.08982765096,0.125595845362,0.000958746911161,,0.0721581858672,0.0721581858672,recruiting_points_3y_mean,0.366286147111,recruiting_points_trend,-0.256350769603,recruiting_points_3y_mean,0.366286147111,1.64983060904,0.222014396571,5,2,2,1.19654270123,-0.453287907814,0.549496300203,2.19059660075,0.277976247985,0.731264155799,-0.453287907814,0.765332182077,0.0129248520536,0,3.07424250189,0
2022,Florida State,52,large miss recovered,False,False,False,31.1953841266,-9.06912153532,-0.0557965472146,-0.000425927841333,,-0.365030645773,0.365030645773,recruiting_points_4y_mean,0.138358033921,recruiting_points_3y_mean,-0.532191657167,recruiting_points_3y_mean,-0.532191657167,1.43500275056,0.370864555458,1,3,1,0.301261416448,-1.13374133411,0.4198757338,-0.134078033097,-0.649790073921,0.299634059898,-0.94942413382,0.479775980664,0,0,2.1033337688,0
2022,Florida,57,ordinary,False,False,False,7.82164041306,6.77010375288,-0.0147936917227,-0.000112928944448,,0.30877328609,0.30877328609,returning_pct_ppa,0.382703503559,recruiting_points_3y_mean,-0.765331037821,recruiting_points_3y_mean,-0.765331037821,2.29364153645,0.333675086389,2,2,2,0.885916885949,-1.4077246505,0.772498118709,-0.441789000985,-0.186844617575,0.885916885949,-1.07276150352,0.904606790691,0.056121506639,0,4.61867812026,0
2022,South Florida,58,helpful disagreement,False,True,False,18.0822861932,-13.5846056122,-0.655097147876,-0.00500074158684,,0.653836929362,0.653836929362,coach_tenure_seasons,0.495553603,transfer_in_prior_usage_sum,-0.0554247864038,coach_tenure_seasons,0.495553603,1.06882515973,0.463643280184,2,0,0,0.957765777597,-0.111059382132,0.207815808078,0.883705460216,0.785384530017,0.896443912149,-0.111059382132,0.220464553838,0.0554247864038,0,2.35767199209,0
2022,Georgia Tech,59,ordinary,False,False,False,6.84316450508,5.03261059136,-0.0863758833856,-0.00065935788844,,-0.201963277633,0.201963277633,coach_tenure_seasons,0.495553603,transfer_in_prior_usage_sum,-0.469276606141,coach_tenure_seasons,0.495553603,1.55676991411,0.318321672655,1,2,2,0.667562221901,-0.889207692214,0.857624772741,0.433165558475,-0.216951622909,0.611917373933,-0.828868996842,0.849421380359,0.000579480315456,0.216951622909,3.71188560333,0
2022,Georgia,61,ordinary,False,False,False,4.20072227064,-2.23503649734,-0.154190615288,-0.00117702759762,,-0.388235505149,0.388235505149,recruiting_points_2y_mean,0.325239682277,recruiting_points_3y_mean,-1.20165595468,recruiting_points_3y_mean,-1.20165595468,2.77409732705,0.433170077692,1,1,1,0.615624432632,-2.15847289442,0.443837659644,-2.82418898356,-1.13168775127,0.615624432632,-1.7473121839,0.521067241775,0,0,1.6214055343,0
2022,Hawai'i,62,helpful disagreement,False,True,False,24.9670572905,-21.6057310571,-0.256694805897,-0.00195950233509,,0.978453957533,0.978453957533,recruiting_points_3y_mean,0.522299191833,recruiting_points_2y_mean,-0.176866008454,recruiting_points_3y_mean,0.522299191833,1.78985052374,0.291811626114,3,1,1,1.4756822287,-0.314168295038,0.351055343305,0.420930835292,1.10221194444,1.40027353899,-0.298061594545,0.351004449781,0,0,2.18167391701,0
2022,Iowa State,66,ordinary,False,False,False,9.35679320255,-7.20505666255,-0.321444744839,-0.00245377667816,,0.323267668973,0.323267668973,returning_pct_ppa,0.382703503559,recruiting_points_3y_mean,-0.226106826125,returning_pct_ppa,0.382703503559,1.06040415987,0.360903434785,2,1,1,0.622538064588,-0.437866095286,0.825847562383,-0.668504896388,0.226128023502,0.622538064588,-0.396410041086,0.778076997011,0,0.226128023502,3.61627343418,0
2022,Boise State,68,helpful disagreement,False,True,False,3.39922790008,-5.29648184013,0.102684548084,0.000783851512094,,0.545872258518,0.545872258518,transfer_in_prior_usage_sum,0.0957635046451,long_run_z_mean,-0.205999062119,long_run_z_mean,-0.205999062119,0.524585807051,0.392688973567,1,2,1,0.196527798603,-0.328058008449,0.749268455078,-0.729192517597,0.127926701078,0.196527798603,-0.0686010975247,0.517492423698,0.0221802577461,0.127926701078,2.44579084679,0
2022,Northwestern,77,helpful disagreement,False,True,False,22.8852973912,-11.9658481192,-0.20133706881,-0.00153692418939,,0.505338010688,0.505338010688,coach_tenure_seasons,0.495553603,recruiting_points_3y_mean,-0.212491442285,coach_tenure_seasons,0.495553603,1.14423577995,0.433086966586,1,1,1,0.799620644422,-0.344615135532,0.602349868041,0.522267919771,0.473692362332,0.767330171142,-0.29363780881,0.553528125935,0,0,2.49439569574,0
2022,Indiana,84,ordinary,False,False,False,10.1363205127,7.38093515656,-0.00848478679092,-6.47693648162e-05,,-0.318745421736,0.318745421736,returning_pct_ppa,0.460565765349,transfer_in_prior_usage_sum,-0.380096416029,returning_pct_ppa,0.460565765349,1.55181535759,0.296791601589,1,3,3,0.67299977055,-0.878815587036,0.867370937219,0.502986221707,-0.237074019723,0.614406948748,-0.851480968471,0.838272751321,0.380096416029,0.237074019723,3.58905670467,0
2022,Notre Dame,87,ordinary,False,False,False,1.71275982496,-1.38736209827,0.0251038839345,0.00019163270179,,-0.0548836308337,0.0548836308337,returning_pct_ppa,0.253332360894,recruiting_points_3y_mean,-0.84355760679,recruiting_points_3y_mean,-0.84355760679,2.37209696428,0.355616831644,2,1,2,0.77574934798,-1.5963476163,0.654062089081,-1.54821670329,-0.538349812887,0.77574934798,-1.31409916087,0.742397685474,0.0605032330018,0,6.76774890432,0
2022,Kentucky,96,helpful disagreement,False,True,False,5.08221459307,-0.245341008875,-0.0207900964657,-0.000158703026456,,-0.468366034377,0.468366034377,recruiting_points_2y_mean,0.132882633159,recruiting_points_3y_mean,-0.510764618761,recruiting_points_3y_mean,-0.510764618761,1.22065927979,0.41843340498,1,2,1,0.30588016517,-0.914779114615,0.501172063713,-0.778400392741,-0.566087474407,0.30588016517,-0.871967639577,0.519388267206,0,0,1.98149181923,0
2022,Louisville,97,ordinary,False,False,False,36.4701027449,7.88108986989,0.0430420832202,0.000328565520765,,0.321343991985,0.321343991985,coach_tenure_seasons,0.495553603,recruiting_points_3y_mean,-0.249459272346,coach_tenure_seasons,0.495553603,1.20077651282,0.412694283832,1,2,2,0.60977490861,-0.591001604208,0.984365696529,-0.260935876765,0.136818043166,0.60928112939,-0.472463086225,0.873520892286,0,0.136818043166,2.52041089993,0
2022,Western Kentucky,98,ordinary,False,False,False,7.3927730169,2.77410704148,-0.0071055058172,-5.42405024213e-05,,0.113634741714,0.113634741714,recruiting_points_3y_mean,0.42019756595,transfer_in_prior_usage_sum,-0.442104516966,transfer_in_prior_usage_sum,-0.442104516966,1.78174209042,0.248130478223,3,2,3,1.06925125279,-0.712490837636,0.799768767283,-0.226304428879,0.259206003084,0.960948377245,-0.701742374161,0.844104501775,0.386297146411,0.226304428879,3.86596425141,0
2022,LSU,99,ordinary,False,False,False,17.9572147749,-4.71080172801,-0.0432536201425,-0.000330180306431,,-0.210476361792,0.210476361792,recruiting_points_2y_mean,0.238345817623,recruiting_points_3y_mean,-0.958064360171,recruiting_points_3y_mean,-0.958064360171,2.82241203416,0.339448793648,0,3,0,0.717506642638,-2.10490539152,0.5084350789,-0.713285119188,-0.898553769924,0.717506642638,-1.61606041256,0.614944096883,0.174272218154,0,4.67989887075,0
2022,Boston College,103,ordinary,False,False,False,37.3309108921,-0.482332610906,0.0010375819017,7.92047253204e-06,,0.0183752978208,0.0183752978208,transfer_in_prior_usage_sum,0.10969790935,recruiting_points_3y_mean,-0.234386079732,recruiting_points_3y_mean,-0.234386079732,0.719716181985,0.325664596127,2,2,2,0.307993498044,-0.411722683942,0.855874873326,0.131196440943,-0.0553893527326,0.303734176977,-0.359123529709,0.916438547559,0.0078056863388,0.0553893527326,1.53979825592,0
2022,Massachusetts,113,ordinary,False,False,False,10.1664801441,3.84248851684,0.350104038153,0.00267254990956,,-0.566764480389,0.566764480389,long_run_z_mean,0.355452570519,returning_pct_ppa,-0.181498424177,long_run_z_mean,0.355452570519,1.60201582892,0.221878313623,4,2,2,1.21956123053,-0.382454598398,0.477466691019,2.69655097752,0.310523981681,0.69297858008,-0.382454598398,0.711256833158,0.03932916559,0,2.03250269175,0
2022,Maryland,120,ordinary,False,False,False,20.3574405724,-9.90420723301,-0.0537471063054,-0.00041028325424,,-0.39509468672,0.39509468672,recruiting_points_2y_mean,0.131425991024,recruiting_points_3y_mean,-0.451709610471,recruiting_points_3y_mean,-0.451709610471,1.09315490192,0.413216470672,1,1,1,0.384375402991,-0.708779498933,0.703240505649,-0.125593187641,-0.366752791245,0.342026707688,-0.708779498933,0.650979610765,0.0846159808811,0,1.56589191671,0
2022,Michigan State,127,ordinary,False,False,False,35.0003260845,3.75675683978,0.0473934110614,0.000361781763828,,-0.184813457188,0.184813457188,recruiting_points_2y_mean,0.0953196174852,recruiting_points_3y_mean,-0.320149245008,recruiting_points_3y_mean,-0.320149245008,1.13088005591,0.283097436668,2,5,2,0.244133792643,-0.886746263269,0.431758949796,-1.25020290262,-0.485940136303,0.243366853795,-0.729306990097,0.500407932881,0,0,2.24094619797,0
2022,Michigan,130,ordinary,False,False,False,8.95062221117,-6.14231085587,-0.0735111938111,-0.00056115415123,,-0.513527432074,0.513527432074,recruiting_points_2y_mean,0.231200242427,recruiting_points_3y_mean,-0.819352479964,recruiting_points_3y_mean,-0.819352479964,2.12912671555,0.384830303419,2,1,2,0.456828911013,-1.67229780454,0.429123271693,-1.88640368585,-0.966767926232,0.45650017654,-1.42326810277,0.485698350764,0,0,1.81187896782,0
2022,Minnesota,135,ordinary,False,False,False,7.13156369799,-9.51319936961,-0.0108433493714,-8.2773659324e-05,,-0.422973402234,0.422973402234,recruiting_points_2y_mean,0.0681939588384,returning_pct_ppa,-0.283318304978,returning_pct_ppa,-0.283318304978,0.969538005897,0.292219906033,0,2,0,0.135439908355,-0.834098097542,0.279390611881,-0.737956287697,-0.591703433075,0.135439908355,-0.72714334143,0.314033244649,0,0,1.08769816681,0
2022,Missouri,142,ordinary,False,False,False,9.22531387447,5.12311633012,-0.00340022436248,-2.5955911164e-05,,0.205163629421,0.205163629421,returning_pct_ppa,0.346767075041,recruiting_points_3y_mean,-0.386988402038,recruiting_points_3y_mean,-0.386988402038,1.38349187477,0.279718594013,2,3,2,0.630533489783,-0.752958384985,0.911510217418,-0.0427224738105,0.00589748042837,0.630533489783,-0.624636009354,0.99530144699,0,0.00589748042837,1.51496592301,0
2022,Ole Miss,145,ordinary,False,False,False,7.59423668084,-3.35504753299,-0.00688833416552,-5.25827035536e-05,,-0.148313873113,0.148313873113,returning_pct_ppa,0.715714407828,transfer_in_prior_usage_sum,-0.527104385667,returning_pct_ppa,0.715714407828,2.47504096113,0.289172752721,1,2,2,1.04669910945,-1.42834185169,0.845803464172,-1.04068284927,-0.318855192414,1.03860880495,-1.35746399736,0.866925916397,0.527104385667,0,15.8681389812,0
2022,Duke,150,ordinary,False,False,False,53.379881858,-0.119836842918,0.0291293644519,0.000222361560701,,-0.0308250715988,0.0308250715988,returning_pct_ppa,0.303643360819,recruiting_points_3y_mean,-0.124610328412,returning_pct_ppa,0.303643360819,0.862282624735,0.352139022763,2,1,1,0.574308555082,-0.287974069652,0.667934297623,1.09238802649,0.185862816842,0.473836886494,-0.287974069652,0.756025014681,0.0605032330018,0,3.76397509512,0
2022,East Carolina,151,ordinary,False,False,False,11.599853809,-4.49197873645,0.0195599832959,0.000149312849587,,-0.183176979265,0.183176979265,recruiting_points_3y_mean,0.120274039918,returning_pct_ppa,-0.140770471856,returning_pct_ppa,-0.140770471856,0.720125805135,0.195480388083,5,3,5,0.449712746713,-0.270413058422,0.751016159937,0.157942055221,0.0227171229857,0.293130181408,-0.270413058422,0.959688766753,0.042116046531,0,3.50398793613,0
2022,NC State,152,ordinary,False,False,False,3.96245993762,-3.39509526834,-0.0125911524197,-9.6115667326e-05,,-0.13960785152,0.13960785152,transfer_in_prior_usage_sum,0.0950667844098,recruiting_points_3y_mean,-0.217580020084,recruiting_points_3y_mean,-0.217580020084,0.754281413018,0.288460004885,2,3,2,0.270940795227,-0.483340617791,0.718407720384,-0.696356605169,-0.214997760906,0.221265415035,-0.436263175941,0.673021426206,0.0784806624246,0,2.09165587992,0
2022,North Carolina,153,ordinary,False,False,False,10.7468118498,-9.15251051569,-0.0982363719976,-0.000749895969447,,-0.369966730876,0.369966730876,returning_pct_ppa,0.218593813326,recruiting_points_3y_mean,-0.74184106247,recruiting_points_3y_mean,-0.74184106247,1.77739820858,0.417374710343,2,1,2,0.621214117285,-1.15618409129,0.699015127039,-0.0992501892274,-0.469857058055,0.621214117285,-1.09107117534,0.725596511236,0.0605032330018,0,2.62466731419,0
2022,Wake Forest,154,ordinary,False,False,False,8.47923655912,-2.35865782385,-0.01348154862,-0.000102912584885,,-0.0887865882493,0.0887865882493,transfer_in_prior_usage_sum,0.112484790291,returning_pct_ppa,-0.194675114634,returning_pct_ppa,-0.194675114634,0.578745294133,0.336374423442,1,2,1,0.184673911384,-0.394071382748,0.638187172341,-0.816038638828,-0.178564442592,0.184673911384,-0.363238353976,0.674100300576,0.112484790291,0,2.86380203716,0
2022,Nebraska,158,ordinary,False,False,False,23.2352260187,-2.14820166106,-0.00844461890013,-6.44627396956e-05,,0.0908949464231,0.0908949464231,coach_tenure_seasons,0.495553603,recruiting_points_3y_mean,-0.456743176618,coach_tenure_seasons,0.495553603,1.92883603284,0.256918470291,3,2,2,0.879349670395,-1.04948636245,0.911793076676,-0.118655594534,-0.0713035943436,0.879233633929,-0.950537228272,0.961031407912,0.159897646746,0,2.40356615314,0
2022,Rutgers,164,ordinary,False,False,False,27.648664351,7.82041460414,-0.0359609416861,-0.000274511005237,,-0.315118581297,0.315118581297,recruiting_points_2y_mean,0.0830585903844,recruiting_points_3y_mean,-0.226987012555,recruiting_points_3y_mean,-0.226987012555,0.710559344908,0.319448353162,2,2,2,0.318669215617,-0.391890129291,0.896953133895,0.33351856423,-0.179962326707,0.211927802584,-0.391890129291,0.701959287383,0.0197844958449,0.179962326707,2.34716163043,0
2022,New Mexico State,166,ordinary,False,False,False,11.6186467548,5.17788615974,0.353133057154,0.00269567219201,,0.461076525067,0.461076525067,returning_pct_ppa,0.444993312991,recruiting_points_2y_mean,-0.097977940728,returning_pct_ppa,0.444993312991,1.98514386155,0.224161745458,5,0,0,1.80343143703,-0.18171242452,0.183072298224,2.00169373584,0.959255548172,1.14096797269,-0.18171242452,0.274763918635,0,0,2.26473590566,0
2022,New Mexico,167,ordinary,False,False,False,18.4189190641,-6.48977805284,-0.336975828014,-0.00257233456499,,0.375236613092,0.375236613092,returning_pct_ppa,0.380307741658,recruiting_points_2y_mean,-0.0737655663502,returning_pct_ppa,0.380307741658,1.29857808232,0.292864747093,4,0,0,1.16217772399,-0.136400358327,0.21007648317,1.28556693148,0.77727668553,0.913677043857,-0.136400358327,0.259791055485,0,0,3.44604190029,0
2022,Syracuse,183,ordinary,False,False,False,21.1473091333,-4.33836775868,-0.00830959112439,-6.34319933159e-05,,-0.178576159687,0.178576159687,transfer_in_prior_usage_sum,0.0804356594696,recruiting_points_3y_mean,-0.0802709369992,transfer_in_prior_usage_sum,0.0804356594696,0.416915790824,0.192930230133,4,3,3,0.217282886615,-0.199632904209,0.957665354026,0.265278110358,-0.0561121262527,0.143520777956,-0.199632904209,0.836481060326,0.0569188053137,0.0561121262527,1.53881968555,0
2022,Bowling Green,189,ordinary,False,False,False,10.6056645443,8.15441582321,0.0299943136652,0.000228964226452,,-0.420217629512,0.420217629512,recruiting_points_3y_mean,0.234918322429,returning_pct_ppa,-0.489353828483,returning_pct_ppa,-0.489353828483,1.48815605448,0.32883233382,2,1,2,0.831578247204,-0.656577807274,0.882404510331,1.20377530285,-0.0512199305614,0.605357876712,-0.656577807274,0.959411615654,0.104124147468,0.0512199305614,2.81728580275,0
2022,Miami (OH),193,ordinary,False,False,False,29.226039782,3.53193369701,0.0486832578197,0.000371627922288,,-0.1568810177,0.1568810177,long_run_z_mean,0.133514492804,coach_tenure_seasons,-0.0949997405791,long_run_z_mean,0.133514492804,0.631050908771,0.211574836433,4,2,2,0.421963634506,-0.209087274265,0.662663729213,0.323742395532,0.0702315791447,0.278780649941,-0.208549070796,0.855884884184,0.0305654244003,0,2.53938097991,0
2022,Ohio State,194,ordinary,False,False,False,5.40302453711,-2.23795973922,0.0215105230854,0.000164202466301,,-0.221633795781,0.221633795781,recruiting_points_2y_mean,0.322429624616,recruiting_points_3y_mean,-1.14469138916,recruiting_points_3y_mean,-1.14469138916,2.8832365018,0.397016126998,1,2,1,0.624133131147,-2.25910337065,0.432939254729,-2.12635949207,-1.09741778023,0.624133131147,-1.72155091138,0.532154475906,0.0260914811203,0,6.15259580634,0
2022,Ohio,195,expensive miss,True,False,True,43.9808631612,14.1153469255,0.664345861025,0.00507134245058,,0.791322240965,0.791322240965,recruiting_points_3y_mean,0.498204088311,recruiting_points_2y_mean,-0.158342567137,recruiting_points_3y_mean,0.498204088311,1.65634532021,0.30078515768,3,1,1,1.37902837626,-0.277316943947,0.334854019345,1.14599536967,1.00206534055,1.27938228449,-0.277316943947,0.356288406753,0,0,2.91152649485,0
2022,Oklahoma State,197,ordinary,False,False,False,34.8501473449,4.63641782887,0.00834127628452,6.36738647673e-05,,-0.33839222206,0.33839222206,transfer_in_prior_usage_sum,0.118058552173,returning_pct_ppa,-0.327639900151,returning_pct_ppa,-0.327639900151,1.64169963179,0.199573596659,2,5,2,0.319417152803,-1.32228247899,0.389129834249,-1.7894638429,-0.778463895683,0.319417152803,-1.09788104849,0.450740927368,0.118058552173,0,2.91040573879,0
2022,Oklahoma,201,ordinary,False,False,False,24.4497993102,-0.0054361264577,-0.176360871197,-0.00134626619234,,0.0313461884476,0.0313461884476,returning_pct_ppa,0.422233574929,recruiting_points_3y_mean,-0.838634063947,recruiting_points_3y_mean,-0.838634063947,3.00562524628,0.279021499764,3,3,3,0.958301016517,-2.04732422977,0.637671657637,-1.57489029517,-0.669463323166,0.958301016517,-1.62776433968,0.741126680514,0.422233574929,0,5.05772219417,0
2022,Tulsa,202,helpful disagreement,False,True,False,0.33819277048,-24.2555710994,-0.196758165769,-0.00150197073106,,1.01694413686,1.01694413686,coach_tenure_seasons,0.495553603,recruiting_points_2y_mean,-0.135449199417,coach_tenure_seasons,0.495553603,1.53174813079,0.323521597995,3,1,1,1.3054383699,-0.226309760892,0.295492132606,0.0311203285405,1.04890847527,1.27378061293,-0.224872137661,0.300099055731,0,0,2.08449186737,0
2022,Oregon State,204,expensive miss,True,False,False,42.2909732532,-3.72716630597,0.0971420617501,0.000741542456108,,-0.145068285077,0.145068285077,transfer_in_prior_defensive_impact_db_available,0.0191750445861,returning_pct_ppa,-0.0820743052765,returning_pct_ppa,-0.0820743052765,0.296186736941,0.277103242785,0,4,0,0.030855882224,-0.265330854717,0.208354246667,-0.1326435026,-0.202351595888,0.0298649632765,-0.232216559165,0.227905904989,0,0,2.0075279888,0
2022,Penn State,213,ordinary,False,False,False,20.9763423801,-8.3158034288,-0.0742507756519,-0.000566799814136,,-0.410465216853,0.410465216853,recruiting_points_2y_mean,0.190127522083,recruiting_points_3y_mean,-0.720056448326,recruiting_points_3y_mean,-0.720056448326,2.01610087831,0.357152985782,2,2,2,0.459616858684,-1.55648401963,0.455946290812,-0.892606283022,-0.824368435308,0.459616858684,-1.28398529399,0.527203821099,0.0602307726474,0,2.33493232655,0
2022,Temple,218,ordinary,False,False,False,14.6977849578,-0.769714391325,-0.157971929233,-0.00120589258956,,0.003843269034,0.003843269034,recruiting_points_3y_mean,0.224603637702,returning_pct_ppa,-0.0964488766837,recruiting_points_3y_mean,0.224603637702,0.852430851981,0.263486049549,4,2,2,0.614396312196,-0.238034539786,0.558484102804,1.41057368778,0.267295146735,0.497206576783,-0.229911430048,0.632390967871,0.019820999003,0,2.72849615746,0
2022,Pittsburgh,221,ordinary,False,False,False,10.2509343761,2.40947418802,0.0571076111397,0.000435935962898,,0.13054599466,0.13054599466,returning_pct_ppa,0.409056884473,transfer_in_prior_usage_sum,-0.355711207796,returning_pct_ppa,0.409056884473,1.29709496267,0.315363867909,1,2,2,0.57199930338,-0.725095659289,0.881969816926,-1.00047262236,-0.0637293109483,0.57199930338,-0.635728614329,0.947232062774,0.355711207796,0,4.278169793,0
2022,Clemson,228,ordinary,False,False,False,5.68478635115,-5.3506882511,-0.084631417943,-0.000646041358344,,-0.345198184564,0.345198184564,recruiting_points_2y_mean,0.255481434544,recruiting_points_3y_mean,-1.02443591816,recruiting_points_3y_mean,-1.02443591816,2.85196971693,0.359202943874,0,2,0,0.722157777008,-2.12981193993,0.506427380852,-1.40290206688,-0.994777844936,0.722157777008,-1.71693562194,0.592152623035,0.165506583573,0,2.91382518402,0
2022,Memphis,235,helpful disagreement,False,True,False,6.06868842264,-1.39512356224,-0.0398689945632,-0.000304343469948,,-0.553880968791,0.553880968791,long_run_z_mean,0.0565553328148,transfer_in_prior_usage_sum,-0.387760338617,transfer_in_prior_usage_sum,-0.387760338617,0.93799264606,0.413393793913,0,3,0,0.197483851713,-0.740508794347,0.421077611947,0.160915590331,-0.527813982721,0.140928518899,-0.66874250162,0.348113036844,0,0.160915590331,5.53796575848,0
2022,Vanderbilt,238,ordinary,False,False,False,14.6247292258,-8.80609459035,-0.154253396328,-0.00117750684219,,-0.428206062218,0.428206062218,transfer_in_prior_usage_sum,0.0901897427631,recruiting_points_3y_mean,-0.245966032452,recruiting_points_3y_mean,-0.245966032452,0.919149630464,0.267601731318,3,3,3,0.429088079073,-0.49006155139,0.933663170505,1.13317683828,-0.190093274101,0.299968277289,-0.49006155139,0.759384687514,0.0137950910918,0.190093274101,3.57630465707,0
2022,Baylor,239,ordinary,False,False,False,13.5920616283,-8.89805708074,-0.481076502418,-0.00367233971312,,0.504748187648,0.504748187648,returning_pct_ppa,0.503689479571,recruiting_points_3y_mean,-0.247478852879,returning_pct_ppa,0.503689479571,1.269609293,0.39672794012,1,1,1,0.705060651832,-0.564548641173,0.88932657359,-1.49601452432,0.264473774686,0.704513174909,-0.440039400223,0.76892824285,0.0605032330018,0.264473774686,3.23496815991,0
2022,Rice,242,ordinary,False,False,False,6.94707271947,-5.8712123038,-0.0356036415917,-0.000271783523601,,0.301419881811,0.301419881811,returning_pct_ppa,0.328798860782,recruiting_points_2y_mean,-0.0975650342961,returning_pct_ppa,0.328798860782,1.35532394464,0.242597987059,4,1,1,1.15453300711,-0.200790937523,0.296299550108,1.07145167444,0.702832323525,0.903623261048,-0.200790937523,0.36361527728,0.0157117329946,0,3.28614448154,0
2022,Texas A&M,245,expensive miss,True,False,True,34.7826941049,12.0908421294,0.152467839434,0.0011638766369,,-0.630529381891,0.630529381891,recruiting_points_2y_mean,0.331651201594,recruiting_points_3y_mean,-1.15143031652,recruiting_points_3y_mean,-1.15143031652,2.78434877935,0.413536667913,1,1,1,0.809555613219,-1.97479316613,0.581504457504,-0.879801448522,-0.970716368265,0.809555613219,-1.78027198148,0.625181085316,0.177865861005,0,3.62132492362,1
2022,Houston,248,ordinary,False,False,False,10.9772744861,1.78815825122,0.00866275578551,6.61279067596e-05,,-0.0658595343996,0.0658595343996,transfer_in_prior_usage_sum,0.0609274928827,returning_pct_ppa,-0.16832173372,returning_pct_ppa,-0.16832173372,0.421353557249,0.399478610835,1,2,1,0.137747506395,-0.283606050854,0.653833361674,-0.72980955952,-0.137001010518,0.117578296533,-0.254579307051,0.631873676103,0.0609274928827,0,2.04177738948,0
2022,North Texas,249,ordinary,False,False,False,5.88722834709,-0.68658019353,0.00188970293605,1.44252132523e-05,,-0.0508681480975,0.0508681480975,coach_tenure_seasons,0.495553603,transfer_in_prior_usage_sum,-0.230301565451,coach_tenure_seasons,0.495553603,1.76243128146,0.281176127666,4,2,2,1.21665792772,-0.545773353742,0.619341428494,0.714003719258,0.388245789762,0.934019143503,-0.545773353742,0.737634978901,0,0,1.8377824181,0
2022,Texas,251,ordinary,False,False,False,21.9756049234,-4.62629552462,-0.0558993372827,-0.000426712498342,,-0.198347664256,0.198347664256,recruiting_points_2y_mean,0.225729232206,recruiting_points_3y_mean,-0.846363201036,recruiting_points_3y_mean,-0.846363201036,2.07851293908,0.407196503385,2,2,2,0.5916156641,-1.48689727498,0.569268204182,-0.549375636904,-0.625745114772,0.5916156641,-1.21736077887,0.654088853836,0.0143182925241,0,4.04810509036,0
2022,BYU,252,ordinary,False,False,False,5.15068349761,-7.09069298096,0.0934952527815,0.000713704219706,,0.317458969629,0.317458969629,transfer_in_prior_usage_sum,0.117361831938,long_run_z_mean,-0.10018130593,transfer_in_prior_usage_sum,0.117361831938,0.452611468572,0.259299288876,2,3,3,0.218574966442,-0.234036502129,0.965839275492,-0.698169705056,0.0947494270767,0.218574966442,-0.123825539366,0.7232789512,0,0.0947494270767,2.38776143406,0
2022,Utah,254,ordinary,False,False,False,11.1063024591,-6.77938282928,0.0173737935383,0.000132624378155,,-0.362371265092,0.362371265092,transfer_in_prior_usage_sum,0.117361831938,recruiting_points_3y_mean,-0.373813111414,recruiting_points_3y_mean,-0.373813111414,1.65319347513,0.226115767475,2,5,2,0.334985588188,-1.31820788694,0.405258783351,-1.1614768125,-0.75202284151,0.334985588188,-1.0870084297,0.471149082168,0.117361831938,0,3.66068570346,0
2022,Virginia,258,ordinary,False,False,False,36.3692031243,2.30782660942,0.0469427510558,0.000358341611113,,-0.0889880503101,0.0889880503101,transfer_in_prior_usage_sum,0.0741651773524,returning_pct_ppa,-0.20785180509,returning_pct_ppa,-0.20785180509,0.719917337864,0.288716209707,3,2,3,0.262850749297,-0.457066588567,0.7302248063,-0.0963395924045,-0.147941183579,0.262850749297,-0.410791932875,0.780386267833,0.0741651773524,0,1.62637746666,0
2022,Virginia Tech,259,large miss recovered,False,False,False,42.4863045519,-3.82521958344,-0.0190870277392,-0.000145702501826,,0.155143633645,0.155143633645,returning_pct_ppa,0.473742455805,transfer_in_prior_usage_sum,-0.499932296492,transfer_in_prior_usage_sum,-0.499932296492,1.73099040439,0.288812864141,1,3,1,0.723363716247,-1.00762668814,0.835780157317,-0.037616640237,-0.109213087522,0.723363716247,-0.832576803769,0.929808957272,0.473742455805,0,4.86227417062,0
2022,Washington,264,large miss recovered,False,True,False,42.0819453295,-12.5342334641,-0.0754456154139,-0.00057592072835,,-0.50998056788,0.50998056788,recruiting_class_rank,0.119585446648,transfer_in_prior_usage_sum,-0.436530755084,transfer_in_prior_usage_sum,-0.436530755084,1.45200010344,0.300640994481,1,3,1,0.353900041308,-1.09810006213,0.487465586911,0.248631708925,-0.637075467176,0.353900041308,-0.990975508485,0.526294111545,0,0.248631708925,6.8918648053,1
2022,Washington State,265,ordinary,False,False,False,16.4184683414,1.07144414912,-0.0539877842086,-0.000412120490142,,0.0448948296493,0.0448948296493,returning_pct_ppa,0.65941400315,transfer_in_prior_usage_sum,-0.52083390355,returning_pct_ppa,0.65941400315,1.53341256985,0.430030388503,1,1,1,0.781457147379,-0.751955422474,0.980760738836,-0.101026987871,0.0352961432796,0.777027454436,-0.741731311156,0.976759875183,0.52083390355,0.0352961432796,10.5875728355,0
2022,Wisconsin,275,ordinary,False,False,False,8.94089179668,-9.36214726425,-0.0651313021467,-0.00049718551257,,0.518787444357,0.518787444357,coach_tenure_seasons,0.495553603,recruiting_points_3y_mean,-0.471458793495,coach_tenure_seasons,0.495553603,1.72563725415,0.287171363396,1,2,2,0.732391442982,-0.993245811165,0.848835919857,-1.24382159329,0.0341874515338,0.732391442982,-0.698203991448,0.976102641801,0,0.0341874515338,1.14244756276,0
2022,Marshall,276,ordinary,False,False,False,19.4545769558,3.27382485019,0.0920641377335,0.000702779677355,,0.12847905495,0.12847905495,recruiting_points_3y_mean,0.179329048207,transfer_in_prior_usage_sum,-0.139031214634,recruiting_points_3y_mean,0.179329048207,0.753523925258,0.237987198809,4,2,2,0.498926697257,-0.254597228001,0.675750880541,0.14017250022,0.200228326602,0.452682950033,-0.25245462343,0.716043600373,0.139031214634,0,4.31238095451,0
2022,West Virginia,277,ordinary,False,False,False,1.8530874257,-10.0901189312,-0.20665282782,-0.00157750250244,,0.407880939114,0.407880939114,returning_pct_ppa,0.531240741435,recruiting_points_3y_mean,-0.315033161383,returning_pct_ppa,0.531240741435,1.37897044224,0.385244473096,1,2,2,0.707051943912,-0.671918498324,0.974521973414,-0.274393002309,0.170534548993,0.700194028497,-0.529659479504,0.86133751062,0.0742362327555,0.170534548993,2.45809189472,0
2022,Fresno State,278,helpful disagreement,False,True,False,5.80169003924,-11.4675583325,0.056629477148,0.000432286085099,,-0.46720410983,0.46720410983,recruiting_points_3y_mean,0.0970316169997,transfer_in_prior_usage_sum,-0.338293201914,transfer_in_prior_usage_sum,-0.338293201914,0.912860961231,0.370585682028,1,2,1,0.27082595845,-0.642035002781,0.593356425462,-0.351306456754,-0.426315822339,0.215719180442,-0.642035002781,0.502986017816,0,0,2.66826039002,0
2022,Georgia Southern,290,ordinary,False,False,False,3.17487724386,2.3439646424,-0.0419498257636,-0.000320227677585,,-0.126105385782,0.126105385782,recruiting_points_3y_mean,0.238191515716,transfer_in_prior_usage_sum,-0.299276868741,transfer_in_prior_usage_sum,-0.299276868741,1.14653692425,0.26102680377,2,3,2,0.617683790268,-0.528853133979,0.922522638032,0.956931122436,0.0232884645517,0.552135312218,-0.528846847666,0.978456198986,0,0,3.65087677353,0
2022,Old Dominion,295,ordinary,False,False,False,25.8737738308,7.6940729122,0.0119281449148,9.10545413341e-05,,-0.360219173283,0.360219173283,recruiting_points_3y_mean,0.295609927362,recruiting_points_trend,-0.256350769603,recruiting_points_3y_mean,0.295609927362,1.71218950809,0.172650238753,5,3,3,1.05323780353,-0.65895170456,0.769718190008,1.01088997566,-0.132623961971,0.52632774259,-0.65895170456,0.888107431299,0,0.132623961971,1.92763874945,0
2022,Louisiana,309,helpful disagreement,False,True,False,12.0920506905,-17.5681739829,-0.0816791966483,-0.000623505317926,,0.751782088588,0.751782088588,returning_pct_ppa,0.319215813177,recruiting_points_2y_mean,-0.0674802128879,returning_pct_ppa,0.319215813177,1.12902665687,0.282735408624,5,0,0,0.977276970349,-0.151749686519,0.268815064013,-0.693964222289,0.784839001166,0.895743632871,-0.110904631706,0.220344355836,0,0.693964222289,3.13758076438,0
2022,Coastal Carolina,324,harmful disagreement,False,False,True,12.0844823155,6.97964308032,0.410454710398,0.00313324206411,,0.702599705311,0.702599705311,coach_tenure_seasons,0.495553603,recruiting_points_4y_mean,-0.033720158694,coach_tenure_seasons,0.495553603,0.999674124989,0.495715144178,1,0,0,0.947650724281,-0.052023400708,0.104080718721,-0.222636281312,0.795976339044,0.844588488683,-0.0486121496388,0.108849339226,0,0.222636281312,2.59909599951,0
2022,Texas State,326,ordinary,False,False,False,4.36472535192,-7.0798146591,-0.0416853320864,-0.000318208641881,,0.422558418004,0.422558418004,recruiting_points_3y_mean,0.779423652706,recruiting_points_2y_mean,-0.307986739807,recruiting_points_3y_mean,0.779423652706,2.81839462071,0.27654880086,4,2,2,2.07656160233,-0.741833018379,0.526422391619,1.21378301733,0.986026490596,1.72785950897,-0.741833018379,0.600749291795,0.103597242068,0,3.78373358169,0
2022,Utah State,328,expensive miss,True,False,False,33.2177975665,-4.02874107568,0.137825649787,0.00105210419685,,0.164823271746,0.164823271746,recruiting_points_3y_mean,0.40495933838,transfer_in_prior_usage_sum,-0.152268899103,recruiting_points_3y_mean,0.40495933838,1.13712789198,0.356124707903,2,2,2,0.768475899323,-0.368651992657,0.648391434696,-0.315890177747,0.301623867673,0.67027586033,-0.368651992657,0.709677754037,0.123961218228,0.301623867673,2.84012706318,0
2022,Alabama,333,ordinary,False,False,False,2.41063947628,-2.31964128565,0.0442524049513,0.000337804617949,,-0.343343618478,0.343343618478,recruiting_points_2y_mean,0.367986967595,recruiting_points_3y_mean,-1.29619347843,recruiting_points_3y_mean,-1.29619347843,3.32850165887,0.389422512372,1,2,1,0.793070000281,-2.53543165859,0.476532735483,-2.42886772043,-1.23345206117,0.793070000281,-2.02652206145,0.562542369901,0.0812034351079,0,5.71468162227,4
2022,Mississippi State,344,expensive miss,True,False,True,50.9352333608,14.7033464639,0.141305485958,0.00107866783174,,0.596865623629,0.596865623629,coach_tenure_seasons,0.495553603,recruiting_points_3y_mean,-0.442660193738,coach_tenure_seasons,0.495553603,1.80756008336,0.274156088952,2,2,2,1.1021593386,-0.705400744763,0.780500467184,-0.376549839064,0.46882785395,1.1021593386,-0.633331484648,0.729858638449,0,0.376549839064,2.64872622592,0
2022,Army,349,helpful disagreement,False,True,False,0.860250834663,-10.7544228293,0.0265909159597,0.000202984091296,,0.512780452275,0.512780452275,recruiting_points_3y_mean,0.550987768287,recruiting_points_2y_mean,-0.206125016999,recruiting_points_3y_mean,0.550987768287,1.84791608767,0.298167093172,3,1,1,1.4015355884,-0.446380499275,0.483117715413,-0.0845640931918,0.76666281818,1.21243792457,-0.445775106393,0.537657222647,0,0.0845640931918,5.14395624107,2
2022,Illinois,356,ordinary,False,False,False,35.3796297227,-6.10188592288,0.00761289464758,5.81136995999e-05,,-0.247692905892,0.247692905892,returning_pct_ppa,0.0952120754134,transfer_in_prior_usage_sum,-0.183621309689,transfer_in_prior_usage_sum,-0.183621309689,0.601146156442,0.305452023142,3,2,3,0.289745619779,-0.311400536663,0.963977284639,0.109755480114,-0.109622077947,0.201778458716,-0.311400536663,0.786386272754,0.0952120754134,0.109622077947,2.4643264535,0
2022,Air Force,2005,ordinary,False,False,False,11.0574956982,5.49180071238,0.235651841975,0.00179886902271,,0.242575429845,0.242575429845,recruiting_points_3y_mean,0.255712726838,coach_tenure_seasons,-0.239814596698,recruiting_points_3y_mean,0.255712726838,1.24590174329,0.205243092576,3,3,3,0.675365305421,-0.570536437865,0.915861047533,-0.551714350312,0.157395373618,0.675365305421,-0.517969931803,0.868104645947,0.124000138548,0.157395373618,2.67151954783,1
2022,Akron,2006,ordinary,False,False,False,2.8268572364,-4.4088370975,-0.211828585779,-0.00161701210518,,0.484870057769,0.484870057769,returning_pct_ppa,0.510876765274,recruiting_points_2y_mean,-0.154121745834,returning_pct_ppa,0.510876765274,2.09338375991,0.244043531367,5,1,1,1.82823889327,-0.265144866636,0.253317018804,2.07463538113,1.14764238313,1.41278724977,-0.265144866636,0.316037656165,0,0,2.9271018004,0
2022,App State,2026,ordinary,False,False,False,28.1270725873,-4.74437941184,-0.0644135044399,-0.000491706140762,,0.220517558694,0.220517558694,returning_pct_ppa,0.0892226706604,transfer_in_prior_usage_sum,-0.314604713916,transfer_in_prior_usage_sum,-0.314604713916,0.86634069154,0.363142025981,2,2,2,0.329605594524,-0.536735097017,0.76091449413,-0.594358677477,-0.0397841125217,0.329605594524,-0.369389707045,0.943083862749,0.0892226706604,0,3.66916308357,0
2022,Arkansas State,2032,ordinary,False,False,False,9.89804356255,-7.68166511984,-0.201574526164,-0.00153873684095,,0.42755131247,0.42755131247,returning_pct_ppa,0.510876765274,recruiting_points_2y_mean,-0.0345050464568,returning_pct_ppa,0.510876765274,0.916925313749,0.557162898236,1,0,0,0.854841342088,-0.0620839716608,0.135417728641,1.37303781532,0.679503649786,0.741587621447,-0.0620839716608,0.154500848837,0,0,3.8862642168,0
2022,Ball State,2050,ordinary,False,False,False,12.0661875768,-9.88154105073,0.12956505296,0.000989046205803,,0.439246092183,0.439246092183,returning_pct_ppa,0.310830646523,recruiting_points_2y_mean,-0.0711160834126,returning_pct_ppa,0.310830646523,1.21853358057,0.255085827324,5,0,0,1.0264548352,-0.192078745371,0.315262128896,0.545438261291,0.678571225205,0.867747172851,-0.189175947646,0.357974849783,0,0,3.35267783582,0
2022,Buffalo,2084,ordinary,False,False,False,13.9120098037,5.51079165195,0.192253894551,0.00146758698131,,0.263587568543,0.263587568543,returning_pct_ppa,0.341975551239,transfer_in_prior_usage_sum,-0.121613208752,returning_pct_ppa,0.341975551239,1.24297529354,0.275126587807,3,1,1,1.01126018327,-0.231715110267,0.372839446564,1.06847970696,0.597798131437,0.824324841123,-0.226526709686,0.43112980042,0.121613208752,0,5.90491754438,0
2022,UCF,2116,ordinary,False,False,False,14.9041280135,0.0734475221215,-0.073199339685,-0.000558773585382,,0.0099594218222,0.0099594218222,coach_tenure_seasons,0.0498151155395,recruiting_points_3y_mean,-0.103623383221,recruiting_points_3y_mean,-0.103623383221,0.409570755786,0.25300483923,3,4,3,0.162097124583,-0.247473631203,0.79154638017,-0.240415551469,-0.043505704975,0.152409664467,-0.195915369442,0.875100263433,0,0,2.44357717197,0
2022,Central Michigan,2117,large miss recovered,False,False,False,39.2153388682,-2.75208876798,-0.0866866437646,-0.000661730105073,,0.107508977058,0.107508977058,recruiting_points_3y_mean,0.186673103733,returning_pct_ppa,-0.0485336386594,recruiting_points_3y_mean,0.186673103733,0.671805779134,0.277867665821,4,1,1,0.536024052294,-0.13578172684,0.404229112214,0.0531025370691,0.279791075651,0.41557280249,-0.13578172684,0.492538719161,0.0485336386594,0,1.74785239731,0
2022,Cincinnati,2132,helpful disagreement,False,True,False,5.51756519763,-10.3476676846,-0.0306010914076,-0.000233596117615,,0.607034158992,0.607034158992,coach_tenure_seasons,0.495553603,transfer_in_prior_usage_sum,-0.390547219558,coach_tenure_seasons,0.495553603,1.96162090407,0.252624552467,2,2,2,1.05772034696,-0.903900557106,0.921585363646,-1.60882934407,0.302798649843,1.05772034696,-0.754921697121,0.832951767377,0.390547219558,0.302798649843,4.8182727044,0
2022,Eastern Michigan,2199,ordinary,False,False,False,7.79703860564,-2.63901615004,0.286337002976,0.00218577864867,,-0.143864310574,0.143864310574,recruiting_points_3y_mean,0.401796168397,transfer_in_prior_usage_sum,-0.232391726157,recruiting_points_3y_mean,0.401796168397,1.74777513221,0.229890081963,4,2,2,1.17267753856,-0.575097593654,0.658091058804,0.6531308633,0.311106255698,0.886203849352,-0.575097593654,0.787103299469,0.150314599141,0,2.81120615215,0
2022,Florida Atlantic,2226,ordinary,False,False,False,1.05003304503,-10.1360368685,-0.182311120349,-0.0013916879416,,0.449209738193,0.449209738193,coach_tenure_seasons,0.495553603,returning_pct_ppa,-0.234205186004,coach_tenure_seasons,0.495553603,1.62564950015,0.304834223462,4,1,1,1.20512029747,-0.420529202676,0.51736761539,0.651770563806,0.678243001955,1.05661831973,-0.378375317774,0.52735469745,0.0678946952352,0,2.31219891151,0
2022,Florida International,2229,ordinary,False,False,False,6.19551116166,0.59990369817,0.0309831214208,0.000236512377258,,-0.128209568759,0.128209568759,recruiting_class_points,0.344320723816,recruiting_points_trend,-0.256350769603,recruiting_class_points,0.344320723816,1.94430981993,0.177091490403,4,2,2,1.34875037579,-0.595559444143,0.612617843143,2.45481691054,0.456784161682,1.05234360583,-0.595559444143,0.722808837758,0.222187456178,0,4.89339196327,0
2022,Georgia State,2247,expensive miss,True,False,True,29.9293591518,13.4515159811,0.0943716645115,0.000720394385584,,-0.564635184523,0.564635184523,recruiting_points_3y_mean,0.248176130531,returning_pct_ppa,-0.253371281213,returning_pct_ppa,-0.253371281213,1.33003843222,0.190499217974,3,3,3,0.670452172334,-0.659586259884,0.991830377088,0.247241406713,-0.218817769109,0.440768490775,-0.659586259884,0.801138888184,0,0.218817769109,3.63947754599,0
2022,Iowa,2294,harmful disagreement,False,False,True,10.3536257709,6.88983729513,-0.0471239246959,-0.000359724615999,,-0.771237131132,0.771237131132,recruiting_points_2y_mean,0.114255965234,coach_tenure_seasons,-0.405317289405,coach_tenure_seasons,-0.405317289405,1.82250596124,0.222395590481,1,5,1,0.226669138822,-1.59583682241,0.248744469037,-0.960792886214,-1.1440667712,0.226669138822,-1.37073591002,0.283796697634,0,0,4.59814710352,0
2022,Kansas,2305,large miss recovered,False,False,False,35.3938934468,-4.2776827078,-0.0794223910223,-0.000606277794063,,-0.218923233666,0.218923233666,recruiting_class_rank,0.190244936241,returning_pct_ppa,-0.116812852844,recruiting_class_rank,0.190244936241,0.797667338254,0.238501599749,5,2,2,0.490450595467,-0.307216742786,0.770287883315,0.974067056884,0.0388576507164,0.346074393503,-0.307216742786,0.940520162363,0,0,3.7433773993,0
2022,Kansas State,2306,ordinary,False,False,False,32.8073773026,-1.32081166983,0.0166063788089,0.00012676625045,,-0.0419649883806,0.0419649883806,returning_pct_ppa,0.105993003969,transfer_in_prior_usage_sum,-0.291612946153,transfer_in_prior_usage_sum,-0.291612946153,0.722320831646,0.403716649689,1,3,1,0.173026608446,-0.549294223199,0.479085195569,-0.651049506267,-0.251941704369,0.173026608446,-0.424968312815,0.57868922392,0.105993003969,0,1.85647009497,0
2022,Kent State,2309,helpful disagreement,False,True,False,5.22799732479,-1.85575041144,0.113211536283,0.000864210200631,,0.573501860543,0.573501860543,coach_tenure_seasons,0.495553603,recruiting_points_2y_mean,-0.0840996967692,coach_tenure_seasons,0.495553603,1.51174124844,0.327803189542,4,0,0,1.30843702296,-0.203304225479,0.268966962023,0.592030388933,0.904061955481,1.10736618096,-0.203304225479,0.310229367323,0.0605032330018,0,2.32809293932,0
2022,Liberty,2335,helpful disagreement,False,True,False,8.57560346291,-1.92597708522,0.0682588773186,0.000521060132203,,0.779751663532,0.779751663532,coach_tenure_seasons,0.495553603,transfer_in_prior_usage_sum,-0.272801499801,coach_tenure_seasons,0.495553603,1.7241593642,0.287417516784,4,1,1,1.28970581482,-0.434453549382,0.503959852438,-0.0525995219746,0.814693687492,1.24756293319,-0.432869245694,0.515187998819,0.272801499801,0.0525995219746,3.96904087811,0
2022,Louisiana Tech,2348,helpful disagreement,False,True,False,19.2745097998,-11.5415113935,-0.17303762784,-0.00132089792244,,0.549874661092,0.549874661092,returning_pct_ppa,0.368328932152,recruiting_points_2y_mean,-0.0924495823907,returning_pct_ppa,0.368328932152,1.03147631205,0.357089084692,2,1,1,0.882913010992,-0.14856330106,0.28805954984,0.920404103821,0.685290165595,0.826109337558,-0.140819171963,0.291271113793,0,0,2.08750596054,0
2022,Miami,2390,ordinary,False,False,False,43.6368585594,10.3027578496,0.0120592199048,9.20551137774e-05,,-0.444147829034,0.444147829034,recruiting_points_2y_mean,0.193637226754,recruiting_points_3y_mean,-0.730288615576,recruiting_points_3y_mean,-0.730288615576,1.6568212887,0.440776938683,1,1,1,0.429444255316,-1.22737703338,0.518395385485,-0.431104032913,-0.67338138823,0.427159269227,-1.10054065746,0.559218812236,0,0,1.34861624664,0
2022,Middle Tennessee,2393,ordinary,False,False,False,2.39699266284,1.61230054641,0.0517212784201,0.000394818919237,,-0.0786764791037,0.0786764791037,recruiting_points_3y_mean,0.356191508991,coach_tenure_seasons,-0.260502433286,recruiting_points_3y_mean,0.356191508991,1.50789314285,0.236218004359,3,3,3,0.9272962954,-0.580596847451,0.770076911887,0.479863827083,0.178845696885,0.759442544336,-0.580596847451,0.866536985419,0.0483865286482,0,6.43477709515,0
2022,Navy,2426,harmful disagreement,False,False,True,20.2883809732,1.30875520719,-0.526307726685,-0.00401761623424,,1.81171167273,1.81171167273,recruiting_points_3y_mean,0.516027863519,recruiting_points_2y_mean,-0.179309038176,recruiting_points_3y_mean,0.516027863519,2.4507900419,0.210555720684,5,1,1,2.04575903936,-0.405031002546,0.330530968072,0.198775139688,1.72856642607,2.04387244149,-0.315306015415,0.267301538374,0,0,5.36850061601,1
2022,Charlotte,2429,ordinary,False,False,False,21.7240837542,-0.0555474292136,-0.00859484030833,-6.56094680025e-05,,-0.034222332154,0.034222332154,coach_tenure_seasons,0.495553603,returning_pct_ppa,-0.249777638361,coach_tenure_seasons,0.495553603,1.72350169942,0.287527191395,4,1,1,1.24851159666,-0.474990102764,0.551191916924,1.15515941986,0.476014620496,0.95100472326,-0.474990102764,0.666187694507,0,0,2.21399985626,0
2022,UL Monroe,2433,ordinary,False,False,False,13.3764265838,-0.600982837406,0.0691373549361,0.000527766068215,,0.000808623613458,0.000808623613458,recruiting_points_3y_mean,0.495260964936,returning_pct_ppa,-0.230611543152,recruiting_points_3y_mean,0.495260964936,1.72659242723,0.286843007722,3,2,2,1.1878044994,-0.53878792783,0.624105514809,0.92816631814,0.41319063365,0.95197856148,-0.53878792783,0.722833430579,0.0156406775916,0,3.89357003509,0
2022,UNLV,2439,ordinary,False,False,False,1.83092318678,-4.82158479886,0.021074638221,0.000160875100924,,0.236955852836,0.236955852836,coach_tenure_seasons,0.495553603,transfer_in_prior_usage_sum,-0.18640819063,coach_tenure_seasons,0.495553603,1.51825988657,0.326395768855,4,1,1,1.2355384857,-0.282721400878,0.372428203337,1.05604646834,0.68307408937,0.965795490247,-0.282721400878,0.452891591435,0.137137908685,0,2.57419632379,0
2022,Nevada,2440,large miss recovered,False,True,False,38.1626685914,-22.9320457376,-0.776246020748,-0.00592554214312,,0.942704580107,0.942704580107,returning_pct_ppa,0.665403407903,transfer_in_prior_usage_sum,-0.159236101456,returning_pct_ppa,0.665403407903,1.68966206899,0.393808572799,3,0,0,1.37854626485,-0.311115804143,0.368258020172,-0.099137303093,1.0052406482,1.31542868871,-0.310188040513,0.381625059508,0.159236101456,0.099137303093,5.58185151266,0
2022,Northern Illinois,2459,ordinary,False,False,False,56.9272514939,7.61272960943,0.0376355124114,0.000287293987874,,-0.303970106739,0.303970106739,recruiting_points_3y_mean,0.151080564969,returning_pct_ppa,-0.219830614596,returning_pct_ppa,-0.219830614596,0.870726209224,0.252468126338,2,2,2,0.379412528251,-0.491313680972,0.871485259619,0.172471505208,-0.194713714632,0.296599966341,-0.491313680972,0.752874296193,0,0.172471505208,1.69950145618,0
2022,Oregon,2483,ordinary,False,False,False,19.6863581266,-0.0126387287877,0.0553739917963,0.000422702227453,,0.0271842805195,0.0271842805195,returning_pct_ppa,0.551604717595,recruiting_points_3y_mean,-0.827604227746,recruiting_points_3y_mean,-0.827604227746,2.97266026564,0.278405251118,3,3,3,1.08019713166,-1.89246313398,0.726754512881,-0.906648237458,-0.481272268335,1.08019713166,-1.56146939999,0.817814904884,0.43862091579,0,4.08382552421,0
2022,Purdue,2509,ordinary,False,False,False,10.2003260506,8.43379505974,-0.00733763460656,-5.60124779127e-05,,0.361157746248,0.361157746248,coach_tenure_seasons,0.495553603,recruiting_points_3y_mean,-0.234193538951,coach_tenure_seasons,0.495553603,1.15976308984,0.427288648296,1,1,1,0.760650184512,-0.399112905325,0.688266265452,-0.745526861831,0.339320767293,0.738433672618,-0.399112905325,0.701708243098,0,0.339320767293,2.83958170378,0
2022,SMU,2567,ordinary,False,False,False,3.85523724869,-1.01550463386,-0.0733448251854,-0.000559884161721,,-0.0405088280241,0.0405088280241,long_run_z_mean,0.122989919859,returning_pct_ppa,-0.0724912576716,long_run_z_mean,0.122989919859,0.512926815915,0.239780639349,4,3,3,0.348826034141,-0.164100781773,0.63986041159,-0.15402258863,0.100051395005,0.225836114282,-0.125784719277,0.715456578631,0.0351488441785,0.100051395005,3.27345182709,0
2022,Southern Miss,2572,ordinary,False,False,False,12.1442579169,-4.79968510114,0.0902704241021,0.000689087206886,,-0.266945514131,0.266945514131,recruiting_points_3y_mean,0.195557485511,returning_pct_ppa,-0.177904781325,recruiting_points_3y_mean,0.195557485511,0.784629190734,0.249235546957,4,3,3,0.422467982322,-0.362161208412,0.923139777844,1.28097983012,-0.0408141443015,0.321347064111,-0.362161208412,0.940287270919,0,0.0408141443015,0.871321304926,0
2022,South Carolina,2579,helpful disagreement,False,True,False,8.80296099933,-16.728921527,-0.291963305158,-0.00222872752029,,-0.697845270514,0.697845270514,recruiting_points_4y_mean,0.112453153919,transfer_in_prior_usage_sum,-0.394030820734,transfer_in_prior_usage_sum,-0.394030820734,1.44126810987,0.27339175691,1,4,1,0.238023356202,-1.20324475367,0.330297124557,-0.205119434331,-0.863574552089,0.236366918949,-1.09994147104,0.353761034085,0,0,6.94892431141,0
2022,TCU,2628,expensive miss,True,False,False,45.5793359968,-3.45779062284,0.128277533679,0.000979217814346,,-0.135491042059,0.135491042059,recruiting_points_4y_mean,0.0719447428205,returning_pct_ppa,-0.260558566917,returning_pct_ppa,-0.260558566917,0.993200253418,0.262342428952,2,3,2,0.185535044371,-0.807665209047,0.373610545773,-0.113856753163,-0.434256259904,0.185535044371,-0.619791304274,0.460769834944,0.00100955265135,0,1.38153322428,0
2022,Tennessee,2633,large miss recovered,False,True,False,31.5310300325,-11.541502254,-0.082180246367,-0.000627330124939,,-0.50705784811,0.50705784811,recruiting_points_4y_mean,0.176106412143,recruiting_points_3y_mean,-0.674754353006,recruiting_points_3y_mean,-0.674754353006,1.67534436547,0.402755616644,1,1,1,0.415638580008,-1.25970578546,0.49618286076,-0.537828037681,-0.716885003113,0.415355180878,-1.13224018399,0.536774909394,0,0,2.19315887637,0
2022,UTSA,2636,ordinary,False,False,False,17.6864222454,-8.84316475464,0.0344811200771,0.000263214657077,,-0.357959309276,0.357959309276,long_run_z_mean,0.126109556998,returning_pct_ppa,-0.252173400263,returning_pct_ppa,-0.252173400263,0.683499317619,0.368944626223,3,1,3,0.394235149944,-0.289264167675,0.846421233257,-0.276242734506,-0.105516957605,0.18374721007,-0.289264167675,0.776925117303,0.0240013204145,0,1.33268409959,0
2022,UTEP,2638,ordinary,False,False,False,11.7910609821,-0.631752119943,0.0123582282767,9.43376204327e-05,,0.0181425456597,0.0181425456597,recruiting_points_3y_mean,0.65058636401,recruiting_points_2y_mean,-0.219028342994,recruiting_points_3y_mean,0.65058636401,1.79106508424,0.36323993457,3,1,1,1.35709052552,-0.433974558716,0.484599429171,0.777746273191,0.553216396561,0.987190955276,-0.433974558716,0.610730494714,0.00896464696971,0,1.69137648565,0
2022,Texas Tech,2641,expensive miss,True,False,False,33.6334615699,7.38277148677,0.117381046975,0.000896038526528,,0.300897090659,0.300897090659,transfer_in_prior_usage_sum,0.118755272408,recruiting_points_3y_mean,-0.160477925436,recruiting_points_3y_mean,-0.160477925436,0.788333146985,0.203566126896,5,3,5,0.442212463268,-0.346120683717,0.878107650403,-0.343036778671,0.163644936416,0.425967329952,-0.262322393536,0.762244109085,0,0.163644936416,4.14960691051,0
2022,Toledo,2649,ordinary,False,False,False,8.29420178591,5.56228815013,0.206322619117,0.00157498182532,,0.222326069797,0.222326069797,returning_pct_ppa,0.115576051574,coach_tenure_seasons,-0.0743119039907,returning_pct_ppa,0.115576051574,0.63635498786,0.18162197795,5,2,2,0.504572568316,-0.131782419543,0.414178947466,0.262562270129,0.306418233786,0.437841926585,-0.131423692798,0.461730651996,0,0,2.43412811651,0
2022,Troy,2653,expensive miss,True,False,False,61.0438026414,5.73531018846,0.63828877744,0.00487243341557,,0.243469961743,0.243469961743,recruiting_points_3y_mean,0.374207824981,recruiting_points_2y_mean,-0.149660062446,recruiting_points_3y_mean,0.374207824981,1.26694923833,0.295361340186,2,1,1,0.907451848505,-0.359497389827,0.567500857888,0.661989197639,0.431943995388,0.791441385215,-0.359497389827,0.624702890584,0,0,2.44766687339,0
2022,Tulane,2655,expensive miss,True,True,False,61.6234960874,-11.2802835824,0.128169735391,0.000978394926649,,-0.520058864123,0.520058864123,long_run_z_mean,0.17085902103,returning_pct_ppa,-0.279724662127,returning_pct_ppa,-0.279724662127,0.677309457355,0.412993882027,1,1,1,0.304936807171,-0.372372650183,0.900435698513,0.758221957344,-0.226262381302,0.133934253084,-0.360196634387,0.542100307754,0.0685914154704,0.226262381302,1.60817590956,0
2022,Western Michigan,2711,helpful disagreement,False,True,False,9.9053514944,-27.3084198778,0.129168539441,0.000986019385042,,1.18434686507,1.18434686507,coach_tenure_seasons,0.495553603,recruiting_points_2y_mean,-0.0816337278013,coach_tenure_seasons,0.495553603,1.67224998047,0.296339428188,4,0,0,1.53598846705,-0.13626151342,0.16296787563,0.0445150441996,1.31058425282,1.44658588591,-0.13600163309,0.171872495463,0,0,2.91541854145,0
2022,Wyoming,2751,helpful disagreement,False,True,False,2.66868006917,-9.46121427073,0.416337130902,0.00317814603742,,0.622423530204,0.622423530204,returning_pct_ppa,0.484523384361,coach_tenure_seasons,-0.0949997405791,returning_pct_ppa,0.484523384361,1.30071447941,0.372505566772,2,0,0,1.06798133661,-0.2327331428,0.357854312355,0.272257828637,0.760207417884,0.983676838201,-0.223469420317,0.370244150185,0,0,3.0730394648,0
2023,Auburn,2,harmful disagreement,False,False,True,23.3391944712,15.8074743096,0.47834950927,0.00359661285165,0.00118697148702,-0.731993043545,0.731993043545,recruiting_points_2y_mean,0.117819248136,transfer_in_prior_usage_sum,-0.594313358095,transfer_in_prior_usage_sum,-0.594313358095,2.09675759927,0.28344399863,0,4,0,0.362035642293,-1.73472195697,0.345329037958,-0.452855203353,-1.11268199704,0.35982338493,-1.47250538197,0.392749807162,0,0,3.85022675347,0
2023,UAB,5,helpful disagreement,False,True,False,23.1334592743,-11.7492320292,0.0688522352089,0.000517685979014,0.000170849218881,0.481072786165,0.481072786165,returning_pct_ppa,0.275204917158,recruiting_points_2y_mean,-0.0318505154232,returning_pct_ppa,0.275204917158,0.933352369176,0.294856397484,5,0,0,0.853910402759,-0.0794419664164,0.170229313258,0.235857226432,0.676371013372,0.739435215951,-0.0630642025796,0.157169466104,0,0,1.85727731131,0
2023,South Alabama,6,ordinary,False,False,False,11.2212356178,2.82722463132,0.119144075303,0.000895820115057,0.000295642866756,0.108202831199,0.108202831199,coach_tenure_seasons,0.506039963808,returning_pct_ppa,-0.284275537471,coach_tenure_seasons,0.506039963808,1.74100213854,0.290660162102,3,2,2,1.2071946356,-0.53380750294,0.613218664265,0.0287987732836,0.443731179444,0.973685402759,-0.529954223315,0.704895260972,0,0,3.17209391439,0
2023,Arkansas,8,expensive miss,True,False,False,35.5783187785,3.88247860221,0.164910890305,0.00123993150605,0.000409208164528,-0.155391470901,0.155391470901,recruiting_points_2y_mean,0.0960481962828,recruiting_points_3y_mean,-0.37241588429,recruiting_points_3y_mean,-0.37241588429,0.992173068476,0.375353752408,1,2,1,0.300266329146,-0.691906739329,0.60527006565,-0.534453710782,-0.311465624294,0.293412257932,-0.604877882226,0.653268347976,0,0,1.7085605459,0
2023,Arizona State,9,large miss recovered,False,False,True,31.7479219253,12.3439895718,-0.0784608900117,-0.000589931503847,-0.000194692034769,-0.48726154429,0.48726154429,coach_tenure_seasons,0.0674428625386,transfer_in_prior_usage_sum,-0.557881852875,transfer_in_prior_usage_sum,-0.557881852875,1.05212806977,0.530241392569,0,1,0,0.173881745567,-0.878246324202,0.330533421858,0.303842019829,-0.599411777299,0.17248634685,-0.771898124149,0.365288401381,0.0118486077126,0.303842019829,3.54231423578,0
2023,Arizona,12,ordinary,False,False,False,60.8001891085,2.66579985933,0.0869596530915,0.000653831978132,0.000215780776902,0.10131811518,0.10131811518,coach_tenure_seasons,0.506039963808,returning_pct_ppa,-0.272139302012,coach_tenure_seasons,0.506039963808,1.52955650414,0.330840974124,1,2,2,0.902863901435,-0.626692602709,0.819443545905,0.184049137288,0.198829125845,0.819006598525,-0.62017747268,0.861845937692,0.104071723107,0,2.2302404956,0
2023,San Diego State,21,ordinary,False,False,False,23.1458725196,-9.48986551311,0.107027627976,0.00080471900734,0.000265577240636,0.378953395486,0.378953395486,coach_tenure_seasons,0.506039963808,returning_pct_ppa,-0.192040147987,coach_tenure_seasons,0.506039963808,0.907429423697,0.557663164311,1,1,1,0.670555778524,-0.236873645173,0.522076183529,0.23770404552,0.422446834886,0.653068718158,-0.230621883272,0.521951648912,0.0731393130141,0,1.83155232641,0
2023,San José State,23,harmful disagreement,False,False,True,30.0834649284,13.5274066401,0.0602337534588,0.000452885364352,0.000149463408086,0.565391847243,0.565391847243,coach_tenure_seasons,0.506039963808,returning_pct_ppa,-0.0767459111332,coach_tenure_seasons,0.506039963808,1.43872906552,0.351727073522,4,0,0,1.16126190574,-0.277467159788,0.385711481663,0.337561034002,0.797420588046,1.01160005692,-0.21417946887,0.349458388502,0,0,2.55357289341,0
2023,Stanford,24,ordinary,False,False,False,20.0027964751,-7.99826781582,0.0604896262942,0.000454809220257,0.000150098328273,0.309950506156,0.309950506156,returning_pct_ppa,0.278845787796,recruiting_points_3y_mean,-0.27271318222,returning_pct_ppa,0.278845787796,1.14401830195,0.243742418561,2,2,2,0.558425052201,-0.585593249751,0.976251955494,0.221022929607,0.128010178525,0.558425052201,-0.430414873676,0.870545095141,0.0393557025594,0,1.65048552178,0
2023,California,25,helpful disagreement,False,True,False,1.16148784599,-11.092259731,0.0473482948925,0.000356002217237,0.00011748956549,-0.525090924614,0.525090924614,returning_pct_ppa,0.216950986958,transfer_in_prior_usage_sum,-0.606686322132,transfer_in_prior_usage_sum,-0.606686322132,1.38923529223,0.436705233107,1,1,1,0.390141784086,-0.999093508141,0.561664084218,0.171056397728,-0.572081410525,0.366871907735,-0.93895331826,0.561900475548,0.216950986958,0.171056397728,4.56108206216,0
2023,UCLA,26,ordinary,False,False,False,12.1642119146,5.24169716975,0.00292647926318,2.20036034825e-05,7.26173514436e-06,0.234657122807,0.234657122807,coach_tenure_seasons,0.506039963808,transfer_in_prior_usage_sum,-0.557881852875,transfer_in_prior_usage_sum,-0.557881852875,2.13013601341,0.261899638973,2,2,2,1.06638827155,-1.06374774186,0.998760393859,-0.719966496134,0.0828112375493,1.06371320805,-0.980901970505,0.959497885755,0.413558001383,0.0828112375493,2.91051986774,0
2023,USC,30,ordinary,False,False,False,5.61711882994,5.25284081019,-0.0237194874063,-0.000178342010573,-5.88572888493e-05,-0.318675828972,0.318675828972,recruiting_points_2y_mean,0.0959901622528,recruiting_points_3y_mean,-0.522147502314,recruiting_points_3y_mean,-0.522147502314,1.76017784116,0.296644742426,0,4,0,0.277239514698,-1.48293832646,0.31501307222,-1.3490357618,-0.861380239933,0.277239514698,-1.13861975463,0.391620157037,0,0,2.83616487192,0
2023,Colorado State,36,ordinary,False,False,False,8.46406117994,7.79500852847,0.151653021336,0.00114024828072,0.00037631022664,-0.405997309922,0.405997309922,long_run_z_mean,0.108897732289,returning_pct_ppa,-0.361947444404,returning_pct_ppa,-0.361947444404,0.873713333241,0.414263386666,1,1,1,0.470929551252,-0.402783781989,0.922004430206,1.26141350527,-0.0962250790407,0.302838698738,-0.399063777778,0.862908192719,0.0855122770512,0.0962250790407,2.20764595229,0
2023,Colorado,38,ordinary,False,False,False,6.310360526,-10.5562073295,0.0197925225198,0.000148815958795,4.91129591062e-05,-0.501686531924,0.501686531924,returning_pct_ppa,0.661137204733,transfer_in_prior_usage_sum,-0.835586156817,transfer_in_prior_usage_sum,-0.835586156817,2.18097424821,0.383125182474,1,1,1,0.926941789203,-1.25403245901,0.850025432407,1.11151455655,-0.352193770366,0.875937296282,-1.22813106665,0.832612962311,0.661137204733,0.352193770366,4.41016836363,1
2023,UConn,41,large miss recovered,False,False,False,34.940051901,3.05313355541,-0.0280522300298,-0.00021091902278,-6.96085112401e-05,-0.155381383369,0.155381383369,recruiting_points_3y_mean,0.385586559697,transfer_in_prior_usage_sum,-0.354415333154,recruiting_points_3y_mean,0.385586559697,1.51508603821,0.254498127481,3,2,2,0.852013221187,-0.663072817022,0.875293944106,0.603283416956,0.144707255534,0.73440527733,-0.589698021796,0.890713016402,0,0,3.25960227732,0
2023,Florida State,52,ordinary,False,False,False,17.0692346171,-7.27255235132,0.0282758522697,0.000212600393006,7.01634051358e-05,-0.382018050544,0.382018050544,recruiting_points_2y_mean,0.113143363427,recruiting_points_3y_mean,-0.422134061636,recruiting_points_3y_mean,-0.422134061636,1.34800282346,0.313155176154,1,4,1,0.256667637177,-1.09133518628,0.380811720436,-1.0832966846,-0.691110170654,0.214178379969,-0.905288550623,0.382643513829,0,0,1.40456577939,0
2023,Florida,57,ordinary,False,False,False,19.7682995745,1.87286896602,0.0970287151309,0.00072953921151,0.000240766042508,-0.0640760529637,0.0640760529637,returning_pct_ppa,0.309186376442,recruiting_points_3y_mean,-0.609598224967,recruiting_points_3y_mean,-0.609598224967,2.08205193762,0.29278723261,1,4,1,0.618751995875,-1.46329994175,0.59436749362,-0.667679361878,-0.522019839804,0.618244659889,-1.14026449969,0.703146362952,0.201815443364,0,2.4348233907,0
2023,South Florida,58,ordinary,False,False,False,14.3877367986,-1.10878164485,0.140863244092,0.00105912213603,0.000349536585836,-0.0769009465006,0.0769009465006,returning_pct_ppa,0.192678516042,transfer_in_prior_usage_sum,-0.199065895801,transfer_in_prior_usage_sum,-0.199065895801,0.81859095324,0.243181157833,4,1,4,0.560787617127,-0.257803336113,0.629870963251,1.4100966923,0.165228275399,0.417929316515,-0.252701041116,0.753622433701,0.192678516042,0,2.91609265042,0
2023,Georgia Tech,59,ordinary,False,False,False,14.2036231852,-5.98720052871,-0.0739725789908,-0.000556184804442,-0.000183554786578,-0.232684693413,0.232684693413,returning_pct_ppa,0.310399999988,transfer_in_prior_usage_sum,-0.480207134198,transfer_in_prior_usage_sum,-0.480207134198,1.22329609092,0.392551842323,1,2,1,0.477900573309,-0.745395517612,0.78133262561,0.154131230435,-0.257407133708,0.428789377646,-0.686196511354,0.769138662428,0.310399999988,0.154131230435,2.23931801303,0
2023,Georgia,61,ordinary,False,False,False,4.12148082568,-0.0633272767911,-0.0312449286667,-0.000234924275689,-7.7530840364e-05,0.0397651543529,0.0397651543529,recruiting_points_2y_mean,0.251935891636,recruiting_points_3y_mean,-0.970343553717,recruiting_points_3y_mean,-0.970343553717,2.68942250698,0.360799967725,1,2,1,0.774474401646,-1.91494810533,0.575941042834,-2.89461182463,-0.717708288096,0.759351168341,-1.47705945644,0.679080272583,0,0,2.03122863606,0
2023,Hawai'i,62,ordinary,False,False,False,3.24491269962,-1.22024875406,0.588210349694,0.00442263420822,0.0014595790315,0.44173699036,0.44173699036,recruiting_points_3y_mean,0.454859073758,recruiting_points_2y_mean,-0.110950898413,recruiting_points_3y_mean,0.454859073758,1.18355448825,0.384316124246,3,0,0,0.99033086926,-0.193223618989,0.326514107982,1.4853199822,0.699096250087,0.890073152906,-0.190976902819,0.353317409879,0.0063557454749,0,2.27680971523,0
2023,Iowa State,66,ordinary,False,False,False,18.7502130091,-5.15321055784,-0.00919381780011,-6.91264496249e-05,-2.28134436727e-05,-0.20121204359,0.20121204359,recruiting_points_2y_mean,0.0655637493429,recruiting_points_3y_mean,-0.207324900765,recruiting_points_3y_mean,-0.207324900765,0.752634874121,0.275465445322,2,4,2,0.185407380042,-0.56722749408,0.492688782879,-0.126521667547,-0.278004269615,0.181603475299,-0.459607744913,0.566438856882,0,0,1.73504518076,0
2023,Boise State,68,harmful disagreement,False,False,True,12.3914219077,8.76792153413,0.0570876021224,0.000429230091146,0.000141656580949,0.665565035996,0.665565035996,coach_tenure_seasons,0.506039963808,returning_pct_ppa,-0.36316106795,coach_tenure_seasons,0.506039963808,1.43217730912,0.353336113193,1,2,2,0.741868412766,-0.690308896356,0.9639992087,-0.527714016539,0.296104050326,0.738963841166,-0.442859790839,0.749451574408,0.117819460926,0.296104050326,2.33385801332,0
2023,Northwestern,77,large miss recovered,False,False,False,29.7936706111,-8.10913895492,-0.131722968786,-0.000990398261549,-0.00032685600195,-0.353464812663,0.353464812663,coach_tenure_seasons,0.0674428625386,transfer_in_prior_usage_sum,-0.284301870278,transfer_in_prior_usage_sum,-0.284301870278,0.95930931584,0.296361002217,0,3,0,0.221065869078,-0.738243446761,0.460885483813,0.788152290122,-0.398782646553,0.221065869078,-0.619848515631,0.525774973286,0,0.398782646553,2.75907173824,0
2023,Indiana,84,helpful disagreement,False,True,False,6.99424348113,-13.9755601472,-0.0326840565924,-0.000245744786409,-8.11018774005e-05,0.567284868122,0.567284868122,coach_tenure_seasons,0.506039963808,recruiting_points_3y_mean,-0.185972719244,coach_tenure_seasons,0.506039963808,1.35897703724,0.372368296108,2,1,1,0.992324691551,-0.36665234569,0.53960050191,0.251516586367,0.642539686779,0.932746931409,-0.290207244631,0.474600357587,0.0602137438295,0,2.08936331529,0
2023,Notre Dame,87,ordinary,False,False,False,13.6049448025,-6.05270952604,0.0804101071152,0.000604587271543,0.000199528801775,-0.305301365831,0.305301365831,returning_pct_ppa,0.33588609445,recruiting_points_3y_mean,-0.72343953372,recruiting_points_3y_mean,-0.72343953372,2.37678897905,0.304376846282,1,3,1,0.673510114853,-1.70327886419,0.566739513512,-1.07422823058,-0.740178060616,0.665719643142,-1.40589770376,0.642705221732,0.33588609445,0,2.86432139516,0
2023,Kentucky,96,helpful disagreement,False,True,False,5.70148179584,-6.67899771371,0.0959898954187,0.000721728536983,0.000238188326101,-0.780769896391,0.780769896391,returning_pct_ppa,0.170833292217,transfer_in_prior_usage_sum,-0.491892711344,transfer_in_prior_usage_sum,-0.491892711344,1.56088598123,0.31513686282,1,3,1,0.347961567144,-1.21292441408,0.44585135792,-0.419517293618,-0.833501141008,0.343462502841,-1.17696364385,0.451797679998,0.170833292217,0,3.06528602026,0
2023,Louisville,97,ordinary,False,False,False,16.1527066142,-5.62315918996,-0.0115911744902,-8.71516878959e-05,-2.87622195786e-05,-0.239872321191,0.239872321191,returning_pct_ppa,0.474239178675,transfer_in_prior_usage_sum,-0.632807023988,transfer_in_prior_usage_sum,-0.632807023988,1.85172049156,0.341740034131,1,2,1,0.673925862973,-1.17779462859,0.727891564676,-0.721957454449,-0.416661232337,0.660234096635,-1.07689532897,0.760143817614,0.474239178675,0,3.010043802,0
2023,Western Kentucky,98,ordinary,False,False,False,5.42804608585,4.38528881736,0.209458093,0.0015748728797,0.000519747129032,-0.17704606559,0.17704606559,recruiting_points_3y_mean,0.563262456864,transfer_in_prior_usage_sum,-0.65617817828,transfer_in_prior_usage_sum,-0.65617817828,1.96503702951,0.333926622463,2,1,2,1.07384378153,-0.891193247982,0.907049826133,0.0245012605107,0.0311280950653,0.922321343048,-0.891193247982,0.982835486839,0,0,4.29507105607,0
2023,LSU,99,ordinary,False,False,False,2.74676159711,-6.44857632398,0.234225100717,0.00176109098283,0.000581203723863,-0.465921082274,0.465921082274,recruiting_points_2y_mean,0.16939491972,recruiting_points_3y_mean,-0.742305806373,recruiting_points_3y_mean,-0.742305806373,2.1259105311,0.349170764957,0,3,0,0.356278632985,-1.76963189811,0.335177447756,-1.45611194429,-1.06052374028,0.354948176267,-1.41547191655,0.400976217687,0,0,1.57861194154,0
2023,Boston College,103,harmful disagreement,False,False,True,22.4272699889,12.3543942032,0.236606107434,0.00177899328898,0.000587111929117,0.511641006771,0.511641006771,coach_tenure_seasons,0.506039963808,recruiting_points_3y_mean,-0.217779035376,coach_tenure_seasons,0.506039963808,1.2930187568,0.391363204242,2,1,1,0.869634265598,-0.423384491206,0.654877570767,0.565508841771,0.493565642658,0.869634265598,-0.37606862294,0.603785423314,0.0925209277039,0,1.75131430461,0
2023,Massachusetts,113,ordinary,False,False,False,0.16571638867,-3.7858291628,-0.236081948179,-0.00177505224194,-0.000585811285803,-0.616773327245,0.616773327245,recruiting_points_3y_mean,0.424073755911,transfer_in_prior_usage_sum,-0.34410452979,recruiting_points_3y_mean,0.424073755911,2.03197324334,0.208700462617,5,2,2,1.43631509509,-0.595658148253,0.586285424972,2.84113783878,0.306970055576,0.889194630433,-0.582224574857,0.791378245932,0.110152114925,0,3.62340555336,0
2023,Maryland,120,helpful disagreement,False,True,False,7.05648786428,-13.4591150826,-0.0815491873819,-0.000613151784827,-0.000202355303677,-0.567019426974,0.567019426974,recruiting_points_2y_mean,0.07456731458,recruiting_points_3y_mean,-0.352861547575,recruiting_points_3y_mean,-0.352861547575,0.992313092603,0.355594973205,0,2,0,0.2082065843,-0.784106508303,0.419638893918,-0.500342556882,-0.582939831603,0.194462670765,-0.777402502368,0.400184462085,0,0,2.01872267264,0
2023,Michigan State,127,helpful disagreement,False,True,False,9.04697592439,-16.5881070093,0.127208270274,0.000956453159955,0.000315653276114,0.6550594064,0.6550594064,coach_tenure_seasons,0.506039963808,recruiting_points_3y_mean,-0.323851878919,coach_tenure_seasons,0.506039963808,2.16958764778,0.233242461684,2,3,3,1.2656473801,-0.903940267681,0.833283014499,-0.153695648264,0.465165723309,1.23893256719,-0.773766843885,0.768884652746,0.219000115638,0.153695648264,3.61110708489,0
2023,Michigan,130,ordinary,False,False,False,15.1692459535,-1.36459573308,0.00698234971032,5.24988700024e-05,1.73259298023e-05,-0.0960577608893,0.0960577608893,coach_tenure_seasons,0.506039963808,recruiting_points_3y_mean,-0.631771644238,recruiting_points_3y_mean,-0.631771644238,2.37799892805,0.265673645512,1,3,1,0.841256191478,-1.53674273657,0.707532860133,-1.96787889098,-0.514945889695,0.822579363354,-1.33752525305,0.761610671176,0,0,3.66662991389,0
2023,Minnesota,135,ordinary,False,False,False,23.7324872615,3.41478762836,-0.0603944124536,-0.000454093326719,-0.000149862065642,-0.135245787846,0.135245787846,returning_pct_ppa,0.258214187517,recruiting_points_3y_mean,-0.218866620506,returning_pct_ppa,0.258214187517,0.991387839979,0.260457287354,1,2,2,0.352738070637,-0.638649769342,0.711604593908,-0.681644138968,-0.239227516203,0.348907171845,-0.588134688048,0.744699221622,0.201128056473,0,2.26122753255,0
2023,Missouri,142,large miss recovered,False,False,False,38.0240991765,-6.94128796257,-0.113431735536,-0.000852870192,-0.000281468326392,-0.275252019163,0.275252019163,recruiting_points_2y_mean,0.0977560548821,recruiting_points_3y_mean,-0.370529257025,recruiting_points_3y_mean,-0.370529257025,1.03613118876,0.357608439014,1,2,1,0.220102905577,-0.81602828318,0.424855284669,-0.261777201352,-0.466183960682,0.220102905577,-0.686286866258,0.485669438063,0,0,2.56532525242,0
2023,Ole Miss,145,helpful disagreement,False,True,False,14.0780243162,-18.7536249116,-0.264278103879,-0.00198705341262,-0.000655776932701,-0.924876522346,0.924876522346,recruiting_points_2y_mean,0.0996545967231,transfer_in_prior_usage_sum,-0.608061095914,transfer_in_prior_usage_sum,-0.608061095914,1.57407587272,0.386297195994,0,2,0,0.187509914834,-1.38656595789,0.238247619551,-0.724245432008,-1.09926074484,0.181477296819,-1.28073804166,0.248222395216,0.0045668664376,0,3.7456041915,0
2023,Duke,150,large miss recovered,False,False,False,28.6593593171,-6.42252783569,-0.024346256942,-0.000183054563473,-6.04125482431e-05,-0.24925116387,0.24925116387,coach_tenure_seasons,0.506039963808,returning_pct_ppa,-0.445687469066,coach_tenure_seasons,0.506039963808,1.49415618656,0.338679428804,1,2,2,0.793938156963,-0.700218029596,0.937275548426,-0.19057818404,-0.057304325767,0.636726749782,-0.694031075549,0.956938576895,0,0,2.80364580568,0
2023,East Carolina,151,large miss recovered,False,True,False,34.4675828081,-13.932420671,-0.673451704399,-0.00506354664962,-0.00167109604069,0.561760569166,0.561760569166,returning_pct_ppa,0.647787345729,transfer_in_prior_defensive_impact_db_sum,-0.0497664650213,returning_pct_ppa,0.647787345729,1.04499050443,0.619897829676,1,0,0,0.953093583009,-0.0918969214229,0.175880873622,0.0444023923143,0.738112285475,0.830009206898,-0.0918969214229,0.199362860491,0,0,4.46149325885,0
2023,NC State,152,ordinary,False,False,False,15.7446407256,-7.9520856836,-0.121224845414,-0.000911465003114,-0.000300806068025,-0.325537433668,0.325537433668,returning_pct_ppa,0.287341152617,transfer_in_prior_usage_sum,-0.335168500208,transfer_in_prior_usage_sum,-0.335168500208,1.2299063203,0.272515471037,1,3,1,0.364729526298,-0.865176794001,0.593101312317,-0.454774036855,-0.434249560649,0.360525006903,-0.794774567552,0.624123846099,0.287341152617,0,2.08234466042,0
2023,North Carolina,153,helpful disagreement,False,True,False,6.19479685856,-4.30792286266,0.135433526104,0.00101829718875,0.000336063340209,-0.725297610271,0.725297610271,recruiting_points_2y_mean,0.122461970542,recruiting_points_3y_mean,-0.533511657136,recruiting_points_3y_mean,-0.533511657136,1.48988027861,0.358090287385,0,3,0,0.276734512995,-1.21314576561,0.37148557098,-0.464140785784,-0.841347472021,0.276563591367,-1.11791106339,0.396656318455,0,0,9.0356227905,1
2023,Wake Forest,154,large miss recovered,False,False,False,28.857731647,-6.97581989506,-0.00729736586418,-5.48674125126e-05,-1.81076076034e-05,0.290858742297,0.290858742297,returning_pct_ppa,0.254573316879,coach_tenure_seasons,-0.11118089557,returning_pct_ppa,0.254573316879,0.764619198491,0.332941309061,2,2,2,0.491508613967,-0.273110584524,0.714370199083,-0.518041884447,0.236239356372,0.486696222934,-0.250456866562,0.679524701533,0,0.236239356372,1.4136275497,0
2023,Nebraska,158,ordinary,False,False,False,3.25996166261,0.543419940404,-0.00328157586886,-2.46735027734e-05,-8.14286816094e-06,-0.0214547986177,0.0214547986177,returning_pct_ppa,0.584678921346,transfer_in_prior_usage_sum,-0.381910808792,returning_pct_ppa,0.584678921346,1.82719662001,0.319986866735,1,2,2,0.800917940146,-1.02627867986,0.876663114823,0.167353881397,-0.136703213308,0.79792184013,-0.934625053438,0.921096962041,0.381910808792,0.136703213308,2.5630107336,0
2023,Rutgers,164,large miss recovered,False,False,False,32.7251674301,-2.67200149679,-0.0167292193185,-0.000125783603898,-4.15117104677e-05,-0.119093078576,0.119093078576,returning_pct_ppa,0.221805481142,recruiting_points_3y_mean,-0.223527699632,recruiting_points_3y_mean,-0.223527699632,0.699548802152,0.319531244917,2,1,2,0.38765153901,-0.311897263142,0.891709805471,0.54518207154,0.0102716069137,0.320715531684,-0.31044392477,0.98372581317,0.0182831434817,0,1.32474002213,0
2023,New Mexico State,166,expensive miss,True,False,False,30.9443284536,2.92085449031,0.450104639012,0.00338424540611,0.00111688496033,0.0993364312813,0.0993364312813,coach_tenure_seasons,0.506039963808,returning_pct_ppa,-0.268498431375,coach_tenure_seasons,0.506039963808,2.06595656033,0.244942209108,4,1,1,1.51308717527,-0.552869385059,0.535218789858,0.963866549332,0.720983998142,1.2028779167,-0.481893918562,0.572058374285,0.102009562434,0,6.02915747412,0
2023,New Mexico,167,ordinary,False,False,False,9.40152356634,8.39970904749,0.542235561114,0.00407695910612,0.00134549767026,0.75061065544,0.75061065544,coach_tenure_seasons,0.506039963808,transfer_in_prior_usage_sum,-0.237559561694,coach_tenure_seasons,0.506039963808,2.36663520496,0.213822545505,5,1,1,1.90035374321,-0.466281461751,0.394045910221,1.93368261329,1.20482251205,1.66473216954,-0.459909657493,0.43292911929,0.237559561694,0,4.12515120991,0
2023,Syracuse,183,ordinary,False,False,False,5.02653615054,-10.8179038757,-0.0722348311266,-0.000543119031027,-0.000179242757138,0.424452040719,0.424452040719,coach_tenure_seasons,0.506039963808,returning_pct_ppa,-0.176263041892,coach_tenure_seasons,0.506039963808,1.16947587287,0.432706629993,1,1,1,0.93643373567,-0.2330421372,0.398541162937,-0.102457891218,0.571412674984,0.803237740708,-0.231825065723,0.447943959116,0.108196044452,0.102457891218,2.8046892133,0
2023,Bowling Green,189,ordinary,False,False,False,21.126980106,3.85730109528,0.0339999076211,0.000255638403166,8.43670164295e-05,0.183178011576,0.183178011576,returning_pct_ppa,0.391712777558,transfer_in_prior_usage_sum,-0.284301870278,returning_pct_ppa,0.391712777558,1.78342092617,0.219641236576,5,1,1,1.31884328621,-0.464577639961,0.520996062281,0.912171444384,0.573612848068,1.03214489412,-0.458532046054,0.615199757501,0.284301870278,0,2.93813145786,0
2023,Miami (OH),193,helpful disagreement,False,True,False,17.6581395234,-19.2145318129,-0.287264218606,-0.0021598813429,-0.000712814438229,-0.815573570198,0.815573570198,recruiting_points_3y_mean,0.138904495849,transfer_in_prior_usage_sum,-0.693984457282,transfer_in_prior_usage_sum,-0.693984457282,1.49822086066,0.463205709856,0,1,0,0.535532478694,-0.962688381963,0.714891232336,0.725278537255,-0.548995835292,0.398363645186,-0.947359480478,0.592043991203,0,0.548995835292,5.15007234353,0
2023,Ohio State,194,ordinary,False,False,False,3.49467833241,-1.10741984475,-0.0119362258206,-8.97460588016e-05,-2.96184263539e-05,-0.0749765602915,0.0749765602915,recruiting_points_2y_mean,0.215382743265,recruiting_points_3y_mean,-0.905643336323,recruiting_points_3y_mean,-0.905643336323,2.54407074126,0.355981978659,0,2,0,0.533993217634,-2.01007752363,0.419794315443,-2.1805097449,-0.928904437671,0.524315654312,-1.45322009198,0.530271733691,0.0269873457541,0,3.85391683079,0
2023,Ohio,195,ordinary,False,False,False,5.80178175392,-3.46764072836,-0.0377029207395,-0.000283480607064,-9.35556345894e-05,-0.140755830334,0.140755830334,recruiting_points_3y_mean,0.353647069876,returning_pct_ppa,-0.36316106795,returning_pct_ppa,-0.36316106795,1.30377113434,0.278546639348,2,2,2,0.712444403504,-0.591326730836,0.907102044617,0.0960259619034,0.0301087174389,0.614973139509,-0.58486442207,0.974906005277,0,0,2.43309022914,0
2023,Oklahoma State,197,ordinary,False,False,False,22.6090141441,2.91371303894,0.0464111623761,0.000348956108091,0.000115164174631,0.139985508842,0.139985508842,returning_pct_ppa,0.390499154013,coach_tenure_seasons,-0.289804653678,returning_pct_ppa,0.390499154013,1.61470161073,0.241839824409,1,4,4,0.568894302463,-1.04580730827,0.70464325877,-0.482260423225,-0.225295213816,0.559501498009,-0.784796711825,0.832406818541,0.106956052414,0,5.30730300514,0
2023,Oklahoma,201,ordinary,False,False,False,21.1866241746,1.00416318822,-0.144007219762,-0.00108276105084,-0.000357338014298,0.0805654601892,0.0805654601892,recruiting_points_2y_mean,0.187053846014,recruiting_points_3y_mean,-0.737533749172,recruiting_points_3y_mean,-0.737533749172,2.14632800471,0.343625833308,1,2,1,0.569322661074,-1.57700534364,0.53050853348,-0.793867078178,-0.559057244744,0.562202580401,-1.12125982514,0.667912248648,0,0,1.83490942872,0
2023,Tulsa,202,helpful disagreement,False,True,False,15.4246478587,-23.9491804212,0.0847975052765,0.000637575227643,0.000210415645847,1.03781718557,1.03781718557,returning_pct_ppa,0.436616848754,recruiting_points_2y_mean,-0.0857309670585,returning_pct_ppa,0.436616848754,1.43392661379,0.30449037249,4,0,0,1.25187372965,-0.18205288414,0.253922177592,0.357930413377,1.08466676577,1.229023824,-0.144357058235,0.210221447089,0,0,2.08975657281,0
2023,Oregon State,204,large miss recovered,False,False,False,27.4119740137,10.9606012198,-0.113807410269,-0.000855694814056,-0.000282400521761,0.480787959033,0.480787959033,coach_tenure_seasons,0.506039963808,transfer_in_prior_usage_sum,-0.25680639464,coach_tenure_seasons,0.506039963808,1.25623302662,0.402823324245,1,1,1,0.81462108495,-0.441611941665,0.703073287056,-0.962983727471,0.38981098482,0.788200518695,-0.398389533875,0.671486387421,0.115006609108,0.38981098482,2.62160794448,0
2023,Penn State,213,ordinary,False,False,False,13.6228903947,-0.0343251498992,-0.0439702367787,-0.000330603284051,-0.000109107287292,0.022716921997,0.022716921997,returning_pct_ppa,0.235155340146,recruiting_points_3y_mean,-0.607711597702,recruiting_points_3y_mean,-0.607711597702,1.92847947547,0.31512474228,2,3,2,0.678958773358,-1.24952070211,0.704138967506,-1.57056853376,-0.365568245372,0.675243163095,-1.04081140847,0.786971666618,0,0,3.5487198046,0
2023,Temple,218,ordinary,False,False,False,30.7570085871,5.14320193585,0.0365051567675,0.000274474862914,9.05835155521e-05,-0.276916546539,0.276916546539,recruiting_points_3y_mean,0.152776755153,returning_pct_ppa,-0.162913182887,returning_pct_ppa,-0.162913182887,0.858004168562,0.189874582032,6,1,6,0.577998537379,-0.280005631183,0.652690607908,1.21782017975,0.0847329587718,0.356889004596,-0.272156045824,0.865299061307,0,0,2.87165840967,0
2023,Pittsburgh,221,ordinary,False,False,False,51.0477829763,3.12917719297,0.0719401922529,0.00054090370115,0.000178511643308,-0.123463289171,0.123463289171,returning_pct_ppa,0.367440306642,transfer_in_prior_usage_sum,-0.405969349975,transfer_in_prior_usage_sum,-0.405969349975,1.33994721528,0.302974136105,1,2,1,0.477763367815,-0.862183847463,0.713107743899,-0.651553158279,-0.29181196016,0.472239730032,-0.764051690192,0.763961833443,0.367440306642,0,2.03944857824,0
2023,Clemson,228,ordinary,False,False,False,5.62890192928,4.81921382029,-0.00383105336786,-2.88049125403e-05,-9.50633590039e-06,-0.308507708685,0.308507708685,recruiting_points_2y_mean,0.169229108205,recruiting_points_3y_mean,-0.741484568622,recruiting_points_3y_mean,-0.741484568622,2.25045112815,0.329482635435,0,3,0,0.460860596844,-1.78959053131,0.409571744153,-1.48495297813,-0.92134402679,0.45477100637,-1.37611503316,0.496776966508,0.0393557025594,0,3.0344627213,0
2023,Memphis,235,ordinary,False,False,False,22.693412612,-6.29455578091,0.115676648838,0.000869749239385,0.000287038830864,-0.248446810525,0.248446810525,returning_pct_ppa,0.119861103292,transfer_in_prior_usage_sum,-0.152323587216,transfer_in_prior_usage_sum,-0.152323587216,0.582788646195,0.261370203779,2,2,2,0.227772594191,-0.355016052004,0.781664487385,-0.0201541705111,-0.160967286747,0.173890675467,-0.334857962214,0.683601537529,0.119861103292,0,1.61802393879,0
2023,Vanderbilt,238,ordinary,False,False,False,38.1922458437,6.40607253512,0.090634369112,0.000681461421895,0.000224899178938,-0.256876326923,0.256876326923,returning_pct_ppa,0.124715597475,recruiting_points_3y_mean,-0.223216961023,recruiting_points_3y_mean,-0.223216961023,0.849997797522,0.262608869898,5,1,5,0.500498059763,-0.349499737759,0.822354454982,0.3035072923,-0.0261660356713,0.317148148287,-0.343314183959,0.96038224378,0.0393557025594,0.0261660356713,1.95973247446,0
2023,Baylor,239,expensive miss,True,False,True,59.9338144796,17.744662448,0.138638973018,0.00104239829337,0.000344017302775,-0.756696112567,0.756696112567,recruiting_points_2y_mean,0.0735227020386,transfer_in_prior_usage_sum,-0.563380948002,transfer_in_prior_usage_sum,-0.563380948002,1.3271053857,0.424518620806,0,2,0,0.217125569531,-1.10997981617,0.327216770981,-0.278030825526,-0.85314142427,0.194589085991,-1.04773051026,0.313267353389,0,0,4.95242205261,0
2023,Rice,242,ordinary,False,False,False,2.30571009805,-1.87837257801,-0.0333713207722,-0.000250912186257,-8.28072475736e-05,-0.118872183602,0.118872183602,returning_pct_ppa,0.238796210783,transfer_in_prior_usage_sum,-0.208689312274,returning_pct_ppa,0.238796210783,1.15523032891,0.206708744402,4,1,1,0.824698396813,-0.330531932093,0.57223555134,1.02663186725,0.276371154813,0.601872183493,-0.32550102868,0.701984970899,0.208689312274,0,1.82499348524,0
2023,Texas A&M,245,ordinary,False,False,False,10.170807825,-2.84122567199,0.12033585307,0.000904780850149,0.000298600131687,-0.10049861991,0.10049861991,coach_tenure_seasons,0.506039963808,recruiting_points_3y_mean,-0.878808837925,recruiting_points_3y_mean,-0.878808837925,2.46929517162,0.355894608318,2,1,2,0.888112764926,-1.58118240669,0.71932491112,-0.365168533276,-0.425470709518,0.883949243072,-1.30941995259,0.806019565534,0,0,1.75419256335,0
2023,Houston,248,ordinary,False,False,False,23.6041774687,-3.53467696483,-0.0199135722895,-0.00014972610744,-4.94133307432e-05,0.141463757721,0.141463757721,returning_pct_ppa,0.470598308038,transfer_in_prior_usage_sum,-0.259555942204,returning_pct_ppa,0.470598308038,1.04668072988,0.44961017682,1,1,1,0.574768937085,-0.4719117928,0.901730163412,-0.152525606147,0.110198869519,0.551755873666,-0.441557004147,0.889059256171,0.259555942204,0.110198869519,2.35274619851,0
2023,North Texas,249,ordinary,False,False,False,19.186073375,5.82902137673,0.00409709439437,3.08052210103e-05,1.01664873309e-05,-0.266032545024,0.266032545024,returning_pct_ppa,0.249718822696,transfer_in_prior_usage_sum,-0.391534225266,transfer_in_prior_usage_sum,-0.391534225266,1.50422582478,0.260289524895,4,1,4,0.987501581529,-0.516724243248,0.687030144991,0.581866469888,0.178128621538,0.692062072323,-0.513933450785,0.852297443792,0.249718822696,0,2.14016841519,0
2023,Texas,251,ordinary,False,False,False,19.2728395105,-2.74684522237,-0.0128001005392,-9.62413574373e-05,-3.17620360773e-05,-0.126278040629,0.126278040629,recruiting_points_2y_mean,0.219876235308,recruiting_points_3y_mean,-0.756977107813,recruiting_points_3y_mean,-0.756977107813,2.10625627407,0.359394588936,1,2,1,0.602491212084,-1.50376506199,0.572096776163,-1.2498895901,-0.595129706785,0.600849162825,-1.19597886961,0.668788723216,0,0,2.87934228567,0
2023,BYU,252,ordinary,False,False,False,21.090123841,-0.0586985965633,-0.00447808267908,-3.36697945796e-05,-1.111186769e-05,0.0183738248876,0.0183738248876,returning_pct_ppa,0.397780895288,transfer_in_prior_usage_sum,-0.574379138257,transfer_in_prior_usage_sum,-0.574379138257,1.46322921239,0.392542148142,1,1,1,0.519969710044,-0.943259502349,0.710715321482,-0.34684622773,-0.221825536526,0.516345962071,-0.738171498597,0.823178597763,0.397780895288,0,3.25354262121,0
2023,Utah,254,ordinary,False,False,False,8.77134580216,8.54412326262,-0.0105897481173,-7.96221662953e-05,-2.62772906136e-05,-0.518678728739,0.518678728739,recruiting_points_2y_mean,0.0958823847684,recruiting_points_3y_mean,-0.349865139566,recruiting_points_3y_mean,-0.349865139566,1.57960613776,0.221488845354,1,5,1,0.245734119215,-1.33387201854,0.311133406412,-1.22298534073,-0.880539260907,0.24007795987,-1.12061722078,0.352875446734,0,0,2.48683212014,0
2023,James Madison,256,expensive miss,True,False,True,82.5266881356,53.0605934111,1.40187958565,0.0105404480124,0.00347860939368,2.33377062871,2.33377062871,recruiting_points_3y_mean,0.931565392482,recruiting_points_2y_mean,-0.234082529077,recruiting_points_3y_mean,0.931565392482,3.5548121368,0.26205755934,4,1,1,2.86764273152,-0.687169405285,0.386613626172,-0.2566772526,2.18443980932,2.73933606339,-0.554896254067,0.336889569765,0,0.2566772526,5.03525777431,0
2023,Virginia,258,ordinary,False,False,False,11.7239541755,-1.54375408186,-0.0029234198412,-2.19806003098e-05,-7.25414352655e-06,0.0543527824833,0.0543527824833,returning_pct_ppa,0.498511649592,transfer_in_prior_usage_sum,-0.312484732807,returning_pct_ppa,0.498511649592,1.11029588424,0.448989910407,1,2,2,0.591820831752,-0.518475052491,0.933940330409,0.430933749717,0.0840709867103,0.591527708989,-0.507456722279,0.923501203185,0.312484732807,0,2.25080237844,0
2023,Virginia Tech,259,ordinary,False,False,False,14.0456400735,-10.215474059,-0.0254025024835,-0.000190996259274,-6.30335049218e-05,-0.400919051654,0.400919051654,recruiting_points_2y_mean,0.0698168146897,transfer_in_prior_usage_sum,-0.331731565753,transfer_in_prior_usage_sum,-0.331731565753,1.18050579759,0.281007993718,0,3,0,0.219761593382,-0.960744204207,0.372317685912,0.481619358321,-0.586259519058,0.219761593382,-0.80602111244,0.428475918213,0,0.481619358321,2.33246886414,0
2023,Washington,264,expensive miss,True,False,False,29.6392287836,-1.44170329265,0.157056501036,0.00118087594764,0.000389718364854,-0.0434940182237,0.0434940182237,coach_tenure_seasons,0.506039963808,returning_pct_ppa,-0.321897867392,coach_tenure_seasons,0.506039963808,1.62670768224,0.311082297903,1,3,3,0.644906082083,-0.98180160016,0.792897321532,-1.09699300081,-0.226410979269,0.644906082083,-0.871317061352,0.850674367919,0,0,3.17697844541,0
2023,Washington State,265,ordinary,False,False,False,0.741658942971,0.203931422748,-0.0245935214698,-0.000184913695262,-6.10261078656e-05,0.0540169840637,0.0540169840637,transfer_in_prior_defensive_impact_db_available,0.0591559945158,recruiting_points_3y_mean,-0.0923960068826,recruiting_points_3y_mean,-0.0923960068826,0.337249777104,0.273969067306,5,1,5,0.216218577796,-0.121031199308,0.71775406553,-0.243669550052,0.0716909392211,0.192379643476,-0.120688704255,0.771005469762,0,0.0716909392211,1.8083965998,0
2023,Wisconsin,275,ordinary,False,False,False,10.1064325413,3.86369837059,-0.0154445735199,-0.000116124612931,-3.83240037714e-05,-0.15837752189,0.15837752189,returning_pct_ppa,0.0591799260001,transfer_in_prior_usage_sum,-0.337918047772,transfer_in_prior_usage_sum,-0.337918047772,1.23411253984,0.273814613225,0,3,0,0.213924920331,-1.02018761951,0.346686243637,-0.560413333319,-0.548579620349,0.208089937305,-0.756669557654,0.431381993942,0.0591799260001,0,2.14293667386,0
2023,Marshall,276,helpful disagreement,False,True,False,5.20127758257,-19.2903166801,0.322905338995,0.00242785969169,0.000801253942915,0.772683973147,0.772683973147,recruiting_points_3y_mean,0.300910288906,recruiting_points_2y_mean,-0.0628987215124,recruiting_points_3y_mean,0.300910288906,1.21765652071,0.247122471558,5,0,0,1.0411471293,-0.176509391405,0.289916554306,-0.149175000957,0.837253267214,0.998783693038,-0.161530425824,0.278425338791,0,0.149175000957,3.29851522583,0
2023,West Virginia,277,ordinary,False,False,False,29.4964897322,6.32766393581,0.0746819034324,0.00056151807092,0.000185314896855,0.256601373393,0.256601373393,returning_pct_ppa,0.328604353175,recruiting_points_3y_mean,-0.248187027771,returning_pct_ppa,0.328604353175,1.03324366106,0.31803181143,1,2,2,0.438647067682,-0.594596593377,0.849068006345,-0.190220383838,0.0182627792354,0.437777770415,-0.41951499118,0.978697149849,0.0519651011381,0.0182627792354,1.34922898679,0
2023,Fresno State,278,harmful disagreement,False,False,True,21.5049292494,19.2183198728,0.798431267712,0.00600324261437,0.00198121902658,0.949626070622,0.949626070622,returning_pct_ppa,0.547056591425,transfer_in_prior_usage_sum,-0.196316348237,returning_pct_ppa,0.547056591425,1.46873353627,0.372468237374,2,1,1,1.25425246416,-0.214481072107,0.292062606063,-0.32938188756,0.988733455021,1.20321452713,-0.214481072107,0.302577044357,0.196316348237,0.32938188756,2.51370617335,0
2023,Georgia Southern,290,ordinary,False,False,False,18.1816251178,3.5723438958,0.0991674900095,0.000745620225636,0.000246073176202,-0.155341017835,0.155341017835,recruiting_points_3y_mean,0.226377414117,transfer_in_prior_usage_sum,-0.54757104951,transfer_in_prior_usage_sum,-0.54757104951,1.39806599958,0.391663233121,2,1,2,0.725866125763,-0.672199873814,0.961613935276,0.449522153079,-0.00494576483753,0.661485615848,-0.666431380686,0.996275546702,0.203601127954,0.00494576483753,2.52688643218,0
2023,Old Dominion,295,ordinary,False,False,False,17.7668188911,11.3063568579,0.390554757826,0.00293650193854,0.000969118505772,0.566754083699,0.566754083699,returning_pct_ppa,0.498511649592,recruiting_points_2y_mean,-0.0963014511075,returning_pct_ppa,0.498511649592,1.67275240903,0.298018790408,4,0,0,1.37961101133,-0.293141397703,0.350489882568,0.937882731308,0.973867782083,1.20136096933,-0.227493187243,0.318427442293,0.0393557025594,0,2.41784930333,0
2023,Louisiana,309,ordinary,False,False,False,17.279505611,-2.87200286343,0.0156802511706,0.000117896625343,3.89088118376e-05,0.108327960408,0.108327960408,recruiting_points_3y_mean,0.144741942564,lag3_z_mean,-0.0830057037052,recruiting_points_3y_mean,0.144741942564,0.650647222621,0.222458403774,4,3,3,0.426736890062,-0.22391033256,0.688269540774,0.201159379118,0.200040204559,0.340944833414,-0.140904628854,0.584849169246,0,0,2.5353383795,0
2023,Coastal Carolina,324,ordinary,False,False,False,2.82927382071,-0.0587272639468,0.276356275616,0.00207786673395,0.000685747582172,-0.0015760109232,0.0015760109232,recruiting_class_rank,0.162714717066,returning_pct_ppa,-0.355879326675,returning_pct_ppa,-0.355879326675,1.07695657239,0.330449096833,2,2,2,0.525360395316,-0.551596177076,0.975638960351,-0.0125918998233,0.0170271602201,0.479394589555,-0.462367429334,0.981919890717,0.0483933849401,0.0125918998233,2.10186841069,0
2023,Texas State,326,expensive miss,True,False,False,28.8580439405,0.116656880329,0.208837618468,0.00157020765765,0.000518207489995,-0.0244296395861,0.0244296395861,recruiting_points_3y_mean,0.646873338141,transfer_in_prior_usage_sum,-0.449962110996,recruiting_points_3y_mean,0.646873338141,2.24250632048,0.288459984363,3,1,1,1.57495869238,-0.6675476281,0.595358525416,1.25242339424,0.557304680596,1.21946674655,-0.662162065952,0.703817949165,0.185396774767,0,4.91994478754,0
2023,Utah State,328,ordinary,False,False,False,4.87228838925,-1.95979199148,0.120360925042,0.000904969361216,0.000298662345017,0.543208659123,0.543208659123,recruiting_points_3y_mean,0.332494648889,recruiting_points_4y_mean,-0.0502135428573,recruiting_points_3y_mean,0.332494648889,1.17834809319,0.282170142091,6,0,0,1.08717340515,-0.0911746880465,0.154750007359,0.689677105057,0.811350803057,0.902525491103,-0.0911746880465,0.183505427411,0,0,2.98287573016,0
2023,Alabama,333,ordinary,False,False,False,6.42915897014,1.69262621985,-0.0703876704479,-0.000529230604871,-0.000174659231881,0.277466943131,0.277466943131,coach_tenure_seasons,0.506039963808,recruiting_points_3y_mean,-1.08041160794,recruiting_points_3y_mean,-1.08041160794,3.8147983285,0.283215917305,1,3,1,1.26807696669,-2.54672136181,0.664819923621,-2.24800728718,-0.656491806907,1.25639446394,-1.91288627085,0.792857792716,0.241223457875,0,5.00866331717,3
2023,Mississippi State,344,ordinary,False,False,False,32.0017882237,-0.771941842394,0.0336671520482,0.000253136481565,8.35413202188e-05,0.052340469665,0.052340469665,coach_tenure_seasons,0.506039963808,recruiting_points_3y_mean,-0.358632407446,coach_tenure_seasons,0.506039963808,1.6081210824,0.314677774793,1,2,2,0.718025219771,-0.89009586263,0.892998950924,-0.947149838991,-0.0997725094237,0.716114164425,-0.815886673848,0.934874376742,0.0458300669959,0,2.38857149344,0
2023,Army,349,helpful disagreement,False,True,False,5.04406125295,-3.11471993485,0.214915949589,0.00161590939541,0.000533290197492,0.562140468468,0.562140468468,recruiting_points_3y_mean,0.514409908498,recruiting_points_2y_mean,-0.167285360463,recruiting_points_3y_mean,0.514409908498,1.72891122948,0.297534020098,5,1,1,1.33982978802,-0.389081441454,0.450088396467,0.352691390956,0.817756941819,1.19095967002,-0.373202728203,0.477191791116,0,0,2.70007406513,0
2023,Illinois,356,ordinary,False,False,False,19.5704403859,5.85450370823,-0.0490500170829,-0.000368797120924,-0.000121712201198,-0.232467382097,0.232467382097,returning_pct_ppa,0.36501305955,transfer_in_prior_usage_sum,-0.335168500208,returning_pct_ppa,0.36501305955,1.34124391222,0.272145175254,1,2,2,0.675583150734,-0.665660761489,0.992602099324,-0.475154597401,-0.104043452412,0.561418805823,-0.665462258235,0.915196790088,0.335168500208,0,3.76883930459,0
2023,Air Force,2005,harmful disagreement,False,False,True,23.5180559935,16.565201137,0.571024207797,0.00429341509622,0.00141693351811,0.662725549672,0.662725549672,returning_pct_ppa,0.320108988354,coach_tenure_seasons,-0.25011048521,returning_pct_ppa,0.320108988354,1.40810278212,0.227333538729,5,1,1,1.02159479454,-0.38650798758,0.548976953227,-0.331021802433,0.643038137406,1.01852280244,-0.375484665034,0.538712559,0,0.331021802433,1.65505612693,0
2023,Akron,2006,ordinary,False,False,False,16.8128334448,0.567473924139,0.121636842719,0.000914562727207,0.000301828393842,-0.0786248827669,0.0786248827669,recruiting_points_3y_mean,0.38900468439,returning_pct_ppa,-0.127718100058,recruiting_points_3y_mean,0.38900468439,1.50073396381,0.259209622605,5,2,2,1.19819668124,-0.302537282573,0.403185760926,1.77968763367,0.537722606994,0.829966273748,-0.292243666754,0.52083599727,0.101322175543,0,2.35991515605,0
2023,App State,2026,harmful disagreement,False,False,True,21.9202186403,12.624240658,0.473149363505,0.00355751401131,0.00117406789952,0.497699148976,0.497699148976,returning_pct_ppa,0.179328657038,long_run_z_mean,-0.0881902459049,returning_pct_ppa,0.179328657038,0.620200720094,0.289146160634,5,1,1,0.418280274895,-0.201920445199,0.651145471641,0.0423859752261,0.344784656371,0.415760056858,-0.0709754004863,0.291638504717,0,0,2.45876604784,0
2023,Arkansas State,2032,ordinary,False,False,False,11.5151808814,5.15003852048,0.334944386643,0.00251837884694,0.000831127510282,0.251193280255,0.251193280255,returning_pct_ppa,0.537347603058,transfer_in_prior_usage_sum,-0.181193836636,returning_pct_ppa,0.537347603058,1.11938204912,0.480039503477,1,1,1,0.918714733613,-0.200667315502,0.358532309252,1.21098638198,0.562933276407,0.755779157955,-0.192845881548,0.406579783408,0.181193836636,0,2.63624845578,0
2023,Ball State,2050,ordinary,False,False,False,24.866981443,-1.51306323659,-0.00408756715008,-3.07335875946e-05,-1.01428465263e-05,0.0378007511918,0.0378007511918,returning_pct_ppa,0.436616848754,transfer_in_prior_usage_sum,-0.508389996726,transfer_in_prior_usage_sum,-0.508389996726,1.84808651864,0.275089933074,4,1,4,1.07537199649,-0.77271452215,0.836231977624,0.689911289239,0.249763498776,0.944111378424,-0.694347879648,0.847561971684,0.436616848754,0,4.46460379338,0
2023,Buffalo,2084,ordinary,False,False,False,37.5419191084,-1.71360395479,0.0474099089272,0.000356465480656,0.000117642453914,0.0488431222239,0.0488431222239,long_run_z_mean,0.185131931552,lag3_z_mean,-0.0610993382197,long_run_z_mean,0.185131931552,0.692358533053,0.267393153567,5,1,1,0.577684425933,-0.11467410712,0.331256427546,0.440812368272,0.344419589633,0.392552494381,-0.0481329047479,0.218445652354,0,0,2.02316161368,0
2023,UCF,2116,ordinary,False,False,False,12.0456197896,10.9509218992,0.107844592588,0.000810861598407,0.000267604448109,-0.443277434651,0.443277434651,transfer_in_prior_defensive_impact_db_available,0.0591559945158,transfer_in_prior_defensive_impact_db_sum,-0.191699777961,transfer_in_prior_defensive_impact_db_sum,-0.191699777961,0.830677022454,0.230775346831,1,4,1,0.170834446311,-0.659842576143,0.411313763818,-0.340209502467,-0.463499089912,0.164798254865,-0.628297344778,0.415582320566,0,0,18.6748382861,1
2023,Central Michigan,2117,ordinary,False,False,False,11.3191847355,-6.29772201434,0.0584577911556,0.000439532264327,0.000145056553736,0.28235326764,0.28235326764,returning_pct_ppa,0.320108988354,transfer_in_prior_usage_sum,-0.0393557025594,returning_pct_ppa,0.320108988354,0.847153451705,0.377864231929,4,0,0,0.747862370412,-0.0992910812934,0.234411088318,0.934237516689,0.529952779961,0.629243861254,-0.0992910812934,0.272577402935,0.0393557025594,0,1.57291597051,0
2023,Cincinnati,2132,large miss recovered,False,False,False,42.5861563971,-9.0068144995,-0.0125548565656,-9.43974177865e-05,-3.11534902372e-05,0.393935840263,0.393935840263,returning_pct_ppa,0.673273440192,transfer_in_prior_usage_sum,-0.496017032689,returning_pct_ppa,0.673273440192,1.73385947633,0.388309115809,1,1,1,0.848135068697,-0.885724407635,0.978320423627,-0.541795536722,0.149317749832,0.839511126108,-0.690193376276,0.902387847065,0.496017032689,0.149317749832,3.08542760572,0
2023,Eastern Michigan,2199,ordinary,False,False,False,27.1681062683,-1.20381559921,0.0019400032647,1.4586490712e-05,4.81390388264e-06,0.0328063177811,0.0328063177811,recruiting_points_3y_mean,0.280068606527,coach_tenure_seasons,-0.11118089557,recruiting_points_3y_mean,0.280068606527,1.2251721075,0.228595317191,5,2,2,0.991446880461,-0.233725227035,0.381538602789,0.476039645832,0.484581486655,0.71598443284,-0.231402946185,0.488507555216,0,0,2.09587530038,0
2023,Florida Atlantic,2226,ordinary,False,False,False,30.9946029554,10.7186709118,0.0261772102956,0.000196821130042,6.49558568129e-05,-0.466469968341,0.466469968341,returning_pct_ppa,0.213310116321,transfer_in_prior_usage_sum,-0.613560191041,transfer_in_prior_usage_sum,-0.613560191041,1.51881223181,0.403973696149,2,1,2,0.771023515166,-0.747788716646,0.984701994076,0.64756253302,-0.152270191813,0.592126059126,-0.744396250938,0.886069846597,0.213310116321,0.152270191813,3.6724082359,0
2023,Florida International,2229,ordinary,False,False,False,14.7421113275,6.19392788227,-0.0177898218072,-0.000133758058701,-4.41434784297e-05,-0.511160851623,0.511160851623,long_run_z_mean,0.262404572737,returning_pct_ppa,-0.0706777934041,long_run_z_mean,0.262404572737,0.81302763765,0.322749880306,4,1,1,0.676105447837,-0.136922189813,0.336820505165,1.99420226071,0.151391113099,0.27486483778,-0.123473724681,0.6199436174,0,0,2.10494571965,0
2023,Georgia State,2247,ordinary,False,False,False,6.42344106055,-3.53915932405,0.426601404463,0.00320752935686,0.00105856427906,-0.178709149018,0.178709149018,recruiting_points_3y_mean,0.269348124537,returning_pct_ppa,-0.0803867817707,recruiting_points_3y_mean,0.269348124537,1.14676598173,0.234876277138,3,3,3,0.765783542197,-0.380982439532,0.664446705957,0.652808095033,0.186372642248,0.567169249131,-0.380796606883,0.803397304802,0,0,2.45482604645,0
2023,Iowa,2294,ordinary,False,False,False,7.37233731503,-2.21469186591,-0.00832257210675,-6.2575730126e-05,-2.06515436892e-05,-0.0793078498441,0.0793078498441,returning_pct_ppa,0.258214187517,coach_tenure_seasons,-0.408887159084,coach_tenure_seasons,-0.408887159084,1.56686138781,0.260959369007,1,3,1,0.455335715471,-1.11152567234,0.581207398451,-0.762159815451,-0.420005672902,0.450837890413,-0.870843563315,0.68221868309,0,0,3.2125128343,0
2023,Kansas,2305,large miss recovered,False,True,False,36.2873023389,-12.9470802204,-0.0885683225298,-0.000665927237066,-0.000219772512481,-0.506309521938,0.506309521938,lag3_z_mean,0.103998288833,returning_pct_ppa,-0.462678198708,returning_pct_ppa,-0.462678198708,1.0195740095,0.453795599334,0,1,0,0.469896425284,-0.54967758422,0.921750497568,0.0229438538442,-0.268142064258,0.276687757151,-0.544829821409,0.673601550038,0.0703897654503,0.0229438538442,1.56627354593,0
2023,Kansas State,2306,ordinary,False,False,False,21.6322111699,3.87948238132,-0.127960482522,-0.000962108891142,-0.000317519807746,0.20836835376,0.20836835376,returning_pct_ppa,0.159910680304,recruiting_points_3y_mean,-0.158072831332,returning_pct_ppa,0.159910680304,0.76525038728,0.208965173964,3,4,4,0.330385304778,-0.434865082502,0.863469813984,-1.20458339138,-0.00752141567243,0.327155354688,-0.33467677036,0.988635463001,0,0,2.80790456984,0
2023,Kent State,2309,helpful disagreement,False,True,False,24.0547678214,-20.1630552852,-0.577347780403,-0.00434096075491,-0.00143262476527,0.995539873513,0.995539873513,returning_pct_ppa,0.664778075371,recruiting_points_2y_mean,-0.0927365035459,returning_pct_ppa,0.664778075371,1.88480492858,0.352703913964,4,0,0,1.70400782976,-0.180797098829,0.191847014072,0.595630988613,1.34068065237,1.51906769284,-0.178387040465,0.210181793912,0,0,2.47640305475,0
2023,Liberty,2335,expensive miss,True,False,False,52.6737215266,10.2619230912,0.59310559664,0.00445944057624,0.00147172604625,0.407286838078,0.407286838078,recruiting_points_3y_mean,0.25605295122,transfer_in_prior_usage_sum,-0.223124436984,recruiting_points_3y_mean,0.25605295122,1.18511820537,0.216056887878,4,2,2,0.798641546628,-0.386476658742,0.652216221118,0.12282151557,0.432740738476,0.77774824546,-0.345007506985,0.614572681963,0.210882869229,0,2.3196348983,0
2023,Louisiana Tech,2348,ordinary,False,False,False,24.0269413484,-1.04807467602,-0.153549261543,-0.00115450572589,-0.000381015537329,0.0297497221187,0.0297497221187,returning_pct_ppa,0.278845787796,transfer_in_prior_usage_sum,-0.306985637679,transfer_in_prior_usage_sum,-0.306985637679,1.08460706855,0.283038573675,2,1,2,0.72379490924,-0.360812159306,0.665332487257,1.21270073402,0.260300718737,0.615750943966,-0.355450225229,0.731980636975,0.278845787796,0,2.97928066283,0
2023,Miami,2390,helpful disagreement,False,True,False,4.63686657981,-14.2015938717,0.214734477238,0.00161454494164,0.000532839893891,-0.566297048867,0.566297048867,recruiting_points_2y_mean,0.157133158223,recruiting_points_3y_mean,-0.646775879902,recruiting_points_3y_mean,-0.646775879902,1.79768592755,0.359782468111,0,2,0,0.423180492631,-1.37450543492,0.470805813346,0.0546427918182,-0.776259291291,0.421257147982,-1.19751643927,0.520464568113,0.0305213257755,0.0546427918182,3.88508647015,0
2023,Middle Tennessee,2393,helpful disagreement,False,True,False,0.734762493947,-22.9661225198,0.120144950008,0.00090334548878,0.000298126426818,1.09584558017,1.09584558017,coach_tenure_seasons,0.506039963808,recruiting_points_2y_mean,-0.105537152465,coach_tenure_seasons,0.506039963808,2.00524326124,0.252358391418,4,0,0,1.78623957379,-0.219003687443,0.218431041936,0.462075869508,1.37603428602,1.59299926939,-0.216964983377,0.239745048053,0.0471533929015,0,1.97582437346,0
2023,Navy,2426,helpful disagreement,False,True,False,7.86747733547,-21.1798971762,0.263742419434,0.00198302571003,0.000654447690902,0.895711540743,0.895711540743,recruiting_points_3y_mean,0.557935509291,recruiting_points_2y_mean,-0.183742153277,recruiting_points_3y_mean,0.557935509291,1.65567333964,0.3369840511,2,1,1,1.30490486825,-0.35076847139,0.423717001405,0.34903814118,0.931502379994,1.25563859003,-0.324136210034,0.410357488956,0,0,3.10702234049,0
2023,Charlotte,2429,ordinary,False,False,False,6.04310542477,-7.3160324652,-0.0265314004416,-0.000199484213847,-6.58347405499e-05,0.547366407164,0.547366407164,returning_pct_ppa,0.579824427163,recruiting_points_2y_mean,-0.119332670471,returning_pct_ppa,0.579824427163,1.98485517027,0.292124299973,4,0,0,1.74362360817,-0.241231562098,0.243072205682,1.62309486851,1.15610815792,1.39201626729,-0.235908109369,0.289826865119,0,0,2.30577795922,0
2023,UL Monroe,2433,helpful disagreement,False,True,False,9.0704210186,-15.2274738564,-0.266572723567,-0.00200430619224,-0.000661470778083,1.03059531183,1.03059531183,recruiting_points_3y_mean,0.534319375052,recruiting_points_2y_mean,-0.1717125279,recruiting_points_3y_mean,0.534319375052,2.54623476249,0.209846862089,6,1,1,2.23820306932,-0.308031693167,0.241950740524,1.11705555145,1.55925181421,1.86288865378,-0.303636839578,0.280298422989,0,0,2.03533093124,0
2023,UNLV,2439,expensive miss,True,False,False,46.235242467,2.65249207012,0.549845386632,0.00413417583934,0.00136438061199,0.122309099657,0.122309099657,recruiting_points_3y_mean,0.338287704374,recruiting_points_2y_mean,-0.126885384956,recruiting_points_3y_mean,0.338287704374,1.56197185099,0.216577337267,5,2,2,1.24912489216,-0.312846958833,0.400579509334,0.981284781236,0.611952505122,0.920031813459,-0.308079308338,0.501712431179,0.0027148748374,0,4.88532552198,0
2023,Nevada,2440,helpful disagreement,False,True,False,8.34850977499,-15.7876462699,-0.13022734036,-0.000979152935034,-0.00032314476516,1.02904901101,1.02904901101,coach_tenure_seasons,0.506039963808,transfer_in_prior_usage_sum,-0.139263236288,coach_tenure_seasons,0.506039963808,1.8604270355,0.272002047998,4,1,1,1.5394067394,-0.321020296107,0.345103882045,1.48568931616,1.1928457703,1.48956001866,-0.296714248364,0.332215778777,0.139263236288,0,2.9722416849,0
2023,Northern Illinois,2459,ordinary,False,False,False,10.8994954985,3.71003213369,0.0573612568713,0.000431287645649,0.000142335624991,0.186475037606,0.186475037606,recruiting_points_3y_mean,0.167514643438,recruiting_points_2y_mean,-0.047096884181,recruiting_points_3y_mean,0.167514643438,0.732804395584,0.228593939184,5,1,1,0.634637758351,-0.0981666372331,0.267920437772,1.33643743874,0.410449631771,0.507986051071,-0.0975364193001,0.322156233906,0.00028762774573,0,1.87601185203,0
2023,Oregon,2483,ordinary,False,False,False,13.4621020694,-8.53567658589,0.0197039646012,0.000148150109784,4.889321241e-05,-0.529857302395,0.529857302395,recruiting_points_2y_mean,0.158907341428,recruiting_points_3y_mean,-0.705372303202,recruiting_points_3y_mean,-0.705372303202,2.08698913343,0.337985613774,0,3,0,0.406918925623,-1.68007020781,0.389957876737,-1.26353265094,-0.996498525659,0.403464325888,-1.39996285155,0.447441771906,0.0167735879565,0,3.96302782373,1
2023,Purdue,2509,ordinary,False,False,False,12.5524705693,-4.87075156092,0.0203415403036,0.000152943912057,5.04752861133e-05,0.197093405745,0.197093405745,returning_pct_ppa,0.337099717996,transfer_in_prior_usage_sum,-0.143387557634,returning_pct_ppa,0.337099717996,0.840814330101,0.400920519463,1,2,2,0.536841300603,-0.303973029497,0.723044359771,-0.284996707444,0.207385145943,0.51135817544,-0.303973029497,0.745643065435,0.143387557634,0.207385145943,2.15516329042,0
2023,SMU,2567,large miss recovered,False,False,False,33.4954451878,-6.15832485267,-0.0534936332726,-0.000402207768967,-0.000132738544101,-0.248497293359,0.248497293359,returning_pct_ppa,0.24850519915,transfer_in_prior_usage_sum,-0.304236090115,transfer_in_prior_usage_sum,-0.304236090115,0.844559695842,0.360230415462,2,1,2,0.447843740287,-0.396715955556,0.939462201449,0.0307748252514,-0.0555965562392,0.328508701778,-0.384105258018,0.921982224071,0.24850519915,0.0307748252514,1.99993698868,0
2023,Southern Miss,2572,large miss recovered,False,False,False,33.4448446654,-1.74795678834,-0.0298551536582,-0.000224474839535,-7.40822671419e-05,0.0636277185963,0.0636277185963,recruiting_points_3y_mean,0.162409652014,transfer_in_prior_usage_sum,-0.0393557025594,recruiting_points_3y_mean,0.162409652014,0.649599874466,0.250014906711,6,0,0,0.554319231681,-0.0952806427848,0.293351789402,0.397513177405,0.300824426097,0.388787446485,-0.0879630203874,0.369010736222,0,0,2.1121020054,0
2023,South Carolina,2579,ordinary,False,False,False,12.4479670611,1.82568268886,0.0653844242835,0.000491612212658,0.000162244228991,-0.0699430795866,0.0699430795866,recruiting_points_2y_mean,0.121176931305,recruiting_points_3y_mean,-0.315084611038,recruiting_points_3y_mean,-0.315084611038,1.15764003748,0.272178398152,2,4,2,0.437554910979,-0.720085126502,0.755942947397,-0.583008889789,-0.221883069041,0.393718202708,-0.615601271749,0.78016567137,0.0172783573874,0,2.36907576237,0
2023,TCU,2628,ordinary,False,False,False,25.3704995453,-7.37636625781,-0.181056204268,-0.00136132484412,-0.000449270978333,0.483423477986,0.483423477986,returning_pct_ppa,0.579824427163,transfer_in_prior_usage_sum,-0.306298250788,returning_pct_ppa,0.579824427163,1.91123322283,0.303377118101,1,3,3,0.866783023987,-1.04445019885,0.907040557512,-1.68164343704,0.0649432315076,0.866783023987,-0.801839792479,0.961079741409,0.306298250788,0.0649432315076,3.36139951613,0
2023,Tennessee,2633,ordinary,False,False,False,6.10723485226,0.909264605271,-0.0252455463202,-0.000189816137746,-6.26440355341e-05,0.0786286961844,0.0786286961844,returning_pct_ppa,0.242437081421,recruiting_points_3y_mean,-0.574373784142,recruiting_points_3y_mean,-0.574373784142,1.76317172622,0.325761680273,2,2,2,0.739892582585,-1.02327914363,0.839274554581,-1.66361089383,-0.179875139774,0.730035797734,-0.909910937508,0.890316474366,0,0,3.18861904717,0
2023,UTSA,2636,helpful disagreement,False,True,False,7.2480588148,-1.56179993233,-0.0641061812174,-0.000482001362537,-0.000159072409969,-0.658086968532,0.658086968532,long_run_z_mean,0.106251233489,returning_pct_ppa,-0.27578017265,returning_pct_ppa,-0.27578017265,0.707740654432,0.389662754178,1,2,1,0.180029703346,-0.527710951086,0.508744840978,-0.299101572399,-0.479504237502,0.0482067135838,-0.527710951086,0.167408352065,0,0,2.03682282541,0
2023,UTEP,2638,helpful disagreement,False,True,False,6.41572957487,-12.3594172079,-0.0547306025823,-0.000411508290092,-0.000135807946854,0.733053035606,0.733053035606,recruiting_points_3y_mean,0.560310440084,recruiting_points_2y_mean,-0.125857353566,recruiting_points_3y_mean,0.560310440084,2.17619190382,0.257472899839,4,0,0,1.88325737604,-0.292934527787,0.269217551332,1.03853777591,1.25461245171,1.54498448084,-0.290372029123,0.316420300413,0.0393557025594,0,4.58479326835,0
2023,Texas Tech,2641,ordinary,False,False,False,2.02733742904,-2.31992801204,-0.00131787015972,-9.90879819337e-06,-3.2701492797e-06,-0.271222890983,0.271222890983,recruiting_points_2y_mean,0.0740201365821,recruiting_points_3y_mean,-0.21120913337,recruiting_points_3y_mean,-0.21120913337,1.04873387558,0.201394403564,2,6,2,0.270777081924,-0.777956793658,0.51638854857,-0.685051491348,-0.430212335628,0.258151887351,-0.688364222979,0.545478063255,0,0,3.05955616342,0
2023,Toledo,2649,ordinary,False,False,False,17.7879070558,-2.91781699501,-0.029879997319,-0.000224661633978,-7.41439139429e-05,-0.116094989292,0.116094989292,recruiting_points_3y_mean,0.13686249928,returning_pct_ppa,-0.2029627599,returning_pct_ppa,-0.2029627599,0.835567508545,0.242904083541,3,3,3,0.391296651902,-0.444270856643,0.936600927873,0.0831699990269,-0.064712214124,0.368849333573,-0.433561547697,0.919352770962,0,0.064712214124,1.63307136947,0
2023,Troy,2653,expensive miss,True,False,True,48.4061080943,19.6170867143,0.609218840239,0.00458059278375,0.00151170928099,0.786958595936,0.786958595936,coach_tenure_seasons,0.506039963808,recruiting_points_2y_mean,-0.0971222181043,coach_tenure_seasons,0.506039963808,1.42165469849,0.355951388438,2,0,0,1.20006116854,-0.221593529952,0.311740298382,-0.504077164963,0.892707343256,1.11089869059,-0.218191347336,0.328331928025,0.0737434085501,0.504077164963,2.17100937914,0
2023,Tulane,2655,ordinary,False,False,False,21.8669203432,10.5625927246,0.288986461132,0.00217283053482,0.000717087992883,0.437243082689,0.437243082689,coach_tenure_seasons,0.506039963808,recruiting_class_points,-0.00720126782156,coach_tenure_seasons,0.506039963808,0.841313352461,0.601488092787,2,0,0,0.825781070808,-0.0155322816529,0.0369238919302,-0.741756923838,0.656937678104,0.668731211921,-0.0117935338175,0.0346601174795,0,0.656937678104,1.86834083589,0
2023,Western Michigan,2711,ordinary,False,False,False,26.2123800676,1.29681383716,-0.0104702123114,-7.87234008377e-05,-2.59806757107e-05,-0.0752082356405,0.0752082356405,recruiting_points_3y_mean,0.231060688858,transfer_in_prior_usage_sum,-0.404594576194,transfer_in_prior_usage_sum,-0.404594576194,1.23144722337,0.328552103993,2,1,2,0.707796389281,-0.523650834087,0.850464111089,0.740255198044,0.109002093387,0.62580651589,-0.516804422503,0.904602616932,0.0628207966376,0,2.21288237035,0
2023,Wyoming,2751,expensive miss,True,False,False,43.4890133072,11.4348403751,1.04290977309,0.00784142686531,0.0025878654419,0.481063563947,0.481063563947,coach_tenure_seasons,0.506039963808,returning_pct_ppa,-0.142281582608,coach_tenure_seasons,0.506039963808,1.51869349057,0.333207435831,3,1,1,1.16064857725,-0.358044913322,0.471517018469,0.428467167125,0.683150963691,1.03997061086,-0.356819647164,0.510913711082,0,0,1.82481893045,0
2024,Auburn,2,ordinary,False,False,False,23.2118531546,8.67578343863,0.356271759237,0.00265874447192,0.000884049030364,-0.36908349365,0.36908349365,recruiting_points_4y_mean,0.126275011606,recruiting_points_3y_mean,-0.561077024232,recruiting_points_3y_mean,-0.561077024232,1.75378599252,0.31992331255,0,2,0,0.418837645654,-1.33494834687,0.477638260814,-0.458366091954,-0.666031918057,0.416286242388,-1.08231816045,0.555565220016,0.0643189755526,0,2.0136113139,0
2024,UAB,5,ordinary,False,False,False,24.5601286978,0.0124168830968,-0.0534437570098,-0.000398834007536,-0.000132614781662,-0.026320210174,0.026320210174,long_run_z_mean,0.127607411374,returning_pct_ppa,-0.0477722261096,long_run_z_mean,0.127607411374,0.644323112888,0.198048787669,6,2,2,0.507003474739,-0.137319638149,0.426244644659,0.841024742358,0.262341682867,0.379396063364,-0.117054380497,0.471565216406,0.0477722261096,0,1.96733772737,0
2024,South Alabama,6,ordinary,False,False,False,11.3589615637,8.43019600421,-0.0915981166939,-0.000683568035029,-0.000227290612144,0.341385880525,0.341385880525,returning_pct_ppa,0.301870236025,recruiting_points_4y_mean,-0.0451690993754,returning_pct_ppa,0.301870236025,1.03684139833,0.291144080966,3,0,0,0.984220528676,-0.0526208696539,0.101502254325,0.209557087201,0.70473254485,0.757353414504,-0.0526208696539,0.129932198301,0,0,2.93099781505,0
2024,Arkansas,8,helpful disagreement,False,True,False,4.00655722804,-14.1695471968,0.103333498414,0.000771145510554,0.00025641066604,-0.561568531564,0.561568531564,returning_pct_ppa,0.108046697233,recruiting_points_3y_mean,-0.373887437257,recruiting_points_3y_mean,-0.373887437257,1.42877929276,0.261683129895,2,3,2,0.304883183267,-1.12389610949,0.4267743588,0.043128642628,-0.666775704508,0.298875788053,-0.965651492561,0.472707536856,0.108046697233,0.043128642628,4.72986393016,0
2024,Arizona State,9,large miss recovered,False,False,False,51.8611063555,-4.04324170683,-0.095233466446,-0.000710697510791,-0.000236311331132,-0.157671840775,0.157671840775,recruiting_points_trend,0.0724159980343,transfer_in_prior_usage_sum,-0.176952161194,transfer_in_prior_usage_sum,-0.176952161194,0.735900019105,0.240456796576,2,4,2,0.214360497082,-0.521539522022,0.582580490602,0.231650303269,-0.202291841409,0.214360497082,-0.416652338492,0.679417232099,0,0.202291841409,3.17285344173,0
2024,Arizona,12,ordinary,False,False,False,54.2949576107,8.86593370324,0.084328823949,0.000629319581709,0.000209252664886,-0.398326934112,0.398326934112,lag3_z_mean,0.0924459859883,recruiting_points_3y_mean,-0.216938031824,recruiting_points_3y_mean,-0.216938031824,0.823517132979,0.263428680639,3,3,3,0.285827991449,-0.53768914153,0.694164043474,-0.927371737166,-0.332970762362,0.193382005461,-0.526352767823,0.537370188684,0,0,2.38481222989,0
2024,San Diego State,21,large miss recovered,False,False,False,40.1134204741,-2.26968722767,-0.228365558518,-0.00170422058596,-0.000566663916919,0.0776128021859,0.0776128021859,returning_pct_ppa,0.291735671905,transfer_in_prior_usage_sum,-0.121164171077,returning_pct_ppa,0.291735671905,0.760629572256,0.383545003436,1,2,2,0.448373551434,-0.312256020822,0.821046228575,0.571001111729,0.172331360241,0.42626131474,-0.253929954499,0.74664279294,0.121164171077,0,2.927938367,0
2024,San José State,23,ordinary,False,False,False,3.19520417203,-9.51362353945,0.0753753033574,0.000562502263861,0.000187035492202,0.380376370554,0.380376370554,returning_pct_ppa,0.471624185032,recruiting_points_4y_mean,-0.0502244165193,returning_pct_ppa,0.471624185032,1.19541912708,0.394526216244,3,0,0,1.05168456417,-0.143734562904,0.240475594957,0.150099094419,0.711450513274,0.851769757989,-0.140319244715,0.282876323259,0.0315219305463,0,1.45781975876,0
2024,Stanford,24,ordinary,False,False,False,30.3830699741,4.39788327793,0.0732596636779,0.000546713908044,0.00018178576595,-0.17096892017,0.17096892017,coach_tenure_seasons,0.45440708831,recruiting_points_3y_mean,-0.341290591897,coach_tenure_seasons,0.45440708831,1.63405131019,0.278086180939,1,3,3,0.663477562658,-0.970573747536,0.812064539857,0.341680556721,-0.223172297668,0.61913603929,-0.842308336958,0.847293334392,0.038901266783,0.223172297668,1.39136325208,0
2024,California,25,harmful disagreement,False,False,True,28.2953355516,17.2292310175,0.316303816009,0.00236047623887,0.000784872992578,-0.696842344988,0.696842344988,recruiting_points_4y_mean,0.0357495650748,transfer_in_prior_usage_sum,-0.533137021173,transfer_in_prior_usage_sum,-0.533137021173,1.02640926989,0.519419530604,0,1,0,0.134437260721,-0.891972009168,0.261956443039,-0.170916494842,-0.712624252595,0.113470686861,-0.826094939456,0.24153860823,0.0231697227292,0,3.70036539597,0
2024,UCLA,26,ordinary,False,False,False,3.04328194677,-2.64595363384,0.00251524498245,1.87704849437e-05,6.24130268599e-06,0.121855314541,0.121855314541,transfer_in_prior_usage_sum,0.074332204548,transfer_in_prior_defensive_impact_db_sum,-0.131559496862,transfer_in_prior_defensive_impact_db_sum,-0.131559496862,0.745674768295,0.176430130742,4,5,4,0.323128854014,-0.422545914281,0.86667503784,-0.523966284422,0.012966642781,0.314898352599,-0.301931709818,0.978978581669,0.00596714911527,0.012966642781,3.08397491153,0
2024,USC,30,ordinary,False,False,False,9.36210707159,3.64420673114,0.0131536001075,9.81611948322e-05,3.26392062221e-05,0.180496573309,0.180496573309,returning_pct_ppa,0.493160133786,recruiting_points_3y_mean,-0.455489675137,returning_pct_ppa,0.493160133786,2.31449916617,0.213074232643,2,4,4,0.924360106736,-1.39013905944,0.798756050765,-0.937755085977,-0.208679545965,0.886898712413,-1.09557825838,0.894737972224,0.15787934406,0,5.73152361641,0
2024,Colorado State,36,ordinary,False,False,False,0.0924783080694,-4.17333173567,0.151110480586,0.00112769015363,0.000374963971677,-0.197586876901,0.197586876901,long_run_z_mean,0.120116861081,returning_pct_ppa,-0.0287699183849,long_run_z_mean,0.120116861081,0.462911280305,0.259481387022,4,0,0,0.372240427672,-0.0906708526325,0.39174181529,0.68303397714,0.122959154734,0.199347717775,-0.0763885630405,0.554069727891,0.0287699183849,0,2.11511284322,0
2024,Colorado,38,helpful disagreement,False,True,False,35.4116043935,-12.7195386068,0.120709861605,0.000900819862721,0.000299528192567,-0.497441768278,0.497441768278,long_run_z_mean,0.0548213864559,recruiting_points_3y_mean,-0.185640655298,recruiting_points_3y_mean,-0.185640655298,0.751327571971,0.247083512204,3,3,3,0.261639782627,-0.489687789344,0.696473262495,0.2291364191,-0.308070380251,0.167930966898,-0.476001347149,0.521579561189,0,0.2291364191,2.53027034456,0
2024,UConn,41,expensive miss,True,False,False,44.8791647433,5.08674360037,0.306957696633,0.00229072907935,0.000761681629363,0.286643096695,0.286643096695,returning_pct_ppa,0.407016338768,recruiting_points_4y_mean,-0.0845115592082,returning_pct_ppa,0.407016338768,1.63774340578,0.248522654606,5,0,0,1.32941073296,-0.308332672823,0.376533554322,1.26979592254,0.739892532736,1.04094012589,-0.301047593159,0.448659237167,0.081111255095,0,3.19775695729,0
2024,Florida State,52,expensive miss,True,False,False,76.8773924472,1.29007428056,0.280175511686,0.00209086202751,0.000695224594754,-0.059857263214,0.059857263214,returning_pct_ppa,0.508361979966,recruiting_points_3y_mean,-0.54065994609,recruiting_points_3y_mean,-0.54065994609,2.1496143916,0.251514852247,1,3,1,0.790003670383,-1.35961072121,0.735018962909,-1.45382658475,-0.376176962625,0.773143149911,-1.14932011254,0.804325539024,0.262303017869,0,2.51061647121,0
2024,Jacksonville State,55,harmful disagreement,False,False,True,16.784007812,12.9294229373,0.0556554553926,0.000415339219348,0.000138102866979,0.837935965809,0.837935965809,recruiting_points_3y_mean,0.674112153542,transfer_in_prior_usage_sum,-0.324766493983,recruiting_points_3y_mean,0.674112153542,2.66518805973,0.252932302875,4,3,3,1.79354819867,-0.871639861058,0.654092575476,0.0581039819829,0.881803435884,1.66785239544,-0.786048959561,0.640652451621,0.27019972315,0,3.2274938572,0
2024,Florida,57,helpful disagreement,False,True,False,8.264086188,-13.784351417,0.0687617080756,0.000513147075191,0.000170624585795,-0.608776132491,0.608776132491,recruiting_points_4y_mean,0.160293433118,recruiting_points_3y_mean,-0.616205337703,recruiting_points_3y_mean,-0.616205337703,1.85405930797,0.332354706806,1,3,1,0.341204342168,-1.51285496581,0.368061950015,-0.388636237436,-0.921173503704,0.336666079809,-1.25783958351,0.422282701847,0,0,1.4355066453,0
2024,South Florida,58,ordinary,False,False,False,14.9078697856,10.0704391307,0.013412181117,0.000100090903858,3.32808464442e-05,-0.397180957967,0.397180957967,lag3_z_mean,0.0723941660765,returning_pct_ppa,-0.31253771374,returning_pct_ppa,-0.31253771374,0.777333261684,0.40206399127,0,1,0,0.343765988216,-0.433567273468,0.884475179851,0.389073642058,-0.188842100336,0.227587079766,-0.416429180102,0.706774328377,0.0652726164093,0.188842100336,1.61981998432,0
2024,Georgia Tech,59,ordinary,False,False,False,1.01604750053,-9.39916286224,0.104434516902,0.000779362066432,0.000259142721841,-0.458662949235,0.458662949235,transfer_in_prior_usage_sum,0.0833917926867,returning_pct_ppa,-0.29986950859,returning_pct_ppa,-0.29986950859,1.08190344471,0.277168457182,1,3,1,0.293360572553,-0.788542872155,0.542304535563,-0.299283510951,-0.46868178434,0.25525084494,-0.72393262928,0.521354478829,0.0833917926867,0,2.25603196284,0
2024,Georgia,61,ordinary,False,False,False,0.835539764303,-2.52878639743,0.273096210274,0.00203803141996,0.000677658090011,-0.576397455985,0.576397455985,recruiting_points_4y_mean,0.249026005545,recruiting_points_3y_mean,-1.00912947367,recruiting_points_3y_mean,-1.00912947367,2.96630791406,0.34019714167,0,3,0,0.555782956933,-2.41052495712,0.374730454852,-2.41203907302,-1.31833980879,0.523313499376,-1.84165330817,0.442554625043,0.0105015175795,0,5.96583028569,1
2024,Hawai'i,62,ordinary,False,False,False,16.3058991087,0.204991748995,0.0256609340584,0.000191499507898,6.36747743384e-05,-0.0278272761986,0.0278272761986,recruiting_points_3y_mean,0.350158977873,returning_pct_ppa,-0.359410072794,returning_pct_ppa,-0.359410072794,1.4206666718,0.252986910954,4,2,4,0.900562233355,-0.520104438448,0.732197705163,0.834449123187,0.263207371511,0.764986717058,-0.501779345547,0.792221011219,0.091974560397,0,2.37930462501,0
2024,Iowa State,66,helpful disagreement,False,True,False,18.3821854691,-15.7570636506,-0.276795532841,-0.00206563830479,-0.000686837550475,-0.670802507694,0.670802507694,recruiting_points_4y_mean,0.0523011100759,returning_pct_ppa,-0.365744175369,returning_pct_ppa,-0.365744175369,1.03509491217,0.353343612329,0,2,0,0.140403496508,-0.894691415661,0.271286226716,-0.501251540881,-0.689161360179,0.140158365953,-0.829319726132,0.289141894174,0,0,2.28881222084,0
2024,Boise State,68,expensive miss,True,False,False,36.3917648528,10.4966274459,0.267604449906,0.00199704813362,0.000664030893066,0.439828561962,0.439828561962,returning_pct_ppa,0.142250851137,long_run_z_mean,-0.215101489565,long_run_z_mean,-0.215101489565,0.792569909207,0.271397497011,2,3,2,0.340103741053,-0.452466168154,0.858230263607,-0.520081321383,0.140478705068,0.336599196052,-0.196120490985,0.736299017126,0,0.140478705068,2.37871412871,0
2024,Northwestern,77,ordinary,False,False,False,20.5390460655,-5.6576086176,-0.00185209088855,-1.38215737951e-05,-4.59575902866e-06,0.22266417509,0.22266417509,returning_pct_ppa,0.244863312851,recruiting_points_3y_mean,-0.142207561345,returning_pct_ppa,0.244863312851,0.74171217963,0.330132522527,1,1,1,0.492933099162,-0.248779080469,0.670823770462,-0.314711808131,0.249031222435,0.445392161797,-0.196360939363,0.611951664925,0,0.249031222435,2.28924409169,0
2024,Indiana,84,large miss recovered,False,True,False,59.7746879599,-17.2970912221,-0.141615477858,-0.00105683192431,-0.000351403170864,-0.698253872523,0.698253872523,returning_pct_ppa,0.228394646156,transfer_in_prior_usage_sum,-0.558885324304,transfer_in_prior_usage_sum,-0.558885324304,1.30318511432,0.428861040663,1,2,1,0.468801297679,-0.834383816641,0.719470000889,0.541506563447,-0.470244225696,0.360993291594,-0.83123751729,0.605576183578,0.228394646156,0.470244225696,3.80075981104,1
2024,Notre Dame,87,ordinary,False,False,False,16.8707825898,-6.29924604179,-0.0528543639761,-0.00039443555206,-0.000131152267931,-0.371478963642,0.371478963642,returning_pct_ppa,0.30313705654,recruiting_points_3y_mean,-0.728708503989,recruiting_points_3y_mean,-0.728708503989,2.4168635761,0.301509986412,2,3,2,0.661434997576,-1.75542857852,0.547349882812,-1.40885538547,-0.777998113043,0.65114068464,-1.42913879768,0.626012697018,0.30313705654,0,1.89492357912,0
2024,Kentucky,96,harmful disagreement,False,False,True,25.3456511154,11.8003770293,0.202118064315,0.00150834376355,0.00050153365835,-0.485196008664,0.485196008664,returning_pct_ppa,0.319605723234,recruiting_points_3y_mean,-0.43289213234,recruiting_points_3y_mean,-0.43289213234,1.65393185255,0.261735168636,1,3,1,0.525733917147,-1.12819793541,0.635738306069,-0.448203655889,-0.522004539432,0.520696126566,-1.042700666,0.666108730736,0.17218395691,0,3.35710568546,0
2024,Louisville,97,ordinary,False,False,False,20.9718229283,1.03782376435,0.0638521602795,0.000476508658803,0.000158442085061,0.0625587450089,0.0625587450089,returning_pct_ppa,0.581837569835,transfer_in_prior_usage_sum,-0.340978388547,returning_pct_ppa,0.581837569835,1.75118386984,0.33225384259,1,3,3,0.76924989377,-0.981933976067,0.878548400336,-0.863708597861,-0.0941137270114,0.760891587497,-0.855005314509,0.941757591778,0.340978388547,0,5.49606045585,0
2024,Western Kentucky,98,ordinary,False,False,False,14.790268297,0.249991538425,0.0255554286858,0.000190712154372,6.34129744064e-05,-0.0169133663056,0.0169133663056,recruiting_points_3y_mean,0.362911392376,transfer_in_prior_usage_sum,-0.345746592831,recruiting_points_3y_mean,0.362911392376,1.66635322788,0.21778779331,4,3,3,0.965779993885,-0.700573233996,0.840846013048,0.15737707998,0.187786428972,0.862154932564,-0.674368503592,0.877784858628,0.29300249242,0,3.56848300927,0
2024,LSU,99,ordinary,False,False,False,8.05864665623,2.64329075886,-0.02219212927,-0.000165612905,-5.50673182878e-05,0.174844147762,0.174844147762,returning_pct_ppa,0.518496544086,recruiting_points_3y_mean,-0.705494264118,recruiting_points_3y_mean,-0.705494264118,2.66767683885,0.26446016768,2,3,2,0.990937278069,-1.67673956078,0.742921529053,-1.39418934722,-0.340442182804,0.976576459037,-1.31701864184,0.851568316189,0.253720250159,0,4.3590663273,0
2024,Boston College,103,helpful disagreement,False,True,False,1.71257404811,-10.9523184448,0.153579923928,0.00114611883528,0.00038109162265,-0.560827803806,0.560827803806,recruiting_class_rank,0.084529776856,returning_pct_ppa,-0.341674585585,returning_pct_ppa,-0.341674585585,1.09941751625,0.310777826016,0,3,0,0.259645221826,-0.839772294428,0.472332335964,-0.0106393694453,-0.54373096591,0.243518858334,-0.787249824244,0.472499528653,0,0,2.4271214839,0
2024,Massachusetts,113,ordinary,False,False,False,4.29427077945,-3.74083493651,0.00849061197928,6.33627759648e-05,2.10685160776e-05,0.33519141427,0.33519141427,coach_tenure_seasons,0.45440708831,recruiting_points_4y_mean,-0.0977418784113,coach_tenure_seasons,0.45440708831,2.32175431476,0.19571712882,6,0,0,2.06969302413,-0.252061290633,0.217130028815,1.81247781786,1.24454854438,1.46526558499,-0.220717040614,0.261825996617,0.0348596735448,0,2.67496600274,1
2024,Maryland,120,ordinary,False,False,False,32.2075674412,7.04652384615,0.0693489971246,0.000517529829288,0.000172081878721,-0.282981441682,0.282981441682,returning_pct_ppa,0.306937518084,recruiting_points_3y_mean,-0.301976153404,returning_pct_ppa,0.306937518084,1.2650807478,0.242622867052,2,3,3,0.481574656989,-0.783506090813,0.761334259217,-0.54339143166,-0.279084350649,0.475073908134,-0.754158258783,0.772960423458,0.177905802051,0,2.40165286027,0
2024,Michigan State,127,ordinary,False,False,False,8.18687558512,-3.98234052238,-0.0153568436677,-0.000114603310953,-3.81063118305e-05,0.16088077783,0.16088077783,returning_pct_ppa,0.394348133618,recruiting_points_3y_mean,-0.346510492133,returning_pct_ppa,0.394348133618,1.56413798379,0.252118507258,1,3,3,0.654524237965,-0.909613745822,0.83691367993,0.00729697469332,-0.0282075044984,0.653807628423,-0.682015132922,0.978883797077,0.179336263336,0.00729697469332,2.903868478,0
2024,Michigan,130,ordinary,False,False,False,10.0054211788,-1.98135074742,-0.00107857729206,-8.0490842691e-06,-2.67637045176e-06,0.347816837279,0.347816837279,returning_pct_ppa,0.446287774732,recruiting_points_3y_mean,-0.60856269896,recruiting_points_3y_mean,-0.60856269896,2.41502971887,0.251989735035,2,3,2,0.923998512801,-1.49103120607,0.765206743074,-2.82086599552,-0.205968415951,0.900583289503,-1.10655170545,0.897381881902,0,0,4.10683249656,0
2024,Minnesota,135,helpful disagreement,False,True,False,17.6575972234,-15.8393877762,0.0233764593402,0.000174451189106,5.80061025813e-05,-0.634685288427,0.634685288427,returning_pct_ppa,0.0789098253883,transfer_in_prior_usage_sum,-0.413931914085,transfer_in_prior_usage_sum,-0.413931914085,1.2646757211,0.327302807493,0,2,0,0.245316081851,-1.01935963925,0.387950962855,-0.0874782792433,-0.679581253048,0.237304639588,-0.916885892636,0.411205313097,0.0789098253883,0,2.46597324511,0
2024,Missouri,142,harmful disagreement,False,False,True,9.22054533668,3.32350842394,-0.105622110935,-0.000788224708471,-0.000262089605298,-0.988631869224,0.988631869224,recruiting_points_4y_mean,0.10401734036,recruiting_points_3y_mean,-0.434081476697,recruiting_points_3y_mean,-0.434081476697,1.81166742084,0.239603291257,0,5,0,0.24652182202,-1.56514559882,0.27214909225,-1.31787470994,-1.19088816696,0.236794128399,-1.42768229535,0.284526863847,0,0,2.65988170269,0
2024,Ole Miss,145,helpful disagreement,False,True,False,8.69369254449,-12.8807249058,0.282451646675,0.00210784810952,0.000700872572395,-0.751964032003,0.751964032003,recruiting_points_4y_mean,0.114447081046,recruiting_points_3y_mean,-0.435314870846,recruiting_points_3y_mean,-0.435314870846,1.55928425647,0.279176082898,1,3,1,0.21435194859,-1.34493230788,0.274936334027,-1.26999056588,-0.958969204793,0.206057528852,-1.16502673365,0.300576025104,0,0,2.46989097953,0
2024,Duke,150,ordinary,False,False,False,7.20568657337,-7.26817368447,-0.0526298128145,-0.000392759797123,-0.000130595069019,-0.285825860488,0.285825860488,returning_pct_ppa,0.147318133197,recruiting_points_3y_mean,-0.153264058893,recruiting_points_3y_mean,-0.153264058893,0.790581615271,0.193862412093,4,2,4,0.443190983384,-0.347390631886,0.878822945478,-0.379248842361,-0.0703304222325,0.277060209654,-0.347390631886,0.887372363757,0.141190629067,0,2.06911022555,0
2024,East Carolina,151,expensive miss,True,False,False,31.3250277538,10.6385276128,0.444019258486,0.00331357655586,0.00110178476051,0.556407575553,0.556407575553,coach_tenure_seasons,0.45440708831,transfer_in_prior_usage_sum,-0.0777735120965,coach_tenure_seasons,0.45440708831,1.1538857144,0.393805974578,2,0,0,1.04643114679,-0.107454567604,0.186248198176,1.1999855667,0.839493485432,0.946629016332,-0.1071355309,0.203338651279,0.0777735120965,0,2.09950272404,0
2024,NC State,152,ordinary,False,False,False,36.6193205206,7.00696062338,0.070215022602,0.000523992705985,0.000174230825315,-0.290692647046,0.290692647046,returning_pct_ppa,0.344942133534,transfer_in_prior_usage_sum,-0.317614187558,returning_pct_ppa,0.344942133534,1.5465415238,0.223040977708,1,4,4,0.517607421093,-1.02893410271,0.669374101021,-0.709947931414,-0.396072125586,0.512520522471,-0.908592648057,0.721294451561,0.317614187558,0,1.97021747195,0
2024,North Carolina,153,ordinary,False,False,False,22.2927331364,0.383217722256,0.0458087347944,0.000341856229809,0.000113669317108,-0.00705312678198,0.00705312678198,coach_tenure_seasons,0.45440708831,recruiting_points_3y_mean,-0.470863052206,recruiting_points_3y_mean,-0.470863052206,1.90724162719,0.246881698413,3,2,3,0.912665556488,-0.994576070707,0.957052890913,-0.406396105054,-0.0350210541325,0.907853990466,-0.942875044598,0.98107715745,0.204325056371,0,3.03165000071,0
2024,Wake Forest,154,helpful disagreement,False,True,False,10.2656894582,-13.4740889123,-0.0323496329533,-0.000241415171293,-8.02720420677e-05,0.532790940328,0.532790940328,coach_tenure_seasons,0.45440708831,transfer_in_prior_usage_sum,-0.136422424784,coach_tenure_seasons,0.45440708831,1.42959611767,0.317856968618,2,2,2,0.94294941732,-0.486646700346,0.680817042425,0.210087685894,0.537223698903,0.936493060521,-0.399269361619,0.597814933256,0.136422424784,0,3.13244580812,0
2024,Nebraska,158,ordinary,False,False,False,14.0458402194,-7.86789055526,-0.016854605204,-0.000125780635851,-4.18228416973e-05,-0.304177347857,0.304177347857,recruiting_points_4y_mean,0.0983490030307,recruiting_points_3y_mean,-0.390648382744,recruiting_points_3y_mean,-0.390648382744,1.07801809133,0.362376462776,1,3,1,0.303023668931,-0.774994422397,0.562186611466,-0.051423784966,-0.373357059122,0.303023668931,-0.676380728053,0.618791726613,0.0161017132351,0,1.68110456042,0
2024,Rutgers,164,ordinary,False,False,False,2.39175058944,-9.35178411941,0.0259168403635,0.000193409256444,6.4309777577e-05,-0.365339226023,0.365339226023,returning_pct_ppa,0.227127825641,recruiting_points_3y_mean,-0.262793864284,recruiting_points_3y_mean,-0.262793864284,1.03826090831,0.253109658835,1,3,1,0.418649039232,-0.619611869079,0.806442842798,-0.223160333388,-0.248297190612,0.365001902931,-0.613299093543,0.74619550475,0.187442210618,0,2.27818937537,0
2024,New Mexico State,166,helpful disagreement,False,True,False,21.9768006706,-13.7789494667,-0.071089841626,-0.000530521206164,-0.000176401592124,0.674390431653,0.674390431653,returning_pct_ppa,0.602106698074,recruiting_points_4y_mean,-0.0941813228149,returning_pct_ppa,0.602106698074,2.23020127846,0.269978635511,4,0,0,1.99077175997,-0.239429518495,0.214715614063,0.509342627334,1.32003120311,1.54986761582,-0.229836412702,0.25828610715,0,0,3.28832931265,0
2024,New Mexico,167,helpful disagreement,False,True,False,6.84608202778,-3.36120703241,-0.0434430277182,-0.00032420169939,-0.000107799076224,1.05382921366,1.05382921366,recruiting_points_3y_mean,0.630007300275,recruiting_points_2y_mean,-0.140521650966,recruiting_points_3y_mean,0.630007300275,2.77337461705,0.227162712315,6,0,0,2.27631017057,-0.497064446474,0.358454601422,1.07529120976,1.52295007726,1.99777717149,-0.474827094235,0.384070431987,0.0868331002352,0,2.80765680499,1
2024,Syracuse,183,large miss recovered,False,False,False,42.7471665311,-2.49995290697,-0.0191986670538,-0.00014327363473,-4.7639372342e-05,-0.105303881053,0.105303881053,returning_pct_ppa,0.376612646408,transfer_in_prior_usage_sum,-0.219865999746,returning_pct_ppa,0.376612646408,1.06002391978,0.355286932099,1,1,1,0.598924123087,-0.461099796689,0.869979984578,0.29613794837,0.0668898478937,0.527989644583,-0.461099796689,0.932372296071,0.219865999746,0,1.80502563165,0
2024,Bowling Green,189,ordinary,False,False,False,10.6551162974,9.68126015715,-0.0273984607535,-0.000204466125026,-6.79862549714e-05,0.403157147331,0.403157147331,coach_tenure_seasons,0.45440708831,recruiting_points_4y_mean,-0.0629172933682,coach_tenure_seasons,0.45440708831,1.31450885723,0.345685832249,3,0,0,1.13484447116,-0.179664386071,0.273355915531,0.378229479474,0.746058726707,0.917218156055,-0.171159429348,0.314522150481,0.025696520856,0,1.45680142432,0
2024,Miami (OH),193,ordinary,False,False,False,4.29829213219,-4.7926276113,0.112679072362,0.000840888599718,0.000279600675837,-0.190197861972,0.190197861972,long_run_z_mean,0.139245259388,coach_tenure_seasons,-0.130720854506,long_run_z_mean,0.139245259388,0.600804449653,0.231764693934,4,1,1,0.416759799632,-0.184044650021,0.6126607422,-0.0712669550147,0.0844670201385,0.260409939752,-0.175942919614,0.806424964738,0,0.0712669550147,1.89787397158,0
2024,Ohio State,194,ordinary,False,False,False,12.0023380325,-0.469518509558,0.144879354799,0.00108118921491,0.000359502121088,0.00187310900135,0.00187310900135,returning_pct_ppa,0.491893313271,recruiting_points_3y_mean,-0.850528201078,recruiting_points_3y_mean,-0.850528201078,3.04341385237,0.279465180332,2,3,2,0.879684985113,-2.16372886726,0.578090938522,-1.95061928692,-0.748095256254,0.858156516709,-1.60625177296,0.696440212692,0.289004961857,0,2.58371833942,0
2024,Ohio,195,expensive miss,True,False,True,55.0209553531,27.3563482216,0.687168237375,0.00512812117444,0.00170513210267,1.18799246195,1.18799246195,returning_pct_ppa,0.610974441679,recruiting_points_4y_mean,-0.0688501531061,returning_pct_ppa,0.610974441679,1.89691755955,0.322088030975,3,0,0,1.76445825205,-0.132459307506,0.139657421419,0.1150266991,1.45432033354,1.58658437335,-0.132264039811,0.153898434322,0.040581518685,0,2.94843565528,0
2024,Oklahoma State,197,expensive miss,True,False,False,66.6915951947,8.62997181957,0.562148106251,0.00419513512128,0.00139490845224,-0.432937629402,0.432937629402,recruiting_points_4y_mean,0.0605768825765,coach_tenure_seasons,-0.308543652254,coach_tenure_seasons,-0.308543652254,1.42917372884,0.21588953535,0,5,0,0.146970516547,-1.28220321229,0.205672009751,-1.00052977692,-0.806474112235,0.14409009107,-0.950564203305,0.263261363537,0.0214051370008,0,2.71600655848,0
2024,Oklahoma,201,ordinary,False,False,False,25.0704850101,2.03025595772,0.203969542669,0.00152216076619,0.000506127897441,-0.107963018849,0.107963018849,returning_pct_ppa,0.276533825725,recruiting_points_3y_mean,-0.745557549058,recruiting_points_3y_mean,-0.745557549058,2.59150204249,0.287693212983,2,3,2,0.725142780129,-1.86635926237,0.559631262672,-1.46718792526,-0.697639120749,0.720694003145,-1.41833312389,0.673852139634,0.276533825725,0,4.61156314451,0
2024,Tulsa,202,large miss recovered,False,False,False,35.6428545024,-3.56718542456,-0.0155255604514,-0.000115862391428,-3.85249638992e-05,0.139708667342,0.139708667342,coach_tenure_seasons,0.45440708831,transfer_in_prior_usage_sum,-0.126409195788,coach_tenure_seasons,0.45440708831,1.11048945446,0.409195320573,2,2,2,0.727188070421,-0.383301384037,0.690328723966,0.874742700004,0.313051327217,0.691349130444,-0.378297803226,0.707332094953,0,0,2.24891503543,0
2024,Oregon State,204,large miss recovered,False,True,False,41.390445697,-13.7981544257,-0.0553419991031,-0.000412999993307,-0.000137325059809,0.576397146986,0.576397146986,returning_pct_ppa,0.686983672578,transfer_in_prior_usage_sum,-0.187919031046,returning_pct_ppa,0.686983672578,1.26228082893,0.544239963748,1,1,1,0.863937989596,-0.398342839336,0.631147729104,-0.743187095256,0.515982236337,0.851638901714,-0.335656665377,0.565413827325,0.187919031046,0.515982236337,1.67761027331,0
2024,Penn State,213,ordinary,False,False,False,11.9151263914,-9.2276657257,-0.252089726255,-0.00188126661384,-0.000625532819492,-0.605754235517,0.605754235517,recruiting_points_4y_mean,0.158828062949,recruiting_points_3y_mean,-0.708049151997,recruiting_points_3y_mean,-0.708049151997,2.0319735213,0.348453926478,0,2,0,0.4156495742,-1.6163239471,0.409109242658,-1.42943549449,-0.958530605406,0.397761592717,-1.35629219812,0.453534087488,0.090544099112,0,2.80151562987,0
2024,Temple,218,ordinary,False,False,False,0.304490217127,-10.0762894284,0.273861955343,0.0020437459354,0.000679558201844,0.798990439802,0.798990439802,returning_pct_ppa,0.476691467092,recruiting_points_4y_mean,-0.038577033,returning_pct_ppa,0.476691467092,1.6499353209,0.28891524477,5,0,0,1.5795797977,-0.0703555231977,0.0852827650957,1.69176982231,1.26393582645,1.32106651148,-0.0571306850325,0.0829064014596,0,0,1.89882877657,0
2024,Pittsburgh,221,ordinary,False,False,False,8.73310961484,-0.977581508019,0.0773776151239,0.000577444888984,0.000192004007752,-0.0406918366877,0.0406918366877,returning_pct_ppa,0.0649747997235,recruiting_points_3y_mean,-0.133507727617,recruiting_points_3y_mean,-0.133507727617,0.833347797204,0.160206492493,5,6,5,0.278667327316,-0.554680469888,0.668789977609,0.267749151164,-0.125648893717,0.271350315,-0.396999208717,0.812001222027,0.0172173176957,0.125648893717,3.1358849339,0
2024,Clemson,228,ordinary,False,False,False,1.78849903061,-5.63709402867,0.183631228108,0.00137038229931,0.000455660615651,-0.53863649188,0.53863649188,recruiting_points_4y_mean,0.186896829649,recruiting_points_3y_mean,-0.69060543475,recruiting_points_3y_mean,-0.69060543475,2.34883386048,0.294020554782,1,4,1,0.476529724976,-1.87230413551,0.405758562147,-1.0960671216,-1.02505069286,0.462522213598,-1.48757290646,0.474358618552,0.113908300101,0,2.63602966073,0
2024,Memphis,235,ordinary,False,False,False,8.23436764543,-11.4743746652,0.0198904527484,0.00014843621454,4.93559621548e-05,-0.459072233308,0.459072233308,long_run_z_mean,0.0499299901793,returning_pct_ppa,-0.235261662326,returning_pct_ppa,-0.235261662326,0.524455260195,0.448582901503,0,2,0,0.130492510579,-0.393962749615,0.497630667413,-0.359153292431,-0.329803493096,0.0641592565187,-0.393962749615,0.280096811154,0,0,1.25413740268,0
2024,Vanderbilt,238,helpful disagreement,False,True,False,39.0403085313,-14.3756466886,0.0226950738692,0.000169366222905,5.63153197747e-05,-0.627074373163,0.627074373163,returning_pct_ppa,0.569169364685,transfer_in_prior_usage_sum,-0.580819064008,transfer_in_prior_usage_sum,-0.580819064008,1.85228843728,0.313568368899,1,2,1,0.848672406709,-1.00361603057,0.916350164078,0.939880854872,-0.321191064178,0.680837352211,-1.00202841639,0.809140413828,0.569169364685,0.321191064178,2.73619795899,1
2024,Baylor,239,ordinary,False,False,False,28.1693197267,-8.92757347624,0.0809416863075,0.000604042435131,0.000200847856842,-0.35691642782,0.35691642782,returning_pct_ppa,0.0763761843583,transfer_in_prior_usage_sum,-0.231786510454,transfer_in_prior_usage_sum,-0.231786510454,1.03533359081,0.223876161762,1,5,1,0.213610399736,-0.821723191075,0.412640721082,0.352240454223,-0.435552708732,0.210635920383,-0.646188629115,0.49166639893,0.0763761843583,0.352240454223,2.72097903656,0
2024,Rice,242,ordinary,False,False,False,6.40769418395,-6.79724915636,-0.0124480837781,-9.28961475981e-05,-3.08885453552e-05,0.295326116141,0.295326116141,coach_tenure_seasons,0.45440708831,transfer_in_prior_usage_sum,-0.336210184264,coach_tenure_seasons,0.45440708831,1.83468983918,0.247675153918,5,1,1,1.40598947094,-0.428700368239,0.467327347745,0.64758566066,0.726643811744,1.14472808512,-0.418084273376,0.535040910194,0.180255466587,0,2.96837792111,0
2024,Texas A&M,245,helpful disagreement,False,True,False,3.20685047945,-12.3746236342,0.273526226119,0.00204124049342,0.000678725126845,-0.571274291606,0.571274291606,recruiting_points_4y_mean,0.201533736263,recruiting_points_3y_mean,-0.780268784388,recruiting_points_3y_mean,-0.780268784388,1.86452606205,0.418481028649,1,1,1,0.424178184467,-1.44034787758,0.454998396752,-0.692141691081,-0.805644294738,0.423125405272,-1.22876970001,0.512290888107,0.0497729535438,0,2.04333602128,0
2024,Houston,248,ordinary,False,False,False,8.66571513847,-1.57308105464,0.0127008318643,9.47823273454e-05,3.1515711822e-05,0.0576051809742,0.0576051809742,coach_tenure_seasons,0.45440708831,transfer_in_prior_usage_sum,-0.206515027752,coach_tenure_seasons,0.45440708831,1.04893131775,0.433209573037,1,2,2,0.510235256525,-0.538696061229,0.972866855796,0.236072002498,0.0574631489468,0.508389288593,-0.450926139646,0.94009983864,0,0,1.19823456786,0
2024,North Texas,249,ordinary,False,False,False,2.86892588256,2.08480485462,0.0137767086357,0.000102811258476,3.41853812301e-05,0.0734767200116,0.0734767200116,returning_pct_ppa,0.528631108206,transfer_in_prior_usage_sum,-0.228925587884,returning_pct_ppa,0.528631108206,1.39663685302,0.378502906508,3,1,1,1.0980840905,-0.298552762521,0.427530981836,0.82881841537,0.540345988754,0.835060160693,-0.294714171939,0.521722194294,0.228925587884,0,2.17429507046,0
2024,Texas,251,ordinary,False,False,False,10.5645010589,-5.60488939293,-0.0123043769392,-9.18237085017e-05,-3.05319527028e-05,-0.416772571046,0.416772571046,recruiting_points_4y_mean,0.196012355828,recruiting_points_3y_mean,-0.857598192538,recruiting_points_3y_mean,-0.857598192538,2.24692842671,0.38167579454,0,2,0,0.582108670931,-1.66481975577,0.518137261528,-1.70244948745,-0.82325652613,0.569841133418,-1.39309765955,0.580600001854,0.0172173176957,0,2.75219691522,0
2024,BYU,252,large miss recovered,False,False,False,40.1934041267,-6.99656956698,-0.180640513187,-0.00134806353124,-0.000448239486816,-0.269983064031,0.269983064031,returning_pct_ppa,0.0611743381786,transfer_in_prior_usage_sum,-0.237985176023,transfer_in_prior_usage_sum,-0.237985176023,0.944066132967,0.252085280588,1,4,1,0.201566185038,-0.742499947929,0.427017087043,-0.0798318846536,-0.389145269094,0.19979096657,-0.588936235664,0.506616143083,0.0611743381786,0,2.30307569495,0
2024,Utah,254,expensive miss,True,False,False,31.3333270792,5.66601502784,0.305625593571,0.00228078801172,0.000758376162707,-0.248694930828,0.248694930828,returning_pct_ppa,0.371545364348,coach_tenure_seasons,-0.328301740893,returning_pct_ppa,0.371545364348,1.83240600089,0.202763669279,1,4,4,0.513330959517,-1.31907504137,0.560280810331,-0.816912284267,-0.553239343373,0.499913583765,-1.05315292714,0.643776142561,0.318567828415,0,3.17981242146,0
2024,James Madison,256,harmful disagreement,False,False,True,17.8940925245,1.24039618044,-0.099543377012,-0.000742861022478,-0.000247005898293,1.40338088703,1.40338088703,returning_pct_ppa,0.728788749572,transfer_in_prior_usage_sum,-0.187919031046,returning_pct_ppa,0.728788749572,2.42242790489,0.30085054259,2,1,1,1.75148140696,-0.670946497931,0.553945483023,-0.878797257943,1.29602515592,1.7483703141,-0.452345158187,0.411089178844,0.187919031046,0.878797257943,4.35363515462,0
2024,Virginia,258,ordinary,False,False,False,0.139926469476,-0.342360547764,0.0113577716807,8.47594901543e-05,2.81830562796e-05,-0.0197651632171,0.0197651632171,recruiting_class_rank,0.0662660784024,recruiting_points_3y_mean,-0.0316866356549,recruiting_class_rank,0.0662660784024,0.228235481206,0.290340827167,3,2,2,0.141381864508,-0.0868536166978,0.761087769867,0.339082168301,0.0656118472424,0.141381864508,-0.0757700172659,0.697852734656,0.00662370372191,0,1.51779946873,0
2024,Virginia Tech,259,ordinary,False,False,False,3.04671965857,-2.13015399112,0.262173125526,0.00195651586214,0.000650553661355,-0.334646628319,0.334646628319,recruiting_points_4y_mean,0.0647756509685,returning_pct_ppa,-0.285934482926,returning_pct_ppa,-0.285934482926,1.05516888032,0.27098456774,0,3,0,0.206522489193,-0.848646391125,0.391449166186,-0.391685703837,-0.495518905757,0.193654830593,-0.68917373635,0.438714463587,0.0237892391426,0,1.89229531692,0
2024,Washington,264,ordinary,False,False,False,16.6986721176,-4.35273960849,-0.00753356503589,-5.62206345962e-05,-1.86937097665e-05,0.271998157156,0.271998157156,returning_pct_ppa,0.743990595752,transfer_in_prior_usage_sum,-0.526938355605,returning_pct_ppa,0.743990595752,2.02422398143,0.367543613048,1,1,1,1.05041994253,-0.973804038898,0.962150481205,-1.68671135682,0.126439614225,1.00645775679,-0.880018142563,0.93297575958,0.526938355605,0.126439614225,4.47064748959,0
2024,Washington State,265,harmful disagreement,False,False,True,10.2169896432,8.3602492661,-0.035017930519,-0.000261327839694,-8.68931278388e-05,0.474485144583,0.474485144583,coach_tenure_seasons,0.45440708831,transfer_in_prior_usage_sum,-0.208899129893,coach_tenure_seasons,0.45440708831,1.38962454511,0.326999900735,2,1,1,0.956402855809,-0.4332216893,0.623508977047,-0.103324032337,0.529019314051,0.953026904389,-0.424007590337,0.615827115386,0.208899129893,0.103324032337,2.1111244634,0
2024,Wisconsin,275,ordinary,False,False,False,13.5045897019,0.395212625842,0.0471828528907,0.000352110842468,0.000117079039431,0.00174426233638,0.00174426233638,returning_pct_ppa,0.129582645987,recruiting_points_3y_mean,-0.283761564814,recruiting_points_3y_mean,-0.283761564814,1.44647511234,0.196174522737,2,6,2,0.405722694721,-1.04075241762,0.560981231216,-0.539208019174,-0.336226852772,0.401915850474,-0.738142703246,0.705079312221,0.129582645987,0,3.17007524044,0
2024,Marshall,276,expensive miss,True,False,True,48.1467018398,12.3783630119,0.414584758524,0.00309391610839,0.00102874629907,0.505729587058,0.505729587058,coach_tenure_seasons,0.45440708831,transfer_in_prior_usage_sum,-0.386276329241,coach_tenure_seasons,0.45440708831,1.84211660205,0.246676615261,3,1,1,1.28706434708,-0.555052254973,0.602624453148,0.372544224228,0.67272054329,1.22777279826,-0.555052254973,0.622665980563,0.386276329241,0,2.58219169977,0
2024,West Virginia,277,ordinary,False,False,False,25.0371123167,4.36444838836,0.107497244542,0.000802218242853,0.000266742542289,-0.17997006234,0.17997006234,coach_tenure_seasons,0.45440708831,returning_pct_ppa,-0.3429414061,coach_tenure_seasons,0.45440708831,1.82216919288,0.249377000822,1,4,4,0.64243610731,-1.17973308557,0.705133321123,-0.690959476979,-0.375527632333,0.642292955891,-1.01782058822,0.773794007245,0.0514448239871,0,3.28631703988,0
2024,Fresno State,278,ordinary,False,False,False,17.1404915552,-10.0872678546,-0.0936247281045,-0.00069869200078,-0.000232319424577,0.396750574862,0.396750574862,coach_tenure_seasons,0.45440708831,returning_pct_ppa,-0.0895773031039,coach_tenure_seasons,0.45440708831,0.772988918561,0.587857183199,1,0,0,0.600748748233,-0.172240170328,0.445647191551,-0.105020466878,0.448326419414,0.585092317666,-0.136765898252,0.378927316295,0,0.105020466878,1.98033145927,0
2024,Georgia Southern,290,ordinary,False,False,False,28.3518932659,8.3399862013,0.215625358423,0.00160914446585,0.00053505051718,0.354710232084,0.354710232084,returning_pct_ppa,0.251197415425,recruiting_points_4y_mean,-0.0447282286942,returning_pct_ppa,0.251197415425,0.928495199737,0.27054250307,6,0,0,0.850816981971,-0.0776782177664,0.167320666361,0.594774421952,0.624795007597,0.697343816082,-0.0725488084852,0.188464744745,0,0,1.89590542409,0
2024,Old Dominion,295,ordinary,False,False,False,10.185470961,3.723418241,-0.0940971817517,-0.000702217774266,-0.000233491766133,0.145090749911,0.145090749911,recruiting_points_3y_mean,0.351194147962,recruiting_points_4y_mean,-0.0769831674814,recruiting_points_3y_mean,0.351194147962,1.09693251889,0.32016021215,3,0,0,0.925950006753,-0.170982512136,0.311746637449,0.554717944184,0.539727269956,0.699908383574,-0.160181113619,0.3724754555,0.00100542313173,0,1.87966810332,0
2024,Louisiana,309,ordinary,False,False,False,28.9443653743,9.19956757186,0.184768008762,0.00137886573703,0.000458481411321,0.366135905502,0.366135905502,recruiting_points_3y_mean,0.185016311308,lag3_z_mean,-0.0638279496811,recruiting_points_3y_mean,0.185016311308,0.820405443085,0.225518142118,4,1,1,0.691478436038,-0.128927007047,0.314300711029,0.403794021487,0.539650481856,0.602110638071,-0.0624601562149,0.18797141479,0,0,1.2002707411,0
2024,Coastal Carolina,324,ordinary,False,False,False,26.6800439514,-5.77631904549,-0.145687923411,-0.00108722330904,-0.000361508494817,0.226144462213,0.226144462213,returning_pct_ppa,0.436153210612,transfer_in_prior_usage_sum,-0.231309690026,returning_pct_ppa,0.436153210612,0.969817365837,0.449727160985,1,1,1,0.652949154849,-0.316868210988,0.653459552592,-0.0469393783364,0.325883699149,0.614744980684,-0.288861281536,0.639352101934,0.231309690026,0.0469393783364,1.70478241013,0
2024,Texas State,326,ordinary,False,False,False,19.1184554502,-8.07186416148,-0.0369693034837,-0.000275890324505,-9.17352443764e-05,-0.357285486298,0.357285486298,recruiting_points_3y_mean,0.33009429806,transfer_in_prior_usage_sum,-0.525984714748,transfer_in_prior_usage_sum,-0.525984714748,1.89924365552,0.276944305286,3,1,3,1.20929802696,-0.689945628567,0.726547777649,0.492688986016,0.183671791959,0.861638787927,-0.677966995968,0.880702064204,0.28033428727,0,4.72282400409,0
2024,Utah State,328,ordinary,False,False,False,24.8160563947,-3.82014390561,-0.0830343402085,-0.000619659255287,-0.000206040546423,0.141406365573,0.141406365573,coach_tenure_seasons,0.45440708831,transfer_in_prior_usage_sum,-0.510249640612,transfer_in_prior_usage_sum,-0.510249640612,1.83796014856,0.277617358033,4,1,4,1.13222873351,-0.705731415053,0.767950725815,0.499784003616,0.364025504104,1.0267593766,-0.662733872496,0.784535685893,0.185322748647,0,3.25955511309,0
2024,Alabama,333,ordinary,False,False,False,3.00900826308,2.34314102719,0.342188447408,0.00255364512991,0.000849102847166,-0.219534145556,0.219534145556,recruiting_points_4y_mean,0.267202473914,recruiting_points_3y_mean,-1.03100019492,recruiting_points_3y_mean,-1.03100019492,2.91527512018,0.353654510267,1,2,1,0.64852639524,-2.26674872494,0.444916084079,-2.04853043021,-1.03011777538,0.627140640715,-1.65725841609,0.549063998995,0,0,2.98887378662,2
2024,Mississippi State,344,ordinary,False,False,False,29.9941092524,0.11118565624,0.191192182465,0.00142680733183,0.000474422288996,-0.001632460665,0.001632460665,returning_pct_ppa,0.533698390266,recruiting_points_3y_mean,-0.380340731643,returning_pct_ppa,0.533698390266,1.89562530655,0.281542131993,1,2,2,0.880802548642,-1.01482275791,0.929300263715,-0.0130992402206,-0.0500857684032,0.869480307792,-0.919566076195,0.972004209141,0.338594286405,0,3.56437097145,1
2024,Army,349,expensive miss,True,False,True,65.5540307038,13.9191753477,0.331121816586,0.00247105833273,0.00082164222478,0.594034253761,0.594034253761,recruiting_points_3y_mean,0.719714699704,recruiting_points_4y_mean,-0.149113809687,recruiting_points_3y_mean,0.719714699704,2.07342691451,0.347113609198,2,0,0,1.54928757647,-0.52413933804,0.50557782806,0.44832444549,0.895424125591,1.39255867997,-0.497134554378,0.526153711451,0.113646892888,0,2.5134152526,0
2024,Illinois,356,large miss recovered,False,False,False,47.5328746121,-5.22380086972,-0.156279639002,-0.0011662659627,-0.000387790667498,-0.210689638446,0.210689638446,returning_pct_ppa,0.209392338431,recruiting_points_3y_mean,-0.229448172476,recruiting_points_3y_mean,-0.229448172476,0.920960953245,0.249139957202,3,2,3,0.486943046535,-0.43401790671,0.942532699526,0.161838452784,-0.0284428642412,0.405575042469,-0.43401790671,0.966123031084,0,0.0284428642412,3.12683143865,0
2024,Air Force,2005,helpful disagreement,False,True,False,21.5150797778,-25.5393498223,0.03983014847,0.000297239913956,9.88341153103e-05,1.01511842205,1.01511842205,recruiting_points_3y_mean,0.504333246472,coach_tenure_seasons,-0.269027474977,recruiting_points_3y_mean,0.504333246472,2.19976382318,0.229266997282,4,1,1,1.58512510717,-0.614638716016,0.558822460428,-0.290991642932,1.01985441256,1.58108973633,-0.561235323762,0.523949735003,0,0.290991642932,3.33991831891,0
2024,Akron,2006,ordinary,False,False,False,12.229408109,1.91543368039,0.291190800556,0.00217306567579,0.000722557817757,0.199374041424,0.199374041424,returning_pct_ppa,0.433619569582,recruiting_points_4y_mean,-0.0796703792522,returning_pct_ppa,0.433619569582,1.62343674012,0.267099763647,4,0,0,1.48767296865,-0.135763771469,0.167254772685,2.33706179975,0.933914654995,1.05082517044,-0.116910515444,0.200234551118,0.00148224356008,0,3.87076010223,0
2024,App State,2026,ordinary,False,False,False,25.5970857684,-11.5540915233,0.0383672712328,0.000286322919648,9.52041469796e-05,0.459021360459,0.459021360459,coach_tenure_seasons,0.45440708831,returning_pct_ppa,-0.33787412404,coach_tenure_seasons,0.45440708831,1.31137396073,0.34651220927,1,1,1,0.765868997517,-0.545504963208,0.831959425069,-0.317025454362,0.350683674611,0.765868997517,-0.415185322907,0.703075744658,0.107709634533,0.317025454362,2.66684861238,0
2024,Arkansas State,2032,harmful disagreement,False,False,True,16.29891437,14.0973769951,-0.0653959097696,-0.000488029177385,-0.000162272728957,-0.750989643905,0.750989643905,long_run_z_mean,0.123579356586,returning_pct_ppa,-0.31253771374,returning_pct_ppa,-0.31253771374,0.800206162823,0.390571490524,2,1,2,0.31739485093,-0.482811311893,0.793282695575,0.622540410975,-0.386151902578,0.0828296431496,-0.468981545728,0.300210089317,0,0.386151902578,2.60789915425,0
2024,Ball State,2050,ordinary,False,False,False,14.8632358371,-9.31067737547,0.0365083572751,0.000272450427426,9.05914572582e-05,0.450729529493,0.450729529493,coach_tenure_seasons,0.45440708831,recruiting_points_4y_mean,-0.0496911729335,coach_tenure_seasons,0.45440708831,1.24251122562,0.365716686448,4,0,0,1.11461784476,-0.12789338086,0.205862737049,0.971105468811,0.813862501496,0.933204931881,-0.119342430385,0.226768760558,0.0296146488329,0,1.57794602005,0
2024,Buffalo,2084,expensive miss,True,False,False,43.6415482454,9.57452510293,0.784120000262,0.005851641793,0.00194570719668,0.634183944408,0.634183944408,returning_pct_ppa,0.597039416015,transfer_in_prior_usage_sum,-0.12593237536,returning_pct_ppa,0.597039416015,1.80638458695,0.330516225796,3,0,0,1.61626684302,-0.190117743929,0.210495312352,1.45051702123,1.14538601191,1.33117687337,-0.185790861464,0.244950313968,0.12593237536,0,2.37042808393,0
2024,UCF,2116,ordinary,False,False,False,12.8088462393,5.83691077794,0.300269795522,0.00224081936957,0.000745086341246,-0.226423984742,0.226423984742,coach_tenure_seasons,0.45440708831,transfer_in_prior_usage_sum,-0.615626955278,transfer_in_prior_usage_sum,-0.615626955278,1.88113807285,0.327263035161,2,2,2,0.848532179234,-1.03260589361,0.902147685469,-0.13668119791,-0.174205932479,0.84130631588,-1.01551224836,0.906180422883,0.268932902635,0,2.73730218734,1
2024,Central Michigan,2117,helpful disagreement,False,True,False,13.1142918041,-13.1607061428,0.0159907042559,0.00011933361385,3.9679166888e-05,0.62563842678,0.62563842678,coach_tenure_seasons,0.45440708831,recruiting_points_4y_mean,-0.0277190179383,coach_tenure_seasons,0.45440708831,1.16045281839,0.391577392124,4,0,0,1.09008928572,-0.070363532676,0.121269096961,0.870449610731,0.915273628902,0.969948099665,-0.0546744707632,0.106721191473,0,0,1.85714975603,0
2024,Cincinnati,2132,ordinary,False,False,False,7.63597778375,0.440788007921,0.0605084723727,0.000451555763975,0.000150145092736,0.0150787432246,0.0150787432246,returning_pct_ppa,0.385480390013,transfer_in_prior_usage_sum,-0.359097564824,returning_pct_ppa,0.385480390013,1.32323011136,0.291317728264,1,3,3,0.500021698079,-0.823208413283,0.755759249711,0.285309416366,-0.115945916958,0.495377995926,-0.611323912884,0.89523292945,0.359097564824,0.115945916958,2.35251233352,0
2024,Eastern Michigan,2199,ordinary,False,False,False,8.23371540341,-0.592367544388,0.0330031096658,0.000246291863178,8.18935723717e-05,-0.00717794768093,0.00717794768093,returning_pct_ppa,0.514696082541,transfer_in_prior_usage_sum,-0.224157383601,returning_pct_ppa,0.514696082541,1.6737295752,0.307514481532,3,2,2,1.25168974687,-0.422039828329,0.504310653983,1.2201235879,0.536046288325,0.955203345448,-0.419157057124,0.609966725379,0.224157383601,0,3.38866526223,0
2024,Florida Atlantic,2226,helpful disagreement,False,True,False,13.0718620666,-14.2195391627,-0.243892221598,-0.00182009120595,-0.000605191616868,0.732029906038,0.732029906038,returning_pct_ppa,0.741456954722,transfer_in_prior_usage_sum,-0.251336148017,returning_pct_ppa,0.741456954722,2.07484377244,0.357355558317,2,1,1,1.70252011424,-0.372323658198,0.358893197785,0.902968779756,1.12476940927,1.49079262219,-0.366023212915,0.394248267378,0.251336148017,0,2.9616115133,0
2024,Florida International,2229,ordinary,False,False,False,1.88394430806,0.7695882826,-0.144644714014,-0.00107943816428,-0.000358919885891,-0.0787675137519,0.0787675137519,coach_tenure_seasons,0.45440708831,recruiting_points_trend,-0.171371793667,coach_tenure_seasons,0.45440708831,1.60820737253,0.282555033679,5,1,1,1.36470229868,-0.24350507385,0.302827953669,1.86415446012,0.660331144066,0.882508613795,-0.222177469729,0.402245439755,0,0,2.88892252684,0
2024,Georgia State,2247,helpful disagreement,False,True,False,18.790773363,-12.2301551588,-0.127623189772,-0.000952411863968,-0.000316682853032,0.51654077901,0.51654077901,coach_tenure_seasons,0.45440708831,transfer_in_prior_usage_sum,-0.306170497277,coach_tenure_seasons,0.45440708831,1.96372632316,0.231400416112,5,1,1,1.52483733598,-0.438888987174,0.446996082904,0.379041460761,0.891653416918,1.32441104534,-0.432757628425,0.492562421451,0.306170497277,0,1.88376350121,0
2024,Iowa,2294,ordinary,False,False,False,0.441492011696,-9.16914022439,0.158983819144,0.00118644641152,0.00039450079192,-0.475822158266,0.475822158266,returning_pct_ppa,0.0852439279632,coach_tenure_seasons,-0.427092184087,coach_tenure_seasons,-0.427092184087,1.49310798244,0.286042395533,0,3,0,0.258900151159,-1.23420783128,0.34679360663,-0.813672729022,-0.747423423151,0.251911851928,-0.999335275079,0.402657231319,0.0801576142382,0,2.12438693438,0
2024,Kansas,2305,ordinary,False,False,False,4.15187055239,-5.5962024162,0.15180856479,0.00113289973724,0.000376696190547,-0.220366308026,0.220366308026,recruiting_points_trend,0.0893662528473,transfer_in_prior_defensive_impact_db_sum,-0.0818955019922,recruiting_points_trend,0.0893662528473,0.623556891804,0.14331691947,7,5,5,0.380028219606,-0.243528672198,0.781095279033,-0.547993199916,-0.0170289649057,0.226499707292,-0.243528672198,0.96377034739,0.0363708414748,0,3.10489085784,0
2024,Kansas State,2306,ordinary,False,False,False,9.11624348944,1.16709681943,0.0184713497968,0.000137845894006,4.58346148804e-05,0.0815104878578,0.0815104878578,returning_pct_ppa,0.28540156933,transfer_in_prior_usage_sum,-0.219389179317,returning_pct_ppa,0.28540156933,1.0446393622,0.273205835101,1,3,3,0.390423268892,-0.654216093311,0.747479528378,-1.08759827998,-0.115995101211,0.375943869788,-0.491938970999,0.866347050824,0.219389179317,0,1.59902771265,0
2024,Kent State,2309,ordinary,False,False,False,8.14665576727,-1.6097681217,-0.0256480402487,-0.000191403285438,-6.36427797734e-05,0.143565434077,0.143565434077,coach_tenure_seasons,0.45440708831,returning_pct_ppa,-0.121247815978,coach_tenure_seasons,0.45440708831,1.48566922265,0.305860201841,3,1,1,1.23120549194,-0.254463730715,0.342557719895,2.67160209833,0.723041431311,0.971959442666,-0.248918011355,0.407769036172,0.101034148536,0,1.78342716569,0
2024,Liberty,2335,ordinary,False,False,False,39.5029528486,-2.84382273686,0.0390629562215,0.000291514598668,9.69304124602e-05,0.136289260733,0.136289260733,recruiting_points_3y_mean,0.227546384546,returning_pct_ppa,-0.159252431428,recruiting_points_3y_mean,0.227546384546,0.750010719038,0.303390843318,2,1,1,0.428590550488,-0.321420168549,0.857108199631,-0.744818644423,0.131773592255,0.428590550488,-0.296816958233,0.818345425611,0,0.131773592255,1.87831740838,0
2024,Louisiana Tech,2348,ordinary,False,False,False,1.53381108467,-7.52021318274,-0.0972515552621,-0.00072575787509,-0.000241318995688,0.437179151543,0.437179151543,returning_pct_ppa,0.445020954217,recruiting_points_4y_mean,-0.0425364715936,returning_pct_ppa,0.445020954217,1.08383704888,0.41059765827,2,0,0,1.00464975114,-0.0791872977436,0.146123991287,1.45713727344,0.776609926554,0.841122110995,-0.0645121844409,0.142468510228,0,0,2.11771424361,0
2024,Miami,2390,helpful disagreement,False,True,False,14.241102052,-17.470038974,0.231242644643,0.00172569137794,0.000573803088445,-0.785096219984,0.785096219984,recruiting_points_4y_mean,0.177105301759,recruiting_points_3y_mean,-0.701089285015,recruiting_points_3y_mean,-0.701089285015,2.30904920933,0.303626827086,1,2,1,0.601155408751,-1.70789380058,0.520695190317,-0.512092001457,-0.949017444873,0.601155408751,-1.55017285362,0.558869066395,0.175188184527,0,3.79338599083,0
2024,Middle Tennessee,2393,ordinary,False,False,False,27.7487813346,-8.02785200625,-0.0329257482414,-0.000245714539115,-8.17016085394e-05,0.358920869223,0.358920869223,recruiting_points_3y_mean,0.348374961336,recruiting_points_4y_mean,-0.0884206125811,recruiting_points_3y_mean,0.348374961336,1.12171570414,0.310573311982,3,1,1,0.974072672445,-0.147643031691,0.263245011453,0.83037790663,0.676959540809,0.821017370711,-0.144057829902,0.29854218575,0,0,2.06397517967,0
2024,Navy,2426,expensive miss,True,False,True,69.6130119701,24.6282643631,0.905746188733,0.00675929991592,0.00224750915318,1.12753090771,1.12753090771,recruiting_points_3y_mean,0.763698416046,recruiting_points_4y_mean,-0.157397979724,recruiting_points_3y_mean,0.763698416046,1.86073402769,0.410428575325,2,0,0,1.54457160154,-0.316162426158,0.339825489782,0.585431577315,1.22557964062,1.51949383599,-0.293914195371,0.324156715188,0,0,2.23248154936,0
2024,Charlotte,2429,ordinary,False,False,False,7.76848945245,-0.464674861001,0.245899820267,0.00183507328557,0.000610173251282,-0.0747195253044,0.0747195253044,coach_tenure_seasons,0.45440708831,transfer_in_prior_usage_sum,-0.0839721776651,coach_tenure_seasons,0.45440708831,1.47892427046,0.30725514307,3,0,0,1.2182038828,-0.260720387657,0.352581119757,1.65196296664,0.590581706276,0.833958620111,-0.243376913834,0.451812654769,0,0,2.79442191469,0
2024,UL Monroe,2433,ordinary,False,False,False,19.6649048391,9.6569889479,0.3057119081,0.00228143215,0.000758590342681,0.804326348413,0.804326348413,returning_pct_ppa,0.56536890314,recruiting_points_4y_mean,-0.110476742944,returning_pct_ppa,0.56536890314,2.01344170839,0.280797254167,3,0,0,1.82217748872,-0.191264219665,0.189987342437,1.75661985447,1.35110276821,1.53241069244,-0.181307924232,0.211595909,0,0,2.79334098898,0
2024,UNLV,2439,ordinary,False,False,False,47.9788788855,4.44456810197,0.126362805437,0.000943006010727,0.00031355534848,0.172257849982,0.172257849982,coach_tenure_seasons,0.45440708831,transfer_in_prior_usage_sum,-0.50214369333,transfer_in_prior_usage_sum,-0.50214369333,2.13592122671,0.235094668778,4,1,4,1.49813224234,-0.637788984375,0.597202721148,0.117213227047,0.593466848783,1.22264485804,-0.629178009252,0.679522885657,0.227127825641,0,6.94228110566,1
2024,Nevada,2440,ordinary,False,False,False,3.14295302728,-6.54289482223,-0.358365654941,-0.00267437055926,-0.000889244801342,0.342263716881,0.342263716881,recruiting_points_3y_mean,0.318927676034,transfer_in_prior_usage_sum,-0.0682371035294,recruiting_points_3y_mean,0.318927676034,1.07371284804,0.29703256007,3,0,0,0.851107753348,-0.222605094693,0.414645489433,1.47228068991,0.591243120432,0.781153921167,-0.189910800735,0.391139326663,0.0682371035294,0,2.11050904115,0
2024,Northern Illinois,2459,ordinary,False,False,False,9.96083801271,1.0382566677,0.132081497021,0.000985682813591,0.000327745650177,0.031106012259,0.031106012259,recruiting_points_3y_mean,0.153300461768,transfer_in_prior_usage_sum,-0.0505947476804,recruiting_points_3y_mean,0.153300461768,0.572311461248,0.26786194607,3,1,1,0.409489349916,-0.162822111332,0.56899825482,0.477822089866,0.204826087102,0.351962653649,-0.147136566547,0.589608481012,0.0206360816993,0,1.55418252691,0
2024,Oregon,2483,ordinary,False,False,False,10.6584641564,-3.51432143466,-0.0675668785124,-0.00050423043666,-0.00016765974817,-0.269963086273,0.269963086273,returning_pct_ppa,0.324673005294,recruiting_points_3y_mean,-0.709502795101,recruiting_points_3y_mean,-0.709502795101,2.50990906112,0.282680677995,2,3,2,0.735270819096,-1.77463824202,0.58589438995,-1.90045013969,-0.735464504417,0.722224172918,-1.45768867734,0.662617473753,0.324673005294,0,3.07591625891,0
2024,Purdue,2509,large miss recovered,False,False,False,42.6220338979,-7.04217343108,-0.000456329403917,-3.40544331281e-06,-1.13233102709e-06,0.274837230064,0.274837230064,coach_tenure_seasons,0.45440708831,recruiting_points_3y_mean,-0.243544105605,coach_tenure_seasons,0.45440708831,1.28522720334,0.353561679311,2,1,1,0.763446392779,-0.521780810562,0.811966645595,0.0734216607975,0.302380583421,0.756898086221,-0.454517502799,0.750390711361,0.0219855219792,0,2.51856540166,0
2024,Sam Houston,2534,expensive miss,True,False,False,43.5783979424,3.27786178732,0.468015720634,0.0034926546316,0.0011613293316,0.171784859176,0.171784859176,coach_tenure_seasons,0.45440708831,recruiting_points_trend,-0.171371793667,coach_tenure_seasons,0.45440708831,2.05254319144,0.221387345321,6,1,1,1.58943776479,-0.463105426649,0.451250359632,1.51259297727,0.76382165756,1.14382293357,-0.38000127601,0.498746868072,0.112581403366,0,2.95087015968,0
2024,SMU,2567,ordinary,False,False,False,34.9667104933,-9.17118176661,0.0290114222228,0.000216503150916,7.19886407513e-05,-0.364296725773,0.364296725773,recruiting_class_rank,0.115838974205,returning_pct_ppa,-0.394881047214,returning_pct_ppa,-0.394881047214,1.05944503688,0.372724429742,2,1,2,0.488785276339,-0.57065976054,0.922719460329,-0.462304574618,-0.176640654451,0.373172526701,-0.549813181152,0.808620379549,0.0924513808254,0,3.74262694742,0
2024,Southern Miss,2572,helpful disagreement,False,True,False,18.3732506125,-13.7173359966,-0.376517541391,-0.00280983239844,-0.000934286703203,0.766531356739,0.766531356739,returning_pct_ppa,0.493160133786,recruiting_points_4y_mean,-0.0279793415786,returning_pct_ppa,0.493160133786,1.38536610987,0.355978199751,2,0,0,1.35049870738,-0.0348674024845,0.0503367337141,1.09625703939,1.11803802581,1.14965148555,-0.0316134597398,0.0535247572797,0,0,3.36294726669,0
2024,South Carolina,2579,ordinary,False,False,False,36.372001759,-4.11597619086,0.0997837843193,0.000744655106861,0.00024760244248,-0.158061326169,0.158061326169,returning_pct_ppa,0.533698390266,recruiting_points_3y_mean,-0.491500379303,returning_pct_ppa,0.533698390266,2.04143226711,0.261433307813,1,2,2,0.83158992559,-1.20984234152,0.814712238058,-0.238907409113,-0.26667505702,0.824494698923,-1.09116975594,0.860792396945,0.352422078828,0,3.94586630179,0
2024,TCU,2628,ordinary,False,False,False,10.5035639011,-4.1224959169,0.00269143172355,2.00853113698e-05,6.67849062916e-06,-0.165456297225,0.165456297225,returning_pct_ppa,0.0865107484782,recruiting_points_3y_mean,-0.330630542468,recruiting_points_3y_mean,-0.330630542468,1.14963293737,0.287596616032,1,3,1,0.29066724708,-0.858965690294,0.505669657906,-0.368783297219,-0.395706559612,0.264673115823,-0.660379675435,0.572233538073,0.0865107484782,0,2.01477188768,0
2024,Tennessee,2633,ordinary,False,False,False,20.5573307214,-3.99513404551,0.105255303705,0.000785487341078,0.000261179413659,-0.172983168236,0.172983168236,returning_pct_ppa,0.356343518169,recruiting_points_3y_mean,-0.625808192148,recruiting_points_3y_mean,-0.625808192148,2.00163984102,0.312647749771,1,1,1,0.742185104743,-1.25945473628,0.741577070491,-0.9672477493,-0.373255950097,0.721541651646,-1.09479760174,0.794500972546,0,0,3.76504030131,0
2024,UTSA,2636,ordinary,False,False,False,10.5932125287,-4.74393900362,0.168707519616,0.00125901134042,0.000418629080933,0.18782115521,0.18782115521,returning_pct_ppa,0.361410800229,transfer_in_prior_defensive_impact_db_sum,-0.140156438885,returning_pct_ppa,0.361410800229,1.10197830636,0.327965440103,3,1,1,0.763715372539,-0.338262933818,0.613919406338,-0.127301046576,0.361322663921,0.656825516229,-0.295502852308,0.620590254519,0.0577470541057,0.127301046576,5.06735634678,0
2024,UTEP,2638,ordinary,False,False,False,16.1619606815,-4.12164810197,-0.0353014835877,-0.000263443907371,-8.75967334683e-05,0.207561457718,0.207561457718,returning_pct_ppa,0.476691467092,transfer_in_prior_usage_sum,-0.269455324294,returning_pct_ppa,0.476691467092,1.87067456647,0.254823300448,3,1,1,1.44859058411,-0.422083982362,0.451263934334,1.34483452243,0.746227320851,1.15900071469,-0.412773393834,0.525232463872,0.269455324294,0,5.17745939423,1
2024,Texas Tech,2641,ordinary,False,False,False,0.926055547426,-4.00217572171,0.0573205093758,0.000427764995342,0.00014223451458,-0.234333017035,0.234333017035,recruiting_points_2y_mean,0.0718562724299,recruiting_points_3y_mean,-0.35816166186,recruiting_points_3y_mean,-0.35816166186,1.01131371669,0.354154854174,0,3,0,0.272877026023,-0.738436690671,0.539648620441,-0.486574554003,-0.352157974929,0.264911696044,-0.617069670972,0.600719484449,0.0339060326881,0,1.42490762925,0
2024,Toledo,2649,ordinary,False,False,False,8.3599183323,-5.45352347056,0.14180034599,0.00105821153724,0.00035186190072,0.21684224874,0.21684224874,returning_pct_ppa,0.194190492251,coach_tenure_seasons,-0.110962765867,returning_pct_ppa,0.194190492251,0.668460676015,0.290503988072,3,1,1,0.508199274122,-0.160261401893,0.479493880921,-0.243627039247,0.31150645978,0.470704613556,-0.159198153775,0.50546897722,0,0.243627039247,2.88660122239,0
2024,Troy,2653,large miss recovered,False,True,False,30.2782626513,-20.3079056957,-0.253783544361,-0.00189390704747,-0.000629735842087,0.805621741804,0.805621741804,returning_pct_ppa,0.450088236277,recruiting_points_4y_mean,-0.0615023084201,returning_pct_ppa,0.450088236277,1.22158472209,0.368446189723,2,0,0,1.14286602557,-0.0787186965204,0.128879634948,-0.530589943421,0.954226307318,1.03294500384,-0.0787186965204,0.141623220215,0,0.530589943421,1.77244678527,0
2024,Tulane,2655,ordinary,False,False,False,29.460613979,2.81589914181,-0.175518415121,-0.00130983891881,-0.000435529566058,0.110469701185,0.110469701185,returning_pct_ppa,0.390547672073,recruiting_points_3y_mean,-0.0483815064546,returning_pct_ppa,0.390547672073,0.826063465092,0.472781679105,2,0,0,0.736095636869,-0.0899678282229,0.217823041509,-0.157560886891,0.42757323929,0.517541067513,-0.0899678282229,0.296186043873,0,0.157560886891,1.96503481988,0
2024,Western Michigan,2711,ordinary,False,False,False,12.7494393743,3.45832867852,0.0612278815787,0.000456924489393,0.000151930227242,-0.172886174674,0.172886174674,recruiting_points_3y_mean,0.161229424153,returning_pct_ppa,-0.230194380266,returning_pct_ppa,-0.230194380266,0.782689872602,0.294106757126,3,1,3,0.474555952328,-0.308133920274,0.787371680816,0.871156960806,0.0830133709256,0.379234038426,-0.2962206675,0.877100018406,0.0991268668223,0,2.11798897655,0
2024,Wyoming,2751,large miss recovered,False,True,False,30.4387588973,-18.5957452068,-0.25440013511,-0.00189850847097,-0.000631265843946,0.738998716657,0.738998716657,returning_pct_ppa,0.450088236277,recruiting_points_4y_mean,-0.0509801948299,returning_pct_ppa,0.450088236277,1.20969396179,0.37206785393,2,0,0,1.1181701998,-0.0915237619932,0.15131721722,-0.156481495025,0.9297952398,1.01709888415,-0.0873036443515,0.15810113088,0,0.156481495025,2.20706363039,0
2025,Auburn,2,ordinary,False,False,False,5.86995479769,4.30085939706,0.092983030519,0.000683698753816,0.000230727122876,-0.167378939792,0.167378939792,returning_pct_ppa,0.4639183527,transfer_in_prior_usage_sum,-0.610405632775,transfer_in_prior_usage_sum,-0.610405632775,2.66870352213,0.228727405541,2,3,2,1.02050805296,-1.64819546917,0.76479687196,-0.324248579533,-0.39811709474,1.02037999657,-1.41849709131,0.836762132574,0.4639183527,0,3.31117385157,0
2025,UAB,5,helpful disagreement,False,True,False,1.41790495431,-13.5866257974,0.442515539331,0.00325379073038,0.00109805344747,0.684529170231,0.684529170231,coach_tenure_seasons,0.463076092232,recruiting_points_trend,-0.0367189770252,coach_tenure_seasons,0.463076092232,1.39737775007,0.331389341365,5,0,0,1.30023725351,-0.0971404965579,0.139032550867,0.996201989309,1.05784134414,1.15448997615,-0.0966486320088,0.154497081904,0.0264985076113,0,2.10708904757,0
2025,South Alabama,6,helpful disagreement,False,True,False,20.0051718412,-11.5312071485,0.0399999806561,0.000294117504824,9.92555351268e-05,0.463141757854,0.463141757854,returning_pct_ppa,0.420144163622,recruiting_points_trend,-0.025832452671,returning_pct_ppa,0.420144163622,1.07978616071,0.389099415154,4,0,0,1.01526006127,-0.06452609944,0.119516440918,0.273161649695,0.80542359209,0.854850344073,-0.0494267519831,0.109317712897,0,0,1.47982547302,0
2025,Arkansas,8,ordinary,False,False,False,20.5010537678,-10.6702445175,-0.362637916539,-0.00266645526867,-0.000899845946747,0.428869722426,0.428869722426,coach_tenure_seasons,0.463076092232,recruiting_points_3y_mean,-0.256414352117,coach_tenure_seasons,0.463076092232,1.36690634553,0.338776752151,2,1,1,0.795176550606,-0.571729794921,0.836531042221,-0.456066160493,0.347724172087,0.795176550606,-0.447452378519,0.720170548152,0,0.347724172087,1.62067222692,0
2025,Arizona State,9,ordinary,False,False,False,6.53420186034,5.2716720135,-0.0278907318059,-0.000205078910338,-6.92077712305e-05,-0.239185320095,0.239185320095,lag3_z_mean,0.0318886592796,recruiting_points_3y_mean,-0.165009236766,recruiting_points_3y_mean,-0.165009236766,0.522261579547,0.315951322532,0,4,0,0.0807990428969,-0.44146253665,0.309419823557,-1.03352984808,-0.302206694339,0.0489103836174,-0.351117077957,0.244535129788,0,0,1.58682855285,0
2025,Arizona,12,helpful disagreement,False,True,False,29.3230551078,-21.2663953589,0.0116129574153,8.53893927595e-05,2.88162715019e-05,-0.836718796042,0.836718796042,transfer_in_prior_defensive_impact_db_available,0.0653486133514,transfer_in_prior_usage_sum,-0.569719072265,transfer_in_prior_usage_sum,-0.569719072265,1.04640798684,0.544452144317,0,1,0,0.173722336218,-0.87268565062,0.332035570071,0.348485722672,-0.70058564906,0.166201183338,-0.866786832398,0.321787244007,0.0468476067597,0.348485722672,2.46277509043,0
2025,San Diego State,21,expensive miss,True,False,False,52.4812122004,7.68250466149,0.26604974952,0.00195624815823,0.000660173075732,0.363521025201,0.363521025201,returning_pct_ppa,0.596456869632,transfer_in_prior_usage_sum,-0.0270483259966,returning_pct_ppa,0.596456869632,0.796922242506,0.748450523549,1,0,0,0.732679883357,-0.0642423591483,0.161226166674,1.16571053134,0.614861883275,0.678698133642,-0.0638362503673,0.171941533596,0.0270483259966,0,1.73718952263,0
2025,San José State,23,helpful disagreement,False,True,False,21.0704174405,-13.4556559354,-0.0770026936605,-0.000566196276915,-0.00019107368154,0.575817717399,0.575817717399,returning_pct_ppa,0.327731986679,recruiting_points_2y_mean,-0.0181440519137,returning_pct_ppa,0.327731986679,1.1610470465,0.282272787884,5,0,0,1.14290299458,-0.0181440519137,0.0312546368702,0.47426281168,0.95214545823,0.970289510144,-0.0181440519137,0.03671273945,0,0,1.83008574468,0
2025,Stanford,24,ordinary,False,False,False,6.1867250127,-4.34878301723,0.0327946687628,0.000241137270315,8.13763492873e-05,0.164409023467,0.164409023467,returning_pct_ppa,0.499180893902,transfer_in_prior_usage_sum,-0.541678334616,transfer_in_prior_usage_sum,-0.541678334616,1.95497788398,0.277076451378,2,2,2,1.01753965563,-0.937438228351,0.959026939418,0.407044638601,0.163812423547,0.988060135777,-0.82424771223,0.909611149272,0.499180893902,0,2.1277569028,0
2025,California,25,harmful disagreement,False,False,True,16.5321998864,10.3801810424,0.324330798414,0.00238478528245,0.000804791063061,0.886578000351,0.886578000351,returning_pct_ppa,0.652390555676,transfer_in_prior_usage_sum,-0.1128199941,returning_pct_ppa,0.652390555676,1.57480860925,0.414266566644,2,0,0,1.22828988014,-0.346518729115,0.440077260284,0.000950002603226,0.925372583999,1.2115609435,-0.286188359502,0.382157893752,0.1128199941,0,1.99778435816,0
2025,UCLA,26,helpful disagreement,False,True,False,12.9907116224,-13.5836319671,0.0582996354254,0.000428673789893,0.000144664107755,0.534962847537,0.534962847537,coach_tenure_seasons,0.463076092232,transfer_in_prior_usage_sum,-0.236529130787,coach_tenure_seasons,0.463076092232,1.53463712106,0.30174957055,2,1,1,0.936313562608,-0.598323558457,0.779759006536,-0.28143930172,0.467848150279,0.936034738008,-0.468186587729,0.666827342881,0.236529130787,0.28143930172,1.9912767665,0
2025,USC,30,ordinary,False,False,False,13.5178692526,-1.6541952904,-0.0370713710518,-0.000272583610675,-9.19885137762e-05,-0.0598265943523,0.0598265943523,returning_pct_ppa,0.281525898207,recruiting_points_3y_mean,-0.447294176335,recruiting_points_3y_mean,-0.447294176335,1.77115629746,0.252543593683,1,3,1,0.452577556065,-1.3185787414,0.511053210508,-0.999786867904,-0.498131789339,0.452125391845,-0.950257181184,0.644796078532,0,0,2.51138016913,0
2025,Colorado State,36,large miss recovered,False,False,False,29.3470026925,-7.21908128061,-0.0756120831823,-0.00055597119987,-0.000187623035192,0.295931825397,0.295931825397,coach_tenure_seasons,0.463076092232,recruiting_points_trend,-0.0269139386332,coach_tenure_seasons,0.463076092232,0.967340985357,0.478710298893,3,0,0,0.922384609078,-0.0449563762791,0.0929483542196,0.457382328916,0.675698730481,0.720291710223,-0.0445929797416,0.116600529012,0,0,1.66076564949,0
2025,Colorado,38,ordinary,False,False,False,36.9263252673,5.80022922183,0.0137868164406,0.000101373650298,3.42104626317e-05,-0.225939081512,0.225939081512,returning_pct_ppa,0.637799159317,transfer_in_prior_usage_sum,-0.388828823509,returning_pct_ppa,0.637799159317,1.49905125844,0.425468546007,1,1,1,0.802564710905,-0.696486547531,0.929236466881,-0.500915868694,-0.0178789811747,0.678498832743,-0.696377813918,0.986995937986,0.388828823509,0,2.19590000339,0
2025,UConn,41,harmful disagreement,False,False,True,17.7498542705,13.4222417693,0.122952477747,0.000904062336375,0.000305092996891,0.532723093837,0.532723093837,coach_tenure_seasons,0.463076092232,returning_pct_ppa,-0.0978504071379,coach_tenure_seasons,0.463076092232,1.4086280612,0.328742629079,3,0,0,1.22352288174,-0.18510517946,0.262816260103,0.134451608255,0.866968124086,1.05141561311,-0.184447489025,0.298491780694,0,0,2.34945797618,0
2025,Florida State,52,ordinary,False,False,False,2.7386095841,-8.09483265127,0.0550430804141,0.000404728532457,0.00013658332609,-0.313070672598,0.313070672598,returning_pct_ppa,0.569705976306,transfer_in_prior_usage_sum,-0.472401218071,returning_pct_ppa,0.569705976306,2.04145740763,0.279068264748,1,3,3,0.626543702468,-1.41491370517,0.613820009299,0.267472511151,-0.521192409477,0.625703118092,-1.14689552757,0.705972691137,0.472401218071,0.267472511151,2.82719884328,0
2025,Jacksonville State,55,helpful disagreement,False,True,False,7.96710691502,-8.3202449526,0.613057471414,0.0045077755251,0.00152123442038,0.975311665651,0.975311665651,returning_pct_ppa,0.583081422969,lag3_z_mean,-0.0967648120366,returning_pct_ppa,0.583081422969,1.42137728324,0.41022283798,2,0,0,1.25312138366,-0.168255899572,0.236750511714,-0.0529117461198,1.17756588601,1.24904523481,-0.0714793487987,0.10825902022,0.0369450569316,0.0529117461198,2.22208141566,0
2025,Florida,57,ordinary,False,False,False,19.3146727352,-3.91303461295,-0.0810295757458,-0.000595805704013,-0.000201065944779,0.200678184993,0.200678184993,coach_tenure_seasons,0.463076092232,recruiting_points_3y_mean,-0.501910995261,recruiting_points_3y_mean,-0.501910995261,1.82161212148,0.275531211799,1,3,1,0.708427544838,-1.11318457665,0.777802844506,-0.946198665247,-0.13024273686,0.708336214727,-0.838578951587,0.915804861381,0,0,2.14863403158,0
2025,South Florida,58,large miss recovered,False,False,False,61.7361136995,10.9856441896,-0.278546212251,-0.00204813391361,-0.000691181668117,0.45023929973,0.45023929973,coach_tenure_seasons,0.463076092232,recruiting_points_3y_mean,-0.0862439706992,coach_tenure_seasons,0.463076092232,1.26557738188,0.365901049483,2,0,0,1.07388456467,-0.191692817207,0.302933380371,0.39939093353,0.737420585133,0.928911554065,-0.191490968933,0.341825308319,0.0572883371868,0,2.30451194429,0
2025,Georgia Tech,59,ordinary,False,False,False,12.5343941288,-9.26313437599,-0.0336835240623,-0.000247672971046,-8.35819455641e-05,-0.364738359911,0.364738359911,transfer_in_prior_defensive_impact_db_available,0.0653486133514,recruiting_points_3y_mean,-0.219128305063,recruiting_points_3y_mean,-0.219128305063,0.816039549422,0.268526574745,1,5,1,0.205251589866,-0.610787959556,0.503043241008,-0.316139697221,-0.354994746824,0.191663842094,-0.546658588919,0.519187374089,0.051575703098,0,2.06385773858,0
2025,Georgia,61,ordinary,False,False,False,6.49021996733,-2.10830333184,-0.0212152168571,-0.000155994241597,-5.26432180078e-05,-0.120637940849,0.120637940849,returning_pct_ppa,0.276662099421,recruiting_points_3y_mean,-0.667707204491,recruiting_points_3y_mean,-0.667707204491,2.41772536061,0.276171650994,1,3,1,0.531353229484,-1.88637213113,0.439548046391,-1.87987323799,-0.807463900591,0.530107961077,-1.33757186167,0.567664708502,0,0,2.29225281572,1
2025,Hawai'i,62,expensive miss,True,False,False,35.2396218405,6.33281464133,0.445033567244,0.0032723056415,0.00110430165569,0.290263834661,0.290263834661,recruiting_points_3y_mean,0.216901245196,recruiting_points_2y_mean,-0.0265719615388,recruiting_points_3y_mean,0.216901245196,1.00933147092,0.214895949888,7,0,0,0.963015591201,-0.0463158797237,0.0917753603408,0.859403812151,0.702099952423,0.747937414924,-0.0458374625007,0.115492348786,0,0,2.15490186403,0
2025,Iowa State,66,ordinary,False,False,False,18.4900013323,8.99345257695,0.00989749932582,7.27757303369e-05,2.4559551677e-05,0.391210125607,0.391210125607,coach_tenure_seasons,0.463076092232,recruiting_points_3y_mean,-0.149609133998,coach_tenure_seasons,0.463076092232,0.905997979194,0.511122654649,1,1,1,0.645709695692,-0.260288283502,0.574589103904,-0.886673464851,0.409252764641,0.645421550829,-0.236168786188,0.535778980943,0.000574431408403,0.409252764641,0.96432164499,0
2025,Boise State,68,ordinary,False,False,False,14.7113933374,-5.17541633673,-0.105759744271,-0.000777645178467,-0.000262431127225,0.272042845155,0.272042845155,transfer_in_prior_usage_sum,0.0422287905483,long_run_z_mean,-0.219339010495,long_run_z_mean,-0.219339010495,0.482175413139,0.454894639001,0,2,0,0.109528900973,-0.372646512166,0.454311431021,-1.12055881984,-0.0235300725379,0.109352957201,-0.132883029739,0.902863018682,0,0,1.4157633365,0
2025,Northwestern,77,ordinary,False,False,False,32.6212034123,8.090019538,0.0716995249172,0.000527202389097,0.000177914453889,0.315098481053,0.315098481053,returning_pct_ppa,0.483373547846,recruiting_points_3y_mean,-0.0888383073065,returning_pct_ppa,0.483373547846,0.872893563888,0.553760009059,1,0,0,0.678633686587,-0.194259877301,0.445094076385,0.269449269139,0.452674825667,0.610434154262,-0.157759328595,0.41072810982,0,0,1.91710671859,0
2025,Indiana,84,ordinary,False,False,False,27.5640010648,-9.51467319865,-0.146643319671,-0.00107825970346,-0.000363879205138,-0.457766279004,0.457766279004,returning_pct_ppa,0.423792012712,transfer_in_prior_usage_sum,-0.675284202238,transfer_in_prior_usage_sum,-0.675284202238,1.5390057116,0.438779529634,1,1,1,0.626164713497,-0.912840998098,0.813726302351,-1.23755971527,-0.351857337035,0.560698328826,-0.912555665861,0.761169941976,0.423792012712,0,3.02133493958,1
2025,Notre Dame,87,ordinary,False,False,False,8.15267481915,0.302663755618,-0.115645358057,-0.000850333515124,-0.000286961186245,0.069722696755,0.069722696755,returning_pct_ppa,0.282741847904,recruiting_points_3y_mean,-0.488456644948,recruiting_points_3y_mean,-0.488456644948,1.63109799502,0.299464928801,1,2,1,0.495963282805,-1.13513471222,0.608134255965,-2.16269080761,-0.346563893537,0.495252701527,-0.841816595064,0.740803341741,0,0,1.56790067333,0
2025,Kentucky,96,ordinary,False,False,False,1.94240131045,-0.588761618136,-0.0305212238972,-0.00022442076395,-7.57350468914e-05,-0.0197270199905,0.0197270199905,coach_tenure_seasons,0.463076092232,transfer_in_prior_usage_sum,-0.464153942292,transfer_in_prior_usage_sum,-0.464153942292,1.95979380771,0.236838151272,2,2,2,0.970055348024,-0.989738459685,0.989956539517,-0.064920852862,0.0306857561279,0.969818154925,-0.939132398797,0.983925326893,0.400688968476,0.0306857561279,2.59825877047,0
2025,Louisville,97,ordinary,False,False,False,8.87836631035,0.190353158775,-0.010289293506,-7.56565698971e-05,-2.55317456725e-05,0.033091454828,0.033091454828,returning_pct_ppa,0.304628942443,transfer_in_prior_usage_sum,-0.263470231666,returning_pct_ppa,0.304628942443,1.01251464243,0.300863740312,1,3,3,0.354460807735,-0.658053834699,0.700159371291,-0.946070008149,-0.133805363646,0.353972702903,-0.48777806655,0.841039214335,0.263470231666,0,1.78346453762,0
2025,Western Kentucky,98,ordinary,False,False,False,10.8507972249,4.99977159572,0.239670906508,0.00176228607727,0.000594716889599,0.190601605886,0.190601605886,returning_pct_ppa,0.570921926003,transfer_in_prior_usage_sum,-0.254123319116,returning_pct_ppa,0.570921926003,1.66788482914,0.342302967223,2,2,2,1.11330548416,-0.554579344983,0.665009160455,0.381659490854,0.463824702444,1.01114765354,-0.547322951096,0.702384696212,0.254123319116,0,4.68980412651,0
2025,LSU,99,ordinary,False,False,False,18.726672475,5.33218010007,0.198822455528,0.00146192982006,0.000493355969052,-0.320025669118,0.320025669118,coach_tenure_seasons,0.463076092232,recruiting_points_3y_mean,-0.534385452909,recruiting_points_3y_mean,-0.534385452909,2.46246609503,0.217012308916,1,5,1,0.594205509885,-1.86826058514,0.482610104631,-1.28805972441,-0.850683361951,0.593513763171,-1.44419712512,0.582529903119,0,0,5.20685525137,0
2025,Boston College,103,large miss recovered,False,False,False,43.8708120668,0.750600900466,-0.0532118398652,-0.000391263528421,-0.000132039304876,-0.0265121076103,0.0265121076103,transfer_in_prior_usage_sum,0.0697197098121,recruiting_points_3y_mean,-0.0587168526273,transfer_in_prior_usage_sum,0.0697197098121,0.427183081424,0.163208031506,4,4,4,0.238577637515,-0.188605443909,0.883019258537,-0.189539825977,0.0473639852807,0.190338754948,-0.142974769667,0.857899599678,0.0248934253408,0.0473639852807,0.972701291585,0
2025,Massachusetts,113,ordinary,False,False,False,14.2805751128,0.870730760821,0.0425276719664,0.000312703470341,0.000105527722001,-0.100968156798,0.100968156798,returning_pct_ppa,0.444463157554,transfer_in_prior_usage_sum,-0.300308063479,returning_pct_ppa,0.444463157554,2.25547944421,0.197059280986,6,1,1,1.8676672479,-0.387812196309,0.343884487447,1.91369074461,0.883111279438,1.27012846438,-0.38701718494,0.467088918948,0.300308063479,0,2.83359726683,1
2025,Maryland,120,ordinary,False,False,False,15.7752591843,-1.00158846873,-0.0428954496611,-0.000315407718096,-0.00010644032174,0.0372682522842,0.0372682522842,returning_pct_ppa,0.573353825396,recruiting_points_3y_mean,-0.226428647609,returning_pct_ppa,0.573353825396,1.17850722737,0.486508535611,1,1,1,0.617316921786,-0.561190305587,0.952374822236,0.113833707308,0.105939482169,0.616975603381,-0.511036121212,0.906082995541,0.0407937856285,0,1.41354495341,0
2025,Michigan State,127,ordinary,False,False,False,15.7463166854,-1.32593139397,-0.0518496683154,-0.000381247561142,-0.000128659226589,0.0539346279885,0.0539346279885,coach_tenure_seasons,0.463076092232,recruiting_points_3y_mean,-0.195779275597,coach_tenure_seasons,0.463076092232,1.12751919014,0.410703512883,1,3,3,0.484841047131,-0.642678143004,0.860013827477,-0.0582809195449,-0.0266757597682,0.484841047131,-0.511516806899,0.973226728067,0,0,1.57393856291,0
2025,Michigan,130,ordinary,False,False,False,1.05238309986,-6.65455616092,0.00556412029521,4.09126492295e-05,1.38067501122e-05,-0.348953354243,0.348953354243,coach_tenure_seasons,0.463076092232,transfer_in_prior_usage_sum,-0.752258776177,transfer_in_prior_usage_sum,-0.752258776177,2.85070924206,0.263884778244,2,3,2,0.849744824751,-2.00096441731,0.596163798268,-1.20105155595,-0.773379191504,0.848109255097,-1.6214884466,0.686840010026,0.230456010949,0,6.06370137444,1
2025,Minnesota,135,ordinary,False,False,False,2.66790698079,-2.19179585432,0.0775989281821,0.00057058035428,0.000192553171668,0.111608726271,0.111608726271,returning_pct_ppa,0.393393270296,recruiting_points_3y_mean,-0.179640088563,returning_pct_ppa,0.393393270296,1.01562067777,0.387342714565,1,1,1,0.483394527217,-0.532226150555,0.951919427787,-0.714896381791,0.052631572709,0.483394527217,-0.430762954508,0.942426142365,0.0583879739574,0.052631572709,1.13347490585,0
2025,Missouri,142,ordinary,False,False,False,5.41204383359,-2.03572148898,0.0794024223712,0.000583841340964,0.000197028343353,-0.0761107795074,0.0761107795074,returning_pct_ppa,0.484589497543,recruiting_points_3y_mean,-0.304454829409,returning_pct_ppa,0.484589497543,1.47810172744,0.327845836688,1,3,3,0.549198007571,-0.928903719871,0.743112598239,-0.823135893901,-0.227543098089,0.548423037877,-0.775966135965,0.828190155445,0.197492025432,0,1.33550385941,0
2025,Ole Miss,145,ordinary,False,False,False,28.430510691,4.65036837809,0.0876903835883,0.000644782232267,0.000217594003941,0.269910653094,0.269910653094,returning_pct_ppa,0.516204189655,transfer_in_prior_usage_sum,-0.36078808586,returning_pct_ppa,0.516204189655,2.26104721502,0.228303144767,2,2,2,1.10277038386,-1.15827683116,0.975451000344,-1.34412573882,0.0991737608998,1.10205148578,-1.00287772488,0.952884989957,0.36078808586,0.0991737608998,2.59216939135,0
2025,Duke,150,ordinary,False,False,False,24.8778100751,-1.85023844326,0.0591025855144,0.000434577834665,0.000146656539738,-0.0670035142633,0.0670035142633,returning_pct_ppa,0.511340390868,transfer_in_prior_usage_sum,-0.177148745177,returning_pct_ppa,0.511340390868,1.18288128059,0.432283779663,1,2,2,0.662831701603,-0.520049578991,0.879292939238,-0.248897415991,0.101049227229,0.595370079562,-0.494320852333,0.907267992904,0.177148745177,0.101049227229,1.48801039493,0
2025,East Carolina,151,ordinary,False,False,False,33.8899463215,-0.420720093531,0.0664999527661,0.000488970240927,0.000165012289742,-0.024067387006,0.024067387006,returning_pct_ppa,0.113724840074,recruiting_points_3y_mean,-0.0452926690196,returning_pct_ppa,0.113724840074,0.48328923274,0.235314243251,4,1,1,0.398401208574,-0.0848880241658,0.351292842526,0.235372768343,0.224957315796,0.301680283009,-0.0767229672124,0.405509028623,0,0,1.54639901579,0
2025,NC State,152,helpful disagreement,False,True,False,14.0252124699,-13.0940175553,-0.0642409813206,-0.000472360156769,-0.00015940690154,-0.508337725778,0.508337725778,transfer_in_prior_usage_sum,0.159340106612,recruiting_points_3y_mean,-0.224226478163,recruiting_points_3y_mean,-0.224226478163,0.981693261758,0.228407881461,1,5,1,0.195929527293,-0.785763734465,0.399166491053,0.0101404964178,-0.50314955949,0.195537138931,-0.698686698421,0.437333765357,0.153784093182,0.0101404964178,1.48111766787,0
2025,North Carolina,153,ordinary,False,False,False,21.7494734625,-6.66372550324,-0.00441293311097,-3.24480375807e-05,-1.09502062307e-05,0.256316064994,0.256316064994,returning_pct_ppa,0.535659384801,recruiting_points_3y_mean,-0.243291835556,returning_pct_ppa,0.535659384801,1.36779474827,0.391622635984,1,1,1,0.787123200867,-0.580671547398,0.849062402286,0.0534904882877,0.280449758384,0.786882016176,-0.506432257792,0.783154207737,0,0,2.37162539897,0
2025,Wake Forest,154,ordinary,False,False,False,27.2396190323,-3.83579698307,0.0320911945638,0.00023596466591,7.96307557415e-05,-0.153347594871,0.153347594871,returning_pct_ppa,0.410416566049,transfer_in_prior_usage_sum,-0.428415747249,transfer_in_prior_usage_sum,-0.428415747249,1.23869939531,0.345859333485,1,2,1,0.555541121139,-0.683158274166,0.896974880661,0.335942044971,-0.0762425097049,0.555541121139,-0.631783630844,0.935786304819,0.410416566049,0.0762425097049,2.63046852396,0
2025,Nebraska,158,ordinary,False,False,False,2.83082563523,2.4817053432,-0.0154164454999,-0.000113356216911,-3.82542071958e-05,-0.092729897539,0.092729897539,returning_pct_ppa,0.155067129759,recruiting_points_3y_mean,-0.323474936745,recruiting_points_3y_mean,-0.323474936745,1.07430921917,0.30110040105,2,3,2,0.431990781028,-0.642318438146,0.804220560185,-0.463032231379,-0.134503220061,0.410955146325,-0.545458366386,0.859367085185,0,0,1.3715165203,0
2025,Rutgers,164,harmful disagreement,False,False,True,18.3798980858,16.8035598425,0.0281472887167,0.000206965358211,6.98443888753e-05,-0.661905720706,0.661905720706,transfer_in_prior_usage_sum,0.0823655326735,transfer_in_prior_defensive_impact_db_sum,-0.217490038537,transfer_in_prior_defensive_impact_db_sum,-0.217490038537,0.935444499358,0.232499136706,2,5,2,0.255992281103,-0.679452218255,0.547316877225,-0.160691051901,-0.488899855218,0.190552363037,-0.679452218255,0.438049102578,0.0823655326735,0,3.19927089556,0
2025,New Mexico State,166,ordinary,False,False,False,8.75360261129,3.16156847783,-0.012105033997,-8.90076029192e-05,-3.00373052035e-05,-0.274291743678,0.274291743678,long_run_z_mean,0.329042874485,transfer_in_prior_usage_sum,-0.132063637585,long_run_z_mean,0.329042874485,1.26883676316,0.259326403553,4,1,1,1.06302434606,-0.205812417099,0.324411182075,1.7777264111,0.472379169088,0.678130172688,-0.205751003599,0.465562587187,0.0541433049395,0,2.44895659239,0
2025,New Mexico,167,expensive miss,True,False,True,56.5815168776,13.6970718049,0.640783995379,0.00471164702485,0.00159003472799,0.804386393293,0.804386393293,returning_pct_ppa,0.694948795058,transfer_in_prior_usage_sum,-0.370684816795,returning_pct_ppa,0.694948795058,2.71359911238,0.256098548929,5,1,1,2.19964381994,-0.513955292446,0.378799720342,1.05108935011,1.3660304327,1.87944179063,-0.51341135793,0.429120657271,0.370684816795,0,5.07057699733,1
2025,Syracuse,183,large miss recovered,False,True,False,34.9018144386,-14.0491757441,-0.0144452823004,-0.000106215311033,-3.58443729539e-05,0.559181700755,0.559181700755,returning_pct_ppa,0.569705976306,recruiting_points_3y_mean,-0.119155845566,returning_pct_ppa,0.569705976306,1.20337196925,0.473424669067,2,0,0,0.950360830831,-0.253011138418,0.420503626283,-0.542863051939,0.673396514133,0.909140576418,-0.235744062285,0.411821513392,0,0.542863051939,2.72098766398,0
2025,Bowling Green,189,helpful disagreement,False,True,False,24.1748240629,-12.9386047283,-0.286714605073,-0.00210819562554,-0.000711450632935,0.542386769908,0.542386769908,returning_pct_ppa,0.63293536053,transfer_in_prior_usage_sum,-0.0325465098494,returning_pct_ppa,0.63293536053,1.18519011489,0.534036989153,1,0,0,1.13468760968,-0.0505025052084,0.0852226230609,0.392342645548,0.905209618996,0.955588927376,-0.0503793083802,0.100160833294,0.0325465098494,0,1.75376571959,0
2025,Miami (OH),193,ordinary,False,False,False,7.40917227416,-7.80439055132,-0.0223879397587,-0.000164617204108,-5.55532003937e-05,0.304954965198,0.304954965198,returning_pct_ppa,0.63293536053,coach_tenure_seasons,-0.145626348835,returning_pct_ppa,0.63293536053,1.23616399423,0.512015690057,1,0,0,1.03385764125,-0.202306352977,0.327313129845,0.0785334585656,0.651430535397,0.853736888373,-0.202306352977,0.383140282623,0.0523399717194,0,2.89441368266,0
2025,Ohio State,194,ordinary,False,False,False,2.67120300848,0.527642918445,-0.134654752236,-0.00099010847232,-0.000334130898847,0.171679202174,0.171679202174,returning_pct_ppa,0.354482880004,recruiting_points_3y_mean,-0.574884254018,recruiting_points_3y_mean,-0.574884254018,2.20592288085,0.260609407069,1,3,1,0.498201717104,-1.70772116375,0.451694591346,-2.98780526708,-0.647391620638,0.497273584812,-1.14466520545,0.605715131114,0.124366180191,0,2.71479637979,0
2025,Ohio,195,harmful disagreement,False,False,True,7.51084195658,1.74808433853,0.239394172145,0.00176025126577,0.000594030203835,0.519244611065,0.519244611065,coach_tenure_seasons,0.463076092232,returning_pct_ppa,-0.0589400168461,coach_tenure_seasons,0.463076092232,1.01784948579,0.454955372771,2,0,0,0.911862334275,-0.105987151514,0.208257022268,-0.235694278038,0.725814764228,0.831801915741,-0.105987151514,0.226036227579,0.0350811515397,0.235694278038,1.52500534121,0
2025,Oklahoma State,197,large miss recovered,False,True,False,31.0856394556,-23.3791758037,-0.189622587619,-0.00139428373249,-0.000470527512703,0.91535466972,0.91535466972,returning_pct_ppa,0.568490026609,long_run_z_mean,-0.186779812208,returning_pct_ppa,0.568490026609,1.54603280922,0.36770890192,2,1,1,1.05062614429,-0.495406664927,0.640874711033,0.158077376926,0.758351404869,1.050188422,-0.291837017136,0.434920246106,0.0622367026543,0,1.65232086575,0
2025,Oklahoma,201,helpful disagreement,False,True,False,9.53766375368,-14.1387815075,0.0910005737895,0.000669121866099,0.000225807875408,-0.73899427463,0.73899427463,returning_pct_ppa,0.0869739467482,transfer_in_prior_usage_sum,-0.612604906317,transfer_in_prior_usage_sum,-0.612604906317,1.97615893294,0.309997792235,0,3,0,0.217503086931,-1.75865584601,0.220127119642,-0.695983645424,-1.17668017095,0.216827999441,-1.39350817039,0.269295322931,0.0869739467482,0,4.23522188061,0
2025,Tulsa,202,ordinary,False,False,False,6.52268322211,4.7249293334,0.219360046147,0.00161294151579,0.000544317732375,0.527796175391,0.527796175391,returning_pct_ppa,0.443247207858,transfer_in_prior_defensive_impact_db_available,-0.00962276284514,returning_pct_ppa,0.443247207858,0.962900396752,0.46032508591,2,0,0,0.948165695245,-0.0147347015077,0.0306048300683,1.69418179584,0.850085995507,0.864254858212,-0.0141688627053,0.0322597451955,0,0,1.777168273,0
2025,Oregon State,204,large miss recovered,False,False,False,35.9995775441,-8.90265600853,-0.116835630199,-0.000859085516172,-0.000289914715135,0.343677779493,0.343677779493,coach_tenure_seasons,0.463076092232,transfer_in_prior_usage_sum,-0.185396020956,coach_tenure_seasons,0.463076092232,1.11365404744,0.415816826864,1,1,1,0.674158772453,-0.43949527499,0.789285103393,0.371445736071,0.352265572998,0.673700144311,-0.321434571313,0.64601217557,0.0942696449279,0,2.34064321325,0
2025,Penn State,213,ordinary,False,False,False,7.64858214594,-4.40323245288,-0.205254375606,-0.00150922335005,-0.000509316068502,0.358736117309,0.358736117309,coach_tenure_seasons,0.463076092232,recruiting_points_3y_mean,-0.447037759345,coach_tenure_seasons,0.463076092232,1.75869859329,0.263306113963,1,2,2,0.688858623382,-1.06983996991,0.78337314422,-1.85885342057,-0.0571968314564,0.688078103472,-0.745274934929,0.96009578246,0,0,1.48275266167,0
2025,Temple,218,ordinary,False,False,False,14.0374493212,-0.15813829811,0.134007639605,0.000985350291211,0.00033252516031,-0.028134367263,0.028134367263,returning_pct_ppa,0.231671960646,transfer_in_prior_usage_sum,-0.129864364043,returning_pct_ppa,0.231671960646,1.09773590342,0.211045261365,7,1,1,0.88943227354,-0.208303629876,0.379515016731,1.29307594147,0.449401599014,0.656732008878,-0.207330409864,0.479896834689,0.129864364043,0,2.33189588368,0
2025,Pittsburgh,221,ordinary,False,False,False,14.9501158281,-4.18175704801,-0.029021099303,-0.000213390436051,-7.20126533573e-05,-0.154886139401,0.154886139401,transfer_in_prior_usage_sum,0.137897189586,recruiting_points_3y_mean,-0.158387645076,recruiting_points_3y_mean,-0.158387645076,0.672684412582,0.235456095181,1,4,1,0.169889876272,-0.50279453631,0.505110191627,-0.214893949386,-0.2119718373,0.169889876272,-0.381861713573,0.615820160373,0,0,1.85000631876,0
2025,Clemson,228,ordinary,False,False,False,28.2666137515,9.03436474191,0.242541626504,0.00178339431253,0.000601840264278,-0.532127781692,0.532127781692,transfer_in_prior_usage_sum,0.108206996782,recruiting_points_3y_mean,-0.419495557921,recruiting_points_3y_mean,-0.419495557921,1.82018854583,0.230468189068,1,4,1,0.224322758952,-1.59586578688,0.246482991518,-1.14156853637,-0.992517605899,0.223842280209,-1.21635988611,0.310848414819,0.108206996782,0,2.29440656333,0
2025,Memphis,235,harmful disagreement,False,False,True,11.0108346403,10.0177688567,-0.200322507337,-0.00147295961277,-0.000497078181978,0.474083840198,0.474083840198,returning_pct_ppa,0.584297372665,transfer_in_prior_usage_sum,-0.283813511921,returning_pct_ppa,0.584297372665,1.554434907,0.375890537478,2,1,1,1.10531725162,-0.449117655374,0.577853280768,-0.387200382937,0.616785324831,1.06269371065,-0.445908385818,0.591154402956,0.283813511921,0.387200382937,2.07943278654,0
2025,Vanderbilt,238,helpful disagreement,False,True,False,33.1347700583,-13.4884263367,0.120077785843,0.000882924895907,0.000297959766361,-0.526306984769,0.526306984769,transfer_in_prior_usage_sum,0.0986605240944,returning_pct_ppa,-0.315505402833,returning_pct_ppa,-0.315505402833,0.818978413376,0.385242636045,1,2,1,0.284592716743,-0.534385696633,0.694994427435,-0.28454511579,-0.330588017272,0.203285543077,-0.533873560349,0.551537767443,0.0986605240944,0,2.22196384208,0
2025,Baylor,239,harmful disagreement,False,False,True,30.8210453458,12.7606183467,0.0682356173446,0.000501732480475,0.000169319149738,-0.533953491466,0.533953491466,transfer_in_prior_usage_sum,0.0290331493016,returning_pct_ppa,-0.274163113148,returning_pct_ppa,-0.274163113148,0.745683889498,0.367666670836,0,2,0,0.0478887749373,-0.697795114561,0.128442562892,-0.547718790544,-0.569657416092,0.0478887749373,-0.617546191029,0.143932246986,0.0290331493016,0,1.51979364137,0
2025,Rice,242,ordinary,False,False,False,5.15941152759,-9.68809358092,0.384799263647,0.00282940635035,0.000954836882499,0.455573021822,0.455573021822,returning_pct_ppa,0.598888769025,transfer_in_prior_defensive_impact_db_sum,-0.0667509005021,returning_pct_ppa,0.598888769025,1.38834713632,0.431368173965,2,0,0,1.29131861055,-0.0970285257703,0.139775598238,0.808968829859,0.942493523107,1.03924884952,-0.0967553264163,0.170343258353,0,0,2.67750460967,0
2025,Texas A&M,245,helpful disagreement,False,True,False,17.4417370397,-12.7679045783,0.0410886259215,0.000302122249422,0.000101956888143,-0.605972465589,0.605972465589,returning_pct_ppa,0.0821101479617,recruiting_points_3y_mean,-0.455152602919,recruiting_points_3y_mean,-0.455152602919,1.31895333757,0.345086205823,0,4,0,0.191390571231,-1.12756276634,0.290215833691,-0.791621271192,-0.774687701275,0.191079443928,-0.965767145204,0.330345346952,0.0821101479617,0,1.48935724808,0
2025,Houston,248,helpful disagreement,False,True,False,14.3663375072,-22.8180053841,-0.19704927658,-0.00144889173956,-0.000488956021291,-0.892695334764,0.892695334764,transfer_in_prior_defensive_impact_db_available,0.0653486133514,transfer_in_prior_defensive_impact_db_sum,-0.379180654076,transfer_in_prior_defensive_impact_db_sum,-0.379180654076,1.1047501788,0.343227510935,0,4,0,0.125888283129,-0.978861895675,0.227903621188,0.176509834333,-0.817772882877,0.125888283129,-0.943661166006,0.235404325122,0,0.176509834333,3.40924575028,1
2025,North Texas,249,expensive miss,True,False,True,80.3130924101,12.6982019337,0.464163429511,0.00341296639346,0.00115177029655,0.576153236413,0.576153236413,coach_tenure_seasons,0.463076092232,transfer_in_prior_usage_sum,-0.0550890636457,coach_tenure_seasons,0.463076092232,1.46576151744,0.315928673745,3,0,0,1.38303549313,-0.0827260243167,0.112877877243,0.634818544725,1.05798929899,1.14033149744,-0.082342198441,0.134692025712,0.0550890636457,0,1.57416227152,0
2025,Texas,251,ordinary,False,False,False,0.402062639878,-2.32378229073,0.0339757101832,0.000249821398406,8.43069731594e-05,-0.154170014201,0.154170014201,returning_pct_ppa,0.38488162242,recruiting_points_3y_mean,-0.619636560494,recruiting_points_3y_mean,-0.619636560494,1.9927289909,0.310948735791,1,3,1,0.530351558577,-1.46237743232,0.532286689258,-1.916299334,-0.600720942088,0.529387796909,-1.130108739,0.638010125908,0.0974250793121,0,1.81832306175,0
2025,BYU,252,expensive miss,True,False,False,30.8425532806,7.44631019378,0.150565824418,0.00110710165013,0.000373612467539,0.36369308904,0.36369308904,returning_pct_ppa,0.273014250331,recruiting_points_3y_mean,-0.128296357102,returning_pct_ppa,0.273014250331,0.963090195012,0.283477343809,2,3,3,0.532352167216,-0.430738027795,0.894491564812,-1.15494181547,0.224563908682,0.532352167216,-0.307788258534,0.732706697834,0,0.224563908682,1.85580413961,0
2025,Utah,254,large miss recovered,False,False,False,49.3470489412,8.19667569119,-0.0562325224355,-0.000413474429673,-0.000139534795125,0.337005551915,0.337005551915,returning_pct_ppa,0.558762429036,transfer_in_prior_usage_sum,-0.575217256118,transfer_in_prior_usage_sum,-0.575217256118,2.2384245299,0.256974156794,2,3,2,1.04198016908,-1.19644436082,0.930994237385,-0.307232580239,0.103185086848,1.04160295506,-0.938417868215,0.947886867837,0.558762429036,0.103185086848,2.4113959467,0
2025,James Madison,256,expensive miss,True,False,True,52.4916761904,19.4317201254,0.250065007081,0.00183871328736,0.000620508702434,0.755398305819,0.755398305819,coach_tenure_seasons,0.463076092232,transfer_in_prior_usage_sum,-0.386629549968,coach_tenure_seasons,0.463076092232,1.78863723336,0.258898832918,3,1,1,1.17478559888,-0.61385163448,0.686390312166,-0.254382915731,0.684453955428,1.17435045091,-0.489896495486,0.588730532504,0.121020538254,0.254382915731,4.03778130629,0
2025,Virginia,258,ordinary,False,False,False,42.2857510979,-5.73680059498,0.084268359864,0.000619620293118,0.000209102629936,-0.219975204013,0.219975204013,returning_pct_ppa,0.38852947151,transfer_in_prior_usage_sum,-0.349791718154,returning_pct_ppa,0.38852947151,0.929530656758,0.417984569616,1,1,1,0.446332680317,-0.483197976441,0.960339881362,0.145463473787,-0.0718600294368,0.411103813067,-0.482963842504,0.919625736387,0.349791718154,0.0718600294368,1.13910434629,0
2025,Virginia Tech,259,large miss recovered,False,False,False,30.3825154601,-6.18912748624,-0.0485922209192,-0.000357295742053,-0.000120576230569,0.24668586573,0.24668586573,coach_tenure_seasons,0.463076092232,transfer_in_prior_usage_sum,-0.239278222714,coach_tenure_seasons,0.463076092232,1.49086649173,0.310608692865,2,3,3,0.775368882373,-0.715497609357,0.959841291391,-0.366016520725,0.161622219758,0.72700382395,-0.565381604191,0.874942709629,0.238967658826,0.161622219758,1.87224372149,0
2025,Washington,264,large miss recovered,False,False,False,29.2502077356,0.291054903423,-0.0615343480712,-0.0004524584417,-0.000152690690003,0.030528698025,0.030528698025,returning_pct_ppa,0.213432715197,recruiting_points_3y_mean,-0.250803345036,recruiting_points_3y_mean,-0.250803345036,1.24721062211,0.201091411979,3,6,3,0.49737306791,-0.749837554201,0.797576702912,-0.482830247626,-0.0841870674575,0.496275908929,-0.580462976386,0.921812921772,0,0,2.66720113768,0
2025,Washington State,265,harmful disagreement,False,False,True,24.3316391536,17.0802365854,0.0292905777377,0.00021537189513,7.26813343366e-05,0.668918496855,0.668918496855,returning_pct_ppa,0.507692541778,transfer_in_prior_usage_sum,-0.130414182429,returning_pct_ppa,0.507692541778,1.26389342468,0.401689360719,2,1,1,0.997212497239,-0.266680927445,0.421999074031,-0.0732678846471,0.752529126896,0.997159432209,-0.244630305313,0.393996339189,0.130414182429,0.0732678846471,1.47184748265,0
2025,Wisconsin,275,ordinary,False,False,False,15.0662328739,1.58571577585,-0.00369323581795,-2.71561457202e-05,-9.16435686835e-06,-0.0552415149196,0.0552415149196,returning_pct_ppa,0.240183608522,recruiting_points_3y_mean,-0.241089666111,recruiting_points_3y_mean,-0.241089666111,1.15185272388,0.209305982538,1,5,1,0.310187443277,-0.8416652806,0.53858872206,-0.384731454279,-0.295305544096,0.31002590882,-0.605331452917,0.677387699667,0.168351651013,0,1.93510835497,0
2025,Marshall,276,helpful disagreement,False,True,False,15.2902448009,-22.5780606551,-0.00931718808458,-6.8508735916e-05,-2.31195734109e-05,0.881169383912,0.881169383912,returning_pct_ppa,0.645094857496,transfer_in_prior_usage_sum,-0.102923263165,returning_pct_ppa,0.645094857496,1.33762294236,0.482269582157,2,0,0,1.19010408057,-0.147518861794,0.220568677647,-0.329818058698,1.01369623199,1.1489723547,-0.135276122711,0.210669703084,0.102923263165,0.329818058698,2.61639104431,0
2025,West Virginia,277,ordinary,False,False,False,26.6863862575,1.33300722167,-0.00427396538503,-3.14262160664e-05,-1.06053731639e-05,-0.0467484679705,0.0467484679705,returning_pct_ppa,0.514988239958,transfer_in_prior_usage_sum,-0.468002670989,returning_pct_ppa,0.514988239958,1.50817941538,0.341463512037,1,3,3,0.604114949807,-0.904064465577,0.801118147675,-0.184884092573,-0.154337775011,0.603767752948,-0.758105527959,0.886672440692,0.468002670989,0,1.12746353683,0
2025,Fresno State,278,ordinary,False,False,False,12.8414627571,6.60802712441,0.284642595271,0.00209296025935,0.000706309169407,0.25232599332,0.25232599332,returning_pct_ppa,0.519852038745,transfer_in_prior_usage_sum,-0.478999038694,returning_pct_ppa,0.519852038745,1.43273546996,0.362838814035,1,1,1,0.898946873252,-0.533788596704,0.745132102747,0.318337464733,0.378841845132,0.884368584782,-0.505526739649,0.72743138388,0.478999038694,0,3.61054144192,0
2025,Georgia Southern,290,ordinary,False,False,False,19.7231651744,2.4733042333,0.321497937569,0.0023639554233,0.000797761631684,-0.0979929629689,0.0979929629689,transfer_in_prior_usage_sum,0.0851146245999,returning_pct_ppa,-0.0686676144191,transfer_in_prior_usage_sum,0.0851146245999,0.399887221318,0.21284657289,5,1,1,0.317258572097,-0.0826286492205,0.413259763331,0.0885399311063,0.137296125305,0.219639267347,-0.082343142042,0.545350586536,0.0686676144191,0,1.60942406863,0
2025,Old Dominion,295,expensive miss,True,False,False,52.2949352405,5.01089783645,0.248749083904,0.00182903738164,0.000617243384376,0.199559113598,0.199559113598,returning_pct_ppa,0.228024111556,coach_tenure_seasons,-0.0310624674547,returning_pct_ppa,0.228024111556,0.991315776415,0.230021671178,6,0,0,0.930751265621,-0.0605645107939,0.122190148154,0.440668385082,0.636104486787,0.696439875604,-0.0603353888166,0.159453913608,0,0,1.39292750265,0
2025,Louisiana,309,helpful disagreement,False,True,False,16.6680246795,-16.2343414715,0.219831124745,0.001616405329,0.000545486661897,0.637870583914,0.637870583914,returning_pct_ppa,0.552682680553,coach_tenure_seasons,-0.0119684872247,returning_pct_ppa,0.552682680553,1.02281697044,0.540353451818,2,0,0,0.99956087015,-0.0232561002862,0.0454746077909,-0.0207472880666,0.876793522355,0.899789052258,-0.0229955299039,0.0498394324057,0,0.0207472880666,1.69082968041,0
2025,Coastal Carolina,324,ordinary,False,False,False,13.0772750548,-8.94083229764,0.324433967531,0.0023855438789,0.000805047065833,0.358594558923,0.358594558923,coach_tenure_seasons,0.463076092232,transfer_in_prior_usage_sum,-0.340444805604,coach_tenure_seasons,0.463076092232,1.34246308862,0.344945120769,2,1,1,0.984612684291,-0.357850404329,0.533125130013,0.5044762786,0.574795751385,0.932646155714,-0.357850404329,0.554593348652,0.286389696994,0,2.23341921356,0
2025,Texas State,326,ordinary,False,False,False,5.18811622942,1.21936576395,0.0725423982886,0.000533399987416,0.000180005951088,0.0383709998732,0.0383709998732,returning_pct_ppa,0.461486453307,transfer_in_prior_usage_sum,-0.151307281069,returning_pct_ppa,0.461486453307,1.25859072017,0.366669200647,2,1,1,1.08109988892,-0.177490831246,0.282046940918,0.253222321106,0.582869540254,0.760257035238,-0.177387494984,0.378368324598,0.151307281069,0,2.32182526974,0
2025,Utah State,328,ordinary,False,False,False,20.5282686361,9.19568765612,-0.0479365522914,-0.000352474649202,-0.000118949261269,0.417862401776,0.417862401776,returning_pct_ppa,0.429871761195,recruiting_points_2y_mean,-0.0135685743587,returning_pct_ppa,0.429871761195,0.97184416776,0.442325812569,3,0,0,0.948363167181,-0.0234810005794,0.0483225631399,0.863229832519,0.775185600419,0.798376937623,-0.0231913372039,0.0564562627707,0,0,1.43739732809,0
2025,Alabama,333,ordinary,False,False,False,4.59271396029,-0.451075656655,0.0211763803905,0.000155708679342,5.25468496043e-05,0.00659537395348,0.00659537395348,returning_pct_ppa,0.202489167927,recruiting_points_3y_mean,-0.667375370739,recruiting_points_3y_mean,-0.667375370739,2.02145036556,0.330146800589,1,2,1,0.364962619748,-1.65648774581,0.361089864947,-1.63125552027,-0.725783594746,0.363980221882,-1.08976381663,0.500748704366,0,0,1.6795275019,0
2025,Kennesaw State,338,expensive miss,True,False,False,53.5837519604,0.195185958479,0.361523166833,0.00265825857966,0.000897079818444,-0.0694697721255,0.0694697721255,long_run_z_mean,0.49612942689,recruiting_points_trend,-0.216741374274,long_run_z_mean,0.49612942689,2.20005642762,0.225507591834,6,1,1,1.80161705618,-0.398439371434,0.362208320144,2.27855692922,0.848243542328,1.14991810173,-0.301674559397,0.415646300063,0.0122032295941,0,2.85574134219,0
2025,Mississippi State,344,ordinary,False,False,False,6.96138970289,2.58028448924,0.0570121202788,0.000419206766756,0.000141469281089,-0.444022770456,0.444022770456,returning_pct_ppa,0.22316031277,transfer_in_prior_usage_sum,-0.300308063479,transfer_in_prior_usage_sum,-0.300308063479,1.19488438554,0.251328134432,1,2,1,0.304016595771,-0.89086778977,0.508863618019,0.297129759342,-0.460284461477,0.304016595771,-0.764301057247,0.569150186579,0.22316031277,0.297129759342,2.14164760649,0
2025,Army,349,harmful disagreement,False,False,True,16.1838080876,9.93185795213,0.451539965687,0.00332014680652,0.00112044656498,0.891487001961,0.891487001961,returning_pct_ppa,0.422576063015,coach_tenure_seasons,-0.145626348835,returning_pct_ppa,0.422576063015,1.81545187315,0.232766326261,6,1,1,1.58256512867,-0.232886744478,0.256560636966,-0.416720592645,1.18945556987,1.42213013269,-0.232674562822,0.281210904771,0,0.416720592645,2.01802156218,0
2025,Illinois,356,ordinary,False,False,False,16.0852015652,-8.56355727906,-0.00716704266487,-5.26988431241e-05,-1.77842249749e-05,-0.351601027918,0.351601027918,returning_pct_ppa,0.090621795838,recruiting_points_3y_mean,-0.169760492762,recruiting_points_3y_mean,-0.169760492762,0.710450755545,0.238947585651,3,3,3,0.235920647722,-0.474530107823,0.664143562044,-0.787657114631,-0.252887391245,0.178301225772,-0.431188617018,0.585083501823,0.090621795838,0,1.43955733535,0
2025,Air Force,2005,ordinary,False,False,False,13.2683081483,-7.56003414904,-0.066361488955,-0.000487952124669,-0.000164668707084,0.296005578181,0.296005578181,recruiting_points_3y_mean,0.393436801313,coach_tenure_seasons,-0.279284210445,recruiting_points_3y_mean,0.393436801313,1.40343904683,0.280337647866,4,1,1,0.898414792278,-0.505024254554,0.719695316578,0.538371643301,0.418879825815,0.898263755507,-0.479383929693,0.69594561054,0.037052922307,0,3.90108670435,0
2025,Akron,2006,ordinary,False,False,False,13.4446592545,-0.686521382696,-0.0118098820346,-8.68373679015e-05,-2.93049182e-05,0.0166463829453,0.0166463829453,long_run_z_mean,0.290001816898,recruiting_points_2y_mean,-0.0281323680004,long_run_z_mean,0.290001816898,1.2283879311,0.236083251517,6,0,0,1.16383916631,-0.0645487647879,0.105095081373,1.13437734667,0.700796598691,0.764058433423,-0.0632618347328,0.152931910815,0,0,1.99080495837,0
2025,App State,2026,helpful disagreement,False,True,False,18.5002623366,-21.1771292821,0.141545290132,0.00104077419214,0.000351229007771,0.847754400377,0.847754400377,returning_pct_ppa,0.55754647934,long_run_z_mean,-0.0761778617645,returning_pct_ppa,0.55754647934,1.15250636175,0.483768678288,1,0,0,0.98507738207,-0.167428979675,0.290547601702,0.278424866665,0.880230418818,0.971481536729,-0.091251117911,0.1717292068,0.0435428775549,0,1.84576245516,0
2025,Arkansas State,2032,harmful disagreement,False,False,True,22.4497704591,13.2607629254,0.0740251000937,0.000544302206572,0.000183685111895,-0.538225486595,0.538225486595,long_run_z_mean,0.122835648101,transfer_in_prior_usage_sum,-0.240927677869,transfer_in_prior_usage_sum,-0.240927677869,0.624464982911,0.385814552397,3,1,3,0.338240454216,-0.286224528695,0.916703214841,0.507134529075,-0.151067985703,0.134880797537,-0.28594878324,0.641023367644,0.0164488643443,0.151067985703,2.46228192171,0
2025,Ball State,2050,ordinary,False,False,False,13.0050528818,-9.43499285424,0.104942375874,0.000771635116722,0.000260402917802,0.504459187199,0.504459187199,returning_pct_ppa,0.62928751144,transfer_in_prior_usage_sum,-0.0600374291132,returning_pct_ppa,0.62928751144,1.35701260779,0.463730040403,2,0,0,1.25688108025,-0.100131527542,0.147576414496,1.1829293132,0.952855125225,1.0524464478,-0.099591322578,0.172895932995,0.0600374291132,0,1.55631664927,0
2025,Buffalo,2084,large miss recovered,False,False,False,35.4874673072,4.97277209786,-0.013580717493,-9.98582168605e-05,-3.36990508512e-05,-0.212589737089,0.212589737089,long_run_z_mean,0.201443673364,returning_pct_ppa,-0.0723154635089,long_run_z_mean,0.201443673364,0.645919912556,0.311870975717,4,1,1,0.546041463238,-0.0998784493185,0.309259545578,0.327569878155,0.220321899395,0.319414986424,-0.09909308703,0.473554004404,0.0723154635089,0,1.74572582819,0
2025,UCF,2116,ordinary,False,False,False,16.0483422481,4.02223060423,-0.0122873678884,-9.0348293297e-05,-3.04897466213e-05,-0.154567069082,0.154567069082,returning_pct_ppa,0.606184467205,transfer_in_prior_usage_sum,-0.419618653084,returning_pct_ppa,0.606184467205,1.65253676717,0.366820562936,1,2,2,0.785196982425,-0.86733978474,0.950292904855,0.0108549885002,-0.061173671501,0.781950048143,-0.843123719644,0.962356372545,0.419618653084,0.0108549885002,1.70936611314,0
2025,Central Michigan,2117,harmful disagreement,False,False,True,14.7595429545,11.5712401087,0.171689681796,0.00126242413085,0.000426028987086,0.616504467492,0.616504467492,returning_pct_ppa,0.603752567811,recruiting_points_trend,-0.0200341243196,returning_pct_ppa,0.603752567811,1.32047158217,0.457224961117,1,0,0,1.27259455058,-0.0478770315869,0.0725150502798,1.10587432891,1.03402662492,1.0813988809,-0.0473722559846,0.0839359803534,0,0,2.01280212564,0
2025,Cincinnati,2132,ordinary,False,False,False,0.800468862777,-4.57351609542,-0.0224675299617,-0.000165202426189,-5.57506946941e-05,-0.170996304855,0.170996304855,returning_pct_ppa,0.124668387343,transfer_in_prior_defensive_impact_db_sum,-0.250190229951,transfer_in_prior_defensive_impact_db_sum,-0.250190229951,0.825608524345,0.303037362834,2,4,2,0.242196445821,-0.583412078523,0.586710138473,-0.18424741001,-0.226267479328,0.242196445821,-0.468463925149,0.681609544347,0.0787312542126,0,3.15976587769,0
2025,Eastern Michigan,2199,ordinary,False,False,False,17.114059578,0.064143587598,-0.0566689717666,-0.000416683615931,-0.000140617795947,-0.0399433726878,0.0399433726878,returning_pct_ppa,0.426223912105,coach_tenure_seasons,-0.145626348835,returning_pct_ppa,0.426223912105,1.13092970657,0.376879225674,2,1,1,0.967624814523,-0.163304892049,0.288797599178,1.0407086984,0.52422118112,0.68690229105,-0.16268110993,0.382966780524,0,0,2.33986221882,0
2025,Florida Atlantic,2226,ordinary,False,False,False,8.1770640947,6.5086004481,0.0921113034895,0.000677288996246,0.00022856402851,-0.357837719793,0.357837719793,returning_pct_ppa,0.476077849666,transfer_in_prior_usage_sum,-0.4713015813,returning_pct_ppa,0.476077849666,1.30213318749,0.365613789927,2,1,1,0.812551648274,-0.489581539211,0.751968452869,1.3155800784,0.114133696557,0.603247323563,-0.489113627006,0.895516498921,0.4713015813,0,2.58761727288,0
2025,Florida International,2229,ordinary,False,False,False,8.61543468194,-6.03910266192,0.065618127706,0.000482486233132,0.000162824138228,-0.362290555526,0.362290555526,long_run_z_mean,0.293231190145,transfer_in_prior_usage_sum,-0.138111639823,long_run_z_mean,0.293231190145,1.07042403211,0.273939281396,3,1,1,0.92180714011,-0.148616892001,0.27767854148,1.3414572492,0.356691046012,0.504387365308,-0.147696319296,0.452998051578,0.138111639823,0,1.94299545455,0
2025,Georgia State,2247,large miss recovered,False,False,False,33.0403503381,2.40028465769,-0.0110768348689,-8.14473152126e-05,-2.74859426028e-05,-0.14345681813,0.14345681813,long_run_z_mean,0.201964270145,recruiting_class_points,-0.0194720075339,long_run_z_mean,0.201964270145,0.692135455165,0.291798763722,3,0,0,0.64162306481,-0.0505123903545,0.145960996443,1.0354488342,0.353581757685,0.403967402946,-0.0503856452607,0.221790721817,0.00890431928248,0,1.99235157687,0
2025,Iowa,2294,ordinary,False,False,False,12.3059467806,-11.3642739755,0.0548806439885,0.000403534146974,0.000136180258036,-0.534838022599,0.534838022599,returning_pct_ppa,0.135611934613,coach_tenure_seasons,-0.432036052286,coach_tenure_seasons,-0.432036052286,1.50222273147,0.287597866305,1,4,1,0.265656872408,-1.23656585906,0.353685065261,-0.784155381658,-0.757674526066,0.26527314106,-1.02294766713,0.411844210828,0.135611934613,0,2.53443855265,0
2025,Kansas,2305,ordinary,False,False,False,2.0213420377,-0.403081548305,-0.0676159379813,-0.000497176014568,-0.000167781483825,0.0194190008337,0.0194190008337,returning_pct_ppa,0.230456010949,recruiting_points_3y_mean,-0.0852786361476,returning_pct_ppa,0.230456010949,0.56242434855,0.409754683529,3,1,1,0.42019559766,-0.14222875089,0.50577024717,-0.230701524302,0.213918516852,0.344205632685,-0.130287115833,0.549163780648,0.00175668027388,0.213918516852,2.04055424398,0
2025,Kansas State,2306,ordinary,False,False,False,0.706117195201,-7.36982025235,-0.0690073237909,-0.00050740679258,-0.000171234054072,0.34536842382,0.34536842382,coach_tenure_seasons,0.463076092232,recruiting_points_3y_mean,-0.179564671801,coach_tenure_seasons,0.463076092232,1.2479634591,0.371065425718,1,2,2,0.60023424699,-0.64772921211,0.961942022602,-0.830127888924,0.156998728794,0.599613323751,-0.442614594956,0.8493623842,0.110009904104,0.156998728794,1.89782525465,0
2025,Kent State,2309,ordinary,False,False,False,11.7145510416,5.19246653303,0.791010826445,0.0058162560768,0.00196280602096,0.828808562231,0.828808562231,returning_pct_ppa,0.591593070845,transfer_in_prior_defensive_impact_db_available,-0.00962276284514,returning_pct_ppa,0.591593070845,1.80230829506,0.328241884292,4,0,0,1.78371895209,-0.0185893429662,0.0206283719796,2.66442255338,1.48569473936,1.50264159283,-0.0169468534702,0.0223045305608,0,0,2.89794680807,1
2025,Liberty,2335,large miss recovered,False,False,False,31.0203146257,-1.52220610077,-0.0406071887056,-0.000298582269894,-0.000100762254853,0.0541252578601,0.0541252578601,returning_pct_ppa,0.362994527881,transfer_in_prior_usage_sum,-0.364086996171,transfer_in_prior_usage_sum,-0.364086996171,0.98304457965,0.370366719586,2,1,2,0.596224927871,-0.386819651779,0.786982929943,0.332816349703,0.198676248174,0.585001623642,-0.386325375468,0.795458946003,0.362994527881,0,1.93491308829,0
2025,Louisiana Tech,2348,ordinary,False,False,False,21.7471847569,4.04568431696,0.117391067145,0.000863169611362,0.000291292970584,0.181397916758,0.181397916758,returning_pct_ppa,0.20127321823,recruiting_points_trend,-0.0239626546521,returning_pct_ppa,0.20127321823,0.844731184796,0.238268956862,6,0,0,0.792758269341,-0.051972915455,0.12305196349,0.999445986663,0.561277112163,0.61240928313,-0.0511321709668,0.15411899483,0,0,2.40073849611,0
2025,Miami,2390,ordinary,False,False,False,26.2339652108,-6.70246725659,-0.0427671746842,-0.000314464519737,-0.000106122021549,-0.315204230379,0.315204230379,returning_pct_ppa,0.577001674486,recruiting_points_3y_mean,-0.511549257424,returning_pct_ppa,0.577001674486,1.89814406705,0.303982023547,1,2,2,0.667349645721,-1.23079442133,0.703160162925,-0.998003534212,-0.447262235278,0.648640400509,-1.09590263579,0.743622125696,0.266769141977,0,2.21977295297,0
2025,Middle Tennessee,2393,ordinary,False,False,False,13.047864068,-4.42254212858,-0.111431669078,-0.000819350507927,-0.000276505382328,0.23834949062,0.23834949062,recruiting_points_3y_mean,0.166703848515,recruiting_points_2y_mean,-0.0140486994238,recruiting_points_3y_mean,0.166703848515,0.853626450509,0.195288991356,7,0,0,0.839135052159,-0.0144913983504,0.0339525522944,1.57958617526,0.665755132333,0.679803831757,-0.0140486994238,0.0404947702646,0,0,1.37663126327,0
2025,Navy,2426,expensive miss,True,False,False,30.4885634726,10.4527215962,0.913708648143,0.00671844594223,0.00226726711698,0.409294293414,0.409294293414,recruiting_points_3y_mean,0.490603757268,returning_pct_ppa,-0.454123668247,recruiting_points_3y_mean,0.490603757268,1.69372201983,0.289660139931,3,1,1,1.0837202446,-0.610001775227,0.720309198422,-0.437110172504,0.473202443719,1.05918678747,-0.585984343747,0.712368862581,0.172535747859,0.437110172504,3.29635859613,0
2025,Charlotte,2429,ordinary,False,False,False,22.8135123995,-4.97571083427,-0.0850791223103,-0.000625581781694,-0.00021111444742,0.247149922934,0.247149922934,returning_pct_ppa,0.439599358768,transfer_in_prior_usage_sum,-0.179897837104,returning_pct_ppa,0.439599358768,1.82533338629,0.240832366333,5,1,1,1.57604272044,-0.249290665854,0.273145352763,0.995246675346,0.928973715854,1.17741303211,-0.248439316255,0.348478321111,0.179897837104,0,2.47285936437,0
2025,UL Monroe,2433,ordinary,False,False,False,27.3252234829,-3.25472033367,-0.0383277877995,-0.000281821969114,-9.51061731997e-05,0.132432055586,0.132432055586,recruiting_points_3y_mean,0.234005766781,recruiting_points_2y_mean,-0.0190442864108,recruiting_points_3y_mean,0.234005766781,0.986233895639,0.237272078982,5,0,0,0.966207736377,-0.0200261592626,0.0406113790067,0.842060494121,0.662892745938,0.681937032349,-0.0190442864108,0.0543360740184,0,0,2.05386729484,0
2025,UNLV,2439,ordinary,False,False,False,10.9609491252,3.03259350901,0.271044566709,0.00199297475521,0.000672567163049,0.117486523791,0.117486523791,returning_pct_ppa,0.544171032677,transfer_in_prior_usage_sum,-0.414120469232,returning_pct_ppa,0.544171032677,1.72422142589,0.315603915196,3,1,1,1.24930107158,-0.474920354315,0.550880933484,-0.25210257776,0.530454406651,1.00537476097,-0.474920354315,0.641656314896,0.414120469232,0.25210257776,3.39445757234,0
2025,Nevada,2440,ordinary,False,False,False,11.0627381819,-9.04967118579,-0.00563869029169,-4.14609580271e-05,-1.39917873243e-05,0.441146881006,0.441146881006,returning_pct_ppa,0.4639183527,recruiting_points_2y_mean,-0.0171866596708,returning_pct_ppa,0.4639183527,1.06000708984,0.437655896027,2,0,0,1.03224485292,-0.0277622369192,0.0523812287393,0.975212660726,0.816624707883,0.843434130398,-0.026809422516,0.0616136078829,0,0,2.13239665089,0
2025,Northern Illinois,2459,helpful disagreement,False,True,False,26.9699280387,-22.7228749868,-0.626722239817,-0.00460825176336,-0.00155514203429,0.948342372237,0.948342372237,returning_pct_ppa,0.510124441172,transfer_in_prior_defensive_impact_db_available,-0.00962276284514,returning_pct_ppa,0.510124441172,1.38616529439,0.368011263329,2,0,0,1.37097513141,-0.0151901629825,0.0219168133035,0.201042571535,1.21721142328,1.23212631889,-0.0149148956053,0.0239204533611,0,0,1.48455162249,0
2025,Oregon,2483,ordinary,False,False,False,10.7497020805,-0.802198486164,0.0155349243485,0.000114227384916,3.8548199376e-05,-0.0277798957298,0.0277798957298,returning_pct_ppa,0.501612793295,recruiting_points_3y_mean,-0.562711988656,recruiting_points_3y_mean,-0.562711988656,2.19575315171,0.256272882139,1,4,1,0.65647964257,-1.53927350914,0.597953956762,-2.1636174431,-0.525361587296,0.655455533023,-1.18081712032,0.713897831926,0.0462919694813,0,2.99728727463,0
2025,Purdue,2509,ordinary,False,False,False,3.74299861553,-0.681028649116,-0.0496893270083,-0.00036536269859,-0.000123298578184,0.346593402094,0.346593402094,returning_pct_ppa,0.487021396936,recruiting_points_3y_mean,-0.0745996226709,returning_pct_ppa,0.487021396936,0.836350758224,0.582317158378,1,0,0,0.672424762037,-0.163925996186,0.392002983376,0.908987698486,0.51670368549,0.658035402233,-0.141331716744,0.353609032417,0.00670504574137,0,2.11223166124,0
2025,Sam Houston,2534,ordinary,False,False,False,53.1585134455,-1.79497622364,0.0468431676005,0.000344435055886,0.000116236147892,0.0597444767258,0.0597444767258,recruiting_points_3y_mean,0.186613873641,lag3_z_mean,-0.0967648120366,recruiting_points_3y_mean,0.186613873641,0.899265583612,0.207518087027,6,1,1,0.727767472,-0.171498111612,0.381418158856,0.101489012804,0.49115465096,0.565128256594,-0.0739736056344,0.231492380186,0.010003956053,0,1.78610241275,0
2025,SMU,2567,ordinary,False,False,False,12.1845659696,-9.74471950639,0.000514581816568,3.7836898277e-06,1.27687795674e-06,-0.409523112821,0.409523112821,returning_pct_ppa,0.119804588557,transfer_in_prior_defensive_impact_db_sum,-0.128894056098,transfer_in_prior_defensive_impact_db_sum,-0.128894056098,0.785074478221,0.164180672884,3,5,3,0.327556332236,-0.457518145985,0.834459255327,-0.866888036655,-0.222241212481,0.229813026277,-0.452054238758,0.674069685,0.109521083788,0,2.76853902127,0
2025,Southern Miss,2572,ordinary,False,False,False,26.3919851365,5.2849149392,0.320607266118,0.00235740636851,0.000795551528829,0.366385450883,0.366385450883,returning_pct_ppa,0.525931787228,transfer_in_prior_usage_sum,-0.395426644132,returning_pct_ppa,0.525931787228,1.77100443817,0.296968079747,2,1,1,1.34625495608,-0.424749482091,0.479670714467,1.94474456278,0.785615204576,1.20976880468,-0.424153600102,0.519184508225,0.395426644132,0,2.57280817022,0
2025,South Carolina,2579,expensive miss,True,False,False,36.1395662538,10.4631926792,0.398970533097,0.00293360686101,0.000990001322822,-0.530878367732,0.530878367732,transfer_in_prior_defensive_impact_db_available,0.0653486133514,recruiting_points_3y_mean,-0.370248412439,recruiting_points_3y_mean,-0.370248412439,1.07761532398,0.343581242955,0,2,0,0.108720258995,-0.96889506498,0.201779348486,-1.07652152826,-0.700034387086,0.108643422448,-0.808677809534,0.236871051623,0,0,2.0150807643,0
2025,TCU,2628,ordinary,False,False,False,11.2557859239,-0.285846338445,0.00777677248976,5.718215066e-05,1.92972022079e-05,0.0166343384235,0.0166343384235,transfer_in_prior_defensive_impact_db_available,0.0653486133514,recruiting_points_3y_mean,-0.277606462194,recruiting_points_3y_mean,-0.277606462194,0.989976087018,0.280417341221,0,5,0,0.189172021434,-0.800804065583,0.382174931122,-0.75339075637,-0.303813243314,0.189052577572,-0.492865820886,0.5544727287,0,0,2.47346220339,0
2025,Tennessee,2633,ordinary,False,False,False,3.84671741753,1.33739795018,-0.0126628489613,-9.31091835392e-05,-3.14214614425e-05,-0.0241846813183,0.0241846813183,returning_pct_ppa,0.46027050361,recruiting_points_3y_mean,-0.493977151915,recruiting_points_3y_mean,-0.493977151915,1.75083185242,0.282138545305,1,3,1,0.595630322941,-1.15520152948,0.680396946307,-1.28700337609,-0.301365552407,0.595085491672,-0.896451044079,0.797949600842,0,0,2.12214829289,0
2025,UTSA,2636,helpful disagreement,False,True,False,1.67726485576,-11.5437883832,0.0415492817592,0.0003055094247,0.000103099954737,-0.458105648633,0.458105648633,long_run_z_mean,0.0984888681782,returning_pct_ppa,-0.29483425799,returning_pct_ppa,-0.29483425799,0.745334052363,0.395573309787,2,1,2,0.296465207938,-0.448868844425,0.795523046339,0.254695151899,-0.219083951137,0.197862306007,-0.416946257145,0.643655010246,0,0.219083951137,2.19701616253,0
2025,UTEP,2638,ordinary,False,False,False,27.0103952902,9.04997164065,0.189576925167,0.00139394797917,0.000470414206369,-0.559574539585,0.559574539585,long_run_z_mean,0.261175839303,returning_pct_ppa,-0.14040864652,long_run_z_mean,0.261175839303,0.714884292262,0.365340016742,2,1,1,0.550218640073,-0.164665652189,0.460677773932,1.59363727569,0.0708513917636,0.234836775718,-0.163985383954,0.822348407566,0.0290331493016,0,1.99777761761,0
2025,Texas Tech,2641,large miss recovered,False,False,False,39.8785017261,-5.58366080699,-0.0464889430231,-0.000341830463405,-0.000115357178717,-0.216319864332,0.216319864332,recruiting_points_2y_mean,0.0300284962856,recruiting_points_3y_mean,-0.248767092466,recruiting_points_3y_mean,-0.248767092466,0.608356788113,0.408916440692,0,2,0,0.0724788974577,-0.535877890655,0.238277599178,-0.449778069826,-0.318009147097,0.0722319558472,-0.390241102944,0.312372599761,0,0,1.48797412312,0
2025,Toledo,2649,ordinary,False,False,False,18.1699156191,8.75272194429,-0.43624470705,-0.00320768166949,-0.0010824930696,0.338743995429,0.338743995429,coach_tenure_seasons,0.463076092232,returning_pct_ppa,-0.103930155621,coach_tenure_seasons,0.463076092232,0.756967956683,0.611751248046,1,0,0,0.636699920477,-0.120268036206,0.317762555586,0.108022971975,0.490292971785,0.610561007992,-0.120268036206,0.32912768632,0.0103393242022,0,1.78336593949,0
2025,Troy,2653,harmful disagreement,False,False,True,13.222221045,11.7182164231,0.374472710954,0.00275347581584,0.000929212682267,0.626097453991,0.626097453991,returning_pct_ppa,0.438383409071,lag3_z_mean,-0.0446695090049,returning_pct_ppa,0.438383409071,0.934816944639,0.468951072812,1,0,0,0.887738911152,-0.0470780334871,0.100721395257,0.607223776613,0.825226884864,0.827635409346,-0.00240852448223,0.00580336626549,0,0,2.70759645628,0
2025,Tulane,2655,expensive miss,True,False,False,37.5268398228,5.45800024471,0.511879670531,0.00376382110684,0.00127017287973,0.219579080887,0.219579080887,returning_pct_ppa,0.551466730857,transfer_in_prior_usage_sum,-0.504290684417,returning_pct_ppa,0.551466730857,1.84960695222,0.298153469954,3,1,1,1.1891015289,-0.660505423322,0.71421165727,-0.297697917621,0.453591281818,1.04559478126,-0.592003499442,0.723014314827,0.504290684417,0.297697917621,2.70304935489,0
2025,Western Michigan,2711,expensive miss,True,False,False,30.8327618896,1.22669963051,0.359846467837,0.00264592991057,0.00089291927503,0.0397160719848,0.0397160719848,returning_pct_ppa,0.341107433342,transfer_in_prior_usage_sum,-0.187595294497,returning_pct_ppa,0.341107433342,0.931904396198,0.366032647483,2,1,1,0.728685376894,-0.203219019303,0.436137054686,0.661576712023,0.375219870644,0.577912965533,-0.20269309489,0.519322370569,0.187595294497,0,1.84139690182,0
2025,Wyoming,2751,ordinary,False,False,False,21.9319538758,4.98674381462,-0.00210627177543,-1.54872924664e-05,-5.22648083233e-06,-0.239023402717,0.239023402717,recruiting_points_3y_mean,0.103685602321,returning_pct_ppa,-0.181750936205,returning_pct_ppa,-0.181750936205,0.600528014652,0.302651885957,3,1,3,0.401361531462,-0.199166483191,0.663304553097,0.931270698056,0.0862132338892,0.28537971708,-0.199166483191,0.822074275186,0.0312324228427,0,1.54110532813,0
