id,season,week,seasonType,startDate,completed,neutralSite,conferenceGame,homeId,homeTeam,homeClassification,homeConference,homePoints,awayId,awayTeam,awayClassification,awayConference,awayPoints
401856634,2026,1,regular,2026-09-05T16:00:00.000Z,True,False,False,333,Alabama,fbs,SEC,48,151,East Carolina,fbs,American Athletic,10
401856635,2026,1,regular,2026-09-05T20:15:00.000Z,True,False,False,8,Arkansas,fbs,SEC,31,2453,North Alabama,fcs,UAC,14
401856636,2026,1,regular,2026-09-05T19:30:00.000Z,True,True,False,2,Auburn,fbs,SEC,17,239,Baylor,fbs,Big 12,16
401856637,2026,1,regular,2026-09-05T23:45:00.000Z,True,False,False,57,Florida,fbs,SEC,66,2226,Florida Atlantic,fbs,American Athletic,21
401856658,2026,1,regular,2026-09-05T19:00:00.000Z,True,False,False,61,Georgia,fbs,SEC,63,2634,Tennessee State,fcs,OVC,3
401856659,2026,1,regular,2026-09-05T17:00:00.000Z,True,False,False,96,Kentucky,fbs,SEC,45,2754,Youngstown State,fcs,MVFC,13
401856660,2026,1,regular,2026-09-05T23:30:00.000Z,True,False,False,99,LSU,fbs,SEC,51,228,Clemson,fbs,ACC,10
401856661,2026,1,regular,2026-09-06T23:30:00.000Z,True,True,False,145,Ole Miss,fbs,SEC,41,97,Louisville,fbs,ACC,38
401856662,2026,1,regular,2026-09-05T23:30:00.000Z,True,False,False,344,Mississippi State,fbs,SEC,62,2433,UL Monroe,fbs,Sun Belt,13
401856663,2026,1,regular,2026-09-04T00:00:00.000Z,True,False,False,142,Missouri,fbs,SEC,54,2029,Arkansas-Pine Bluff,fcs,SWAC,14
401856664,2026,1,regular,2026-09-05T00:00:00.000Z,True,False,False,201,Oklahoma,fbs,SEC,51,2638,UTEP,fbs,Mountain West,0
401856665,2026,1,regular,2026-09-05T16:45:00.000Z,True,False,False,2579,South Carolina,fbs,SEC,57,2309,Kent State,fbs,Mid-American,0
401856666,2026,1,regular,2026-09-05T19:30:00.000Z,True,False,False,2633,Tennessee,fbs,SEC,56,231,Furman,fcs,Southern,9
401856667,2026,1,regular,2026-09-05T19:30:00.000Z,True,False,False,251,Texas,fbs,SEC,59,326,Texas State,fbs,Pac-12,7
401856668,2026,1,regular,2026-09-05T23:00:00.000Z,True,False,False,245,Texas A&M,fbs,SEC,50,2623,Missouri State,fbs,Conference USA,0
401856669,2026,1,regular,2026-09-05T23:00:00.000Z,True,False,False,238,Vanderbilt,fbs,SEC,28,2046,Austin Peay,fcs,UAC,9
401856670,2026,2,regular,2026-09-13T02:15:00.000Z,False,False,False,254,Utah,fbs,Big 12,,8,Arkansas,fbs,SEC,
401856671,2026,2,regular,2026-09-12T23:45:00.000Z,False,False,False,2,Auburn,fbs,SEC,,2572,Southern Miss,fbs,Sun Belt,
401856672,2026,2,regular,2026-09-12T21:30:00.000Z,False,False,False,57,Florida,fbs,SEC,,2097,Campbell,fcs,Coastal Athletic,
401856673,2026,2,regular,2026-09-12T16:45:00.000Z,False,False,False,61,Georgia,fbs,SEC,,98,Western Kentucky,fbs,Conference USA,
401856674,2026,2,regular,2026-09-12T19:30:00.000Z,False,False,True,96,Kentucky,fbs,SEC,,333,Alabama,fbs,SEC,
401856676,2026,2,regular,2026-09-12T23:45:00.000Z,False,False,False,145,Ole Miss,fbs,SEC,,2429,Charlotte,fbs,American Athletic,
401856677,2026,2,regular,2026-09-12T19:30:00.000Z,False,False,False,135,Minnesota,fbs,Big Ten,,344,Mississippi State,fbs,SEC,
401856678,2026,2,regular,2026-09-12T00:00:00.000Z,False,False,False,2305,Kansas,fbs,Big 12,,142,Missouri,fbs,SEC,
401856679,2026,2,regular,2026-09-12T16:00:00.000Z,False,False,False,130,Michigan,fbs,Big Ten,,201,Oklahoma,fbs,SEC,
401856680,2026,2,regular,2026-09-12T23:00:00.000Z,False,False,False,2579,South Carolina,fbs,SEC,,119,Towson,fcs,Coastal Athletic,
401856681,2026,2,regular,2026-09-12T23:00:00.000Z,False,False,False,59,Georgia Tech,fbs,ACC,,2633,Tennessee,fbs,SEC,
401856682,2026,2,regular,2026-09-12T23:30:00.000Z,False,False,False,251,Texas,fbs,SEC,,194,Ohio State,fbs,Big Ten,
401856683,2026,2,regular,2026-09-12T16:00:00.000Z,False,False,False,245,Texas A&M,fbs,SEC,,9,Arizona State,fbs,Big 12,
401856684,2026,2,regular,2026-09-12T20:15:00.000Z,False,False,False,238,Vanderbilt,fbs,SEC,,48,Delaware,fbs,Conference USA,
401856685,2026,3,regular,2026-09-19T19:30:00.000Z,False,False,False,333,Alabama,fbs,SEC,,52,Florida State,fbs,ACC,
401856686,2026,3,regular,2026-09-19T16:00:00.000Z,False,False,True,8,Arkansas,fbs,SEC,,61,Georgia,fbs,SEC,
401856687,2026,3,regular,2026-09-19T23:00:00.000Z,False,False,True,2,Auburn,fbs,SEC,,57,Florida,fbs,SEC,
401856688,2026,3,regular,2026-09-19T23:30:00.000Z,False,False,True,145,Ole Miss,fbs,SEC,,99,LSU,fbs,SEC,
401856689,2026,3,regular,2026-09-19T23:00:00.000Z,False,False,False,142,Missouri,fbs,SEC,,2653,Troy,fbs,Sun Belt,
401856690,2026,3,regular,2026-09-19T23:30:00.000Z,False,False,False,201,Oklahoma,fbs,SEC,,167,New Mexico,fbs,Mountain West,
401856691,2026,3,regular,2026-09-19T20:15:00.000Z,False,False,True,2579,South Carolina,fbs,SEC,,344,Mississippi State,fbs,SEC,
401856692,2026,3,regular,2026-09-19T23:45:00.000Z,False,False,False,2633,Tennessee,fbs,SEC,,338,Kennesaw State,fbs,Conference USA,
401856693,2026,3,regular,2026-09-20T00:00:00.000Z,False,False,False,251,Texas,fbs,SEC,,2636,UTSA,fbs,American Athletic,
401856694,2026,3,regular,2026-09-19T19:30:00.000Z,False,False,True,245,Texas A&M,fbs,SEC,,96,Kentucky,fbs,SEC,
401856695,2026,3,regular,2026-09-19T16:45:00.000Z,False,False,False,238,Vanderbilt,fbs,SEC,,152,NC State,fbs,ACC,
401856696,2026,4,regular,2026-09-26T04:00:00.000Z,False,False,True,333,Alabama,fbs,SEC,,2579,South Carolina,fbs,SEC,
401856697,2026,4,regular,2026-09-27T00:00:00.000Z,False,False,False,8,Arkansas,fbs,SEC,,202,Tulsa,fbs,American Athletic,
401856698,2026,4,regular,2026-09-26T04:00:00.000Z,False,False,True,2,Auburn,fbs,SEC,,238,Vanderbilt,fbs,SEC,
401856699,2026,4,regular,2026-09-26T04:00:00.000Z,False,False,True,57,Florida,fbs,SEC,,145,Ole Miss,fbs,SEC,
401856700,2026,4,regular,2026-09-26T04:00:00.000Z,False,False,True,61,Georgia,fbs,SEC,,201,Oklahoma,fbs,SEC,
401856702,2026,4,regular,2026-09-26T04:00:00.000Z,False,False,True,99,LSU,fbs,SEC,,245,Texas A&M,fbs,SEC,
401856703,2026,4,regular,2026-09-26T04:00:00.000Z,False,False,True,344,Mississippi State,fbs,SEC,,142,Missouri,fbs,SEC,
401856704,2026,4,regular,2026-09-26T16:00:00.000Z,False,False,True,2633,Tennessee,fbs,SEC,,251,Texas,fbs,SEC,
401856705,2026,5,regular,2026-10-03T04:00:00.000Z,False,False,True,61,Georgia,fbs,SEC,,238,Vanderbilt,fbs,SEC,
401856706,2026,5,regular,2026-10-03T23:45:00.000Z,False,False,False,99,LSU,fbs,SEC,,2377,McNeese,fcs,Southland,
401856707,2026,5,regular,2026-10-03T04:00:00.000Z,False,False,True,344,Mississippi State,fbs,SEC,,333,Alabama,fbs,SEC,
401856708,2026,5,regular,2026-10-03T04:00:00.000Z,False,False,True,142,Missouri,fbs,SEC,,57,Florida,fbs,SEC,
401856709,2026,5,regular,2026-10-03T04:00:00.000Z,False,False,True,2579,South Carolina,fbs,SEC,,96,Kentucky,fbs,SEC,
401856710,2026,5,regular,2026-10-03T04:00:00.000Z,False,False,True,2633,Tennessee,fbs,SEC,,2,Auburn,fbs,SEC,
401856711,2026,5,regular,2026-10-03T04:00:00.000Z,False,False,True,245,Texas A&M,fbs,SEC,,8,Arkansas,fbs,SEC,
401856712,2026,6,regular,2026-10-10T04:00:00.000Z,False,False,True,333,Alabama,fbs,SEC,,61,Georgia,fbs,SEC,
401856713,2026,6,regular,2026-10-10T04:00:00.000Z,False,False,True,8,Arkansas,fbs,SEC,,2633,Tennessee,fbs,SEC,
401856714,2026,6,regular,2026-10-10T04:00:00.000Z,False,False,True,57,Florida,fbs,SEC,,2579,South Carolina,fbs,SEC,
401856715,2026,6,regular,2026-10-10T04:00:00.000Z,False,False,True,96,Kentucky,fbs,SEC,,99,LSU,fbs,SEC,
401856716,2026,6,regular,2026-10-10T04:00:00.000Z,False,False,True,142,Missouri,fbs,SEC,,245,Texas A&M,fbs,SEC,
401856717,2026,6,regular,2026-10-10T19:30:00.000Z,False,True,True,201,Oklahoma,fbs,SEC,,251,Texas,fbs,SEC,
401856718,2026,6,regular,2026-10-10T04:00:00.000Z,False,False,True,238,Vanderbilt,fbs,SEC,,145,Ole Miss,fbs,SEC,
401856719,2026,7,regular,2026-10-17T04:00:00.000Z,False,False,True,61,Georgia,fbs,SEC,,2,Auburn,fbs,SEC,
401856720,2026,7,regular,2026-10-17T04:00:00.000Z,False,False,True,99,LSU,fbs,SEC,,344,Mississippi State,fbs,SEC,
401856721,2026,7,regular,2026-10-17T04:00:00.000Z,False,False,True,145,Ole Miss,fbs,SEC,,142,Missouri,fbs,SEC,
401856722,2026,7,regular,2026-10-17T04:00:00.000Z,False,False,True,201,Oklahoma,fbs,SEC,,96,Kentucky,fbs,SEC,
401856723,2026,7,regular,2026-10-17T04:00:00.000Z,False,False,True,2633,Tennessee,fbs,SEC,,333,Alabama,fbs,SEC,
401856724,2026,7,regular,2026-10-17T04:00:00.000Z,False,False,True,251,Texas,fbs,SEC,,57,Florida,fbs,SEC,
401856725,2026,7,regular,2026-10-17T17:00:00.000Z,False,False,False,245,Texas A&M,fbs,SEC,,2643,The Citadel,fcs,Southern,
401856726,2026,7,regular,2026-10-17T04:00:00.000Z,False,False,True,238,Vanderbilt,fbs,SEC,,8,Arkansas,fbs,SEC,
401856727,2026,8,regular,2026-10-24T04:00:00.000Z,False,False,True,333,Alabama,fbs,SEC,,245,Texas A&M,fbs,SEC,
401856728,2026,8,regular,2026-10-24T16:00:00.000Z,False,False,True,2,Auburn,fbs,SEC,,99,LSU,fbs,SEC,
401856729,2026,8,regular,2026-10-24T04:00:00.000Z,False,False,True,96,Kentucky,fbs,SEC,,238,Vanderbilt,fbs,SEC,
401856730,2026,8,regular,2026-10-24T04:00:00.000Z,False,False,True,344,Mississippi State,fbs,SEC,,201,Oklahoma,fbs,SEC,
401856731,2026,8,regular,2026-10-24T04:00:00.000Z,False,False,True,2579,South Carolina,fbs,SEC,,2633,Tennessee,fbs,SEC,
401856732,2026,8,regular,2026-10-24T04:00:00.000Z,False,False,True,251,Texas,fbs,SEC,,145,Ole Miss,fbs,SEC,
401856733,2026,9,regular,2026-10-31T04:00:00.000Z,False,False,True,8,Arkansas,fbs,SEC,,142,Missouri,fbs,SEC,
401856734,2026,9,regular,2026-10-31T19:30:00.000Z,False,True,True,61,Georgia,fbs,SEC,,57,Florida,fbs,SEC,
401856735,2026,9,regular,2026-10-31T04:00:00.000Z,False,False,True,145,Ole Miss,fbs,SEC,,2,Auburn,fbs,SEC,
401856736,2026,9,regular,2026-10-31T04:00:00.000Z,False,False,True,201,Oklahoma,fbs,SEC,,2579,South Carolina,fbs,SEC,
401856737,2026,9,regular,2026-10-31T04:00:00.000Z,False,False,True,251,Texas,fbs,SEC,,344,Mississippi State,fbs,SEC,
401856738,2026,10,regular,2026-11-07T05:00:00.000Z,False,False,True,2,Auburn,fbs,SEC,,8,Arkansas,fbs,SEC,
401856739,2026,10,regular,2026-11-07T05:00:00.000Z,False,False,True,57,Florida,fbs,SEC,,201,Oklahoma,fbs,SEC,
401856740,2026,10,regular,2026-11-07T05:00:00.000Z,False,False,True,99,LSU,fbs,SEC,,333,Alabama,fbs,SEC,
401856741,2026,10,regular,2026-11-07T05:00:00.000Z,False,False,True,145,Ole Miss,fbs,SEC,,61,Georgia,fbs,SEC,
401856742,2026,10,regular,2026-11-07T05:00:00.000Z,False,False,True,344,Mississippi State,fbs,SEC,,238,Vanderbilt,fbs,SEC,
401856743,2026,10,regular,2026-11-07T05:00:00.000Z,False,False,True,142,Missouri,fbs,SEC,,251,Texas,fbs,SEC,
401856744,2026,10,regular,2026-11-07T05:00:00.000Z,False,False,True,2579,South Carolina,fbs,SEC,,245,Texas A&M,fbs,SEC,
401856745,2026,10,regular,2026-11-07T05:00:00.000Z,False,False,True,2633,Tennessee,fbs,SEC,,96,Kentucky,fbs,SEC,
401856746,2026,12,regular,2026-11-21T19:00:00.000Z,False,False,False,333,Alabama,fbs,SEC,,236,Chattanooga,fcs,Southern,
401856747,2026,12,regular,2026-11-21T20:30:00.000Z,False,False,False,2,Auburn,fbs,SEC,,2535,Samford,fcs,Southern,
401856748,2026,12,regular,2026-11-21T05:00:00.000Z,False,False,True,57,Florida,fbs,SEC,,238,Vanderbilt,fbs,SEC,
401856749,2026,12,regular,2026-11-21T17:00:00.000Z,False,False,False,145,Ole Miss,fbs,SEC,,2747,Wofford,fcs,Southern,
401856750,2026,12,regular,2026-11-21T18:00:00.000Z,False,False,False,344,Mississippi State,fbs,SEC,,2635,Tennessee Tech,fcs,Southern,
401856751,2026,12,regular,2026-11-21T05:00:00.000Z,False,False,True,142,Missouri,fbs,SEC,,96,Kentucky,fbs,SEC,
401856752,2026,12,regular,2026-11-21T05:00:00.000Z,False,False,True,201,Oklahoma,fbs,SEC,,245,Texas A&M,fbs,SEC,
401856753,2026,12,regular,2026-11-21T05:00:00.000Z,False,False,True,2579,South Carolina,fbs,SEC,,61,Georgia,fbs,SEC,
401856754,2026,12,regular,2026-11-21T05:00:00.000Z,False,False,True,2633,Tennessee,fbs,SEC,,99,LSU,fbs,SEC,
401856755,2026,12,regular,2026-11-21T05:00:00.000Z,False,False,True,251,Texas,fbs,SEC,,8,Arkansas,fbs,SEC,
401856756,2026,13,regular,2026-11-28T00:30:00.000Z,False,False,True,245,Texas A&M,fbs,SEC,,251,Texas,fbs,SEC,
401856757,2026,13,regular,2026-11-28T05:00:00.000Z,False,False,True,333,Alabama,fbs,SEC,,2,Auburn,fbs,SEC,
401856758,2026,13,regular,2026-11-28T05:00:00.000Z,False,False,True,8,Arkansas,fbs,SEC,,99,LSU,fbs,SEC,
401856759,2026,13,regular,2026-11-27T20:30:00.000Z,False,False,False,52,Florida State,fbs,ACC,,57,Florida,fbs,SEC,
401856760,2026,13,regular,2026-11-28T05:00:00.000Z,False,False,False,61,Georgia,fbs,SEC,,59,Georgia Tech,fbs,ACC,
401856761,2026,13,regular,2026-11-28T05:00:00.000Z,False,False,False,96,Kentucky,fbs,SEC,,97,Louisville,fbs,ACC,
401856762,2026,13,regular,2026-11-27T17:00:00.000Z,False,False,True,145,Ole Miss,fbs,SEC,,344,Mississippi State,fbs,SEC,
401856763,2026,13,regular,2026-11-28T05:00:00.000Z,False,False,True,142,Missouri,fbs,SEC,,201,Oklahoma,fbs,SEC,
401856764,2026,13,regular,2026-11-28T05:00:00.000Z,False,False,False,228,Clemson,fbs,ACC,,2579,South Carolina,fbs,SEC,
401856765,2026,13,regular,2026-11-28T05:00:00.000Z,False,False,True,238,Vanderbilt,fbs,SEC,,2633,Tennessee,fbs,SEC,
401856766,2026,1,regular,2026-08-29T16:00:00.000Z,True,True,False,2628,TCU,fbs,Big 12,10,153,North Carolina,fbs,ACC,15
401856767,2026,1,regular,2026-09-03T23:00:00.000Z,True,False,False,2116,UCF,fbs,Big 12,73,2065,Bethune-Cookman,fcs,SWAC,6
401856768,2026,1,regular,2026-09-04T01:00:00.000Z,True,False,False,254,Utah,fbs,Big 12,66,70,Idaho,fcs,Big Sky,14
401856769,2026,1,regular,2026-09-05T00:00:00.000Z,True,False,False,2305,Kansas,fbs,Big 12,51,2341,Long Island University,fcs,NEC,6
401856770,2026,1,regular,2026-09-05T23:00:00.000Z,True,False,False,2641,Texas Tech,fbs,Big 12,33,2000,Abilene Christian,fcs,UAC,10
401856771,2026,1,regular,2026-09-05T23:00:00.000Z,True,False,False,2306,Kansas State,fbs,Big 12,71,2447,Nicholls,fcs,Southland,3
401856772,2026,1,regular,2026-09-05T19:45:00.000Z,True,False,False,202,Tulsa,fbs,American Athletic,24,197,Oklahoma State,fbs,Big 12,10
401856773,2026,1,regular,2026-09-06T01:30:00.000Z,True,False,False,12,Arizona,fbs,Big 12,35,2464,Northern Arizona,fcs,Big Sky,7
401856774,2026,1,regular,2026-09-06T02:00:00.000Z,True,False,False,9,Arizona State,fbs,Big 12,70,2415,Morgan State,fcs,MEAC,7
401856775,2026,1,regular,2026-09-06T00:00:00.000Z,True,False,False,252,BYU,fbs,Big 12,63,3101,Utah Tech,fcs,Big Sky,7
401856776,2026,1,regular,2026-09-04T00:00:00.000Z,True,False,False,59,Georgia Tech,fbs,ACC,13,38,Colorado,fbs,Big 12,14
401856777,2026,1,regular,2026-09-05T19:30:00.000Z,True,False,False,2132,Cincinnati,fbs,Big 12,34,103,Boston College,fbs,ACC,15
401856778,2026,1,regular,2026-09-05T16:00:00.000Z,True,False,False,248,Houston,fbs,Big 12,33,204,Oregon State,fbs,Pac-12,20
401856779,2026,1,regular,2026-09-05T17:00:00.000Z,True,False,False,66,Iowa State,fbs,Big 12,38,2546,Southeast Missouri State,fcs,OVC,10
401856780,2026,1,regular,2026-09-05T16:00:00.000Z,True,False,False,277,West Virginia,fbs,Big 12,31,324,Coastal Carolina,fbs,Sun Belt,24
401856781,2026,2,regular,2026-09-12T16:00:00.000Z,False,False,False,2306,Kansas State,fbs,Big 12,,265,Washington State,fbs,Pac-12,
401856782,2026,2,regular,2026-09-12T16:00:00.000Z,False,False,False,197,Oklahoma State,fbs,Big 12,,2483,Oregon,fbs,Big Ten,
401856783,2026,2,regular,2026-09-12T23:30:00.000Z,False,False,False,204,Oregon State,fbs,Pac-12,,2641,Texas Tech,fbs,Big 12,
401856784,2026,2,regular,2026-09-13T00:08:00.000Z,False,False,False,239,Baylor,fbs,Big 12,,2504,Prairie View A&M,fcs,SWAC,
401856785,2026,2,regular,2026-09-12T19:30:00.000Z,False,False,False,38,Colorado,fbs,Big 12,,2692,Weber State,fcs,Big Sky,
401856786,2026,2,regular,2026-09-12T23:00:00.000Z,False,False,False,2132,Cincinnati,fbs,Big 12,,2717,Western Carolina,fcs,Southern,
401856787,2026,2,regular,2026-09-12T23:00:00.000Z,False,False,False,248,Houston,fbs,Big 12,,2582,Southern,fcs,SWAC,
401856788,2026,2,regular,2026-09-12T23:30:00.000Z,False,False,False,2294,Iowa,fbs,Big Ten,,66,Iowa State,fbs,Big 12,
401856789,2026,2,regular,2026-09-13T00:00:00.000Z,False,False,False,2628,TCU,fbs,Big 12,,2755,Grambling,fcs,SWAC,
401856790,2026,2,regular,2026-09-12T19:30:00.000Z,False,False,False,221,Pittsburgh,fbs,ACC,,2116,UCF,fbs,Big 12,
401856791,2026,2,regular,2026-09-12T17:00:00.000Z,False,False,False,277,West Virginia,fbs,Big 12,,2630,UT Martin,fcs,OVC,
401856792,2026,3,regular,2026-09-19T16:00:00.000Z,False,False,False,2306,Kansas State,fbs,Big 12,,2655,Tulane,fbs,American Athletic,
401856793,2026,3,regular,2026-09-20T02:30:00.000Z,False,False,False,12,Arizona,fbs,Big 12,,2459,Northern Illinois,fbs,Mountain West,
401856795,2026,3,regular,2026-09-19T23:30:00.000Z,False,False,False,36,Colorado State,fbs,Pac-12,,252,BYU,fbs,Big 12,
401856796,2026,3,regular,2026-09-19T23:30:00.000Z,False,False,False,77,Northwestern,fbs,Big Ten,,38,Colorado,fbs,Big 12,
401856797,2026,3,regular,2026-09-19T19:30:00.000Z,False,False,False,2132,Cincinnati,fbs,Big 12,,193,Miami (OH),fbs,Mid-American,
401856798,2026,3,regular,2026-09-19T16:00:00.000Z,False,False,False,66,Iowa State,fbs,Big 12,,189,Bowling Green,fbs,Mid-American,
401856799,2026,3,regular,2026-09-20T00:00:00.000Z,False,False,False,2628,TCU,fbs,Big 12,,2032,Arkansas State,fbs,Sun Belt,
401856800,2026,3,regular,2026-09-19T23:00:00.000Z,False,False,False,2116,UCF,fbs,Big 12,,2247,Georgia State,fbs,Sun Belt,
401856801,2026,3,regular,2026-09-19T19:30:00.000Z,False,False,False,254,Utah,fbs,Big 12,,328,Utah State,fbs,Pac-12,
401856802,2026,3,regular,2026-09-19T23:30:00.000Z,False,True,False,258,Virginia,fbs,ACC,,277,West Virginia,fbs,Big 12,
401856803,2026,3,regular,2026-09-19T23:00:00.000Z,False,False,False,197,Oklahoma State,fbs,Big 12,,93,Murray State,fcs,MVFC,
401856804,2026,4,regular,2026-09-26T23:30:00.000Z,False,False,False,265,Washington State,fbs,Pac-12,,12,Arizona,fbs,Big 12,
401856805,2026,4,regular,2026-09-26T04:00:00.000Z,False,False,False,2641,Texas Tech,fbs,Big 12,,2534,Sam Houston,fbs,Conference USA,
401856806,2026,4,regular,2026-09-26T04:00:00.000Z,False,False,False,290,Georgia Southern,fbs,Sun Belt,,248,Houston,fbs,Big 12,
401856807,2026,5,regular,2026-10-03T04:00:00.000Z,False,False,False,2305,Kansas,fbs,Big 12,,2393,Middle Tennessee,fbs,Conference USA,
401856808,2026,6,regular,2026-10-10T04:00:00.000Z,False,False,False,9,Arizona State,fbs,Big 12,,62,Hawai'i,fbs,Mountain West,
401856809,2026,7,regular,2026-10-17T04:00:00.000Z,False,False,False,252,BYU,fbs,Big 12,,87,Notre Dame,fbs,FBS Independents,
401856810,2026,2,regular,2026-09-12T19:30:00.000Z,False,False,True,252,BYU,fbs,Big 12,,12,Arizona,fbs,Big 12,
401856811,2026,3,regular,2026-09-19T00:00:00.000Z,False,False,True,2641,Texas Tech,fbs,Big 12,,248,Houston,fbs,Big 12,
401856812,2026,3,regular,2026-09-19T16:00:00.000Z,False,True,True,2305,Kansas,fbs,Big 12,,9,Arizona State,fbs,Big 12,
401856813,2026,4,regular,2026-09-26T04:00:00.000Z,False,False,True,239,Baylor,fbs,Big 12,,38,Colorado,fbs,Big 12,
401856814,2026,4,regular,2026-09-26T04:00:00.000Z,False,False,True,2132,Cincinnati,fbs,Big 12,,2306,Kansas State,fbs,Big 12,
401856815,2026,4,regular,2026-09-26T04:00:00.000Z,False,False,True,2116,UCF,fbs,Big 12,,2628,TCU,fbs,Big 12,
401856816,2026,4,regular,2026-09-26T04:00:00.000Z,False,False,True,66,Iowa State,fbs,Big 12,,254,Utah,fbs,Big 12,
401856817,2026,5,regular,2026-10-03T04:00:00.000Z,False,False,True,9,Arizona State,fbs,Big 12,,239,Baylor,fbs,Big 12,
401856818,2026,5,regular,2026-10-03T04:00:00.000Z,False,False,True,2628,TCU,fbs,Big 12,,252,BYU,fbs,Big 12,
401856819,2026,5,regular,2026-10-03T04:00:00.000Z,False,False,True,248,Houston,fbs,Big 12,,2116,UCF,fbs,Big 12,
401856820,2026,5,regular,2026-10-03T04:00:00.000Z,False,False,True,12,Arizona,fbs,Big 12,,2132,Cincinnati,fbs,Big 12,
401856821,2026,5,regular,2026-10-03T04:00:00.000Z,False,False,True,38,Colorado,fbs,Big 12,,2641,Texas Tech,fbs,Big 12,
401856822,2026,5,regular,2026-10-03T04:00:00.000Z,False,False,True,66,Iowa State,fbs,Big 12,,277,West Virginia,fbs,Big 12,
401856823,2026,6,regular,2026-10-10T04:00:00.000Z,False,False,True,277,West Virginia,fbs,Big 12,,12,Arizona,fbs,Big 12,
401856824,2026,6,regular,2026-10-10T04:00:00.000Z,False,False,True,197,Oklahoma State,fbs,Big 12,,2116,UCF,fbs,Big 12,
401856825,2026,6,regular,2026-10-10T04:00:00.000Z,False,False,True,2306,Kansas State,fbs,Big 12,,248,Houston,fbs,Big 12,
401856826,2026,6,regular,2026-10-10T02:15:00.000Z,False,False,True,252,BYU,fbs,Big 12,,66,Iowa State,fbs,Big 12,
401856827,2026,6,regular,2026-10-10T04:00:00.000Z,False,False,True,254,Utah,fbs,Big 12,,2305,Kansas,fbs,Big 12,
401856828,2026,7,regular,2026-10-17T04:00:00.000Z,False,False,True,2641,Texas Tech,fbs,Big 12,,9,Arizona State,fbs,Big 12,
401856829,2026,7,regular,2026-10-17T04:00:00.000Z,False,False,True,277,West Virginia,fbs,Big 12,,2132,Cincinnati,fbs,Big 12,
401856830,2026,7,regular,2026-10-17T04:00:00.000Z,False,False,True,2306,Kansas State,fbs,Big 12,,2305,Kansas,fbs,Big 12,
401856831,2026,7,regular,2026-10-17T04:00:00.000Z,False,False,True,248,Houston,fbs,Big 12,,197,Oklahoma State,fbs,Big 12,
401856832,2026,7,regular,2026-10-17T04:00:00.000Z,False,False,True,239,Baylor,fbs,Big 12,,2628,TCU,fbs,Big 12,
401856833,2026,7,regular,2026-10-17T04:00:00.000Z,False,False,True,38,Colorado,fbs,Big 12,,254,Utah,fbs,Big 12,
401856834,2026,8,regular,2026-10-24T04:00:00.000Z,False,False,True,2305,Kansas,fbs,Big 12,,239,Baylor,fbs,Big 12,
401856835,2026,8,regular,2026-10-24T04:00:00.000Z,False,False,True,2116,UCF,fbs,Big 12,,252,BYU,fbs,Big 12,
401856836,2026,8,regular,2026-10-24T04:00:00.000Z,False,False,True,197,Oklahoma State,fbs,Big 12,,38,Colorado,fbs,Big 12,
401856837,2026,8,regular,2026-10-24T04:00:00.000Z,False,False,True,254,Utah,fbs,Big 12,,248,Houston,fbs,Big 12,
401856838,2026,8,regular,2026-10-24T04:00:00.000Z,False,False,True,12,Arizona,fbs,Big 12,,66,Iowa State,fbs,Big 12,
401856839,2026,8,regular,2026-10-24T04:00:00.000Z,False,False,True,9,Arizona State,fbs,Big 12,,2306,Kansas State,fbs,Big 12,
401856840,2026,8,regular,2026-10-24T04:00:00.000Z,False,False,True,2132,Cincinnati,fbs,Big 12,,2641,Texas Tech,fbs,Big 12,
401856841,2026,8,regular,2026-10-24T04:00:00.000Z,False,False,True,2628,TCU,fbs,Big 12,,277,West Virginia,fbs,Big 12,
401856842,2026,9,regular,2026-10-31T04:00:00.000Z,False,False,True,2641,Texas Tech,fbs,Big 12,,12,Arizona,fbs,Big 12,
401856843,2026,9,regular,2026-10-31T04:00:00.000Z,False,False,True,252,BYU,fbs,Big 12,,9,Arizona State,fbs,Big 12,
401856844,2026,9,regular,2026-10-30T23:30:00.000Z,False,False,True,2116,UCF,fbs,Big 12,,239,Baylor,fbs,Big 12,
401856845,2026,9,regular,2026-10-31T04:00:00.000Z,False,False,True,2628,TCU,fbs,Big 12,,2305,Kansas,fbs,Big 12,
401856846,2026,9,regular,2026-10-31T04:00:00.000Z,False,False,True,38,Colorado,fbs,Big 12,,2306,Kansas State,fbs,Big 12,
401856847,2026,9,regular,2026-10-31T04:00:00.000Z,False,False,True,66,Iowa State,fbs,Big 12,,197,Oklahoma State,fbs,Big 12,
401856848,2026,9,regular,2026-10-31T04:00:00.000Z,False,False,True,2132,Cincinnati,fbs,Big 12,,254,Utah,fbs,Big 12,
401856849,2026,10,regular,2026-11-07T05:00:00.000Z,False,False,True,254,Utah,fbs,Big 12,,252,BYU,fbs,Big 12,
401856850,2026,10,regular,2026-11-07T05:00:00.000Z,False,False,True,2305,Kansas,fbs,Big 12,,2116,UCF,fbs,Big 12,
401856851,2026,10,regular,2026-11-07T05:00:00.000Z,False,False,True,248,Houston,fbs,Big 12,,2132,Cincinnati,fbs,Big 12,
401856852,2026,10,regular,2026-11-07T05:00:00.000Z,False,False,True,9,Arizona State,fbs,Big 12,,38,Colorado,fbs,Big 12,
401856853,2026,10,regular,2026-11-07T05:00:00.000Z,False,False,True,239,Baylor,fbs,Big 12,,66,Iowa State,fbs,Big 12,
401856854,2026,10,regular,2026-11-07T05:00:00.000Z,False,False,True,2306,Kansas State,fbs,Big 12,,197,Oklahoma State,fbs,Big 12,
401856855,2026,10,regular,2026-11-07T03:15:00.000Z,False,False,True,12,Arizona,fbs,Big 12,,2628,TCU,fbs,Big 12,
401856856,2026,10,regular,2026-11-07T05:00:00.000Z,False,False,True,2641,Texas Tech,fbs,Big 12,,277,West Virginia,fbs,Big 12,
401856857,2026,11,regular,2026-11-14T05:00:00.000Z,False,False,True,2116,UCF,fbs,Big 12,,9,Arizona State,fbs,Big 12,
401856858,2026,11,regular,2026-11-14T05:00:00.000Z,False,False,True,252,BYU,fbs,Big 12,,239,Baylor,fbs,Big 12,
401856859,2026,11,regular,2026-11-14T05:00:00.000Z,False,False,True,66,Iowa State,fbs,Big 12,,2132,Cincinnati,fbs,Big 12,
401856860,2026,11,regular,2026-11-14T03:15:00.000Z,False,False,True,38,Colorado,fbs,Big 12,,248,Houston,fbs,Big 12,
401856861,2026,11,regular,2026-11-14T05:00:00.000Z,False,False,True,277,West Virginia,fbs,Big 12,,2305,Kansas,fbs,Big 12,
401856862,2026,11,regular,2026-11-14T05:00:00.000Z,False,False,True,2628,TCU,fbs,Big 12,,2306,Kansas State,fbs,Big 12,
401856863,2026,11,regular,2026-11-14T05:00:00.000Z,False,False,True,197,Oklahoma State,fbs,Big 12,,2641,Texas Tech,fbs,Big 12,
401856864,2026,11,regular,2026-11-14T05:00:00.000Z,False,False,True,12,Arizona,fbs,Big 12,,254,Utah,fbs,Big 12,
401856865,2026,12,regular,2026-11-21T05:00:00.000Z,False,False,True,2306,Kansas State,fbs,Big 12,,12,Arizona,fbs,Big 12,
401856866,2026,12,regular,2026-11-21T05:00:00.000Z,False,False,True,2305,Kansas,fbs,Big 12,,252,BYU,fbs,Big 12,
401856867,2026,12,regular,2026-11-21T05:00:00.000Z,False,False,True,2132,Cincinnati,fbs,Big 12,,38,Colorado,fbs,Big 12,
401856868,2026,12,regular,2026-11-21T05:00:00.000Z,False,False,True,277,West Virginia,fbs,Big 12,,248,Houston,fbs,Big 12,
401856869,2026,12,regular,2026-11-20T23:00:00.000Z,False,False,True,2116,UCF,fbs,Big 12,,66,Iowa State,fbs,Big 12,
401856870,2026,12,regular,2026-11-21T05:00:00.000Z,False,False,True,9,Arizona State,fbs,Big 12,,197,Oklahoma State,fbs,Big 12,
401856871,2026,12,regular,2026-11-21T05:00:00.000Z,False,False,True,239,Baylor,fbs,Big 12,,2641,Texas Tech,fbs,Big 12,
401856872,2026,12,regular,2026-11-21T05:00:00.000Z,False,False,True,2628,TCU,fbs,Big 12,,254,Utah,fbs,Big 12,
401856873,2026,13,regular,2026-11-28T05:00:00.000Z,False,False,True,12,Arizona,fbs,Big 12,,9,Arizona State,fbs,Big 12,
401856874,2026,13,regular,2026-11-28T05:00:00.000Z,False,False,True,248,Houston,fbs,Big 12,,239,Baylor,fbs,Big 12,
401856875,2026,13,regular,2026-11-28T05:00:00.000Z,False,False,True,38,Colorado,fbs,Big 12,,2116,UCF,fbs,Big 12,
401856876,2026,13,regular,2026-11-28T05:00:00.000Z,False,False,True,252,BYU,fbs,Big 12,,2132,Cincinnati,fbs,Big 12,
401856877,2026,13,regular,2026-11-28T05:00:00.000Z,False,False,True,197,Oklahoma State,fbs,Big 12,,2305,Kansas,fbs,Big 12,
401856878,2026,13,regular,2026-11-28T05:00:00.000Z,False,False,True,66,Iowa State,fbs,Big 12,,2306,Kansas State,fbs,Big 12,
401856879,2026,13,regular,2026-11-27T01:00:00.000Z,False,False,True,2641,Texas Tech,fbs,Big 12,,2628,TCU,fbs,Big 12,
401856880,2026,13,regular,2026-11-28T02:00:00.000Z,False,False,True,254,Utah,fbs,Big 12,,277,West Virginia,fbs,Big 12,
401856881,2026,4,regular,2026-09-26T04:00:00.000Z,False,False,True,277,West Virginia,fbs,Big 12,,197,Oklahoma State,fbs,Big 12,
401856882,2026,11,regular,2026-11-14T05:00:00.000Z,False,False,True,8,Arkansas,fbs,SEC,,2579,South Carolina,fbs,SEC,
401856883,2026,11,regular,2026-11-14T05:00:00.000Z,False,False,True,61,Georgia,fbs,SEC,,142,Missouri,fbs,SEC,
401856884,2026,11,regular,2026-11-14T05:00:00.000Z,False,False,True,96,Kentucky,fbs,SEC,,57,Florida,fbs,SEC,
401856885,2026,11,regular,2026-11-14T05:00:00.000Z,False,False,True,99,LSU,fbs,SEC,,251,Texas,fbs,SEC,
401856886,2026,11,regular,2026-11-14T05:00:00.000Z,False,False,True,344,Mississippi State,fbs,SEC,,2,Auburn,fbs,SEC,
401856887,2026,11,regular,2026-11-14T05:00:00.000Z,False,False,True,201,Oklahoma,fbs,SEC,,145,Ole Miss,fbs,SEC,
401856888,2026,11,regular,2026-11-14T05:00:00.000Z,False,False,True,245,Texas A&M,fbs,SEC,,2633,Tennessee,fbs,SEC,
401856889,2026,11,regular,2026-11-14T05:00:00.000Z,False,False,True,238,Vanderbilt,fbs,SEC,,333,Alabama,fbs,SEC,
401858201,2026,1,regular,2026-08-29T23:00:00.000Z,True,False,False,24,Stanford,fbs,ACC,37,62,Hawai'i,fbs,Mountain West,27
401858202,2026,1,regular,2026-08-29T19:30:00.000Z,True,False,True,258,Virginia,fbs,ACC,34,152,NC State,fbs,ACC,8
401858204,2026,1,regular,2026-09-03T23:00:00.000Z,True,False,False,154,Wake Forest,fbs,ACC,38,2006,Akron,fbs,Mid-American,16
401858206,2026,1,regular,2026-09-05T01:00:00.000Z,True,False,True,24,Stanford,fbs,ACC,6,2390,Miami,fbs,ACC,45
401858207,2026,1,regular,2026-09-05T16:30:00.000Z,True,False,False,221,Pittsburgh,fbs,ACC,59,193,Miami (OH),fbs,Mid-American,14
401858208,2026,1,regular,2026-09-05T16:00:00.000Z,True,False,False,183,Syracuse,fbs,ACC,66,160,New Hampshire,fcs,Coastal Athletic,3
401858209,2026,1,regular,2026-09-05T19:30:00.000Z,True,False,False,150,Duke,fbs,ACC,17,2655,Tulane,fbs,American Athletic,3
401858210,2026,1,regular,2026-09-06T02:30:00.000Z,True,False,False,25,California,fbs,ACC,24,26,UCLA,fbs,Big Ten,45
401858211,2026,1,regular,2026-09-05T23:30:00.000Z,True,False,False,259,Virginia Tech,fbs,ACC,73,2678,VMI,fcs,Southern,3
401858212,2026,1,regular,2026-09-07T23:30:00.000Z,True,False,True,52,Florida State,fbs,ACC,24,2567,SMU,fbs,ACC,27
401858213,2026,2,regular,2026-09-11T00:00:00.000Z,True,False,False,2390,Miami,fbs,ACC,77,50,Florida A&M,fcs,SWAC,7
401858214,2026,2,regular,2026-09-11T23:30:00.000Z,False,False,False,103,Boston College,fbs,ACC,,164,Rutgers,fbs,Big Ten,
401858215,2026,2,regular,2026-09-11T23:00:00.000Z,False,False,False,97,Louisville,fbs,ACC,,222,Villanova,fcs,Patriot,
401858216,2026,2,regular,2026-09-12T19:30:00.000Z,False,False,True,183,Syracuse,fbs,ACC,,25,California,fbs,ACC,
401858217,2026,2,regular,2026-09-12T19:30:00.000Z,False,False,False,356,Illinois,fbs,Big Ten,,150,Duke,fbs,ACC,
401858218,2026,2,regular,2026-09-12T16:00:00.000Z,False,False,False,153,North Carolina,fbs,ACC,,2193,East Tennessee State,fcs,Southern,
401858219,2026,2,regular,2026-09-12T23:30:00.000Z,False,False,False,228,Clemson,fbs,ACC,,290,Georgia Southern,fbs,Sun Belt,
401858220,2026,2,regular,2026-09-11T23:00:00.000Z,False,False,False,258,Virginia,fbs,ACC,,2450,Norfolk State,fcs,MEAC,
401858221,2026,2,regular,2026-09-12T16:00:00.000Z,False,False,False,259,Virginia Tech,fbs,ACC,,295,Old Dominion,fbs,Sun Belt,
401858222,2026,2,regular,2026-09-11T23:00:00.000Z,False,False,False,152,NC State,fbs,ACC,,257,Richmond,fcs,Patriot,
401858223,2026,2,regular,2026-09-12T20:00:00.000Z,False,False,False,2567,SMU,fbs,ACC,,302,UC Davis,fcs,Big Sky,
401858224,2026,2,regular,2026-09-12T16:00:00.000Z,False,False,False,2509,Purdue,fbs,Big Ten,,154,Wake Forest,fbs,ACC,
401858225,2026,3,regular,2026-09-17T23:30:00.000Z,False,False,True,221,Pittsburgh,fbs,ACC,,183,Syracuse,fbs,ACC,
401858226,2026,3,regular,2026-09-18T23:30:00.000Z,False,False,True,154,Wake Forest,fbs,ACC,,2390,Miami,fbs,ACC,
401858227,2026,3,regular,2026-09-19T18:00:00.000Z,False,False,False,103,Boston College,fbs,ACC,,311,Maine,fcs,Coastal Athletic,
401858228,2026,3,regular,2026-09-19T16:00:00.000Z,False,False,False,59,Georgia Tech,fbs,ACC,,2382,Mercer,fcs,Southern,
401858229,2026,3,regular,2026-09-19T16:00:00.000Z,False,False,True,228,Clemson,fbs,ACC,,153,North Carolina,fbs,ACC,
401858230,2026,3,regular,2026-09-19T19:30:00.000Z,False,False,True,97,Louisville,fbs,ACC,,2567,SMU,fbs,ACC,
401858231,2026,3,regular,2026-09-19T20:00:00.000Z,False,False,True,150,Duke,fbs,ACC,,24,Stanford,fbs,ACC,
401858232,2026,3,regular,2026-09-19T23:30:00.000Z,False,False,False,120,Maryland,fbs,Big Ten,,259,Virginia Tech,fbs,ACC,
401858233,2026,3,regular,2026-09-19T19:30:00.000Z,False,False,False,25,California,fbs,ACC,,2681,Wagner,fcs,NEC,
401858234,2026,4,regular,2026-09-26T02:30:00.000Z,False,False,True,25,California,fbs,ACC,,228,Clemson,fbs,ACC,
401858236,2026,4,regular,2026-09-26T16:00:00.000Z,False,False,False,221,Pittsburgh,fbs,ACC,,2083,Bucknell,fcs,Patriot,
401858237,2026,4,regular,2026-09-26T04:00:00.000Z,False,False,False,52,Florida State,fbs,ACC,,2110,Central Arkansas,fcs,UAC,
401858238,2026,4,regular,2026-09-26T22:30:00.000Z,False,False,False,2390,Miami,fbs,ACC,,2117,Central Michigan,fbs,Mid-American,
401858239,2026,4,regular,2026-09-26T04:00:00.000Z,False,False,False,258,Virginia,fbs,ACC,,48,Delaware,fbs,Conference USA,
401858240,2026,4,regular,2026-09-27T02:30:00.000Z,False,False,True,24,Stanford,fbs,ACC,,59,Georgia Tech,fbs,ACC,
401858241,2026,4,regular,2026-09-26T04:00:00.000Z,False,False,False,2567,SMU,fbs,ACC,,2623,Missouri State,fbs,Conference USA,
401858242,2026,4,regular,2026-09-26T04:00:00.000Z,False,False,True,103,Boston College,fbs,ACC,,259,Virginia Tech,fbs,ACC,
401858243,2026,4,regular,2026-09-26T04:00:00.000Z,False,False,True,97,Louisville,fbs,ACC,,154,Wake Forest,fbs,ACC,
401858244,2026,4,regular,2026-09-26T19:30:00.000Z,False,False,False,150,Duke,fbs,ACC,,2729,William & Mary,fcs,Patriot,
401858245,2026,5,regular,2026-10-02T23:00:00.000Z,False,False,True,259,Virginia Tech,fbs,ACC,,221,Pittsburgh,fbs,ACC,
401858246,2026,5,regular,2026-10-03T04:00:00.000Z,False,False,True,2567,SMU,fbs,ACC,,103,Boston College,fbs,ACC,
401858247,2026,5,regular,2026-10-03T19:30:00.000Z,False,False,False,2439,UNLV,fbs,Mountain West,,25,California,fbs,ACC,
401858248,2026,5,regular,2026-10-03T04:00:00.000Z,False,False,True,152,NC State,fbs,ACC,,97,Louisville,fbs,ACC,
401858249,2026,5,regular,2026-10-03T04:00:00.000Z,False,False,True,228,Clemson,fbs,ACC,,2390,Miami,fbs,ACC,
401858250,2026,5,regular,2026-10-03T04:00:00.000Z,False,False,False,153,North Carolina,fbs,ACC,,87,Notre Dame,fbs,FBS Independents,
401858251,2026,5,regular,2026-10-03T04:00:00.000Z,False,False,True,154,Wake Forest,fbs,ACC,,24,Stanford,fbs,ACC,
401858252,2026,5,regular,2026-10-03T16:00:00.000Z,False,False,False,41,UConn,fbs,FBS Independents,,183,Syracuse,fbs,ACC,
401858253,2026,5,regular,2026-10-03T04:00:00.000Z,False,False,True,52,Florida State,fbs,ACC,,258,Virginia,fbs,ACC,
401858254,2026,6,regular,2026-10-09T23:00:00.000Z,False,False,True,97,Louisville,fbs,ACC,,52,Florida State,fbs,ACC,
401858255,2026,6,regular,2026-10-10T04:00:00.000Z,False,False,True,59,Georgia Tech,fbs,ACC,,150,Duke,fbs,ACC,
401858256,2026,6,regular,2026-10-10T04:00:00.000Z,False,False,True,221,Pittsburgh,fbs,ACC,,153,North Carolina,fbs,ACC,
401858257,2026,6,regular,2026-10-10T19:30:00.000Z,False,False,False,87,Notre Dame,fbs,FBS Independents,,24,Stanford,fbs,ACC,
401858258,2026,6,regular,2026-10-10T04:00:00.000Z,False,False,True,258,Virginia,fbs,ACC,,183,Syracuse,fbs,ACC,
401858259,2026,6,regular,2026-10-10T04:00:00.000Z,False,False,True,25,California,fbs,ACC,,259,Virginia Tech,fbs,ACC,
401858260,2026,6,regular,2026-10-10T04:00:00.000Z,False,False,True,152,NC State,fbs,ACC,,154,Wake Forest,fbs,ACC,
401858261,2026,7,regular,2026-10-17T04:00:00.000Z,False,False,False,228,Clemson,fbs,ACC,,2127,Charleston Southern,fcs,OVC,
401858262,2026,7,regular,2026-10-17T23:30:00.000Z,False,False,False,24,Stanford,fbs,ACC,,2210,Elon,fcs,Coastal Athletic,
401858263,2026,7,regular,2026-10-17T04:00:00.000Z,False,False,True,2390,Miami,fbs,ACC,,52,Florida State,fbs,ACC,
401858264,2026,7,regular,2026-10-17T04:00:00.000Z,False,False,True,259,Virginia Tech,fbs,ACC,,59,Georgia Tech,fbs,ACC,
401858265,2026,7,regular,2026-10-17T04:00:00.000Z,False,False,True,183,Syracuse,fbs,ACC,,97,Louisville,fbs,ACC,
401858266,2026,7,regular,2026-10-17T04:00:00.000Z,False,False,True,150,Duke,fbs,ACC,,153,North Carolina,fbs,ACC,
401858267,2026,7,regular,2026-10-17T04:00:00.000Z,False,False,True,103,Boston College,fbs,ACC,,221,Pittsburgh,fbs,ACC,
401858268,2026,7,regular,2026-10-17T04:00:00.000Z,False,False,True,2567,SMU,fbs,ACC,,258,Virginia,fbs,ACC,
401858269,2026,7,regular,2026-10-17T04:00:00.000Z,False,False,True,25,California,fbs,ACC,,154,Wake Forest,fbs,ACC,
401858270,2026,8,regular,2026-10-24T04:00:00.000Z,False,False,True,2567,SMU,fbs,ACC,,25,California,fbs,ACC,
401858271,2026,8,regular,2026-10-23T23:00:00.000Z,False,False,True,258,Virginia,fbs,ACC,,150,Duke,fbs,ACC,
401858272,2026,8,regular,2026-10-24T02:30:00.000Z,False,False,True,24,Stanford,fbs,ACC,,152,NC State,fbs,ACC,
401858273,2026,8,regular,2026-10-24T04:00:00.000Z,False,False,True,59,Georgia Tech,fbs,ACC,,103,Boston College,fbs,ACC,
401858274,2026,8,regular,2026-10-24T04:00:00.000Z,False,False,True,2390,Miami,fbs,ACC,,221,Pittsburgh,fbs,ACC,
401858275,2026,8,regular,2026-10-24T04:00:00.000Z,False,False,True,153,North Carolina,fbs,ACC,,183,Syracuse,fbs,ACC,
401858276,2026,8,regular,2026-10-24T04:00:00.000Z,False,False,True,228,Clemson,fbs,ACC,,259,Virginia Tech,fbs,ACC,
401858277,2026,9,regular,2026-10-31T04:00:00.000Z,False,False,True,152,NC State,fbs,ACC,,25,California,fbs,ACC,
401858278,2026,9,regular,2026-10-31T04:00:00.000Z,False,False,True,183,Syracuse,fbs,ACC,,2567,SMU,fbs,ACC,
401858279,2026,9,regular,2026-10-31T04:00:00.000Z,False,False,True,150,Duke,fbs,ACC,,103,Boston College,fbs,ACC,
401858280,2026,9,regular,2026-10-31T04:00:00.000Z,False,False,True,52,Florida State,fbs,ACC,,228,Clemson,fbs,ACC,
401858281,2026,9,regular,2026-10-31T04:00:00.000Z,False,False,True,221,Pittsburgh,fbs,ACC,,59,Georgia Tech,fbs,ACC,
401858282,2026,9,regular,2026-10-31T04:00:00.000Z,False,False,True,153,North Carolina,fbs,ACC,,2390,Miami,fbs,ACC,
401858283,2026,9,regular,2026-10-31T04:00:00.000Z,False,False,True,97,Louisville,fbs,ACC,,24,Stanford,fbs,ACC,
401858284,2026,9,regular,2026-10-31T04:00:00.000Z,False,False,True,154,Wake Forest,fbs,ACC,,258,Virginia,fbs,ACC,
401858285,2026,10,regular,2026-11-07T05:00:00.000Z,False,False,True,183,Syracuse,fbs,ACC,,228,Clemson,fbs,ACC,
401858286,2026,10,regular,2026-11-07T05:00:00.000Z,False,False,True,152,NC State,fbs,ACC,,150,Duke,fbs,ACC,
401858287,2026,10,regular,2026-11-07T05:00:00.000Z,False,False,True,59,Georgia Tech,fbs,ACC,,97,Louisville,fbs,ACC,
401858288,2026,10,regular,2026-11-07T00:00:00.000Z,False,False,True,2567,SMU,fbs,ACC,,259,Virginia Tech,fbs,ACC,
401858289,2026,10,regular,2026-11-07T05:00:00.000Z,False,False,True,103,Boston College,fbs,ACC,,52,Florida State,fbs,ACC,
401858290,2026,10,regular,2026-11-07T05:00:00.000Z,False,False,False,154,Wake Forest,fbs,ACC,,2771,Merrimack,fcs,FCS Independents,
401858291,2026,10,regular,2026-11-08T00:30:00.000Z,False,False,False,87,Notre Dame,fbs,FBS Independents,,2390,Miami,fbs,ACC,
401858292,2026,10,regular,2026-11-07T17:00:00.000Z,False,False,False,41,UConn,fbs,FBS Independents,,153,North Carolina,fbs,ACC,
401858293,2026,11,regular,2026-11-14T00:00:00.000Z,False,False,True,221,Pittsburgh,fbs,ACC,,52,Florida State,fbs,ACC,
401858294,2026,11,regular,2026-11-14T20:30:00.000Z,False,False,False,87,Notre Dame,fbs,FBS Independents,,103,Boston College,fbs,ACC,
401858295,2026,11,regular,2026-11-14T05:00:00.000Z,False,False,True,258,Virginia,fbs,ACC,,25,California,fbs,ACC,
401858296,2026,11,regular,2026-11-14T05:00:00.000Z,False,False,True,2390,Miami,fbs,ACC,,150,Duke,fbs,ACC,
401858297,2026,11,regular,2026-11-14T05:00:00.000Z,False,False,True,228,Clemson,fbs,ACC,,59,Georgia Tech,fbs,ACC,
401858298,2026,11,regular,2026-11-14T05:00:00.000Z,False,False,True,153,North Carolina,fbs,ACC,,97,Louisville,fbs,ACC,
401858299,2026,11,regular,2026-11-14T05:00:00.000Z,False,False,True,259,Virginia Tech,fbs,ACC,,24,Stanford,fbs,ACC,
401858300,2026,11,regular,2026-11-14T05:00:00.000Z,False,False,True,152,NC State,fbs,ACC,,183,Syracuse,fbs,ACC,
401858301,2026,11,regular,2026-11-14T05:00:00.000Z,False,False,True,2567,SMU,fbs,ACC,,154,Wake Forest,fbs,ACC,
401858302,2026,12,regular,2026-11-21T05:00:00.000Z,False,False,True,2390,Miami,fbs,ACC,,259,Virginia Tech,fbs,ACC,
401858303,2026,12,regular,2026-11-21T00:30:00.000Z,False,False,True,150,Duke,fbs,ACC,,228,Clemson,fbs,ACC,
401858304,2026,12,regular,2026-11-21T05:00:00.000Z,False,False,True,52,Florida State,fbs,ACC,,152,NC State,fbs,ACC,
401858305,2026,12,regular,2026-11-21T05:00:00.000Z,False,False,True,258,Virginia,fbs,ACC,,153,North Carolina,fbs,ACC,
401858306,2026,12,regular,2026-11-21T05:00:00.000Z,False,False,True,97,Louisville,fbs,ACC,,221,Pittsburgh,fbs,ACC,
401858307,2026,12,regular,2026-11-22T00:30:00.000Z,False,False,False,87,Notre Dame,fbs,FBS Independents,,2567,SMU,fbs,ACC,
401858308,2026,12,regular,2026-11-21T05:00:00.000Z,False,False,True,25,California,fbs,ACC,,24,Stanford,fbs,ACC,
401858309,2026,12,regular,2026-11-21T05:00:00.000Z,False,False,True,103,Boston College,fbs,ACC,,183,Syracuse,fbs,ACC,
401858310,2026,12,regular,2026-11-21T05:00:00.000Z,False,False,True,59,Georgia Tech,fbs,ACC,,154,Wake Forest,fbs,ACC,
401858311,2026,13,regular,2026-11-28T05:00:00.000Z,False,False,True,2390,Miami,fbs,ACC,,103,Boston College,fbs,ACC,
401858312,2026,13,regular,2026-11-28T05:00:00.000Z,False,False,True,154,Wake Forest,fbs,ACC,,150,Duke,fbs,ACC,
401858313,2026,13,regular,2026-11-28T05:00:00.000Z,False,False,True,153,North Carolina,fbs,ACC,,152,NC State,fbs,ACC,
401858314,2026,13,regular,2026-11-28T05:00:00.000Z,False,False,False,183,Syracuse,fbs,ACC,,87,Notre Dame,fbs,FBS Independents,
401858315,2026,13,regular,2026-11-28T05:00:00.000Z,False,False,True,25,California,fbs,ACC,,221,Pittsburgh,fbs,ACC,
401858316,2026,13,regular,2026-11-28T05:00:00.000Z,False,False,True,24,Stanford,fbs,ACC,,2567,SMU,fbs,ACC,
401858317,2026,13,regular,2026-11-28T05:00:00.000Z,False,False,True,259,Virginia Tech,fbs,ACC,,258,Virginia,fbs,ACC,
401858422,2026,1,regular,2026-09-04T00:00:00.000Z,True,False,False,135,Minnesota,fbs,Big Ten,59,2197,Eastern Illinois,fcs,OVC,7
401858423,2026,1,regular,2026-09-03T22:00:00.000Z,True,False,False,164,Rutgers,fbs,Big Ten,21,113,Massachusetts,fbs,Mid-American,37
401858424,2026,1,regular,2026-09-04T01:00:00.000Z,True,False,False,356,Illinois,fbs,Big Ten,42,5,UAB,fbs,American Athletic,23
401858425,2026,1,regular,2026-09-05T16:00:00.000Z,True,False,False,84,Indiana,fbs,Big Ten,52,249,North Texas,fbs,American Athletic,16
401858426,2026,1,regular,2026-09-05T20:15:00.000Z,True,False,False,2294,Iowa,fbs,Big Ten,40,2459,Northern Illinois,fbs,Mountain West,0
401858427,2026,1,regular,2026-09-06T00:00:00.000Z,True,False,False,120,Maryland,fbs,Big Ten,62,2261,Hampton,fcs,Coastal Athletic,0
401858428,2026,1,regular,2026-09-05T23:30:00.000Z,True,False,False,130,Michigan,fbs,Big Ten,13,2711,Western Michigan,fbs,Mid-American,12
401858429,2026,1,regular,2026-09-05T00:00:00.000Z,True,False,False,127,Michigan State,fbs,Big Ten,30,2649,Toledo,fbs,Mid-American,20
401858430,2026,1,regular,2026-09-05T16:00:00.000Z,True,False,False,158,Nebraska,fbs,Big Ten,49,195,Ohio,fbs,Mid-American,21
401858431,2026,1,regular,2026-09-06T00:00:00.000Z,True,False,False,77,Northwestern,fbs,Big Ten,34,2571,South Dakota State,fcs,MVFC,18
401858432,2026,1,regular,2026-09-05T16:30:00.000Z,True,False,False,194,Ohio State,fbs,Big Ten,56,2050,Ball State,fbs,Mid-American,3
401858433,2026,1,regular,2026-09-05T19:30:00.000Z,True,False,False,2483,Oregon,fbs,Big Ten,34,68,Boise State,fbs,Pac-12,27
401858434,2026,1,regular,2026-09-05T19:30:00.000Z,True,False,False,213,Penn State,fbs,Big Ten,45,276,Marshall,fbs,Sun Belt,0
401858435,2026,1,regular,2026-09-04T23:00:00.000Z,True,False,False,2509,Purdue,fbs,Big Ten,44,282,Indiana State,fcs,MVFC,19
401858436,2026,1,regular,2026-09-05T01:00:00.000Z,True,False,False,30,USC,fbs,Big Ten,39,278,Fresno State,fbs,Pac-12,0
401858437,2026,1,regular,2026-09-06T20:00:00.000Z,True,False,False,264,Washington,fbs,Big Ten,24,265,Washington State,fbs,Pac-12,10
401858438,2026,1,regular,2026-09-06T23:30:00.000Z,True,True,False,87,Notre Dame,fbs,FBS Independents,41,275,Wisconsin,fbs,Big Ten,13
401858439,2026,2,regular,2026-09-12T16:00:00.000Z,False,False,False,84,Indiana,fbs,Big Ten,,47,Howard,fcs,MEAC,
401858440,2026,2,regular,2026-09-12T19:30:00.000Z,False,False,False,127,Michigan State,fbs,Big Ten,,2199,Eastern Michigan,fbs,Mid-American,
401858441,2026,2,regular,2026-09-12T23:00:00.000Z,False,False,False,158,Nebraska,fbs,Big Ten,,189,Bowling Green,fbs,Mid-American,
401858442,2026,2,regular,2026-09-12T16:00:00.000Z,False,False,False,218,Temple,fbs,American Athletic,,213,Penn State,fbs,Big Ten,
401858443,2026,2,regular,2026-09-12T23:15:00.000Z,False,False,False,26,UCLA,fbs,Big Ten,,21,San Diego State,fbs,Pac-12,
401858444,2026,2,regular,2026-09-12T19:30:00.000Z,False,False,False,41,UConn,fbs,FBS Independents,,120,Maryland,fbs,Big Ten,
401858445,2026,2,regular,2026-09-13T03:00:00.000Z,False,False,False,30,USC,fbs,Big Ten,,309,Louisiana,fbs,Sun Belt,
401858446,2026,2,regular,2026-09-12T19:30:00.000Z,False,False,False,264,Washington,fbs,Big Ten,,328,Utah State,fbs,Pac-12,
401858447,2026,2,regular,2026-09-12T23:15:00.000Z,False,False,False,275,Wisconsin,fbs,Big Ten,,2710,Western Illinois,fcs,OVC,
401858448,2026,3,regular,2026-09-19T18:00:00.000Z,False,False,False,356,Illinois,fbs,Big Ten,,79,Southern Illinois,fcs,MVFC,
401858449,2026,3,regular,2026-09-19T20:00:00.000Z,False,False,False,84,Indiana,fbs,Big Ten,,98,Western Kentucky,fbs,Conference USA,
401858450,2026,3,regular,2026-09-19T19:30:00.000Z,False,False,False,130,Michigan,fbs,Big Ten,,2638,UTEP,fbs,Mountain West,
401858451,2026,3,regular,2026-09-19T16:00:00.000Z,False,False,False,135,Minnesota,fbs,Big Ten,,2006,Akron,fbs,Mid-American,
401858452,2026,3,regular,2026-09-19T23:15:00.000Z,False,False,False,158,Nebraska,fbs,Big Ten,,155,North Dakota,fcs,MVFC,
401858453,2026,3,regular,2026-09-19T23:30:00.000Z,False,False,False,87,Notre Dame,fbs,FBS Independents,,127,Michigan State,fbs,Big Ten,
401858454,2026,3,regular,2026-09-19T16:00:00.000Z,False,False,False,194,Ohio State,fbs,Big Ten,,2309,Kent State,fbs,Mid-American,
401858455,2026,3,regular,2026-09-19T02:30:00.000Z,False,False,False,2483,Oregon,fbs,Big Ten,,2502,Portland State,fcs,Big Sky,
401858456,2026,3,regular,2026-09-19T16:00:00.000Z,False,False,False,213,Penn State,fbs,Big Ten,,2084,Buffalo,fbs,Mid-American,
401858457,2026,3,regular,2026-09-19T19:30:00.000Z,False,False,True,164,Rutgers,fbs,Big Ten,,30,USC,fbs,Big Ten,
401858458,2026,3,regular,2026-09-20T03:00:00.000Z,False,False,True,26,UCLA,fbs,Big Ten,,2509,Purdue,fbs,Big Ten,
401858459,2026,3,regular,2026-09-19T23:15:00.000Z,False,False,False,264,Washington,fbs,Big Ten,,331,Eastern Washington,fcs,Big Sky,
401858460,2026,3,regular,2026-09-19T16:30:00.000Z,False,False,False,275,Wisconsin,fbs,Big Ten,,2199,Eastern Michigan,fbs,Mid-American,
401858461,2026,4,regular,2026-09-26T00:00:00.000Z,False,False,True,84,Indiana,fbs,Big Ten,,77,Northwestern,fbs,Big Ten,
401858462,2026,4,regular,2026-09-26T04:00:00.000Z,False,False,True,120,Maryland,fbs,Big Ten,,26,UCLA,fbs,Big Ten,
401858463,2026,4,regular,2026-09-26T04:00:00.000Z,False,False,True,130,Michigan,fbs,Big Ten,,2294,Iowa,fbs,Big Ten,
401858464,2026,4,regular,2026-09-26T04:00:00.000Z,False,False,True,127,Michigan State,fbs,Big Ten,,158,Nebraska,fbs,Big Ten,
401858465,2026,4,regular,2026-09-26T04:00:00.000Z,False,False,True,194,Ohio State,fbs,Big Ten,,356,Illinois,fbs,Big Ten,
401858466,2026,4,regular,2026-09-26T04:00:00.000Z,False,False,True,213,Penn State,fbs,Big Ten,,275,Wisconsin,fbs,Big Ten,
401858467,2026,4,regular,2026-09-26T04:00:00.000Z,False,False,False,2509,Purdue,fbs,Big Ten,,87,Notre Dame,fbs,FBS Independents,
401858468,2026,4,regular,2026-09-25T23:00:00.000Z,False,False,False,164,Rutgers,fbs,Big Ten,,47,Howard,fcs,MEAC,
401858469,2026,4,regular,2026-09-26T04:00:00.000Z,False,False,True,30,USC,fbs,Big Ten,,2483,Oregon,fbs,Big Ten,
401858470,2026,4,regular,2026-09-26T04:00:00.000Z,False,False,True,264,Washington,fbs,Big Ten,,135,Minnesota,fbs,Big Ten,
401858471,2026,3,regular,2026-09-19T20:00:00.000Z,False,False,False,2294,Iowa,fbs,Big Ten,,2460,Northern Iowa,fcs,MVFC,
401858472,2026,5,regular,2026-10-03T04:00:00.000Z,False,False,True,356,Illinois,fbs,Big Ten,,2509,Purdue,fbs,Big Ten,
401858473,2026,5,regular,2026-10-03T04:00:00.000Z,False,False,True,2294,Iowa,fbs,Big Ten,,194,Ohio State,fbs,Big Ten,
401858474,2026,5,regular,2026-10-03T04:00:00.000Z,False,False,True,135,Minnesota,fbs,Big Ten,,130,Michigan,fbs,Big Ten,
401858475,2026,5,regular,2026-10-03T04:00:00.000Z,False,False,True,158,Nebraska,fbs,Big Ten,,120,Maryland,fbs,Big Ten,
401858476,2026,5,regular,2026-10-03T00:00:00.000Z,False,False,True,77,Northwestern,fbs,Big Ten,,213,Penn State,fbs,Big Ten,
401858477,2026,5,regular,2026-10-04T00:00:00.000Z,False,False,True,164,Rutgers,fbs,Big Ten,,84,Indiana,fbs,Big Ten,
401858478,2026,5,regular,2026-10-03T04:00:00.000Z,False,False,True,30,USC,fbs,Big Ten,,264,Washington,fbs,Big Ten,
401858479,2026,5,regular,2026-10-03T04:00:00.000Z,False,False,True,275,Wisconsin,fbs,Big Ten,,127,Michigan State,fbs,Big Ten,
401858480,2026,6,regular,2026-10-10T04:00:00.000Z,False,False,True,127,Michigan State,fbs,Big Ten,,356,Illinois,fbs,Big Ten,
401858481,2026,6,regular,2026-10-10T04:00:00.000Z,False,False,True,158,Nebraska,fbs,Big Ten,,84,Indiana,fbs,Big Ten,
401858482,2026,6,regular,2026-10-10T04:00:00.000Z,False,False,False,77,Northwestern,fbs,Big Ten,,2050,Ball State,fbs,Mid-American,
401858483,2026,6,regular,2026-10-10T04:00:00.000Z,False,False,True,194,Ohio State,fbs,Big Ten,,120,Maryland,fbs,Big Ten,
401858484,2026,6,regular,2026-10-10T04:00:00.000Z,False,False,True,2483,Oregon,fbs,Big Ten,,26,UCLA,fbs,Big Ten,
401858485,2026,6,regular,2026-10-10T04:00:00.000Z,False,False,True,213,Penn State,fbs,Big Ten,,30,USC,fbs,Big Ten,
401858486,2026,6,regular,2026-10-10T04:00:00.000Z,False,False,True,2509,Purdue,fbs,Big Ten,,135,Minnesota,fbs,Big Ten,
401858487,2026,6,regular,2026-10-10T01:00:00.000Z,False,False,True,264,Washington,fbs,Big Ten,,2294,Iowa,fbs,Big Ten,
401858488,2026,7,regular,2026-10-17T04:00:00.000Z,False,False,True,84,Indiana,fbs,Big Ten,,194,Ohio State,fbs,Big Ten,
401858489,2026,7,regular,2026-10-17T04:00:00.000Z,False,False,True,120,Maryland,fbs,Big Ten,,164,Rutgers,fbs,Big Ten,
401858490,2026,7,regular,2026-10-17T04:00:00.000Z,False,False,True,130,Michigan,fbs,Big Ten,,213,Penn State,fbs,Big Ten,
401858491,2026,7,regular,2026-10-17T04:00:00.000Z,False,False,True,127,Michigan State,fbs,Big Ten,,77,Northwestern,fbs,Big Ten,
401858492,2026,7,regular,2026-10-17T04:00:00.000Z,False,False,True,2483,Oregon,fbs,Big Ten,,158,Nebraska,fbs,Big Ten,
401858493,2026,7,regular,2026-10-17T00:00:00.000Z,False,False,True,2509,Purdue,fbs,Big Ten,,264,Washington,fbs,Big Ten,
401858494,2026,7,regular,2026-10-17T04:00:00.000Z,False,False,True,26,UCLA,fbs,Big Ten,,275,Wisconsin,fbs,Big Ten,
401858495,2026,8,regular,2026-10-24T04:00:00.000Z,False,False,True,356,Illinois,fbs,Big Ten,,2483,Oregon,fbs,Big Ten,
401858496,2026,8,regular,2026-10-24T04:00:00.000Z,False,False,True,130,Michigan,fbs,Big Ten,,84,Indiana,fbs,Big Ten,
401858497,2026,8,regular,2026-10-24T04:00:00.000Z,False,False,True,135,Minnesota,fbs,Big Ten,,2294,Iowa,fbs,Big Ten,
401858498,2026,8,regular,2026-10-24T04:00:00.000Z,False,False,True,77,Northwestern,fbs,Big Ten,,164,Rutgers,fbs,Big Ten,
401858499,2026,8,regular,2026-10-24T04:00:00.000Z,False,False,True,26,UCLA,fbs,Big Ten,,127,Michigan State,fbs,Big Ten,
401858500,2026,8,regular,2026-10-24T04:00:00.000Z,False,False,True,275,Wisconsin,fbs,Big Ten,,30,USC,fbs,Big Ten,
401858501,2026,9,regular,2026-10-31T04:00:00.000Z,False,False,True,84,Indiana,fbs,Big Ten,,135,Minnesota,fbs,Big Ten,
401858502,2026,9,regular,2026-10-31T04:00:00.000Z,False,False,True,2294,Iowa,fbs,Big Ten,,275,Wisconsin,fbs,Big Ten,
401858503,2026,9,regular,2026-10-31T04:00:00.000Z,False,False,True,120,Maryland,fbs,Big Ten,,356,Illinois,fbs,Big Ten,
401858504,2026,9,regular,2026-10-31T04:00:00.000Z,False,False,True,158,Nebraska,fbs,Big Ten,,264,Washington,fbs,Big Ten,
401858505,2026,9,regular,2026-10-31T04:00:00.000Z,False,False,True,2483,Oregon,fbs,Big Ten,,77,Northwestern,fbs,Big Ten,
401858506,2026,9,regular,2026-10-31T04:00:00.000Z,False,False,True,213,Penn State,fbs,Big Ten,,2509,Purdue,fbs,Big Ten,
401858507,2026,9,regular,2026-10-31T04:00:00.000Z,False,False,True,164,Rutgers,fbs,Big Ten,,130,Michigan,fbs,Big Ten,
401858508,2026,9,regular,2026-10-31T04:00:00.000Z,False,False,False,26,UCLA,fbs,Big Ten,,2440,Nevada,fbs,Mountain West,
401858509,2026,9,regular,2026-10-31T04:00:00.000Z,False,False,True,30,USC,fbs,Big Ten,,194,Ohio State,fbs,Big Ten,
401858510,2026,10,regular,2026-11-07T01:00:00.000Z,False,False,True,356,Illinois,fbs,Big Ten,,158,Nebraska,fbs,Big Ten,
401858511,2026,10,regular,2026-11-07T05:00:00.000Z,False,False,True,130,Michigan,fbs,Big Ten,,127,Michigan State,fbs,Big Ten,
401858512,2026,10,regular,2026-11-07T05:00:00.000Z,False,False,True,135,Minnesota,fbs,Big Ten,,26,UCLA,fbs,Big Ten,
401858513,2026,10,regular,2026-11-07T05:00:00.000Z,False,False,True,77,Northwestern,fbs,Big Ten,,2294,Iowa,fbs,Big Ten,
401858514,2026,10,regular,2026-11-07T05:00:00.000Z,False,False,True,194,Ohio State,fbs,Big Ten,,2483,Oregon,fbs,Big Ten,
401858515,2026,10,regular,2026-11-07T05:00:00.000Z,False,False,True,2509,Purdue,fbs,Big Ten,,120,Maryland,fbs,Big Ten,
401858516,2026,10,regular,2026-11-07T05:00:00.000Z,False,False,True,264,Washington,fbs,Big Ten,,213,Penn State,fbs,Big Ten,
401858517,2026,10,regular,2026-11-07T05:00:00.000Z,False,False,True,275,Wisconsin,fbs,Big Ten,,164,Rutgers,fbs,Big Ten,
401858518,2026,11,regular,2026-11-14T05:00:00.000Z,False,False,True,84,Indiana,fbs,Big Ten,,30,USC,fbs,Big Ten,
401858519,2026,11,regular,2026-11-14T05:00:00.000Z,False,False,True,2294,Iowa,fbs,Big Ten,,2509,Purdue,fbs,Big Ten,
401858520,2026,11,regular,2026-11-14T05:00:00.000Z,False,False,True,120,Maryland,fbs,Big Ten,,275,Wisconsin,fbs,Big Ten,
401858521,2026,11,regular,2026-11-14T05:00:00.000Z,False,False,True,127,Michigan State,fbs,Big Ten,,264,Washington,fbs,Big Ten,
401858522,2026,11,regular,2026-11-14T05:00:00.000Z,False,False,True,194,Ohio State,fbs,Big Ten,,77,Northwestern,fbs,Big Ten,
401858523,2026,11,regular,2026-11-14T05:00:00.000Z,False,False,True,2483,Oregon,fbs,Big Ten,,130,Michigan,fbs,Big Ten,
401858524,2026,11,regular,2026-11-14T05:00:00.000Z,False,False,True,213,Penn State,fbs,Big Ten,,135,Minnesota,fbs,Big Ten,
401858525,2026,11,regular,2026-11-14T05:00:00.000Z,False,False,True,164,Rutgers,fbs,Big Ten,,158,Nebraska,fbs,Big Ten,
401858526,2026,11,regular,2026-11-14T02:00:00.000Z,False,False,True,26,UCLA,fbs,Big Ten,,356,Illinois,fbs,Big Ten,
401858527,2026,12,regular,2026-11-21T05:00:00.000Z,False,False,True,356,Illinois,fbs,Big Ten,,2294,Iowa,fbs,Big Ten,
401858528,2026,12,regular,2026-11-21T05:00:00.000Z,False,False,True,130,Michigan,fbs,Big Ten,,26,UCLA,fbs,Big Ten,
401858529,2026,12,regular,2026-11-21T01:00:00.000Z,False,False,True,127,Michigan State,fbs,Big Ten,,2483,Oregon,fbs,Big Ten,
401858530,2026,12,regular,2026-11-21T05:00:00.000Z,False,False,True,135,Minnesota,fbs,Big Ten,,77,Northwestern,fbs,Big Ten,
401858531,2026,12,regular,2026-11-21T05:00:00.000Z,False,False,True,158,Nebraska,fbs,Big Ten,,194,Ohio State,fbs,Big Ten,
401858532,2026,12,regular,2026-11-21T05:00:00.000Z,False,False,True,213,Penn State,fbs,Big Ten,,164,Rutgers,fbs,Big Ten,
401858533,2026,12,regular,2026-11-21T05:00:00.000Z,False,False,True,2509,Purdue,fbs,Big Ten,,275,Wisconsin,fbs,Big Ten,
401858534,2026,12,regular,2026-11-21T05:00:00.000Z,False,False,True,30,USC,fbs,Big Ten,,120,Maryland,fbs,Big Ten,
401858535,2026,12,regular,2026-11-21T05:00:00.000Z,False,False,True,264,Washington,fbs,Big Ten,,84,Indiana,fbs,Big Ten,
401858536,2026,13,regular,2026-11-27T17:00:00.000Z,False,False,True,2294,Iowa,fbs,Big Ten,,158,Nebraska,fbs,Big Ten,
401858537,2026,13,regular,2026-11-28T05:00:00.000Z,False,False,True,77,Northwestern,fbs,Big Ten,,356,Illinois,fbs,Big Ten,
401858538,2026,13,regular,2026-11-28T05:00:00.000Z,False,False,True,84,Indiana,fbs,Big Ten,,2509,Purdue,fbs,Big Ten,
401858539,2026,13,regular,2026-11-28T05:00:00.000Z,False,False,True,120,Maryland,fbs,Big Ten,,213,Penn State,fbs,Big Ten,
401858540,2026,13,regular,2026-11-28T17:00:00.000Z,False,False,True,194,Ohio State,fbs,Big Ten,,130,Michigan,fbs,Big Ten,
401858541,2026,13,regular,2026-11-28T05:00:00.000Z,False,False,True,2483,Oregon,fbs,Big Ten,,264,Washington,fbs,Big Ten,
401858542,2026,13,regular,2026-11-28T05:00:00.000Z,False,False,True,164,Rutgers,fbs,Big Ten,,127,Michigan State,fbs,Big Ten,
401858543,2026,13,regular,2026-11-28T05:00:00.000Z,False,False,True,26,UCLA,fbs,Big Ten,,30,USC,fbs,Big Ten,
401858544,2026,13,regular,2026-11-28T00:30:00.000Z,False,False,True,275,Wisconsin,fbs,Big Ten,,135,Minnesota,fbs,Big Ten,
401859184,2026,2,regular,2026-09-12T19:30:00.000Z,False,False,False,87,Notre Dame,fbs,FBS Independents,,242,Rice,fbs,American Athletic,
401859185,2026,9,regular,2026-10-31T16:00:00.000Z,False,True,False,2426,Navy,fbs,American Athletic,,87,Notre Dame,fbs,FBS Independents,
401860878,2026,1,regular,2026-09-05T22:00:00.000Z,True,False,False,36,Colorado State,fbs,Pac-12,35,2751,Wyoming,fbs,Mountain West,13
401860879,2026,1,regular,2026-09-06T01:30:00.000Z,True,False,False,21,San Diego State,fbs,Pac-12,53,2502,Portland State,fcs,Big Sky,20
401860880,2026,1,regular,2026-09-05T23:00:00.000Z,True,False,False,328,Utah State,fbs,Pac-12,17,304,Idaho State,fcs,Big Sky,29
401860881,2026,2,regular,2026-09-12T22:00:00.000Z,False,False,False,68,Boise State,fbs,Pac-12,,235,Memphis,fbs,American Athletic,
401860882,2026,2,regular,2026-09-12T23:00:00.000Z,False,False,False,36,Colorado State,fbs,Pac-12,,253,Southern Utah,fcs,Big Sky,
401860883,2026,2,regular,2026-09-13T02:30:00.000Z,False,False,False,278,Fresno State,fbs,Pac-12,,16,Sacramento State,fbs,Mid-American,
401860884,2026,2,regular,2026-09-12T19:30:00.000Z,False,False,False,326,Texas State,fbs,Pac-12,,2636,UTSA,fbs,American Athletic,
401860885,2026,3,regular,2026-09-20T02:00:00.000Z,False,False,False,68,Boise State,fbs,Pac-12,,233,South Dakota,fcs,MVFC,
401860886,2026,3,regular,2026-09-20T03:00:00.000Z,False,False,False,204,Oregon State,fbs,Pac-12,,149,Montana,fcs,Big Sky,
401860887,2026,3,regular,2026-09-20T02:00:00.000Z,False,False,False,21,San Diego State,fbs,Pac-12,,256,James Madison,fbs,Sun Belt,
401860888,2026,3,regular,2026-09-20T03:00:00.000Z,False,False,False,23,San José State,fbs,Mountain West,,278,Fresno State,fbs,Pac-12,
401860889,2026,3,regular,2026-09-19T16:00:00.000Z,False,False,False,326,Texas State,fbs,Pac-12,,249,North Texas,fbs,American Athletic,
401860890,2026,3,regular,2026-09-19T19:30:00.000Z,False,False,False,265,Washington State,fbs,Pac-12,,2184,Duquesne,fcs,NEC,
401860891,2026,4,regular,2026-09-27T02:00:00.000Z,False,False,False,278,Fresno State,fbs,Pac-12,,242,Rice,fbs,American Athletic,
401860892,2026,4,regular,2026-09-26T22:00:00.000Z,False,False,False,326,Texas State,fbs,Pac-12,,2916,Incarnate Word,fcs,Southland,
401860893,2026,4,regular,2026-09-26T04:00:00.000Z,False,False,False,2649,Toledo,fbs,Mid-American,,21,San Diego State,fbs,Pac-12,
401860894,2026,4,regular,2026-09-26T23:30:00.000Z,False,False,False,328,Utah State,fbs,Pac-12,,2653,Troy,fbs,Sun Belt,
401860895,2026,4,regular,2026-09-27T01:00:00.000Z,False,False,False,2638,UTEP,fbs,Mountain West,,204,Oregon State,fbs,Pac-12,
401860896,2026,4,regular,2026-09-26T04:00:00.000Z,False,False,False,2636,UTSA,fbs,American Athletic,,36,Colorado State,fbs,Pac-12,
401860897,2026,4,regular,2026-09-26T04:00:00.000Z,False,False,False,2711,Western Michigan,fbs,Mid-American,,68,Boise State,fbs,Pac-12,
401860898,2026,5,regular,2026-10-03T23:30:00.000Z,False,False,True,68,Boise State,fbs,Pac-12,,328,Utah State,fbs,Pac-12,
401860899,2026,5,regular,2026-10-03T22:00:00.000Z,False,False,True,36,Colorado State,fbs,Pac-12,,204,Oregon State,fbs,Pac-12,
401860900,2026,5,regular,2026-10-04T02:30:00.000Z,False,False,True,21,San Diego State,fbs,Pac-12,,326,Texas State,fbs,Pac-12,
401860901,2026,6,regular,2026-10-11T02:30:00.000Z,False,False,True,278,Fresno State,fbs,Pac-12,,68,Boise State,fbs,Pac-12,
401860902,2026,6,regular,2026-10-10T22:00:00.000Z,False,False,True,204,Oregon State,fbs,Pac-12,,21,San Diego State,fbs,Pac-12,
401860903,2026,7,regular,2026-10-17T22:00:00.000Z,False,False,True,204,Oregon State,fbs,Pac-12,,265,Washington State,fbs,Pac-12,
401860904,2026,7,regular,2026-10-18T02:30:00.000Z,False,False,True,21,San Diego State,fbs,Pac-12,,278,Fresno State,fbs,Pac-12,
401860905,2026,8,regular,2026-10-24T22:30:00.000Z,False,False,True,36,Colorado State,fbs,Pac-12,,21,San Diego State,fbs,Pac-12,
401860906,2026,8,regular,2026-10-24T23:30:00.000Z,False,False,True,326,Texas State,fbs,Pac-12,,328,Utah State,fbs,Pac-12,
401860907,2026,8,regular,2026-10-24T22:00:00.000Z,False,False,True,265,Washington State,fbs,Pac-12,,68,Boise State,fbs,Pac-12,
401860908,2026,9,regular,2026-11-01T02:00:00.000Z,False,False,True,68,Boise State,fbs,Pac-12,,326,Texas State,fbs,Pac-12,
401860909,2026,9,regular,2026-10-31T23:00:00.000Z,False,False,True,21,San Diego State,fbs,Pac-12,,265,Washington State,fbs,Pac-12,
401860910,2026,9,regular,2026-10-31T19:30:00.000Z,False,False,True,328,Utah State,fbs,Pac-12,,36,Colorado State,fbs,Pac-12,
401860911,2026,10,regular,2026-11-07T23:00:00.000Z,False,False,True,36,Colorado State,fbs,Pac-12,,68,Boise State,fbs,Pac-12,
401860912,2026,10,regular,2026-11-08T03:30:00.000Z,False,False,True,204,Oregon State,fbs,Pac-12,,326,Texas State,fbs,Pac-12,
401860913,2026,10,regular,2026-11-08T02:30:00.000Z,False,False,True,328,Utah State,fbs,Pac-12,,278,Fresno State,fbs,Pac-12,
401860914,2026,11,regular,2026-11-14T23:00:00.000Z,False,False,True,68,Boise State,fbs,Pac-12,,204,Oregon State,fbs,Pac-12,
401860915,2026,11,regular,2026-11-15T02:30:00.000Z,False,False,True,21,San Diego State,fbs,Pac-12,,328,Utah State,fbs,Pac-12,
401860916,2026,11,regular,2026-11-14T21:00:00.000Z,False,False,True,326,Texas State,fbs,Pac-12,,278,Fresno State,fbs,Pac-12,
401860917,2026,11,regular,2026-11-15T03:30:00.000Z,False,False,True,265,Washington State,fbs,Pac-12,,36,Colorado State,fbs,Pac-12,
401860918,2026,12,regular,2026-11-22T00:30:00.000Z,False,False,True,278,Fresno State,fbs,Pac-12,,36,Colorado State,fbs,Pac-12,
401860919,2026,12,regular,2026-11-22T03:30:00.000Z,False,False,True,204,Oregon State,fbs,Pac-12,,328,Utah State,fbs,Pac-12,
401860920,2026,12,regular,2026-11-21T23:00:00.000Z,False,False,True,326,Texas State,fbs,Pac-12,,265,Washington State,fbs,Pac-12,
401860921,2026,5,regular,2026-10-04T01:30:00.000Z,False,False,True,265,Washington State,fbs,Pac-12,,278,Fresno State,fbs,Pac-12,
401860922,2026,6,regular,2026-10-10T01:00:00.000Z,False,False,True,328,Utah State,fbs,Pac-12,,265,Washington State,fbs,Pac-12,
401860923,2026,7,regular,2026-10-16T00:00:00.000Z,False,False,True,326,Texas State,fbs,Pac-12,,36,Colorado State,fbs,Pac-12,
401860924,2026,9,regular,2026-10-31T04:00:00.000Z,False,False,True,278,Fresno State,fbs,Pac-12,,204,Oregon State,fbs,Pac-12,
401860925,2026,12,regular,2026-11-22T02:30:00.000Z,False,False,True,68,Boise State,fbs,Pac-12,,21,San Diego State,fbs,Pac-12,
401861962,2026,1,regular,2026-09-05T16:00:00.000Z,True,False,False,41,UConn,fbs,FBS Independents,56,322,Lafayette,fcs,Patriot,7
401861963,2026,3,regular,2026-09-19T23:00:00.000Z,False,False,False,2572,Southern Miss,fbs,Sun Belt,,41,UConn,fbs,FBS Independents,
401861964,2026,6,regular,2026-10-10T04:00:00.000Z,False,False,False,218,Temple,fbs,American Athletic,,41,UConn,fbs,FBS Independents,
401861965,2026,8,regular,2026-10-23T23:00:00.000Z,False,False,False,41,UConn,fbs,FBS Independents,,113,Massachusetts,fbs,Mid-American,
401861966,2026,9,regular,2026-10-31T19:00:00.000Z,False,False,False,2005,Air Force,fbs,Mountain West,,41,UConn,fbs,FBS Independents,
401861967,2026,11,regular,2026-11-14T17:00:00.000Z,False,False,False,41,UConn,fbs,FBS Independents,,256,James Madison,fbs,Sun Belt,
401861968,2026,12,regular,2026-11-21T20:30:00.000Z,False,False,False,41,UConn,fbs,FBS Independents,,295,Old Dominion,fbs,Sun Belt,
401861969,2026,13,regular,2026-11-28T05:00:00.000Z,False,False,False,2751,Wyoming,fbs,Mountain West,,41,UConn,fbs,FBS Independents,
401861970,2026,4,regular,2026-09-26T04:00:00.000Z,False,False,False,193,Miami (OH),fbs,Mid-American,,41,UConn,fbs,FBS Independents,
401862693,2026,1,regular,2026-08-30T02:00:00.000Z,True,False,False,2439,UNLV,fbs,Mountain West,21,235,Memphis,fbs,American Athletic,27
401862694,2026,1,regular,2026-09-05T19:30:00.000Z,True,False,False,2429,Charlotte,fbs,American Athletic,41,2643,The Citadel,fcs,Southern,43
401862695,2026,1,regular,2026-09-05T23:00:00.000Z,True,False,False,235,Memphis,fbs,American Athletic,42,2032,Arkansas State,fbs,Sun Belt,24
401862696,2026,1,regular,2026-09-05T19:30:00.000Z,True,False,False,2426,Navy,fbs,American Athletic,42,119,Towson,fcs,Coastal Athletic,15
401862697,2026,1,regular,2026-09-05T23:00:00.000Z,True,False,False,242,Rice,fbs,American Athletic,31,2277,Houston Christian,fcs,Southland,3
401862698,2026,1,regular,2026-09-05T18:00:00.000Z,True,False,False,218,Temple,fbs,American Athletic,38,227,Rhode Island,fcs,Coastal Athletic,14
401862699,2026,1,regular,2026-09-05T23:00:00.000Z,True,False,False,58,South Florida,fbs,American Athletic,19,2229,Florida International,fbs,Conference USA,9
401862700,2026,1,regular,2026-09-05T19:30:00.000Z,True,False,False,2636,UTSA,fbs,American Athletic,45,292,UT Rio Grande Valley,fcs,Southland,16
401862701,2026,1,regular,2026-09-05T16:00:00.000Z,True,False,False,349,Army,fbs,American Athletic,59,2803,Bryant,fcs,Coastal Athletic,3
401862702,2026,2,regular,2026-09-12T16:00:00.000Z,False,False,True,349,Army,fbs,American Athletic,,58,South Florida,fbs,American Athletic,
401862703,2026,2,regular,2026-09-12T23:30:00.000Z,False,False,True,2226,Florida Atlantic,fbs,American Athletic,,2426,Navy,fbs,American Athletic,
401862705,2026,2,regular,2026-09-12T19:45:00.000Z,False,False,False,249,North Texas,fbs,American Athletic,,2439,UNLV,fbs,Mountain West,
401862707,2026,2,regular,2026-09-12T23:00:00.000Z,False,False,False,2534,Sam Houston,fbs,Conference USA,,202,Tulsa,fbs,American Athletic,
401862708,2026,2,regular,2026-09-12T19:30:00.000Z,False,False,False,5,UAB,fbs,American Athletic,,2433,UL Monroe,fbs,Sun Belt,
401862710,2026,3,regular,2026-09-19T22:00:00.000Z,False,False,False,295,Old Dominion,fbs,Sun Belt,,151,East Carolina,fbs,American Athletic,
401862771,2026,3,regular,2026-09-19T22:00:00.000Z,False,False,False,2226,Florida Atlantic,fbs,American Athletic,,2229,Florida International,fbs,Conference USA,
401862772,2026,3,regular,2026-09-19T23:00:00.000Z,False,False,False,235,Memphis,fbs,American Athletic,,2630,UT Martin,fcs,OVC,
401862773,2026,3,regular,2026-09-19T23:00:00.000Z,False,False,False,242,Rice,fbs,American Athletic,,2711,Western Michigan,fbs,Mid-American,
401862774,2026,3,regular,2026-09-19T19:00:00.000Z,False,False,False,2649,Toledo,fbs,Mid-American,,218,Temple,fbs,American Athletic,
401862775,2026,3,regular,2026-09-20T00:00:00.000Z,False,False,False,202,Tulsa,fbs,American Athletic,,2837,East Texas A&M,fcs,Southland,
401862776,2026,3,regular,2026-09-20T00:00:00.000Z,False,False,False,309,Louisiana,fbs,Sun Belt,,5,UAB,fbs,American Athletic,
401862777,2026,3,regular,2026-09-19T23:00:00.000Z,False,False,False,58,South Florida,fbs,American Athletic,,2169,Delaware State,fcs,MEAC,
401862778,2026,4,regular,2026-09-25T23:00:00.000Z,False,False,True,5,UAB,fbs,American Athletic,,2426,Navy,fbs,American Athletic,
401862779,2026,4,regular,2026-09-25T20:00:00.000Z,False,False,True,218,Temple,fbs,American Athletic,,349,Army,fbs,American Athletic,
401862780,2026,4,regular,2026-09-26T04:00:00.000Z,False,False,False,2429,Charlotte,fbs,American Athletic,,309,Louisiana,fbs,Sun Belt,
401862781,2026,4,regular,2026-09-26T20:00:00.000Z,False,False,False,151,East Carolina,fbs,American Athletic,,2428,North Carolina Central,fcs,MEAC,
401862782,2026,4,regular,2026-09-26T04:00:00.000Z,False,False,False,2433,UL Monroe,fbs,Sun Belt,,2226,Florida Atlantic,fbs,American Athletic,
401862783,2026,4,regular,2026-09-26T23:30:00.000Z,False,False,False,249,North Texas,fbs,American Athletic,,2277,Houston Christian,fcs,Southland,
401862784,2026,4,regular,2026-09-26T04:00:00.000Z,False,False,False,2655,Tulane,fbs,American Athletic,,2572,Southern Miss,fbs,Sun Belt,
401862785,2026,4,regular,2026-09-26T04:00:00.000Z,False,False,False,189,Bowling Green,fbs,Mid-American,,58,South Florida,fbs,American Athletic,
401862786,2026,5,regular,2026-10-02T01:00:00.000Z,False,False,True,202,Tulsa,fbs,American Athletic,,249,North Texas,fbs,American Athletic,
401862787,2026,5,regular,2026-10-03T04:00:00.000Z,False,False,True,2429,Charlotte,fbs,American Athletic,,235,Memphis,fbs,American Athletic,
401862788,2026,5,regular,2026-10-03T04:00:00.000Z,False,False,True,242,Rice,fbs,American Athletic,,2636,UTSA,fbs,American Athletic,
401862790,2026,5,regular,2026-10-03T22:00:00.000Z,False,False,False,2226,Florida Atlantic,fbs,American Athletic,,2640,Texas Southern,fcs,SWAC,
401862791,2026,5,regular,2026-10-03T16:00:00.000Z,False,False,False,2005,Air Force,fbs,Mountain West,,2426,Navy,fbs,American Athletic,
401862792,2026,5,regular,2026-10-03T04:00:00.000Z,False,False,True,58,South Florida,fbs,American Athletic,,218,Temple,fbs,American Athletic,
401862793,2026,5,regular,2026-10-03T19:30:00.000Z,False,False,False,5,UAB,fbs,American Athletic,,2535,Samford,fcs,Southern,
401862794,2026,6,regular,2026-10-08T23:30:00.000Z,False,False,True,2636,UTSA,fbs,American Athletic,,58,South Florida,fbs,American Athletic,
401862795,2026,6,regular,2026-10-10T16:00:00.000Z,False,False,True,349,Army,fbs,American Athletic,,2655,Tulane,fbs,American Athletic,
401862796,2026,6,regular,2026-10-10T04:00:00.000Z,False,False,True,249,North Texas,fbs,American Athletic,,2429,Charlotte,fbs,American Athletic,
401862797,2026,6,regular,2026-10-10T04:00:00.000Z,False,False,True,151,East Carolina,fbs,American Athletic,,242,Rice,fbs,American Athletic,
401862798,2026,6,regular,2026-10-10T04:00:00.000Z,False,False,True,235,Memphis,fbs,American Athletic,,5,UAB,fbs,American Athletic,
401862799,2026,6,regular,2026-10-10T19:30:00.000Z,False,False,True,2426,Navy,fbs,American Athletic,,202,Tulsa,fbs,American Athletic,
401862800,2026,7,regular,2026-10-15T23:30:00.000Z,False,False,True,5,UAB,fbs,American Athletic,,151,East Carolina,fbs,American Athletic,
401862801,2026,7,regular,2026-10-16T23:30:00.000Z,False,False,True,2655,Tulane,fbs,American Athletic,,235,Memphis,fbs,American Athletic,
401862802,2026,7,regular,2026-10-17T16:00:00.000Z,False,False,True,349,Army,fbs,American Athletic,,2226,Florida Atlantic,fbs,American Athletic,
401862803,2026,7,regular,2026-10-17T04:00:00.000Z,False,False,True,218,Temple,fbs,American Athletic,,2429,Charlotte,fbs,American Athletic,
401862804,2026,7,regular,2026-10-17T04:00:00.000Z,False,False,True,2636,UTSA,fbs,American Athletic,,2426,Navy,fbs,American Athletic,
401862805,2026,7,regular,2026-10-17T04:00:00.000Z,False,False,True,242,Rice,fbs,American Athletic,,202,Tulsa,fbs,American Athletic,
401862806,2026,7,regular,2026-10-17T04:00:00.000Z,False,False,False,58,South Florida,fbs,American Athletic,,2309,Kent State,fbs,Mid-American,
401862807,2026,8,regular,2026-10-22T23:30:00.000Z,False,False,True,235,Memphis,fbs,American Athletic,,151,East Carolina,fbs,American Athletic,
401862808,2026,8,regular,2026-10-24T00:30:00.000Z,False,False,True,202,Tulsa,fbs,American Athletic,,349,Army,fbs,American Athletic,
401862809,2026,8,regular,2026-10-24T04:00:00.000Z,False,False,True,2226,Florida Atlantic,fbs,American Athletic,,242,Rice,fbs,American Athletic,
401862810,2026,8,regular,2026-10-24T19:30:00.000Z,False,False,True,2426,Navy,fbs,American Athletic,,249,North Texas,fbs,American Athletic,
401862811,2026,8,regular,2026-10-24T04:00:00.000Z,False,False,True,2655,Tulane,fbs,American Athletic,,2636,UTSA,fbs,American Athletic,
401862812,2026,9,regular,2026-10-29T23:30:00.000Z,False,False,True,249,North Texas,fbs,American Athletic,,2226,Florida Atlantic,fbs,American Athletic,
401862813,2026,9,regular,2026-10-30T23:00:00.000Z,False,False,True,2429,Charlotte,fbs,American Athletic,,2655,Tulane,fbs,American Athletic,
401862814,2026,9,regular,2026-10-31T04:00:00.000Z,False,False,True,235,Memphis,fbs,American Athletic,,349,Army,fbs,American Athletic,
401862815,2026,9,regular,2026-10-31T04:00:00.000Z,False,False,True,151,East Carolina,fbs,American Athletic,,218,Temple,fbs,American Athletic,
401862816,2026,9,regular,2026-10-31T04:00:00.000Z,False,False,True,58,South Florida,fbs,American Athletic,,5,UAB,fbs,American Athletic,
401862817,2026,10,regular,2026-11-06T01:00:00.000Z,False,False,True,2226,Florida Atlantic,fbs,American Athletic,,2636,UTSA,fbs,American Athletic,
401862818,2026,10,regular,2026-11-07T00:30:00.000Z,False,False,True,151,East Carolina,fbs,American Athletic,,58,South Florida,fbs,American Athletic,
401862819,2026,10,regular,2026-11-07T05:00:00.000Z,False,False,True,5,UAB,fbs,American Athletic,,2429,Charlotte,fbs,American Athletic,
401862820,2026,10,regular,2026-11-07T20:30:00.000Z,False,False,True,2426,Navy,fbs,American Athletic,,218,Temple,fbs,American Athletic,
401862821,2026,10,regular,2026-11-07T05:00:00.000Z,False,False,True,249,North Texas,fbs,American Athletic,,242,Rice,fbs,American Athletic,
401862822,2026,10,regular,2026-11-07T05:00:00.000Z,False,False,True,2655,Tulane,fbs,American Athletic,,202,Tulsa,fbs,American Athletic,
401862823,2026,10,regular,2026-11-08T00:30:00.000Z,False,False,False,349,Army,fbs,American Athletic,,2005,Air Force,fbs,Mountain West,
401862824,2026,11,regular,2026-11-13T01:00:00.000Z,False,False,True,58,South Florida,fbs,American Athletic,,235,Memphis,fbs,American Athletic,
401862825,2026,11,regular,2026-11-14T05:00:00.000Z,False,False,True,2429,Charlotte,fbs,American Athletic,,151,East Carolina,fbs,American Athletic,
401862826,2026,11,regular,2026-11-14T05:00:00.000Z,False,False,True,202,Tulsa,fbs,American Athletic,,2226,Florida Atlantic,fbs,American Athletic,
401862827,2026,11,regular,2026-11-14T05:00:00.000Z,False,False,True,2636,UTSA,fbs,American Athletic,,249,North Texas,fbs,American Athletic,
401862828,2026,11,regular,2026-11-14T05:00:00.000Z,False,False,True,242,Rice,fbs,American Athletic,,2655,Tulane,fbs,American Athletic,
401862829,2026,11,regular,2026-11-14T05:00:00.000Z,False,False,True,218,Temple,fbs,American Athletic,,5,UAB,fbs,American Athletic,
401862830,2026,12,regular,2026-11-20T00:30:00.000Z,False,False,True,218,Temple,fbs,American Athletic,,242,Rice,fbs,American Athletic,
401862831,2026,12,regular,2026-11-21T17:00:00.000Z,False,False,True,349,Army,fbs,American Athletic,,151,East Carolina,fbs,American Athletic,
401862832,2026,12,regular,2026-11-21T05:00:00.000Z,False,False,True,202,Tulsa,fbs,American Athletic,,2429,Charlotte,fbs,American Athletic,
401862833,2026,12,regular,2026-11-21T05:00:00.000Z,False,False,True,2226,Florida Atlantic,fbs,American Athletic,,58,South Florida,fbs,American Athletic,
401862834,2026,12,regular,2026-11-21T17:00:00.000Z,False,False,True,2426,Navy,fbs,American Athletic,,235,Memphis,fbs,American Athletic,
401862835,2026,12,regular,2026-11-21T05:00:00.000Z,False,False,True,2655,Tulane,fbs,American Athletic,,249,North Texas,fbs,American Athletic,
401862836,2026,12,regular,2026-11-21T05:00:00.000Z,False,False,True,5,UAB,fbs,American Athletic,,2636,UTSA,fbs,American Athletic,
401862837,2026,13,regular,2026-11-27T05:00:00.000Z,False,False,True,151,East Carolina,fbs,American Athletic,,2226,Florida Atlantic,fbs,American Athletic,
401862838,2026,13,regular,2026-11-27T05:00:00.000Z,False,False,True,235,Memphis,fbs,American Athletic,,218,Temple,fbs,American Athletic,
401862839,2026,13,regular,2026-11-27T05:00:00.000Z,False,False,True,58,South Florida,fbs,American Athletic,,2655,Tulane,fbs,American Athletic,
401862840,2026,13,regular,2026-11-28T05:00:00.000Z,False,False,True,2636,UTSA,fbs,American Athletic,,202,Tulsa,fbs,American Athletic,
401862841,2026,13,regular,2026-11-28T05:00:00.000Z,False,False,True,242,Rice,fbs,American Athletic,,349,Army,fbs,American Athletic,
401862842,2026,13,regular,2026-11-28T05:00:00.000Z,False,False,True,2429,Charlotte,fbs,American Athletic,,2426,Navy,fbs,American Athletic,
401862843,2026,13,regular,2026-11-28T05:00:00.000Z,False,False,True,249,North Texas,fbs,American Athletic,,5,UAB,fbs,American Athletic,
401862844,2026,15,regular,2026-12-12T20:00:00.000Z,False,True,True,349,Army,fbs,American Athletic,,2426,Navy,fbs,American Athletic,
401864424,2026,1,regular,2026-09-03T23:00:00.000Z,True,False,False,48,Delaware,fbs,Conference USA,42,2771,Merrimack,fcs,FCS Independents,7
401864425,2026,1,regular,2026-09-03T23:00:00.000Z,True,False,False,338,Kennesaw State,fbs,Conference USA,47,2698,West Georgia,fcs,UAC,0
401864432,2026,1,regular,2026-09-06T02:30:00.000Z,True,False,False,2440,Nevada,fbs,Mountain West,49,98,Western Kentucky,fbs,Conference USA,14
401864443,2026,3,regular,2026-09-19T23:00:00.000Z,False,False,False,2393,Middle Tennessee,fbs,Conference USA,,2440,Nevada,fbs,Mountain West,
401864494,2026,1,regular,2026-08-29T19:00:00.000Z,True,False,False,30,USC,fbs,Big Ten,42,23,San José State,fbs,Mountain West,26
401864495,2026,1,regular,2026-09-04T22:30:00.000Z,True,False,False,2199,Eastern Michigan,fbs,Mid-American,21,23,San José State,fbs,Mountain West,27
401864496,2026,1,regular,2026-09-05T17:00:00.000Z,True,False,False,2005,Air Force,fbs,Mountain West,34,2184,Duquesne,fcs,NEC,0
401864497,2026,1,regular,2026-09-06T02:00:00.000Z,True,False,True,62,Hawai'i,fbs,Mountain West,6,2439,UNLV,fbs,Mountain West,21
401864498,2026,1,regular,2026-09-06T02:00:00.000Z,True,False,False,167,New Mexico,fbs,Mountain West,38,2117,Central Michigan,fbs,Mid-American,7
401864499,2026,1,regular,2026-09-05T19:30:00.000Z,True,False,False,2449,North Dakota State,fbs,Mountain West,38,2230,Fordham,fcs,Patriot,0
401864500,2026,2,regular,2026-09-13T02:30:00.000Z,False,False,False,2440,Nevada,fbs,Mountain West,,147,Montana State,fcs,Big Sky,
401864502,2026,2,regular,2026-09-13T02:00:00.000Z,False,False,True,2005,Air Force,fbs,Mountain West,,2449,North Dakota State,fbs,Mountain West,
401864503,2026,2,regular,2026-09-12T23:00:00.000Z,False,False,False,2459,Northern Illinois,fbs,Mountain West,,2287,Illinois State,fcs,MVFC,
401864504,2026,2,regular,2026-09-13T01:00:00.000Z,False,False,False,23,San José State,fbs,Mountain West,,13,Cal Poly,fcs,Big Sky,
401864505,2026,2,regular,2026-09-13T01:00:00.000Z,False,False,False,2638,UTEP,fbs,Mountain West,,2640,Texas Southern,fcs,SWAC,
401864506,2026,2,regular,2026-09-12T20:00:00.000Z,False,False,False,2751,Wyoming,fbs,Mountain West,,2458,Northern Colorado,fcs,Big Sky,
401864507,2026,3,regular,2026-09-20T02:30:00.000Z,False,False,False,16,Sacramento State,fbs,Mid-American,,2449,North Dakota State,fbs,Mountain West,
401864508,2026,3,regular,2026-09-19T17:00:00.000Z,False,False,False,2117,Central Michigan,fbs,Mid-American,,2751,Wyoming,fbs,Mountain West,
401864509,2026,4,regular,2026-09-26T04:00:00.000Z,False,False,True,2440,Nevada,fbs,Mountain West,,2005,Air Force,fbs,Mountain West,
401864510,2026,4,regular,2026-09-26T19:00:00.000Z,False,False,True,2751,Wyoming,fbs,Mountain West,,62,Hawai'i,fbs,Mountain West,
401864511,2026,4,regular,2026-09-26T04:00:00.000Z,False,False,False,2247,Georgia State,fbs,Sun Belt,,2459,Northern Illinois,fbs,Mountain West,
401864512,2026,4,regular,2026-09-26T04:00:00.000Z,False,False,False,2006,Akron,fbs,Mid-American,,2439,UNLV,fbs,Mountain West,
401864513,2026,5,regular,2026-10-04T03:59:00.000Z,False,False,True,62,Hawai'i,fbs,Mountain West,,23,San José State,fbs,Mountain West,
401864514,2026,5,regular,2026-10-03T04:00:00.000Z,False,False,True,167,New Mexico,fbs,Mountain West,,2638,UTEP,fbs,Mountain West,
401864515,2026,5,regular,2026-10-03T19:30:00.000Z,False,False,True,2449,North Dakota State,fbs,Mountain West,,2751,Wyoming,fbs,Mountain West,
401864516,2026,6,regular,2026-10-10T23:30:00.000Z,False,False,True,2459,Northern Illinois,fbs,Mountain West,,2005,Air Force,fbs,Mountain West,
401864517,2026,6,regular,2026-10-10T04:00:00.000Z,False,False,True,2638,UTEP,fbs,Mountain West,,2440,Nevada,fbs,Mountain West,
401864518,2026,6,regular,2026-10-10T23:00:00.000Z,False,False,True,2439,UNLV,fbs,Mountain West,,2449,North Dakota State,fbs,Mountain West,
401864519,2026,6,regular,2026-10-10T01:00:00.000Z,False,False,True,23,San José State,fbs,Mountain West,,2751,Wyoming,fbs,Mountain West,
401864520,2026,7,regular,2026-10-17T23:00:00.000Z,False,False,True,2449,North Dakota State,fbs,Mountain West,,2440,Nevada,fbs,Mountain West,
401864521,2026,7,regular,2026-10-17T04:00:00.000Z,False,False,True,62,Hawai'i,fbs,Mountain West,,167,New Mexico,fbs,Mountain West,
401864522,2026,7,regular,2026-10-17T19:30:00.000Z,False,False,True,2751,Wyoming,fbs,Mountain West,,2459,Northern Illinois,fbs,Mountain West,
401864523,2026,7,regular,2026-10-18T01:00:00.000Z,False,False,True,2638,UTEP,fbs,Mountain West,,23,San José State,fbs,Mountain West,
401864524,2026,7,regular,2026-10-17T19:30:00.000Z,False,False,True,2005,Air Force,fbs,Mountain West,,2439,UNLV,fbs,Mountain West,
401864525,2026,8,regular,2026-10-24T01:00:00.000Z,False,False,True,2751,Wyoming,fbs,Mountain West,,2005,Air Force,fbs,Mountain West,
401864526,2026,8,regular,2026-10-24T04:00:00.000Z,False,False,True,2459,Northern Illinois,fbs,Mountain West,,62,Hawai'i,fbs,Mountain West,
401864527,2026,8,regular,2026-10-25T02:00:00.000Z,False,False,True,167,New Mexico,fbs,Mountain West,,2449,North Dakota State,fbs,Mountain West,
401864528,2026,8,regular,2026-10-24T21:00:00.000Z,False,False,True,2440,Nevada,fbs,Mountain West,,23,San José State,fbs,Mountain West,
401864529,2026,9,regular,2026-10-31T04:00:00.000Z,False,False,True,23,San José State,fbs,Mountain West,,167,New Mexico,fbs,Mountain West,
401864530,2026,9,regular,2026-11-01T02:30:00.000Z,False,False,True,2439,UNLV,fbs,Mountain West,,2459,Northern Illinois,fbs,Mountain West,
401864531,2026,9,regular,2026-10-31T19:30:00.000Z,False,False,True,2449,North Dakota State,fbs,Mountain West,,2638,UTEP,fbs,Mountain West,
401864532,2026,10,regular,2026-11-07T05:00:00.000Z,False,False,True,2638,UTEP,fbs,Mountain West,,62,Hawai'i,fbs,Mountain West,
401864533,2026,10,regular,2026-11-07T02:00:00.000Z,False,False,True,2440,Nevada,fbs,Mountain West,,167,New Mexico,fbs,Mountain West,
401864534,2026,10,regular,2026-11-07T05:00:00.000Z,False,False,True,23,San José State,fbs,Mountain West,,2459,Northern Illinois,fbs,Mountain West,
401864535,2026,10,regular,2026-11-08T03:30:00.000Z,False,False,True,2439,UNLV,fbs,Mountain West,,2751,Wyoming,fbs,Mountain West,
401864536,2026,11,regular,2026-11-14T05:00:00.000Z,False,False,True,2459,Northern Illinois,fbs,Mountain West,,2440,Nevada,fbs,Mountain West,
401864537,2026,11,regular,2026-11-15T04:59:00.000Z,False,False,True,62,Hawai'i,fbs,Mountain West,,2449,North Dakota State,fbs,Mountain West,
401864538,2026,11,regular,2026-11-15T00:00:00.000Z,False,False,True,2005,Air Force,fbs,Mountain West,,23,San José State,fbs,Mountain West,
401864539,2026,11,regular,2026-11-15T00:30:00.000Z,False,False,True,167,New Mexico,fbs,Mountain West,,2439,UNLV,fbs,Mountain West,
401864540,2026,11,regular,2026-11-14T05:00:00.000Z,False,False,True,2638,UTEP,fbs,Mountain West,,2751,Wyoming,fbs,Mountain West,
401864541,2026,12,regular,2026-11-21T05:00:00.000Z,False,False,True,2440,Nevada,fbs,Mountain West,,62,Hawai'i,fbs,Mountain West,
401864542,2026,12,regular,2026-11-22T02:00:00.000Z,False,False,True,2751,Wyoming,fbs,Mountain West,,167,New Mexico,fbs,Mountain West,
401864543,2026,12,regular,2026-11-21T21:00:00.000Z,False,False,True,2449,North Dakota State,fbs,Mountain West,,2459,Northern Illinois,fbs,Mountain West,
401864544,2026,12,regular,2026-11-22T00:00:00.000Z,False,False,True,23,San José State,fbs,Mountain West,,2439,UNLV,fbs,Mountain West,
401864545,2026,12,regular,2026-11-21T01:00:00.000Z,False,False,True,2005,Air Force,fbs,Mountain West,,2638,UTEP,fbs,Mountain West,
401864546,2026,13,regular,2026-11-28T21:30:00.000Z,False,False,True,167,New Mexico,fbs,Mountain West,,2005,Air Force,fbs,Mountain West,
401864547,2026,13,regular,2026-11-29T04:00:00.000Z,False,False,False,62,Hawai'i,fbs,Mountain West,,16,Sacramento State,fbs,Mid-American,
401864548,2026,13,regular,2026-11-29T02:00:00.000Z,False,False,True,2439,UNLV,fbs,Mountain West,,2440,Nevada,fbs,Mountain West,
401864549,2026,13,regular,2026-11-27T20:30:00.000Z,False,False,True,23,San José State,fbs,Mountain West,,2449,North Dakota State,fbs,Mountain West,
401864550,2026,13,regular,2026-11-28T05:00:00.000Z,False,False,True,2459,Northern Illinois,fbs,Mountain West,,2638,UTEP,fbs,Mountain West,
401864570,2026,1,regular,2026-08-29T23:00:00.000Z,True,False,False,52,Florida State,fbs,ACC,34,166,New Mexico State,fbs,Conference USA,17
401864571,2026,2,regular,2026-09-12T16:00:00.000Z,False,False,False,151,East Carolina,fbs,American Athletic,,2026,App State,fbs,Sun Belt,
401864572,2026,4,regular,2026-09-26T04:00:00.000Z,False,False,False,152,NC State,fbs,ACC,,2026,App State,fbs,Sun Belt,
401864574,2026,3,regular,2026-09-19T22:00:00.000Z,False,False,False,2026,App State,fbs,Sun Belt,,2429,Charlotte,fbs,American Athletic,
401864575,2026,2,regular,2026-09-12T23:00:00.000Z,False,False,False,2655,Tulane,fbs,American Athletic,,6,South Alabama,fbs,Sun Belt,
401864576,2026,4,regular,2026-09-26T16:45:00.000Z,False,False,False,96,Kentucky,fbs,SEC,,6,South Alabama,fbs,Sun Belt,
401864577,2026,1,regular,2026-08-29T21:30:00.000Z,True,False,False,2449,North Dakota State,fbs,Mountain West,33,55,Jacksonville State,fbs,Conference USA,7
401864578,2026,2,regular,2026-09-13T03:59:00.000Z,False,False,False,62,Hawai'i,fbs,Mountain West,,166,New Mexico State,fbs,Conference USA,
401864579,2026,4,regular,2026-09-26T19:30:00.000Z,False,False,False,166,New Mexico State,fbs,Conference USA,,167,New Mexico,fbs,Mountain West,
401865252,2026,2,regular,2026-09-12T20:00:00.000Z,False,False,False,167,New Mexico,fbs,Mountain West,,2385,Mercyhurst,fcs,NEC,
401866408,2026,1,regular,2026-08-29T22:30:00.000Z,True,False,True,2199,Eastern Michigan,fbs,Mid-American,28,16,Sacramento State,fbs,Mid-American,17
401866409,2026,1,regular,2026-09-03T23:00:00.000Z,True,False,False,2084,Buffalo,fbs,Mid-American,21,399,UAlbany,fcs,Coastal Athletic,17
401866410,2026,1,regular,2026-09-05T16:00:00.000Z,True,False,False,189,Bowling Green,fbs,Mid-American,13,2627,Tarleton State,fcs,UAC,20
401866411,2026,1,regular,2026-09-06T02:00:00.000Z,True,False,False,16,Sacramento State,fbs,Mid-American,52,2400,Mississippi Valley State,fcs,SWAC,0
401866412,2026,2,regular,2026-09-12T19:30:00.000Z,False,False,False,2006,Akron,fbs,Mid-American,,2523,Robert Morris,fcs,NEC,
401866413,2026,2,regular,2026-09-12T18:00:00.000Z,False,False,False,2050,Ball State,fbs,Mid-American,,2619,Stony Brook,fcs,Coastal Athletic,
401866414,2026,2,regular,2026-09-12T22:00:00.000Z,False,False,False,2229,Florida International,fbs,Conference USA,,2084,Buffalo,fbs,Mid-American,
401866415,2026,2,regular,2026-09-12T17:00:00.000Z,False,False,False,2117,Central Michigan,fbs,Mid-American,,2142,Colgate,fcs,Patriot,
401866416,2026,2,regular,2026-09-12T16:00:00.000Z,False,False,False,2309,Kent State,fbs,Mid-American,,2747,Wofford,fcs,Southern,
401866417,2026,2,regular,2026-09-12T17:00:00.000Z,False,False,False,193,Miami (OH),fbs,Mid-American,,107,Holy Cross,fcs,Patriot,
401866418,2026,2,regular,2026-09-12T22:00:00.000Z,False,False,False,195,Ohio,fbs,Mid-American,,55,Jacksonville State,fbs,Conference USA,
401866419,2026,2,regular,2026-09-12T19:30:00.000Z,False,False,False,2649,Toledo,fbs,Mid-American,,2115,Central Connecticut,fcs,NEC,
401866420,2026,2,regular,2026-09-12T19:30:00.000Z,False,False,False,113,Massachusetts,fbs,Mid-American,,2529,Sacred Heart,fcs,Coastal Athletic,
401866421,2026,2,regular,2026-09-12T22:30:00.000Z,False,False,False,2711,Western Michigan,fbs,Mid-American,,2405,Monmouth,fcs,Coastal Athletic,
401866422,2026,3,regular,2026-09-19T20:00:00.000Z,False,False,False,2335,Liberty,fbs,Conference USA,,2050,Ball State,fbs,Mid-American,
401866423,2026,3,regular,2026-09-19T23:00:00.000Z,False,False,False,6,South Alabama,fbs,Sun Belt,,195,Ohio,fbs,Mid-American,
401866424,2026,3,regular,2026-09-19T19:30:00.000Z,False,False,False,113,Massachusetts,fbs,Mid-American,,284,Stonehill,fcs,NEC,
401866425,2026,4,regular,2026-09-26T04:00:00.000Z,False,False,True,2309,Kent State,fbs,Mid-American,,2050,Ball State,fbs,Mid-American,
401866426,2026,4,regular,2026-09-26T19:30:00.000Z,False,False,False,2084,Buffalo,fbs,Mid-American,,2523,Robert Morris,fcs,NEC,
401866427,2026,4,regular,2026-09-26T17:00:00.000Z,False,False,False,2199,Eastern Michigan,fbs,Mid-American,,2815,Lindenwood,fcs,OVC,
401866428,2026,4,regular,2026-09-26T19:30:00.000Z,False,False,False,195,Ohio,fbs,Mid-American,,284,Stonehill,fcs,NEC,
401866429,2026,4,regular,2026-09-26T04:00:00.000Z,False,False,True,16,Sacramento State,fbs,Mid-American,,113,Massachusetts,fbs,Mid-American,
401866430,2026,5,regular,2026-10-03T04:00:00.000Z,False,False,True,2117,Central Michigan,fbs,Mid-American,,2006,Akron,fbs,Mid-American,
401866431,2026,5,regular,2026-10-03T04:00:00.000Z,False,False,True,2050,Ball State,fbs,Mid-American,,2649,Toledo,fbs,Mid-American,
401866432,2026,5,regular,2026-10-03T04:00:00.000Z,False,False,True,2084,Buffalo,fbs,Mid-American,,2711,Western Michigan,fbs,Mid-American,
401866433,2026,5,regular,2026-10-03T04:00:00.000Z,False,False,True,113,Massachusetts,fbs,Mid-American,,2199,Eastern Michigan,fbs,Mid-American,
401866434,2026,5,regular,2026-10-03T04:00:00.000Z,False,False,True,2309,Kent State,fbs,Mid-American,,195,Ohio,fbs,Mid-American,
401866435,2026,6,regular,2026-10-10T19:30:00.000Z,False,False,True,2006,Akron,fbs,Mid-American,,2199,Eastern Michigan,fbs,Mid-American,
401866436,2026,6,regular,2026-10-10T04:00:00.000Z,False,False,True,189,Bowling Green,fbs,Mid-American,,16,Sacramento State,fbs,Mid-American,
401866437,2026,6,regular,2026-10-10T04:00:00.000Z,False,False,True,2649,Toledo,fbs,Mid-American,,2084,Buffalo,fbs,Mid-American,
401866438,2026,6,regular,2026-10-10T04:00:00.000Z,False,False,True,195,Ohio,fbs,Mid-American,,2117,Central Michigan,fbs,Mid-American,
401866439,2026,6,regular,2026-10-10T04:00:00.000Z,False,False,True,2711,Western Michigan,fbs,Mid-American,,2309,Kent State,fbs,Mid-American,
401866440,2026,6,regular,2026-10-10T04:00:00.000Z,False,False,True,113,Massachusetts,fbs,Mid-American,,193,Miami (OH),fbs,Mid-American,
401866441,2026,7,regular,2026-10-17T04:00:00.000Z,False,False,True,189,Bowling Green,fbs,Mid-American,,2050,Ball State,fbs,Mid-American,
401866442,2026,7,regular,2026-10-17T04:00:00.000Z,False,False,True,2084,Buffalo,fbs,Mid-American,,113,Massachusetts,fbs,Mid-American,
401866443,2026,7,regular,2026-10-17T04:00:00.000Z,False,False,True,2117,Central Michigan,fbs,Mid-American,,2711,Western Michigan,fbs,Mid-American,
401866444,2026,7,regular,2026-10-17T04:00:00.000Z,False,False,True,2199,Eastern Michigan,fbs,Mid-American,,2649,Toledo,fbs,Mid-American,
401866445,2026,7,regular,2026-10-17T04:00:00.000Z,False,False,True,16,Sacramento State,fbs,Mid-American,,195,Ohio,fbs,Mid-American,
401866446,2026,8,regular,2026-10-24T04:00:00.000Z,False,False,True,2309,Kent State,fbs,Mid-American,,2006,Akron,fbs,Mid-American,
401866447,2026,8,regular,2026-10-24T04:00:00.000Z,False,False,True,2050,Ball State,fbs,Mid-American,,16,Sacramento State,fbs,Mid-American,
401866448,2026,8,regular,2026-10-24T04:00:00.000Z,False,False,True,2084,Buffalo,fbs,Mid-American,,189,Bowling Green,fbs,Mid-American,
401866449,2026,8,regular,2026-10-24T04:00:00.000Z,False,False,True,195,Ohio,fbs,Mid-American,,2199,Eastern Michigan,fbs,Mid-American,
401866450,2026,8,regular,2026-10-24T04:00:00.000Z,False,False,True,2649,Toledo,fbs,Mid-American,,2711,Western Michigan,fbs,Mid-American,
401866451,2026,9,regular,2026-10-31T02:30:00.000Z,False,False,True,16,Sacramento State,fbs,Mid-American,,2309,Kent State,fbs,Mid-American,
401866452,2026,9,regular,2026-10-31T16:00:00.000Z,False,False,True,2711,Western Michigan,fbs,Mid-American,,189,Bowling Green,fbs,Mid-American,
401866453,2026,10,regular,2026-11-04T00:00:00.000Z,False,False,True,2006,Akron,fbs,Mid-American,,195,Ohio,fbs,Mid-American,
401866454,2026,10,regular,2026-11-04T00:00:00.000Z,False,False,True,193,Miami (OH),fbs,Mid-American,,2084,Buffalo,fbs,Mid-American,
401866455,2026,10,regular,2026-11-04T05:00:00.000Z,False,False,True,113,Massachusetts,fbs,Mid-American,,2050,Ball State,fbs,Mid-American,
401866456,2026,10,regular,2026-11-04T05:00:00.000Z,False,True,True,2199,Eastern Michigan,fbs,Mid-American,,2117,Central Michigan,fbs,Mid-American,
401866457,2026,10,regular,2026-11-04T05:00:00.000Z,False,False,True,16,Sacramento State,fbs,Mid-American,,2649,Toledo,fbs,Mid-American,
401866458,2026,11,regular,2026-11-11T00:00:00.000Z,False,False,True,2006,Akron,fbs,Mid-American,,2711,Western Michigan,fbs,Mid-American,
401866459,2026,11,regular,2026-11-11T00:00:00.000Z,False,False,True,189,Bowling Green,fbs,Mid-American,,2309,Kent State,fbs,Mid-American,
401866460,2026,11,regular,2026-11-11T00:00:00.000Z,False,False,True,193,Miami (OH),fbs,Mid-American,,195,Ohio,fbs,Mid-American,
401866461,2026,11,regular,2026-11-11T05:00:00.000Z,False,False,True,2050,Ball State,fbs,Mid-American,,2084,Buffalo,fbs,Mid-American,
401866462,2026,11,regular,2026-11-11T05:00:00.000Z,False,False,True,2117,Central Michigan,fbs,Mid-American,,16,Sacramento State,fbs,Mid-American,
401866463,2026,11,regular,2026-11-11T05:00:00.000Z,False,False,True,2649,Toledo,fbs,Mid-American,,113,Massachusetts,fbs,Mid-American,
401866464,2026,12,regular,2026-11-18T00:00:00.000Z,False,False,True,195,Ohio,fbs,Mid-American,,2050,Ball State,fbs,Mid-American,
401866465,2026,12,regular,2026-11-18T00:00:00.000Z,False,False,True,2711,Western Michigan,fbs,Mid-American,,2199,Eastern Michigan,fbs,Mid-American,
401866466,2026,12,regular,2026-11-18T00:00:00.000Z,False,False,True,2309,Kent State,fbs,Mid-American,,193,Miami (OH),fbs,Mid-American,
401866467,2026,12,regular,2026-11-18T05:00:00.000Z,False,False,True,113,Massachusetts,fbs,Mid-American,,2006,Akron,fbs,Mid-American,
401866468,2026,12,regular,2026-11-21T00:30:00.000Z,False,False,True,2649,Toledo,fbs,Mid-American,,189,Bowling Green,fbs,Mid-American,
401866469,2026,12,regular,2026-11-18T05:00:00.000Z,False,False,True,2084,Buffalo,fbs,Mid-American,,2117,Central Michigan,fbs,Mid-American,
401866470,2026,13,regular,2026-11-25T00:00:00.000Z,False,False,True,2199,Eastern Michigan,fbs,Mid-American,,2309,Kent State,fbs,Mid-American,
401866471,2026,13,regular,2026-11-24T05:00:00.000Z,False,False,True,2711,Western Michigan,fbs,Mid-American,,193,Miami (OH),fbs,Mid-American,
401866472,2026,13,regular,2026-11-27T17:00:00.000Z,False,False,True,2006,Akron,fbs,Mid-American,,2084,Buffalo,fbs,Mid-American,
401866473,2026,13,regular,2026-11-27T17:00:00.000Z,False,False,True,195,Ohio,fbs,Mid-American,,2649,Toledo,fbs,Mid-American,
401866474,2026,13,regular,2026-11-28T17:00:00.000Z,False,False,True,2050,Ball State,fbs,Mid-American,,2117,Central Michigan,fbs,Mid-American,
401866475,2026,13,regular,2026-11-28T17:00:00.000Z,False,False,True,189,Bowling Green,fbs,Mid-American,,113,Massachusetts,fbs,Mid-American,
401866476,2026,8,regular,2026-10-24T04:00:00.000Z,False,False,True,2117,Central Michigan,fbs,Mid-American,,193,Miami (OH),fbs,Mid-American,
401866477,2026,5,regular,2026-10-03T04:00:00.000Z,False,False,True,193,Miami (OH),fbs,Mid-American,,189,Bowling Green,fbs,Mid-American,
401866478,2026,7,regular,2026-10-17T04:00:00.000Z,False,False,True,193,Miami (OH),fbs,Mid-American,,2006,Akron,fbs,Mid-American,
401866532,2026,1,regular,2026-08-27T22:00:00.000Z,True,False,True,119,Towson,fcs,Coastal Athletic,18,311,Maine,fcs,Coastal Athletic,21
401866613,2026,1,regular,2026-08-29T22:00:00.000Z,True,False,False,2261,Hampton,fcs,Coastal Athletic,45,2355,Virginia Lynchburg,,,0
401866614,2026,1,regular,2026-08-27T23:00:00.000Z,True,False,False,2210,Elon,fcs,Coastal Athletic,42,2249,Glenville State,ii,Mountain East,7
401866615,2026,1,regular,2026-08-27T22:00:00.000Z,True,False,False,2169,Delaware State,fcs,MEAC,41,2619,Stony Brook,fcs,Coastal Athletic,34
401866616,2026,1,regular,2026-08-28T23:00:00.000Z,True,False,True,399,UAlbany,fcs,Coastal Athletic,28,160,New Hampshire,fcs,Coastal Athletic,14
401866617,2026,1,regular,2026-08-28T22:00:00.000Z,True,False,False,2771,Merrimack,fcs,FCS Independents,7,227,Rhode Island,fcs,Coastal Athletic,34
401866618,2026,1,regular,2026-08-29T22:00:00.000Z,True,False,False,2448,North Carolina A&T,fcs,Coastal Athletic,7,2415,Morgan State,fcs,MEAC,17
401866619,2026,1,regular,2026-08-29T22:00:00.000Z,True,False,False,284,Stonehill,fcs,NEC,6,2803,Bryant,fcs,Coastal Athletic,24
401866620,2026,1,regular,2026-08-29T21:30:00.000Z,True,False,False,2193,East Tennessee State,fcs,Southern,37,2097,Campbell,fcs,Coastal Athletic,49
401866621,2026,1,regular,2026-08-29T23:00:00.000Z,True,False,False,2635,Tennessee Tech,fcs,Southern,38,2405,Monmouth,fcs,Coastal Athletic,14
401866622,2026,1,regular,2026-09-03T23:00:00.000Z,True,False,False,2619,Stony Brook,fcs,Coastal Athletic,36,2815,Lindenwood,fcs,OVC,32
401866623,2026,1,regular,2026-09-04T23:00:00.000Z,True,False,False,2247,Georgia State,fbs,Sun Belt,59,2448,North Carolina A&T,fcs,Coastal Athletic,10
401866624,2026,1,regular,2026-09-05T18:00:00.000Z,True,False,True,2405,Monmouth,fcs,Coastal Athletic,31,2529,Sacred Heart,fcs,Coastal Athletic,24
401866626,2026,1,regular,2026-09-05T22:00:00.000Z,True,False,False,2166,Davidson,fcs,Pioneer,0,2210,Elon,fcs,Coastal Athletic,38
401866627,2026,1,regular,2026-09-05T19:30:00.000Z,True,False,False,2026,App State,fbs,Sun Belt,55,311,Maine,fcs,Coastal Athletic,3
401866628,2026,2,regular,2026-09-12T16:00:00.000Z,False,False,True,227,Rhode Island,fcs,Coastal Athletic,,2210,Elon,fcs,Coastal Athletic,
401866629,2026,2,regular,2026-09-12T22:00:00.000Z,False,False,True,2261,Hampton,fcs,Coastal Athletic,,2803,Bryant,fcs,Coastal Athletic,
401866630,2026,2,regular,2026-09-12T21:00:00.000Z,False,False,False,311,Maine,fcs,Coastal Athletic,,2771,Merrimack,fcs,FCS Independents,
401866631,2026,2,regular,2026-09-12T22:00:00.000Z,False,False,False,160,New Hampshire,fcs,Coastal Athletic,,284,Stonehill,fcs,NEC,
401866632,2026,2,regular,2026-09-12T16:00:00.000Z,False,False,False,2341,Long Island University,fcs,NEC,,399,UAlbany,fcs,Coastal Athletic,
401866633,2026,2,regular,2026-09-12T22:00:00.000Z,False,False,False,2428,North Carolina Central,fcs,MEAC,,2448,North Carolina A&T,fcs,Coastal Athletic,
401866634,2026,3,regular,2026-09-19T18:30:00.000Z,False,False,True,2619,Stony Brook,fcs,Coastal Athletic,,227,Rhode Island,fcs,Coastal Athletic,
401866635,2026,3,regular,2026-09-19T19:30:00.000Z,False,False,True,399,UAlbany,fcs,Coastal Athletic,,2405,Monmouth,fcs,Coastal Athletic,
401866636,2026,3,regular,2026-09-19T22:00:00.000Z,False,False,True,2097,Campbell,fcs,Coastal Athletic,,2448,North Carolina A&T,fcs,Coastal Athletic,
401866637,2026,3,regular,2026-09-19T22:00:00.000Z,False,False,True,2210,Elon,fcs,Coastal Athletic,,2529,Sacred Heart,fcs,Coastal Athletic,
401866638,2026,3,regular,2026-09-19T17:00:00.000Z,False,False,False,2803,Bryant,fcs,Coastal Athletic,,163,Princeton,fcs,Ivy,
401866639,2026,3,regular,2026-09-19T17:00:00.000Z,False,False,False,160,New Hampshire,fcs,Coastal Athletic,,108,Harvard,fcs,Ivy,
401866640,2026,3,regular,2026-09-19T22:00:00.000Z,False,False,False,119,Towson,fcs,Coastal Athletic,,2415,Morgan State,fcs,MEAC,
401866641,2026,3,regular,2026-09-19T20:00:00.000Z,False,False,False,2450,Norfolk State,fcs,MEAC,,2261,Hampton,fcs,Coastal Athletic,
401866642,2026,4,regular,2026-09-26T16:00:00.000Z,False,False,True,2529,Sacred Heart,fcs,Coastal Athletic,,160,New Hampshire,fcs,Coastal Athletic,
401866643,2026,4,regular,2026-09-26T18:00:00.000Z,False,False,True,2210,Elon,fcs,Coastal Athletic,,311,Maine,fcs,Coastal Athletic,
401866644,2026,4,regular,2026-09-26T20:00:00.000Z,False,False,True,2448,North Carolina A&T,fcs,Coastal Athletic,,227,Rhode Island,fcs,Coastal Athletic,
401866645,2026,4,regular,2026-09-26T22:00:00.000Z,False,False,True,2261,Hampton,fcs,Coastal Athletic,,2097,Campbell,fcs,Coastal Athletic,
401866646,2026,4,regular,2026-09-26T19:00:00.000Z,False,False,False,163,Princeton,fcs,Ivy,,399,UAlbany,fcs,Coastal Athletic,
401866647,2026,4,regular,2026-09-26T17:00:00.000Z,False,False,False,159,Dartmouth,fcs,Ivy,,2405,Monmouth,fcs,Coastal Athletic,
401866648,2026,4,regular,2026-09-26T17:00:00.000Z,False,False,False,2230,Fordham,fcs,Patriot,,2619,Stony Brook,fcs,Coastal Athletic,
401866649,2026,4,regular,2026-09-26T22:00:00.000Z,False,False,False,2169,Delaware State,fcs,MEAC,,119,Towson,fcs,Coastal Athletic,
401866650,2026,5,regular,2026-10-03T17:00:00.000Z,False,False,True,160,New Hampshire,fcs,Coastal Athletic,,2210,Elon,fcs,Coastal Athletic,
401866651,2026,5,regular,2026-10-03T17:00:00.000Z,False,False,True,2405,Monmouth,fcs,Coastal Athletic,,119,Towson,fcs,Coastal Athletic,
401866652,2026,5,regular,2026-10-03T19:30:00.000Z,False,False,True,311,Maine,fcs,Coastal Athletic,,2529,Sacred Heart,fcs,Coastal Athletic,
401866653,2026,5,regular,2026-10-03T22:00:00.000Z,False,False,True,2803,Bryant,fcs,Coastal Athletic,,2448,North Carolina A&T,fcs,Coastal Athletic,
401866654,2026,5,regular,2026-10-03T16:00:00.000Z,False,False,False,227,Rhode Island,fcs,Coastal Athletic,,225,Brown,fcs,Ivy,
401866655,2026,5,regular,2026-10-03T19:30:00.000Z,False,False,False,399,UAlbany,fcs,Coastal Athletic,,2169,Delaware State,fcs,MEAC,
401866656,2026,5,regular,2026-10-03T19:00:00.000Z,False,True,False,2261,Hampton,fcs,Coastal Athletic,,47,Howard,fcs,MEAC,
401866657,2026,5,regular,2026-10-03T22:00:00.000Z,False,False,False,2428,North Carolina Central,fcs,MEAC,,2097,Campbell,fcs,Coastal Athletic,
401866658,2026,6,regular,2026-10-10T16:00:00.000Z,False,False,True,2448,North Carolina A&T,fcs,Coastal Athletic,,160,New Hampshire,fcs,Coastal Athletic,
401866659,2026,6,regular,2026-10-10T20:00:00.000Z,False,False,True,119,Towson,fcs,Coastal Athletic,,2619,Stony Brook,fcs,Coastal Athletic,
401866660,2026,6,regular,2026-10-10T16:00:00.000Z,False,False,False,2529,Sacred Heart,fcs,Coastal Athletic,,284,Stonehill,fcs,NEC,
401866661,2026,6,regular,2026-10-10T18:00:00.000Z,False,False,False,2210,Elon,fcs,Coastal Athletic,,2747,Wofford,fcs,Southern,
401866662,2026,6,regular,2026-10-10T16:00:00.000Z,False,False,False,225,Brown,fcs,Ivy,,2803,Bryant,fcs,Coastal Athletic,
401866663,2026,7,regular,2026-10-17T16:00:00.000Z,False,False,True,2529,Sacred Heart,fcs,Coastal Athletic,,2261,Hampton,fcs,Coastal Athletic,
401866664,2026,7,regular,2026-10-17T17:00:00.000Z,False,False,True,311,Maine,fcs,Coastal Athletic,,2803,Bryant,fcs,Coastal Athletic,
401866665,2026,7,regular,2026-10-17T17:00:00.000Z,False,False,True,160,New Hampshire,fcs,Coastal Athletic,,2405,Monmouth,fcs,Coastal Athletic,
401866666,2026,7,regular,2026-10-17T18:30:00.000Z,False,False,True,2619,Stony Brook,fcs,Coastal Athletic,,399,UAlbany,fcs,Coastal Athletic,
401866667,2026,7,regular,2026-10-17T19:30:00.000Z,False,False,True,2097,Campbell,fcs,Coastal Athletic,,119,Towson,fcs,Coastal Athletic,
401866668,2026,7,regular,2026-10-17T16:00:00.000Z,False,False,False,2448,North Carolina A&T,fcs,Coastal Athletic,,2130,Chicago State,fcs,FCS Independents,
401866669,2026,7,regular,2026-10-17T16:00:00.000Z,False,False,False,43,Yale,fcs,Ivy,,227,Rhode Island,fcs,Coastal Athletic,
401866670,2026,8,regular,2026-10-24T16:00:00.000Z,False,False,True,227,Rhode Island,fcs,Coastal Athletic,,399,UAlbany,fcs,Coastal Athletic,
401866671,2026,8,regular,2026-10-24T17:00:00.000Z,False,False,True,311,Maine,fcs,Coastal Athletic,,2097,Campbell,fcs,Coastal Athletic,
401866672,2026,8,regular,2026-10-24T18:00:00.000Z,False,False,True,2803,Bryant,fcs,Coastal Athletic,,2619,Stony Brook,fcs,Coastal Athletic,
401866673,2026,8,regular,2026-10-24T18:00:00.000Z,False,False,True,2261,Hampton,fcs,Coastal Athletic,,2405,Monmouth,fcs,Coastal Athletic,
401866674,2026,8,regular,2026-10-24T16:00:00.000Z,False,False,False,2771,Merrimack,fcs,FCS Independents,,160,New Hampshire,fcs,Coastal Athletic,
401866675,2026,9,regular,2026-10-31T16:00:00.000Z,False,False,True,399,UAlbany,fcs,Coastal Athletic,,2097,Campbell,fcs,Coastal Athletic,
401866676,2026,9,regular,2026-10-31T16:00:00.000Z,False,False,True,227,Rhode Island,fcs,Coastal Athletic,,311,Maine,fcs,Coastal Athletic,
401866677,2026,9,regular,2026-10-31T16:00:00.000Z,False,False,True,2619,Stony Brook,fcs,Coastal Athletic,,2529,Sacred Heart,fcs,Coastal Athletic,
401866678,2026,9,regular,2026-10-31T17:00:00.000Z,False,False,True,2405,Monmouth,fcs,Coastal Athletic,,2803,Bryant,fcs,Coastal Athletic,
401866679,2026,9,regular,2026-10-31T17:00:00.000Z,False,False,True,2448,North Carolina A&T,fcs,Coastal Athletic,,2210,Elon,fcs,Coastal Athletic,
401866680,2026,9,regular,2026-10-31T17:00:00.000Z,False,False,True,119,Towson,fcs,Coastal Athletic,,2261,Hampton,fcs,Coastal Athletic,
401866681,2026,10,regular,2026-11-07T17:00:00.000Z,False,False,True,2405,Monmouth,fcs,Coastal Athletic,,2448,North Carolina A&T,fcs,Coastal Athletic,
401866682,2026,10,regular,2026-11-07T17:00:00.000Z,False,False,True,2529,Sacred Heart,fcs,Coastal Athletic,,119,Towson,fcs,Coastal Athletic,
401866683,2026,10,regular,2026-11-07T18:00:00.000Z,False,False,True,2803,Bryant,fcs,Coastal Athletic,,399,UAlbany,fcs,Coastal Athletic,
401866684,2026,10,regular,2026-11-07T18:00:00.000Z,False,False,True,2097,Campbell,fcs,Coastal Athletic,,2619,Stony Brook,fcs,Coastal Athletic,
401866685,2026,10,regular,2026-11-07T19:00:00.000Z,False,False,True,2210,Elon,fcs,Coastal Athletic,,2261,Hampton,fcs,Coastal Athletic,
401866686,2026,10,regular,2026-11-07T18:00:00.000Z,False,False,True,160,New Hampshire,fcs,Coastal Athletic,,227,Rhode Island,fcs,Coastal Athletic,
401866687,2026,11,regular,2026-11-14T17:00:00.000Z,False,False,True,399,UAlbany,fcs,Coastal Athletic,,311,Maine,fcs,Coastal Athletic,
401866688,2026,11,regular,2026-11-14T17:00:00.000Z,False,False,True,2529,Sacred Heart,fcs,Coastal Athletic,,2803,Bryant,fcs,Coastal Athletic,
401866689,2026,11,regular,2026-11-14T17:00:00.000Z,False,False,True,227,Rhode Island,fcs,Coastal Athletic,,119,Towson,fcs,Coastal Athletic,
401866690,2026,11,regular,2026-11-14T18:00:00.000Z,False,False,True,2261,Hampton,fcs,Coastal Athletic,,2448,North Carolina A&T,fcs,Coastal Athletic,
401866691,2026,11,regular,2026-11-14T18:00:00.000Z,False,False,True,160,New Hampshire,fcs,Coastal Athletic,,2619,Stony Brook,fcs,Coastal Athletic,
401866692,2026,11,regular,2026-11-14T19:00:00.000Z,False,False,True,2210,Elon,fcs,Coastal Athletic,,2097,Campbell,fcs,Coastal Athletic,
401866693,2026,11,regular,2026-11-14T17:00:00.000Z,False,False,False,2405,Monmouth,fcs,Coastal Athletic,,2771,Merrimack,fcs,FCS Independents,
401866694,2026,12,regular,2026-11-21T17:00:00.000Z,False,False,True,2448,North Carolina A&T,fcs,Coastal Athletic,,399,UAlbany,fcs,Coastal Athletic,
401866695,2026,12,regular,2026-11-21T17:00:00.000Z,False,False,True,2619,Stony Brook,fcs,Coastal Athletic,,2261,Hampton,fcs,Coastal Athletic,
401866696,2026,12,regular,2026-11-21T18:00:00.000Z,False,False,True,2803,Bryant,fcs,Coastal Athletic,,227,Rhode Island,fcs,Coastal Athletic,
401866697,2026,12,regular,2026-11-21T18:00:00.000Z,False,False,True,2097,Campbell,fcs,Coastal Athletic,,2405,Monmouth,fcs,Coastal Athletic,
401866698,2026,12,regular,2026-11-21T18:00:00.000Z,False,False,True,119,Towson,fcs,Coastal Athletic,,2210,Elon,fcs,Coastal Athletic,
401866699,2026,12,regular,2026-11-21T18:00:00.000Z,False,False,True,311,Maine,fcs,Coastal Athletic,,160,New Hampshire,fcs,Coastal Athletic,
401866700,2026,12,regular,2026-11-21T17:00:00.000Z,False,False,False,2771,Merrimack,fcs,FCS Independents,,2529,Sacred Heart,fcs,Coastal Athletic,
401867684,2026,1,regular,2026-09-05T23:00:00.000Z,True,False,False,2630,UT Martin,fcs,OVC,42,2130,Chicago State,fcs,FCS Independents,7
401867685,2026,2,regular,2026-09-12T17:00:00.000Z,False,False,False,2130,Chicago State,fcs,FCS Independents,,3077,Kentucky Christian,,,
401867686,2026,3,regular,2026-09-19T17:00:00.000Z,False,False,False,2086,Butler,fcs,Pioneer,,2130,Chicago State,fcs,FCS Independents,
401867687,2026,4,regular,2026-09-26T04:00:00.000Z,False,False,False,2130,Chicago State,fcs,FCS Independents,,2450,Norfolk State,fcs,MEAC,
401867688,2026,5,regular,2026-10-03T23:00:00.000Z,False,False,False,2627,Tarleton State,fcs,UAC,,2130,Chicago State,fcs,FCS Independents,
401867689,2026,8,regular,2026-10-24T19:00:00.000Z,False,False,False,2815,Lindenwood,fcs,OVC,,2130,Chicago State,fcs,FCS Independents,
401867690,2026,9,regular,2026-10-31T04:00:00.000Z,False,False,False,2130,Chicago State,fcs,FCS Independents,,124110,UFTL,,,
401867692,2026,1,regular,2026-09-05T22:00:00.000Z,True,False,False,2729,William & Mary,fcs,Patriot,22,2169,Delaware State,fcs,MEAC,15
401867796,2026,2,regular,2026-09-12T23:30:00.000Z,False,False,False,99,LSU,fbs,SEC,,2348,Louisiana Tech,fbs,Sun Belt,
401867804,2026,3,regular,2026-09-19T20:00:00.000Z,False,False,False,239,Baylor,fbs,Big 12,,2348,Louisiana Tech,fbs,Sun Belt,
401867805,2026,3,regular,2026-09-19T16:00:00.000Z,False,False,False,2441,New Haven,fcs,NEC,,225,Brown,fcs,Ivy,
401867806,2026,4,regular,2026-09-25T23:00:00.000Z,False,False,True,225,Brown,fcs,Ivy,,108,Harvard,fcs,Ivy,
401867807,2026,7,regular,2026-10-17T16:00:00.000Z,False,False,True,163,Princeton,fcs,Ivy,,225,Brown,fcs,Ivy,
401867808,2026,8,regular,2026-10-24T16:00:00.000Z,False,False,True,225,Brown,fcs,Ivy,,172,Cornell,fcs,Ivy,
401867809,2026,9,regular,2026-10-31T16:00:00.000Z,False,False,True,225,Brown,fcs,Ivy,,219,Pennsylvania,fcs,Ivy,
401867810,2026,10,regular,2026-11-07T17:00:00.000Z,False,False,True,43,Yale,fcs,Ivy,,225,Brown,fcs,Ivy,
401867811,2026,11,regular,2026-11-14T17:00:00.000Z,False,False,True,225,Brown,fcs,Ivy,,171,Columbia,fcs,Ivy,
401867812,2026,12,regular,2026-11-21T18:00:00.000Z,False,False,True,159,Dartmouth,fcs,Ivy,,225,Brown,fcs,Ivy,
401867817,2026,3,regular,2026-09-19T16:00:00.000Z,False,False,False,171,Columbia,fcs,Ivy,,322,Lafayette,fcs,Patriot,
401867818,2026,4,regular,2026-09-26T16:30:00.000Z,False,False,False,46,Georgetown,fcs,Patriot,,171,Columbia,fcs,Ivy,
401867819,2026,5,regular,2026-10-03T16:00:00.000Z,False,False,True,171,Columbia,fcs,Ivy,,163,Princeton,fcs,Ivy,
401867821,2026,7,regular,2026-10-16T23:00:00.000Z,False,False,True,219,Pennsylvania,fcs,Ivy,,171,Columbia,fcs,Ivy,
401867822,2026,8,regular,2026-10-24T17:30:00.000Z,False,False,True,171,Columbia,fcs,Ivy,,159,Dartmouth,fcs,Ivy,
401867823,2026,9,regular,2026-10-31T16:00:00.000Z,False,False,True,171,Columbia,fcs,Ivy,,43,Yale,fcs,Ivy,
401867824,2026,10,regular,2026-11-07T18:00:00.000Z,False,False,True,108,Harvard,fcs,Ivy,,171,Columbia,fcs,Ivy,
401867825,2026,12,regular,2026-11-21T17:00:00.000Z,False,False,True,171,Columbia,fcs,Ivy,,172,Cornell,fcs,Ivy,
401867826,2026,3,regular,2026-09-19T17:00:00.000Z,False,False,False,2142,Colgate,fcs,Patriot,,172,Cornell,fcs,Ivy,
401867827,2026,4,regular,2026-09-26T17:00:00.000Z,False,False,True,172,Cornell,fcs,Ivy,,43,Yale,fcs,Ivy,
401867828,2026,5,regular,2026-10-03T16:30:00.000Z,False,False,False,46,Georgetown,fcs,Patriot,,172,Cornell,fcs,Ivy,
401867829,2026,6,regular,2026-10-10T17:00:00.000Z,False,False,True,172,Cornell,fcs,Ivy,,108,Harvard,fcs,Ivy,
401867830,2026,7,regular,2026-10-17T18:00:00.000Z,False,False,False,172,Cornell,fcs,Ivy,,2329,Lehigh,fcs,Patriot,
401867831,2026,9,regular,2026-10-31T16:00:00.000Z,False,False,True,163,Princeton,fcs,Ivy,,172,Cornell,fcs,Ivy,
401867832,2026,10,regular,2026-11-07T18:00:00.000Z,False,False,True,172,Cornell,fcs,Ivy,,219,Pennsylvania,fcs,Ivy,
401867833,2026,11,regular,2026-11-14T18:00:00.000Z,False,False,True,172,Cornell,fcs,Ivy,,159,Dartmouth,fcs,Ivy,
401867834,2026,3,regular,2026-09-19T16:00:00.000Z,False,False,False,2329,Lehigh,fcs,Patriot,,159,Dartmouth,fcs,Ivy,
401867835,2026,5,regular,2026-10-03T17:30:00.000Z,False,False,True,159,Dartmouth,fcs,Ivy,,219,Pennsylvania,fcs,Ivy,
401867836,2026,6,regular,2026-10-10T16:00:00.000Z,False,False,True,43,Yale,fcs,Ivy,,159,Dartmouth,fcs,Ivy,
401867837,2026,7,regular,2026-10-17T17:00:00.000Z,False,False,False,159,Dartmouth,fcs,Ivy,,2771,Merrimack,fcs,FCS Independents,
401867838,2026,9,regular,2026-10-30T23:00:00.000Z,False,False,True,159,Dartmouth,fcs,Ivy,,108,Harvard,fcs,Ivy,
401867839,2026,10,regular,2026-11-07T17:00:00.000Z,False,False,True,163,Princeton,fcs,Ivy,,159,Dartmouth,fcs,Ivy,
401867840,2026,5,regular,2026-10-03T23:00:00.000Z,False,False,False,108,Harvard,fcs,Ivy,,2142,Colgate,fcs,Patriot,
401867841,2026,7,regular,2026-10-17T17:00:00.000Z,False,False,False,108,Harvard,fcs,Ivy,,107,Holy Cross,fcs,Patriot,
401867842,2026,8,regular,2026-10-24T19:00:00.000Z,False,False,True,108,Harvard,fcs,Ivy,,163,Princeton,fcs,Ivy,
401867843,2026,11,regular,2026-11-14T18:00:00.000Z,False,False,True,219,Pennsylvania,fcs,Ivy,,108,Harvard,fcs,Ivy,
401867844,2026,12,regular,2026-11-21T20:30:00.000Z,False,True,True,108,Harvard,fcs,Ivy,,43,Yale,fcs,Ivy,
401867845,2026,1,regular,2026-09-06T00:00:00.000Z,True,False,False,2710,Western Illinois,fcs,OVC,10,2287,Illinois State,fcs,MVFC,41
401867846,2026,3,regular,2026-09-19T19:00:00.000Z,False,False,False,2287,Illinois State,fcs,MVFC,,2197,Eastern Illinois,fcs,OVC,
401867847,2026,4,regular,2026-09-26T21:00:00.000Z,False,False,True,2460,Northern Iowa,fcs,MVFC,,2287,Illinois State,fcs,MVFC,
401867848,2026,5,regular,2026-10-03T23:00:00.000Z,False,False,True,2287,Illinois State,fcs,MVFC,,2571,South Dakota State,fcs,MVFC,
401867849,2026,7,regular,2026-10-17T04:00:00.000Z,False,False,True,79,Southern Illinois,fcs,MVFC,,2287,Illinois State,fcs,MVFC,
401867850,2026,8,regular,2026-10-24T19:00:00.000Z,False,False,True,2287,Illinois State,fcs,MVFC,,282,Indiana State,fcs,MVFC,
401867851,2026,9,regular,2026-10-31T18:00:00.000Z,False,False,True,2287,Illinois State,fcs,MVFC,,93,Murray State,fcs,MVFC,
401867852,2026,10,regular,2026-11-07T19:00:00.000Z,False,False,True,155,North Dakota,fcs,MVFC,,2287,Illinois State,fcs,MVFC,
401867853,2026,11,regular,2026-11-14T17:00:00.000Z,False,False,True,2754,Youngstown State,fcs,MVFC,,2287,Illinois State,fcs,MVFC,
401867854,2026,12,regular,2026-11-21T18:00:00.000Z,False,False,True,2287,Illinois State,fcs,MVFC,,233,South Dakota,fcs,MVFC,
401867855,2026,1,regular,2026-08-29T22:00:00.000Z,True,False,False,282,Indiana State,fcs,MVFC,21,2546,Southeast Missouri State,fcs,OVC,23
401867856,2026,2,regular,2026-09-12T23:00:00.000Z,False,False,False,2197,Eastern Illinois,fcs,OVC,,282,Indiana State,fcs,MVFC,
401867857,2026,3,regular,2026-09-19T17:00:00.000Z,False,False,False,282,Indiana State,fcs,MVFC,,2674,Valparaiso,fcs,Pioneer,
401867858,2026,4,regular,2026-09-26T17:00:00.000Z,False,False,True,282,Indiana State,fcs,MVFC,,155,North Dakota,fcs,MVFC,
401867859,2026,5,regular,2026-10-03T19:00:00.000Z,False,False,True,233,South Dakota,fcs,MVFC,,282,Indiana State,fcs,MVFC,
401867860,2026,6,regular,2026-10-10T17:00:00.000Z,False,False,True,282,Indiana State,fcs,MVFC,,2754,Youngstown State,fcs,MVFC,
401867861,2026,9,regular,2026-10-31T18:00:00.000Z,False,False,True,2460,Northern Iowa,fcs,MVFC,,282,Indiana State,fcs,MVFC,
401867862,2026,10,regular,2026-11-07T23:00:00.000Z,False,False,True,282,Indiana State,fcs,MVFC,,79,Southern Illinois,fcs,MVFC,
401867863,2026,11,regular,2026-11-14T18:00:00.000Z,False,False,True,282,Indiana State,fcs,MVFC,,93,Murray State,fcs,MVFC,
401867864,2026,12,regular,2026-11-21T20:00:00.000Z,False,False,True,2571,South Dakota State,fcs,MVFC,,282,Indiana State,fcs,MVFC,
401867865,2026,1,regular,2026-08-27T23:00:00.000Z,True,False,False,93,Murray State,fcs,MVFC,14,2197,Eastern Illinois,fcs,OVC,28
401867866,2026,1,regular,2026-09-05T23:00:00.000Z,True,False,False,2393,Middle Tennessee,fbs,Conference USA,38,93,Murray State,fcs,MVFC,14
401867867,2026,2,regular,2026-09-12T23:00:00.000Z,False,False,False,93,Murray State,fcs,MVFC,,2674,Valparaiso,fcs,Pioneer,
401867868,2026,4,regular,2026-09-26T23:00:00.000Z,False,False,True,93,Murray State,fcs,MVFC,,79,Southern Illinois,fcs,MVFC,
401867869,2026,5,regular,2026-10-03T18:00:00.000Z,False,False,True,155,North Dakota,fcs,MVFC,,93,Murray State,fcs,MVFC,
401867870,2026,7,regular,2026-10-17T21:00:00.000Z,False,False,True,93,Murray State,fcs,MVFC,,233,South Dakota,fcs,MVFC,
401867871,2026,8,regular,2026-10-24T19:00:00.000Z,False,False,True,2571,South Dakota State,fcs,MVFC,,93,Murray State,fcs,MVFC,
401867872,2026,10,regular,2026-11-07T19:00:00.000Z,False,False,True,93,Murray State,fcs,MVFC,,2754,Youngstown State,fcs,MVFC,
401867873,2026,12,regular,2026-11-21T19:00:00.000Z,False,False,True,93,Murray State,fcs,MVFC,,2460,Northern Iowa,fcs,MVFC,
401867874,2026,1,regular,2026-08-28T00:00:00.000Z,True,False,False,155,North Dakota,fcs,MVFC,42,2341,Long Island University,fcs,NEC,21
401867875,2026,1,regular,2026-09-05T20:00:00.000Z,True,False,False,155,North Dakota,fcs,MVFC,62,2900,St. Thomas (MN),fcs,Pioneer,26
401867876,2026,2,regular,2026-09-13T02:00:00.000Z,False,False,False,2502,Portland State,fcs,Big Sky,,155,North Dakota,fcs,MVFC,
401867877,2026,6,regular,2026-10-10T21:00:00.000Z,False,False,True,2460,Northern Iowa,fcs,MVFC,,155,North Dakota,fcs,MVFC,
401867878,2026,7,regular,2026-10-17T18:00:00.000Z,False,False,True,155,North Dakota,fcs,MVFC,,2571,South Dakota State,fcs,MVFC,
401867879,2026,8,regular,2026-10-24T18:00:00.000Z,False,False,True,233,South Dakota,fcs,MVFC,,155,North Dakota,fcs,MVFC,
401867880,2026,9,regular,2026-10-31T16:00:00.000Z,False,False,True,2754,Youngstown State,fcs,MVFC,,155,North Dakota,fcs,MVFC,
401867881,2026,12,regular,2026-11-21T19:00:00.000Z,False,False,True,155,North Dakota,fcs,MVFC,,79,Southern Illinois,fcs,MVFC,
401867882,2026,1,regular,2026-08-29T18:00:00.000Z,True,False,False,233,South Dakota,fcs,MVFC,59,2115,Central Connecticut,fcs,NEC,20
401867883,2026,1,regular,2026-09-06T00:00:00.000Z,True,False,False,2458,Northern Colorado,fcs,Big Sky,23,233,South Dakota,fcs,MVFC,38
401867884,2026,2,regular,2026-09-12T18:00:00.000Z,False,False,False,233,South Dakota,fcs,MVFC,,331,Eastern Washington,fcs,Big Sky,
401867885,2026,4,regular,2026-09-26T18:00:00.000Z,False,False,True,2754,Youngstown State,fcs,MVFC,,233,South Dakota,fcs,MVFC,
401867886,2026,6,regular,2026-10-10T18:00:00.000Z,False,False,True,233,South Dakota,fcs,MVFC,,79,Southern Illinois,fcs,MVFC,
401867887,2026,9,regular,2026-10-31T04:00:00.000Z,False,False,True,2571,South Dakota State,fcs,MVFC,,233,South Dakota,fcs,MVFC,
401867888,2026,11,regular,2026-11-14T19:00:00.000Z,False,False,True,233,South Dakota,fcs,MVFC,,2460,Northern Iowa,fcs,MVFC,
401867889,2026,1,regular,2026-09-03T23:00:00.000Z,True,False,False,2535,Samford,fcs,Southern,18,79,Southern Illinois,fcs,MVFC,22
401867890,2026,2,regular,2026-09-12T23:00:00.000Z,False,False,False,79,Southern Illinois,fcs,MVFC,,2546,Southeast Missouri State,fcs,OVC,
401867891,2026,5,regular,2026-10-03T21:00:00.000Z,False,False,True,79,Southern Illinois,fcs,MVFC,,2754,Youngstown State,fcs,MVFC,
401867892,2026,8,regular,2026-10-24T18:00:00.000Z,False,False,True,79,Southern Illinois,fcs,MVFC,,2460,Northern Iowa,fcs,MVFC,
401867893,2026,11,regular,2026-11-14T19:00:00.000Z,False,False,True,79,Southern Illinois,fcs,MVFC,,2571,South Dakota State,fcs,MVFC,
401867894,2026,1,regular,2026-08-27T22:00:00.000Z,True,False,False,2754,Youngstown State,fcs,MVFC,43,2385,Mercyhurst,fcs,NEC,10
401867895,2026,2,regular,2026-09-12T18:00:00.000Z,False,False,False,2754,Youngstown State,fcs,MVFC,,2184,Duquesne,fcs,NEC,
401867896,2026,3,regular,2026-09-19T23:00:00.000Z,False,False,True,2571,South Dakota State,fcs,MVFC,,2754,Youngstown State,fcs,MVFC,
401867897,2026,7,regular,2026-10-17T22:00:00.000Z,False,False,True,2754,Youngstown State,fcs,MVFC,,2460,Northern Iowa,fcs,MVFC,
401867898,2026,3,regular,2026-09-19T19:00:00.000Z,False,False,False,147,Montana State,fcs,Big Sky,,2115,Central Connecticut,fcs,NEC,
401867899,2026,5,regular,2026-10-03T04:00:00.000Z,False,False,True,2115,Central Connecticut,fcs,NEC,,2681,Wagner,fcs,NEC,
401867901,2026,7,regular,2026-10-17T04:00:00.000Z,False,False,True,2385,Mercyhurst,fcs,NEC,,2115,Central Connecticut,fcs,NEC,
401867902,2026,8,regular,2026-10-24T16:00:00.000Z,False,False,True,2115,Central Connecticut,fcs,NEC,,2441,New Haven,fcs,NEC,
401867903,2026,9,regular,2026-10-31T04:00:00.000Z,False,False,True,2115,Central Connecticut,fcs,NEC,,2523,Robert Morris,fcs,NEC,
401867904,2026,10,regular,2026-11-07T18:00:00.000Z,False,False,True,284,Stonehill,fcs,NEC,,2115,Central Connecticut,fcs,NEC,
401867905,2026,11,regular,2026-11-14T05:00:00.000Z,False,False,True,2341,Long Island University,fcs,NEC,,2115,Central Connecticut,fcs,NEC,
401867906,2026,12,regular,2026-11-21T17:00:00.000Z,False,False,True,2115,Central Connecticut,fcs,NEC,,2184,Duquesne,fcs,NEC,
401867907,2026,6,regular,2026-10-10T04:00:00.000Z,False,False,False,2115,Central Connecticut,fcs,NEC,,2022,American International,ii,Northeast 10,
401867908,2026,3,regular,2026-09-19T16:00:00.000Z,False,False,False,2341,Long Island University,fcs,NEC,,222,Villanova,fcs,Patriot,
401867909,2026,4,regular,2026-09-26T22:00:00.000Z,False,False,False,2229,Florida International,fbs,Conference USA,,2341,Long Island University,fcs,NEC,
401867910,2026,5,regular,2026-10-03T16:00:00.000Z,False,False,True,2341,Long Island University,fcs,NEC,,2385,Mercyhurst,fcs,NEC,
401867911,2026,6,regular,2026-10-10T17:00:00.000Z,False,False,True,2184,Duquesne,fcs,NEC,,2341,Long Island University,fcs,NEC,
401867912,2026,7,regular,2026-10-17T04:00:00.000Z,False,False,True,2681,Wagner,fcs,NEC,,2341,Long Island University,fcs,NEC,
401867913,2026,8,regular,2026-10-24T04:00:00.000Z,False,False,True,2341,Long Island University,fcs,NEC,,284,Stonehill,fcs,NEC,
401867914,2026,10,regular,2026-11-07T17:00:00.000Z,False,False,True,2441,New Haven,fcs,NEC,,2341,Long Island University,fcs,NEC,
401867915,2026,12,regular,2026-11-21T17:00:00.000Z,False,False,True,2523,Robert Morris,fcs,NEC,,2341,Long Island University,fcs,NEC,
401867916,2026,1,regular,2026-08-29T16:00:00.000Z,True,False,True,2681,Wagner,fcs,NEC,7,2523,Robert Morris,fcs,NEC,28
401867917,2026,1,regular,2026-09-05T22:00:00.000Z,True,False,False,2523,Robert Morris,fcs,NEC,29,2707,West Virginia State,ii,Mountain East,9
401867918,2026,5,regular,2026-10-03T18:00:00.000Z,False,False,False,2523,Robert Morris,fcs,NEC,,2450,Norfolk State,fcs,MEAC,
401867919,2026,6,regular,2026-10-10T16:00:00.000Z,False,False,False,2415,Morgan State,fcs,MEAC,,2523,Robert Morris,fcs,NEC,
401867920,2026,7,regular,2026-10-17T16:00:00.000Z,False,False,True,2523,Robert Morris,fcs,NEC,,2441,New Haven,fcs,NEC,
401867921,2026,8,regular,2026-10-24T18:00:00.000Z,False,False,True,2523,Robert Morris,fcs,NEC,,2385,Mercyhurst,fcs,NEC,
401867922,2026,10,regular,2026-11-07T17:00:00.000Z,False,False,True,2184,Duquesne,fcs,NEC,,2523,Robert Morris,fcs,NEC,
401867923,2026,11,regular,2026-11-14T17:00:00.000Z,False,False,True,2523,Robert Morris,fcs,NEC,,284,Stonehill,fcs,NEC,
401867924,2026,1,regular,2026-09-05T16:00:00.000Z,True,False,True,2441,New Haven,fcs,NEC,3,284,Stonehill,fcs,NEC,21
401867925,2026,7,regular,2026-10-17T17:00:00.000Z,False,False,True,284,Stonehill,fcs,NEC,,2184,Duquesne,fcs,NEC,
401867926,2026,9,regular,2026-10-31T16:00:00.000Z,False,False,True,284,Stonehill,fcs,NEC,,2385,Mercyhurst,fcs,NEC,
401867927,2026,12,regular,2026-11-21T17:00:00.000Z,False,False,True,284,Stonehill,fcs,NEC,,2681,Wagner,fcs,NEC,
401867928,2026,1,regular,2026-09-05T16:00:00.000Z,True,False,False,2681,Wagner,fcs,NEC,31,2583,Southern Connecticut State,ii,Northeast 10,7
401867929,2026,2,regular,2026-09-12T19:30:00.000Z,False,False,False,256,James Madison,fbs,Sun Belt,,2681,Wagner,fcs,NEC,
401867930,2026,6,regular,2026-10-10T04:00:00.000Z,False,False,False,2681,Wagner,fcs,NEC,,163,Princeton,fcs,Ivy,
401867931,2026,8,regular,2026-10-24T16:00:00.000Z,False,False,True,2184,Duquesne,fcs,NEC,,2681,Wagner,fcs,NEC,
401867932,2026,9,regular,2026-10-31T16:00:00.000Z,False,False,False,2771,Merrimack,fcs,FCS Independents,,2681,Wagner,fcs,NEC,
401867933,2026,10,regular,2026-11-07T05:00:00.000Z,False,False,True,2385,Mercyhurst,fcs,NEC,,2681,Wagner,fcs,NEC,
401867934,2026,11,regular,2026-11-14T17:00:00.000Z,False,False,True,2681,Wagner,fcs,NEC,,2441,New Haven,fcs,NEC,
401867935,2026,1,regular,2026-08-29T23:30:00.000Z,True,True,False,47,Howard,fcs,MEAC,31,2010,Alabama A&M,fcs,SWAC,24
401867939,2026,1,regular,2026-09-06T19:00:00.000Z,True,True,False,50,Florida A&M,fcs,SWAC,13,2569,South Carolina State,fcs,MEAC,31
401867953,2026,2,regular,2026-09-12T19:00:00.000Z,False,False,False,2169,Delaware State,fcs,MEAC,,2075,Bowie State,ii,CIAA,
401867954,2026,6,regular,2026-10-10T17:00:00.000Z,False,False,False,2169,Delaware State,fcs,MEAC,,112334,Franklin Pierce,ii,Northeast 10,
401867955,2026,8,regular,2026-10-23T21:00:00.000Z,False,False,True,2169,Delaware State,fcs,MEAC,,2428,North Carolina Central,fcs,MEAC,
401867956,2026,9,regular,2026-10-31T18:00:00.000Z,False,False,True,2450,Norfolk State,fcs,MEAC,,2169,Delaware State,fcs,MEAC,
401867957,2026,10,regular,2026-11-07T18:00:00.000Z,False,False,True,2169,Delaware State,fcs,MEAC,,2415,Morgan State,fcs,MEAC,
401867958,2026,11,regular,2026-11-14T18:00:00.000Z,False,False,True,47,Howard,fcs,MEAC,,2169,Delaware State,fcs,MEAC,
401867959,2026,12,regular,2026-11-21T18:30:00.000Z,False,False,True,2569,South Carolina State,fcs,MEAC,,2169,Delaware State,fcs,MEAC,
401867960,2026,6,regular,2026-10-10T17:00:00.000Z,False,False,False,219,Pennsylvania,fcs,Ivy,,47,Howard,fcs,MEAC,
401867961,2026,7,regular,2026-10-17T19:30:00.000Z,False,False,False,47,Howard,fcs,MEAC,,60,Morehouse,ii,SIAC,
401867962,2026,8,regular,2026-10-24T19:00:00.000Z,False,False,True,2415,Morgan State,fcs,MEAC,,47,Howard,fcs,MEAC,
401867963,2026,9,regular,2026-10-31T18:00:00.000Z,False,False,True,2428,North Carolina Central,fcs,MEAC,,47,Howard,fcs,MEAC,
401867964,2026,10,regular,2026-11-05T22:00:00.000Z,False,False,True,47,Howard,fcs,MEAC,,2569,South Carolina State,fcs,MEAC,
401867965,2026,12,regular,2026-11-21T17:00:00.000Z,False,False,True,2450,Norfolk State,fcs,MEAC,,47,Howard,fcs,MEAC,
401867966,2026,2,regular,2026-09-12T22:00:00.000Z,False,False,False,2415,Morgan State,fcs,MEAC,,2355,Virginia Lynchburg,,,
401867967,2026,5,regular,2026-10-03T17:00:00.000Z,False,False,False,222,Villanova,fcs,Patriot,,2415,Morgan State,fcs,MEAC,
401867968,2026,7,regular,2026-10-17T22:30:00.000Z,False,False,False,2634,Tennessee State,fcs,OVC,,2415,Morgan State,fcs,MEAC,
401867969,2026,9,regular,2026-10-29T23:00:00.000Z,False,False,True,2415,Morgan State,fcs,MEAC,,2569,South Carolina State,fcs,MEAC,
401867970,2026,11,regular,2026-11-14T17:00:00.000Z,False,False,True,2415,Morgan State,fcs,MEAC,,2450,Norfolk State,fcs,MEAC,
401867971,2026,12,regular,2026-11-21T19:00:00.000Z,False,False,True,2428,North Carolina Central,fcs,MEAC,,2415,Morgan State,fcs,MEAC,
401867972,2026,1,regular,2026-08-29T22:00:00.000Z,True,False,False,2450,Norfolk State,fcs,MEAC,56,2736,Winston-Salem State,ii,CIAA,0
401867973,2026,1,regular,2026-09-05T22:00:00.000Z,True,False,False,295,Old Dominion,fbs,Sun Belt,31,2450,Norfolk State,fcs,MEAC,10
401867974,2026,6,regular,2026-10-10T18:00:00.000Z,False,False,False,2450,Norfolk State,fcs,MEAC,,2355,Virginia Lynchburg,,,
401867975,2026,8,regular,2026-10-24T17:30:00.000Z,False,False,True,2569,South Carolina State,fcs,MEAC,,2450,Norfolk State,fcs,MEAC,
401867976,2026,10,regular,2026-11-07T17:00:00.000Z,False,False,True,2450,Norfolk State,fcs,MEAC,,2428,North Carolina Central,fcs,MEAC,
401867977,2026,1,regular,2026-08-29T23:00:00.000Z,True,False,False,2640,Texas Southern,fcs,SWAC,42,2428,North Carolina Central,fcs,MEAC,30
401867978,2026,1,regular,2026-09-05T22:00:00.000Z,True,False,False,2428,North Carolina Central,fcs,MEAC,27,2207,Elizabeth City State,ii,CIAA,6
401867979,2026,3,regular,2026-09-19T22:00:00.000Z,False,False,False,2241,Gardner-Webb,fcs,OVC,,2428,North Carolina Central,fcs,MEAC,
401867980,2026,6,regular,2026-10-10T17:00:00.000Z,False,False,False,2428,North Carolina Central,fcs,MEAC,,2729,William & Mary,fcs,Patriot,
401867981,2026,11,regular,2026-11-14T18:30:00.000Z,False,False,True,2569,South Carolina State,fcs,MEAC,,2428,North Carolina Central,fcs,MEAC,
401867982,2026,1,regular,2026-08-29T22:00:00.000Z,True,False,False,2569,South Carolina State,fcs,MEAC,87,2542,Savannah State,ii,SIAC,0
401867983,2026,2,regular,2026-09-12T22:00:00.000Z,False,False,False,2569,South Carolina State,fcs,MEAC,,330,Virginia State,ii,CIAA,
401867984,2026,3,regular,2026-09-19T23:00:00.000Z,False,False,False,231,Furman,fcs,Southern,,2569,South Carolina State,fcs,MEAC,
401867985,2026,4,regular,2026-09-26T23:00:00.000Z,False,False,False,2065,Bethune-Cookman,fcs,SWAC,,2569,South Carolina State,fcs,MEAC,
401867986,2026,5,regular,2026-10-03T18:00:00.000Z,False,False,False,2569,South Carolina State,fcs,MEAC,,2643,The Citadel,fcs,Southern,
401867987,2026,6,regular,2026-10-10T22:00:00.000Z,False,False,False,2127,Charleston Southern,fcs,OVC,,2569,South Carolina State,fcs,MEAC,
401867988,2026,1,regular,2026-08-29T22:00:00.000Z,True,False,True,257,Richmond,fcs,Patriot,35,2083,Bucknell,fcs,Patriot,14
401867989,2026,1,regular,2026-09-05T22:00:00.000Z,True,False,True,2083,Bucknell,fcs,Patriot,16,222,Villanova,fcs,Patriot,17
401867990,2026,2,regular,2026-09-12T17:30:00.000Z,False,False,False,2678,VMI,fcs,Southern,,2083,Bucknell,fcs,Patriot,
401867991,2026,3,regular,2026-09-19T19:00:00.000Z,False,False,False,2083,Bucknell,fcs,Patriot,,219,Pennsylvania,fcs,Ivy,
401867992,2026,6,regular,2026-10-10T16:30:00.000Z,False,False,True,46,Georgetown,fcs,Patriot,,2083,Bucknell,fcs,Patriot,
401867993,2026,7,regular,2026-10-17T19:00:00.000Z,False,False,True,2083,Bucknell,fcs,Patriot,,322,Lafayette,fcs,Patriot,
401867994,2026,8,regular,2026-10-24T17:00:00.000Z,False,False,True,107,Holy Cross,fcs,Patriot,,2083,Bucknell,fcs,Patriot,
401867995,2026,9,regular,2026-10-31T16:00:00.000Z,False,False,True,2329,Lehigh,fcs,Patriot,,2083,Bucknell,fcs,Patriot,
401867996,2026,10,regular,2026-11-07T18:00:00.000Z,False,False,True,2083,Bucknell,fcs,Patriot,,2230,Fordham,fcs,Patriot,
401867997,2026,11,regular,2026-11-14T18:00:00.000Z,False,False,True,2729,William & Mary,fcs,Patriot,,2083,Bucknell,fcs,Patriot,
401867998,2026,12,regular,2026-11-21T18:00:00.000Z,False,False,True,2083,Bucknell,fcs,Patriot,,2142,Colgate,fcs,Patriot,
401868000,2026,1,regular,2026-09-05T17:00:00.000Z,True,False,True,2142,Colgate,fcs,Patriot,35,107,Holy Cross,fcs,Patriot,10
401868001,2026,4,regular,2026-09-26T18:30:00.000Z,False,False,True,222,Villanova,fcs,Patriot,,2142,Colgate,fcs,Patriot,
401868002,2026,7,regular,2026-10-17T17:00:00.000Z,False,False,True,2142,Colgate,fcs,Patriot,,46,Georgetown,fcs,Patriot,
401868003,2026,8,regular,2026-10-24T18:00:00.000Z,False,False,True,257,Richmond,fcs,Patriot,,2142,Colgate,fcs,Patriot,
401868004,2026,9,regular,2026-10-31T17:00:00.000Z,False,False,True,2142,Colgate,fcs,Patriot,,2729,William & Mary,fcs,Patriot,
401868005,2026,10,regular,2026-11-07T17:00:00.000Z,False,False,True,2329,Lehigh,fcs,Patriot,,2142,Colgate,fcs,Patriot,
401868006,2026,11,regular,2026-11-14T18:00:00.000Z,False,False,True,2142,Colgate,fcs,Patriot,,322,Lafayette,fcs,Patriot,
401868007,2026,1,regular,2026-08-28T22:00:00.000Z,True,False,True,2230,Fordham,fcs,Patriot,14,2142,Colgate,fcs,Patriot,24
401868008,2026,2,regular,2026-09-12T23:30:00.000Z,False,False,False,324,Coastal Carolina,fbs,Sun Belt,,2230,Fordham,fcs,Patriot,
401868009,2026,3,regular,2026-09-19T22:00:00.000Z,False,False,True,2729,William & Mary,fcs,Patriot,,2230,Fordham,fcs,Patriot,
401868010,2026,5,regular,2026-10-03T16:00:00.000Z,False,False,True,2329,Lehigh,fcs,Patriot,,2230,Fordham,fcs,Patriot,
401868011,2026,6,regular,2026-10-10T19:30:00.000Z,False,False,True,2230,Fordham,fcs,Patriot,,257,Richmond,fcs,Patriot,
401868012,2026,7,regular,2026-10-17T19:30:00.000Z,False,False,True,2230,Fordham,fcs,Patriot,,222,Villanova,fcs,Patriot,
401868013,2026,8,regular,2026-10-24T17:00:00.000Z,False,False,True,2230,Fordham,fcs,Patriot,,322,Lafayette,fcs,Patriot,
401868014,2026,11,regular,2026-11-14T17:00:00.000Z,False,False,True,2230,Fordham,fcs,Patriot,,46,Georgetown,fcs,Patriot,
401868015,2026,12,regular,2026-11-21T17:00:00.000Z,False,False,True,107,Holy Cross,fcs,Patriot,,2230,Fordham,fcs,Patriot,
401868017,2026,1,regular,2026-09-05T16:30:00.000Z,True,False,True,46,Georgetown,fcs,Patriot,14,2329,Lehigh,fcs,Patriot,45
401868018,2026,3,regular,2026-09-19T19:30:00.000Z,False,False,True,257,Richmond,fcs,Patriot,,46,Georgetown,fcs,Patriot,
401868019,2026,8,regular,2026-10-24T19:30:00.000Z,False,False,True,2729,William & Mary,fcs,Patriot,,46,Georgetown,fcs,Patriot,
401868020,2026,10,regular,2026-11-07T17:30:00.000Z,False,False,True,46,Georgetown,fcs,Patriot,,107,Holy Cross,fcs,Patriot,
401868021,2026,12,regular,2026-11-21T18:00:00.000Z,False,False,True,222,Villanova,fcs,Patriot,,46,Georgetown,fcs,Patriot,
401868022,2026,1,regular,2026-08-29T19:30:00.000Z,True,False,True,107,Holy Cross,fcs,Patriot,10,2329,Lehigh,fcs,Patriot,35
401868023,2026,3,regular,2026-09-19T18:00:00.000Z,False,False,False,107,Holy Cross,fcs,Patriot,,43,Yale,fcs,Ivy,
401868024,2026,4,regular,2026-09-26T16:30:00.000Z,False,False,True,322,Lafayette,fcs,Patriot,,107,Holy Cross,fcs,Patriot,
401868025,2026,5,regular,2026-10-03T19:30:00.000Z,False,False,True,2729,William & Mary,fcs,Patriot,,107,Holy Cross,fcs,Patriot,
401868026,2026,9,regular,2026-10-31T17:00:00.000Z,False,False,True,107,Holy Cross,fcs,Patriot,,257,Richmond,fcs,Patriot,
401868027,2026,11,regular,2026-11-14T17:00:00.000Z,False,False,True,107,Holy Cross,fcs,Patriot,,222,Villanova,fcs,Patriot,
401868028,2026,2,regular,2026-09-12T16:30:00.000Z,False,False,False,322,Lafayette,fcs,Patriot,,2368,Marist,fcs,Pioneer,
401868029,2026,5,regular,2026-10-03T16:30:00.000Z,False,False,True,322,Lafayette,fcs,Patriot,,257,Richmond,fcs,Patriot,
401868030,2026,9,regular,2026-10-31T16:30:00.000Z,False,False,True,322,Lafayette,fcs,Patriot,,222,Villanova,fcs,Patriot,
401868031,2026,10,regular,2026-11-07T18:00:00.000Z,False,False,True,2729,William & Mary,fcs,Patriot,,322,Lafayette,fcs,Patriot,
401868032,2026,12,regular,2026-11-21T17:30:00.000Z,False,False,True,322,Lafayette,fcs,Patriot,,2329,Lehigh,fcs,Patriot,
401868033,2026,2,regular,2026-09-12T18:00:00.000Z,False,False,True,2329,Lehigh,fcs,Patriot,,2729,William & Mary,fcs,Patriot,
401868034,2026,4,regular,2026-09-26T17:00:00.000Z,False,False,False,219,Pennsylvania,fcs,Ivy,,2329,Lehigh,fcs,Patriot,
401868035,2026,8,regular,2026-10-24T19:30:00.000Z,False,False,True,222,Villanova,fcs,Patriot,,2329,Lehigh,fcs,Patriot,
401868036,2026,11,regular,2026-11-14T19:00:00.000Z,False,False,True,257,Richmond,fcs,Patriot,,2329,Lehigh,fcs,Patriot,
401868037,2026,4,regular,2026-09-26T18:00:00.000Z,False,False,False,257,Richmond,fcs,Patriot,,231,Furman,fcs,Southern,
401868038,2026,10,regular,2026-11-07T18:00:00.000Z,False,False,True,222,Villanova,fcs,Patriot,,257,Richmond,fcs,Patriot,
401868039,2026,12,regular,2026-11-21T17:00:00.000Z,False,False,True,257,Richmond,fcs,Patriot,,2729,William & Mary,fcs,Patriot,
401868040,2026,1,regular,2026-08-28T22:00:00.000Z,True,False,True,222,Villanova,fcs,Patriot,32,2729,William & Mary,fcs,Patriot,35
401868049,2026,1,regular,2026-08-29T23:00:00.000Z,True,False,False,2320,Lamar,fcs,Southland,21,2000,Abilene Christian,fcs,UAC,14
401868050,2026,2,regular,2026-09-13T00:00:00.000Z,False,False,False,2000,Abilene Christian,fcs,UAC,,2617,Stephen F. Austin,fcs,Southland,
401868051,2026,3,regular,2026-09-19T20:00:00.000Z,False,False,False,70,Idaho,fcs,Big Sky,,2000,Abilene Christian,fcs,UAC,
401868052,2026,4,regular,2026-09-27T00:00:00.000Z,False,False,False,2000,Abilene Christian,fcs,UAC,,2382,Mercer,fcs,Southern,
401868053,2026,5,regular,2026-10-04T00:00:00.000Z,False,False,True,2000,Abilene Christian,fcs,UAC,,110242,West Florida,fcs,UAC,
401868054,2026,6,regular,2026-10-11T00:00:00.000Z,False,False,True,2000,Abilene Christian,fcs,UAC,,2110,Central Arkansas,fcs,UAC,
401868055,2026,7,regular,2026-10-17T23:00:00.000Z,False,False,True,2453,North Alabama,fcs,UAC,,2000,Abilene Christian,fcs,UAC,
401868056,2026,9,regular,2026-10-31T20:00:00.000Z,False,False,True,2000,Abilene Christian,fcs,UAC,,2698,West Georgia,fcs,UAC,
401868057,2026,10,regular,2026-11-08T00:00:00.000Z,False,False,True,2627,Tarleton State,fcs,UAC,,2000,Abilene Christian,fcs,UAC,
401868058,2026,11,regular,2026-11-14T19:00:00.000Z,False,False,True,2046,Austin Peay,fcs,UAC,,2000,Abilene Christian,fcs,UAC,
401868059,2026,12,regular,2026-11-21T19:00:00.000Z,False,False,True,2000,Abilene Christian,fcs,UAC,,2198,Eastern Kentucky,fcs,UAC,
401868060,2026,1,regular,2026-08-27T23:00:00.000Z,True,False,False,2046,Austin Peay,fcs,UAC,35,2241,Gardner-Webb,fcs,OVC,17
401868061,2026,2,regular,2026-09-12T21:00:00.000Z,False,False,False,2046,Austin Peay,fcs,UAC,,2413,Morehead State,fcs,Pioneer,
401868062,2026,3,regular,2026-09-19T23:00:00.000Z,False,False,True,110242,West Florida,fcs,UAC,,2046,Austin Peay,fcs,UAC,
401868063,2026,4,regular,2026-09-26T18:00:00.000Z,False,False,False,2046,Austin Peay,fcs,UAC,,2630,UT Martin,fcs,OVC,
401868064,2026,5,regular,2026-10-03T21:00:00.000Z,False,False,False,2046,Austin Peay,fcs,UAC,,2441,New Haven,fcs,NEC,
401868065,2026,6,regular,2026-10-10T23:00:00.000Z,False,False,True,2046,Austin Peay,fcs,UAC,,2627,Tarleton State,fcs,UAC,
401868066,2026,7,regular,2026-10-17T18:00:00.000Z,False,False,True,2698,West Georgia,fcs,UAC,,2046,Austin Peay,fcs,UAC,
401868067,2026,8,regular,2026-10-24T23:00:00.000Z,False,False,True,2453,North Alabama,fcs,UAC,,2046,Austin Peay,fcs,UAC,
401868068,2026,10,regular,2026-11-07T22:00:00.000Z,False,False,True,2046,Austin Peay,fcs,UAC,,2198,Eastern Kentucky,fcs,UAC,
401868069,2026,12,regular,2026-11-21T22:00:00.000Z,False,False,True,2110,Central Arkansas,fcs,UAC,,2046,Austin Peay,fcs,UAC,
401868070,2026,1,regular,2026-08-27T23:30:00.000Z,True,False,False,2630,UT Martin,fcs,OVC,24,2110,Central Arkansas,fcs,UAC,36
401868071,2026,1,regular,2026-09-05T23:00:00.000Z,True,False,True,2110,Central Arkansas,fcs,UAC,14,110242,West Florida,fcs,UAC,42
401868072,2026,2,regular,2026-09-12T23:00:00.000Z,False,False,False,2110,Central Arkansas,fcs,UAC,,2122,Central Oklahoma,ii,Mid America,
401868073,2026,1,regular,2026-08-29T02:00:00.000Z,True,False,True,13,Cal Poly,fcs,Big Sky,38,70,Idaho,fcs,Big Sky,34
401868074,2026,1,regular,2026-09-06T00:00:00.000Z,True,False,False,13,Cal Poly,fcs,Big Sky,24,2120,Central Washington,ii,Lone Star,17
401868075,2026,3,regular,2026-09-20T00:00:00.000Z,False,False,False,13,Cal Poly,fcs,Big Sky,,301,San Diego,fcs,Pioneer,
401868076,2026,4,regular,2026-09-26T23:00:00.000Z,False,False,True,331,Eastern Washington,fcs,Big Sky,,13,Cal Poly,fcs,Big Sky,
401868077,2026,5,regular,2026-10-04T00:00:00.000Z,False,False,True,13,Cal Poly,fcs,Big Sky,,2692,Weber State,fcs,Big Sky,
401868078,2026,6,regular,2026-10-10T22:00:00.000Z,False,False,True,304,Idaho State,fcs,Big Sky,,13,Cal Poly,fcs,Big Sky,
401868079,2026,7,regular,2026-10-18T00:00:00.000Z,False,False,True,2458,Northern Colorado,fcs,Big Sky,,13,Cal Poly,fcs,Big Sky,
401868080,2026,8,regular,2026-10-24T21:00:00.000Z,False,False,True,13,Cal Poly,fcs,Big Sky,,3101,Utah Tech,fcs,Big Sky,
401868081,2026,9,regular,2026-10-31T19:00:00.000Z,False,False,True,147,Montana State,fcs,Big Sky,,13,Cal Poly,fcs,Big Sky,
401868082,2026,10,regular,2026-11-07T22:00:00.000Z,False,False,True,13,Cal Poly,fcs,Big Sky,,2464,Northern Arizona,fcs,Big Sky,
401868083,2026,12,regular,2026-11-21T21:00:00.000Z,False,False,True,302,UC Davis,fcs,Big Sky,,13,Cal Poly,fcs,Big Sky,
401868084,2026,1,regular,2026-08-29T21:00:00.000Z,True,False,True,2464,Northern Arizona,fcs,Big Sky,34,331,Eastern Washington,fcs,Big Sky,27
401868085,2026,1,regular,2026-09-05T23:00:00.000Z,True,False,False,331,Eastern Washington,fcs,Big Sky,34,2460,Northern Iowa,fcs,MVFC,24
401868086,2026,5,regular,2026-10-04T02:30:00.000Z,False,False,True,302,UC Davis,fcs,Big Sky,,331,Eastern Washington,fcs,Big Sky,
401868087,2026,6,regular,2026-10-10T23:00:00.000Z,False,False,True,331,Eastern Washington,fcs,Big Sky,,2458,Northern Colorado,fcs,Big Sky,
401868088,2026,7,regular,2026-10-17T23:00:00.000Z,False,False,True,331,Eastern Washington,fcs,Big Sky,,147,Montana State,fcs,Big Sky,
401868089,2026,9,regular,2026-10-31T20:00:00.000Z,False,False,True,331,Eastern Washington,fcs,Big Sky,,149,Montana,fcs,Big Sky,
401868090,2026,10,regular,2026-11-07T22:00:00.000Z,False,False,True,70,Idaho,fcs,Big Sky,,331,Eastern Washington,fcs,Big Sky,
401868091,2026,11,regular,2026-11-14T21:00:00.000Z,False,False,True,3101,Utah Tech,fcs,Big Sky,,331,Eastern Washington,fcs,Big Sky,
401868092,2026,12,regular,2026-11-21T21:00:00.000Z,False,False,True,331,Eastern Washington,fcs,Big Sky,,2502,Portland State,fcs,Big Sky,
401868093,2026,2,regular,2026-09-12T20:00:00.000Z,False,False,False,70,Idaho,fcs,Big Sky,,2320,Lamar,fcs,Southland,
401868094,2026,5,regular,2026-10-03T02:30:00.000Z,False,False,True,70,Idaho,fcs,Big Sky,,147,Montana State,fcs,Big Sky,
401868095,2026,6,regular,2026-10-10T19:00:00.000Z,False,False,True,2692,Weber State,fcs,Big Sky,,70,Idaho,fcs,Big Sky,
401868096,2026,7,regular,2026-10-17T19:00:00.000Z,False,False,True,149,Montana,fcs,Big Sky,,70,Idaho,fcs,Big Sky,
401868097,2026,8,regular,2026-10-24T21:00:00.000Z,False,False,True,70,Idaho,fcs,Big Sky,,253,Southern Utah,fcs,Big Sky,
401868098,2026,9,regular,2026-10-31T20:00:00.000Z,False,False,True,2502,Portland State,fcs,Big Sky,,70,Idaho,fcs,Big Sky,
401868099,2026,11,regular,2026-11-14T21:00:00.000Z,False,False,True,70,Idaho,fcs,Big Sky,,302,UC Davis,fcs,Big Sky,
401868100,2026,12,regular,2026-11-21T23:00:00.000Z,False,False,True,304,Idaho State,fcs,Big Sky,,70,Idaho,fcs,Big Sky,
401868101,2026,1,regular,2026-08-29T22:00:00.000Z,True,False,False,304,Idaho State,fcs,Big Sky,38,2678,VMI,fcs,Southern,10
401868102,2026,2,regular,2026-09-12T22:00:00.000Z,False,False,False,304,Idaho State,fcs,Big Sky,,301,San Diego,fcs,Pioneer,
401868103,2026,4,regular,2026-09-27T00:00:00.000Z,False,False,True,253,Southern Utah,fcs,Big Sky,,304,Idaho State,fcs,Big Sky,
401868104,2026,5,regular,2026-10-04T00:00:00.000Z,False,False,True,304,Idaho State,fcs,Big Sky,,2464,Northern Arizona,fcs,Big Sky,
401868105,2026,7,regular,2026-10-17T19:00:00.000Z,False,False,True,2692,Weber State,fcs,Big Sky,,304,Idaho State,fcs,Big Sky,
401868106,2026,8,regular,2026-10-24T22:00:00.000Z,False,False,True,304,Idaho State,fcs,Big Sky,,2502,Portland State,fcs,Big Sky,
401868107,2026,9,regular,2026-10-31T19:00:00.000Z,False,False,True,3101,Utah Tech,fcs,Big Sky,,304,Idaho State,fcs,Big Sky,
401868108,2026,10,regular,2026-11-07T23:00:00.000Z,False,False,True,304,Idaho State,fcs,Big Sky,,147,Montana State,fcs,Big Sky,
401868109,2026,11,regular,2026-11-15T03:30:00.000Z,False,False,True,149,Montana,fcs,Big Sky,,304,Idaho State,fcs,Big Sky,
401868110,2026,1,regular,2026-08-30T01:00:00.000Z,True,False,True,149,Montana,fcs,Big Sky,28,253,Southern Utah,fcs,Big Sky,21
401868111,2026,1,regular,2026-09-05T19:00:00.000Z,True,False,False,149,Montana,fcs,Big Sky,45,2181,Drake,fcs,Pioneer,10
401868112,2026,2,regular,2026-09-12T19:00:00.000Z,False,False,True,149,Montana,fcs,Big Sky,,3101,Utah Tech,fcs,Big Sky,
401868113,2026,4,regular,2026-09-27T02:00:00.000Z,False,False,True,302,UC Davis,fcs,Big Sky,,149,Montana,fcs,Big Sky,
401868114,2026,5,regular,2026-10-03T20:00:00.000Z,False,False,True,149,Montana,fcs,Big Sky,,2458,Northern Colorado,fcs,Big Sky,
401868115,2026,6,regular,2026-10-10T21:00:00.000Z,False,False,True,2464,Northern Arizona,fcs,Big Sky,,149,Montana,fcs,Big Sky,
401868116,2026,10,regular,2026-11-07T20:00:00.000Z,False,False,True,149,Montana,fcs,Big Sky,,2502,Portland State,fcs,Big Sky,
401868117,2026,12,regular,2026-11-21T19:00:00.000Z,False,False,True,147,Montana State,fcs,Big Sky,,149,Montana,fcs,Big Sky,
401868118,2026,1,regular,2026-08-30T02:00:00.000Z,True,False,True,3101,Utah Tech,fcs,Big Sky,0,147,Montana State,fcs,Big Sky,54
401868119,2026,1,regular,2026-09-06T00:30:00.000Z,True,False,False,147,Montana State,fcs,Big Sky,51,2086,Butler,fcs,Pioneer,24
401868120,2026,4,regular,2026-09-27T02:30:00.000Z,False,False,True,147,Montana State,fcs,Big Sky,,2464,Northern Arizona,fcs,Big Sky,
401868121,2026,8,regular,2026-10-24T19:00:00.000Z,False,False,True,147,Montana State,fcs,Big Sky,,2692,Weber State,fcs,Big Sky,
401868122,2026,11,regular,2026-11-14T19:00:00.000Z,False,False,True,2458,Northern Colorado,fcs,Big Sky,,147,Montana State,fcs,Big Sky,
401868123,2026,2,regular,2026-09-12T21:00:00.000Z,False,False,False,2464,Northern Arizona,fcs,Big Sky,,2916,Incarnate Word,fcs,Southland,
401868124,2026,3,regular,2026-09-20T00:00:00.000Z,False,False,True,3101,Utah Tech,fcs,Big Sky,,2464,Northern Arizona,fcs,Big Sky,
401868125,2026,7,regular,2026-10-17T23:00:00.000Z,False,False,True,2464,Northern Arizona,fcs,Big Sky,,2502,Portland State,fcs,Big Sky,
401868126,2026,9,regular,2026-10-31T19:00:00.000Z,False,False,True,253,Southern Utah,fcs,Big Sky,,2464,Northern Arizona,fcs,Big Sky,
401868127,2026,11,regular,2026-11-14T21:00:00.000Z,False,False,True,2464,Northern Arizona,fcs,Big Sky,,2692,Weber State,fcs,Big Sky,
401868128,2026,12,regular,2026-11-21T21:00:00.000Z,False,False,True,2464,Northern Arizona,fcs,Big Sky,,2458,Northern Colorado,fcs,Big Sky,
401868129,2026,1,regular,2026-08-29T01:00:00.000Z,True,False,True,2458,Northern Colorado,fcs,Big Sky,29,2692,Weber State,fcs,Big Sky,30
401868130,2026,3,regular,2026-09-20T00:00:00.000Z,False,False,False,2458,Northern Colorado,fcs,Big Sky,,196,Northeastern State,ii,Independent DII,
401868131,2026,4,regular,2026-09-27T00:00:00.000Z,False,False,True,2458,Northern Colorado,fcs,Big Sky,,3101,Utah Tech,fcs,Big Sky,
401868132,2026,8,regular,2026-10-24T23:00:00.000Z,False,False,True,302,UC Davis,fcs,Big Sky,,2458,Northern Colorado,fcs,Big Sky,
401868133,2026,3,regular,2026-09-19T23:00:00.000Z,False,False,False,2546,Southeast Missouri State,fcs,OVC,,2110,Central Arkansas,fcs,UAC,
401868134,2026,7,regular,2026-10-17T23:00:00.000Z,False,False,True,2627,Tarleton State,fcs,UAC,,2110,Central Arkansas,fcs,UAC,
401868135,2026,8,regular,2026-10-24T21:00:00.000Z,False,False,False,2110,Central Arkansas,fcs,UAC,,292,UT Rio Grande Valley,fcs,Southland,
401868136,2026,9,regular,2026-10-31T21:00:00.000Z,False,False,True,2110,Central Arkansas,fcs,UAC,,2453,North Alabama,fcs,UAC,
401868137,2026,10,regular,2026-11-07T22:00:00.000Z,False,False,True,2110,Central Arkansas,fcs,UAC,,2698,West Georgia,fcs,UAC,
401868138,2026,11,regular,2026-11-14T19:00:00.000Z,False,False,True,2198,Eastern Kentucky,fcs,UAC,,2110,Central Arkansas,fcs,UAC,
401868139,2026,1,regular,2026-08-29T23:00:00.000Z,True,False,False,2717,Western Carolina,fcs,Southern,45,2198,Eastern Kentucky,fcs,UAC,21
401868140,2026,1,regular,2026-09-05T23:00:00.000Z,True,False,False,55,Jacksonville State,fbs,Conference USA,49,2198,Eastern Kentucky,fcs,UAC,7
401868141,2026,2,regular,2026-09-12T22:00:00.000Z,False,False,False,2198,Eastern Kentucky,fcs,UAC,,236,Chattanooga,fcs,Southern,
401868142,2026,3,regular,2026-09-19T22:00:00.000Z,False,False,False,2198,Eastern Kentucky,fcs,UAC,,2168,Dayton,fcs,Pioneer,
401868143,2026,5,regular,2026-10-03T22:00:00.000Z,False,False,True,2198,Eastern Kentucky,fcs,UAC,,2453,North Alabama,fcs,UAC,
401868144,2026,6,regular,2026-10-10T22:00:00.000Z,False,False,True,2198,Eastern Kentucky,fcs,UAC,,2698,West Georgia,fcs,UAC,
401868145,2026,7,regular,2026-10-17T18:30:00.000Z,False,False,False,2635,Tennessee Tech,fcs,Southern,,2198,Eastern Kentucky,fcs,UAC,
401868146,2026,8,regular,2026-10-24T19:00:00.000Z,False,False,True,2198,Eastern Kentucky,fcs,UAC,,110242,West Florida,fcs,UAC,
401868147,2026,9,regular,2026-10-31T23:00:00.000Z,False,False,True,2627,Tarleton State,fcs,UAC,,2198,Eastern Kentucky,fcs,UAC,
401868149,2026,1,regular,2026-08-29T23:00:00.000Z,True,True,False,2453,North Alabama,fcs,UAC,22,2535,Samford,fcs,Southern,10
401868150,2026,2,regular,2026-09-12T23:00:00.000Z,False,False,False,2545,SE Louisiana,fcs,Southland,,2453,North Alabama,fcs,UAC,
401868151,2026,3,regular,2026-09-19T23:00:00.000Z,False,False,False,2453,North Alabama,fcs,UAC,,2016,Alcorn State,fcs,SWAC,
401868152,2026,10,regular,2026-11-08T00:00:00.000Z,False,False,True,2453,North Alabama,fcs,UAC,,110242,West Florida,fcs,UAC,
401868153,2026,10,regular,2026-11-07T20:00:00.000Z,False,False,True,253,Southern Utah,fcs,Big Sky,,2458,Northern Colorado,fcs,Big Sky,
401868154,2026,1,regular,2026-08-29T19:00:00.000Z,True,False,True,2502,Portland State,fcs,Big Sky,24,302,UC Davis,fcs,Big Sky,31
401868155,2026,4,regular,2026-09-27T00:00:00.000Z,False,False,True,2692,Weber State,fcs,Big Sky,,2502,Portland State,fcs,Big Sky,
401868156,2026,6,regular,2026-10-10T20:00:00.000Z,False,False,True,2502,Portland State,fcs,Big Sky,,3101,Utah Tech,fcs,Big Sky,
401868157,2026,11,regular,2026-11-14T03:00:00.000Z,False,False,True,2502,Portland State,fcs,Big Sky,,253,Southern Utah,fcs,Big Sky,
401868158,2026,1,regular,2026-09-06T00:00:00.000Z,True,False,True,253,Southern Utah,fcs,Big Sky,47,2692,Weber State,fcs,Big Sky,42
401868159,2026,3,regular,2026-09-19T18:00:00.000Z,False,False,False,2900,St. Thomas (MN),fcs,Pioneer,,253,Southern Utah,fcs,Big Sky,
401868160,2026,5,regular,2026-10-04T00:00:00.000Z,False,False,True,3101,Utah Tech,fcs,Big Sky,,253,Southern Utah,fcs,Big Sky,
401868161,2026,7,regular,2026-10-18T00:00:00.000Z,False,False,True,253,Southern Utah,fcs,Big Sky,,302,UC Davis,fcs,Big Sky,
401868163,2026,1,regular,2026-09-06T02:00:00.000Z,True,False,False,301,San Diego,fcs,Pioneer,17,302,UC Davis,fcs,Big Sky,49
401868164,2026,3,regular,2026-09-20T02:00:00.000Z,False,False,False,302,UC Davis,fcs,Big Sky,,56,Stetson,fcs,Pioneer,
401868165,2026,9,regular,2026-10-31T19:00:00.000Z,False,False,True,2692,Weber State,fcs,Big Sky,,302,UC Davis,fcs,Big Sky,
401868166,2026,10,regular,2026-11-08T00:00:00.000Z,False,False,True,302,UC Davis,fcs,Big Sky,,3101,Utah Tech,fcs,Big Sky,
401868167,2026,12,regular,2026-11-21T20:00:00.000Z,False,False,True,2692,Weber State,fcs,Big Sky,,3101,Utah Tech,fcs,Big Sky,
401868168,2026,3,regular,2026-09-20T00:00:00.000Z,False,False,False,2692,Weber State,fcs,Big Sky,,2466,Northwestern State,fcs,Southland,
401868169,2026,1,regular,2026-08-27T23:00:00.000Z,True,False,True,2815,Lindenwood,fcs,OVC,20,2127,Charleston Southern,fcs,OVC,17
401868170,2026,1,regular,2026-09-05T23:00:00.000Z,True,False,False,290,Georgia Southern,fbs,Sun Belt,31,2127,Charleston Southern,fcs,OVC,0
401868171,2026,2,regular,2026-09-12T22:00:00.000Z,False,False,False,2643,The Citadel,fcs,Southern,,2127,Charleston Southern,fcs,OVC,
401868172,2026,3,regular,2026-09-19T22:00:00.000Z,False,False,False,2127,Charleston Southern,fcs,OVC,,3179,Point University,,,
401868173,2026,5,regular,2026-10-03T22:00:00.000Z,False,False,True,2127,Charleston Southern,fcs,OVC,,2241,Gardner-Webb,fcs,OVC,
401868174,2026,8,regular,2026-10-24T19:30:00.000Z,False,False,True,2634,Tennessee State,fcs,OVC,,2127,Charleston Southern,fcs,OVC,
401868175,2026,9,regular,2026-10-31T18:00:00.000Z,False,False,True,2127,Charleston Southern,fcs,OVC,,2710,Western Illinois,fcs,OVC,
401868176,2026,10,regular,2026-11-07T19:00:00.000Z,False,False,True,2127,Charleston Southern,fcs,OVC,,2630,UT Martin,fcs,OVC,
401868177,2026,11,regular,2026-11-14T19:00:00.000Z,False,False,True,2127,Charleston Southern,fcs,OVC,,2546,Southeast Missouri State,fcs,OVC,
401868178,2026,12,regular,2026-11-21T18:00:00.000Z,False,False,True,2197,Eastern Illinois,fcs,OVC,,2127,Charleston Southern,fcs,OVC,
401868179,2026,4,regular,2026-09-26T23:00:00.000Z,False,False,False,2571,South Dakota State,fcs,MVFC,,2197,Eastern Illinois,fcs,OVC,
401868180,2026,6,regular,2026-10-10T19:30:00.000Z,False,False,True,2241,Gardner-Webb,fcs,OVC,,2197,Eastern Illinois,fcs,OVC,
401868181,2026,7,regular,2026-10-17T19:00:00.000Z,False,False,True,2197,Eastern Illinois,fcs,OVC,,2815,Lindenwood,fcs,OVC,
401868182,2026,8,regular,2026-10-24T19:00:00.000Z,False,False,True,2197,Eastern Illinois,fcs,OVC,,2546,Southeast Missouri State,fcs,OVC,
401868183,2026,9,regular,2026-10-31T19:00:00.000Z,False,False,True,2630,UT Martin,fcs,OVC,,2197,Eastern Illinois,fcs,OVC,
401868184,2026,10,regular,2026-11-07T20:00:00.000Z,False,False,True,2197,Eastern Illinois,fcs,OVC,,2710,Western Illinois,fcs,OVC,
401868185,2026,11,regular,2026-11-14T20:30:00.000Z,False,False,True,2634,Tennessee State,fcs,OVC,,2197,Eastern Illinois,fcs,OVC,
401868186,2026,1,regular,2026-09-05T17:30:00.000Z,True,False,False,2747,Wofford,fcs,Southern,17,2241,Gardner-Webb,fcs,OVC,13
401868187,2026,2,regular,2026-09-12T22:00:00.000Z,False,False,False,2335,Liberty,fbs,Conference USA,,2241,Gardner-Webb,fcs,OVC,
401868188,2026,4,regular,2026-09-26T19:30:00.000Z,False,False,False,276,Marshall,fbs,Sun Belt,,2241,Gardner-Webb,fcs,OVC,
401868189,2026,7,regular,2026-10-17T19:00:00.000Z,False,False,True,2630,UT Martin,fcs,OVC,,2241,Gardner-Webb,fcs,OVC,
401868190,2026,9,regular,2026-10-31T18:00:00.000Z,False,False,True,2546,Southeast Missouri State,fcs,OVC,,2241,Gardner-Webb,fcs,OVC,
401868191,2026,10,regular,2026-11-07T18:30:00.000Z,False,False,True,2241,Gardner-Webb,fcs,OVC,,2815,Lindenwood,fcs,OVC,
401868192,2026,11,regular,2026-11-14T19:00:00.000Z,False,False,True,2710,Western Illinois,fcs,OVC,,2241,Gardner-Webb,fcs,OVC,
401868193,2026,12,regular,2026-11-21T18:30:00.000Z,False,False,True,2241,Gardner-Webb,fcs,OVC,,2634,Tennessee State,fcs,OVC,
401868194,2026,1,regular,2026-08-30T00:30:00.000Z,True,False,False,2634,Tennessee State,fcs,OVC,24,2296,Jackson State,fcs,SWAC,26
401868195,2026,2,regular,2026-09-12T23:00:00.000Z,False,False,False,2010,Alabama A&M,fcs,SWAC,,2634,Tennessee State,fcs,OVC,
401868196,2026,3,regular,2026-09-19T23:00:00.000Z,False,False,False,50,Florida A&M,fcs,SWAC,,2634,Tennessee State,fcs,OVC,
401868197,2026,5,regular,2026-10-03T20:00:00.000Z,False,False,True,2710,Western Illinois,fcs,OVC,,2634,Tennessee State,fcs,OVC,
401868198,2026,6,regular,2026-10-10T19:30:00.000Z,False,False,True,2634,Tennessee State,fcs,OVC,,2630,UT Martin,fcs,OVC,
401868199,2026,9,regular,2026-10-31T18:00:00.000Z,False,False,True,2815,Lindenwood,fcs,OVC,,2634,Tennessee State,fcs,OVC,
401868200,2026,10,regular,2026-11-07T20:30:00.000Z,False,False,True,2634,Tennessee State,fcs,OVC,,2546,Southeast Missouri State,fcs,OVC,
401868201,2026,8,regular,2026-10-24T20:00:00.000Z,False,False,True,2710,Western Illinois,fcs,OVC,,2630,UT Martin,fcs,OVC,
401868202,2026,11,regular,2026-11-14T20:00:00.000Z,False,False,True,2630,UT Martin,fcs,OVC,,2815,Lindenwood,fcs,OVC,
401868203,2026,12,regular,2026-11-21T19:00:00.000Z,False,False,True,2546,Southeast Missouri State,fcs,OVC,,2630,UT Martin,fcs,OVC,
401868204,2026,1,regular,2026-08-27T23:00:00.000Z,True,False,False,2710,Western Illinois,fcs,OVC,65,2471,Northwestern (IA),,,14
401868205,2026,3,regular,2026-09-19T23:00:00.000Z,False,False,False,2710,Western Illinois,fcs,OVC,,2413,Morehead State,fcs,Pioneer,
401868206,2026,4,regular,2026-09-26T20:00:00.000Z,False,False,False,2453,North Alabama,fcs,UAC,,2710,Western Illinois,fcs,OVC,
401868207,2026,7,regular,2026-10-17T19:00:00.000Z,False,False,True,2546,Southeast Missouri State,fcs,OVC,,2710,Western Illinois,fcs,OVC,
401868208,2026,12,regular,2026-11-21T20:00:00.000Z,False,False,True,2815,Lindenwood,fcs,OVC,,2710,Western Illinois,fcs,OVC,
401868209,2026,1,regular,2026-08-29T17:00:00.000Z,True,False,False,2086,Butler,fcs,Pioneer,27,2245,Georgetown College Kentucky,,,23
401868210,2026,2,regular,2026-09-12T22:00:00.000Z,False,False,False,2086,Butler,fcs,Pioneer,,2233,Franklin,iii,Heartland,
401868211,2026,4,regular,2026-09-26T18:00:00.000Z,False,False,True,2674,Valparaiso,fcs,Pioneer,,2086,Butler,fcs,Pioneer,
401868212,2026,6,regular,2026-10-10T17:00:00.000Z,False,False,True,2086,Butler,fcs,Pioneer,,301,San Diego,fcs,Pioneer,
401868213,2026,7,regular,2026-10-17T17:00:00.000Z,False,False,True,2086,Butler,fcs,Pioneer,,2168,Dayton,fcs,Pioneer,
401868214,2026,8,regular,2026-10-24T17:00:00.000Z,False,False,True,2181,Drake,fcs,Pioneer,,2086,Butler,fcs,Pioneer,
401868215,2026,9,regular,2026-10-31T17:00:00.000Z,False,False,True,2506,Presbyterian,fcs,Pioneer,,2086,Butler,fcs,Pioneer,
401868216,2026,10,regular,2026-11-07T18:00:00.000Z,False,False,True,2086,Butler,fcs,Pioneer,,2900,St. Thomas (MN),fcs,Pioneer,
401868217,2026,11,regular,2026-11-14T17:00:00.000Z,False,False,True,2368,Marist,fcs,Pioneer,,2086,Butler,fcs,Pioneer,
401868218,2026,12,regular,2026-11-21T18:00:00.000Z,False,False,True,2086,Butler,fcs,Pioneer,,2413,Morehead State,fcs,Pioneer,
401868219,2026,4,regular,2026-09-26T17:00:00.000Z,False,False,True,2166,Davidson,fcs,Pioneer,,2181,Drake,fcs,Pioneer,
401868220,2026,5,regular,2026-10-03T20:00:00.000Z,False,False,True,301,San Diego,fcs,Pioneer,,2166,Davidson,fcs,Pioneer,
401868221,2026,6,regular,2026-10-10T21:30:00.000Z,False,False,True,2506,Presbyterian,fcs,Pioneer,,2166,Davidson,fcs,Pioneer,
401868222,2026,7,regular,2026-10-17T17:00:00.000Z,False,False,True,2166,Davidson,fcs,Pioneer,,2413,Morehead State,fcs,Pioneer,
401868223,2026,9,regular,2026-10-31T18:00:00.000Z,False,False,True,2900,St. Thomas (MN),fcs,Pioneer,,2166,Davidson,fcs,Pioneer,
401868224,2026,10,regular,2026-11-07T18:00:00.000Z,False,False,True,2166,Davidson,fcs,Pioneer,,56,Stetson,fcs,Pioneer,
401868225,2026,11,regular,2026-11-14T17:00:00.000Z,False,False,True,2168,Dayton,fcs,Pioneer,,2166,Davidson,fcs,Pioneer,
401868226,2026,12,regular,2026-11-21T18:00:00.000Z,False,False,True,2166,Davidson,fcs,Pioneer,,2368,Marist,fcs,Pioneer,
401868227,2026,2,regular,2026-09-12T16:00:00.000Z,False,False,False,2168,Dayton,fcs,Pioneer,,2646,Thomas More,ii,Great Midwest Athletic,
401868228,2026,5,regular,2026-10-03T17:00:00.000Z,False,False,True,2181,Drake,fcs,Pioneer,,2168,Dayton,fcs,Pioneer,
401868229,2026,6,regular,2026-10-10T16:00:00.000Z,False,False,True,2168,Dayton,fcs,Pioneer,,2413,Morehead State,fcs,Pioneer,
401868230,2026,8,regular,2026-10-24T16:00:00.000Z,False,False,True,2168,Dayton,fcs,Pioneer,,301,San Diego,fcs,Pioneer,
401868231,2026,9,regular,2026-10-31T17:00:00.000Z,False,False,True,56,Stetson,fcs,Pioneer,,2168,Dayton,fcs,Pioneer,
401868232,2026,10,regular,2026-11-07T17:00:00.000Z,False,False,True,2168,Dayton,fcs,Pioneer,,2674,Valparaiso,fcs,Pioneer,
401868233,2026,11,regular,2026-11-14T19:00:00.000Z,False,False,True,2698,West Georgia,fcs,UAC,,2453,North Alabama,fcs,UAC,
401868234,2026,12,regular,2026-11-21T21:00:00.000Z,False,False,True,2453,North Alabama,fcs,UAC,,2627,Tarleton State,fcs,UAC,
401868235,2026,1,regular,2026-08-30T01:00:00.000Z,True,False,False,2627,Tarleton State,fcs,UAC,49,2504,Prairie View A&M,fcs,SWAC,30
401868236,2026,2,regular,2026-09-12T23:00:00.000Z,False,False,False,2377,McNeese,fcs,Southland,,2627,Tarleton State,fcs,UAC,
401868237,2026,3,regular,2026-09-19T23:00:00.000Z,False,False,False,2627,Tarleton State,fcs,UAC,,2771,Merrimack,fcs,FCS Independents,
401868238,2026,8,regular,2026-10-24T18:00:00.000Z,False,False,True,2698,West Georgia,fcs,UAC,,2627,Tarleton State,fcs,UAC,
401868239,2026,11,regular,2026-11-14T20:00:00.000Z,False,False,True,110242,West Florida,fcs,UAC,,2627,Tarleton State,fcs,UAC,
401868240,2026,1,regular,2026-08-27T23:00:00.000Z,True,False,False,2698,West Georgia,fcs,UAC,10,236,Chattanooga,fcs,Southern,24
401868241,2026,2,regular,2026-09-12T23:00:00.000Z,False,False,False,2032,Arkansas State,fbs,Sun Belt,,2698,West Georgia,fcs,UAC,
401868242,2026,3,regular,2026-09-19T16:00:00.000Z,False,False,False,2193,East Tennessee State,fcs,Southern,,2698,West Georgia,fcs,UAC,
401868243,2026,4,regular,2026-09-26T22:00:00.000Z,False,False,False,2698,West Georgia,fcs,UAC,,2232,Fort Valley State,ii,SIAC,
401868244,2026,12,regular,2026-11-21T19:00:00.000Z,False,False,True,2698,West Georgia,fcs,UAC,,110242,West Florida,fcs,UAC,
401868245,2026,1,regular,2026-08-30T00:00:00.000Z,True,False,False,292,UT Rio Grande Valley,fcs,Southland,44,110243,UT Permian Basin,ii,Lone Star,0
401868246,2026,2,regular,2026-09-12T23:00:00.000Z,False,False,True,2447,Nicholls,fcs,Southland,,292,UT Rio Grande Valley,fcs,Southland,
401868247,2026,3,regular,2026-09-20T00:00:00.000Z,False,False,True,292,UT Rio Grande Valley,fcs,Southland,,2377,McNeese,fcs,Southland,
401868248,2026,5,regular,2026-10-03T23:00:00.000Z,False,False,True,2837,East Texas A&M,fcs,Southland,,292,UT Rio Grande Valley,fcs,Southland,
401868249,2026,6,regular,2026-10-11T00:00:00.000Z,False,False,True,292,UT Rio Grande Valley,fcs,Southland,,2545,SE Louisiana,fcs,Southland,
401868250,2026,7,regular,2026-10-17T23:00:00.000Z,False,False,True,2916,Incarnate Word,fcs,Southland,,292,UT Rio Grande Valley,fcs,Southland,
401868251,2026,9,regular,2026-11-01T00:00:00.000Z,False,False,True,292,UT Rio Grande Valley,fcs,Southland,,2320,Lamar,fcs,Southland,
401868252,2026,10,regular,2026-11-07T19:00:00.000Z,False,False,True,2466,Northwestern State,fcs,Southland,,292,UT Rio Grande Valley,fcs,Southland,
401868253,2026,12,regular,2026-11-21T18:00:00.000Z,False,False,True,2506,Presbyterian,fcs,Pioneer,,2168,Dayton,fcs,Pioneer,
401868254,2026,1,regular,2026-08-27T23:30:00.000Z,True,False,False,2181,Drake,fcs,Pioneer,35,613,South Dakota Mines,ii,Rocky Mountain,38
401868255,2026,2,regular,2026-09-12T18:00:00.000Z,False,False,False,2460,Northern Iowa,fcs,MVFC,,2181,Drake,fcs,Pioneer,
401868256,2026,6,regular,2026-10-10T18:00:00.000Z,False,False,True,2674,Valparaiso,fcs,Pioneer,,2181,Drake,fcs,Pioneer,
401868257,2026,7,regular,2026-10-17T17:00:00.000Z,False,False,True,2181,Drake,fcs,Pioneer,,2368,Marist,fcs,Pioneer,
401868258,2026,9,regular,2026-10-31T17:00:00.000Z,False,False,True,2413,Morehead State,fcs,Pioneer,,2181,Drake,fcs,Pioneer,
401868259,2026,10,regular,2026-11-07T18:00:00.000Z,False,False,True,2181,Drake,fcs,Pioneer,,301,San Diego,fcs,Pioneer,
401868260,2026,11,regular,2026-11-14T19:00:00.000Z,False,False,True,2900,St. Thomas (MN),fcs,Pioneer,,2181,Drake,fcs,Pioneer,
401868261,2026,1,regular,2026-08-28T22:00:00.000Z,True,False,False,2441,New Haven,fcs,NEC,22,2368,Marist,fcs,Pioneer,21
401868262,2026,1,regular,2026-09-04T23:00:00.000Z,True,False,False,2368,Marist,fcs,Pioneer,27,112334,Franklin Pierce,ii,Northeast 10,18
401868263,2026,4,regular,2026-09-26T16:00:00.000Z,False,False,True,2368,Marist,fcs,Pioneer,,2506,Presbyterian,fcs,Pioneer,
401868264,2026,5,regular,2026-10-03T17:00:00.000Z,False,False,True,56,Stetson,fcs,Pioneer,,2368,Marist,fcs,Pioneer,
401868265,2026,6,regular,2026-10-09T23:00:00.000Z,False,False,False,2368,Marist,fcs,Pioneer,,171,Columbia,fcs,Ivy,
401868266,2026,8,regular,2026-10-24T16:00:00.000Z,False,False,True,2368,Marist,fcs,Pioneer,,2900,St. Thomas (MN),fcs,Pioneer,
401868267,2026,9,regular,2026-10-31T20:00:00.000Z,False,False,True,301,San Diego,fcs,Pioneer,,2368,Marist,fcs,Pioneer,
401868268,2026,10,regular,2026-11-07T17:00:00.000Z,False,False,True,2368,Marist,fcs,Pioneer,,2413,Morehead State,fcs,Pioneer,
401868269,2026,1,regular,2026-09-03T22:00:00.000Z,True,False,False,2413,Morehead State,fcs,Pioneer,75,3077,Kentucky Christian,,,24
401868270,2026,5,regular,2026-10-03T17:00:00.000Z,False,False,True,2413,Morehead State,fcs,Pioneer,,2674,Valparaiso,fcs,Pioneer,
401868271,2026,8,regular,2026-10-24T18:00:00.000Z,False,False,True,2413,Morehead State,fcs,Pioneer,,56,Stetson,fcs,Pioneer,
401868272,2026,11,regular,2026-11-14T17:00:00.000Z,False,False,True,2413,Morehead State,fcs,Pioneer,,2506,Presbyterian,fcs,Pioneer,
401868273,2026,1,regular,2026-08-27T23:00:00.000Z,True,False,False,2506,Presbyterian,fcs,Pioneer,47,2842,UVA Wise,ii,South Atlantic,37
401868274,2026,1,regular,2026-09-05T22:00:00.000Z,True,False,False,2382,Mercer,fcs,Southern,62,2506,Presbyterian,fcs,Pioneer,3
401868275,2026,3,regular,2026-09-19T18:30:00.000Z,False,False,False,2717,Western Carolina,fcs,Southern,,2506,Presbyterian,fcs,Pioneer,
401868276,2026,5,regular,2026-10-03T17:00:00.000Z,False,False,True,2506,Presbyterian,fcs,Pioneer,,2900,St. Thomas (MN),fcs,Pioneer,
401868277,2026,7,regular,2026-10-17T18:00:00.000Z,False,False,True,56,Stetson,fcs,Pioneer,,2506,Presbyterian,fcs,Pioneer,
401868278,2026,8,regular,2026-10-24T17:00:00.000Z,False,False,True,2674,Valparaiso,fcs,Pioneer,,2506,Presbyterian,fcs,Pioneer,
401868279,2026,1,regular,2026-08-27T23:00:00.000Z,True,False,False,2900,St. Thomas (MN),fcs,Pioneer,15,2851,Winona State,ii,Northern Sun,9
401868280,2026,2,regular,2026-09-12T18:00:00.000Z,False,False,False,2900,St. Thomas (MN),fcs,Pioneer,,128,Northern Michigan,ii,GLIAC,
401868281,2026,4,regular,2026-09-26T18:00:00.000Z,False,False,True,2900,St. Thomas (MN),fcs,Pioneer,,301,San Diego,fcs,Pioneer,
401868282,2026,6,regular,2026-10-10T18:00:00.000Z,False,False,True,2900,St. Thomas (MN),fcs,Pioneer,,56,Stetson,fcs,Pioneer,
401868283,2026,12,regular,2026-11-21T19:00:00.000Z,False,False,True,2674,Valparaiso,fcs,Pioneer,,2900,St. Thomas (MN),fcs,Pioneer,
401868284,2026,1,regular,2026-09-05T15:00:00.000Z,True,False,False,56,Stetson,fcs,Pioneer,45,2691,Webber International,,,10
401868285,2026,2,regular,2026-09-12T20:00:00.000Z,False,False,False,2065,Bethune-Cookman,fcs,SWAC,,56,Stetson,fcs,Pioneer,
401868286,2026,11,regular,2026-11-14T18:00:00.000Z,False,False,True,56,Stetson,fcs,Pioneer,,2674,Valparaiso,fcs,Pioneer,
401868287,2026,12,regular,2026-11-22T01:00:00.000Z,False,False,True,301,San Diego,fcs,Pioneer,,56,Stetson,fcs,Pioneer,
401868288,2026,1,regular,2026-08-29T18:00:00.000Z,True,False,False,2674,Valparaiso,fcs,Pioneer,59,102071,Lawrence Tech,,,13
401868289,2026,7,regular,2026-10-17T20:00:00.000Z,False,False,True,301,San Diego,fcs,Pioneer,,2674,Valparaiso,fcs,Pioneer,
401868293,2026,11,regular,2026-11-14T23:00:00.000Z,False,False,True,292,UT Rio Grande Valley,fcs,Southland,,2617,Stephen F. Austin,fcs,Southland,
401868294,2026,12,regular,2026-11-21T22:00:00.000Z,False,False,True,2277,Houston Christian,fcs,Southland,,292,UT Rio Grande Valley,fcs,Southland,
401868295,2026,5,regular,2026-10-03T21:00:00.000Z,False,True,True,2296,Jackson State,fcs,SWAC,,2010,Alabama A&M,fcs,SWAC,
401868296,2026,9,regular,2026-10-31T19:30:00.000Z,False,True,True,2010,Alabama A&M,fcs,SWAC,,2011,Alabama State,fcs,SWAC,
401868297,2026,1,regular,2026-09-05T23:00:00.000Z,True,False,False,2010,Alabama A&M,fcs,SWAC,38,2396,Miles,ii,SIAC,23
401868298,2026,3,regular,2026-09-19T23:00:00.000Z,False,False,False,2010,Alabama A&M,fcs,SWAC,,2075,Bowie State,ii,CIAA,
401868299,2026,4,regular,2026-09-26T23:00:00.000Z,False,False,True,50,Florida A&M,fcs,SWAC,,2010,Alabama A&M,fcs,SWAC,
401868300,2026,6,regular,2026-10-10T23:00:00.000Z,False,False,True,2010,Alabama A&M,fcs,SWAC,,2065,Bethune-Cookman,fcs,SWAC,
401868301,2026,7,regular,2026-10-17T19:00:00.000Z,False,False,True,2010,Alabama A&M,fcs,SWAC,,2755,Grambling,fcs,SWAC,
401868302,2026,10,regular,2026-11-07T20:00:00.000Z,False,False,True,2504,Prairie View A&M,fcs,SWAC,,2010,Alabama A&M,fcs,SWAC,
401868303,2026,11,regular,2026-11-14T20:00:00.000Z,False,False,True,2010,Alabama A&M,fcs,SWAC,,2640,Texas Southern,fcs,SWAC,
401868304,2026,12,regular,2026-11-21T20:00:00.000Z,False,False,True,2400,Mississippi Valley State,fcs,SWAC,,2010,Alabama A&M,fcs,SWAC,
401868305,2026,1,regular,2026-08-29T23:00:00.000Z,True,False,True,2377,McNeese,fcs,Southland,27,2617,Stephen F. Austin,fcs,Southland,38
401868306,2026,1,regular,2026-09-06T00:00:00.000Z,True,False,True,2617,Stephen F. Austin,fcs,Southland,44,2837,East Texas A&M,fcs,Southland,7
401868307,2026,3,regular,2026-09-20T00:00:00.000Z,False,False,False,2504,Prairie View A&M,fcs,SWAC,,2617,Stephen F. Austin,fcs,Southland,
401868308,2026,4,regular,2026-09-26T22:00:00.000Z,False,False,False,2617,Stephen F. Austin,fcs,Southland,,196,Northeastern State,ii,Independent DII,
401868309,2026,5,regular,2026-10-03T22:00:00.000Z,False,False,True,2617,Stephen F. Austin,fcs,Southland,,2916,Incarnate Word,fcs,Southland,
401868310,2026,7,regular,2026-10-17T20:00:00.000Z,False,False,True,2447,Nicholls,fcs,Southland,,2617,Stephen F. Austin,fcs,Southland,
401868311,2026,8,regular,2026-10-24T22:00:00.000Z,False,False,True,2617,Stephen F. Austin,fcs,Southland,,2545,SE Louisiana,fcs,Southland,
401868312,2026,9,regular,2026-10-31T19:00:00.000Z,False,False,True,2617,Stephen F. Austin,fcs,Southland,,2277,Houston Christian,fcs,Southland,
401868313,2026,10,regular,2026-11-07T21:00:00.000Z,False,False,True,2320,Lamar,fcs,Southland,,2617,Stephen F. Austin,fcs,Southland,
401868314,2026,12,regular,2026-11-20T00:00:00.000Z,False,False,True,2617,Stephen F. Austin,fcs,Southland,,2466,Northwestern State,fcs,Southland,
401868315,2026,1,regular,2026-08-27T23:00:00.000Z,True,False,True,2545,SE Louisiana,fcs,Southland,28,2277,Houston Christian,fcs,Southland,34
401868316,2026,1,regular,2026-09-05T23:00:00.000Z,True,False,False,6,South Alabama,fbs,Sun Belt,39,2545,SE Louisiana,fcs,Southland,14
401868317,2026,3,regular,2026-09-19T20:30:00.000Z,False,False,False,2433,UL Monroe,fbs,Sun Belt,,2545,SE Louisiana,fcs,Southland,
401868318,2026,4,regular,2026-09-26T23:00:00.000Z,False,False,True,2466,Northwestern State,fcs,Southland,,2545,SE Louisiana,fcs,Southland,
401868319,2026,7,regular,2026-10-17T23:00:00.000Z,False,False,True,2545,SE Louisiana,fcs,Southland,,2320,Lamar,fcs,Southland,
401868320,2026,9,regular,2026-10-31T20:00:00.000Z,False,False,True,2837,East Texas A&M,fcs,Southland,,2545,SE Louisiana,fcs,Southland,
401868321,2026,10,regular,2026-11-08T00:00:00.000Z,False,False,True,2545,SE Louisiana,fcs,Southland,,2916,Incarnate Word,fcs,Southland,
401868322,2026,11,regular,2026-11-15T00:00:00.000Z,False,False,True,2545,SE Louisiana,fcs,Southland,,2377,McNeese,fcs,Southland,
401868323,2026,12,regular,2026-11-20T00:00:00.000Z,False,False,True,2447,Nicholls,fcs,Southland,,2545,SE Louisiana,fcs,Southland,
401868324,2026,1,regular,2026-08-29T19:00:00.000Z,True,True,True,2011,Alabama State,fcs,SWAC,30,2582,Southern,fcs,SWAC,17
401868325,2026,1,regular,2026-09-05T22:00:00.000Z,True,False,False,2011,Alabama State,fcs,SWAC,34,2323,Lane College,ii,SIAC,0
401868326,2026,2,regular,2026-09-12T20:00:00.000Z,False,False,False,2653,Troy,fbs,Sun Belt,,2011,Alabama State,fcs,SWAC,
401868327,2026,4,regular,2026-09-26T22:00:00.000Z,False,False,True,2011,Alabama State,fcs,SWAC,,2400,Mississippi Valley State,fcs,SWAC,
401868328,2026,5,regular,2026-10-03T20:00:00.000Z,False,False,True,2065,Bethune-Cookman,fcs,SWAC,,2011,Alabama State,fcs,SWAC,
401868329,2026,6,regular,2026-10-10T20:00:00.000Z,False,False,True,2011,Alabama State,fcs,SWAC,,50,Florida A&M,fcs,SWAC,
401868330,2026,7,regular,2026-10-17T19:00:00.000Z,False,False,True,2029,Arkansas-Pine Bluff,fcs,SWAC,,2011,Alabama State,fcs,SWAC,
401868331,2026,10,regular,2026-11-07T20:00:00.000Z,False,False,True,2640,Texas Southern,fcs,SWAC,,2011,Alabama State,fcs,SWAC,
401868332,2026,11,regular,2026-11-14T20:00:00.000Z,False,False,True,2011,Alabama State,fcs,SWAC,,2296,Jackson State,fcs,SWAC,
401868336,2026,1,regular,2026-09-05T22:00:00.000Z,True,False,True,236,Chattanooga,fcs,Southern,9,2635,Tennessee Tech,fcs,Southern,24
401868337,2026,3,regular,2026-09-19T22:00:00.000Z,False,False,True,236,Chattanooga,fcs,Southern,,2747,Wofford,fcs,Southern,
401868338,2026,4,regular,2026-09-26T18:00:00.000Z,False,False,True,2643,The Citadel,fcs,Southern,,236,Chattanooga,fcs,Southern,
401868339,2026,5,regular,2026-10-03T19:30:00.000Z,False,False,True,2193,East Tennessee State,fcs,Southern,,236,Chattanooga,fcs,Southern,
401868340,2026,6,regular,2026-10-10T17:00:00.000Z,False,False,True,236,Chattanooga,fcs,Southern,,2535,Samford,fcs,Southern,
401868341,2026,8,regular,2026-10-24T18:30:00.000Z,False,False,True,2717,Western Carolina,fcs,Southern,,236,Chattanooga,fcs,Southern,
401868342,2026,9,regular,2026-10-31T17:00:00.000Z,False,False,True,236,Chattanooga,fcs,Southern,,2678,VMI,fcs,Southern,
401868343,2026,10,regular,2026-11-07T18:00:00.000Z,False,False,True,236,Chattanooga,fcs,Southern,,2382,Mercer,fcs,Southern,
401868344,2026,11,regular,2026-11-14T18:00:00.000Z,False,False,True,231,Furman,fcs,Southern,,236,Chattanooga,fcs,Southern,
401868345,2026,1,regular,2026-09-05T21:30:00.000Z,True,False,False,2193,East Tennessee State,fcs,Southern,48,2839,Tusculum,ii,South Atlantic,14
401868346,2026,4,regular,2026-09-26T19:30:00.000Z,False,False,True,2193,East Tennessee State,fcs,Southern,,2717,Western Carolina,fcs,Southern,
401868347,2026,6,regular,2026-10-10T18:00:00.000Z,False,False,True,2643,The Citadel,fcs,Southern,,2193,East Tennessee State,fcs,Southern,
401868348,2026,8,regular,2026-10-24T17:30:00.000Z,False,False,True,2678,VMI,fcs,Southern,,2193,East Tennessee State,fcs,Southern,
401868349,2026,9,regular,2026-10-31T19:30:00.000Z,False,False,True,2193,East Tennessee State,fcs,Southern,,2635,Tennessee Tech,fcs,Southern,
401868350,2026,10,regular,2026-11-07T18:00:00.000Z,False,False,True,2193,East Tennessee State,fcs,Southern,,2535,Samford,fcs,Southern,
401868351,2026,11,regular,2026-11-14T18:30:00.000Z,False,False,True,2747,Wofford,fcs,Southern,,2193,East Tennessee State,fcs,Southern,
401868352,2026,12,regular,2026-11-21T20:00:00.000Z,False,False,True,2382,Mercer,fcs,Southern,,2193,East Tennessee State,fcs,Southern,
401868353,2026,12,regular,2026-11-21T20:00:00.000Z,False,False,True,2011,Alabama State,fcs,SWAC,,2504,Prairie View A&M,fcs,SWAC,
401868354,2026,13,regular,2026-11-26T20:00:00.000Z,False,False,False,2011,Alabama State,fcs,SWAC,,2657,Tuskegee,ii,SIAC,
401868355,2026,2,regular,2026-09-12T23:00:00.000Z,False,True,True,2016,Alcorn State,fcs,SWAC,,2029,Arkansas-Pine Bluff,fcs,SWAC,
401868356,2026,1,regular,2026-09-05T21:00:00.000Z,True,False,False,2572,Southern Miss,fbs,Sun Belt,49,2016,Alcorn State,fcs,SWAC,3
401868358,2026,4,regular,2026-09-26T20:00:00.000Z,False,False,True,2016,Alcorn State,fcs,SWAC,,2640,Texas Southern,fcs,SWAC,
401868359,2026,5,regular,2026-10-03T19:00:00.000Z,False,False,True,2755,Grambling,fcs,SWAC,,2016,Alcorn State,fcs,SWAC,
401868360,2026,6,regular,2026-10-10T19:00:00.000Z,False,False,False,2016,Alcorn State,fcs,SWAC,,124386,Arkansas Baptist,,,
401868361,2026,7,regular,2026-10-17T19:00:00.000Z,False,False,True,2504,Prairie View A&M,fcs,SWAC,,2016,Alcorn State,fcs,SWAC,
401868362,2026,9,regular,2026-10-31T19:00:00.000Z,False,False,True,2400,Mississippi Valley State,fcs,SWAC,,2016,Alcorn State,fcs,SWAC,
401868363,2026,10,regular,2026-11-07T20:00:00.000Z,False,False,True,2016,Alcorn State,fcs,SWAC,,50,Florida A&M,fcs,SWAC,
401868364,2026,11,regular,2026-11-14T20:00:00.000Z,False,False,True,2582,Southern,fcs,SWAC,,2016,Alcorn State,fcs,SWAC,
401868365,2026,12,regular,2026-11-21T20:00:00.000Z,False,False,True,2016,Alcorn State,fcs,SWAC,,2296,Jackson State,fcs,SWAC,
401868373,2026,1,regular,2026-08-27T23:00:00.000Z,True,False,False,231,Furman,fcs,Southern,20,129469,Anderson (SC),ii,South Atlantic,3
401868374,2026,2,regular,2026-09-12T22:00:00.000Z,False,False,True,2382,Mercer,fcs,Southern,,231,Furman,fcs,Southern,
401868375,2026,5,regular,2026-10-03T18:00:00.000Z,False,False,True,231,Furman,fcs,Southern,,2747,Wofford,fcs,Southern,
401868376,2026,6,regular,2026-10-10T19:30:00.000Z,False,False,True,2635,Tennessee Tech,fcs,Southern,,231,Furman,fcs,Southern,
401868377,2026,8,regular,2026-10-24T18:00:00.000Z,False,False,True,231,Furman,fcs,Southern,,2535,Samford,fcs,Southern,
401868378,2026,9,regular,2026-10-31T18:00:00.000Z,False,False,True,231,Furman,fcs,Southern,,2717,Western Carolina,fcs,Southern,
401868379,2026,10,regular,2026-11-07T19:00:00.000Z,False,False,True,2643,The Citadel,fcs,Southern,,231,Furman,fcs,Southern,
401868380,2026,12,regular,2026-11-21T17:00:00.000Z,False,False,True,2678,VMI,fcs,Southern,,231,Furman,fcs,Southern,
401868381,2026,5,regular,2026-10-03T17:30:00.000Z,False,False,True,2678,VMI,fcs,Southern,,2382,Mercer,fcs,Southern,
401868382,2026,6,regular,2026-10-10T19:00:00.000Z,False,False,True,2382,Mercer,fcs,Southern,,2717,Western Carolina,fcs,Southern,
401868383,2026,7,regular,2026-10-17T23:00:00.000Z,False,False,True,2535,Samford,fcs,Southern,,2382,Mercer,fcs,Southern,
401868384,2026,9,regular,2026-10-31T19:00:00.000Z,False,False,True,2382,Mercer,fcs,Southern,,2643,The Citadel,fcs,Southern,
401868385,2026,11,regular,2026-11-14T19:30:00.000Z,False,False,True,2635,Tennessee Tech,fcs,Southern,,2382,Mercer,fcs,Southern,
401868386,2026,2,regular,2026-09-12T23:00:00.000Z,False,False,True,2635,Tennessee Tech,fcs,Southern,,2535,Samford,fcs,Southern,
401868387,2026,4,regular,2026-09-26T19:30:00.000Z,False,False,True,2535,Samford,fcs,Southern,,2678,VMI,fcs,Southern,
401868388,2026,9,regular,2026-10-31T23:00:00.000Z,False,False,True,2535,Samford,fcs,Southern,,2747,Wofford,fcs,Southern,
401868389,2026,11,regular,2026-11-14T20:30:00.000Z,False,False,True,2535,Samford,fcs,Southern,,2717,Western Carolina,fcs,Southern,
401868390,2026,4,regular,2026-09-26T17:30:00.000Z,False,False,True,2747,Wofford,fcs,Southern,,2635,Tennessee Tech,fcs,Southern,
401868391,2026,5,regular,2026-10-03T22:00:00.000Z,False,False,True,2717,Western Carolina,fcs,Southern,,2635,Tennessee Tech,fcs,Southern,
401868392,2026,8,regular,2026-10-24T18:00:00.000Z,False,False,True,2643,The Citadel,fcs,Southern,,2635,Tennessee Tech,fcs,Southern,
401868393,2026,10,regular,2026-11-07T19:30:00.000Z,False,False,True,2635,Tennessee Tech,fcs,Southern,,2678,VMI,fcs,Southern,
401868394,2026,1,regular,2026-08-29T22:00:00.000Z,True,False,True,2747,Wofford,fcs,Southern,42,2643,The Citadel,fcs,Southern,14
401868395,2026,11,regular,2026-11-14T17:00:00.000Z,False,False,True,2678,VMI,fcs,Southern,,2643,The Citadel,fcs,Southern,
401868396,2026,12,regular,2026-11-21T18:00:00.000Z,False,False,True,2717,Western Carolina,fcs,Southern,,2643,The Citadel,fcs,Southern,
401868397,2026,3,regular,2026-09-19T17:00:00.000Z,False,False,False,2166,Davidson,fcs,Pioneer,,2678,VMI,fcs,Southern,
401868398,2026,7,regular,2026-10-17T17:30:00.000Z,False,False,True,2747,Wofford,fcs,Southern,,2678,VMI,fcs,Southern,
401868399,2026,10,regular,2026-11-07T18:00:00.000Z,False,False,True,2717,Western Carolina,fcs,Southern,,2747,Wofford,fcs,Southern,
401868792,2026,1,regular,2026-08-29T16:00:00.000Z,True,False,False,2168,Dayton,fcs,Pioneer,43,2986,Fairmont State,ii,Mountain East,20
401868934,2026,1,regular,2026-08-29T23:00:00.000Z,True,True,False,2029,Arkansas-Pine Bluff,fcs,SWAC,35,60,Morehouse,ii,SIAC,15
401868935,2026,3,regular,2026-09-19T21:00:00.000Z,False,False,False,2029,Arkansas-Pine Bluff,fcs,SWAC,,2119,Central State,ii,SIAC,
401868936,2026,5,regular,2026-10-03T23:00:00.000Z,False,False,True,2582,Southern,fcs,SWAC,,2029,Arkansas-Pine Bluff,fcs,SWAC,
401868937,2026,8,regular,2026-10-24T19:00:00.000Z,False,False,True,50,Florida A&M,fcs,SWAC,,2029,Arkansas-Pine Bluff,fcs,SWAC,
401868938,2026,9,regular,2026-10-31T19:00:00.000Z,False,False,True,2029,Arkansas-Pine Bluff,fcs,SWAC,,2065,Bethune-Cookman,fcs,SWAC,
401868939,2026,10,regular,2026-11-07T20:00:00.000Z,False,False,True,2755,Grambling,fcs,SWAC,,2029,Arkansas-Pine Bluff,fcs,SWAC,
401868940,2026,11,regular,2026-11-14T20:00:00.000Z,False,False,True,2029,Arkansas-Pine Bluff,fcs,SWAC,,2504,Prairie View A&M,fcs,SWAC,
401868941,2026,12,regular,2026-11-21T21:00:00.000Z,False,False,True,2640,Texas Southern,fcs,SWAC,,2029,Arkansas-Pine Bluff,fcs,SWAC,
401868942,2026,3,regular,2026-09-19T20:00:00.000Z,False,False,False,2065,Bethune-Cookman,fcs,SWAC,,2355,Virginia Lynchburg,,,
401868943,2026,7,regular,2026-10-17T19:00:00.000Z,False,False,True,2400,Mississippi Valley State,fcs,SWAC,,2065,Bethune-Cookman,fcs,SWAC,
401868944,2026,8,regular,2026-10-24T17:00:00.000Z,False,False,True,2065,Bethune-Cookman,fcs,SWAC,,2296,Jackson State,fcs,SWAC,
401868945,2026,10,regular,2026-11-07T20:00:00.000Z,False,False,True,2582,Southern,fcs,SWAC,,2065,Bethune-Cookman,fcs,SWAC,
401868946,2026,11,regular,2026-11-14T18:00:00.000Z,False,False,True,2065,Bethune-Cookman,fcs,SWAC,,2755,Grambling,fcs,SWAC,
401868947,2026,12,regular,2026-11-21T20:30:00.000Z,False,True,True,2065,Bethune-Cookman,fcs,SWAC,,50,Florida A&M,fcs,SWAC,
401868948,2026,1,regular,2026-08-29T23:00:00.000Z,True,False,False,50,Florida A&M,fcs,SWAC,20,2013,Albany State,ii,SIAC,7
401868949,2026,7,regular,2026-10-17T19:00:00.000Z,False,False,True,2296,Jackson State,fcs,SWAC,,50,Florida A&M,fcs,SWAC,
401868950,2026,9,regular,2026-10-31T19:00:00.000Z,False,False,True,50,Florida A&M,fcs,SWAC,,2582,Southern,fcs,SWAC,
401868951,2026,11,regular,2026-11-14T20:00:00.000Z,False,False,True,50,Florida A&M,fcs,SWAC,,2400,Mississippi Valley State,fcs,SWAC,
401868952,2026,1,regular,2026-08-29T23:00:00.000Z,True,False,False,2755,Grambling,fcs,SWAC,49,2805,Clark Atlanta,ii,SIAC,7
401868953,2026,1,regular,2026-09-05T23:00:00.000Z,True,False,False,2755,Grambling,fcs,SWAC,48,2119,Central State,ii,SIAC,26
401868954,2026,4,regular,2026-09-26T23:00:00.000Z,False,True,False,2755,Grambling,fcs,SWAC,,2504,Prairie View A&M,fcs,SWAC,
401868955,2026,6,regular,2026-10-10T21:00:00.000Z,False,False,True,2755,Grambling,fcs,SWAC,,2296,Jackson State,fcs,SWAC,
401868956,2026,9,regular,2026-11-01T00:30:00.000Z,False,False,True,2640,Texas Southern,fcs,SWAC,,2755,Grambling,fcs,SWAC,
401868957,2026,13,regular,2026-11-28T19:00:00.000Z,False,True,True,2582,Southern,fcs,SWAC,,2755,Grambling,fcs,SWAC,
401868958,2026,1,regular,2026-09-05T23:00:00.000Z,True,False,False,2296,Jackson State,fcs,SWAC,66,2206,Edward Waters,ii,SIAC,14
401868959,2026,3,regular,2026-09-19T23:00:00.000Z,False,False,False,2296,Jackson State,fcs,SWAC,,2657,Tuskegee,ii,SIAC,
401868960,2026,4,regular,2026-09-26T04:00:00.000Z,False,False,False,2296,Jackson State,fcs,SWAC,,2582,Southern,fcs,SWAC,
401868961,2026,10,regular,2026-11-07T20:00:00.000Z,False,False,True,2296,Jackson State,fcs,SWAC,,2400,Mississippi Valley State,fcs,SWAC,
401868962,2026,1,regular,2026-08-27T23:00:00.000Z,True,False,False,2447,Nicholls,fcs,Southland,44,2400,Mississippi Valley State,fcs,SWAC,10
401868963,2026,2,regular,2026-09-12T20:00:00.000Z,False,True,False,2400,Mississippi Valley State,fcs,SWAC,,2339,Lincoln (PA),ii,CIAA,
401868964,2026,3,regular,2026-09-19T23:00:00.000Z,False,False,False,2400,Mississippi Valley State,fcs,SWAC,,2170,Delta State,ii,Gulf South,
401868965,2026,5,regular,2026-10-03T19:00:00.000Z,False,False,True,2400,Mississippi Valley State,fcs,SWAC,,2504,Prairie View A&M,fcs,SWAC,
401868966,2026,6,regular,2026-10-10T19:00:00.000Z,False,False,True,2640,Texas Southern,fcs,SWAC,,2400,Mississippi Valley State,fcs,SWAC,
401868967,2026,1,regular,2026-09-06T16:00:00.000Z,True,False,True,2504,Prairie View A&M,fcs,SWAC,52,2640,Texas Southern,fcs,SWAC,14
401868968,2026,6,regular,2026-10-10T19:00:00.000Z,False,False,True,2504,Prairie View A&M,fcs,SWAC,,2582,Southern,fcs,SWAC,
401868969,2026,8,regular,2026-10-24T23:00:00.000Z,False,False,False,2837,East Texas A&M,fcs,Southland,,2504,Prairie View A&M,fcs,SWAC,
401868970,2026,1,regular,2026-09-05T23:00:00.000Z,True,False,False,2582,Southern,fcs,SWAC,34,2310,Kentucky State,ii,SIAC,15
401868971,2026,3,regular,2026-09-19T23:00:00.000Z,False,False,False,2582,Southern,fcs,SWAC,,2347,Louisiana Christian,,,
401868972,2026,8,regular,2026-10-24T19:00:00.000Z,False,False,True,2640,Texas Southern,fcs,SWAC,,2582,Southern,fcs,SWAC,
401869127,2026,1,regular,2026-09-05T22:00:00.000Z,True,False,False,47,Howard,fcs,MEAC,21,257,Richmond,fcs,Patriot,28
401869128,2026,1,regular,2026-08-28T00:00:00.000Z,True,False,False,2466,Northwestern State,fcs,Southland,37,2347,Louisiana Christian,,,42
401869129,2026,1,regular,2026-09-05T23:30:00.000Z,True,False,False,2348,Louisiana Tech,fbs,Sun Belt,80,2466,Northwestern State,fcs,Southland,6
401869130,2026,2,regular,2026-09-12T23:00:00.000Z,False,False,True,2837,East Texas A&M,fcs,Southland,,2466,Northwestern State,fcs,Southland,
401869131,2026,5,regular,2026-10-03T23:00:00.000Z,False,False,True,2320,Lamar,fcs,Southland,,2466,Northwestern State,fcs,Southland,
401869132,2026,7,regular,2026-10-17T17:00:00.000Z,False,False,True,2466,Northwestern State,fcs,Southland,,2377,McNeese,fcs,Southland,
401869133,2026,8,regular,2026-10-24T19:00:00.000Z,False,False,True,2466,Northwestern State,fcs,Southland,,2447,Nicholls,fcs,Southland,
401869134,2026,9,regular,2026-10-31T21:00:00.000Z,False,False,True,2916,Incarnate Word,fcs,Southland,,2466,Northwestern State,fcs,Southland,
401869135,2026,11,regular,2026-11-14T19:00:00.000Z,False,False,True,2466,Northwestern State,fcs,Southland,,2277,Houston Christian,fcs,Southland,
401869136,2026,1,regular,2026-09-05T23:00:00.000Z,True,False,False,2377,McNeese,fcs,Southland,52,102626,Texas Wesleyan,,,0
401869137,2026,4,regular,2026-09-26T23:00:00.000Z,False,False,True,2377,McNeese,fcs,Southland,,2837,East Texas A&M,fcs,Southland,
401869138,2026,8,regular,2026-10-24T21:00:00.000Z,False,False,True,2916,Incarnate Word,fcs,Southland,,2377,McNeese,fcs,Southland,
401869139,2026,9,regular,2026-10-31T19:00:00.000Z,False,False,True,2377,McNeese,fcs,Southland,,2447,Nicholls,fcs,Southland,
401869140,2026,10,regular,2026-11-07T22:00:00.000Z,False,False,True,2277,Houston Christian,fcs,Southland,,2377,McNeese,fcs,Southland,
401869141,2026,12,regular,2026-11-22T00:00:00.000Z,False,False,True,2377,McNeese,fcs,Southland,,2320,Lamar,fcs,Southland,
401869142,2026,1,regular,2026-09-06T00:00:00.000Z,True,False,False,309,Louisiana,fbs,Sun Belt,38,2320,Lamar,fcs,Southland,7
401869143,2026,4,regular,2026-09-26T20:00:00.000Z,False,False,True,2447,Nicholls,fcs,Southland,,2320,Lamar,fcs,Southland,
401869144,2026,6,regular,2026-10-10T20:00:00.000Z,False,False,True,2320,Lamar,fcs,Southland,,2916,Incarnate Word,fcs,Southland,
401869145,2026,8,regular,2026-10-24T20:00:00.000Z,False,False,True,2320,Lamar,fcs,Southland,,2277,Houston Christian,fcs,Southland,
401869146,2026,11,regular,2026-11-14T21:00:00.000Z,False,False,True,2320,Lamar,fcs,Southland,,2837,East Texas A&M,fcs,Southland,
401869147,2026,3,regular,2026-09-19T23:00:00.000Z,False,False,True,2916,Incarnate Word,fcs,Southland,,2277,Houston Christian,fcs,Southland,
401869148,2026,11,regular,2026-11-14T20:00:00.000Z,False,False,True,2916,Incarnate Word,fcs,Southland,,2447,Nicholls,fcs,Southland,
401869149,2026,12,regular,2026-11-21T21:00:00.000Z,False,False,True,2837,East Texas A&M,fcs,Southland,,2916,Incarnate Word,fcs,Southland,
401869150,2026,2,regular,2026-09-12T23:00:00.000Z,False,False,False,2277,Houston Christian,fcs,Southland,,124386,Arkansas Baptist,,,
401869151,2026,5,regular,2026-10-03T23:00:00.000Z,False,False,True,2277,Houston Christian,fcs,Southland,,2447,Nicholls,fcs,Southland,
401869152,2026,7,regular,2026-10-17T23:00:00.000Z,False,False,True,2277,Houston Christian,fcs,Southland,,2837,East Texas A&M,fcs,Southland,
401869153,2026,10,regular,2026-11-07T21:00:00.000Z,False,False,True,2447,Nicholls,fcs,Southland,,2837,East Texas A&M,fcs,Southland,
401869154,2026,9,regular,2026-10-31T16:00:00.000Z,False,False,True,2441,New Haven,fcs,NEC,,2184,Duquesne,fcs,NEC,
401869155,2026,11,regular,2026-11-14T17:00:00.000Z,False,False,True,2184,Duquesne,fcs,NEC,,2385,Mercyhurst,fcs,NEC,
401869156,2026,1,regular,2026-08-29T17:00:00.000Z,True,False,False,2130,Chicago State,fcs,FCS Independents,28,127991,Roosevelt,ii,GLIAC,44
401869842,2026,5,regular,2026-10-03T04:00:00.000Z,False,False,False,2348,Louisiana Tech,fbs,Sun Belt,,349,Army,fbs,American Athletic,
401869843,2026,6,regular,2026-10-10T04:00:00.000Z,False,False,True,2026,App State,fbs,Sun Belt,,295,Old Dominion,fbs,Sun Belt,
401869844,2026,7,regular,2026-10-17T00:00:00.000Z,False,False,True,324,Coastal Carolina,fbs,Sun Belt,,2026,App State,fbs,Sun Belt,
401869845,2026,8,regular,2026-10-22T23:00:00.000Z,False,False,True,2026,App State,fbs,Sun Belt,,256,James Madison,fbs,Sun Belt,
401869846,2026,9,regular,2026-10-31T04:00:00.000Z,False,False,True,290,Georgia Southern,fbs,Sun Belt,,2026,App State,fbs,Sun Belt,
401869927,2026,10,regular,2026-11-07T05:00:00.000Z,False,False,True,2026,App State,fbs,Sun Belt,,2247,Georgia State,fbs,Sun Belt,
401869928,2026,11,regular,2026-11-14T05:00:00.000Z,False,False,True,276,Marshall,fbs,Sun Belt,,2026,App State,fbs,Sun Belt,
401869929,2026,12,regular,2026-11-21T05:00:00.000Z,False,False,True,2026,App State,fbs,Sun Belt,,2433,UL Monroe,fbs,Sun Belt,
401869930,2026,13,regular,2026-11-27T20:00:00.000Z,False,False,True,6,South Alabama,fbs,Sun Belt,,2026,App State,fbs,Sun Belt,
401869931,2026,4,regular,2026-09-26T23:00:00.000Z,False,False,False,2032,Arkansas State,fbs,Sun Belt,,338,Kennesaw State,fbs,Conference USA,
401869932,2026,5,regular,2026-10-03T04:00:00.000Z,False,False,True,309,Louisiana,fbs,Sun Belt,,2032,Arkansas State,fbs,Sun Belt,
401869933,2026,6,regular,2026-10-08T23:30:00.000Z,False,False,True,2032,Arkansas State,fbs,Sun Belt,,6,South Alabama,fbs,Sun Belt,
401869934,2026,7,regular,2026-10-17T04:00:00.000Z,False,False,True,2572,Southern Miss,fbs,Sun Belt,,2032,Arkansas State,fbs,Sun Belt,
401869935,2026,8,regular,2026-10-24T23:00:00.000Z,False,False,True,2032,Arkansas State,fbs,Sun Belt,,2247,Georgia State,fbs,Sun Belt,
401869936,2026,10,regular,2026-11-07T20:00:00.000Z,False,False,True,2032,Arkansas State,fbs,Sun Belt,,2433,UL Monroe,fbs,Sun Belt,
401869937,2026,11,regular,2026-11-14T05:00:00.000Z,False,False,True,324,Coastal Carolina,fbs,Sun Belt,,2032,Arkansas State,fbs,Sun Belt,
401869938,2026,12,regular,2026-11-21T05:00:00.000Z,False,False,True,2348,Louisiana Tech,fbs,Sun Belt,,2032,Arkansas State,fbs,Sun Belt,
401869939,2026,13,regular,2026-11-28T20:00:00.000Z,False,False,True,2032,Arkansas State,fbs,Sun Belt,,2653,Troy,fbs,Sun Belt,
401869940,2026,3,regular,2026-09-19T15:30:00.000Z,False,False,False,48,Delaware,fbs,Conference USA,,324,Coastal Carolina,fbs,Sun Belt,
401869941,2026,4,regular,2026-09-24T23:30:00.000Z,False,False,False,324,Coastal Carolina,fbs,Sun Belt,,2335,Liberty,fbs,Conference USA,
401869942,2026,5,regular,2026-10-03T04:00:00.000Z,False,False,True,324,Coastal Carolina,fbs,Sun Belt,,290,Georgia Southern,fbs,Sun Belt,
401869943,2026,6,regular,2026-10-10T04:00:00.000Z,False,False,True,276,Marshall,fbs,Sun Belt,,324,Coastal Carolina,fbs,Sun Belt,
401869944,2026,9,regular,2026-10-31T04:00:00.000Z,False,False,True,2247,Georgia State,fbs,Sun Belt,,324,Coastal Carolina,fbs,Sun Belt,
401869945,2026,10,regular,2026-11-07T05:00:00.000Z,False,False,True,324,Coastal Carolina,fbs,Sun Belt,,295,Old Dominion,fbs,Sun Belt,
401869946,2026,12,regular,2026-11-21T05:00:00.000Z,False,False,True,309,Louisiana,fbs,Sun Belt,,324,Coastal Carolina,fbs,Sun Belt,
401869947,2026,13,regular,2026-11-28T05:00:00.000Z,False,False,True,256,James Madison,fbs,Sun Belt,,324,Coastal Carolina,fbs,Sun Belt,
401869948,2026,3,regular,2026-09-19T23:00:00.000Z,False,False,False,55,Jacksonville State,fbs,Conference USA,,290,Georgia Southern,fbs,Sun Belt,
401869949,2026,6,regular,2026-10-10T04:00:00.000Z,False,False,True,290,Georgia Southern,fbs,Sun Belt,,256,James Madison,fbs,Sun Belt,
401869950,2026,7,regular,2026-10-15T23:30:00.000Z,False,False,True,295,Old Dominion,fbs,Sun Belt,,290,Georgia Southern,fbs,Sun Belt,
401869951,2026,10,regular,2026-11-07T05:00:00.000Z,False,False,True,290,Georgia Southern,fbs,Sun Belt,,276,Marshall,fbs,Sun Belt,
401869952,2026,11,regular,2026-11-14T05:00:00.000Z,False,False,True,2247,Georgia State,fbs,Sun Belt,,290,Georgia Southern,fbs,Sun Belt,
401869953,2026,12,regular,2026-11-21T05:00:00.000Z,False,False,True,2653,Troy,fbs,Sun Belt,,290,Georgia Southern,fbs,Sun Belt,
401869954,2026,13,regular,2026-11-28T05:00:00.000Z,False,False,True,290,Georgia Southern,fbs,Sun Belt,,2348,Louisiana Tech,fbs,Sun Belt,
401869955,2026,2,regular,2026-09-12T23:00:00.000Z,False,False,False,338,Kennesaw State,fbs,Conference USA,,2247,Georgia State,fbs,Sun Belt,
401869956,2026,5,regular,2026-10-03T04:00:00.000Z,False,False,True,2247,Georgia State,fbs,Sun Belt,,295,Old Dominion,fbs,Sun Belt,
401869957,2026,7,regular,2026-10-17T04:00:00.000Z,False,False,True,256,James Madison,fbs,Sun Belt,,2247,Georgia State,fbs,Sun Belt,
401869958,2026,12,regular,2026-11-21T05:00:00.000Z,False,False,True,276,Marshall,fbs,Sun Belt,,2247,Georgia State,fbs,Sun Belt,
401869959,2026,13,regular,2026-11-28T05:00:00.000Z,False,False,True,2247,Georgia State,fbs,Sun Belt,,309,Louisiana,fbs,Sun Belt,
401869960,2026,1,regular,2026-09-05T16:00:00.000Z,True,False,False,256,James Madison,fbs,Sun Belt,20,2335,Liberty,fbs,Conference USA,13
401869961,2026,4,regular,2026-09-26T04:00:00.000Z,False,False,True,295,Old Dominion,fbs,Sun Belt,,256,James Madison,fbs,Sun Belt,
401869962,2026,5,regular,2026-10-03T04:00:00.000Z,False,False,True,256,James Madison,fbs,Sun Belt,,276,Marshall,fbs,Sun Belt,
401869963,2026,9,regular,2026-10-29T23:30:00.000Z,False,False,True,256,James Madison,fbs,Sun Belt,,2653,Troy,fbs,Sun Belt,
401869964,2026,10,regular,2026-11-06T01:00:00.000Z,False,False,True,2572,Southern Miss,fbs,Sun Belt,,256,James Madison,fbs,Sun Belt,
401869965,2026,6,regular,2026-10-10T04:00:00.000Z,False,False,True,2348,Louisiana Tech,fbs,Sun Belt,,309,Louisiana,fbs,Sun Belt,
401869966,2026,7,regular,2026-10-17T04:00:00.000Z,False,False,True,309,Louisiana,fbs,Sun Belt,,2653,Troy,fbs,Sun Belt,
401869967,2026,8,regular,2026-10-24T04:00:00.000Z,False,False,True,2572,Southern Miss,fbs,Sun Belt,,309,Louisiana,fbs,Sun Belt,
401869968,2026,10,regular,2026-11-07T05:00:00.000Z,False,False,True,309,Louisiana,fbs,Sun Belt,,6,South Alabama,fbs,Sun Belt,
401869969,2026,11,regular,2026-11-13T02:00:00.000Z,False,False,True,2433,UL Monroe,fbs,Sun Belt,,309,Louisiana,fbs,Sun Belt,
401870745,2026,4,regular,2026-09-26T23:00:00.000Z,False,False,False,98,Western Kentucky,fbs,Conference USA,,2385,Mercyhurst,fcs,NEC,
401870752,2026,11,regular,2026-11-14T20:30:00.000Z,False,False,True,98,Western Kentucky,fbs,Conference USA,,55,Jacksonville State,fbs,Conference USA,
401870763,2026,1,regular,2026-09-05T23:00:00.000Z,True,False,False,2653,Troy,fbs,Sun Belt,24,2534,Sam Houston,fbs,Conference USA,21
401870764,2026,3,regular,2026-09-19T23:00:00.000Z,False,False,False,2534,Sam Houston,fbs,Conference USA,,2447,Nicholls,fcs,Southland,
401870766,2026,6,regular,2026-10-08T23:00:00.000Z,False,False,True,2335,Liberty,fbs,Conference USA,,2534,Sam Houston,fbs,Conference USA,
401870769,2026,11,regular,2026-11-14T19:00:00.000Z,False,False,True,2534,Sam Houston,fbs,Conference USA,,338,Kennesaw State,fbs,Conference USA,
401870790,2026,1,regular,2026-09-06T01:00:00.000Z,True,False,False,166,New Mexico State,fbs,Conference USA,51,2385,Mercyhurst,fcs,NEC,14
401870795,2026,10,regular,2026-11-07T22:00:00.000Z,False,False,True,166,New Mexico State,fbs,Conference USA,,2335,Liberty,fbs,Conference USA,
401870796,2026,11,regular,2026-11-14T20:00:00.000Z,False,False,True,2623,Missouri State,fbs,Conference USA,,166,New Mexico State,fbs,Conference USA,
401870804,2026,13,regular,2026-11-28T18:00:00.000Z,False,False,True,98,Western Kentucky,fbs,Conference USA,,338,Kennesaw State,fbs,Conference USA,
401870822,2026,2,regular,2026-09-12T16:00:00.000Z,False,False,False,2166,Davidson,fcs,Pioneer,,2175,Dickinson,iii,Centennial,
401870839,2026,4,regular,2026-09-26T16:00:00.000Z,False,False,False,2184,Duquesne,fcs,NEC,,131239,University of Rio Grande,,,
401870840,2026,5,regular,2026-10-03T16:00:00.000Z,False,False,False,43,Yale,fcs,Ivy,,2771,Merrimack,fcs,FCS Independents,
401870841,2026,8,regular,2026-10-23T23:00:00.000Z,False,False,True,219,Pennsylvania,fcs,Ivy,,43,Yale,fcs,Ivy,
401870842,2026,11,regular,2026-11-14T17:00:00.000Z,False,False,True,43,Yale,fcs,Ivy,,163,Princeton,fcs,Ivy,
401871045,2026,2,regular,2026-09-12T23:00:00.000Z,False,False,False,276,Marshall,fbs,Sun Belt,,2393,Middle Tennessee,fbs,Conference USA,
401871046,2026,2,regular,2026-09-12T23:00:00.000Z,False,False,False,2623,Missouri State,fbs,Conference USA,,2815,Lindenwood,fcs,OVC,
401871047,2026,3,regular,2026-09-19T22:30:00.000Z,False,False,False,2623,Missouri State,fbs,Conference USA,,276,Marshall,fbs,Sun Belt,
401871048,2026,4,regular,2026-09-26T23:00:00.000Z,False,False,True,55,Jacksonville State,fbs,Conference USA,,2393,Middle Tennessee,fbs,Conference USA,
401871049,2026,5,regular,2026-10-02T00:00:00.000Z,False,False,True,166,New Mexico State,fbs,Conference USA,,98,Western Kentucky,fbs,Conference USA,
401871050,2026,5,regular,2026-10-02T23:00:00.000Z,False,False,True,48,Delaware,fbs,Conference USA,,2335,Liberty,fbs,Conference USA,
401871051,2026,6,regular,2026-10-07T23:00:00.000Z,False,False,True,338,Kennesaw State,fbs,Conference USA,,55,Jacksonville State,fbs,Conference USA,
401871052,2026,6,regular,2026-10-08T23:00:00.000Z,False,False,True,98,Western Kentucky,fbs,Conference USA,,2623,Missouri State,fbs,Conference USA,
401871053,2026,7,regular,2026-10-14T00:00:00.000Z,False,False,True,55,Jacksonville State,fbs,Conference USA,,2229,Florida International,fbs,Conference USA,
401871054,2026,7,regular,2026-10-14T23:30:00.000Z,False,False,True,2623,Missouri State,fbs,Conference USA,,338,Kennesaw State,fbs,Conference USA,
401871055,2026,8,regular,2026-10-20T23:00:00.000Z,False,False,True,2229,Florida International,fbs,Conference USA,,2393,Middle Tennessee,fbs,Conference USA,
401871056,2026,8,regular,2026-10-22T23:00:00.000Z,False,False,True,338,Kennesaw State,fbs,Conference USA,,2335,Liberty,fbs,Conference USA,
401871057,2026,9,regular,2026-10-29T00:00:00.000Z,False,False,True,166,New Mexico State,fbs,Conference USA,,55,Jacksonville State,fbs,Conference USA,
401871058,2026,9,regular,2026-10-28T23:00:00.000Z,False,False,True,2393,Middle Tennessee,fbs,Conference USA,,338,Kennesaw State,fbs,Conference USA,
401871059,2026,9,regular,2026-10-31T19:30:00.000Z,False,False,True,2335,Liberty,fbs,Conference USA,,2229,Florida International,fbs,Conference USA,
401871060,2026,11,regular,2026-11-14T20:00:00.000Z,False,False,True,48,Delaware,fbs,Conference USA,,2229,Florida International,fbs,Conference USA,
401871061,2026,11,regular,2026-11-14T20:30:00.000Z,False,False,True,2335,Liberty,fbs,Conference USA,,2393,Middle Tennessee,fbs,Conference USA,
401871062,2026,13,regular,2026-11-28T20:30:00.000Z,False,False,True,48,Delaware,fbs,Conference USA,,55,Jacksonville State,fbs,Conference USA,
401871063,2026,13,regular,2026-11-28T19:00:00.000Z,False,False,True,2623,Missouri State,fbs,Conference USA,,2335,Liberty,fbs,Conference USA,
401871066,2026,6,regular,2026-10-07T23:30:00.000Z,False,False,True,2229,Florida International,fbs,Conference USA,,166,New Mexico State,fbs,Conference USA,
401871067,2026,7,regular,2026-10-13T23:00:00.000Z,False,False,True,2393,Middle Tennessee,fbs,Conference USA,,48,Delaware,fbs,Conference USA,
401871068,2026,7,regular,2026-10-15T00:00:00.000Z,False,False,True,2534,Sam Houston,fbs,Conference USA,,98,Western Kentucky,fbs,Conference USA,
401871069,2026,8,regular,2026-10-20T23:00:00.000Z,False,False,True,48,Delaware,fbs,Conference USA,,2623,Missouri State,fbs,Conference USA,
401871070,2026,8,regular,2026-10-22T00:00:00.000Z,False,False,True,2534,Sam Houston,fbs,Conference USA,,166,New Mexico State,fbs,Conference USA,
401871071,2026,9,regular,2026-10-27T23:00:00.000Z,False,False,True,98,Western Kentucky,fbs,Conference USA,,48,Delaware,fbs,Conference USA,
401871072,2026,9,regular,2026-10-28T00:00:00.000Z,False,False,True,2623,Missouri State,fbs,Conference USA,,2534,Sam Houston,fbs,Conference USA,
401871073,2026,10,regular,2026-11-07T20:00:00.000Z,False,False,True,338,Kennesaw State,fbs,Conference USA,,48,Delaware,fbs,Conference USA,
401871074,2026,10,regular,2026-11-07T21:00:00.000Z,False,False,True,2229,Florida International,fbs,Conference USA,,2623,Missouri State,fbs,Conference USA,
401871075,2026,10,regular,2026-11-08T00:00:00.000Z,False,False,True,55,Jacksonville State,fbs,Conference USA,,2534,Sam Houston,fbs,Conference USA,
401871076,2026,10,regular,2026-11-07T20:30:00.000Z,False,False,True,2393,Middle Tennessee,fbs,Conference USA,,98,Western Kentucky,fbs,Conference USA,
401871077,2026,12,regular,2026-11-21T20:00:00.000Z,False,False,True,166,New Mexico State,fbs,Conference USA,,48,Delaware,fbs,Conference USA,
401871078,2026,12,regular,2026-11-21T20:00:00.000Z,False,False,True,338,Kennesaw State,fbs,Conference USA,,2229,Florida International,fbs,Conference USA,
401871079,2026,12,regular,2026-11-21T19:00:00.000Z,False,False,True,55,Jacksonville State,fbs,Conference USA,,2623,Missouri State,fbs,Conference USA,
401871080,2026,12,regular,2026-11-21T18:00:00.000Z,False,False,True,2335,Liberty,fbs,Conference USA,,98,Western Kentucky,fbs,Conference USA,
401871081,2026,12,regular,2026-11-21T19:00:00.000Z,False,False,True,2534,Sam Houston,fbs,Conference USA,,2393,Middle Tennessee,fbs,Conference USA,
401871082,2026,13,regular,2026-11-28T19:00:00.000Z,False,False,True,2229,Florida International,fbs,Conference USA,,2534,Sam Houston,fbs,Conference USA,
401871083,2026,13,regular,2026-11-28T19:00:00.000Z,False,False,True,2393,Middle Tennessee,fbs,Conference USA,,166,New Mexico State,fbs,Conference USA,
401871089,2026,5,regular,2026-10-03T04:00:00.000Z,False,False,True,6,South Alabama,fbs,Sun Belt,,2433,UL Monroe,fbs,Sun Belt,
401871090,2026,6,regular,2026-10-07T00:00:00.000Z,False,False,True,2653,Troy,fbs,Sun Belt,,2572,Southern Miss,fbs,Sun Belt,
401871091,2026,7,regular,2026-10-17T04:00:00.000Z,False,False,True,2433,UL Monroe,fbs,Sun Belt,,2348,Louisiana Tech,fbs,Sun Belt,
401871092,2026,8,regular,2026-10-20T23:30:00.000Z,False,False,True,276,Marshall,fbs,Sun Belt,,6,South Alabama,fbs,Sun Belt,
401871093,2026,8,regular,2026-10-24T04:00:00.000Z,False,False,True,2348,Louisiana Tech,fbs,Sun Belt,,295,Old Dominion,fbs,Sun Belt,
401871094,2026,8,regular,2026-10-24T04:00:00.000Z,False,False,True,2653,Troy,fbs,Sun Belt,,2433,UL Monroe,fbs,Sun Belt,
401871095,2026,9,regular,2026-10-31T04:00:00.000Z,False,False,True,2433,UL Monroe,fbs,Sun Belt,,2572,Southern Miss,fbs,Sun Belt,
401871096,2026,9,regular,2026-10-31T04:00:00.000Z,False,False,True,295,Old Dominion,fbs,Sun Belt,,276,Marshall,fbs,Sun Belt,
401871097,2026,9,regular,2026-10-31T04:00:00.000Z,False,False,True,6,South Alabama,fbs,Sun Belt,,2348,Louisiana Tech,fbs,Sun Belt,
401871098,2026,10,regular,2026-11-07T05:00:00.000Z,False,False,True,2653,Troy,fbs,Sun Belt,,2348,Louisiana Tech,fbs,Sun Belt,
401871099,2026,11,regular,2026-11-14T05:00:00.000Z,False,False,True,2348,Louisiana Tech,fbs,Sun Belt,,2572,Southern Miss,fbs,Sun Belt,
401871100,2026,11,regular,2026-11-14T05:00:00.000Z,False,False,True,6,South Alabama,fbs,Sun Belt,,2653,Troy,fbs,Sun Belt,
401871101,2026,12,regular,2026-11-21T05:00:00.000Z,False,False,True,2572,Southern Miss,fbs,Sun Belt,,6,South Alabama,fbs,Sun Belt,
401871102,2026,13,regular,2026-11-28T05:00:00.000Z,False,False,True,2433,UL Monroe,fbs,Sun Belt,,276,Marshall,fbs,Sun Belt,
401871103,2026,13,regular,2026-11-28T05:00:00.000Z,False,False,True,295,Old Dominion,fbs,Sun Belt,,2572,Southern Miss,fbs,Sun Belt,
401871472,2026,4,regular,2026-09-26T23:00:00.000Z,False,False,False,2546,Southeast Missouri State,fcs,OVC,,110242,West Florida,fcs,UAC,
401871473,2026,6,regular,2026-10-10T18:00:00.000Z,False,False,True,2815,Lindenwood,fcs,OVC,,2546,Southeast Missouri State,fcs,OVC,
401872615,2026,1,regular,2026-08-29T23:00:00.000Z,True,False,False,2571,South Dakota State,fcs,MVFC,70,56,Stetson,fcs,Pioneer,7
401872616,2026,2,regular,2026-09-12T23:00:00.000Z,False,False,False,2571,South Dakota State,fcs,MVFC,,2441,New Haven,fcs,NEC,
401872617,2026,10,regular,2026-11-07T19:00:00.000Z,False,False,True,2460,Northern Iowa,fcs,MVFC,,2571,South Dakota State,fcs,MVFC,
401872618,2026,4,regular,2026-09-26T17:00:00.000Z,False,False,False,2771,Merrimack,fcs,FCS Independents,,2441,New Haven,fcs,NEC,
401872619,2026,12,regular,2026-11-21T17:00:00.000Z,False,False,True,163,Princeton,fcs,Ivy,,219,Pennsylvania,fcs,Ivy,
401872643,2026,12,regular,2026-11-21T17:00:00.000Z,False,False,True,2385,Mercyhurst,fcs,NEC,,2441,New Haven,fcs,NEC,
401873620,2026,3,regular,2026-09-19T17:00:00.000Z,False,False,False,2385,Mercyhurst,fcs,NEC,,2249,Glenville State,ii,Mountain East,
401874035,2026,1,regular,2026-08-27T23:00:00.000Z,True,False,False,110242,West Florida,fcs,UAC,34,79,Southern Illinois,fcs,MVFC,31
401874036,2026,6,regular,2026-10-10T21:00:00.000Z,False,False,False,110242,West Florida,fcs,UAC,,196,Northeastern State,ii,Independent DII,
401874037,2026,7,regular,2026-10-17T21:00:00.000Z,False,False,False,110242,West Florida,fcs,UAC,,2695,West Alabama,ii,Gulf South,
401874042,2026,1,regular,2026-08-29T23:00:00.000Z,True,False,False,2382,Mercer,fcs,Southern,23,2837,East Texas A&M,fcs,Southland,15
401891330,2026,12,regular,2026-11-21T19:00:00.000Z,False,False,False,253,Southern Utah,fcs,Big Sky,,2130,Chicago State,fcs,FCS Independents,
401891332,2026,1,regular,2026-08-29T23:00:00.000Z,True,False,False,2287,Illinois State,fcs,MVFC,76,2595,St. Francis (IL),,,0
401896383,2026,1,regular,2026-08-27T22:00:00.000Z,True,False,False,2413,Morehead State,fcs,Pioneer,40,2477,Ohio Dominican,ii,Great Midwest Athletic,42
401896384,2026,1,regular,2026-08-27T23:00:00.000Z,True,False,False,2166,Davidson,fcs,Pioneer,35,2148,Concord,ii,Mountain East,41
401896385,2026,1,regular,2026-08-29T23:00:00.000Z,True,False,False,2016,Alcorn State,fcs,SWAC,56,2396,Miles,ii,SIAC,7
401913104,2026,1,regular,2026-08-29T23:00:00.000Z,True,False,False,2916,Incarnate Word,fcs,Southland,76,2824,Oklahoma Panhandle,ii,Independent DII,14
401915931,2026,11,regular,2026-11-14T18:00:00.000Z,False,False,False,2130,Chicago State,fcs,FCS Independents,,2355,Virginia Lynchburg,,,
401917058,2026,1,regular,2026-09-06T15:00:00.000Z,True,False,False,2097,Campbell,fcs,Coastal Athletic,28,2717,Western Carolina,fcs,Southern,19
