season,team_id,team_name,roster_response_available,roster_status,continuity_history_window_start_season,first_evaluable_target_season,continuity_target_evaluable,continuity_history_status,continuity_censor_reason,roster_player_rows,unique_roster_player_ids,roster_rows_with_player_id,roster_rows_with_player_name,roster_rows_with_position,roster_rows_with_jersey_number,duplicate_id_team_season_rows,roster_rows_missing_player_id,identifiable_ol_player_count,ol_player_ids_available,ol_player_ids_missing,ol_with_prior_same_program_roster_link,ol_with_no_prior_same_program_roster_link,aggregate_prior_program_roster_seasons_for_linked_ol,ol_source_rows,ambiguous_ol_position_rows,unknown_position_rows,history_left_censored,pair_count_evaluable,pair_count_history_censored,pair_count_identity_unresolved,total_pairwise_shared_seasons,mean_pairwise_shared_seasons,max_pairwise_shared_seasons,pairs_with_at_least_1_shared_season,pairs_with_at_least_2_shared_seasons,pairs_with_at_least_3_shared_seasons,largest_target_ol_group_on_one_prior_roster,ol_with_no_prior_roster_season_at_current_program,ol_share_with_no_prior_roster_season_at_current_program,prior_roster_seasons_available_in_panel,continuity_history_seasons_available
2004,2,Auburn,true,roster_present_no_identifiable_ol,2009,2010,false,censored_incomplete_pre_2009_history,source_history_incomplete_before_2009,30,30,30,30,0,0,0,0,0,0,0,,,,0,0,30,true,0,0,0,,,,,,,,,,0,0
2004,5,UAB,true,roster_present_no_identifiable_ol,2009,2010,false,censored_incomplete_pre_2009_history,source_history_incomplete_before_2009,23,23,23,23,0,0,0,0,0,0,0,,,,0,0,23,true,0,0,0,,,,,,,,,,0,0
2004,8,Arkansas,true,roster_present_no_identifiable_ol,2009,2010,false,censored_incomplete_pre_2009_history,source_history_incomplete_before_2009,23,23,23,23,0,0,0,0,0,0,0,,,,0,0,23,true,0,0,0,,,,,,,,,,0,0
2004,9,Arizona State,true,roster_present_no_identifiable_ol,2009,2010,false,censored_incomplete_pre_2009_history,source_history_incomplete_before_2009,27,27,27,27,0,0,0,0,0,0,0,,,,0,0,27,true,0,0,0,,,,,,,,,,0,0
2004,12,Arizona,true,roster_present_no_identifiable_ol,2009,2010,false,censored_incomplete_pre_2009_history,source_history_incomplete_before_2009,24,24,24,24,0,0,0,0,0,0,0,,,,0,0,24,true,0,0,0,,,,,,,,,,0,0
2004,21,San Diego State,true,roster_present_no_identifiable_ol,2009,2010,false,censored_incomplete_pre_2009_history,source_history_incomplete_before_2009,32,32,32,32,0,0,0,0,0,0,0,,,,0,0,32,true,0,0,0,,,,,,,,,,0,0
2004,23,San José State,true,roster_present_no_identifiable_ol,2009,2010,false,censored_incomplete_pre_2009_history,source_history_incomplete_before_2009,25,25,25,25,0,0,0,0,0,0,0,,,,0,0,25,true,0,0,0,,,,,,,,,,0,0
2004,24,Stanford,true,roster_present_no_identifiable_ol,2009,2010,false,censored_incomplete_pre_2009_history,source_history_incomplete_before_2009,31,31,31,31,0,0,0,0,0,0,0,,,,0,0,31,true,0,0,0,,,,,,,,,,0,0
2004,25,California,true,roster_present_no_identifiable_ol,2009,2010,false,censored_incomplete_pre_2009_history,source_history_incomplete_before_2009,31,31,31,31,0,0,0,0,0,0,0,,,,0,0,31,true,0,0,0,,,,,,,,,,0,0
2004,26,UCLA,true,roster_present_no_identifiable_ol,2009,2010,false,censored_incomplete_pre_2009_history,source_history_incomplete_before_2009,26,26,26,26,0,0,0,0,0,0,0,,,,0,0,26,true,0,0,0,,,,,,,,,,0,0
2004,30,USC,true,roster_present_no_identifiable_ol,2009,2010,false,censored_incomplete_pre_2009_history,source_history_incomplete_before_2009,35,35,35,35,0,0,0,0,0,0,0,,,,0,0,35,true,0,0,0,,,,,,,,,,0,0
2004,36,Colorado State,true,roster_present_no_identifiable_ol,2009,2010,false,censored_incomplete_pre_2009_history,source_history_incomplete_before_2009,29,29,29,29,0,0,0,0,0,0,0,,,,0,0,29,true,0,0,0,,,,,,,,,,0,0
2004,38,Colorado,true,roster_present_no_identifiable_ol,2009,2010,false,censored_incomplete_pre_2009_history,source_history_incomplete_before_2009,35,35,35,35,0,0,0,0,0,0,0,,,,0,0,35,true,0,0,0,,,,,,,,,,0,0
2004,41,UConn,true,roster_present_no_identifiable_ol,2009,2010,false,censored_incomplete_pre_2009_history,source_history_incomplete_before_2009,24,24,24,24,0,0,0,0,0,0,0,,,,0,0,24,true,0,0,0,,,,,,,,,,0,0
2004,50,Florida A&M,true,roster_present_no_identifiable_ol,2009,2010,false,censored_incomplete_pre_2009_history,source_history_incomplete_before_2009,18,18,18,18,0,0,0,0,0,0,0,,,,0,0,18,true,0,0,0,,,,,,,,,,0,0
2004,52,Florida State,true,roster_present_no_identifiable_ol,2009,2010,false,censored_incomplete_pre_2009_history,source_history_incomplete_before_2009,36,36,36,36,0,0,0,0,0,0,0,,,,0,0,36,true,0,0,0,,,,,,,,,,0,0
2004,57,Florida,true,roster_present_no_identifiable_ol,2009,2010,false,censored_incomplete_pre_2009_history,source_history_incomplete_before_2009,31,31,31,31,0,0,0,0,0,0,0,,,,0,0,31,true,0,0,0,,,,,,,,,,0,0
2004,58,South Florida,true,roster_present_no_identifiable_ol,2009,2010,false,censored_incomplete_pre_2009_history,source_history_incomplete_before_2009,24,24,24,24,0,0,0,0,0,0,0,,,,0,0,24,true,0,0,0,,,,,,,,,,0,0
2004,59,Georgia Tech,true,roster_present_no_identifiable_ol,2009,2010,false,censored_incomplete_pre_2009_history,source_history_incomplete_before_2009,31,31,31,31,0,0,0,0,0,0,0,,,,0,0,31,true,0,0,0,,,,,,,,,,0,0
2004,61,Georgia,true,roster_present_no_identifiable_ol,2009,2010,false,censored_incomplete_pre_2009_history,source_history_incomplete_before_2009,29,29,29,29,0,0,0,0,0,0,0,,,,0,0,29,true,0,0,0,,,,,,,,,,0,0
2004,62,Hawai'i,true,roster_present_no_identifiable_ol,2009,2010,false,censored_incomplete_pre_2009_history,source_history_incomplete_before_2009,26,26,26,26,0,0,0,0,0,0,0,,,,0,0,26,true,0,0,0,,,,,,,,,,0,0
2004,66,Iowa State,true,roster_present_no_identifiable_ol,2009,2010,false,censored_incomplete_pre_2009_history,source_history_incomplete_before_2009,30,30,30,30,0,0,0,0,0,0,0,,,,0,0,30,true,0,0,0,,,,,,,,,,0,0
2004,68,Boise State,true,roster_present_no_identifiable_ol,2009,2010,false,censored_incomplete_pre_2009_history,source_history_incomplete_before_2009,34,34,34,34,0,0,0,0,0,0,0,,,,0,0,34,true,0,0,0,,,,,,,,,,0,0
2004,70,Idaho,true,roster_present_no_identifiable_ol,2009,2010,false,censored_incomplete_pre_2009_history,source_history_incomplete_before_2009,27,27,27,27,0,0,0,0,0,0,0,,,,0,0,27,true,0,0,0,,,,,,,,,,0,0
2004,77,Northwestern,true,roster_present_no_identifiable_ol,2009,2010,false,censored_incomplete_pre_2009_history,source_history_incomplete_before_2009,22,22,22,22,0,0,0,0,0,0,0,,,,0,0,22,true,0,0,0,,,,,,,,,,0,0
2004,84,Indiana,true,roster_present_no_identifiable_ol,2009,2010,false,censored_incomplete_pre_2009_history,source_history_incomplete_before_2009,24,24,24,24,0,0,0,0,0,0,0,,,,0,0,24,true,0,0,0,,,,,,,,,,0,0
2004,87,Notre Dame,true,roster_present_no_identifiable_ol,2009,2010,false,censored_incomplete_pre_2009_history,source_history_incomplete_before_2009,30,30,30,30,0,0,0,0,0,0,0,,,,0,0,30,true,0,0,0,,,,,,,,,,0,0
2004,96,Kentucky,true,roster_present_no_identifiable_ol,2009,2010,false,censored_incomplete_pre_2009_history,source_history_incomplete_before_2009,34,34,34,34,0,0,0,0,0,0,0,,,,0,0,34,true,0,0,0,,,,,,,,,,0,0
2004,97,Louisville,true,roster_present_no_identifiable_ol,2009,2010,false,censored_incomplete_pre_2009_history,source_history_incomplete_before_2009,32,32,32,32,0,0,0,0,0,0,0,,,,0,0,32,true,0,0,0,,,,,,,,,,0,0
2004,99,LSU,true,roster_present_no_identifiable_ol,2009,2010,false,censored_incomplete_pre_2009_history,source_history_incomplete_before_2009,32,32,32,32,0,0,0,0,0,0,0,,,,0,0,32,true,0,0,0,,,,,,,,,,0,0
2004,103,Boston College,true,roster_present_no_identifiable_ol,2009,2010,false,censored_incomplete_pre_2009_history,source_history_incomplete_before_2009,32,32,32,32,1,1,0,0,0,0,0,,,,0,0,31,true,0,0,0,,,,,,,,,,0,0
2004,120,Maryland,true,roster_present_no_identifiable_ol,2009,2010,false,censored_incomplete_pre_2009_history,source_history_incomplete_before_2009,27,27,27,27,0,0,0,0,0,0,0,,,,0,0,27,true,0,0,0,,,,,,,,,,0,0
2004,127,Michigan State,true,roster_present_no_identifiable_ol,2009,2010,false,censored_incomplete_pre_2009_history,source_history_incomplete_before_2009,27,27,27,27,0,0,0,0,0,0,0,,,,0,0,27,true,0,0,0,,,,,,,,,,0,0
2004,130,Michigan,true,roster_present_no_identifiable_ol,2009,2010,false,censored_incomplete_pre_2009_history,source_history_incomplete_before_2009,29,29,29,29,0,0,0,0,0,0,0,,,,0,0,29,true,0,0,0,,,,,,,,,,0,0
2004,135,Minnesota,true,roster_present_no_identifiable_ol,2009,2010,false,censored_incomplete_pre_2009_history,source_history_incomplete_before_2009,24,24,24,24,0,0,0,0,0,0,0,,,,0,0,24,true,0,0,0,,,,,,,,,,0,0
2004,142,Missouri,true,roster_present_no_identifiable_ol,2009,2010,false,censored_incomplete_pre_2009_history,source_history_incomplete_before_2009,30,30,30,30,0,0,0,0,0,0,0,,,,0,0,30,true,0,0,0,,,,,,,,,,0,0
2004,145,Ole Miss,true,roster_present_no_identifiable_ol,2009,2010,false,censored_incomplete_pre_2009_history,source_history_incomplete_before_2009,25,25,25,25,0,0,0,0,0,0,0,,,,0,0,25,true,0,0,0,,,,,,,,,,0,0
2004,150,Duke,true,roster_present_no_identifiable_ol,2009,2010,false,censored_incomplete_pre_2009_history,source_history_incomplete_before_2009,29,29,29,29,0,0,0,0,0,0,0,,,,0,0,29,true,0,0,0,,,,,,,,,,0,0
2004,151,East Carolina,true,roster_present_no_identifiable_ol,2009,2010,false,censored_incomplete_pre_2009_history,source_history_incomplete_before_2009,29,29,29,29,0,0,0,0,0,0,0,,,,0,0,29,true,0,0,0,,,,,,,,,,0,0
2004,152,NC State,true,roster_present_no_identifiable_ol,2009,2010,false,censored_incomplete_pre_2009_history,source_history_incomplete_before_2009,25,25,25,25,1,1,0,0,0,0,0,,,,0,0,24,true,0,0,0,,,,,,,,,,0,0
2004,153,North Carolina,true,roster_present_no_identifiable_ol,2009,2010,false,censored_incomplete_pre_2009_history,source_history_incomplete_before_2009,31,31,31,31,0,0,0,0,0,0,0,,,,0,0,31,true,0,0,0,,,,,,,,,,0,0
2004,154,Wake Forest,true,roster_present_no_identifiable_ol,2009,2010,false,censored_incomplete_pre_2009_history,source_history_incomplete_before_2009,32,32,32,32,0,0,0,0,0,0,0,,,,0,0,32,true,0,0,0,,,,,,,,,,0,0
2004,158,Nebraska,true,roster_present_no_identifiable_ol,2009,2010,false,censored_incomplete_pre_2009_history,source_history_incomplete_before_2009,32,32,32,32,0,0,0,0,0,0,0,,,,0,0,32,true,0,0,0,,,,,,,,,,0,0
2004,164,Rutgers,true,roster_present_no_identifiable_ol,2009,2010,false,censored_incomplete_pre_2009_history,source_history_incomplete_before_2009,26,26,26,26,0,0,0,0,0,0,0,,,,0,0,26,true,0,0,0,,,,,,,,,,0,0
2004,166,New Mexico State,true,roster_present_no_identifiable_ol,2009,2010,false,censored_incomplete_pre_2009_history,source_history_incomplete_before_2009,29,29,29,29,0,0,0,0,0,0,0,,,,0,0,29,true,0,0,0,,,,,,,,,,0,0
2004,167,New Mexico,true,roster_present_no_identifiable_ol,2009,2010,false,censored_incomplete_pre_2009_history,source_history_incomplete_before_2009,27,27,27,27,0,0,0,0,0,0,0,,,,0,0,27,true,0,0,0,,,,,,,,,,0,0
2004,183,Syracuse,true,roster_present_no_identifiable_ol,2009,2010,false,censored_incomplete_pre_2009_history,source_history_incomplete_before_2009,26,26,26,26,0,0,0,0,0,0,0,,,,0,0,26,true,0,0,0,,,,,,,,,,0,0
2004,189,Bowling Green,true,roster_present_no_identifiable_ol,2009,2010,false,censored_incomplete_pre_2009_history,source_history_incomplete_before_2009,25,25,25,25,0,0,0,0,0,0,0,,,,0,0,25,true,0,0,0,,,,,,,,,,0,0
2004,193,Miami (OH),true,roster_present_no_identifiable_ol,2009,2010,false,censored_incomplete_pre_2009_history,source_history_incomplete_before_2009,30,30,30,30,0,0,0,0,0,0,0,,,,0,0,30,true,0,0,0,,,,,,,,,,0,0
2004,194,Ohio State,true,roster_present_no_identifiable_ol,2009,2010,false,censored_incomplete_pre_2009_history,source_history_incomplete_before_2009,27,27,27,27,0,0,0,0,0,0,0,,,,0,0,27,true,0,0,0,,,,,,,,,,0,0
2004,195,Ohio,true,roster_present_no_identifiable_ol,2009,2010,false,censored_incomplete_pre_2009_history,source_history_incomplete_before_2009,30,30,30,30,0,0,0,0,0,0,0,,,,0,0,30,true,0,0,0,,,,,,,,,,0,0
2004,197,Oklahoma State,true,roster_present_no_identifiable_ol,2009,2010,false,censored_incomplete_pre_2009_history,source_history_incomplete_before_2009,28,28,28,28,0,0,0,0,0,0,0,,,,0,0,28,true,0,0,0,,,,,,,,,,0,0
2004,201,Oklahoma,true,roster_present_no_identifiable_ol,2009,2010,false,censored_incomplete_pre_2009_history,source_history_incomplete_before_2009,31,31,31,31,0,0,0,0,0,0,0,,,,0,0,31,true,0,0,0,,,,,,,,,,0,0
2004,202,Tulsa,true,roster_present_no_identifiable_ol,2009,2010,false,censored_incomplete_pre_2009_history,source_history_incomplete_before_2009,22,22,22,22,0,0,0,0,0,0,0,,,,0,0,22,true,0,0,0,,,,,,,,,,0,0
2004,204,Oregon State,true,roster_present_no_identifiable_ol,2009,2010,false,censored_incomplete_pre_2009_history,source_history_incomplete_before_2009,26,26,26,26,0,0,0,0,0,0,0,,,,0,0,26,true,0,0,0,,,,,,,,,,0,0
2004,213,Penn State,true,roster_present_no_identifiable_ol,2009,2010,false,censored_incomplete_pre_2009_history,source_history_incomplete_before_2009,33,33,33,33,0,0,0,0,0,0,0,,,,0,0,33,true,0,0,0,,,,,,,,,,0,0
2004,218,Temple,true,roster_present_no_identifiable_ol,2009,2010,false,censored_incomplete_pre_2009_history,source_history_incomplete_before_2009,23,23,23,23,0,0,0,0,0,0,0,,,,0,0,23,true,0,0,0,,,,,,,,,,0,0
2004,221,Pittsburgh,true,roster_present_no_identifiable_ol,2009,2010,false,censored_incomplete_pre_2009_history,source_history_incomplete_before_2009,29,29,29,29,0,0,0,0,0,0,0,,,,0,0,29,true,0,0,0,,,,,,,,,,0,0
2004,228,Clemson,true,roster_present_no_identifiable_ol,2009,2010,false,censored_incomplete_pre_2009_history,source_history_incomplete_before_2009,24,24,24,24,1,1,0,0,0,0,0,,,,0,0,23,true,0,0,0,,,,,,,,,,0,0
2004,235,Memphis,true,roster_present_no_identifiable_ol,2009,2010,false,censored_incomplete_pre_2009_history,source_history_incomplete_before_2009,23,23,23,23,0,0,0,0,0,0,0,,,,0,0,23,true,0,0,0,,,,,,,,,,0,0
2004,238,Vanderbilt,true,roster_present_no_identifiable_ol,2009,2010,false,censored_incomplete_pre_2009_history,source_history_incomplete_before_2009,24,24,24,24,0,0,0,0,0,0,0,,,,0,0,24,true,0,0,0,,,,,,,,,,0,0
2004,239,Baylor,true,roster_present_no_identifiable_ol,2009,2010,false,censored_incomplete_pre_2009_history,source_history_incomplete_before_2009,24,24,24,24,0,0,0,0,0,0,0,,,,0,0,24,true,0,0,0,,,,,,,,,,0,0
2004,242,Rice,true,roster_present_no_identifiable_ol,2009,2010,false,censored_incomplete_pre_2009_history,source_history_incomplete_before_2009,29,29,29,29,0,0,0,0,0,0,0,,,,0,0,29,true,0,0,0,,,,,,,,,,0,0
2004,245,Texas A&M,true,roster_present_no_identifiable_ol,2009,2010,false,censored_incomplete_pre_2009_history,source_history_incomplete_before_2009,30,30,30,30,0,0,0,0,0,0,0,,,,0,0,30,true,0,0,0,,,,,,,,,,0,0
2004,248,Houston,true,roster_present_no_identifiable_ol,2009,2010,false,censored_incomplete_pre_2009_history,source_history_incomplete_before_2009,26,26,26,26,0,0,0,0,0,0,0,,,,0,0,26,true,0,0,0,,,,,,,,,,0,0
2004,249,North Texas,true,roster_present_no_identifiable_ol,2009,2010,false,censored_incomplete_pre_2009_history,source_history_incomplete_before_2009,25,25,25,25,0,0,0,0,0,0,0,,,,0,0,25,true,0,0,0,,,,,,,,,,0,0
2004,251,Texas,true,roster_present_no_identifiable_ol,2009,2010,false,censored_incomplete_pre_2009_history,source_history_incomplete_before_2009,37,37,37,37,0,0,0,0,0,0,0,,,,0,0,37,true,0,0,0,,,,,,,,,,0,0
2004,252,BYU,true,roster_present_no_identifiable_ol,2009,2010,false,censored_incomplete_pre_2009_history,source_history_incomplete_before_2009,29,29,29,29,1,1,0,0,0,0,0,,,,0,0,28,true,0,0,0,,,,,,,,,,0,0
2004,254,Utah,true,roster_present_no_identifiable_ol,2009,2010,false,censored_incomplete_pre_2009_history,source_history_incomplete_before_2009,34,34,34,34,0,0,0,0,0,0,0,,,,0,0,34,true,0,0,0,,,,,,,,,,0,0
2004,258,Virginia,true,roster_present_no_identifiable_ol,2009,2010,false,censored_incomplete_pre_2009_history,source_history_incomplete_before_2009,31,31,31,31,0,0,0,0,0,0,0,,,,0,0,31,true,0,0,0,,,,,,,,,,0,0
2004,259,Virginia Tech,true,roster_present_no_identifiable_ol,2009,2010,false,censored_incomplete_pre_2009_history,source_history_incomplete_before_2009,32,32,32,32,0,0,0,0,0,0,0,,,,0,0,32,true,0,0,0,,,,,,,,,,0,0
2004,264,Washington,true,roster_present_no_identifiable_ol,2009,2010,false,censored_incomplete_pre_2009_history,source_history_incomplete_before_2009,32,32,32,32,0,0,0,0,0,0,0,,,,0,0,32,true,0,0,0,,,,,,,,,,0,0
2004,265,Washington State,true,roster_present_no_identifiable_ol,2009,2010,false,censored_incomplete_pre_2009_history,source_history_incomplete_before_2009,30,30,30,30,0,0,0,0,0,0,0,,,,0,0,30,true,0,0,0,,,,,,,,,,0,0
2004,275,Wisconsin,true,roster_present_no_identifiable_ol,2009,2010,false,censored_incomplete_pre_2009_history,source_history_incomplete_before_2009,26,26,26,26,0,0,0,0,0,0,0,,,,0,0,26,true,0,0,0,,,,,,,,,,0,0
2004,276,Marshall,true,roster_present_no_identifiable_ol,2009,2010,false,censored_incomplete_pre_2009_history,source_history_incomplete_before_2009,32,32,32,32,0,0,0,0,0,0,0,,,,0,0,32,true,0,0,0,,,,,,,,,,0,0
2004,277,West Virginia,true,roster_present_no_identifiable_ol,2009,2010,false,censored_incomplete_pre_2009_history,source_history_incomplete_before_2009,34,34,34,34,0,0,0,0,0,0,0,,,,0,0,34,true,0,0,0,,,,,,,,,,0,0
2004,278,Fresno State,true,roster_present_no_identifiable_ol,2009,2010,false,censored_incomplete_pre_2009_history,source_history_incomplete_before_2009,33,33,33,33,0,0,0,0,0,0,0,,,,0,0,33,true,0,0,0,,,,,,,,,,0,0
2004,309,Louisiana,true,roster_present_no_identifiable_ol,2009,2010,false,censored_incomplete_pre_2009_history,source_history_incomplete_before_2009,24,24,24,24,0,0,0,0,0,0,0,,,,0,0,24,true,0,0,0,,,,,,,,,,0,0
2004,328,Utah State,true,roster_present_no_identifiable_ol,2009,2010,false,censored_incomplete_pre_2009_history,source_history_incomplete_before_2009,28,28,28,28,0,0,0,0,0,0,0,,,,0,0,28,true,0,0,0,,,,,,,,,,0,0
2004,333,Alabama,true,roster_present_no_identifiable_ol,2009,2010,false,censored_incomplete_pre_2009_history,source_history_incomplete_before_2009,28,28,28,28,0,0,0,0,0,0,0,,,,0,0,28,true,0,0,0,,,,,,,,,,0,0
2004,344,Mississippi State,true,roster_present_no_identifiable_ol,2009,2010,false,censored_incomplete_pre_2009_history,source_history_incomplete_before_2009,28,28,28,28,0,0,0,0,0,0,0,,,,0,0,28,true,0,0,0,,,,,,,,,,0,0
2004,349,Army,true,roster_present_no_identifiable_ol,2009,2010,false,censored_incomplete_pre_2009_history,source_history_incomplete_before_2009,26,26,26,26,0,0,0,0,0,0,0,,,,0,0,26,true,0,0,0,,,,,,,,,,0,0
2004,356,Illinois,true,roster_present_no_identifiable_ol,2009,2010,false,censored_incomplete_pre_2009_history,source_history_incomplete_before_2009,29,29,29,29,0,0,0,0,0,0,0,,,,0,0,29,true,0,0,0,,,,,,,,,,0,0
2004,2005,Air Force,true,roster_present_no_identifiable_ol,2009,2010,false,censored_incomplete_pre_2009_history,source_history_incomplete_before_2009,30,30,30,30,0,0,0,0,0,0,0,,,,0,0,30,true,0,0,0,,,,,,,,,,0,0
2004,2006,Akron,true,roster_present_no_identifiable_ol,2009,2010,false,censored_incomplete_pre_2009_history,source_history_incomplete_before_2009,26,26,26,26,1,1,0,0,0,0,0,,,,0,0,25,true,0,0,0,,,,,,,,,,0,0
2004,2032,Arkansas State,true,roster_present_no_identifiable_ol,2009,2010,false,censored_incomplete_pre_2009_history,source_history_incomplete_before_2009,24,24,24,24,0,0,0,0,0,0,0,,,,0,0,24,true,0,0,0,,,,,,,,,,0,0
2004,2050,Ball State,true,roster_present_no_identifiable_ol,2009,2010,false,censored_incomplete_pre_2009_history,source_history_incomplete_before_2009,21,21,21,21,0,0,0,0,0,0,0,,,,0,0,21,true,0,0,0,,,,,,,,,,0,0
2004,2084,Buffalo,true,roster_present_no_identifiable_ol,2009,2010,false,censored_incomplete_pre_2009_history,source_history_incomplete_before_2009,23,23,23,23,0,0,0,0,0,0,0,,,,0,0,23,true,0,0,0,,,,,,,,,,0,0
2004,2116,UCF,true,roster_present_no_identifiable_ol,2009,2010,false,censored_incomplete_pre_2009_history,source_history_incomplete_before_2009,23,23,23,23,0,0,0,0,0,0,0,,,,0,0,23,true,0,0,0,,,,,,,,,,0,0
2004,2117,Central Michigan,true,roster_present_no_identifiable_ol,2009,2010,false,censored_incomplete_pre_2009_history,source_history_incomplete_before_2009,24,24,24,24,0,0,0,0,0,0,0,,,,0,0,24,true,0,0,0,,,,,,,,,,0,0
2004,2132,Cincinnati,true,roster_present_no_identifiable_ol,2009,2010,false,censored_incomplete_pre_2009_history,source_history_incomplete_before_2009,28,28,28,28,0,0,0,0,0,0,0,,,,0,0,28,true,0,0,0,,,,,,,,,,0,0
2004,2199,Eastern Michigan,true,roster_present_no_identifiable_ol,2009,2010,false,censored_incomplete_pre_2009_history,source_history_incomplete_before_2009,22,22,22,22,0,0,0,0,0,0,0,,,,0,0,22,true,0,0,0,,,,,,,,,,0,0
2004,2226,Florida Atlantic,true,roster_present_no_identifiable_ol,2009,2010,false,censored_incomplete_pre_2009_history,source_history_incomplete_before_2009,21,21,21,21,0,0,0,0,0,0,0,,,,0,0,21,true,0,0,0,,,,,,,,,,0,0
2004,2294,Iowa,true,roster_present_no_identifiable_ol,2009,2010,false,censored_incomplete_pre_2009_history,source_history_incomplete_before_2009,30,30,30,30,0,0,0,0,0,0,0,,,,0,0,30,true,0,0,0,,,,,,,,,,0,0
2004,2305,Kansas,true,roster_present_no_identifiable_ol,2009,2010,false,censored_incomplete_pre_2009_history,source_history_incomplete_before_2009,28,28,28,28,0,0,0,0,0,0,0,,,,0,0,28,true,0,0,0,,,,,,,,,,0,0
2004,2306,Kansas State,true,roster_present_no_identifiable_ol,2009,2010,false,censored_incomplete_pre_2009_history,source_history_incomplete_before_2009,24,24,24,24,0,0,0,0,0,0,0,,,,0,0,24,true,0,0,0,,,,,,,,,,0,0
2004,2309,Kent State,true,roster_present_no_identifiable_ol,2009,2010,false,censored_incomplete_pre_2009_history,source_history_incomplete_before_2009,27,27,27,27,0,0,0,0,0,0,0,,,,0,0,27,true,0,0,0,,,,,,,,,,0,0
2004,2348,Louisiana Tech,true,roster_present_no_identifiable_ol,2009,2010,false,censored_incomplete_pre_2009_history,source_history_incomplete_before_2009,28,28,28,28,0,0,0,0,0,0,0,,,,0,0,28,true,0,0,0,,,,,,,,,,0,0
2004,2390,Miami,true,roster_present_no_identifiable_ol,2009,2010,false,censored_incomplete_pre_2009_history,source_history_incomplete_before_2009,29,29,29,29,0,0,0,0,0,0,0,,,,0,0,29,true,0,0,0,,,,,,,,,,0,0
2004,2393,Middle Tennessee,true,roster_present_no_identifiable_ol,2009,2010,false,censored_incomplete_pre_2009_history,source_history_incomplete_before_2009,22,22,22,22,0,0,0,0,0,0,0,,,,0,0,22,true,0,0,0,,,,,,,,,,0,0
2004,2426,Navy,true,roster_present_no_identifiable_ol,2009,2010,false,censored_incomplete_pre_2009_history,source_history_incomplete_before_2009,29,29,29,29,0,0,0,0,0,0,0,,,,0,0,29,true,0,0,0,,,,,,,,,,0,0
2004,2433,UL Monroe,true,roster_present_no_identifiable_ol,2009,2010,false,censored_incomplete_pre_2009_history,source_history_incomplete_before_2009,29,29,29,29,0,0,0,0,0,0,0,,,,0,0,29,true,0,0,0,,,,,,,,,,0,0
2004,2439,UNLV,true,roster_present_no_identifiable_ol,2009,2010,false,censored_incomplete_pre_2009_history,source_history_incomplete_before_2009,24,24,24,24,0,0,0,0,0,0,0,,,,0,0,24,true,0,0,0,,,,,,,,,,0,0
2004,2440,Nevada,true,roster_present_no_identifiable_ol,2009,2010,false,censored_incomplete_pre_2009_history,source_history_incomplete_before_2009,25,25,25,25,0,0,0,0,0,0,0,,,,0,0,25,true,0,0,0,,,,,,,,,,0,0
2004,2459,Northern Illinois,true,roster_present_no_identifiable_ol,2009,2010,false,censored_incomplete_pre_2009_history,source_history_incomplete_before_2009,28,28,28,28,0,0,0,0,0,0,0,,,,0,0,28,true,0,0,0,,,,,,,,,,0,0
2004,2483,Oregon,true,roster_present_no_identifiable_ol,2009,2010,false,censored_incomplete_pre_2009_history,source_history_incomplete_before_2009,30,30,30,30,0,0,0,0,0,0,0,,,,0,0,30,true,0,0,0,,,,,,,,,,0,0
2004,2509,Purdue,true,roster_present_no_identifiable_ol,2009,2010,false,censored_incomplete_pre_2009_history,source_history_incomplete_before_2009,28,28,28,28,1,1,0,0,0,0,0,,,,0,0,27,true,0,0,0,,,,,,,,,,0,0
2004,2567,SMU,true,roster_present_no_identifiable_ol,2009,2010,false,censored_incomplete_pre_2009_history,source_history_incomplete_before_2009,27,27,27,27,0,0,0,0,0,0,0,,,,0,0,27,true,0,0,0,,,,,,,,,,0,0
2004,2572,Southern Miss,true,roster_present_no_identifiable_ol,2009,2010,false,censored_incomplete_pre_2009_history,source_history_incomplete_before_2009,30,30,30,30,0,0,0,0,0,0,0,,,,0,0,30,true,0,0,0,,,,,,,,,,0,0
2004,2579,South Carolina,true,roster_present_no_identifiable_ol,2009,2010,false,censored_incomplete_pre_2009_history,source_history_incomplete_before_2009,33,33,33,33,0,0,0,0,0,0,0,,,,0,0,33,true,0,0,0,,,,,,,,,,0,0
2004,2628,TCU,true,roster_present_no_identifiable_ol,2009,2010,false,censored_incomplete_pre_2009_history,source_history_incomplete_before_2009,30,30,30,30,0,0,0,0,0,0,0,,,,0,0,30,true,0,0,0,,,,,,,,,,0,0
2004,2633,Tennessee,true,roster_present_no_identifiable_ol,2009,2010,false,censored_incomplete_pre_2009_history,source_history_incomplete_before_2009,28,28,28,28,0,0,0,0,0,0,0,,,,0,0,28,true,0,0,0,,,,,,,,,,0,0
2004,2638,UTEP,true,roster_present_no_identifiable_ol,2009,2010,false,censored_incomplete_pre_2009_history,source_history_incomplete_before_2009,30,30,30,30,0,0,0,0,0,0,0,,,,0,0,30,true,0,0,0,,,,,,,,,,0,0
2004,2641,Texas Tech,true,roster_present_no_identifiable_ol,2009,2010,false,censored_incomplete_pre_2009_history,source_history_incomplete_before_2009,27,27,27,27,1,1,0,0,0,0,0,,,,0,0,26,true,0,0,0,,,,,,,,,,0,0
2004,2649,Toledo,true,roster_present_no_identifiable_ol,2009,2010,false,censored_incomplete_pre_2009_history,source_history_incomplete_before_2009,27,27,27,27,0,0,0,0,0,0,0,,,,0,0,27,true,0,0,0,,,,,,,,,,0,0
2004,2653,Troy,true,roster_present_no_identifiable_ol,2009,2010,false,censored_incomplete_pre_2009_history,source_history_incomplete_before_2009,31,31,31,31,0,0,0,0,0,0,0,,,,0,0,31,true,0,0,0,,,,,,,,,,0,0
2004,2655,Tulane,true,roster_present_no_identifiable_ol,2009,2010,false,censored_incomplete_pre_2009_history,source_history_incomplete_before_2009,26,26,26,26,0,0,0,0,0,0,0,,,,0,0,26,true,0,0,0,,,,,,,,,,0,0
2004,2711,Western Michigan,true,roster_present_no_identifiable_ol,2009,2010,false,censored_incomplete_pre_2009_history,source_history_incomplete_before_2009,29,29,29,29,0,0,0,0,0,0,0,,,,0,0,29,true,0,0,0,,,,,,,,,,0,0
2004,2751,Wyoming,true,roster_present_no_identifiable_ol,2009,2010,false,censored_incomplete_pre_2009_history,source_history_incomplete_before_2009,29,29,29,29,0,0,0,0,0,0,0,,,,0,0,29,true,0,0,0,,,,,,,,,,0,0
2005,2,Auburn,true,roster_present_no_identifiable_ol,2009,2010,false,censored_incomplete_pre_2009_history,source_history_incomplete_before_2009,29,29,29,29,0,0,0,0,0,0,0,,,,0,0,29,true,0,0,0,,,,,,,,,,1,0
2005,5,UAB,true,roster_present_no_identifiable_ol,2009,2010,false,censored_incomplete_pre_2009_history,source_history_incomplete_before_2009,31,31,31,31,0,0,0,0,0,0,0,,,,0,0,31,true,0,0,0,,,,,,,,,,1,0
2005,8,Arkansas,true,roster_present_no_identifiable_ol,2009,2010,false,censored_incomplete_pre_2009_history,source_history_incomplete_before_2009,30,30,30,30,1,1,0,0,0,0,0,,,,0,0,29,true,0,0,0,,,,,,,,,,1,0
2005,9,Arizona State,true,roster_present_no_identifiable_ol,2009,2010,false,censored_incomplete_pre_2009_history,source_history_incomplete_before_2009,32,32,32,32,1,1,0,0,0,0,0,,,,0,0,31,true,0,0,0,,,,,,,,,,1,0
2005,12,Arizona,true,roster_present_no_identifiable_ol,2009,2010,false,censored_incomplete_pre_2009_history,source_history_incomplete_before_2009,21,21,21,21,0,0,0,0,0,0,0,,,,0,0,21,true,0,0,0,,,,,,,,,,1,0
2005,21,San Diego State,true,roster_present_with_identifiable_ol,2009,2010,false,censored_incomplete_pre_2009_history,source_history_incomplete_before_2009,30,30,30,30,2,2,0,0,1,1,0,,,,1,0,28,true,0,0,0,,,,,,,,,,1,0
2005,23,San José State,true,roster_present_no_identifiable_ol,2009,2010,false,censored_incomplete_pre_2009_history,source_history_incomplete_before_2009,29,29,29,29,3,3,0,0,0,0,0,,,,0,0,26,true,0,0,0,,,,,,,,,,1,0
2005,24,Stanford,true,roster_present_no_identifiable_ol,2009,2010,false,censored_incomplete_pre_2009_history,source_history_incomplete_before_2009,27,27,27,27,0,0,0,0,0,0,0,,,,0,0,27,true,0,0,0,,,,,,,,,,1,0
2005,25,California,true,roster_present_no_identifiable_ol,2009,2010,false,censored_incomplete_pre_2009_history,source_history_incomplete_before_2009,30,30,30,30,0,0,0,0,0,0,0,,,,0,0,30,true,0,0,0,,,,,,,,,,1,0
2005,26,UCLA,true,roster_present_no_identifiable_ol,2009,2010,false,censored_incomplete_pre_2009_history,source_history_incomplete_before_2009,31,31,31,31,3,3,0,0,0,0,0,,,,0,0,28,true,0,0,0,,,,,,,,,,1,0
2005,30,USC,true,roster_present_no_identifiable_ol,2009,2010,false,censored_incomplete_pre_2009_history,source_history_incomplete_before_2009,46,46,46,46,1,1,0,0,0,0,0,,,,0,0,45,true,0,0,0,,,,,,,,,,1,0
2005,36,Colorado State,true,roster_present_no_identifiable_ol,2009,2010,false,censored_incomplete_pre_2009_history,source_history_incomplete_before_2009,26,26,26,26,0,0,0,0,0,0,0,,,,0,0,26,true,0,0,0,,,,,,,,,,1,0
2005,38,Colorado,true,roster_present_no_identifiable_ol,2009,2010,false,censored_incomplete_pre_2009_history,source_history_incomplete_before_2009,38,38,38,38,2,2,0,0,0,0,0,,,,0,0,36,true,0,0,0,,,,,,,,,,1,0
2005,41,UConn,true,roster_present_no_identifiable_ol,2009,2010,false,censored_incomplete_pre_2009_history,source_history_incomplete_before_2009,30,30,30,30,0,0,0,0,0,0,0,,,,0,0,30,true,0,0,0,,,,,,,,,,1,0
2005,52,Florida State,true,roster_present_no_identifiable_ol,2009,2010,false,censored_incomplete_pre_2009_history,source_history_incomplete_before_2009,36,36,36,36,2,2,0,0,0,0,0,,,,0,0,34,true,0,0,0,,,,,,,,,,1,0
2005,57,Florida,true,roster_present_no_identifiable_ol,2009,2010,false,censored_incomplete_pre_2009_history,source_history_incomplete_before_2009,34,34,34,34,1,1,0,0,0,0,0,,,,0,0,33,true,0,0,0,,,,,,,,,,1,0
2005,58,South Florida,true,roster_present_no_identifiable_ol,2009,2010,false,censored_incomplete_pre_2009_history,source_history_incomplete_before_2009,29,29,29,29,1,1,0,0,0,0,0,,,,0,0,28,true,0,0,0,,,,,,,,,,1,0
2005,59,Georgia Tech,true,roster_present_no_identifiable_ol,2009,2010,false,censored_incomplete_pre_2009_history,source_history_incomplete_before_2009,30,30,30,30,0,0,0,0,0,0,0,,,,0,0,30,true,0,0,0,,,,,,,,,,1,0
2005,61,Georgia,true,roster_present_no_identifiable_ol,2009,2010,false,censored_incomplete_pre_2009_history,source_history_incomplete_before_2009,35,35,35,35,0,0,0,0,0,0,0,,,,0,0,35,true,0,0,0,,,,,,,,,,1,0
2005,62,Hawai'i,true,roster_present_no_identifiable_ol,2009,2010,false,censored_incomplete_pre_2009_history,source_history_incomplete_before_2009,30,30,30,30,1,1,0,0,0,0,0,,,,0,0,29,true,0,0,0,,,,,,,,,,1,0
2005,66,Iowa State,true,roster_present_no_identifiable_ol,2009,2010,false,censored_incomplete_pre_2009_history,source_history_incomplete_before_2009,30,30,30,30,0,0,0,0,0,0,0,,,,0,0,30,true,0,0,0,,,,,,,,,,1,0
2005,68,Boise State,true,roster_present_no_identifiable_ol,2009,2010,false,censored_incomplete_pre_2009_history,source_history_incomplete_before_2009,35,35,35,35,0,0,0,0,0,0,0,,,,0,0,35,true,0,0,0,,,,,,,,,,1,0
2005,70,Idaho,true,roster_present_no_identifiable_ol,2009,2010,false,censored_incomplete_pre_2009_history,source_history_incomplete_before_2009,31,31,31,31,0,0,0,0,0,0,0,,,,0,0,31,true,0,0,0,,,,,,,,,,1,0
2005,77,Northwestern,true,roster_present_no_identifiable_ol,2009,2010,false,censored_incomplete_pre_2009_history,source_history_incomplete_before_2009,36,36,36,36,1,1,0,0,0,0,0,,,,0,0,35,true,0,0,0,,,,,,,,,,1,0
2005,84,Indiana,true,roster_present_no_identifiable_ol,2009,2010,false,censored_incomplete_pre_2009_history,source_history_incomplete_before_2009,27,27,27,27,0,0,0,0,0,0,0,,,,0,0,27,true,0,0,0,,,,,,,,,,1,0
2005,87,Notre Dame,true,roster_present_no_identifiable_ol,2009,2010,false,censored_incomplete_pre_2009_history,source_history_incomplete_before_2009,29,29,29,29,0,0,0,0,0,0,0,,,,0,0,29,true,0,0,0,,,,,,,,,,1,0
2005,96,Kentucky,true,roster_present_no_identifiable_ol,2009,2010,false,censored_incomplete_pre_2009_history,source_history_incomplete_before_2009,26,26,26,26,0,0,0,0,0,0,0,,,,0,0,26,true,0,0,0,,,,,,,,,,1,0
2005,97,Louisville,true,roster_present_no_identifiable_ol,2009,2010,false,censored_incomplete_pre_2009_history,source_history_incomplete_before_2009,29,29,29,29,1,1,0,0,0,0,0,,,,0,0,28,true,0,0,0,,,,,,,,,,1,0
2005,99,LSU,true,roster_present_no_identifiable_ol,2009,2010,false,censored_incomplete_pre_2009_history,source_history_incomplete_before_2009,29,29,29,29,0,0,0,0,0,0,0,,,,0,0,29,true,0,0,0,,,,,,,,,,1,0
2005,103,Boston College,true,roster_present_no_identifiable_ol,2009,2010,false,censored_incomplete_pre_2009_history,source_history_incomplete_before_2009,34,34,34,34,1,1,0,0,0,0,0,,,,0,0,33,true,0,0,0,,,,,,,,,,1,0
2005,120,Maryland,true,roster_present_no_identifiable_ol,2009,2010,false,censored_incomplete_pre_2009_history,source_history_incomplete_before_2009,26,26,26,26,0,0,0,0,0,0,0,,,,0,0,26,true,0,0,0,,,,,,,,,,1,0
2005,127,Michigan State,true,roster_present_no_identifiable_ol,2009,2010,false,censored_incomplete_pre_2009_history,source_history_incomplete_before_2009,29,29,29,29,1,1,0,0,0,0,0,,,,0,0,28,true,0,0,0,,,,,,,,,,1,0
2005,130,Michigan,true,roster_present_no_identifiable_ol,2009,2010,false,censored_incomplete_pre_2009_history,source_history_incomplete_before_2009,32,32,32,32,1,1,0,0,0,0,0,,,,0,0,31,true,0,0,0,,,,,,,,,,1,0
2005,135,Minnesota,true,roster_present_no_identifiable_ol,2009,2010,false,censored_incomplete_pre_2009_history,source_history_incomplete_before_2009,29,29,29,29,0,0,0,0,0,0,0,,,,0,0,29,true,0,0,0,,,,,,,,,,1,0
2005,142,Missouri,true,roster_present_no_identifiable_ol,2009,2010,false,censored_incomplete_pre_2009_history,source_history_incomplete_before_2009,30,30,30,30,0,0,0,0,0,0,0,,,,0,0,30,true,0,0,0,,,,,,,,,,1,0
2005,145,Ole Miss,true,roster_present_no_identifiable_ol,2009,2010,false,censored_incomplete_pre_2009_history,source_history_incomplete_before_2009,29,29,29,29,0,0,0,0,0,0,0,,,,0,0,29,true,0,0,0,,,,,,,,,,1,0
2005,150,Duke,true,roster_present_no_identifiable_ol,2009,2010,false,censored_incomplete_pre_2009_history,source_history_incomplete_before_2009,27,27,27,27,1,1,0,0,0,0,0,,,,0,0,26,true,0,0,0,,,,,,,,,,1,0
2005,151,East Carolina,true,roster_present_no_identifiable_ol,2009,2010,false,censored_incomplete_pre_2009_history,source_history_incomplete_before_2009,31,31,31,31,1,1,0,0,0,0,0,,,,0,0,30,true,0,0,0,,,,,,,,,,1,0
2005,152,NC State,true,roster_present_no_identifiable_ol,2009,2010,false,censored_incomplete_pre_2009_history,source_history_incomplete_before_2009,28,28,28,28,1,1,0,0,0,0,0,,,,0,0,28,true,0,0,0,,,,,,,,,,1,0
2005,153,North Carolina,true,roster_present_no_identifiable_ol,2009,2010,false,censored_incomplete_pre_2009_history,source_history_incomplete_before_2009,30,30,30,30,0,0,0,0,0,0,0,,,,0,0,30,true,0,0,0,,,,,,,,,,1,0
2005,154,Wake Forest,true,roster_present_no_identifiable_ol,2009,2010,false,censored_incomplete_pre_2009_history,source_history_incomplete_before_2009,27,27,27,27,0,0,0,0,0,0,0,,,,0,0,27,true,0,0,0,,,,,,,,,,1,0
2005,158,Nebraska,true,roster_present_no_identifiable_ol,2009,2010,false,censored_incomplete_pre_2009_history,source_history_incomplete_before_2009,34,34,34,34,1,1,0,0,0,0,0,,,,0,0,33,true,0,0,0,,,,,,,,,,1,0
2005,164,Rutgers,true,roster_present_no_identifiable_ol,2009,2010,false,censored_incomplete_pre_2009_history,source_history_incomplete_before_2009,24,24,24,24,0,0,0,0,0,0,0,,,,0,0,24,true,0,0,0,,,,,,,,,,1,0
2005,166,New Mexico State,true,roster_present_no_identifiable_ol,2009,2010,false,censored_incomplete_pre_2009_history,source_history_incomplete_before_2009,31,31,31,31,0,0,0,0,0,0,0,,,,0,0,31,true,0,0,0,,,,,,,,,,1,0
2005,167,New Mexico,true,roster_present_no_identifiable_ol,2009,2010,false,censored_incomplete_pre_2009_history,source_history_incomplete_before_2009,28,28,28,28,0,0,0,0,0,0,0,,,,0,0,28,true,0,0,0,,,,,,,,,,1,0
2005,183,Syracuse,true,roster_present_no_identifiable_ol,2009,2010,false,censored_incomplete_pre_2009_history,source_history_incomplete_before_2009,35,35,35,35,0,0,0,0,0,0,0,,,,0,0,35,true,0,0,0,,,,,,,,,,1,0
2005,189,Bowling Green,true,roster_present_no_identifiable_ol,2009,2010,false,censored_incomplete_pre_2009_history,source_history_incomplete_before_2009,24,24,24,24,0,0,0,0,0,0,0,,,,0,0,24,true,0,0,0,,,,,,,,,,1,0
2005,193,Miami (OH),true,roster_present_no_identifiable_ol,2009,2010,false,censored_incomplete_pre_2009_history,source_history_incomplete_before_2009,33,33,33,33,0,0,0,0,0,0,0,,,,0,0,33,true,0,0,0,,,,,,,,,,1,0
2005,194,Ohio State,true,roster_present_no_identifiable_ol,2009,2010,false,censored_incomplete_pre_2009_history,source_history_incomplete_before_2009,30,30,30,30,0,0,0,0,0,0,0,,,,0,0,30,true,0,0,0,,,,,,,,,,1,0
2005,195,Ohio,true,roster_present_no_identifiable_ol,2009,2010,false,censored_incomplete_pre_2009_history,source_history_incomplete_before_2009,34,34,34,34,1,1,0,0,0,0,0,,,,0,0,33,true,0,0,0,,,,,,,,,,1,0
2005,197,Oklahoma State,true,roster_present_no_identifiable_ol,2009,2010,false,censored_incomplete_pre_2009_history,source_history_incomplete_before_2009,24,24,24,24,0,0,0,0,0,0,0,,,,0,0,24,true,0,0,0,,,,,,,,,,1,0
2005,201,Oklahoma,true,roster_present_no_identifiable_ol,2009,2010,false,censored_incomplete_pre_2009_history,source_history_incomplete_before_2009,27,27,27,27,0,0,0,0,0,0,0,,,,0,0,27,true,0,0,0,,,,,,,,,,1,0
2005,202,Tulsa,true,roster_present_no_identifiable_ol,2009,2010,false,censored_incomplete_pre_2009_history,source_history_incomplete_before_2009,33,33,33,33,1,1,0,0,0,0,0,,,,0,0,32,true,0,0,0,,,,,,,,,,1,0
2005,204,Oregon State,true,roster_present_no_identifiable_ol,2009,2010,false,censored_incomplete_pre_2009_history,source_history_incomplete_before_2009,26,26,26,26,0,0,0,0,0,0,0,,,,0,0,26,true,0,0,0,,,,,,,,,,1,0
2005,213,Penn State,true,roster_present_no_identifiable_ol,2009,2010,false,censored_incomplete_pre_2009_history,source_history_incomplete_before_2009,31,31,31,31,0,0,0,0,0,0,0,,,,0,0,31,true,0,0,0,,,,,,,,,,1,0
2005,218,Temple,true,roster_present_no_identifiable_ol,2009,2010,false,censored_incomplete_pre_2009_history,source_history_incomplete_before_2009,33,33,33,33,0,0,0,0,0,0,0,,,,0,0,33,true,0,0,0,,,,,,,,,,1,0
2005,221,Pittsburgh,true,roster_present_no_identifiable_ol,2009,2010,false,censored_incomplete_pre_2009_history,source_history_incomplete_before_2009,30,30,30,30,2,2,0,0,0,0,0,,,,0,0,28,true,0,0,0,,,,,,,,,,1,0
2005,228,Clemson,true,roster_present_no_identifiable_ol,2009,2010,false,censored_incomplete_pre_2009_history,source_history_incomplete_before_2009,30,30,30,30,1,1,0,0,0,0,0,,,,0,0,29,true,0,0,0,,,,,,,,,,1,0
2005,235,Memphis,true,roster_present_no_identifiable_ol,2009,2010,false,censored_incomplete_pre_2009_history,source_history_incomplete_before_2009,28,28,28,28,1,1,0,0,0,0,0,,,,0,0,27,true,0,0,0,,,,,,,,,,1,0
2005,238,Vanderbilt,true,roster_present_no_identifiable_ol,2009,2010,false,censored_incomplete_pre_2009_history,source_history_incomplete_before_2009,21,21,21,21,0,0,0,0,0,0,0,,,,0,0,21,true,0,0,0,,,,,,,,,,1,0
2005,239,Baylor,true,roster_present_no_identifiable_ol,2009,2010,false,censored_incomplete_pre_2009_history,source_history_incomplete_before_2009,31,31,31,31,1,1,0,0,0,0,0,,,,0,0,30,true,0,0,0,,,,,,,,,,1,0
2005,242,Rice,true,roster_present_no_identifiable_ol,2009,2010,false,censored_incomplete_pre_2009_history,source_history_incomplete_before_2009,25,25,25,25,1,1,0,0,0,0,0,,,,0,0,24,true,0,0,0,,,,,,,,,,1,0
2005,245,Texas A&M,true,roster_present_no_identifiable_ol,2009,2010,false,censored_incomplete_pre_2009_history,source_history_incomplete_before_2009,33,33,33,33,1,1,0,0,0,0,0,,,,0,0,32,true,0,0,0,,,,,,,,,,1,0
2005,248,Houston,true,roster_present_no_identifiable_ol,2009,2010,false,censored_incomplete_pre_2009_history,source_history_incomplete_before_2009,33,33,33,33,1,1,0,0,0,0,0,,,,0,0,32,true,0,0,0,,,,,,,,,,1,0
2005,249,North Texas,true,roster_present_no_identifiable_ol,2009,2010,false,censored_incomplete_pre_2009_history,source_history_incomplete_before_2009,20,20,20,20,0,0,0,0,0,0,0,,,,0,0,20,true,0,0,0,,,,,,,,,,1,0
2005,251,Texas,true,roster_present_no_identifiable_ol,2009,2010,false,censored_incomplete_pre_2009_history,source_history_incomplete_before_2009,37,37,37,37,0,0,0,0,0,0,0,,,,0,0,37,true,0,0,0,,,,,,,,,,1,0
2005,252,BYU,true,roster_present_no_identifiable_ol,2009,2010,false,censored_incomplete_pre_2009_history,source_history_incomplete_before_2009,33,33,33,33,2,2,0,0,0,0,0,,,,0,0,31,true,0,0,0,,,,,,,,,,1,0
2005,254,Utah,true,roster_present_no_identifiable_ol,2009,2010,false,censored_incomplete_pre_2009_history,source_history_incomplete_before_2009,27,27,27,27,0,0,0,0,0,0,0,,,,0,0,27,true,0,0,0,,,,,,,,,,1,0
2005,258,Virginia,true,roster_present_no_identifiable_ol,2009,2010,false,censored_incomplete_pre_2009_history,source_history_incomplete_before_2009,30,30,30,30,1,1,0,0,0,0,0,,,,0,0,29,true,0,0,0,,,,,,,,,,1,0
2005,259,Virginia Tech,true,roster_present_no_identifiable_ol,2009,2010,false,censored_incomplete_pre_2009_history,source_history_incomplete_before_2009,30,30,30,30,0,0,0,0,0,0,0,,,,0,0,30,true,0,0,0,,,,,,,,,,1,0
2005,264,Washington,true,roster_present_no_identifiable_ol,2009,2010,false,censored_incomplete_pre_2009_history,source_history_incomplete_before_2009,34,34,34,34,0,0,0,0,0,0,0,,,,0,0,34,true,0,0,0,,,,,,,,,,1,0
2005,265,Washington State,true,roster_present_no_identifiable_ol,2009,2010,false,censored_incomplete_pre_2009_history,source_history_incomplete_before_2009,30,30,30,30,0,0,0,0,0,0,0,,,,0,0,30,true,0,0,0,,,,,,,,,,1,0
2005,275,Wisconsin,true,roster_present_no_identifiable_ol,2009,2010,false,censored_incomplete_pre_2009_history,source_history_incomplete_before_2009,32,32,32,32,0,0,0,0,0,0,0,,,,0,0,32,true,0,0,0,,,,,,,,,,1,0
2005,276,Marshall,true,roster_present_no_identifiable_ol,2009,2010,false,censored_incomplete_pre_2009_history,source_history_incomplete_before_2009,32,32,32,32,1,1,0,0,0,0,0,,,,0,0,31,true,0,0,0,,,,,,,,,,1,0
2005,277,West Virginia,true,roster_present_no_identifiable_ol,2009,2010,false,censored_incomplete_pre_2009_history,source_history_incomplete_before_2009,33,33,33,33,1,1,0,0,0,0,0,,,,0,0,32,true,0,0,0,,,,,,,,,,1,0
2005,278,Fresno State,true,roster_present_no_identifiable_ol,2009,2010,false,censored_incomplete_pre_2009_history,source_history_incomplete_before_2009,30,30,30,30,0,0,0,0,0,0,0,,,,0,0,30,true,0,0,0,,,,,,,,,,1,0
2005,309,Louisiana,true,roster_present_no_identifiable_ol,2009,2010,false,censored_incomplete_pre_2009_history,source_history_incomplete_before_2009,28,28,28,28,0,0,0,0,0,0,0,,,,0,0,28,true,0,0,0,,,,,,,,,,1,0
2005,328,Utah State,true,roster_present_no_identifiable_ol,2009,2010,false,censored_incomplete_pre_2009_history,source_history_incomplete_before_2009,22,22,22,22,0,0,0,0,0,0,0,,,,0,0,22,true,0,0,0,,,,,,,,,,1,0
2005,333,Alabama,true,roster_present_no_identifiable_ol,2009,2010,false,censored_incomplete_pre_2009_history,source_history_incomplete_before_2009,31,31,31,31,0,0,0,0,0,0,0,,,,0,0,31,true,0,0,0,,,,,,,,,,1,0
2005,344,Mississippi State,true,roster_present_no_identifiable_ol,2009,2010,false,censored_incomplete_pre_2009_history,source_history_incomplete_before_2009,32,32,32,32,0,0,0,0,0,0,0,,,,0,0,32,true,0,0,0,,,,,,,,,,1,0
2005,349,Army,true,roster_present_no_identifiable_ol,2009,2010,false,censored_incomplete_pre_2009_history,source_history_incomplete_before_2009,27,27,27,27,0,0,0,0,0,0,0,,,,0,0,27,true,0,0,0,,,,,,,,,,1,0
2005,356,Illinois,true,roster_present_no_identifiable_ol,2009,2010,false,censored_incomplete_pre_2009_history,source_history_incomplete_before_2009,23,23,23,23,0,0,0,0,0,0,0,,,,0,0,23,true,0,0,0,,,,,,,,,,1,0
2005,2005,Air Force,true,roster_present_no_identifiable_ol,2009,2010,false,censored_incomplete_pre_2009_history,source_history_incomplete_before_2009,26,26,26,26,1,1,0,0,0,0,0,,,,0,0,26,true,0,0,0,,,,,,,,,,1,0
2005,2006,Akron,true,roster_present_no_identifiable_ol,2009,2010,false,censored_incomplete_pre_2009_history,source_history_incomplete_before_2009,23,23,23,23,2,2,0,0,0,0,0,,,,0,0,21,true,0,0,0,,,,,,,,,,1,0
2005,2032,Arkansas State,true,roster_present_no_identifiable_ol,2009,2010,false,censored_incomplete_pre_2009_history,source_history_incomplete_before_2009,26,26,26,26,0,0,0,0,0,0,0,,,,0,0,26,true,0,0,0,,,,,,,,,,1,0
2005,2050,Ball State,true,roster_present_no_identifiable_ol,2009,2010,false,censored_incomplete_pre_2009_history,source_history_incomplete_before_2009,28,28,28,28,0,0,0,0,0,0,0,,,,0,0,28,true,0,0,0,,,,,,,,,,1,0
2005,2084,Buffalo,true,roster_present_no_identifiable_ol,2009,2010,false,censored_incomplete_pre_2009_history,source_history_incomplete_before_2009,31,31,31,31,1,1,0,0,0,0,0,,,,0,0,30,true,0,0,0,,,,,,,,,,1,0
2005,2116,UCF,true,roster_present_no_identifiable_ol,2009,2010,false,censored_incomplete_pre_2009_history,source_history_incomplete_before_2009,30,30,30,30,2,2,0,0,0,0,0,,,,0,0,28,true,0,0,0,,,,,,,,,,1,0
2005,2117,Central Michigan,true,roster_present_no_identifiable_ol,2009,2010,false,censored_incomplete_pre_2009_history,source_history_incomplete_before_2009,24,24,24,24,0,0,0,0,0,0,0,,,,0,0,24,true,0,0,0,,,,,,,,,,1,0
2005,2132,Cincinnati,true,roster_present_no_identifiable_ol,2009,2010,false,censored_incomplete_pre_2009_history,source_history_incomplete_before_2009,25,25,25,25,0,0,0,0,0,0,0,,,,0,0,25,true,0,0,0,,,,,,,,,,1,0
2005,2199,Eastern Michigan,true,roster_present_no_identifiable_ol,2009,2010,false,censored_incomplete_pre_2009_history,source_history_incomplete_before_2009,22,22,22,22,1,1,0,0,0,0,0,,,,0,0,21,true,0,0,0,,,,,,,,,,1,0
2005,2226,Florida Atlantic,true,roster_present_no_identifiable_ol,2009,2010,false,censored_incomplete_pre_2009_history,source_history_incomplete_before_2009,28,28,28,28,2,2,0,0,0,0,0,,,,0,0,26,true,0,0,0,,,,,,,,,,1,0
2005,2229,Florida International,true,roster_present_no_identifiable_ol,2009,2010,false,censored_incomplete_pre_2009_history,source_history_incomplete_before_2009,26,26,26,26,0,0,0,0,0,0,0,,,,0,0,26,true,0,0,0,,,,,,,,,,1,0
2005,2294,Iowa,true,roster_present_no_identifiable_ol,2009,2010,false,censored_incomplete_pre_2009_history,source_history_incomplete_before_2009,36,36,36,36,1,1,0,0,0,0,0,,,,0,0,35,true,0,0,0,,,,,,,,,,1,0
2005,2305,Kansas,true,roster_present_no_identifiable_ol,2009,2010,false,censored_incomplete_pre_2009_history,source_history_incomplete_before_2009,27,27,27,27,0,0,0,0,0,0,0,,,,0,0,27,true,0,0,0,,,,,,,,,,1,0
2005,2306,Kansas State,true,roster_present_no_identifiable_ol,2009,2010,false,censored_incomplete_pre_2009_history,source_history_incomplete_before_2009,33,33,33,33,0,0,0,0,0,0,0,,,,0,0,33,true,0,0,0,,,,,,,,,,1,0
2005,2309,Kent State,true,roster_present_no_identifiable_ol,2009,2010,false,censored_incomplete_pre_2009_history,source_history_incomplete_before_2009,28,28,28,28,3,3,0,0,0,0,0,,,,0,0,25,true,0,0,0,,,,,,,,,,1,0
2005,2348,Louisiana Tech,true,roster_present_no_identifiable_ol,2009,2010,false,censored_incomplete_pre_2009_history,source_history_incomplete_before_2009,32,32,32,32,0,0,0,0,0,0,0,,,,0,0,32,true,0,0,0,,,,,,,,,,1,0
2005,2390,Miami,true,roster_present_no_identifiable_ol,2009,2010,false,censored_incomplete_pre_2009_history,source_history_incomplete_before_2009,30,30,30,30,1,1,0,0,0,0,0,,,,0,0,29,true,0,0,0,,,,,,,,,,1,0
2005,2393,Middle Tennessee,true,roster_present_no_identifiable_ol,2009,2010,false,censored_incomplete_pre_2009_history,source_history_incomplete_before_2009,34,34,34,34,2,2,0,0,0,0,0,,,,0,0,32,true,0,0,0,,,,,,,,,,1,0
2005,2426,Navy,true,roster_present_no_identifiable_ol,2009,2010,false,censored_incomplete_pre_2009_history,source_history_incomplete_before_2009,32,32,32,32,0,0,0,0,0,0,0,,,,0,0,32,true,0,0,0,,,,,,,,,,1,0
2005,2433,UL Monroe,true,roster_present_no_identifiable_ol,2009,2010,false,censored_incomplete_pre_2009_history,source_history_incomplete_before_2009,29,29,29,29,2,2,0,0,0,0,0,,,,0,0,27,true,0,0,0,,,,,,,,,,1,0
2005,2439,UNLV,true,roster_present_no_identifiable_ol,2009,2010,false,censored_incomplete_pre_2009_history,source_history_incomplete_before_2009,21,21,21,21,1,1,0,0,0,0,0,,,,0,0,20,true,0,0,0,,,,,,,,,,1,0
2005,2440,Nevada,true,roster_present_no_identifiable_ol,2009,2010,false,censored_incomplete_pre_2009_history,source_history_incomplete_before_2009,25,25,25,25,0,0,0,0,0,0,0,,,,0,0,25,true,0,0,0,,,,,,,,,,1,0
2005,2459,Northern Illinois,true,roster_present_no_identifiable_ol,2009,2010,false,censored_incomplete_pre_2009_history,source_history_incomplete_before_2009,29,29,29,29,1,1,0,0,0,0,0,,,,0,0,28,true,0,0,0,,,,,,,,,,1,0
2005,2483,Oregon,true,roster_present_no_identifiable_ol,2009,2010,false,censored_incomplete_pre_2009_history,source_history_incomplete_before_2009,37,37,37,37,0,0,0,0,0,0,0,,,,0,0,37,true,0,0,0,,,,,,,,,,1,0
2005,2509,Purdue,true,roster_present_no_identifiable_ol,2009,2010,false,censored_incomplete_pre_2009_history,source_history_incomplete_before_2009,30,30,30,30,1,1,0,0,0,0,0,,,,0,0,29,true,0,0,0,,,,,,,,,,1,0
2005,2567,SMU,true,roster_present_no_identifiable_ol,2009,2010,false,censored_incomplete_pre_2009_history,source_history_incomplete_before_2009,26,26,26,26,0,0,0,0,0,0,0,,,,0,0,26,true,0,0,0,,,,,,,,,,1,0
2005,2572,Southern Miss,true,roster_present_no_identifiable_ol,2009,2010,false,censored_incomplete_pre_2009_history,source_history_incomplete_before_2009,32,32,32,32,0,0,0,0,0,0,0,,,,0,0,32,true,0,0,0,,,,,,,,,,1,0
2005,2579,South Carolina,true,roster_present_no_identifiable_ol,2009,2010,false,censored_incomplete_pre_2009_history,source_history_incomplete_before_2009,32,32,32,32,0,0,0,0,0,0,0,,,,0,0,32,true,0,0,0,,,,,,,,,,1,0
2005,2628,TCU,true,roster_present_no_identifiable_ol,2009,2010,false,censored_incomplete_pre_2009_history,source_history_incomplete_before_2009,37,37,37,37,0,0,0,0,0,0,0,,,,0,0,37,true,0,0,0,,,,,,,,,,1,0
2005,2633,Tennessee,true,roster_present_no_identifiable_ol,2009,2010,false,censored_incomplete_pre_2009_history,source_history_incomplete_before_2009,26,26,26,26,2,2,0,0,0,0,0,,,,0,0,24,true,0,0,0,,,,,,,,,,1,0
2005,2638,UTEP,true,roster_present_no_identifiable_ol,2009,2010,false,censored_incomplete_pre_2009_history,source_history_incomplete_before_2009,33,33,33,33,0,0,0,0,0,0,0,,,,0,0,33,true,0,0,0,,,,,,,,,,1,0
2005,2641,Texas Tech,true,roster_present_no_identifiable_ol,2009,2010,false,censored_incomplete_pre_2009_history,source_history_incomplete_before_2009,31,31,31,31,1,1,0,0,0,0,0,,,,0,0,30,true,0,0,0,,,,,,,,,,1,0
2005,2649,Toledo,true,roster_present_no_identifiable_ol,2009,2010,false,censored_incomplete_pre_2009_history,source_history_incomplete_before_2009,27,27,27,27,0,0,0,0,0,0,0,,,,0,0,27,true,0,0,0,,,,,,,,,,1,0
2005,2653,Troy,true,roster_present_no_identifiable_ol,2009,2010,false,censored_incomplete_pre_2009_history,source_history_incomplete_before_2009,25,25,25,25,0,0,0,0,0,0,0,,,,0,0,25,true,0,0,0,,,,,,,,,,1,0
2005,2655,Tulane,true,roster_present_no_identifiable_ol,2009,2010,false,censored_incomplete_pre_2009_history,source_history_incomplete_before_2009,31,31,31,31,0,0,0,0,0,0,0,,,,0,0,31,true,0,0,0,,,,,,,,,,1,0
2005,2711,Western Michigan,true,roster_present_no_identifiable_ol,2009,2010,false,censored_incomplete_pre_2009_history,source_history_incomplete_before_2009,30,30,30,30,3,3,0,0,0,0,0,,,,0,0,27,true,0,0,0,,,,,,,,,,1,0
2005,2751,Wyoming,true,roster_present_no_identifiable_ol,2009,2010,false,censored_incomplete_pre_2009_history,source_history_incomplete_before_2009,31,31,31,31,0,0,0,0,0,0,0,,,,0,0,31,true,0,0,0,,,,,,,,,,1,0
2006,2,Auburn,true,roster_present_no_identifiable_ol,2009,2010,false,censored_incomplete_pre_2009_history,source_history_incomplete_before_2009,30,30,30,30,5,5,0,0,0,0,0,,,,0,0,25,true,0,0,0,,,,,,,,,,2,0
2006,5,UAB,true,roster_present_no_identifiable_ol,2009,2010,false,censored_incomplete_pre_2009_history,source_history_incomplete_before_2009,32,32,32,32,4,4,0,0,0,0,0,,,,0,0,28,true,0,0,0,,,,,,,,,,2,0
2006,8,Arkansas,true,roster_present_with_identifiable_ol,2009,2010,false,censored_incomplete_pre_2009_history,source_history_incomplete_before_2009,35,35,35,35,9,9,0,0,1,1,0,,,,1,0,27,true,0,0,0,,,,,,,,,,2,0
2006,9,Arizona State,true,roster_present_no_identifiable_ol,2009,2010,false,censored_incomplete_pre_2009_history,source_history_incomplete_before_2009,33,33,33,33,7,7,0,0,0,0,0,,,,0,0,26,true,0,0,0,,,,,,,,,,2,0
2006,12,Arizona,true,roster_present_no_identifiable_ol,2009,2010,false,censored_incomplete_pre_2009_history,source_history_incomplete_before_2009,27,27,27,27,5,5,0,0,0,0,0,,,,0,0,22,true,0,0,0,,,,,,,,,,2,0
2006,21,San Diego State,true,roster_present_no_identifiable_ol,2009,2010,false,censored_incomplete_pre_2009_history,source_history_incomplete_before_2009,27,27,27,27,6,6,0,0,0,0,0,,,,0,0,21,true,0,0,0,,,,,,,,,,2,0
2006,23,San José State,true,roster_present_no_identifiable_ol,2009,2010,false,censored_incomplete_pre_2009_history,source_history_incomplete_before_2009,28,28,28,28,5,5,0,0,0,0,0,,,,0,0,23,true,0,0,0,,,,,,,,,,2,0
2006,24,Stanford,true,roster_present_no_identifiable_ol,2009,2010,false,censored_incomplete_pre_2009_history,source_history_incomplete_before_2009,29,29,29,29,8,8,0,0,0,0,0,,,,0,0,22,true,0,0,0,,,,,,,,,,2,0
2006,25,California,true,roster_present_no_identifiable_ol,2009,2010,false,censored_incomplete_pre_2009_history,source_history_incomplete_before_2009,34,34,34,34,2,2,0,0,0,0,0,,,,0,0,32,true,0,0,0,,,,,,,,,,2,0
2006,26,UCLA,true,roster_present_no_identifiable_ol,2009,2010,false,censored_incomplete_pre_2009_history,source_history_incomplete_before_2009,33,33,33,33,7,7,0,0,0,0,0,,,,0,0,26,true,0,0,0,,,,,,,,,,2,0
2006,30,USC,true,roster_present_no_identifiable_ol,2009,2010,false,censored_incomplete_pre_2009_history,source_history_incomplete_before_2009,37,37,37,37,9,9,0,0,0,0,0,,,,0,0,31,true,0,0,0,,,,,,,,,,2,0
2006,36,Colorado State,true,roster_present_no_identifiable_ol,2009,2010,false,censored_incomplete_pre_2009_history,source_history_incomplete_before_2009,26,26,26,26,3,3,0,0,0,0,0,,,,0,0,23,true,0,0,0,,,,,,,,,,2,0
2006,38,Colorado,true,roster_present_no_identifiable_ol,2009,2010,false,censored_incomplete_pre_2009_history,source_history_incomplete_before_2009,32,32,32,32,5,5,0,0,0,0,0,,,,0,0,27,true,0,0,0,,,,,,,,,,2,0
2006,41,UConn,true,roster_present_no_identifiable_ol,2009,2010,false,censored_incomplete_pre_2009_history,source_history_incomplete_before_2009,28,28,28,28,2,2,0,0,0,0,0,,,,0,0,26,true,0,0,0,,,,,,,,,,2,0
2006,52,Florida State,true,roster_present_no_identifiable_ol,2009,2010,false,censored_incomplete_pre_2009_history,source_history_incomplete_before_2009,35,35,35,35,7,7,0,0,0,0,0,,,,0,0,28,true,0,0,0,,,,,,,,,,2,0
2006,57,Florida,true,roster_present_no_identifiable_ol,2009,2010,false,censored_incomplete_pre_2009_history,source_history_incomplete_before_2009,30,30,30,30,6,6,0,0,0,0,0,,,,0,0,25,true,0,0,0,,,,,,,,,,2,0
2006,58,South Florida,true,roster_present_no_identifiable_ol,2009,2010,false,censored_incomplete_pre_2009_history,source_history_incomplete_before_2009,36,36,36,36,9,9,0,0,0,0,0,,,,0,0,27,true,0,0,0,,,,,,,,,,2,0
2006,59,Georgia Tech,true,roster_present_no_identifiable_ol,2009,2010,false,censored_incomplete_pre_2009_history,source_history_incomplete_before_2009,30,30,30,30,2,2,0,0,0,0,0,,,,0,0,28,true,0,0,0,,,,,,,,,,2,0
2006,61,Georgia,true,roster_present_no_identifiable_ol,2009,2010,false,censored_incomplete_pre_2009_history,source_history_incomplete_before_2009,37,37,37,37,5,5,0,0,0,0,0,,,,0,0,34,true,0,0,0,,,,,,,,,,2,0
2006,62,Hawai'i,true,roster_present_no_identifiable_ol,2009,2010,false,censored_incomplete_pre_2009_history,source_history_incomplete_before_2009,30,30,30,30,4,4,0,0,0,0,0,,,,0,0,26,true,0,0,0,,,,,,,,,,2,0
2006,66,Iowa State,true,roster_present_no_identifiable_ol,2009,2010,false,censored_incomplete_pre_2009_history,source_history_incomplete_before_2009,23,23,23,23,2,2,0,0,0,0,0,,,,0,0,21,true,0,0,0,,,,,,,,,,2,0
2006,68,Boise State,true,roster_present_no_identifiable_ol,2009,2010,false,censored_incomplete_pre_2009_history,source_history_incomplete_before_2009,34,34,34,34,2,2,0,0,0,0,0,,,,0,0,32,true,0,0,0,,,,,,,,,,2,0
2006,70,Idaho,true,roster_present_no_identifiable_ol,2009,2010,false,censored_incomplete_pre_2009_history,source_history_incomplete_before_2009,29,29,29,29,0,0,0,0,0,0,0,,,,0,0,29,true,0,0,0,,,,,,,,,,2,0
2006,77,Northwestern,true,roster_present_no_identifiable_ol,2009,2010,false,censored_incomplete_pre_2009_history,source_history_incomplete_before_2009,28,28,28,28,5,5,0,0,0,0,0,,,,0,0,23,true,0,0,0,,,,,,,,,,2,0
2006,84,Indiana,true,roster_present_no_identifiable_ol,2009,2010,false,censored_incomplete_pre_2009_history,source_history_incomplete_before_2009,27,27,27,27,6,6,0,0,0,0,0,,,,0,0,21,true,0,0,0,,,,,,,,,,2,0
2006,87,Notre Dame,true,roster_present_no_identifiable_ol,2009,2010,false,censored_incomplete_pre_2009_history,source_history_incomplete_before_2009,26,26,26,26,4,4,0,0,0,0,0,,,,0,0,22,true,0,0,0,,,,,,,,,,2,0
2006,96,Kentucky,true,roster_present_no_identifiable_ol,2009,2010,false,censored_incomplete_pre_2009_history,source_history_incomplete_before_2009,32,32,32,32,6,6,0,0,0,0,0,,,,0,0,27,true,0,0,0,,,,,,,,,,2,0
2006,97,Louisville,true,roster_present_no_identifiable_ol,2009,2010,false,censored_incomplete_pre_2009_history,source_history_incomplete_before_2009,31,31,31,31,3,3,0,0,0,0,0,,,,0,0,28,true,0,0,0,,,,,,,,,,2,0
2006,99,LSU,true,roster_present_no_identifiable_ol,2009,2010,false,censored_incomplete_pre_2009_history,source_history_incomplete_before_2009,32,32,32,32,7,7,0,0,0,0,0,,,,0,0,25,true,0,0,0,,,,,,,,,,2,0
2006,103,Boston College,true,roster_present_no_identifiable_ol,2009,2010,false,censored_incomplete_pre_2009_history,source_history_incomplete_before_2009,30,30,30,30,5,5,0,0,0,0,0,,,,0,0,25,true,0,0,0,,,,,,,,,,2,0
2006,120,Maryland,true,roster_present_no_identifiable_ol,2009,2010,false,censored_incomplete_pre_2009_history,source_history_incomplete_before_2009,22,22,22,22,1,1,0,0,0,0,0,,,,0,0,21,true,0,0,0,,,,,,,,,,2,0
2006,127,Michigan State,true,roster_present_no_identifiable_ol,2009,2010,false,censored_incomplete_pre_2009_history,source_history_incomplete_before_2009,31,31,31,31,4,4,0,0,0,0,0,,,,0,0,27,true,0,0,0,,,,,,,,,,2,0
2006,130,Michigan,true,roster_present_no_identifiable_ol,2009,2010,false,censored_incomplete_pre_2009_history,source_history_incomplete_before_2009,36,36,36,36,7,7,0,0,0,0,0,,,,0,0,29,true,0,0,0,,,,,,,,,,2,0
2006,135,Minnesota,true,roster_present_no_identifiable_ol,2009,2010,false,censored_incomplete_pre_2009_history,source_history_incomplete_before_2009,29,29,29,29,2,2,0,0,0,0,0,,,,0,0,27,true,0,0,0,,,,,,,,,,2,0
2006,142,Missouri,true,roster_present_no_identifiable_ol,2009,2010,false,censored_incomplete_pre_2009_history,source_history_incomplete_before_2009,28,28,28,28,4,4,0,0,0,0,0,,,,0,0,24,true,0,0,0,,,,,,,,,,2,0
2006,145,Ole Miss,true,roster_present_no_identifiable_ol,2009,2010,false,censored_incomplete_pre_2009_history,source_history_incomplete_before_2009,23,23,23,23,7,7,0,0,0,0,0,,,,0,0,16,true,0,0,0,,,,,,,,,,2,0
2006,150,Duke,true,roster_present_no_identifiable_ol,2009,2010,false,censored_incomplete_pre_2009_history,source_history_incomplete_before_2009,26,26,26,26,5,5,0,0,0,0,0,,,,0,0,21,true,0,0,0,,,,,,,,,,2,0
2006,151,East Carolina,true,roster_present_no_identifiable_ol,2009,2010,false,censored_incomplete_pre_2009_history,source_history_incomplete_before_2009,30,30,30,30,4,4,0,0,0,0,0,,,,0,0,26,true,0,0,0,,,,,,,,,,2,0
2006,152,NC State,true,roster_present_no_identifiable_ol,2009,2010,false,censored_incomplete_pre_2009_history,source_history_incomplete_before_2009,20,20,20,20,6,6,0,0,0,0,0,,,,0,0,16,true,0,0,0,,,,,,,,,,2,0
2006,153,North Carolina,true,roster_present_no_identifiable_ol,2009,2010,false,censored_incomplete_pre_2009_history,source_history_incomplete_before_2009,25,25,25,25,1,1,0,0,0,0,0,,,,0,0,24,true,0,0,0,,,,,,,,,,2,0
2006,154,Wake Forest,true,roster_present_no_identifiable_ol,2009,2010,false,censored_incomplete_pre_2009_history,source_history_incomplete_before_2009,29,29,29,29,5,5,0,0,0,0,0,,,,0,0,24,true,0,0,0,,,,,,,,,,2,0
2006,158,Nebraska,true,roster_present_no_identifiable_ol,2009,2010,false,censored_incomplete_pre_2009_history,source_history_incomplete_before_2009,34,34,34,34,4,4,0,0,0,0,0,,,,0,0,30,true,0,0,0,,,,,,,,,,2,0
2006,164,Rutgers,true,roster_present_no_identifiable_ol,2009,2010,false,censored_incomplete_pre_2009_history,source_history_incomplete_before_2009,29,29,29,29,4,4,0,0,0,0,0,,,,0,0,25,true,0,0,0,,,,,,,,,,2,0
2006,166,New Mexico State,true,roster_present_no_identifiable_ol,2009,2010,false,censored_incomplete_pre_2009_history,source_history_incomplete_before_2009,31,31,31,31,4,4,0,0,0,0,0,,,,0,0,27,true,0,0,0,,,,,,,,,,2,0
2006,167,New Mexico,true,roster_present_no_identifiable_ol,2009,2010,false,censored_incomplete_pre_2009_history,source_history_incomplete_before_2009,27,27,27,27,4,4,0,0,0,0,0,,,,0,0,23,true,0,0,0,,,,,,,,,,2,0
2006,183,Syracuse,true,roster_present_no_identifiable_ol,2009,2010,false,censored_incomplete_pre_2009_history,source_history_incomplete_before_2009,30,30,30,30,5,5,0,0,0,0,0,,,,0,0,25,true,0,0,0,,,,,,,,,,2,0
2006,189,Bowling Green,true,roster_present_no_identifiable_ol,2009,2010,false,censored_incomplete_pre_2009_history,source_history_incomplete_before_2009,23,23,23,23,6,6,0,0,0,0,0,,,,0,0,17,true,0,0,0,,,,,,,,,,2,0
2006,193,Miami (OH),true,roster_present_no_identifiable_ol,2009,2010,false,censored_incomplete_pre_2009_history,source_history_incomplete_before_2009,28,28,28,28,6,6,0,0,0,0,0,,,,0,0,22,true,0,0,0,,,,,,,,,,2,0
2006,194,Ohio State,true,roster_present_no_identifiable_ol,2009,2010,false,censored_incomplete_pre_2009_history,source_history_incomplete_before_2009,33,33,33,33,6,6,0,0,0,0,0,,,,0,0,27,true,0,0,0,,,,,,,,,,2,0
2006,195,Ohio,true,roster_present_no_identifiable_ol,2009,2010,false,censored_incomplete_pre_2009_history,source_history_incomplete_before_2009,31,31,31,31,4,4,0,0,0,0,0,,,,0,0,27,true,0,0,0,,,,,,,,,,2,0
2006,197,Oklahoma State,true,roster_present_no_identifiable_ol,2009,2010,false,censored_incomplete_pre_2009_history,source_history_incomplete_before_2009,30,30,30,30,5,5,0,0,0,0,0,,,,0,0,25,true,0,0,0,,,,,,,,,,2,0
2006,201,Oklahoma,true,roster_present_no_identifiable_ol,2009,2010,false,censored_incomplete_pre_2009_history,source_history_incomplete_before_2009,31,31,31,31,4,4,0,0,0,0,0,,,,0,0,27,true,0,0,0,,,,,,,,,,2,0
2006,202,Tulsa,true,roster_present_no_identifiable_ol,2009,2010,false,censored_incomplete_pre_2009_history,source_history_incomplete_before_2009,30,30,30,30,4,4,0,0,0,0,0,,,,0,0,26,true,0,0,0,,,,,,,,,,2,0
2006,204,Oregon State,true,roster_present_no_identifiable_ol,2009,2010,false,censored_incomplete_pre_2009_history,source_history_incomplete_before_2009,31,31,31,31,3,3,0,0,0,0,0,,,,0,0,28,true,0,0,0,,,,,,,,,,2,0
2006,213,Penn State,true,roster_present_no_identifiable_ol,2009,2010,false,censored_incomplete_pre_2009_history,source_history_incomplete_before_2009,35,35,35,35,4,4,0,0,0,0,0,,,,0,0,31,true,0,0,0,,,,,,,,,,2,0
2006,218,Temple,true,roster_present_with_identifiable_ol,2009,2010,false,censored_incomplete_pre_2009_history,source_history_incomplete_before_2009,27,27,27,27,9,9,0,0,1,1,0,,,,1,0,18,true,0,0,0,,,,,,,,,,2,0
2006,221,Pittsburgh,true,roster_present_no_identifiable_ol,2009,2010,false,censored_incomplete_pre_2009_history,source_history_incomplete_before_2009,32,32,32,32,6,6,0,0,0,0,0,,,,0,0,26,true,0,0,0,,,,,,,,,,2,0
2006,228,Clemson,true,roster_present_no_identifiable_ol,2009,2010,false,censored_incomplete_pre_2009_history,source_history_incomplete_before_2009,28,28,28,28,6,6,0,0,0,0,0,,,,0,0,22,true,0,0,0,,,,,,,,,,2,0
2006,235,Memphis,true,roster_present_no_identifiable_ol,2009,2010,false,censored_incomplete_pre_2009_history,source_history_incomplete_before_2009,26,26,26,26,4,4,0,0,0,0,0,,,,0,0,22,true,0,0,0,,,,,,,,,,2,0
2006,238,Vanderbilt,true,roster_present_no_identifiable_ol,2009,2010,false,censored_incomplete_pre_2009_history,source_history_incomplete_before_2009,30,30,30,30,7,7,0,0,0,0,0,,,,0,0,24,true,0,0,0,,,,,,,,,,2,0
2006,239,Baylor,true,roster_present_no_identifiable_ol,2009,2010,false,censored_incomplete_pre_2009_history,source_history_incomplete_before_2009,32,32,32,32,7,7,0,0,0,0,0,,,,0,0,26,true,0,0,0,,,,,,,,,,2,0
2006,242,Rice,true,roster_present_no_identifiable_ol,2009,2010,false,censored_incomplete_pre_2009_history,source_history_incomplete_before_2009,29,29,29,29,8,8,0,0,0,0,0,,,,0,0,21,true,0,0,0,,,,,,,,,,2,0
2006,245,Texas A&M,true,roster_present_no_identifiable_ol,2009,2010,false,censored_incomplete_pre_2009_history,source_history_incomplete_before_2009,36,36,36,36,4,4,0,0,0,0,0,,,,0,0,32,true,0,0,0,,,,,,,,,,2,0
2006,248,Houston,true,roster_present_no_identifiable_ol,2009,2010,false,censored_incomplete_pre_2009_history,source_history_incomplete_before_2009,30,30,30,30,3,3,0,0,0,0,0,,,,0,0,27,true,0,0,0,,,,,,,,,,2,0
2006,249,North Texas,true,roster_present_no_identifiable_ol,2009,2010,false,censored_incomplete_pre_2009_history,source_history_incomplete_before_2009,30,30,30,30,3,3,0,0,0,0,0,,,,0,0,27,true,0,0,0,,,,,,,,,,2,0
2006,251,Texas,true,roster_present_no_identifiable_ol,2009,2010,false,censored_incomplete_pre_2009_history,source_history_incomplete_before_2009,31,31,31,31,5,5,0,0,0,0,0,,,,0,0,26,true,0,0,0,,,,,,,,,,2,0
2006,252,BYU,true,roster_present_no_identifiable_ol,2009,2010,false,censored_incomplete_pre_2009_history,source_history_incomplete_before_2009,36,36,36,36,5,5,0,0,0,0,0,,,,0,0,31,true,0,0,0,,,,,,,,,,2,0
2006,254,Utah,true,roster_present_no_identifiable_ol,2009,2010,false,censored_incomplete_pre_2009_history,source_history_incomplete_before_2009,27,27,27,27,2,2,0,0,0,0,0,,,,0,0,25,true,0,0,0,,,,,,,,,,2,0
2006,258,Virginia,true,roster_present_no_identifiable_ol,2009,2010,false,censored_incomplete_pre_2009_history,source_history_incomplete_before_2009,30,30,30,30,4,4,0,0,0,0,0,,,,0,0,27,true,0,0,0,,,,,,,,,,2,0
2006,259,Virginia Tech,true,roster_present_no_identifiable_ol,2009,2010,false,censored_incomplete_pre_2009_history,source_history_incomplete_before_2009,33,33,33,33,4,4,0,0,0,0,0,,,,0,0,30,true,0,0,0,,,,,,,,,,2,0
2006,264,Washington,true,roster_present_no_identifiable_ol,2009,2010,false,censored_incomplete_pre_2009_history,source_history_incomplete_before_2009,27,27,27,27,0,0,0,0,0,0,0,,,,0,0,27,true,0,0,0,,,,,,,,,,2,0
2006,265,Washington State,true,roster_present_no_identifiable_ol,2009,2010,false,censored_incomplete_pre_2009_history,source_history_incomplete_before_2009,28,28,28,28,1,1,0,0,0,0,0,,,,0,0,27,true,0,0,0,,,,,,,,,,2,0
2006,275,Wisconsin,true,roster_present_no_identifiable_ol,2009,2010,false,censored_incomplete_pre_2009_history,source_history_incomplete_before_2009,30,30,30,30,4,4,0,0,0,0,0,,,,0,0,26,true,0,0,0,,,,,,,,,,2,0
2006,276,Marshall,true,roster_present_no_identifiable_ol,2009,2010,false,censored_incomplete_pre_2009_history,source_history_incomplete_before_2009,29,29,29,29,3,3,0,0,0,0,0,,,,0,0,26,true,0,0,0,,,,,,,,,,2,0
2006,277,West Virginia,true,roster_present_no_identifiable_ol,2009,2010,false,censored_incomplete_pre_2009_history,source_history_incomplete_before_2009,33,33,33,33,8,8,0,0,0,0,0,,,,0,0,25,true,0,0,0,,,,,,,,,,2,0
2006,278,Fresno State,true,roster_present_no_identifiable_ol,2009,2010,false,censored_incomplete_pre_2009_history,source_history_incomplete_before_2009,28,28,28,28,7,7,0,0,0,0,0,,,,0,0,21,true,0,0,0,,,,,,,,,,2,0
2006,309,Louisiana,true,roster_present_no_identifiable_ol,2009,2010,false,censored_incomplete_pre_2009_history,source_history_incomplete_before_2009,30,30,30,30,4,4,0,0,0,0,0,,,,0,0,28,true,0,0,0,,,,,,,,,,2,0
2006,328,Utah State,true,roster_present_no_identifiable_ol,2009,2010,false,censored_incomplete_pre_2009_history,source_history_incomplete_before_2009,30,30,30,30,4,4,0,0,0,0,0,,,,0,0,26,true,0,0,0,,,,,,,,,,2,0
2006,333,Alabama,true,roster_present_no_identifiable_ol,2009,2010,false,censored_incomplete_pre_2009_history,source_history_incomplete_before_2009,30,30,30,30,7,7,0,0,0,0,0,,,,0,0,23,true,0,0,0,,,,,,,,,,2,0
2006,344,Mississippi State,true,roster_present_no_identifiable_ol,2009,2010,false,censored_incomplete_pre_2009_history,source_history_incomplete_before_2009,31,31,31,31,1,1,0,0,0,0,0,,,,0,0,30,true,0,0,0,,,,,,,,,,2,0
2006,349,Army,true,roster_present_no_identifiable_ol,2009,2010,false,censored_incomplete_pre_2009_history,source_history_incomplete_before_2009,32,32,32,32,2,2,0,0,0,0,0,,,,0,0,30,true,0,0,0,,,,,,,,,,2,0
2006,356,Illinois,true,roster_present_no_identifiable_ol,2009,2010,false,censored_incomplete_pre_2009_history,source_history_incomplete_before_2009,27,27,27,27,4,4,0,0,0,0,0,,,,0,0,23,true,0,0,0,,,,,,,,,,2,0
2006,2005,Air Force,true,roster_present_no_identifiable_ol,2009,2010,false,censored_incomplete_pre_2009_history,source_history_incomplete_before_2009,31,31,31,31,2,2,0,0,0,0,0,,,,0,0,30,true,0,0,0,,,,,,,,,,2,0
2006,2006,Akron,true,roster_present_no_identifiable_ol,2009,2010,false,censored_incomplete_pre_2009_history,source_history_incomplete_before_2009,23,23,23,23,5,5,0,0,0,0,0,,,,0,0,18,true,0,0,0,,,,,,,,,,2,0
2006,2032,Arkansas State,true,roster_present_no_identifiable_ol,2009,2010,false,censored_incomplete_pre_2009_history,source_history_incomplete_before_2009,33,33,33,33,7,7,0,0,0,0,0,,,,0,0,26,true,0,0,0,,,,,,,,,,2,0
2006,2050,Ball State,true,roster_present_no_identifiable_ol,2009,2010,false,censored_incomplete_pre_2009_history,source_history_incomplete_before_2009,28,28,28,28,3,3,0,0,0,0,0,,,,0,0,27,true,0,0,0,,,,,,,,,,2,0
2006,2084,Buffalo,true,roster_present_no_identifiable_ol,2009,2010,false,censored_incomplete_pre_2009_history,source_history_incomplete_before_2009,31,31,31,31,8,8,0,0,0,0,0,,,,0,0,23,true,0,0,0,,,,,,,,,,2,0
2006,2116,UCF,true,roster_present_with_identifiable_ol,2009,2010,false,censored_incomplete_pre_2009_history,source_history_incomplete_before_2009,28,28,28,28,7,7,0,0,1,1,0,,,,1,0,21,true,0,0,0,,,,,,,,,,2,0
2006,2117,Central Michigan,true,roster_present_with_identifiable_ol,2009,2010,false,censored_incomplete_pre_2009_history,source_history_incomplete_before_2009,30,30,30,30,7,7,0,0,1,1,0,,,,1,0,23,true,0,0,0,,,,,,,,,,2,0
2006,2132,Cincinnati,true,roster_present_no_identifiable_ol,2009,2010,false,censored_incomplete_pre_2009_history,source_history_incomplete_before_2009,31,31,31,31,3,3,0,0,0,0,0,,,,0,0,28,true,0,0,0,,,,,,,,,,2,0
2006,2199,Eastern Michigan,true,roster_present_no_identifiable_ol,2009,2010,false,censored_incomplete_pre_2009_history,source_history_incomplete_before_2009,24,24,24,24,8,8,0,0,0,0,0,,,,0,0,16,true,0,0,0,,,,,,,,,,2,0
2006,2226,Florida Atlantic,true,roster_present_no_identifiable_ol,2009,2010,false,censored_incomplete_pre_2009_history,source_history_incomplete_before_2009,34,34,34,34,11,11,0,0,0,0,0,,,,0,0,23,true,0,0,0,,,,,,,,,,2,0
2006,2229,Florida International,true,roster_present_no_identifiable_ol,2009,2010,false,censored_incomplete_pre_2009_history,source_history_incomplete_before_2009,27,27,27,27,8,8,0,0,0,0,0,,,,0,0,19,true,0,0,0,,,,,,,,,,2,0
2006,2294,Iowa,true,roster_present_no_identifiable_ol,2009,2010,false,censored_incomplete_pre_2009_history,source_history_incomplete_before_2009,31,31,31,31,2,2,0,0,0,0,0,,,,0,0,29,true,0,0,0,,,,,,,,,,2,0
2006,2305,Kansas,true,roster_present_no_identifiable_ol,2009,2010,false,censored_incomplete_pre_2009_history,source_history_incomplete_before_2009,23,23,23,23,5,5,0,0,0,0,0,,,,0,0,18,true,0,0,0,,,,,,,,,,2,0
2006,2306,Kansas State,true,roster_present_no_identifiable_ol,2009,2010,false,censored_incomplete_pre_2009_history,source_history_incomplete_before_2009,31,31,31,31,2,2,0,0,0,0,0,,,,0,0,29,true,0,0,0,,,,,,,,,,2,0
2006,2309,Kent State,true,roster_present_no_identifiable_ol,2009,2010,false,censored_incomplete_pre_2009_history,source_history_incomplete_before_2009,31,31,31,31,8,8,0,0,0,0,0,,,,0,0,23,true,0,0,0,,,,,,,,,,2,0
2006,2348,Louisiana Tech,true,roster_present_no_identifiable_ol,2009,2010,false,censored_incomplete_pre_2009_history,source_history_incomplete_before_2009,30,30,30,30,4,4,0,0,0,0,0,,,,0,0,26,true,0,0,0,,,,,,,,,,2,0
2006,2390,Miami,true,roster_present_no_identifiable_ol,2009,2010,false,censored_incomplete_pre_2009_history,source_history_incomplete_before_2009,35,35,35,35,6,6,0,0,0,0,0,,,,0,0,29,true,0,0,0,,,,,,,,,,2,0
2006,2393,Middle Tennessee,true,roster_present_no_identifiable_ol,2009,2010,false,censored_incomplete_pre_2009_history,source_history_incomplete_before_2009,25,25,25,25,3,3,0,0,0,0,0,,,,0,0,22,true,0,0,0,,,,,,,,,,2,0
2006,2426,Navy,true,roster_present_no_identifiable_ol,2009,2010,false,censored_incomplete_pre_2009_history,source_history_incomplete_before_2009,32,32,32,32,2,2,0,0,0,0,0,,,,0,0,31,true,0,0,0,,,,,,,,,,2,0
2006,2433,UL Monroe,true,roster_present_with_identifiable_ol,2009,2010,false,censored_incomplete_pre_2009_history,source_history_incomplete_before_2009,25,25,25,25,8,8,0,0,1,1,0,,,,1,0,17,true,0,0,0,,,,,,,,,,2,0
2006,2439,UNLV,true,roster_present_no_identifiable_ol,2009,2010,false,censored_incomplete_pre_2009_history,source_history_incomplete_before_2009,25,25,25,25,5,5,0,0,0,0,0,,,,0,0,20,true,0,0,0,,,,,,,,,,2,0
2006,2440,Nevada,true,roster_present_no_identifiable_ol,2009,2010,false,censored_incomplete_pre_2009_history,source_history_incomplete_before_2009,35,35,35,35,4,4,0,0,0,0,0,,,,0,0,31,true,0,0,0,,,,,,,,,,2,0
2006,2459,Northern Illinois,true,roster_present_no_identifiable_ol,2009,2010,false,censored_incomplete_pre_2009_history,source_history_incomplete_before_2009,26,26,26,26,5,5,0,0,0,0,0,,,,0,0,22,true,0,0,0,,,,,,,,,,2,0
2006,2483,Oregon,true,roster_present_no_identifiable_ol,2009,2010,false,censored_incomplete_pre_2009_history,source_history_incomplete_before_2009,34,34,34,34,7,7,0,0,0,0,0,,,,0,0,28,true,0,0,0,,,,,,,,,,2,0
2006,2509,Purdue,true,roster_present_no_identifiable_ol,2009,2010,false,censored_incomplete_pre_2009_history,source_history_incomplete_before_2009,32,32,32,32,6,6,0,0,0,0,0,,,,0,0,26,true,0,0,0,,,,,,,,,,2,0
2006,2567,SMU,true,roster_present_no_identifiable_ol,2009,2010,false,censored_incomplete_pre_2009_history,source_history_incomplete_before_2009,26,26,26,26,3,3,0,0,0,0,0,,,,0,0,23,true,0,0,0,,,,,,,,,,2,0
2006,2572,Southern Miss,true,roster_present_no_identifiable_ol,2009,2010,false,censored_incomplete_pre_2009_history,source_history_incomplete_before_2009,34,34,34,34,3,3,0,0,0,0,0,,,,0,0,31,true,0,0,0,,,,,,,,,,2,0
2006,2579,South Carolina,true,roster_present_no_identifiable_ol,2009,2010,false,censored_incomplete_pre_2009_history,source_history_incomplete_before_2009,35,35,35,35,2,2,0,0,0,0,0,,,,0,0,33,true,0,0,0,,,,,,,,,,2,0
2006,2628,TCU,true,roster_present_no_identifiable_ol,2009,2010,false,censored_incomplete_pre_2009_history,source_history_incomplete_before_2009,38,38,38,38,7,7,0,0,0,0,0,,,,0,0,34,true,0,0,0,,,,,,,,,,2,0
2006,2633,Tennessee,true,roster_present_no_identifiable_ol,2009,2010,false,censored_incomplete_pre_2009_history,source_history_incomplete_before_2009,28,28,28,28,4,4,0,0,0,0,0,,,,0,0,24,true,0,0,0,,,,,,,,,,2,0
2006,2638,UTEP,true,roster_present_no_identifiable_ol,2009,2010,false,censored_incomplete_pre_2009_history,source_history_incomplete_before_2009,28,28,28,28,8,8,0,0,0,0,0,,,,0,0,20,true,0,0,0,,,,,,,,,,2,0
2006,2641,Texas Tech,true,roster_present_no_identifiable_ol,2009,2010,false,censored_incomplete_pre_2009_history,source_history_incomplete_before_2009,27,27,27,27,2,2,0,0,0,0,0,,,,0,0,25,true,0,0,0,,,,,,,,,,2,0
2006,2649,Toledo,true,roster_present_no_identifiable_ol,2009,2010,false,censored_incomplete_pre_2009_history,source_history_incomplete_before_2009,23,23,23,23,5,5,0,0,0,0,0,,,,0,0,18,true,0,0,0,,,,,,,,,,2,0
2006,2653,Troy,true,roster_present_no_identifiable_ol,2009,2010,false,censored_incomplete_pre_2009_history,source_history_incomplete_before_2009,33,33,33,33,9,9,0,0,0,0,0,,,,0,0,24,true,0,0,0,,,,,,,,,,2,0
2006,2655,Tulane,true,roster_present_no_identifiable_ol,2009,2010,false,censored_incomplete_pre_2009_history,source_history_incomplete_before_2009,26,26,26,26,2,2,0,0,0,0,0,,,,0,0,24,true,0,0,0,,,,,,,,,,2,0
2006,2711,Western Michigan,true,roster_present_no_identifiable_ol,2009,2010,false,censored_incomplete_pre_2009_history,source_history_incomplete_before_2009,32,32,32,32,7,7,0,0,0,0,0,,,,0,0,25,true,0,0,0,,,,,,,,,,2,0
2006,2751,Wyoming,true,roster_present_no_identifiable_ol,2009,2010,false,censored_incomplete_pre_2009_history,source_history_incomplete_before_2009,29,29,29,29,6,6,0,0,0,0,0,,,,0,0,23,true,0,0,0,,,,,,,,,,2,0
2007,2,Auburn,true,roster_present_no_identifiable_ol,2009,2010,false,censored_incomplete_pre_2009_history,source_history_incomplete_before_2009,32,32,32,32,11,11,0,0,0,0,0,,,,0,0,21,true,0,0,0,,,,,,,,,,3,0
2007,5,UAB,true,roster_present_with_identifiable_ol,2009,2010,false,censored_incomplete_pre_2009_history,source_history_incomplete_before_2009,27,27,27,27,12,12,0,0,1,1,0,,,,1,0,15,true,0,0,0,,,,,,,,,,3,0
2007,8,Arkansas,true,roster_present_no_identifiable_ol,2009,2010,false,censored_incomplete_pre_2009_history,source_history_incomplete_before_2009,31,31,31,31,11,11,0,0,0,0,0,,,,0,0,22,true,0,0,0,,,,,,,,,,3,0
2007,9,Arizona State,true,roster_present_no_identifiable_ol,2009,2010,false,censored_incomplete_pre_2009_history,source_history_incomplete_before_2009,33,33,33,33,12,12,0,0,0,0,0,,,,0,0,21,true,0,0,0,,,,,,,,,,3,0
2007,12,Arizona,true,roster_present_no_identifiable_ol,2009,2010,false,censored_incomplete_pre_2009_history,source_history_incomplete_before_2009,27,27,27,27,12,12,0,0,0,0,0,,,,0,0,15,true,0,0,0,,,,,,,,,,3,0
2007,21,San Diego State,true,roster_present_no_identifiable_ol,2009,2010,false,censored_incomplete_pre_2009_history,source_history_incomplete_before_2009,30,30,30,30,13,13,0,0,0,0,0,,,,0,0,17,true,0,0,0,,,,,,,,,,3,0
2007,23,San José State,true,roster_present_with_identifiable_ol,2009,2010,false,censored_incomplete_pre_2009_history,source_history_incomplete_before_2009,34,34,34,34,11,11,0,0,1,1,0,,,,1,0,23,true,0,0,0,,,,,,,,,,3,0
2007,24,Stanford,true,roster_present_no_identifiable_ol,2009,2010,false,censored_incomplete_pre_2009_history,source_history_incomplete_before_2009,29,29,29,29,12,12,0,0,0,0,0,,,,0,0,18,true,0,0,0,,,,,,,,,,3,0
2007,25,California,true,roster_present_no_identifiable_ol,2009,2010,false,censored_incomplete_pre_2009_history,source_history_incomplete_before_2009,27,27,27,27,6,6,0,0,0,0,0,,,,0,0,22,true,0,0,0,,,,,,,,,,3,0
2007,26,UCLA,true,roster_present_no_identifiable_ol,2009,2010,false,censored_incomplete_pre_2009_history,source_history_incomplete_before_2009,31,31,31,31,12,12,0,0,0,0,0,,,,0,0,21,true,0,0,0,,,,,,,,,,3,0
2007,30,USC,true,roster_present_no_identifiable_ol,2009,2010,false,censored_incomplete_pre_2009_history,source_history_incomplete_before_2009,35,35,35,35,13,13,0,0,0,0,0,,,,0,0,26,true,0,0,0,,,,,,,,,,3,0
2007,36,Colorado State,true,roster_present_with_identifiable_ol,2009,2010,false,censored_incomplete_pre_2009_history,source_history_incomplete_before_2009,30,30,30,30,8,8,0,0,1,1,0,,,,1,0,22,true,0,0,0,,,,,,,,,,3,0
2007,38,Colorado,true,roster_present_with_identifiable_ol,2009,2010,false,censored_incomplete_pre_2009_history,source_history_incomplete_before_2009,40,40,40,40,16,16,0,0,1,1,0,,,,1,0,27,true,0,0,0,,,,,,,,,,3,0
2007,41,UConn,true,roster_present_no_identifiable_ol,2009,2010,false,censored_incomplete_pre_2009_history,source_history_incomplete_before_2009,26,26,26,26,12,12,0,0,0,0,0,,,,0,0,15,true,0,0,0,,,,,,,,,,3,0
2007,52,Florida State,true,roster_present_no_identifiable_ol,2009,2010,false,censored_incomplete_pre_2009_history,source_history_incomplete_before_2009,35,35,35,35,7,7,0,0,0,0,0,,,,0,0,28,true,0,0,0,,,,,,,,,,3,0
2007,57,Florida,true,roster_present_with_identifiable_ol,2009,2010,false,censored_incomplete_pre_2009_history,source_history_incomplete_before_2009,32,32,32,32,18,18,0,0,1,1,0,,,,1,0,15,true,0,0,0,,,,,,,,,,3,0
2007,58,South Florida,true,roster_present_no_identifiable_ol,2009,2010,false,censored_incomplete_pre_2009_history,source_history_incomplete_before_2009,37,37,37,37,18,18,0,0,0,0,0,,,,0,0,19,true,0,0,0,,,,,,,,,,3,0
2007,59,Georgia Tech,true,roster_present_no_identifiable_ol,2009,2010,false,censored_incomplete_pre_2009_history,source_history_incomplete_before_2009,26,26,26,26,10,10,0,0,0,0,0,,,,0,0,16,true,0,0,0,,,,,,,,,,3,0
2007,61,Georgia,true,roster_present_no_identifiable_ol,2009,2010,false,censored_incomplete_pre_2009_history,source_history_incomplete_before_2009,35,35,35,35,10,10,0,0,0,0,0,,,,0,0,30,true,0,0,0,,,,,,,,,,3,0
2007,62,Hawai'i,true,roster_present_no_identifiable_ol,2009,2010,false,censored_incomplete_pre_2009_history,source_history_incomplete_before_2009,35,35,35,35,9,9,0,0,0,0,0,,,,0,0,26,true,0,0,0,,,,,,,,,,3,0
2007,66,Iowa State,true,roster_present_no_identifiable_ol,2009,2010,false,censored_incomplete_pre_2009_history,source_history_incomplete_before_2009,26,26,26,26,10,10,0,0,0,0,0,,,,0,0,16,true,0,0,0,,,,,,,,,,3,0
2007,68,Boise State,true,roster_present_no_identifiable_ol,2009,2010,false,censored_incomplete_pre_2009_history,source_history_incomplete_before_2009,37,37,37,37,15,15,0,0,0,0,0,,,,0,0,22,true,0,0,0,,,,,,,,,,3,0
2007,70,Idaho,true,roster_present_no_identifiable_ol,2009,2010,false,censored_incomplete_pre_2009_history,source_history_incomplete_before_2009,27,27,27,27,0,0,0,0,0,0,0,,,,0,0,27,true,0,0,0,,,,,,,,,,3,0
2007,77,Northwestern,true,roster_present_with_identifiable_ol,2009,2010,false,censored_incomplete_pre_2009_history,source_history_incomplete_before_2009,33,33,33,33,16,16,0,0,1,1,0,,,,1,0,21,true,0,0,0,,,,,,,,,,3,0
2007,84,Indiana,true,roster_present_no_identifiable_ol,2009,2010,false,censored_incomplete_pre_2009_history,source_history_incomplete_before_2009,27,27,27,27,11,11,0,0,0,0,0,,,,0,0,16,true,0,0,0,,,,,,,,,,3,0
2007,87,Notre Dame,true,roster_present_no_identifiable_ol,2009,2010,false,censored_incomplete_pre_2009_history,source_history_incomplete_before_2009,31,31,31,31,18,18,0,0,0,0,0,,,,0,0,15,true,0,0,0,,,,,,,,,,3,0
2007,96,Kentucky,true,roster_present_no_identifiable_ol,2009,2010,false,censored_incomplete_pre_2009_history,source_history_incomplete_before_2009,38,38,38,38,18,18,0,0,0,0,0,,,,0,0,26,true,0,0,0,,,,,,,,,,3,0
2007,97,Louisville,true,roster_present_no_identifiable_ol,2009,2010,false,censored_incomplete_pre_2009_history,source_history_incomplete_before_2009,28,28,28,28,9,9,0,0,0,0,0,,,,0,0,19,true,0,0,0,,,,,,,,,,3,0
2007,99,LSU,true,roster_present_no_identifiable_ol,2009,2010,false,censored_incomplete_pre_2009_history,source_history_incomplete_before_2009,32,32,32,32,12,12,0,0,0,0,0,,,,0,0,20,true,0,0,0,,,,,,,,,,3,0
2007,103,Boston College,true,roster_present_no_identifiable_ol,2009,2010,false,censored_incomplete_pre_2009_history,source_history_incomplete_before_2009,33,33,33,33,12,12,0,0,0,0,0,,,,0,0,22,true,0,0,0,,,,,,,,,,3,0
2007,120,Maryland,true,roster_present_no_identifiable_ol,2009,2010,false,censored_incomplete_pre_2009_history,source_history_incomplete_before_2009,29,29,29,29,10,10,0,0,0,0,0,,,,0,0,19,true,0,0,0,,,,,,,,,,3,0
2007,127,Michigan State,true,roster_present_no_identifiable_ol,2009,2010,false,censored_incomplete_pre_2009_history,source_history_incomplete_before_2009,31,31,31,31,12,12,0,0,0,0,0,,,,0,0,19,true,0,0,0,,,,,,,,,,3,0
2007,130,Michigan,true,roster_present_with_identifiable_ol,2009,2010,false,censored_incomplete_pre_2009_history,source_history_incomplete_before_2009,35,35,35,35,15,15,0,0,1,1,0,,,,1,0,20,true,0,0,0,,,,,,,,,,3,0
2007,135,Minnesota,true,roster_present_with_identifiable_ol,2009,2010,false,censored_incomplete_pre_2009_history,source_history_incomplete_before_2009,25,25,25,25,11,11,0,0,1,1,0,,,,1,0,14,true,0,0,0,,,,,,,,,,3,0
2007,142,Missouri,true,roster_present_no_identifiable_ol,2009,2010,false,censored_incomplete_pre_2009_history,source_history_incomplete_before_2009,26,26,26,26,5,5,0,0,0,0,0,,,,0,0,22,true,0,0,0,,,,,,,,,,3,0
2007,145,Ole Miss,true,roster_present_no_identifiable_ol,2009,2010,false,censored_incomplete_pre_2009_history,source_history_incomplete_before_2009,24,24,24,24,10,10,0,0,0,0,0,,,,0,0,14,true,0,0,0,,,,,,,,,,3,0
2007,150,Duke,true,roster_present_no_identifiable_ol,2009,2010,false,censored_incomplete_pre_2009_history,source_history_incomplete_before_2009,30,30,30,30,11,11,0,0,0,0,0,,,,0,0,19,true,0,0,0,,,,,,,,,,3,0
2007,151,East Carolina,true,roster_present_no_identifiable_ol,2009,2010,false,censored_incomplete_pre_2009_history,source_history_incomplete_before_2009,36,36,36,36,17,17,0,0,0,0,0,,,,0,0,19,true,0,0,0,,,,,,,,,,3,0
2007,152,NC State,true,roster_present_no_identifiable_ol,2009,2010,false,censored_incomplete_pre_2009_history,source_history_incomplete_before_2009,31,31,31,31,11,11,0,0,0,0,0,,,,0,0,22,true,0,0,0,,,,,,,,,,3,0
2007,153,North Carolina,true,roster_present_no_identifiable_ol,2009,2010,false,censored_incomplete_pre_2009_history,source_history_incomplete_before_2009,30,30,30,30,13,13,0,0,0,0,0,,,,0,0,19,true,0,0,0,,,,,,,,,,3,0
2007,154,Wake Forest,true,roster_present_no_identifiable_ol,2009,2010,false,censored_incomplete_pre_2009_history,source_history_incomplete_before_2009,27,27,27,27,9,9,0,0,0,0,0,,,,0,0,18,true,0,0,0,,,,,,,,,,3,0
2007,158,Nebraska,true,roster_present_no_identifiable_ol,2009,2010,false,censored_incomplete_pre_2009_history,source_history_incomplete_before_2009,38,38,38,38,11,11,0,0,0,0,0,,,,0,0,27,true,0,0,0,,,,,,,,,,3,0
2007,164,Rutgers,true,roster_present_no_identifiable_ol,2009,2010,false,censored_incomplete_pre_2009_history,source_history_incomplete_before_2009,31,31,31,31,12,12,0,0,0,0,0,,,,0,0,19,true,0,0,0,,,,,,,,,,3,0
2007,166,New Mexico State,true,roster_present_no_identifiable_ol,2009,2010,false,censored_incomplete_pre_2009_history,source_history_incomplete_before_2009,28,28,28,28,7,7,0,0,0,0,0,,,,0,0,22,true,0,0,0,,,,,,,,,,3,0
2007,167,New Mexico,true,roster_present_no_identifiable_ol,2009,2010,false,censored_incomplete_pre_2009_history,source_history_incomplete_before_2009,25,25,25,25,8,8,0,0,0,0,0,,,,0,0,17,true,0,0,0,,,,,,,,,,3,0
2007,183,Syracuse,true,roster_present_no_identifiable_ol,2009,2010,false,censored_incomplete_pre_2009_history,source_history_incomplete_before_2009,30,30,30,30,12,12,0,0,0,0,0,,,,0,0,19,true,0,0,0,,,,,,,,,,3,0
2007,189,Bowling Green,true,roster_present_with_identifiable_ol,2009,2010,false,censored_incomplete_pre_2009_history,source_history_incomplete_before_2009,29,29,29,29,12,12,0,0,1,1,0,,,,1,0,17,true,0,0,0,,,,,,,,,,3,0
2007,193,Miami (OH),true,roster_present_no_identifiable_ol,2009,2010,false,censored_incomplete_pre_2009_history,source_history_incomplete_before_2009,34,34,34,34,16,16,0,0,0,0,0,,,,0,0,18,true,0,0,0,,,,,,,,,,3,0
2007,194,Ohio State,true,roster_present_no_identifiable_ol,2009,2010,false,censored_incomplete_pre_2009_history,source_history_incomplete_before_2009,34,34,34,34,14,14,0,0,0,0,0,,,,0,0,20,true,0,0,0,,,,,,,,,,3,0
2007,195,Ohio,true,roster_present_no_identifiable_ol,2009,2010,false,censored_incomplete_pre_2009_history,source_history_incomplete_before_2009,31,31,31,31,12,12,0,0,0,0,0,,,,0,0,19,true,0,0,0,,,,,,,,,,3,0
2007,197,Oklahoma State,true,roster_present_no_identifiable_ol,2009,2010,false,censored_incomplete_pre_2009_history,source_history_incomplete_before_2009,30,30,30,30,8,8,0,0,0,0,0,,,,0,0,22,true,0,0,0,,,,,,,,,,3,0
2007,201,Oklahoma,true,roster_present_no_identifiable_ol,2009,2010,false,censored_incomplete_pre_2009_history,source_history_incomplete_before_2009,34,34,34,34,13,13,0,0,0,0,0,,,,0,0,21,true,0,0,0,,,,,,,,,,3,0
2007,202,Tulsa,true,roster_present_no_identifiable_ol,2009,2010,false,censored_incomplete_pre_2009_history,source_history_incomplete_before_2009,29,29,29,29,7,7,0,0,0,0,0,,,,0,0,22,true,0,0,0,,,,,,,,,,3,0
2007,204,Oregon State,true,roster_present_no_identifiable_ol,2009,2010,false,censored_incomplete_pre_2009_history,source_history_incomplete_before_2009,38,38,38,38,11,11,0,0,0,0,0,,,,0,0,27,true,0,0,0,,,,,,,,,,3,0
2007,213,Penn State,true,roster_present_no_identifiable_ol,2009,2010,false,censored_incomplete_pre_2009_history,source_history_incomplete_before_2009,35,35,35,35,10,10,0,0,0,0,0,,,,0,0,27,true,0,0,0,,,,,,,,,,3,0
2007,218,Temple,true,roster_present_no_identifiable_ol,2009,2010,false,censored_incomplete_pre_2009_history,source_history_incomplete_before_2009,26,26,26,26,15,15,0,0,0,0,0,,,,0,0,11,true,0,0,0,,,,,,,,,,3,0
2007,221,Pittsburgh,true,roster_present_with_identifiable_ol,2009,2010,false,censored_incomplete_pre_2009_history,source_history_incomplete_before_2009,30,30,30,30,9,9,0,0,1,1,0,,,,1,0,21,true,0,0,0,,,,,,,,,,3,0
2007,228,Clemson,true,roster_present_no_identifiable_ol,2009,2010,false,censored_incomplete_pre_2009_history,source_history_incomplete_before_2009,29,29,29,29,15,15,0,0,0,0,0,,,,0,0,14,true,0,0,0,,,,,,,,,,3,0
2007,235,Memphis,true,roster_present_no_identifiable_ol,2009,2010,false,censored_incomplete_pre_2009_history,source_history_incomplete_before_2009,27,27,27,27,7,7,0,0,0,0,0,,,,0,0,20,true,0,0,0,,,,,,,,,,3,0
2007,238,Vanderbilt,true,roster_present_no_identifiable_ol,2009,2010,false,censored_incomplete_pre_2009_history,source_history_incomplete_before_2009,33,33,33,33,14,14,0,0,0,0,0,,,,0,0,20,true,0,0,0,,,,,,,,,,3,0
2007,239,Baylor,true,roster_present_no_identifiable_ol,2009,2010,false,censored_incomplete_pre_2009_history,source_history_incomplete_before_2009,35,35,35,35,13,13,0,0,0,0,0,,,,0,0,23,true,0,0,0,,,,,,,,,,3,0
2007,242,Rice,true,roster_present_no_identifiable_ol,2009,2010,false,censored_incomplete_pre_2009_history,source_history_incomplete_before_2009,29,29,29,29,15,15,0,0,0,0,0,,,,0,0,14,true,0,0,0,,,,,,,,,,3,0
2007,245,Texas A&M,true,roster_present_no_identifiable_ol,2009,2010,false,censored_incomplete_pre_2009_history,source_history_incomplete_before_2009,30,30,30,30,7,7,0,0,0,0,0,,,,0,0,23,true,0,0,0,,,,,,,,,,3,0
2007,248,Houston,true,roster_present_with_identifiable_ol,2009,2010,false,censored_incomplete_pre_2009_history,source_history_incomplete_before_2009,33,33,33,33,11,11,0,0,1,1,0,,,,1,0,22,true,0,0,0,,,,,,,,,,3,0
2007,249,North Texas,true,roster_present_no_identifiable_ol,2009,2010,false,censored_incomplete_pre_2009_history,source_history_incomplete_before_2009,29,29,29,29,8,8,0,0,0,0,0,,,,0,0,21,true,0,0,0,,,,,,,,,,3,0
2007,251,Texas,true,roster_present_no_identifiable_ol,2009,2010,false,censored_incomplete_pre_2009_history,source_history_incomplete_before_2009,29,29,29,29,13,13,0,0,0,0,0,,,,0,0,16,true,0,0,0,,,,,,,,,,3,0
2007,252,BYU,true,roster_present_no_identifiable_ol,2009,2010,false,censored_incomplete_pre_2009_history,source_history_incomplete_before_2009,28,28,28,28,12,12,0,0,0,0,0,,,,0,0,16,true,0,0,0,,,,,,,,,,3,0
2007,254,Utah,true,roster_present_no_identifiable_ol,2009,2010,false,censored_incomplete_pre_2009_history,source_history_incomplete_before_2009,34,34,34,34,13,13,0,0,0,0,0,,,,0,0,21,true,0,0,0,,,,,,,,,,3,0
2007,258,Virginia,true,roster_present_no_identifiable_ol,2009,2010,false,censored_incomplete_pre_2009_history,source_history_incomplete_before_2009,28,28,28,28,10,10,0,0,0,0,0,,,,0,0,19,true,0,0,0,,,,,,,,,,3,0
2007,259,Virginia Tech,true,roster_present_no_identifiable_ol,2009,2010,false,censored_incomplete_pre_2009_history,source_history_incomplete_before_2009,34,34,34,34,11,11,0,0,0,0,0,,,,0,0,25,true,0,0,0,,,,,,,,,,3,0
2007,264,Washington,true,roster_present_no_identifiable_ol,2009,2010,false,censored_incomplete_pre_2009_history,source_history_incomplete_before_2009,30,30,30,30,7,7,0,0,0,0,0,,,,0,0,25,true,0,0,0,,,,,,,,,,3,0
2007,265,Washington State,true,roster_present_no_identifiable_ol,2009,2010,false,censored_incomplete_pre_2009_history,source_history_incomplete_before_2009,31,31,31,31,9,9,0,0,0,0,0,,,,0,0,22,true,0,0,0,,,,,,,,,,3,0
2007,275,Wisconsin,true,roster_present_no_identifiable_ol,2009,2010,false,censored_incomplete_pre_2009_history,source_history_incomplete_before_2009,35,35,35,35,10,10,0,0,0,0,0,,,,0,0,25,true,0,0,0,,,,,,,,,,3,0
2007,276,Marshall,true,roster_present_no_identifiable_ol,2009,2010,false,censored_incomplete_pre_2009_history,source_history_incomplete_before_2009,24,24,24,24,7,7,0,0,0,0,0,,,,0,0,17,true,0,0,0,,,,,,,,,,3,0
2007,277,West Virginia,true,roster_present_no_identifiable_ol,2009,2010,false,censored_incomplete_pre_2009_history,source_history_incomplete_before_2009,29,29,29,29,10,10,0,0,0,0,0,,,,0,0,19,true,0,0,0,,,,,,,,,,3,0
2007,278,Fresno State,true,roster_present_no_identifiable_ol,2009,2010,false,censored_incomplete_pre_2009_history,source_history_incomplete_before_2009,28,28,28,28,15,15,0,0,0,0,0,,,,0,0,13,true,0,0,0,,,,,,,,,,3,0
2007,309,Louisiana,true,roster_present_no_identifiable_ol,2009,2010,false,censored_incomplete_pre_2009_history,source_history_incomplete_before_2009,28,28,28,28,11,11,0,0,0,0,0,,,,0,0,19,true,0,0,0,,,,,,,,,,3,0
2007,328,Utah State,true,roster_present_no_identifiable_ol,2009,2010,false,censored_incomplete_pre_2009_history,source_history_incomplete_before_2009,34,34,34,34,15,15,0,0,0,0,0,,,,0,0,19,true,0,0,0,,,,,,,,,,3,0
2007,333,Alabama,true,roster_present_no_identifiable_ol,2009,2010,false,censored_incomplete_pre_2009_history,source_history_incomplete_before_2009,32,32,32,32,14,14,0,0,0,0,0,,,,0,0,18,true,0,0,0,,,,,,,,,,3,0
2007,344,Mississippi State,true,roster_present_no_identifiable_ol,2009,2010,false,censored_incomplete_pre_2009_history,source_history_incomplete_before_2009,29,29,29,29,5,5,0,0,0,0,0,,,,0,0,25,true,0,0,0,,,,,,,,,,3,0
2007,349,Army,true,roster_present_no_identifiable_ol,2009,2010,false,censored_incomplete_pre_2009_history,source_history_incomplete_before_2009,31,31,31,31,4,4,0,0,0,0,0,,,,0,0,29,true,0,0,0,,,,,,,,,,3,0
2007,356,Illinois,true,roster_present_no_identifiable_ol,2009,2010,false,censored_incomplete_pre_2009_history,source_history_incomplete_before_2009,31,31,31,31,11,11,0,0,0,0,0,,,,0,0,20,true,0,0,0,,,,,,,,,,3,0
2007,2005,Air Force,true,roster_present_no_identifiable_ol,2009,2010,false,censored_incomplete_pre_2009_history,source_history_incomplete_before_2009,27,27,27,27,4,4,0,0,0,0,0,,,,0,0,24,true,0,0,0,,,,,,,,,,3,0
2007,2006,Akron,true,roster_present_no_identifiable_ol,2009,2010,false,censored_incomplete_pre_2009_history,source_history_incomplete_before_2009,22,22,22,22,8,8,0,0,0,0,0,,,,0,0,14,true,0,0,0,,,,,,,,,,3,0
2007,2032,Arkansas State,true,roster_present_no_identifiable_ol,2009,2010,false,censored_incomplete_pre_2009_history,source_history_incomplete_before_2009,29,29,29,29,9,9,0,0,0,0,0,,,,0,0,20,true,0,0,0,,,,,,,,,,3,0
2007,2050,Ball State,true,roster_present_no_identifiable_ol,2009,2010,false,censored_incomplete_pre_2009_history,source_history_incomplete_before_2009,30,30,30,30,14,14,0,0,0,0,0,,,,0,0,19,true,0,0,0,,,,,,,,,,3,0
2007,2084,Buffalo,true,roster_present_no_identifiable_ol,2009,2010,false,censored_incomplete_pre_2009_history,source_history_incomplete_before_2009,28,28,28,28,17,17,0,0,0,0,0,,,,0,0,11,true,0,0,0,,,,,,,,,,3,0
2007,2116,UCF,true,roster_present_with_identifiable_ol,2009,2010,false,censored_incomplete_pre_2009_history,source_history_incomplete_before_2009,34,34,34,34,17,17,0,0,1,1,0,,,,1,0,17,true,0,0,0,,,,,,,,,,3,0
2007,2117,Central Michigan,true,roster_present_no_identifiable_ol,2009,2010,false,censored_incomplete_pre_2009_history,source_history_incomplete_before_2009,32,32,32,32,14,14,0,0,0,0,0,,,,0,0,18,true,0,0,0,,,,,,,,,,3,0
2007,2132,Cincinnati,true,roster_present_no_identifiable_ol,2009,2010,false,censored_incomplete_pre_2009_history,source_history_incomplete_before_2009,33,33,33,33,13,13,0,0,0,0,0,,,,0,0,20,true,0,0,0,,,,,,,,,,3,0
2007,2199,Eastern Michigan,true,roster_present_no_identifiable_ol,2009,2010,false,censored_incomplete_pre_2009_history,source_history_incomplete_before_2009,29,29,29,29,15,15,0,0,0,0,0,,,,0,0,14,true,0,0,0,,,,,,,,,,3,0
2007,2226,Florida Atlantic,true,roster_present_no_identifiable_ol,2009,2010,false,censored_incomplete_pre_2009_history,source_history_incomplete_before_2009,32,32,32,32,19,19,0,0,0,0,0,,,,0,0,13,true,0,0,0,,,,,,,,,,3,0
2007,2229,Florida International,true,roster_present_no_identifiable_ol,2009,2010,false,censored_incomplete_pre_2009_history,source_history_incomplete_before_2009,35,35,35,35,18,18,0,0,0,0,0,,,,0,0,17,true,0,0,0,,,,,,,,,,3,0
2007,2294,Iowa,true,roster_present_with_identifiable_ol,2009,2010,false,censored_incomplete_pre_2009_history,source_history_incomplete_before_2009,27,27,27,27,12,12,0,0,1,1,0,,,,1,0,15,true,0,0,0,,,,,,,,,,3,0
2007,2305,Kansas,true,roster_present_no_identifiable_ol,2009,2010,false,censored_incomplete_pre_2009_history,source_history_incomplete_before_2009,34,34,34,34,12,12,0,0,0,0,0,,,,0,0,22,true,0,0,0,,,,,,,,,,3,0
2007,2306,Kansas State,true,roster_present_no_identifiable_ol,2009,2010,false,censored_incomplete_pre_2009_history,source_history_incomplete_before_2009,30,30,30,30,8,8,0,0,0,0,0,,,,0,0,22,true,0,0,0,,,,,,,,,,3,0
2007,2309,Kent State,true,roster_present_no_identifiable_ol,2009,2010,false,censored_incomplete_pre_2009_history,source_history_incomplete_before_2009,31,31,31,31,17,17,0,0,0,0,0,,,,0,0,14,true,0,0,0,,,,,,,,,,3,0
2007,2348,Louisiana Tech,true,roster_present_no_identifiable_ol,2009,2010,false,censored_incomplete_pre_2009_history,source_history_incomplete_before_2009,30,30,30,30,8,8,0,0,0,0,0,,,,0,0,22,true,0,0,0,,,,,,,,,,3,0
2007,2390,Miami,true,roster_present_no_identifiable_ol,2009,2010,false,censored_incomplete_pre_2009_history,source_history_incomplete_before_2009,31,31,31,31,13,13,0,0,0,0,0,,,,0,0,18,true,0,0,0,,,,,,,,,,3,0
2007,2393,Middle Tennessee,true,roster_present_no_identifiable_ol,2009,2010,false,censored_incomplete_pre_2009_history,source_history_incomplete_before_2009,32,32,32,32,12,12,0,0,0,0,0,,,,0,0,20,true,0,0,0,,,,,,,,,,3,0
2007,2426,Navy,true,roster_present_no_identifiable_ol,2009,2010,false,censored_incomplete_pre_2009_history,source_history_incomplete_before_2009,24,24,24,24,4,4,0,0,0,0,0,,,,0,0,21,true,0,0,0,,,,,,,,,,3,0
2007,2433,UL Monroe,true,roster_present_with_identifiable_ol,2009,2010,false,censored_incomplete_pre_2009_history,source_history_incomplete_before_2009,26,26,26,26,11,11,0,0,1,1,0,,,,1,0,15,true,0,0,0,,,,,,,,,,3,0
2007,2439,UNLV,true,roster_present_no_identifiable_ol,2009,2010,false,censored_incomplete_pre_2009_history,source_history_incomplete_before_2009,29,29,29,29,10,10,0,0,0,0,0,,,,0,0,19,true,0,0,0,,,,,,,,,,3,0
2007,2440,Nevada,true,roster_present_no_identifiable_ol,2009,2010,false,censored_incomplete_pre_2009_history,source_history_incomplete_before_2009,26,26,26,26,9,9,0,0,0,0,0,,,,0,0,17,true,0,0,0,,,,,,,,,,3,0
2007,2459,Northern Illinois,true,roster_present_with_identifiable_ol,2009,2010,false,censored_incomplete_pre_2009_history,source_history_incomplete_before_2009,32,32,32,32,12,12,0,0,1,1,0,,,,1,0,24,true,0,0,0,,,,,,,,,,3,0
2007,2483,Oregon,true,roster_present_no_identifiable_ol,2009,2010,false,censored_incomplete_pre_2009_history,source_history_incomplete_before_2009,38,38,38,38,11,11,0,0,0,0,0,,,,0,0,28,true,0,0,0,,,,,,,,,,3,0
2007,2509,Purdue,true,roster_present_no_identifiable_ol,2009,2010,false,censored_incomplete_pre_2009_history,source_history_incomplete_before_2009,33,33,33,33,11,11,0,0,0,0,0,,,,0,0,22,true,0,0,0,,,,,,,,,,3,0
2007,2567,SMU,true,roster_present_no_identifiable_ol,2009,2010,false,censored_incomplete_pre_2009_history,source_history_incomplete_before_2009,25,25,25,25,10,10,0,0,0,0,0,,,,0,0,15,true,0,0,0,,,,,,,,,,3,0
2007,2572,Southern Miss,true,roster_present_no_identifiable_ol,2009,2010,false,censored_incomplete_pre_2009_history,source_history_incomplete_before_2009,30,30,30,30,10,10,0,0,0,0,0,,,,0,0,20,true,0,0,0,,,,,,,,,,3,0
2007,2579,South Carolina,true,roster_present_no_identifiable_ol,2009,2010,false,censored_incomplete_pre_2009_history,source_history_incomplete_before_2009,34,34,34,34,11,11,0,0,0,0,0,,,,0,0,25,true,0,0,0,,,,,,,,,,3,0
2007,2628,TCU,true,roster_present_with_identifiable_ol,2009,2010,false,censored_incomplete_pre_2009_history,source_history_incomplete_before_2009,37,37,37,37,18,18,0,0,1,1,0,,,,1,0,22,true,0,0,0,,,,,,,,,,3,0
2007,2633,Tennessee,true,roster_present_no_identifiable_ol,2009,2010,false,censored_incomplete_pre_2009_history,source_history_incomplete_before_2009,36,36,36,36,16,16,0,0,0,0,0,,,,0,0,20,true,0,0,0,,,,,,,,,,3,0
2007,2638,UTEP,true,roster_present_no_identifiable_ol,2009,2010,false,censored_incomplete_pre_2009_history,source_history_incomplete_before_2009,31,31,31,31,15,15,0,0,0,0,0,,,,0,0,16,true,0,0,0,,,,,,,,,,3,0
2007,2641,Texas Tech,true,roster_present_no_identifiable_ol,2009,2010,false,censored_incomplete_pre_2009_history,source_history_incomplete_before_2009,28,28,28,28,9,9,0,0,0,0,0,,,,0,0,19,true,0,0,0,,,,,,,,,,3,0
2007,2649,Toledo,true,roster_present_no_identifiable_ol,2009,2010,false,censored_incomplete_pre_2009_history,source_history_incomplete_before_2009,25,25,25,25,10,10,0,0,0,0,0,,,,0,0,15,true,0,0,0,,,,,,,,,,3,0
2007,2653,Troy,true,roster_present_no_identifiable_ol,2009,2010,false,censored_incomplete_pre_2009_history,source_history_incomplete_before_2009,35,35,35,35,14,14,0,0,0,0,0,,,,0,0,21,true,0,0,0,,,,,,,,,,3,0
2007,2655,Tulane,true,roster_present_no_identifiable_ol,2009,2010,false,censored_incomplete_pre_2009_history,source_history_incomplete_before_2009,28,28,28,28,10,10,0,0,0,0,0,,,,0,0,18,true,0,0,0,,,,,,,,,,3,0
2007,2711,Western Michigan,true,roster_present_no_identifiable_ol,2009,2010,false,censored_incomplete_pre_2009_history,source_history_incomplete_before_2009,34,34,34,34,12,12,0,0,0,0,0,,,,0,0,23,true,0,0,0,,,,,,,,,,3,0
2007,2751,Wyoming,true,roster_present_no_identifiable_ol,2009,2010,false,censored_incomplete_pre_2009_history,source_history_incomplete_before_2009,26,26,26,26,8,8,0,0,0,0,0,,,,0,0,18,true,0,0,0,,,,,,,,,,3,0
2008,2,Auburn,true,roster_present_no_identifiable_ol,2009,2010,false,censored_incomplete_pre_2009_history,source_history_incomplete_before_2009,31,31,31,31,23,23,0,0,0,0,0,,,,0,0,9,true,0,0,0,,,,,,,,,,4,0
2008,5,UAB,true,roster_present_with_identifiable_ol,2009,2010,false,censored_incomplete_pre_2009_history,source_history_incomplete_before_2009,28,28,28,28,21,21,0,0,1,1,0,,,,1,0,7,true,0,0,0,,,,,,,,,,4,0
2008,8,Arkansas,true,roster_present_no_identifiable_ol,2009,2010,false,censored_incomplete_pre_2009_history,source_history_incomplete_before_2009,36,36,36,36,26,26,0,0,0,0,0,,,,0,0,13,true,0,0,0,,,,,,,,,,4,0
2008,9,Arizona State,true,roster_present_with_identifiable_ol,2009,2010,false,censored_incomplete_pre_2009_history,source_history_incomplete_before_2009,30,30,30,30,22,22,0,0,1,1,0,,,,1,0,8,true,0,0,0,,,,,,,,,,4,0
2008,12,Arizona,true,roster_present_no_identifiable_ol,2009,2010,false,censored_incomplete_pre_2009_history,source_history_incomplete_before_2009,32,32,32,32,21,21,0,0,0,0,0,,,,0,0,12,true,0,0,0,,,,,,,,,,4,0
2008,21,San Diego State,true,roster_present_no_identifiable_ol,2009,2010,false,censored_incomplete_pre_2009_history,source_history_incomplete_before_2009,29,29,29,29,21,21,0,0,0,0,0,,,,0,0,8,true,0,0,0,,,,,,,,,,4,0
2008,23,San José State,true,roster_present_with_identifiable_ol,2009,2010,false,censored_incomplete_pre_2009_history,source_history_incomplete_before_2009,33,33,33,33,22,22,0,0,1,1,0,,,,1,0,11,true,0,0,0,,,,,,,,,,4,0
2008,24,Stanford,true,roster_present_no_identifiable_ol,2009,2010,false,censored_incomplete_pre_2009_history,source_history_incomplete_before_2009,30,30,30,30,25,25,0,0,0,0,0,,,,0,0,8,true,0,0,0,,,,,,,,,,4,0
2008,25,California,true,roster_present_no_identifiable_ol,2009,2010,false,censored_incomplete_pre_2009_history,source_history_incomplete_before_2009,41,41,41,41,28,28,0,0,0,0,0,,,,0,0,15,true,0,0,0,,,,,,,,,,4,0
2008,26,UCLA,true,roster_present_with_identifiable_ol,2009,2010,false,censored_incomplete_pre_2009_history,source_history_incomplete_before_2009,35,35,35,35,28,28,0,0,1,1,0,,,,1,0,11,true,0,0,0,,,,,,,,,,4,0
2008,30,USC,true,roster_present_no_identifiable_ol,2009,2010,false,censored_incomplete_pre_2009_history,source_history_incomplete_before_2009,38,38,38,38,27,27,0,0,0,0,0,,,,0,0,16,true,0,0,0,,,,,,,,,,4,0
2008,36,Colorado State,true,roster_present_with_identifiable_ol,2009,2010,false,censored_incomplete_pre_2009_history,source_history_incomplete_before_2009,31,31,31,31,18,18,0,0,1,1,0,,,,1,0,13,true,0,0,0,,,,,,,,,,4,0
2008,38,Colorado,true,roster_present_no_identifiable_ol,2009,2010,false,censored_incomplete_pre_2009_history,source_history_incomplete_before_2009,35,35,35,35,25,25,0,0,0,0,0,,,,0,0,14,true,0,0,0,,,,,,,,,,4,0
2008,41,UConn,true,roster_present_no_identifiable_ol,2009,2010,false,censored_incomplete_pre_2009_history,source_history_incomplete_before_2009,35,35,35,35,23,23,0,0,0,0,0,,,,0,0,16,true,0,0,0,,,,,,,,,,4,0
2008,52,Florida State,true,roster_present_no_identifiable_ol,2009,2010,false,censored_incomplete_pre_2009_history,source_history_incomplete_before_2009,40,40,40,40,21,21,0,0,0,0,0,,,,0,0,19,true,0,0,0,,,,,,,,,,4,0
2008,57,Florida,true,roster_present_no_identifiable_ol,2009,2010,false,censored_incomplete_pre_2009_history,source_history_incomplete_before_2009,37,37,37,37,27,27,0,0,0,0,0,,,,0,0,13,true,0,0,0,,,,,,,,,,4,0
2008,58,South Florida,true,roster_present_no_identifiable_ol,2009,2010,false,censored_incomplete_pre_2009_history,source_history_incomplete_before_2009,35,35,35,35,26,26,0,0,0,0,0,,,,0,0,9,true,0,0,0,,,,,,,,,,4,0
2008,59,Georgia Tech,true,roster_present_with_identifiable_ol,2009,2010,false,censored_incomplete_pre_2009_history,source_history_incomplete_before_2009,36,36,36,36,22,22,0,0,1,1,0,,,,1,0,14,true,0,0,0,,,,,,,,,,4,0
2008,61,Georgia,true,roster_present_no_identifiable_ol,2009,2010,false,censored_incomplete_pre_2009_history,source_history_incomplete_before_2009,33,33,33,33,22,22,0,0,0,0,0,,,,0,0,21,true,0,0,0,,,,,,,,,,4,0
2008,62,Hawai'i,true,roster_present_no_identifiable_ol,2009,2010,false,censored_incomplete_pre_2009_history,source_history_incomplete_before_2009,31,31,31,31,15,15,0,0,0,0,0,,,,0,0,16,true,0,0,0,,,,,,,,,,4,0
2008,66,Iowa State,true,roster_present_with_identifiable_ol,2009,2010,false,censored_incomplete_pre_2009_history,source_history_incomplete_before_2009,32,32,32,32,23,23,0,0,1,1,0,,,,1,0,9,true,0,0,0,,,,,,,,,,4,0
2008,68,Boise State,true,roster_present_no_identifiable_ol,2009,2010,false,censored_incomplete_pre_2009_history,source_history_incomplete_before_2009,36,36,36,36,25,25,0,0,0,0,0,,,,0,0,11,true,0,0,0,,,,,,,,,,4,0
2008,70,Idaho,true,roster_present_no_identifiable_ol,2009,2010,false,censored_incomplete_pre_2009_history,source_history_incomplete_before_2009,33,33,33,33,0,0,0,0,0,0,0,,,,0,0,33,true,0,0,0,,,,,,,,,,4,0
2008,77,Northwestern,true,roster_present_no_identifiable_ol,2009,2010,false,censored_incomplete_pre_2009_history,source_history_incomplete_before_2009,31,31,31,31,22,22,0,0,0,0,0,,,,0,0,13,true,0,0,0,,,,,,,,,,4,0
2008,84,Indiana,true,roster_present_with_identifiable_ol,2009,2010,false,censored_incomplete_pre_2009_history,source_history_incomplete_before_2009,34,34,34,34,26,26,0,0,1,1,0,,,,1,0,8,true,0,0,0,,,,,,,,,,4,0
2008,87,Notre Dame,true,roster_present_no_identifiable_ol,2009,2010,false,censored_incomplete_pre_2009_history,source_history_incomplete_before_2009,32,32,32,32,26,26,0,0,0,0,0,,,,0,0,8,true,0,0,0,,,,,,,,,,4,0
2008,96,Kentucky,true,roster_present_no_identifiable_ol,2009,2010,false,censored_incomplete_pre_2009_history,source_history_incomplete_before_2009,33,33,33,33,25,25,0,0,0,0,0,,,,0,0,15,true,0,0,0,,,,,,,,,,4,0
2008,97,Louisville,true,roster_present_no_identifiable_ol,2009,2010,false,censored_incomplete_pre_2009_history,source_history_incomplete_before_2009,28,28,28,28,19,19,0,0,0,0,0,,,,0,0,9,true,0,0,0,,,,,,,,,,4,0
2008,98,Western Kentucky,true,roster_present_no_identifiable_ol,2009,2010,false,censored_incomplete_pre_2009_history,source_history_incomplete_before_2009,29,29,29,29,18,18,0,0,0,0,0,,,,0,0,11,true,0,0,0,,,,,,,,,,4,0
2008,99,LSU,true,roster_present_no_identifiable_ol,2009,2010,false,censored_incomplete_pre_2009_history,source_history_incomplete_before_2009,27,27,27,27,18,18,0,0,0,0,0,,,,0,0,9,true,0,0,0,,,,,,,,,,4,0
2008,103,Boston College,true,roster_present_no_identifiable_ol,2009,2010,false,censored_incomplete_pre_2009_history,source_history_incomplete_before_2009,36,36,36,36,25,25,0,0,0,0,0,,,,0,0,13,true,0,0,0,,,,,,,,,,4,0
2008,120,Maryland,true,roster_present_no_identifiable_ol,2009,2010,false,censored_incomplete_pre_2009_history,source_history_incomplete_before_2009,32,32,32,32,22,22,0,0,0,0,0,,,,0,0,10,true,0,0,0,,,,,,,,,,4,0
2008,127,Michigan State,true,roster_present_no_identifiable_ol,2009,2010,false,censored_incomplete_pre_2009_history,source_history_incomplete_before_2009,34,34,34,34,27,27,0,0,0,0,0,,,,0,0,7,true,0,0,0,,,,,,,,,,4,0
2008,130,Michigan,true,roster_present_no_identifiable_ol,2009,2010,false,censored_incomplete_pre_2009_history,source_history_incomplete_before_2009,30,30,30,30,23,23,0,0,0,0,0,,,,0,0,7,true,0,0,0,,,,,,,,,,4,0
2008,135,Minnesota,true,roster_present_no_identifiable_ol,2009,2010,false,censored_incomplete_pre_2009_history,source_history_incomplete_before_2009,31,31,31,31,23,23,0,0,0,0,0,,,,0,0,8,true,0,0,0,,,,,,,,,,4,0
2008,142,Missouri,true,roster_present_no_identifiable_ol,2009,2010,false,censored_incomplete_pre_2009_history,source_history_incomplete_before_2009,33,33,33,33,19,19,0,0,0,0,0,,,,0,0,16,true,0,0,0,,,,,,,,,,4,0
2008,145,Ole Miss,true,roster_present_with_identifiable_ol,2009,2010,false,censored_incomplete_pre_2009_history,source_history_incomplete_before_2009,32,32,32,32,27,27,0,0,1,1,0,,,,1,0,5,true,0,0,0,,,,,,,,,,4,0
2008,150,Duke,true,roster_present_no_identifiable_ol,2009,2010,false,censored_incomplete_pre_2009_history,source_history_incomplete_before_2009,32,32,32,32,19,19,0,0,0,0,0,,,,0,0,13,true,0,0,0,,,,,,,,,,4,0
2008,151,East Carolina,true,roster_present_no_identifiable_ol,2009,2010,false,censored_incomplete_pre_2009_history,source_history_incomplete_before_2009,38,38,38,38,27,27,0,0,0,0,0,,,,0,0,11,true,0,0,0,,,,,,,,,,4,0
2008,152,NC State,true,roster_present_no_identifiable_ol,2009,2010,false,censored_incomplete_pre_2009_history,source_history_incomplete_before_2009,33,33,33,33,20,20,0,0,0,0,0,,,,0,0,15,true,0,0,0,,,,,,,,,,4,0
2008,153,North Carolina,true,roster_present_no_identifiable_ol,2009,2010,false,censored_incomplete_pre_2009_history,source_history_incomplete_before_2009,33,33,33,33,19,19,0,0,0,0,0,,,,0,0,18,true,0,0,0,,,,,,,,,,4,0
2008,154,Wake Forest,true,roster_present_no_identifiable_ol,2009,2010,false,censored_incomplete_pre_2009_history,source_history_incomplete_before_2009,28,28,28,28,18,18,0,0,0,0,0,,,,0,0,11,true,0,0,0,,,,,,,,,,4,0
2008,158,Nebraska,true,roster_present_no_identifiable_ol,2009,2010,false,censored_incomplete_pre_2009_history,source_history_incomplete_before_2009,31,31,31,31,18,18,0,0,0,0,0,,,,0,0,13,true,0,0,0,,,,,,,,,,4,0
2008,164,Rutgers,true,roster_present_with_identifiable_ol,2009,2010,false,censored_incomplete_pre_2009_history,source_history_incomplete_before_2009,31,31,31,31,19,19,0,0,1,1,0,,,,1,0,12,true,0,0,0,,,,,,,,,,4,0
2008,166,New Mexico State,true,roster_present_no_identifiable_ol,2009,2010,false,censored_incomplete_pre_2009_history,source_history_incomplete_before_2009,26,26,26,26,16,16,0,0,0,0,0,,,,0,0,12,true,0,0,0,,,,,,,,,,4,0
2008,167,New Mexico,true,roster_present_no_identifiable_ol,2009,2010,false,censored_incomplete_pre_2009_history,source_history_incomplete_before_2009,27,27,27,27,19,19,0,0,0,0,0,,,,0,0,8,true,0,0,0,,,,,,,,,,4,0
2008,183,Syracuse,true,roster_present_no_identifiable_ol,2009,2010,false,censored_incomplete_pre_2009_history,source_history_incomplete_before_2009,32,32,32,32,21,21,0,0,0,0,0,,,,0,0,15,true,0,0,0,,,,,,,,,,4,0
2008,189,Bowling Green,true,roster_present_no_identifiable_ol,2009,2010,false,censored_incomplete_pre_2009_history,source_history_incomplete_before_2009,28,28,28,28,15,15,0,0,0,0,0,,,,0,0,14,true,0,0,0,,,,,,,,,,4,0
2008,193,Miami (OH),true,roster_present_no_identifiable_ol,2009,2010,false,censored_incomplete_pre_2009_history,source_history_incomplete_before_2009,30,30,30,30,17,17,0,0,0,0,0,,,,0,0,13,true,0,0,0,,,,,,,,,,4,0
2008,194,Ohio State,true,roster_present_no_identifiable_ol,2009,2010,false,censored_incomplete_pre_2009_history,source_history_incomplete_before_2009,35,35,35,35,21,21,0,0,0,0,0,,,,0,0,14,true,0,0,0,,,,,,,,,,4,0
2008,195,Ohio,true,roster_present_no_identifiable_ol,2009,2010,false,censored_incomplete_pre_2009_history,source_history_incomplete_before_2009,28,28,28,28,17,17,0,0,0,0,0,,,,0,0,11,true,0,0,0,,,,,,,,,,4,0
2008,197,Oklahoma State,true,roster_present_no_identifiable_ol,2009,2010,false,censored_incomplete_pre_2009_history,source_history_incomplete_before_2009,30,30,30,30,21,21,0,0,0,0,0,,,,0,0,9,true,0,0,0,,,,,,,,,,4,0
2008,201,Oklahoma,true,roster_present_no_identifiable_ol,2009,2010,false,censored_incomplete_pre_2009_history,source_history_incomplete_before_2009,33,33,33,33,23,23,0,0,0,0,0,,,,0,0,10,true,0,0,0,,,,,,,,,,4,0
2008,202,Tulsa,true,roster_present_no_identifiable_ol,2009,2010,false,censored_incomplete_pre_2009_history,source_history_incomplete_before_2009,26,26,26,26,16,16,0,0,0,0,0,,,,0,0,10,true,0,0,0,,,,,,,,,,4,0
2008,204,Oregon State,true,roster_present_no_identifiable_ol,2009,2010,false,censored_incomplete_pre_2009_history,source_history_incomplete_before_2009,29,29,29,29,18,18,0,0,0,0,0,,,,0,0,11,true,0,0,0,,,,,,,,,,4,0
2008,213,Penn State,true,roster_present_no_identifiable_ol,2009,2010,false,censored_incomplete_pre_2009_history,source_history_incomplete_before_2009,37,37,37,37,21,21,0,0,0,0,0,,,,0,0,19,true,0,0,0,,,,,,,,,,4,0
2008,218,Temple,true,roster_present_no_identifiable_ol,2009,2010,false,censored_incomplete_pre_2009_history,source_history_incomplete_before_2009,29,29,29,29,21,21,0,0,0,0,0,,,,0,0,8,true,0,0,0,,,,,,,,,,4,0
2008,221,Pittsburgh,true,roster_present_no_identifiable_ol,2009,2010,false,censored_incomplete_pre_2009_history,source_history_incomplete_before_2009,33,33,33,33,18,18,0,0,0,0,0,,,,0,0,15,true,0,0,0,,,,,,,,,,4,0
2008,228,Clemson,true,roster_present_no_identifiable_ol,2009,2010,false,censored_incomplete_pre_2009_history,source_history_incomplete_before_2009,32,32,32,32,20,20,0,0,0,0,0,,,,0,0,12,true,0,0,0,,,,,,,,,,4,0
2008,235,Memphis,true,roster_present_no_identifiable_ol,2009,2010,false,censored_incomplete_pre_2009_history,source_history_incomplete_before_2009,31,31,31,31,18,17,0,0,0,0,0,,,,0,0,13,true,0,0,0,,,,,,,,,,4,0
2008,238,Vanderbilt,true,roster_present_no_identifiable_ol,2009,2010,false,censored_incomplete_pre_2009_history,source_history_incomplete_before_2009,27,27,27,27,17,17,0,0,0,0,0,,,,0,0,11,true,0,0,0,,,,,,,,,,4,0
2008,239,Baylor,true,roster_present_no_identifiable_ol,2009,2010,false,censored_incomplete_pre_2009_history,source_history_incomplete_before_2009,31,31,31,31,20,20,0,0,0,0,0,,,,0,0,12,true,0,0,0,,,,,,,,,,4,0
2008,242,Rice,true,roster_present_no_identifiable_ol,2009,2010,false,censored_incomplete_pre_2009_history,source_history_incomplete_before_2009,32,32,32,32,21,21,0,0,0,0,0,,,,0,0,11,true,0,0,0,,,,,,,,,,4,0
2008,245,Texas A&M,true,roster_present_no_identifiable_ol,2009,2010,false,censored_incomplete_pre_2009_history,source_history_incomplete_before_2009,24,24,24,24,13,13,0,0,0,0,0,,,,0,0,11,true,0,0,0,,,,,,,,,,4,0
2008,248,Houston,true,roster_present_no_identifiable_ol,2009,2010,false,censored_incomplete_pre_2009_history,source_history_incomplete_before_2009,26,26,26,26,20,20,0,0,0,0,0,,,,0,0,6,true,0,0,0,,,,,,,,,,4,0
2008,249,North Texas,true,roster_present_no_identifiable_ol,2009,2010,false,censored_incomplete_pre_2009_history,source_history_incomplete_before_2009,28,28,28,28,18,18,0,0,0,0,0,,,,0,0,10,true,0,0,0,,,,,,,,,,4,0
2008,251,Texas,true,roster_present_no_identifiable_ol,2009,2010,false,censored_incomplete_pre_2009_history,source_history_incomplete_before_2009,32,32,32,32,23,23,0,0,0,0,0,,,,0,0,10,true,0,0,0,,,,,,,,,,4,0
2008,252,BYU,true,roster_present_no_identifiable_ol,2009,2010,false,censored_incomplete_pre_2009_history,source_history_incomplete_before_2009,33,33,33,33,20,20,0,0,0,0,0,,,,0,0,13,true,0,0,0,,,,,,,,,,4,0
2008,254,Utah,true,roster_present_no_identifiable_ol,2009,2010,false,censored_incomplete_pre_2009_history,source_history_incomplete_before_2009,33,33,33,33,19,19,0,0,0,0,0,,,,0,0,14,true,0,0,0,,,,,,,,,,4,0
2008,258,Virginia,true,roster_present_no_identifiable_ol,2009,2010,false,censored_incomplete_pre_2009_history,source_history_incomplete_before_2009,28,28,28,28,17,17,0,0,0,0,0,,,,0,0,13,true,0,0,0,,,,,,,,,,4,0
2008,259,Virginia Tech,true,roster_present_no_identifiable_ol,2009,2010,false,censored_incomplete_pre_2009_history,source_history_incomplete_before_2009,29,29,29,29,17,17,0,0,0,0,0,,,,0,0,21,true,0,0,0,,,,,,,,,,4,0
2008,264,Washington,true,roster_present_no_identifiable_ol,2009,2010,false,censored_incomplete_pre_2009_history,source_history_incomplete_before_2009,32,32,32,32,23,23,0,0,0,0,0,,,,0,0,14,true,0,0,0,,,,,,,,,,4,0
2008,265,Washington State,true,roster_present_no_identifiable_ol,2009,2010,false,censored_incomplete_pre_2009_history,source_history_incomplete_before_2009,31,31,31,31,20,20,0,0,0,0,0,,,,0,0,11,true,0,0,0,,,,,,,,,,4,0
2008,275,Wisconsin,true,roster_present_no_identifiable_ol,2009,2010,false,censored_incomplete_pre_2009_history,source_history_incomplete_before_2009,30,30,30,30,22,22,0,0,0,0,0,,,,0,0,8,true,0,0,0,,,,,,,,,,4,0
2008,276,Marshall,true,roster_present_no_identifiable_ol,2009,2010,false,censored_incomplete_pre_2009_history,source_history_incomplete_before_2009,23,23,23,23,16,16,0,0,0,0,0,,,,0,0,7,true,0,0,0,,,,,,,,,,4,0
2008,277,West Virginia,true,roster_present_with_identifiable_ol,2009,2010,false,censored_incomplete_pre_2009_history,source_history_incomplete_before_2009,30,30,30,30,20,20,0,0,1,1,0,,,,1,0,10,true,0,0,0,,,,,,,,,,4,0
2008,278,Fresno State,true,roster_present_no_identifiable_ol,2009,2010,false,censored_incomplete_pre_2009_history,source_history_incomplete_before_2009,26,26,26,26,22,22,0,0,0,0,0,,,,0,0,4,true,0,0,0,,,,,,,,,,4,0
2008,309,Louisiana,true,roster_present_no_identifiable_ol,2009,2010,false,censored_incomplete_pre_2009_history,source_history_incomplete_before_2009,33,33,33,33,22,21,0,0,0,0,0,,,,0,0,12,true,0,0,0,,,,,,,,,,4,0
2008,328,Utah State,true,roster_present_with_identifiable_ol,2009,2010,false,censored_incomplete_pre_2009_history,source_history_incomplete_before_2009,34,34,34,34,26,26,0,0,1,1,0,,,,1,0,8,true,0,0,0,,,,,,,,,,4,0
2008,333,Alabama,true,roster_present_no_identifiable_ol,2009,2010,false,censored_incomplete_pre_2009_history,source_history_incomplete_before_2009,32,32,32,32,24,24,0,0,0,0,0,,,,0,0,8,true,0,0,0,,,,,,,,,,4,0
2008,344,Mississippi State,true,roster_present_no_identifiable_ol,2009,2010,false,censored_incomplete_pre_2009_history,source_history_incomplete_before_2009,29,29,29,29,15,15,0,0,0,0,0,,,,0,0,15,true,0,0,0,,,,,,,,,,4,0
2008,349,Army,true,roster_present_no_identifiable_ol,2009,2010,false,censored_incomplete_pre_2009_history,source_history_incomplete_before_2009,30,30,30,30,15,15,0,0,0,0,0,,,,0,0,19,true,0,0,0,,,,,,,,,,4,0
2008,356,Illinois,true,roster_present_no_identifiable_ol,2009,2010,false,censored_incomplete_pre_2009_history,source_history_incomplete_before_2009,25,25,25,25,20,20,0,0,0,0,0,,,,0,0,5,true,0,0,0,,,,,,,,,,4,0
2008,2005,Air Force,true,roster_present_no_identifiable_ol,2009,2010,false,censored_incomplete_pre_2009_history,source_history_incomplete_before_2009,32,32,32,32,16,16,0,0,0,0,0,,,,0,0,17,true,0,0,0,,,,,,,,,,4,0
2008,2006,Akron,true,roster_present_no_identifiable_ol,2009,2010,false,censored_incomplete_pre_2009_history,source_history_incomplete_before_2009,25,25,25,25,15,15,0,0,0,0,0,,,,0,0,10,true,0,0,0,,,,,,,,,,4,0
2008,2032,Arkansas State,true,roster_present_no_identifiable_ol,2009,2010,false,censored_incomplete_pre_2009_history,source_history_incomplete_before_2009,31,31,31,31,20,20,0,0,0,0,0,,,,0,0,11,true,0,0,0,,,,,,,,,,4,0
2008,2050,Ball State,true,roster_present_no_identifiable_ol,2009,2010,false,censored_incomplete_pre_2009_history,source_history_incomplete_before_2009,25,25,25,25,14,14,0,0,0,0,0,,,,0,0,14,true,0,0,0,,,,,,,,,,4,0
2008,2084,Buffalo,true,roster_present_no_identifiable_ol,2009,2010,false,censored_incomplete_pre_2009_history,source_history_incomplete_before_2009,28,28,28,28,22,22,0,0,0,0,0,,,,0,0,6,true,0,0,0,,,,,,,,,,4,0
2008,2116,UCF,true,roster_present_no_identifiable_ol,2009,2010,false,censored_incomplete_pre_2009_history,source_history_incomplete_before_2009,33,33,33,33,25,25,0,0,0,0,0,,,,0,0,8,true,0,0,0,,,,,,,,,,4,0
2008,2117,Central Michigan,true,roster_present_with_identifiable_ol,2009,2010,false,censored_incomplete_pre_2009_history,source_history_incomplete_before_2009,28,28,28,28,20,20,0,0,1,1,0,,,,1,0,8,true,0,0,0,,,,,,,,,,4,0
2008,2132,Cincinnati,true,roster_present_no_identifiable_ol,2009,2010,false,censored_incomplete_pre_2009_history,source_history_incomplete_before_2009,34,34,34,34,21,21,0,0,0,0,0,,,,0,0,13,true,0,0,0,,,,,,,,,,4,0
2008,2199,Eastern Michigan,true,roster_present_no_identifiable_ol,2009,2010,false,censored_incomplete_pre_2009_history,source_history_incomplete_before_2009,31,31,31,31,24,24,0,0,0,0,0,,,,0,0,7,true,0,0,0,,,,,,,,,,4,0
2008,2226,Florida Atlantic,true,roster_present_no_identifiable_ol,2009,2010,false,censored_incomplete_pre_2009_history,source_history_incomplete_before_2009,31,31,31,31,23,23,0,0,0,0,0,,,,0,0,8,true,0,0,0,,,,,,,,,,4,0
2008,2229,Florida International,true,roster_present_with_identifiable_ol,2009,2010,false,censored_incomplete_pre_2009_history,source_history_incomplete_before_2009,37,37,37,37,29,29,0,0,1,1,0,,,,1,0,9,true,0,0,0,,,,,,,,,,4,0
2008,2294,Iowa,true,roster_present_no_identifiable_ol,2009,2010,false,censored_incomplete_pre_2009_history,source_history_incomplete_before_2009,33,33,33,33,25,25,0,0,0,0,0,,,,0,0,8,true,0,0,0,,,,,,,,,,4,0
2008,2305,Kansas,true,roster_present_no_identifiable_ol,2009,2010,false,censored_incomplete_pre_2009_history,source_history_incomplete_before_2009,29,29,29,29,19,19,0,0,0,0,0,,,,0,0,10,true,0,0,0,,,,,,,,,,4,0
2008,2306,Kansas State,true,roster_present_no_identifiable_ol,2009,2010,false,censored_incomplete_pre_2009_history,source_history_incomplete_before_2009,33,33,33,33,20,20,0,0,0,0,0,,,,0,0,13,true,0,0,0,,,,,,,,,,4,0
2008,2309,Kent State,true,roster_present_no_identifiable_ol,2009,2010,false,censored_incomplete_pre_2009_history,source_history_incomplete_before_2009,28,28,28,28,24,24,0,0,0,0,0,,,,0,0,4,true,0,0,0,,,,,,,,,,4,0
2008,2348,Louisiana Tech,true,roster_present_no_identifiable_ol,2009,2010,false,censored_incomplete_pre_2009_history,source_history_incomplete_before_2009,29,29,29,29,14,14,0,0,0,0,0,,,,0,0,15,true,0,0,0,,,,,,,,,,4,0
2008,2390,Miami,true,roster_present_with_identifiable_ol,2009,2010,false,censored_incomplete_pre_2009_history,source_history_incomplete_before_2009,32,32,32,32,26,26,0,0,1,1,0,,,,1,0,6,true,0,0,0,,,,,,,,,,4,0
2008,2393,Middle Tennessee,true,roster_present_no_identifiable_ol,2009,2010,false,censored_incomplete_pre_2009_history,source_history_incomplete_before_2009,31,31,31,31,22,22,0,0,0,0,0,,,,0,0,9,true,0,0,0,,,,,,,,,,4,0
2008,2426,Navy,true,roster_present_no_identifiable_ol,2009,2010,false,censored_incomplete_pre_2009_history,source_history_incomplete_before_2009,31,31,31,31,17,17,0,0,0,0,0,,,,0,0,17,true,0,0,0,,,,,,,,,,4,0
2008,2433,UL Monroe,true,roster_present_with_identifiable_ol,2009,2010,false,censored_incomplete_pre_2009_history,source_history_incomplete_before_2009,26,26,26,26,19,19,0,0,1,1,0,,,,1,0,7,true,0,0,0,,,,,,,,,,4,0
2008,2439,UNLV,true,roster_present_no_identifiable_ol,2009,2010,false,censored_incomplete_pre_2009_history,source_history_incomplete_before_2009,27,27,27,27,17,17,0,0,0,0,0,,,,0,0,10,true,0,0,0,,,,,,,,,,4,0
2008,2440,Nevada,true,roster_present_no_identifiable_ol,2009,2010,false,censored_incomplete_pre_2009_history,source_history_incomplete_before_2009,32,32,32,32,21,21,0,0,0,0,0,,,,0,0,11,true,0,0,0,,,,,,,,,,4,0
2008,2459,Northern Illinois,true,roster_present_with_identifiable_ol,2009,2010,false,censored_incomplete_pre_2009_history,source_history_incomplete_before_2009,34,34,34,34,22,22,0,0,1,1,0,,,,1,0,16,true,0,0,0,,,,,,,,,,4,0
2008,2483,Oregon,true,roster_present_no_identifiable_ol,2009,2010,false,censored_incomplete_pre_2009_history,source_history_incomplete_before_2009,31,31,31,31,20,20,0,0,0,0,0,,,,0,0,13,true,0,0,0,,,,,,,,,,4,0
2008,2509,Purdue,true,roster_present_with_identifiable_ol,2009,2010,false,censored_incomplete_pre_2009_history,source_history_incomplete_before_2009,35,35,35,35,22,22,0,0,1,1,0,,,,1,0,13,true,0,0,0,,,,,,,,,,4,0
2008,2567,SMU,true,roster_present_no_identifiable_ol,2009,2010,false,censored_incomplete_pre_2009_history,source_history_incomplete_before_2009,27,27,27,27,22,22,0,0,0,0,0,,,,0,0,5,true,0,0,0,,,,,,,,,,4,0
2008,2572,Southern Miss,true,roster_present_no_identifiable_ol,2009,2010,false,censored_incomplete_pre_2009_history,source_history_incomplete_before_2009,28,28,28,28,19,19,0,0,0,0,0,,,,0,0,9,true,0,0,0,,,,,,,,,,4,0
2008,2579,South Carolina,true,roster_present_no_identifiable_ol,2009,2010,false,censored_incomplete_pre_2009_history,source_history_incomplete_before_2009,32,32,32,32,15,15,0,0,0,0,0,,,,0,0,19,true,0,0,0,,,,,,,,,,4,0
2008,2628,TCU,true,roster_present_no_identifiable_ol,2009,2010,false,censored_incomplete_pre_2009_history,source_history_incomplete_before_2009,34,34,34,34,27,27,0,0,0,0,0,,,,0,0,11,true,0,0,0,,,,,,,,,,4,0
2008,2633,Tennessee,true,roster_present_no_identifiable_ol,2009,2010,false,censored_incomplete_pre_2009_history,source_history_incomplete_before_2009,28,28,28,28,18,18,0,0,0,0,0,,,,0,0,11,true,0,0,0,,,,,,,,,,4,0
2008,2638,UTEP,true,roster_present_no_identifiable_ol,2009,2010,false,censored_incomplete_pre_2009_history,source_history_incomplete_before_2009,34,34,34,34,26,26,0,0,0,0,0,,,,0,0,8,true,0,0,0,,,,,,,,,,4,0
2008,2641,Texas Tech,true,roster_present_no_identifiable_ol,2009,2010,false,censored_incomplete_pre_2009_history,source_history_incomplete_before_2009,30,30,30,30,19,19,0,0,0,0,0,,,,0,0,11,true,0,0,0,,,,,,,,,,4,0
2008,2649,Toledo,true,roster_present_no_identifiable_ol,2009,2010,false,censored_incomplete_pre_2009_history,source_history_incomplete_before_2009,24,24,24,24,20,20,0,0,0,0,0,,,,0,0,4,true,0,0,0,,,,,,,,,,4,0
2008,2653,Troy,true,roster_present_no_identifiable_ol,2009,2010,false,censored_incomplete_pre_2009_history,source_history_incomplete_before_2009,36,36,36,36,25,25,0,0,0,0,0,,,,0,0,11,true,0,0,0,,,,,,,,,,4,0
2008,2655,Tulane,true,roster_present_no_identifiable_ol,2009,2010,false,censored_incomplete_pre_2009_history,source_history_incomplete_before_2009,34,34,34,34,20,20,0,0,0,0,0,,,,0,0,14,true,0,0,0,,,,,,,,,,4,0
2008,2711,Western Michigan,true,roster_present_no_identifiable_ol,2009,2010,false,censored_incomplete_pre_2009_history,source_history_incomplete_before_2009,30,30,30,30,19,19,0,0,0,0,0,,,,0,0,12,true,0,0,0,,,,,,,,,,4,0
2008,2751,Wyoming,true,roster_present_no_identifiable_ol,2009,2010,false,censored_incomplete_pre_2009_history,source_history_incomplete_before_2009,30,30,30,30,19,19,0,0,0,0,0,,,,0,0,12,true,0,0,0,,,,,,,,,,4,0
2009,2,Auburn,true,roster_present_with_identifiable_ol,2009,2010,false,censored_incomplete_pre_2009_history,source_history_incomplete_before_2009,108,108,108,108,108,108,0,0,19,19,0,,,,19,0,4,true,0,171,0,,,,,,,,,,5,0
2009,5,UAB,true,roster_present_with_identifiable_ol,2009,2010,false,censored_incomplete_pre_2009_history,source_history_incomplete_before_2009,99,99,99,99,99,99,0,0,16,16,0,,,,16,0,1,true,0,120,0,,,,,,,,,,5,0
2009,8,Arkansas,true,roster_present_with_identifiable_ol,2009,2010,false,censored_incomplete_pre_2009_history,source_history_incomplete_before_2009,102,102,102,102,102,102,0,0,17,17,0,,,,17,0,4,true,0,136,0,,,,,,,,,,5,0
2009,9,Arizona State,true,roster_present_with_identifiable_ol,2009,2010,false,censored_incomplete_pre_2009_history,source_history_incomplete_before_2009,106,106,106,106,106,106,0,0,19,19,0,,,,19,0,1,true,0,171,0,,,,,,,,,,5,0
2009,12,Arizona,true,roster_present_with_identifiable_ol,2009,2010,false,censored_incomplete_pre_2009_history,source_history_incomplete_before_2009,104,104,104,104,104,104,0,0,21,21,0,,,,21,0,1,true,0,210,0,,,,,,,,,,5,0
2009,21,San Diego State,true,roster_present_with_identifiable_ol,2009,2010,false,censored_incomplete_pre_2009_history,source_history_incomplete_before_2009,109,109,109,109,108,108,0,0,17,17,0,,,,17,0,1,true,0,136,0,,,,,,,,,,5,0
2009,23,San José State,true,roster_present_with_identifiable_ol,2009,2010,false,censored_incomplete_pre_2009_history,source_history_incomplete_before_2009,103,103,103,103,103,102,0,0,19,19,0,,,,19,0,0,true,0,171,0,,,,,,,,,,5,0
2009,24,Stanford,true,roster_present_with_identifiable_ol,2009,2010,false,censored_incomplete_pre_2009_history,source_history_incomplete_before_2009,99,99,99,99,98,97,0,0,17,17,0,,,,17,0,6,true,0,136,0,,,,,,,,,,5,0
2009,25,California,true,roster_present_with_identifiable_ol,2009,2010,false,censored_incomplete_pre_2009_history,source_history_incomplete_before_2009,108,108,108,108,107,107,0,0,20,20,0,,,,20,0,7,true,0,190,0,,,,,,,,,,5,0
2009,26,UCLA,true,roster_present_with_identifiable_ol,2009,2010,false,censored_incomplete_pre_2009_history,source_history_incomplete_before_2009,113,113,113,113,113,113,0,0,16,16,0,,,,16,0,14,true,0,120,0,,,,,,,,,,5,0
2009,30,USC,true,roster_present_with_identifiable_ol,2009,2010,false,censored_incomplete_pre_2009_history,source_history_incomplete_before_2009,107,107,107,107,107,107,0,0,16,16,0,,,,16,0,7,true,0,120,0,,,,,,,,,,5,0
2009,36,Colorado State,true,roster_present_with_identifiable_ol,2009,2010,false,censored_incomplete_pre_2009_history,source_history_incomplete_before_2009,106,106,106,106,106,106,0,0,18,18,0,,,,18,0,0,true,0,153,0,,,,,,,,,,5,0
2009,38,Colorado,true,roster_present_with_identifiable_ol,2009,2010,false,censored_incomplete_pre_2009_history,source_history_incomplete_before_2009,108,108,108,108,107,106,0,0,14,14,0,,,,14,0,8,true,0,91,0,,,,,,,,,,5,0
2009,41,UConn,true,roster_present_with_identifiable_ol,2009,2010,false,censored_incomplete_pre_2009_history,source_history_incomplete_before_2009,95,95,95,95,95,95,0,0,19,19,0,,,,19,0,6,true,0,171,0,,,,,,,,,,5,0
2009,52,Florida State,true,roster_present_with_identifiable_ol,2009,2010,false,censored_incomplete_pre_2009_history,source_history_incomplete_before_2009,102,102,102,102,102,102,0,0,16,16,0,,,,16,0,3,true,0,120,0,,,,,,,,,,5,0
2009,57,Florida,true,roster_present_with_identifiable_ol,2009,2010,false,censored_incomplete_pre_2009_history,source_history_incomplete_before_2009,108,108,108,108,107,107,0,0,15,15,0,,,,15,0,4,true,0,105,0,,,,,,,,,,5,0
2009,58,South Florida,true,roster_present_with_identifiable_ol,2009,2010,false,censored_incomplete_pre_2009_history,source_history_incomplete_before_2009,104,104,104,104,104,104,0,0,15,15,0,,,,15,0,0,true,0,105,0,,,,,,,,,,5,0
2009,59,Georgia Tech,true,roster_present_with_identifiable_ol,2009,2010,false,censored_incomplete_pre_2009_history,source_history_incomplete_before_2009,121,121,121,121,121,119,0,0,22,22,0,,,,22,0,0,true,0,231,0,,,,,,,,,,5,0
2009,61,Georgia,true,roster_present_with_identifiable_ol,2009,2010,false,censored_incomplete_pre_2009_history,source_history_incomplete_before_2009,129,129,129,129,129,128,0,0,19,19,0,,,,19,0,34,true,0,171,0,,,,,,,,,,5,0
2009,62,Hawai'i,true,roster_present_with_identifiable_ol,2009,2010,false,censored_incomplete_pre_2009_history,source_history_incomplete_before_2009,115,115,115,115,115,112,0,0,24,24,0,,,,24,0,0,true,0,276,0,,,,,,,,,,5,0
2009,66,Iowa State,true,roster_present_with_identifiable_ol,2009,2010,false,censored_incomplete_pre_2009_history,source_history_incomplete_before_2009,108,108,108,108,108,108,0,0,16,16,0,,,,16,0,4,true,0,120,0,,,,,,,,,,5,0
2009,68,Boise State,true,roster_present_with_identifiable_ol,2009,2010,false,censored_incomplete_pre_2009_history,source_history_incomplete_before_2009,105,105,105,105,105,102,0,0,18,18,0,,,,18,0,0,true,0,153,0,,,,,,,,,,5,0
2009,70,Idaho,true,roster_present_no_identifiable_ol,2009,2010,false,censored_incomplete_pre_2009_history,source_history_incomplete_before_2009,26,26,26,26,0,0,0,0,0,0,0,,,,0,0,26,true,0,0,0,,,,,,,,,,5,0
2009,77,Northwestern,true,roster_present_with_identifiable_ol,2009,2010,false,censored_incomplete_pre_2009_history,source_history_incomplete_before_2009,100,100,100,100,100,100,0,0,14,14,0,,,,14,0,10,true,0,91,0,,,,,,,,,,5,0
2009,84,Indiana,true,roster_present_with_identifiable_ol,2009,2010,false,censored_incomplete_pre_2009_history,source_history_incomplete_before_2009,104,104,104,104,104,104,0,0,17,17,0,,,,17,0,0,true,0,136,0,,,,,,,,,,5,0
2009,87,Notre Dame,true,roster_present_with_identifiable_ol,2009,2010,false,censored_incomplete_pre_2009_history,source_history_incomplete_before_2009,104,104,104,104,103,103,0,0,19,19,0,,,,19,0,7,true,0,171,0,,,,,,,,,,5,0
2009,96,Kentucky,true,roster_present_with_identifiable_ol,2009,2010,false,censored_incomplete_pre_2009_history,source_history_incomplete_before_2009,111,111,111,111,110,110,0,0,20,20,0,,,,20,0,14,true,0,190,0,,,,,,,,,,5,0
2009,97,Louisville,true,roster_present_with_identifiable_ol,2009,2010,false,censored_incomplete_pre_2009_history,source_history_incomplete_before_2009,106,106,106,106,105,105,0,0,16,16,0,,,,16,0,1,true,0,120,0,,,,,,,,,,5,0
2009,98,Western Kentucky,true,roster_present_with_identifiable_ol,2009,2010,false,censored_incomplete_pre_2009_history,source_history_incomplete_before_2009,108,108,108,108,107,107,0,0,22,22,0,,,,22,0,1,true,0,231,0,,,,,,,,,,5,0
2009,99,LSU,true,roster_present_with_identifiable_ol,2009,2010,false,censored_incomplete_pre_2009_history,source_history_incomplete_before_2009,130,130,130,130,129,125,0,0,20,20,0,,,,20,0,2,true,0,190,0,,,,,,,,,,5,0
2009,103,Boston College,true,roster_present_with_identifiable_ol,2009,2010,false,censored_incomplete_pre_2009_history,source_history_incomplete_before_2009,94,94,94,94,92,92,0,0,14,14,0,,,,14,0,7,true,0,91,0,,,,,,,,,,5,0
2009,120,Maryland,true,roster_present_with_identifiable_ol,2009,2010,false,censored_incomplete_pre_2009_history,source_history_incomplete_before_2009,115,115,115,115,115,115,0,0,23,23,0,,,,23,0,0,true,0,253,0,,,,,,,,,,5,0
2009,127,Michigan State,true,roster_present_with_identifiable_ol,2009,2010,false,censored_incomplete_pre_2009_history,source_history_incomplete_before_2009,106,106,106,106,105,105,0,0,20,20,0,,,,20,0,1,true,0,190,0,,,,,,,,,,5,0
2009,130,Michigan,true,roster_present_with_identifiable_ol,2009,2010,false,censored_incomplete_pre_2009_history,source_history_incomplete_before_2009,124,124,124,124,124,124,0,0,19,19,0,,,,19,0,0,true,0,171,0,,,,,,,,,,5,0
2009,135,Minnesota,true,roster_present_with_identifiable_ol,2009,2010,false,censored_incomplete_pre_2009_history,source_history_incomplete_before_2009,102,102,102,102,101,101,0,0,16,16,0,,,,16,0,1,true,0,120,0,,,,,,,,,,5,0
2009,142,Missouri,true,roster_present_with_identifiable_ol,2009,2010,false,censored_incomplete_pre_2009_history,source_history_incomplete_before_2009,114,114,114,114,113,113,0,0,23,23,0,,,,23,0,9,true,0,253,0,,,,,,,,,,5,0
2009,145,Ole Miss,true,roster_present_with_identifiable_ol,2009,2010,false,censored_incomplete_pre_2009_history,source_history_incomplete_before_2009,123,123,123,123,123,123,0,0,16,16,0,,,,16,0,1,true,0,120,0,,,,,,,,,,5,0
2009,150,Duke,true,roster_present_with_identifiable_ol,2009,2010,false,censored_incomplete_pre_2009_history,source_history_incomplete_before_2009,96,96,96,96,96,96,0,0,18,18,0,,,,18,0,2,true,0,153,0,,,,,,,,,,5,0
2009,151,East Carolina,true,roster_present_with_identifiable_ol,2009,2010,false,censored_incomplete_pre_2009_history,source_history_incomplete_before_2009,116,116,116,116,116,115,0,0,21,21,0,,,,21,0,3,true,0,210,0,,,,,,,,,,5,0
2009,152,NC State,true,roster_present_with_identifiable_ol,2009,2010,false,censored_incomplete_pre_2009_history,source_history_incomplete_before_2009,112,112,112,112,111,107,0,0,18,18,0,,,,18,0,11,true,0,153,0,,,,,,,,,,5,0
2009,153,North Carolina,true,roster_present_with_identifiable_ol,2009,2010,false,censored_incomplete_pre_2009_history,source_history_incomplete_before_2009,101,101,101,101,100,100,0,0,16,16,0,,,,16,0,7,true,0,120,0,,,,,,,,,,5,0
2009,154,Wake Forest,true,roster_present_with_identifiable_ol,2009,2010,false,censored_incomplete_pre_2009_history,source_history_incomplete_before_2009,105,105,105,105,104,104,0,0,19,19,0,,,,19,0,16,true,0,171,0,,,,,,,,,,5,0
2009,158,Nebraska,true,roster_present_with_identifiable_ol,2009,2010,false,censored_incomplete_pre_2009_history,source_history_incomplete_before_2009,139,139,139,139,139,139,0,0,24,24,0,,,,24,0,0,true,0,276,0,,,,,,,,,,5,0
2009,164,Rutgers,true,roster_present_with_identifiable_ol,2009,2010,false,censored_incomplete_pre_2009_history,source_history_incomplete_before_2009,110,110,110,110,108,108,0,0,19,19,0,,,,19,0,2,true,0,171,0,,,,,,,,,,5,0
2009,166,New Mexico State,true,roster_present_with_identifiable_ol,2009,2010,false,censored_incomplete_pre_2009_history,source_history_incomplete_before_2009,93,93,93,93,93,93,0,0,18,18,0,,,,18,0,6,true,0,153,0,,,,,,,,,,5,0
2009,167,New Mexico,true,roster_present_with_identifiable_ol,2009,2010,false,censored_incomplete_pre_2009_history,source_history_incomplete_before_2009,102,102,102,102,102,89,0,0,18,18,0,,,,18,0,3,true,0,153,0,,,,,,,,,,5,0
2009,183,Syracuse,true,roster_present_with_identifiable_ol,2009,2010,false,censored_incomplete_pre_2009_history,source_history_incomplete_before_2009,78,78,78,78,77,77,0,0,14,14,0,,,,14,0,9,true,0,91,0,,,,,,,,,,5,0
2009,189,Bowling Green,true,roster_present_with_identifiable_ol,2009,2010,false,censored_incomplete_pre_2009_history,source_history_incomplete_before_2009,98,98,98,98,97,97,0,0,16,16,0,,,,16,0,3,true,0,120,0,,,,,,,,,,5,0
2009,193,Miami (OH),true,roster_present_with_identifiable_ol,2009,2010,false,censored_incomplete_pre_2009_history,source_history_incomplete_before_2009,104,104,104,104,103,103,0,0,18,18,0,,,,18,0,2,true,0,153,0,,,,,,,,,,5,0
2009,194,Ohio State,true,roster_present_with_identifiable_ol,2009,2010,false,censored_incomplete_pre_2009_history,source_history_incomplete_before_2009,115,115,115,115,113,113,0,0,18,18,0,,,,18,0,3,true,0,153,0,,,,,,,,,,5,0
2009,195,Ohio,true,roster_present_with_identifiable_ol,2009,2010,false,censored_incomplete_pre_2009_history,source_history_incomplete_before_2009,108,108,108,108,107,107,0,0,18,18,0,,,,18,0,1,true,0,153,0,,,,,,,,,,5,0
2009,197,Oklahoma State,true,roster_present_with_identifiable_ol,2009,2010,false,censored_incomplete_pre_2009_history,source_history_incomplete_before_2009,113,113,113,113,113,113,0,0,20,20,0,,,,20,0,1,true,0,190,0,,,,,,,,,,5,0
2009,201,Oklahoma,true,roster_present_with_identifiable_ol,2009,2010,false,censored_incomplete_pre_2009_history,source_history_incomplete_before_2009,106,106,106,106,105,105,0,0,17,17,0,,,,17,0,5,true,0,136,0,,,,,,,,,,5,0
2009,202,Tulsa,true,roster_present_with_identifiable_ol,2009,2010,false,censored_incomplete_pre_2009_history,source_history_incomplete_before_2009,92,92,92,92,90,90,0,0,17,17,0,,,,17,0,9,true,0,136,0,,,,,,,,,,5,0
2009,204,Oregon State,true,roster_present_with_identifiable_ol,2009,2010,false,censored_incomplete_pre_2009_history,source_history_incomplete_before_2009,111,111,111,111,111,111,0,0,19,19,0,,,,19,0,0,true,0,171,0,,,,,,,,,,5,0
2009,213,Penn State,true,roster_present_with_identifiable_ol,2009,2010,false,censored_incomplete_pre_2009_history,source_history_incomplete_before_2009,121,121,121,121,118,118,0,0,21,21,0,,,,21,0,7,true,0,210,0,,,,,,,,,,5,0
2009,218,Temple,true,roster_present_with_identifiable_ol,2009,2010,false,censored_incomplete_pre_2009_history,source_history_incomplete_before_2009,108,108,108,108,107,107,0,0,20,20,0,,,,20,0,1,true,0,190,0,,,,,,,,,,5,0
2009,221,Pittsburgh,true,roster_present_with_identifiable_ol,2009,2010,false,censored_incomplete_pre_2009_history,source_history_incomplete_before_2009,92,92,92,92,90,90,0,0,20,20,0,,,,20,0,2,true,0,190,0,,,,,,,,,,5,0
2009,228,Clemson,true,roster_present_with_identifiable_ol,2009,2010,false,censored_incomplete_pre_2009_history,source_history_incomplete_before_2009,89,89,89,89,89,89,0,0,18,18,0,,,,18,0,0,true,0,153,0,,,,,,,,,,5,0
2009,235,Memphis,true,roster_present_with_identifiable_ol,2009,2010,false,censored_incomplete_pre_2009_history,source_history_incomplete_before_2009,99,99,99,99,97,97,0,0,18,18,0,,,,18,0,5,true,0,153,0,,,,,,,,,,5,0
2009,238,Vanderbilt,true,roster_present_with_identifiable_ol,2009,2010,false,censored_incomplete_pre_2009_history,source_history_incomplete_before_2009,102,102,102,102,102,102,0,0,17,17,0,,,,17,0,2,true,0,136,0,,,,,,,,,,5,0
2009,239,Baylor,true,roster_present_with_identifiable_ol,2009,2010,false,censored_incomplete_pre_2009_history,source_history_incomplete_before_2009,111,111,111,111,109,109,0,0,18,18,0,,,,18,0,5,true,0,153,0,,,,,,,,,,5,0
2009,242,Rice,true,roster_present_with_identifiable_ol,2009,2010,false,censored_incomplete_pre_2009_history,source_history_incomplete_before_2009,94,94,94,94,94,94,0,0,14,14,0,,,,14,0,1,true,0,91,0,,,,,,,,,,5,0
2009,245,Texas A&M,true,roster_present_with_identifiable_ol,2009,2010,false,censored_incomplete_pre_2009_history,source_history_incomplete_before_2009,118,118,118,118,117,117,0,0,19,19,0,,,,19,0,3,true,0,171,0,,,,,,,,,,5,0
2009,248,Houston,true,roster_present_with_identifiable_ol,2009,2010,false,censored_incomplete_pre_2009_history,source_history_incomplete_before_2009,97,97,97,97,97,97,0,0,16,16,0,,,,16,0,1,true,0,120,0,,,,,,,,,,5,0
2009,249,North Texas,true,roster_present_with_identifiable_ol,2009,2010,false,censored_incomplete_pre_2009_history,source_history_incomplete_before_2009,98,98,98,98,98,98,0,0,23,23,0,,,,23,0,0,true,0,253,0,,,,,,,,,,5,0
2009,251,Texas,true,roster_present_with_identifiable_ol,2009,2010,false,censored_incomplete_pre_2009_history,source_history_incomplete_before_2009,109,109,109,109,107,107,0,0,18,18,0,,,,18,0,7,true,0,153,0,,,,,,,,,,5,0
2009,252,BYU,true,roster_present_with_identifiable_ol,2009,2010,false,censored_incomplete_pre_2009_history,source_history_incomplete_before_2009,104,104,104,104,102,101,0,0,15,15,0,,,,15,0,3,true,0,105,0,,,,,,,,,,5,0
2009,254,Utah,true,roster_present_with_identifiable_ol,2009,2010,false,censored_incomplete_pre_2009_history,source_history_incomplete_before_2009,110,110,110,110,110,110,0,0,17,17,0,,,,17,0,1,true,0,136,0,,,,,,,,,,5,0
2009,258,Virginia,true,roster_present_with_identifiable_ol,2009,2010,false,censored_incomplete_pre_2009_history,source_history_incomplete_before_2009,110,110,110,110,110,110,0,0,18,18,0,,,,18,0,8,true,0,153,0,,,,,,,,,,5,0
2009,259,Virginia Tech,true,roster_present_with_identifiable_ol,2009,2010,false,censored_incomplete_pre_2009_history,source_history_incomplete_before_2009,119,119,119,119,117,95,0,0,19,19,0,,,,19,0,28,true,0,171,0,,,,,,,,,,5,0
2009,264,Washington,true,roster_present_with_identifiable_ol,2009,2010,false,censored_incomplete_pre_2009_history,source_history_incomplete_before_2009,97,97,97,97,97,97,0,0,15,15,0,,,,15,0,7,true,0,105,0,,,,,,,,,,5,0
2009,265,Washington State,true,roster_present_with_identifiable_ol,2009,2010,false,censored_incomplete_pre_2009_history,source_history_incomplete_before_2009,108,108,108,108,108,108,0,0,22,22,0,,,,22,0,0,true,0,231,0,,,,,,,,,,5,0
2009,275,Wisconsin,true,roster_present_with_identifiable_ol,2009,2010,false,censored_incomplete_pre_2009_history,source_history_incomplete_before_2009,113,113,113,113,113,113,0,0,19,19,0,,,,19,0,0,true,0,171,0,,,,,,,,,,5,0
2009,276,Marshall,true,roster_present_with_identifiable_ol,2009,2010,false,censored_incomplete_pre_2009_history,source_history_incomplete_before_2009,103,103,103,103,103,103,0,0,16,16,0,,,,16,0,0,true,0,120,0,,,,,,,,,,5,0
2009,277,West Virginia,true,roster_present_with_identifiable_ol,2009,2010,false,censored_incomplete_pre_2009_history,source_history_incomplete_before_2009,112,112,112,112,111,111,0,0,18,18,0,,,,18,0,2,true,0,153,0,,,,,,,,,,5,0
2009,278,Fresno State,true,roster_present_with_identifiable_ol,2009,2010,false,censored_incomplete_pre_2009_history,source_history_incomplete_before_2009,102,102,102,102,102,102,0,0,15,15,0,,,,15,0,3,true,0,105,0,,,,,,,,,,5,0
2009,309,Louisiana,true,roster_present_with_identifiable_ol,2009,2010,false,censored_incomplete_pre_2009_history,source_history_incomplete_before_2009,106,106,106,106,105,93,0,0,20,20,0,,,,20,0,8,true,0,190,0,,,,,,,,,,5,0
2009,328,Utah State,true,roster_present_with_identifiable_ol,2009,2010,false,censored_incomplete_pre_2009_history,source_history_incomplete_before_2009,100,100,100,100,100,100,0,0,17,17,0,,,,17,0,0,true,0,136,0,,,,,,,,,,5,0
2009,333,Alabama,true,roster_present_with_identifiable_ol,2009,2010,false,censored_incomplete_pre_2009_history,source_history_incomplete_before_2009,104,104,104,104,104,104,0,0,17,17,0,,,,17,0,3,true,0,136,0,,,,,,,,,,5,0
2009,344,Mississippi State,true,roster_present_with_identifiable_ol,2009,2010,false,censored_incomplete_pre_2009_history,source_history_incomplete_before_2009,102,102,102,102,100,100,0,0,16,16,0,,,,16,0,9,true,0,120,0,,,,,,,,,,5,0
2009,349,Army,true,roster_present_with_identifiable_ol,2009,2010,false,censored_incomplete_pre_2009_history,source_history_incomplete_before_2009,146,146,146,146,146,145,0,0,35,35,0,,,,35,0,11,true,0,595,0,,,,,,,,,,5,0
2009,356,Illinois,true,roster_present_with_identifiable_ol,2009,2010,false,censored_incomplete_pre_2009_history,source_history_incomplete_before_2009,101,101,101,101,101,101,0,0,17,17,0,,,,17,0,0,true,0,136,0,,,,,,,,,,5,0
2009,2005,Air Force,true,roster_present_with_identifiable_ol,2009,2010,false,censored_incomplete_pre_2009_history,source_history_incomplete_before_2009,100,100,100,100,96,96,0,0,13,13,0,,,,13,0,29,true,0,78,0,,,,,,,,,,5,0
2009,2006,Akron,true,roster_present_with_identifiable_ol,2009,2010,false,censored_incomplete_pre_2009_history,source_history_incomplete_before_2009,104,104,104,104,104,104,0,0,18,18,0,,,,18,0,0,true,0,153,0,,,,,,,,,,5,0
2009,2032,Arkansas State,true,roster_present_with_identifiable_ol,2009,2010,false,censored_incomplete_pre_2009_history,source_history_incomplete_before_2009,97,97,97,97,97,93,0,0,18,18,0,,,,18,0,6,true,0,153,0,,,,,,,,,,5,0
2009,2050,Ball State,true,roster_present_with_identifiable_ol,2009,2010,false,censored_incomplete_pre_2009_history,source_history_incomplete_before_2009,94,94,94,94,94,94,0,0,15,15,0,,,,15,0,15,true,0,105,0,,,,,,,,,,5,0
2009,2084,Buffalo,true,roster_present_with_identifiable_ol,2009,2010,false,censored_incomplete_pre_2009_history,source_history_incomplete_before_2009,93,93,93,93,93,93,0,0,17,17,0,,,,17,0,0,true,0,136,0,,,,,,,,,,5,0
2009,2116,UCF,true,roster_present_with_identifiable_ol,2009,2010,false,censored_incomplete_pre_2009_history,source_history_incomplete_before_2009,94,94,94,94,93,93,0,0,16,16,0,,,,16,0,5,true,0,120,0,,,,,,,,,,5,0
2009,2117,Central Michigan,true,roster_present_with_identifiable_ol,2009,2010,false,censored_incomplete_pre_2009_history,source_history_incomplete_before_2009,98,98,98,98,98,98,0,0,17,17,0,,,,17,0,0,true,0,136,0,,,,,,,,,,5,0
2009,2132,Cincinnati,true,roster_present_with_identifiable_ol,2009,2010,false,censored_incomplete_pre_2009_history,source_history_incomplete_before_2009,105,105,105,105,105,105,0,0,18,18,0,,,,18,0,1,true,0,153,0,,,,,,,,,,5,0
2009,2199,Eastern Michigan,true,roster_present_with_identifiable_ol,2009,2010,false,censored_incomplete_pre_2009_history,source_history_incomplete_before_2009,95,95,95,95,94,94,0,0,14,14,0,,,,14,0,1,true,0,91,0,,,,,,,,,,5,0
2009,2226,Florida Atlantic,true,roster_present_with_identifiable_ol,2009,2010,false,censored_incomplete_pre_2009_history,source_history_incomplete_before_2009,115,115,115,115,113,108,0,0,24,24,0,,,,24,0,3,true,0,276,0,,,,,,,,,,5,0
2009,2229,Florida International,true,roster_present_with_identifiable_ol,2009,2010,false,censored_incomplete_pre_2009_history,source_history_incomplete_before_2009,96,96,96,96,96,96,0,0,18,18,0,,,,18,0,3,true,0,153,0,,,,,,,,,,5,0
2009,2294,Iowa,true,roster_present_with_identifiable_ol,2009,2010,false,censored_incomplete_pre_2009_history,source_history_incomplete_before_2009,112,112,112,112,110,110,0,0,21,21,0,,,,21,0,3,true,0,210,0,,,,,,,,,,5,0
2009,2305,Kansas,true,roster_present_with_identifiable_ol,2009,2010,false,censored_incomplete_pre_2009_history,source_history_incomplete_before_2009,98,98,98,98,98,98,0,0,14,14,0,,,,14,0,0,true,0,91,0,,,,,,,,,,5,0
2009,2306,Kansas State,true,roster_present_with_identifiable_ol,2009,2010,false,censored_incomplete_pre_2009_history,source_history_incomplete_before_2009,121,121,121,121,120,120,0,0,19,19,0,,,,19,0,1,true,0,171,0,,,,,,,,,,5,0
2009,2309,Kent State,true,roster_present_with_identifiable_ol,2009,2010,false,censored_incomplete_pre_2009_history,source_history_incomplete_before_2009,103,103,103,103,103,103,0,0,15,15,0,,,,15,0,1,true,0,105,0,,,,,,,,,,5,0
2009,2348,Louisiana Tech,true,roster_present_with_identifiable_ol,2009,2010,false,censored_incomplete_pre_2009_history,source_history_incomplete_before_2009,100,100,100,100,99,99,0,0,17,17,0,,,,17,0,3,true,0,136,0,,,,,,,,,,5,0
2009,2390,Miami,true,roster_present_with_identifiable_ol,2009,2010,false,censored_incomplete_pre_2009_history,source_history_incomplete_before_2009,86,86,86,86,86,84,0,0,13,13,0,,,,13,0,0,true,0,78,0,,,,,,,,,,5,0
2009,2393,Middle Tennessee,true,roster_present_with_identifiable_ol,2009,2010,false,censored_incomplete_pre_2009_history,source_history_incomplete_before_2009,99,99,99,99,98,93,0,0,18,18,0,,,,18,0,3,true,0,153,0,,,,,,,,,,5,0
2009,2426,Navy,true,roster_present_with_identifiable_ol,2009,2010,false,censored_incomplete_pre_2009_history,source_history_incomplete_before_2009,166,166,166,166,166,166,0,0,34,34,0,,,,34,0,17,true,0,561,0,,,,,,,,,,5,0
2009,2433,UL Monroe,true,roster_present_with_identifiable_ol,2009,2010,false,censored_incomplete_pre_2009_history,source_history_incomplete_before_2009,100,100,100,100,100,99,0,0,13,13,0,,,,13,0,2,true,0,78,0,,,,,,,,,,5,0
2009,2439,UNLV,true,roster_present_with_identifiable_ol,2009,2010,false,censored_incomplete_pre_2009_history,source_history_incomplete_before_2009,88,88,88,88,85,82,0,0,16,16,0,,,,16,0,3,true,0,120,0,,,,,,,,,,5,0
2009,2440,Nevada,true,roster_present_with_identifiable_ol,2009,2010,false,censored_incomplete_pre_2009_history,source_history_incomplete_before_2009,102,102,102,102,100,100,0,0,16,16,0,,,,16,0,2,true,0,120,0,,,,,,,,,,5,0
2009,2459,Northern Illinois,true,roster_present_with_identifiable_ol,2009,2010,false,censored_incomplete_pre_2009_history,source_history_incomplete_before_2009,106,106,106,106,106,106,0,0,13,13,0,,,,13,0,11,true,0,78,0,,,,,,,,,,5,0
2009,2483,Oregon,true,roster_present_with_identifiable_ol,2009,2010,false,censored_incomplete_pre_2009_history,source_history_incomplete_before_2009,105,105,105,105,104,104,0,0,19,19,0,,,,19,0,11,true,0,171,0,,,,,,,,,,5,0
2009,2509,Purdue,true,roster_present_with_identifiable_ol,2009,2010,false,censored_incomplete_pre_2009_history,source_history_incomplete_before_2009,107,107,107,107,107,107,0,0,20,20,0,,,,20,0,0,true,0,190,0,,,,,,,,,,5,0
2009,2567,SMU,true,roster_present_with_identifiable_ol,2009,2010,false,censored_incomplete_pre_2009_history,source_history_incomplete_before_2009,97,97,97,97,97,96,0,0,16,16,0,,,,16,0,2,true,0,120,0,,,,,,,,,,5,0
2009,2572,Southern Miss,true,roster_present_with_identifiable_ol,2009,2010,false,censored_incomplete_pre_2009_history,source_history_incomplete_before_2009,106,106,106,106,105,105,0,0,18,18,0,,,,18,0,1,true,0,153,0,,,,,,,,,,5,0
2009,2579,South Carolina,true,roster_present_with_identifiable_ol,2009,2010,false,censored_incomplete_pre_2009_history,source_history_incomplete_before_2009,97,97,97,97,97,97,0,0,18,18,0,,,,18,0,13,true,0,153,0,,,,,,,,,,5,0
2009,2628,TCU,true,roster_present_with_identifiable_ol,2009,2010,false,censored_incomplete_pre_2009_history,source_history_incomplete_before_2009,105,105,105,105,105,105,0,0,21,21,0,,,,21,0,9,true,0,210,0,,,,,,,,,,5,0
2009,2633,Tennessee,true,roster_present_with_identifiable_ol,2009,2010,false,censored_incomplete_pre_2009_history,source_history_incomplete_before_2009,109,109,109,109,109,107,0,0,19,19,0,,,,19,0,4,true,0,171,0,,,,,,,,,,5,0
2009,2638,UTEP,true,roster_present_with_identifiable_ol,2009,2010,false,censored_incomplete_pre_2009_history,source_history_incomplete_before_2009,109,109,109,109,109,109,0,0,19,19,0,,,,19,0,0,true,0,171,0,,,,,,,,,,5,0
2009,2641,Texas Tech,true,roster_present_with_identifiable_ol,2009,2010,false,censored_incomplete_pre_2009_history,source_history_incomplete_before_2009,106,106,106,106,106,106,0,0,17,17,0,,,,17,0,2,true,0,136,0,,,,,,,,,,5,0
2009,2649,Toledo,true,roster_present_with_identifiable_ol,2009,2010,false,censored_incomplete_pre_2009_history,source_history_incomplete_before_2009,89,89,89,89,89,89,0,0,14,14,0,,,,14,0,1,true,0,91,0,,,,,,,,,,5,0
2009,2653,Troy,true,roster_present_with_identifiable_ol,2009,2010,false,censored_incomplete_pre_2009_history,source_history_incomplete_before_2009,120,120,120,120,120,120,0,0,18,18,0,,,,18,0,0,true,0,153,0,,,,,,,,,,5,0
2009,2655,Tulane,true,roster_present_with_identifiable_ol,2009,2010,false,censored_incomplete_pre_2009_history,source_history_incomplete_before_2009,91,91,91,91,90,90,0,0,15,15,0,,,,15,0,2,true,0,105,0,,,,,,,,,,5,0
2009,2711,Western Michigan,true,roster_present_with_identifiable_ol,2009,2010,false,censored_incomplete_pre_2009_history,source_history_incomplete_before_2009,100,100,100,100,100,100,0,0,14,14,0,,,,14,0,9,true,0,91,0,,,,,,,,,,5,0
2009,2751,Wyoming,true,roster_present_with_identifiable_ol,2009,2010,false,censored_incomplete_pre_2009_history,source_history_incomplete_before_2009,98,98,98,98,98,98,0,0,19,19,0,,,,19,0,13,true,0,171,0,,,,,,,,,,5,0
2010,2,Auburn,true,roster_present_with_identifiable_ol,2009,2010,true,evaluable_complete_history_window,,117,117,117,117,116,116,0,0,23,23,0,13,10,13,23,0,5,false,253,0,0,78,0.308300395256917,1,78,0,0,13,10,0.43478260869565216,6,1
2010,5,UAB,true,roster_present_with_identifiable_ol,2009,2010,true,evaluable_complete_history_window,,90,90,90,90,90,90,0,0,13,13,0,7,6,7,13,0,0,false,78,0,0,21,0.2692307692307692,1,21,0,0,7,6,0.46153846153846156,6,1
2010,8,Arkansas,true,roster_present_with_identifiable_ol,2009,2010,true,evaluable_complete_history_window,,121,121,121,121,121,119,0,0,21,21,0,14,7,14,21,0,1,false,210,0,0,91,0.43333333333333335,1,91,0,0,14,7,0.3333333333333333,6,1
2010,9,Arizona State,true,roster_present_with_identifiable_ol,2009,2010,true,evaluable_complete_history_window,,114,114,114,114,114,114,0,0,19,19,0,10,9,10,19,0,1,false,171,0,0,45,0.2631578947368421,1,45,0,0,10,9,0.47368421052631576,6,1
2010,12,Arizona,true,roster_present_with_identifiable_ol,2009,2010,true,evaluable_complete_history_window,,104,104,104,104,104,104,0,0,20,20,0,14,6,14,20,0,2,false,190,0,0,91,0.4789473684210526,1,91,0,0,14,6,0.3,6,1
2010,21,San Diego State,true,roster_present_with_identifiable_ol,2009,2010,true,evaluable_complete_history_window,,105,105,105,105,105,105,0,0,18,18,0,12,6,12,18,0,0,false,153,0,0,66,0.43137254901960786,1,66,0,0,12,6,0.3333333333333333,6,1
2010,23,San José State,true,roster_present_with_identifiable_ol,2009,2010,true,evaluable_complete_history_window,,105,105,105,105,104,103,0,0,19,19,0,14,5,14,19,0,1,false,171,0,0,91,0.5321637426900585,1,91,0,0,14,5,0.2631578947368421,6,1
2010,24,Stanford,true,roster_present_with_identifiable_ol,2009,2010,true,evaluable_complete_history_window,,106,106,106,106,106,106,0,0,17,17,0,11,6,11,17,0,9,false,136,0,0,55,0.40441176470588236,1,55,0,0,11,6,0.35294117647058826,6,1
2010,25,California,true,roster_present_with_identifiable_ol,2009,2010,true,evaluable_complete_history_window,,110,110,110,110,109,109,0,0,18,18,0,13,5,13,18,0,6,false,153,0,0,78,0.5098039215686274,1,78,0,0,13,5,0.2777777777777778,6,1
2010,26,UCLA,true,roster_present_with_identifiable_ol,2009,2010,true,evaluable_complete_history_window,,117,117,117,117,117,117,0,0,19,19,0,11,8,11,19,0,12,false,171,0,0,55,0.3216374269005848,1,55,0,0,11,8,0.42105263157894735,6,1
2010,30,USC,true,roster_present_with_identifiable_ol,2009,2010,true,evaluable_complete_history_window,,108,108,108,108,106,106,0,0,15,15,0,11,4,11,15,0,9,false,105,0,0,55,0.5238095238095238,1,55,0,0,11,4,0.26666666666666666,6,1
2010,36,Colorado State,true,roster_present_with_identifiable_ol,2009,2010,true,evaluable_complete_history_window,,104,104,104,104,104,104,0,0,17,17,0,13,4,13,17,0,0,false,136,0,0,78,0.5735294117647058,1,78,0,0,13,4,0.23529411764705882,6,1
2010,38,Colorado,true,roster_present_with_identifiable_ol,2009,2010,true,evaluable_complete_history_window,,104,104,104,104,104,103,0,0,17,17,0,14,3,14,17,0,8,false,136,0,0,91,0.6691176470588235,1,91,0,0,14,3,0.17647058823529413,6,1
2010,41,UConn,true,roster_present_with_identifiable_ol,2009,2010,true,evaluable_complete_history_window,,97,97,97,97,97,97,0,0,16,16,0,12,4,12,16,0,6,false,120,0,0,66,0.55,1,66,0,0,12,4,0.25,6,1
2010,52,Florida State,true,roster_present_with_identifiable_ol,2009,2010,true,evaluable_complete_history_window,,94,94,94,94,93,93,0,0,16,16,0,14,2,14,16,0,4,false,120,0,0,91,0.7583333333333333,1,91,0,0,14,2,0.125,6,1
2010,57,Florida,true,roster_present_with_identifiable_ol,2009,2010,true,evaluable_complete_history_window,,110,110,110,110,109,109,0,0,15,15,0,11,4,11,15,0,4,false,105,0,0,55,0.5238095238095238,1,55,0,0,11,4,0.26666666666666666,6,1
2010,58,South Florida,true,roster_present_with_identifiable_ol,2009,2010,true,evaluable_complete_history_window,,115,115,115,115,114,114,0,0,16,16,0,12,4,12,16,0,1,false,120,0,0,66,0.55,1,66,0,0,12,4,0.25,6,1
2010,59,Georgia Tech,true,roster_present_with_identifiable_ol,2009,2010,true,evaluable_complete_history_window,,117,117,117,117,117,117,0,0,17,17,0,12,5,12,17,0,0,false,136,0,0,66,0.4852941176470588,1,66,0,0,12,5,0.29411764705882354,6,1
2010,61,Georgia,true,roster_present_with_identifiable_ol,2009,2010,true,evaluable_complete_history_window,,127,127,127,127,127,127,0,0,19,19,0,14,5,14,19,0,35,false,171,0,0,91,0.5321637426900585,1,91,0,0,14,5,0.2631578947368421,6,1
2010,62,Hawai'i,true,roster_present_with_identifiable_ol,2009,2010,true,evaluable_complete_history_window,,113,113,113,113,113,113,0,0,24,24,0,15,9,15,24,0,0,false,276,0,0,105,0.3804347826086957,1,105,0,0,15,9,0.375,6,1
2010,66,Iowa State,true,roster_present_with_identifiable_ol,2009,2010,true,evaluable_complete_history_window,,116,116,116,116,116,116,0,0,18,18,0,13,5,13,18,0,3,false,153,0,0,78,0.5098039215686274,1,78,0,0,13,5,0.2777777777777778,6,1
2010,68,Boise State,true,roster_present_with_identifiable_ol,2009,2010,true,evaluable_complete_history_window,,112,112,112,112,112,107,0,0,18,18,0,17,1,17,18,0,1,false,153,0,0,136,0.8888888888888888,1,136,0,0,17,1,0.05555555555555555,6,1
2010,70,Idaho,true,roster_present_no_identifiable_ol,2009,2010,true,evaluable_complete_history_window,,34,34,34,34,2,0,0,0,0,0,0,0,0,0,0,0,32,false,0,0,0,0,,,0,0,0,0,0,,6,1
2010,77,Northwestern,true,roster_present_with_identifiable_ol,2009,2010,true,evaluable_complete_history_window,,103,103,103,103,103,103,0,0,14,14,0,11,3,11,14,0,10,false,91,0,0,55,0.6043956043956044,1,55,0,0,11,3,0.21428571428571427,6,1
2010,84,Indiana,true,roster_present_with_identifiable_ol,2009,2010,true,evaluable_complete_history_window,,114,114,114,114,114,114,0,0,18,18,0,12,6,12,18,0,0,false,153,0,0,66,0.43137254901960786,1,66,0,0,12,6,0.3333333333333333,6,1
2010,87,Notre Dame,true,roster_present_with_identifiable_ol,2009,2010,true,evaluable_complete_history_window,,104,104,104,104,103,103,0,0,18,18,0,13,5,13,18,0,11,false,153,0,0,78,0.5098039215686274,1,78,0,0,13,5,0.2777777777777778,6,1
2010,96,Kentucky,true,roster_present_with_identifiable_ol,2009,2010,true,evaluable_complete_history_window,,115,115,115,115,114,114,0,0,20,20,0,13,7,13,20,0,9,false,190,0,0,78,0.4105263157894737,1,78,0,0,13,7,0.35,6,1
2010,97,Louisville,true,roster_present_with_identifiable_ol,2009,2010,true,evaluable_complete_history_window,,110,110,110,110,109,109,0,0,19,19,0,15,4,15,19,0,1,false,171,0,0,105,0.6140350877192983,1,105,0,0,15,4,0.21052631578947367,6,1
2010,98,Western Kentucky,true,roster_present_with_identifiable_ol,2009,2010,true,evaluable_complete_history_window,,102,102,102,102,101,101,0,0,16,16,0,11,5,11,16,0,2,false,120,0,0,55,0.4583333333333333,1,55,0,0,11,5,0.3125,6,1
2010,99,LSU,true,roster_present_with_identifiable_ol,2009,2010,true,evaluable_complete_history_window,,123,123,123,123,123,112,0,0,16,16,0,12,4,12,16,0,0,false,120,0,0,66,0.55,1,66,0,0,12,4,0.25,6,1
2010,103,Boston College,true,roster_present_with_identifiable_ol,2009,2010,true,evaluable_complete_history_window,,103,103,103,103,102,102,0,0,16,16,0,11,5,11,16,0,4,false,120,0,0,55,0.4583333333333333,1,55,0,0,11,5,0.3125,6,1
2010,120,Maryland,true,roster_present_with_identifiable_ol,2009,2010,true,evaluable_complete_history_window,,113,113,113,113,110,110,0,0,19,19,0,14,5,14,19,0,4,false,171,0,0,91,0.5321637426900585,1,91,0,0,14,5,0.2631578947368421,6,1
2010,127,Michigan State,true,roster_present_with_identifiable_ol,2009,2010,true,evaluable_complete_history_window,,107,107,107,107,106,106,0,0,20,20,0,16,4,16,20,0,1,false,190,0,0,120,0.631578947368421,1,120,0,0,16,4,0.2,6,1
2010,130,Michigan,true,roster_present_with_identifiable_ol,2009,2010,true,evaluable_complete_history_window,,122,122,122,122,122,122,0,0,14,14,0,12,2,12,14,0,0,false,91,0,0,66,0.7252747252747253,1,66,0,0,12,2,0.14285714285714285,6,1
2010,135,Minnesota,true,roster_present_with_identifiable_ol,2009,2010,true,evaluable_complete_history_window,,106,106,106,106,106,106,0,0,20,20,0,12,8,12,20,0,0,false,190,0,0,66,0.3473684210526316,1,66,0,0,12,8,0.4,6,1
2010,142,Missouri,true,roster_present_with_identifiable_ol,2009,2010,true,evaluable_complete_history_window,,109,109,109,109,109,109,0,0,23,23,0,16,7,16,23,0,8,false,253,0,0,120,0.4743083003952569,1,120,0,0,16,7,0.30434782608695654,6,1
2010,145,Ole Miss,true,roster_present_with_identifiable_ol,2009,2010,true,evaluable_complete_history_window,,119,119,119,119,119,119,0,0,18,18,0,11,7,11,18,0,1,false,153,0,0,55,0.35947712418300654,1,55,0,0,11,7,0.3888888888888889,6,1
2010,150,Duke,true,roster_present_with_identifiable_ol,2009,2010,true,evaluable_complete_history_window,,103,103,103,103,102,101,0,0,17,17,0,14,3,14,17,0,6,false,136,0,0,91,0.6691176470588235,1,91,0,0,14,3,0.17647058823529413,6,1
2010,151,East Carolina,true,roster_present_with_identifiable_ol,2009,2010,true,evaluable_complete_history_window,,111,111,111,111,111,109,0,0,20,20,0,14,6,14,20,0,3,false,190,0,0,91,0.4789473684210526,1,91,0,0,14,6,0.3,6,1
2010,152,NC State,true,roster_present_with_identifiable_ol,2009,2010,true,evaluable_complete_history_window,,109,109,109,109,106,106,0,0,18,18,0,10,8,10,18,0,8,false,153,0,0,45,0.29411764705882354,1,45,0,0,10,8,0.4444444444444444,6,1
2010,153,North Carolina,true,roster_present_with_identifiable_ol,2009,2010,true,evaluable_complete_history_window,,98,98,98,98,97,97,0,0,17,17,0,12,5,12,17,0,9,false,136,0,0,66,0.4852941176470588,1,66,0,0,12,5,0.29411764705882354,6,1
2010,154,Wake Forest,true,roster_present_with_identifiable_ol,2009,2010,true,evaluable_complete_history_window,,102,102,102,102,102,102,0,0,18,18,0,14,4,14,18,0,19,false,153,0,0,91,0.5947712418300654,1,91,0,0,14,4,0.2222222222222222,6,1
2010,158,Nebraska,true,roster_present_with_identifiable_ol,2009,2010,true,evaluable_complete_history_window,,152,152,152,152,152,152,0,0,26,26,0,19,7,19,26,0,0,false,325,0,0,171,0.5261538461538462,1,171,0,0,19,7,0.2692307692307692,6,1
2010,164,Rutgers,true,roster_present_with_identifiable_ol,2009,2010,true,evaluable_complete_history_window,,104,104,104,104,103,103,0,0,20,20,0,12,8,12,20,0,1,false,190,0,0,66,0.3473684210526316,1,66,0,0,12,8,0.4,6,1
2010,166,New Mexico State,true,roster_present_with_identifiable_ol,2009,2010,true,evaluable_complete_history_window,,102,102,102,102,102,102,0,0,16,16,0,9,7,9,16,0,10,false,120,0,0,36,0.3,1,36,0,0,9,7,0.4375,6,1
2010,167,New Mexico,true,roster_present_with_identifiable_ol,2009,2010,true,evaluable_complete_history_window,,94,94,94,94,94,93,0,0,16,16,0,13,3,13,16,0,2,false,120,0,0,78,0.65,1,78,0,0,13,3,0.1875,6,1
2010,183,Syracuse,true,roster_present_with_identifiable_ol,2009,2010,true,evaluable_complete_history_window,,96,96,96,96,95,95,0,0,14,14,0,9,5,9,14,0,10,false,91,0,0,36,0.3956043956043956,1,36,0,0,9,5,0.35714285714285715,6,1
2010,189,Bowling Green,true,roster_present_with_identifiable_ol,2009,2010,true,evaluable_complete_history_window,,103,103,103,103,103,103,0,0,16,16,0,10,6,10,16,0,3,false,120,0,0,45,0.375,1,45,0,0,10,6,0.375,6,1
2010,193,Miami (OH),true,roster_present_with_identifiable_ol,2009,2010,true,evaluable_complete_history_window,,104,104,104,104,104,104,0,0,18,18,0,12,6,12,18,0,1,false,153,0,0,66,0.43137254901960786,1,66,0,0,12,6,0.3333333333333333,6,1
2010,194,Ohio State,true,roster_present_with_identifiable_ol,2009,2010,true,evaluable_complete_history_window,,123,123,123,123,120,120,0,0,20,20,0,15,5,15,20,0,4,false,190,0,0,105,0.5526315789473685,1,105,0,0,15,5,0.25,6,1
2010,195,Ohio,true,roster_present_with_identifiable_ol,2009,2010,true,evaluable_complete_history_window,,119,119,119,119,118,118,0,0,19,19,0,10,9,10,19,0,1,false,171,0,0,45,0.2631578947368421,1,45,0,0,10,9,0.47368421052631576,6,1
2010,197,Oklahoma State,true,roster_present_with_identifiable_ol,2009,2010,true,evaluable_complete_history_window,,125,125,125,125,125,125,0,0,19,19,0,14,5,14,19,0,0,false,171,0,0,91,0.5321637426900585,1,91,0,0,14,5,0.2631578947368421,6,1
2010,201,Oklahoma,true,roster_present_with_identifiable_ol,2009,2010,true,evaluable_complete_history_window,,117,117,117,117,116,115,0,0,19,19,0,12,7,12,19,0,2,false,171,0,0,66,0.38596491228070173,1,66,0,0,12,7,0.3684210526315789,6,1
2010,202,Tulsa,true,roster_present_with_identifiable_ol,2009,2010,true,evaluable_complete_history_window,,98,98,98,98,97,97,0,0,17,17,0,12,5,12,17,0,5,false,136,0,0,66,0.4852941176470588,1,66,0,0,12,5,0.29411764705882354,6,1
2010,204,Oregon State,true,roster_present_with_identifiable_ol,2009,2010,true,evaluable_complete_history_window,,106,106,106,106,106,106,0,0,19,19,0,15,4,15,19,0,0,false,171,0,0,105,0.6140350877192983,1,105,0,0,15,4,0.21052631578947367,6,1
2010,213,Penn State,true,roster_present_with_identifiable_ol,2009,2010,true,evaluable_complete_history_window,,120,120,120,120,119,119,0,0,22,22,0,18,4,18,22,0,7,false,231,0,0,153,0.6623376623376623,1,153,0,0,18,4,0.18181818181818182,6,1
2010,218,Temple,true,roster_present_with_identifiable_ol,2009,2010,true,evaluable_complete_history_window,,109,109,109,109,108,108,0,0,23,23,0,16,7,16,23,0,1,false,253,0,0,120,0.4743083003952569,1,120,0,0,16,7,0.30434782608695654,6,1
2010,221,Pittsburgh,true,roster_present_with_identifiable_ol,2009,2010,true,evaluable_complete_history_window,,108,108,108,108,108,108,0,0,19,19,0,14,5,14,19,0,0,false,171,0,0,91,0.5321637426900585,1,91,0,0,14,5,0.2631578947368421,6,1
2010,228,Clemson,true,roster_present_with_identifiable_ol,2009,2010,true,evaluable_complete_history_window,,104,104,104,104,104,104,0,0,21,21,0,13,8,13,21,0,0,false,210,0,0,78,0.37142857142857144,1,78,0,0,13,8,0.38095238095238093,6,1
2010,235,Memphis,true,roster_present_with_identifiable_ol,2009,2010,true,evaluable_complete_history_window,,102,102,102,102,102,102,0,0,15,15,0,9,6,9,15,0,3,false,105,0,0,36,0.34285714285714286,1,36,0,0,9,6,0.4,6,1
2010,238,Vanderbilt,true,roster_present_with_identifiable_ol,2009,2010,true,evaluable_complete_history_window,,99,99,99,99,99,99,0,0,14,14,0,9,5,9,14,0,2,false,91,0,0,36,0.3956043956043956,1,36,0,0,9,5,0.35714285714285715,6,1
2010,239,Baylor,true,roster_present_with_identifiable_ol,2009,2010,true,evaluable_complete_history_window,,118,118,118,118,118,118,0,0,20,20,0,13,7,13,20,0,4,false,190,0,0,78,0.4105263157894737,1,78,0,0,13,7,0.35,6,1
2010,242,Rice,true,roster_present_with_identifiable_ol,2009,2010,true,evaluable_complete_history_window,,102,102,102,102,102,102,0,0,16,16,0,12,4,12,16,0,1,false,120,0,0,66,0.55,1,66,0,0,12,4,0.25,6,1
2010,245,Texas A&M,true,roster_present_with_identifiable_ol,2009,2010,true,evaluable_complete_history_window,,116,116,116,116,115,115,0,0,16,16,0,8,8,8,16,0,3,false,120,0,0,28,0.23333333333333334,1,28,0,0,8,8,0.5,6,1
2010,248,Houston,true,roster_present_with_identifiable_ol,2009,2010,true,evaluable_complete_history_window,,112,112,112,112,111,111,0,0,15,15,0,10,5,10,15,0,2,false,105,0,0,45,0.42857142857142855,1,45,0,0,10,5,0.3333333333333333,6,1
2010,249,North Texas,true,roster_present_with_identifiable_ol,2009,2010,true,evaluable_complete_history_window,,90,90,90,90,90,90,0,0,17,17,0,14,3,14,17,0,1,false,136,0,0,91,0.6691176470588235,1,91,0,0,14,3,0.17647058823529413,6,1
2010,251,Texas,true,roster_present_with_identifiable_ol,2009,2010,true,evaluable_complete_history_window,,111,111,111,111,109,109,0,0,15,15,0,13,2,13,15,0,8,false,105,0,0,78,0.7428571428571429,1,78,0,0,13,2,0.13333333333333333,6,1
2010,252,BYU,true,roster_present_with_identifiable_ol,2009,2010,true,evaluable_complete_history_window,,134,134,134,134,134,126,0,0,21,21,0,11,10,11,21,0,1,false,210,0,0,55,0.2619047619047619,1,55,0,0,11,10,0.47619047619047616,6,1
2010,254,Utah,true,roster_present_with_identifiable_ol,2009,2010,true,evaluable_complete_history_window,,123,123,123,123,123,114,0,0,18,18,0,13,5,13,18,0,0,false,153,0,0,78,0.5098039215686274,1,78,0,0,13,5,0.2777777777777778,6,1
2010,258,Virginia,true,roster_present_with_identifiable_ol,2009,2010,true,evaluable_complete_history_window,,117,117,117,117,116,116,0,0,18,18,0,13,5,13,18,0,17,false,153,0,0,78,0.5098039215686274,1,78,0,0,13,5,0.2777777777777778,6,1
2010,259,Virginia Tech,true,roster_present_with_identifiable_ol,2009,2010,true,evaluable_complete_history_window,,121,121,121,121,119,101,0,0,21,21,0,14,7,14,21,0,24,false,210,0,0,91,0.43333333333333335,1,91,0,0,14,7,0.3333333333333333,6,1
2010,264,Washington,true,roster_present_with_identifiable_ol,2009,2010,true,evaluable_complete_history_window,,103,103,103,103,102,102,0,0,17,17,0,9,8,9,17,0,9,false,136,0,0,36,0.2647058823529412,1,36,0,0,9,8,0.47058823529411764,6,1
2010,265,Washington State,true,roster_present_with_identifiable_ol,2009,2010,true,evaluable_complete_history_window,,112,112,112,112,112,112,0,0,19,19,0,12,7,12,19,0,0,false,171,0,0,66,0.38596491228070173,1,66,0,0,12,7,0.3684210526315789,6,1
2010,275,Wisconsin,true,roster_present_with_identifiable_ol,2009,2010,true,evaluable_complete_history_window,,113,113,113,113,113,113,0,0,20,20,0,14,6,14,20,0,3,false,190,0,0,91,0.4789473684210526,1,91,0,0,14,6,0.3,6,1
2010,276,Marshall,true,roster_present_with_identifiable_ol,2009,2010,true,evaluable_complete_history_window,,101,101,101,101,100,100,0,0,20,20,0,12,8,12,20,0,1,false,190,0,0,66,0.3473684210526316,1,66,0,0,12,8,0.4,6,1
2010,277,West Virginia,true,roster_present_with_identifiable_ol,2009,2010,true,evaluable_complete_history_window,,103,103,103,103,103,103,0,0,17,17,0,12,5,12,17,0,1,false,136,0,0,66,0.4852941176470588,1,66,0,0,12,5,0.29411764705882354,6,1
2010,278,Fresno State,true,roster_present_with_identifiable_ol,2009,2010,true,evaluable_complete_history_window,,103,103,103,103,103,103,0,0,15,15,0,12,3,12,15,0,5,false,105,0,0,66,0.6285714285714286,1,66,0,0,12,3,0.2,6,1
2010,309,Louisiana,true,roster_present_with_identifiable_ol,2009,2010,true,evaluable_complete_history_window,,105,105,105,105,104,96,0,0,19,19,0,15,4,15,19,0,12,false,171,0,0,105,0.6140350877192983,1,105,0,0,15,4,0.21052631578947367,6,1
2010,328,Utah State,true,roster_present_with_identifiable_ol,2009,2010,true,evaluable_complete_history_window,,107,107,107,107,107,107,0,0,17,17,0,12,5,12,17,0,1,false,136,0,0,66,0.4852941176470588,1,66,0,0,12,5,0.29411764705882354,6,1
2010,333,Alabama,true,roster_present_with_identifiable_ol,2009,2010,true,evaluable_complete_history_window,,119,119,119,119,119,119,0,0,21,21,0,14,7,14,21,0,1,false,210,0,0,91,0.43333333333333335,1,91,0,0,14,7,0.3333333333333333,6,1
2010,344,Mississippi State,true,roster_present_with_identifiable_ol,2009,2010,true,evaluable_complete_history_window,,123,123,123,123,123,111,0,0,21,21,0,11,10,11,21,0,22,false,210,0,0,55,0.2619047619047619,1,55,0,0,11,10,0.47619047619047616,6,1
2010,349,Army,true,roster_present_with_identifiable_ol,2009,2010,true,evaluable_complete_history_window,,158,158,158,158,156,156,0,0,35,35,0,20,15,20,35,0,9,false,595,0,0,190,0.31932773109243695,1,190,0,0,20,15,0.42857142857142855,6,1
2010,356,Illinois,true,roster_present_with_identifiable_ol,2009,2010,true,evaluable_complete_history_window,,97,97,97,97,97,97,0,0,17,17,0,12,5,12,17,0,0,false,136,0,0,66,0.4852941176470588,1,66,0,0,12,5,0.29411764705882354,6,1
2010,2005,Air Force,true,roster_present_with_identifiable_ol,2009,2010,true,evaluable_complete_history_window,,103,103,103,103,98,98,0,0,12,12,0,7,5,7,12,0,24,false,66,0,0,21,0.3181818181818182,1,21,0,0,7,5,0.4166666666666667,6,1
2010,2006,Akron,true,roster_present_with_identifiable_ol,2009,2010,true,evaluable_complete_history_window,,94,94,94,94,93,93,0,0,12,12,0,10,2,10,12,0,1,false,66,0,0,45,0.6818181818181818,1,45,0,0,10,2,0.16666666666666666,6,1
2010,2032,Arkansas State,true,roster_present_with_identifiable_ol,2009,2010,true,evaluable_complete_history_window,,102,102,102,102,102,99,0,0,18,18,0,14,4,14,18,0,5,false,153,0,0,91,0.5947712418300654,1,91,0,0,14,4,0.2222222222222222,6,1
2010,2050,Ball State,true,roster_present_with_identifiable_ol,2009,2010,true,evaluable_complete_history_window,,92,92,92,92,92,92,0,0,15,15,0,11,4,11,15,0,8,false,105,0,0,55,0.5238095238095238,1,55,0,0,11,4,0.26666666666666666,6,1
2010,2084,Buffalo,true,roster_present_with_identifiable_ol,2009,2010,true,evaluable_complete_history_window,,99,99,99,99,98,98,0,0,16,16,0,9,7,9,16,0,1,false,120,0,0,36,0.3,1,36,0,0,9,7,0.4375,6,1
2010,2116,UCF,true,roster_present_with_identifiable_ol,2009,2010,true,evaluable_complete_history_window,,99,99,99,99,98,98,0,0,17,17,0,10,7,10,17,0,6,false,136,0,0,45,0.33088235294117646,1,45,0,0,10,7,0.4117647058823529,6,1
2010,2117,Central Michigan,true,roster_present_with_identifiable_ol,2009,2010,true,evaluable_complete_history_window,,107,107,107,107,107,107,0,0,20,20,0,16,4,16,20,0,0,false,190,0,0,120,0.631578947368421,1,120,0,0,16,4,0.2,6,1
2010,2132,Cincinnati,true,roster_present_with_identifiable_ol,2009,2010,true,evaluable_complete_history_window,,105,105,105,105,105,105,0,0,18,18,0,14,4,14,18,0,1,false,153,0,0,91,0.5947712418300654,1,91,0,0,14,4,0.2222222222222222,6,1
2010,2199,Eastern Michigan,true,roster_present_with_identifiable_ol,2009,2010,true,evaluable_complete_history_window,,99,99,99,99,99,99,0,0,17,17,0,9,8,9,17,0,0,false,136,0,0,36,0.2647058823529412,1,36,0,0,9,8,0.47058823529411764,6,1
2010,2226,Florida Atlantic,true,roster_present_with_identifiable_ol,2009,2010,true,evaluable_complete_history_window,,120,120,120,120,119,112,0,0,25,25,0,19,6,19,25,0,2,false,300,0,0,171,0.57,1,171,0,0,19,6,0.24,6,1
2010,2229,Florida International,true,roster_present_with_identifiable_ol,2009,2010,true,evaluable_complete_history_window,,103,103,103,103,103,103,0,0,16,16,0,10,6,10,16,0,2,false,120,0,0,45,0.375,1,45,0,0,10,6,0.375,6,1
2010,2294,Iowa,true,roster_present_with_identifiable_ol,2009,2010,true,evaluable_complete_history_window,,111,111,111,111,108,108,0,0,16,16,0,14,2,14,16,0,3,false,120,0,0,91,0.7583333333333333,1,91,0,0,14,2,0.125,6,1
2010,2305,Kansas,true,roster_present_with_identifiable_ol,2009,2010,true,evaluable_complete_history_window,,106,106,106,106,106,106,0,0,14,14,0,12,2,12,14,0,2,false,91,0,0,66,0.7252747252747253,1,66,0,0,12,2,0.14285714285714285,6,1
2010,2306,Kansas State,true,roster_present_with_identifiable_ol,2009,2010,true,evaluable_complete_history_window,,132,132,132,132,132,132,0,0,22,22,0,13,9,13,22,0,0,false,231,0,0,78,0.33766233766233766,1,78,0,0,13,9,0.4090909090909091,6,1
2010,2309,Kent State,true,roster_present_with_identifiable_ol,2009,2010,true,evaluable_complete_history_window,,104,104,104,104,104,104,0,0,13,13,0,8,5,8,13,0,0,false,78,0,0,28,0.358974358974359,1,28,0,0,8,5,0.38461538461538464,6,1
2010,2348,Louisiana Tech,true,roster_present_with_identifiable_ol,2009,2010,true,evaluable_complete_history_window,,109,109,109,109,109,109,0,0,16,16,0,13,3,13,16,0,3,false,120,0,0,78,0.65,1,78,0,0,13,3,0.1875,6,1
2010,2390,Miami,true,roster_present_with_identifiable_ol,2009,2010,true,evaluable_complete_history_window,,94,94,94,94,94,94,0,0,16,16,0,9,7,9,16,0,0,false,120,0,0,36,0.3,1,36,0,0,9,7,0.4375,6,1
2010,2393,Middle Tennessee,true,roster_present_with_identifiable_ol,2009,2010,true,evaluable_complete_history_window,,109,109,109,109,109,99,0,0,18,18,0,11,7,11,18,0,2,false,153,0,0,55,0.35947712418300654,1,55,0,0,11,7,0.3888888888888889,6,1
2010,2426,Navy,true,roster_present_with_identifiable_ol,2009,2010,true,evaluable_complete_history_window,,158,158,158,158,158,158,0,0,29,29,0,19,10,19,29,0,24,false,406,0,0,171,0.4211822660098522,1,171,0,0,19,10,0.3448275862068966,6,1
2010,2433,UL Monroe,true,roster_present_with_identifiable_ol,2009,2010,true,evaluable_complete_history_window,,92,92,92,92,91,85,0,0,14,14,0,5,9,5,14,0,3,false,91,0,0,10,0.10989010989010989,1,10,0,0,5,9,0.6428571428571429,6,1
2010,2439,UNLV,true,roster_present_with_identifiable_ol,2009,2010,true,evaluable_complete_history_window,,102,102,102,102,100,90,0,0,19,19,0,13,6,13,19,0,2,false,171,0,0,78,0.45614035087719296,1,78,0,0,13,6,0.3157894736842105,6,1
2010,2440,Nevada,true,roster_present_with_identifiable_ol,2009,2010,true,evaluable_complete_history_window,,95,95,95,95,95,95,0,0,17,17,0,10,7,10,17,0,0,false,136,0,0,45,0.33088235294117646,1,45,0,0,10,7,0.4117647058823529,6,1
2010,2459,Northern Illinois,true,roster_present_with_identifiable_ol,2009,2010,true,evaluable_complete_history_window,,113,113,113,113,113,113,0,0,15,15,0,8,7,8,15,0,11,false,105,0,0,28,0.26666666666666666,1,28,0,0,8,7,0.4666666666666667,6,1
2010,2483,Oregon,true,roster_present_with_identifiable_ol,2009,2010,true,evaluable_complete_history_window,,109,109,109,109,108,108,0,0,20,20,0,15,5,15,20,0,7,false,190,0,0,105,0.5526315789473685,1,105,0,0,15,5,0.25,6,1
2010,2509,Purdue,true,roster_present_with_identifiable_ol,2009,2010,true,evaluable_complete_history_window,,105,105,105,105,105,104,0,0,19,19,0,16,3,16,19,0,0,false,171,0,0,120,0.7017543859649122,1,120,0,0,16,3,0.15789473684210525,6,1
2010,2567,SMU,true,roster_present_with_identifiable_ol,2009,2010,true,evaluable_complete_history_window,,106,106,106,106,106,106,0,0,17,17,0,13,4,13,17,0,2,false,136,0,0,78,0.5735294117647058,1,78,0,0,13,4,0.23529411764705882,6,1
2010,2572,Southern Miss,true,roster_present_with_identifiable_ol,2009,2010,true,evaluable_complete_history_window,,107,107,107,107,106,106,0,0,17,17,0,12,5,12,17,0,4,false,136,0,0,66,0.4852941176470588,1,66,0,0,12,5,0.29411764705882354,6,1
2010,2579,South Carolina,true,roster_present_with_identifiable_ol,2009,2010,true,evaluable_complete_history_window,,106,106,106,106,106,106,0,0,15,15,0,10,5,10,15,0,16,false,105,0,0,45,0.42857142857142855,1,45,0,0,10,5,0.3333333333333333,6,1
2010,2628,TCU,true,roster_present_with_identifiable_ol,2009,2010,true,evaluable_complete_history_window,,117,117,117,117,117,117,0,0,23,23,0,18,5,18,23,0,7,false,253,0,0,153,0.6047430830039525,1,153,0,0,18,5,0.21739130434782608,6,1
2010,2633,Tennessee,true,roster_present_with_identifiable_ol,2009,2010,true,evaluable_complete_history_window,,122,122,122,122,122,122,0,0,17,17,0,9,8,9,17,0,6,false,136,0,0,36,0.2647058823529412,1,36,0,0,9,8,0.47058823529411764,6,1
2010,2638,UTEP,true,roster_present_with_identifiable_ol,2009,2010,true,evaluable_complete_history_window,,107,107,107,107,106,106,0,0,17,17,0,11,6,11,17,0,1,false,136,0,0,55,0.40441176470588236,1,55,0,0,11,6,0.35294117647058826,6,1
2010,2641,Texas Tech,true,roster_present_with_identifiable_ol,2009,2010,true,evaluable_complete_history_window,,126,126,126,126,126,126,0,0,16,16,0,12,4,12,16,0,3,false,120,0,0,66,0.55,1,66,0,0,12,4,0.25,6,1
2010,2649,Toledo,true,roster_present_with_identifiable_ol,2009,2010,true,evaluable_complete_history_window,,102,102,102,102,101,101,0,0,16,16,0,8,8,8,16,0,2,false,120,0,0,28,0.23333333333333334,1,28,0,0,8,8,0.5,6,1
2010,2653,Troy,true,roster_present_with_identifiable_ol,2009,2010,true,evaluable_complete_history_window,,122,122,122,122,121,121,0,0,18,18,0,12,6,12,18,0,1,false,153,0,0,66,0.43137254901960786,1,66,0,0,12,6,0.3333333333333333,6,1
2010,2655,Tulane,true,roster_present_with_identifiable_ol,2009,2010,true,evaluable_complete_history_window,,95,95,95,95,95,95,0,0,16,16,0,11,5,11,16,0,1,false,120,0,0,55,0.4583333333333333,1,55,0,0,11,5,0.3125,6,1
2010,2711,Western Michigan,true,roster_present_with_identifiable_ol,2009,2010,true,evaluable_complete_history_window,,104,104,104,104,102,102,0,0,16,16,0,12,4,12,16,0,12,false,120,0,0,66,0.55,1,66,0,0,12,4,0.25,6,1
2010,2751,Wyoming,true,roster_present_with_identifiable_ol,2009,2010,true,evaluable_complete_history_window,,110,110,110,110,110,110,0,0,20,20,0,9,11,9,20,0,12,false,190,0,0,36,0.18947368421052632,1,36,0,0,9,11,0.55,6,1
2011,2,Auburn,true,roster_present_with_identifiable_ol,2009,2010,true,evaluable_complete_history_window,,111,111,111,111,111,111,0,0,20,20,0,13,7,18,20,0,3,false,190,0,0,88,0.4631578947368421,2,78,10,0,13,7,0.35,7,2
2011,5,UAB,true,roster_present_with_identifiable_ol,2009,2010,true,evaluable_complete_history_window,,105,105,105,105,105,105,0,0,16,16,0,10,6,15,16,0,0,false,120,0,0,55,0.4583333333333333,2,45,10,0,10,6,0.375,7,2
2011,8,Arkansas,true,roster_present_with_identifiable_ol,2009,2010,true,evaluable_complete_history_window,,113,113,113,113,113,110,0,0,17,17,0,9,8,15,17,0,0,false,136,0,0,51,0.375,2,36,15,0,9,8,0.47058823529411764,7,2
2011,9,Arizona State,true,roster_present_with_identifiable_ol,2009,2010,true,evaluable_complete_history_window,,116,116,116,116,116,116,0,0,21,21,0,16,5,24,21,0,0,false,210,0,0,148,0.7047619047619048,2,120,28,0,16,5,0.23809523809523808,7,2
2011,12,Arizona,true,roster_present_with_identifiable_ol,2009,2010,true,evaluable_complete_history_window,,106,106,106,106,106,106,0,0,17,17,0,12,5,20,17,0,1,false,136,0,0,94,0.6911764705882353,2,66,28,0,12,5,0.29411764705882354,7,2
2011,21,San Diego State,true,roster_present_with_identifiable_ol,2009,2010,true,evaluable_complete_history_window,,111,111,111,111,111,111,0,0,18,18,0,10,8,18,18,0,0,false,153,0,0,73,0.477124183006536,2,45,28,0,10,8,0.4444444444444444,7,2
2011,23,San José State,true,roster_present_with_identifiable_ol,2009,2010,true,evaluable_complete_history_window,,107,107,107,107,106,105,0,0,17,17,0,13,4,21,17,0,1,false,136,0,0,106,0.7794117647058824,2,78,28,0,13,4,0.23529411764705882,7,2
2011,24,Stanford,true,roster_present_with_identifiable_ol,2009,2010,true,evaluable_complete_history_window,,111,111,111,111,111,111,0,0,17,17,0,12,5,18,17,0,11,false,136,0,0,81,0.5955882352941176,2,66,15,0,12,5,0.29411764705882354,7,2
2011,25,California,true,roster_present_with_identifiable_ol,2009,2010,true,evaluable_complete_history_window,,117,117,117,117,116,116,0,0,15,15,0,12,3,20,15,0,6,false,105,0,0,94,0.8952380952380953,2,66,28,0,12,3,0.2,7,2
2011,26,UCLA,true,roster_present_with_identifiable_ol,2009,2010,true,evaluable_complete_history_window,,119,119,119,119,116,116,0,0,22,22,0,13,9,21,22,0,9,false,231,0,0,106,0.4588744588744589,2,78,28,0,13,9,0.4090909090909091,7,2
2011,30,USC,true,roster_present_with_identifiable_ol,2009,2010,true,evaluable_complete_history_window,,113,113,113,113,112,112,0,0,17,17,0,10,7,16,17,0,9,false,136,0,0,60,0.4411764705882353,2,45,15,0,10,7,0.4117647058823529,7,2
2011,36,Colorado State,true,roster_present_with_identifiable_ol,2009,2010,true,evaluable_complete_history_window,,113,113,113,113,112,112,0,0,15,15,0,11,4,19,15,0,6,false,105,0,0,83,0.7904761904761904,2,55,28,0,11,4,0.26666666666666666,7,2
2011,38,Colorado,true,roster_present_with_identifiable_ol,2009,2010,true,evaluable_complete_history_window,,104,104,104,104,103,103,0,0,18,18,0,13,5,23,18,0,8,false,153,0,0,123,0.803921568627451,2,78,45,0,13,5,0.2777777777777778,7,2
2011,41,UConn,true,roster_present_with_identifiable_ol,2009,2010,true,evaluable_complete_history_window,,93,93,93,93,93,92,0,0,15,15,0,11,4,19,15,0,2,false,105,0,0,83,0.7904761904761904,2,55,28,0,11,4,0.26666666666666666,7,2
2011,52,Florida State,true,roster_present_with_identifiable_ol,2009,2010,true,evaluable_complete_history_window,,115,115,115,115,114,113,0,0,21,21,0,10,11,18,21,0,4,false,210,0,0,73,0.3476190476190476,2,45,28,0,10,11,0.5238095238095238,7,2
2011,57,Florida,true,roster_present_with_identifiable_ol,2009,2010,true,evaluable_complete_history_window,,104,104,104,104,103,103,0,0,14,14,0,11,3,19,14,0,1,false,91,0,0,83,0.9120879120879121,2,55,28,0,11,3,0.21428571428571427,7,2
2011,58,South Florida,true,roster_present_with_identifiable_ol,2009,2010,true,evaluable_complete_history_window,,118,118,118,118,117,117,0,0,21,21,0,13,8,22,21,0,1,false,210,0,0,114,0.5428571428571428,2,78,36,0,13,8,0.38095238095238093,7,2
2011,59,Georgia Tech,true,roster_present_with_identifiable_ol,2009,2010,true,evaluable_complete_history_window,,119,119,119,119,117,117,0,0,17,17,0,10,7,18,17,0,2,false,136,0,0,73,0.5367647058823529,2,45,28,0,10,7,0.4117647058823529,7,2
2011,61,Georgia,true,roster_present_with_identifiable_ol,2009,2010,true,evaluable_complete_history_window,,130,130,130,130,129,129,0,0,18,18,0,11,7,19,18,0,33,false,153,0,0,83,0.5424836601307189,2,55,28,0,11,7,0.3888888888888889,7,2
2011,62,Hawai'i,true,roster_present_with_identifiable_ol,2009,2010,true,evaluable_complete_history_window,,116,116,116,116,116,116,0,0,21,21,0,17,4,25,21,0,0,false,210,0,0,164,0.780952380952381,2,136,28,0,17,4,0.19047619047619047,7,2
2011,66,Iowa State,true,roster_present_with_identifiable_ol,2009,2010,true,evaluable_complete_history_window,,129,129,129,129,129,129,0,0,20,20,0,13,7,21,20,0,3,false,190,0,0,106,0.5578947368421052,2,78,28,0,13,7,0.35,7,2
2011,68,Boise State,true,roster_present_with_identifiable_ol,2009,2010,true,evaluable_complete_history_window,,105,105,105,105,105,104,0,0,18,18,0,12,6,23,18,0,1,false,153,0,0,121,0.7908496732026143,2,66,55,0,12,6,0.3333333333333333,7,2
2011,70,Idaho,true,roster_present_no_identifiable_ol,2009,2010,true,evaluable_complete_history_window,,33,33,33,33,4,1,0,0,0,0,0,0,0,0,0,0,29,false,0,0,0,0,,,0,0,0,0,0,,7,2
2011,77,Northwestern,true,roster_present_with_identifiable_ol,2009,2010,true,evaluable_complete_history_window,,108,108,108,108,108,108,0,0,17,17,0,12,5,21,17,0,9,false,136,0,0,102,0.75,2,66,36,0,12,5,0.29411764705882354,7,2
2011,84,Indiana,true,roster_present_with_identifiable_ol,2009,2010,true,evaluable_complete_history_window,,109,109,109,109,108,108,0,0,18,18,0,11,7,17,18,0,1,false,153,0,0,70,0.45751633986928103,2,55,15,0,11,7,0.3888888888888889,7,2
2011,87,Notre Dame,true,roster_present_with_identifiable_ol,2009,2010,true,evaluable_complete_history_window,,111,111,111,111,108,108,0,0,18,18,0,12,6,19,18,0,7,false,153,0,0,87,0.5686274509803921,2,66,21,0,12,6,0.3333333333333333,7,2
2011,96,Kentucky,true,roster_present_with_identifiable_ol,2009,2010,true,evaluable_complete_history_window,,114,114,114,114,113,112,0,0,19,19,0,13,6,22,19,0,7,false,171,0,0,114,0.6666666666666666,2,78,36,0,13,6,0.3157894736842105,7,2
2011,97,Louisville,true,roster_present_with_identifiable_ol,2009,2010,true,evaluable_complete_history_window,,104,104,104,104,102,102,0,0,19,19,0,10,9,17,19,0,2,false,171,0,0,66,0.38596491228070173,2,45,21,0,10,9,0.47368421052631576,7,2
2011,98,Western Kentucky,true,roster_present_with_identifiable_ol,2009,2010,true,evaluable_complete_history_window,,104,104,104,104,103,103,0,0,13,13,0,9,4,16,13,0,1,false,78,0,0,57,0.7307692307692307,2,36,21,0,9,4,0.3076923076923077,7,2
2011,99,LSU,true,roster_present_with_identifiable_ol,2009,2010,true,evaluable_complete_history_window,,122,122,122,122,122,117,0,0,19,19,0,13,6,24,19,0,0,false,171,0,0,133,0.7777777777777778,2,78,55,0,13,6,0.3157894736842105,7,2
2011,103,Boston College,true,roster_present_with_identifiable_ol,2009,2010,true,evaluable_complete_history_window,,95,95,95,95,93,93,0,0,17,17,0,12,5,19,17,0,2,false,136,0,0,87,0.6397058823529411,2,66,21,0,12,5,0.29411764705882354,7,2
2011,120,Maryland,true,roster_present_with_identifiable_ol,2009,2010,true,evaluable_complete_history_window,,99,99,99,99,98,98,0,0,19,19,0,14,5,23,19,0,1,false,171,0,0,127,0.7426900584795322,2,91,36,0,14,5,0.2631578947368421,7,2
2011,127,Michigan State,true,roster_present_with_identifiable_ol,2009,2010,true,evaluable_complete_history_window,,112,112,112,112,111,111,0,0,21,21,0,14,7,25,21,0,1,false,210,0,0,146,0.6952380952380952,2,91,55,0,14,7,0.3333333333333333,7,2
2011,130,Michigan,true,roster_present_with_identifiable_ol,2009,2010,true,evaluable_complete_history_window,,112,112,112,112,112,112,0,0,15,15,0,10,5,19,15,0,0,false,105,0,0,81,0.7714285714285715,2,45,36,0,10,5,0.3333333333333333,7,2
2011,135,Minnesota,true,roster_present_with_identifiable_ol,2009,2010,true,evaluable_complete_history_window,,118,118,118,118,118,118,0,0,20,20,0,12,8,19,20,0,0,false,190,0,0,87,0.45789473684210524,2,66,21,0,12,8,0.4,7,2
2011,142,Missouri,true,roster_present_with_identifiable_ol,2009,2010,true,evaluable_complete_history_window,,116,116,116,116,116,116,0,0,23,23,0,18,5,31,23,0,8,false,253,0,0,231,0.9130434782608695,2,153,78,0,18,5,0.21739130434782608,7,2
2011,145,Ole Miss,true,roster_present_with_identifiable_ol,2009,2010,true,evaluable_complete_history_window,,121,121,121,121,120,120,0,0,18,18,0,14,4,22,18,0,2,false,153,0,0,119,0.7777777777777778,2,91,28,0,14,4,0.2222222222222222,7,2
2011,150,Duke,true,roster_present_with_identifiable_ol,2009,2010,true,evaluable_complete_history_window,,131,131,131,131,130,129,0,0,24,24,0,17,7,31,24,0,4,false,276,0,0,227,0.822463768115942,2,136,91,0,17,7,0.2916666666666667,7,2
2011,151,East Carolina,true,roster_present_with_identifiable_ol,2009,2010,true,evaluable_complete_history_window,,113,113,113,113,113,111,0,0,21,21,0,13,8,22,21,0,3,false,210,0,0,114,0.5428571428571428,2,78,36,0,13,8,0.38095238095238093,7,2
2011,152,NC State,true,roster_present_with_identifiable_ol,2009,2010,true,evaluable_complete_history_window,,117,117,117,117,115,115,0,0,17,17,0,10,7,15,17,0,7,false,136,0,0,55,0.40441176470588236,2,45,10,0,10,7,0.4117647058823529,7,2
2011,153,North Carolina,true,roster_present_with_identifiable_ol,2009,2010,true,evaluable_complete_history_window,,106,106,106,106,106,106,0,0,16,16,0,12,4,19,16,0,9,false,120,0,0,87,0.725,2,66,21,0,12,4,0.25,7,2
2011,154,Wake Forest,true,roster_present_with_identifiable_ol,2009,2010,true,evaluable_complete_history_window,,103,103,103,103,102,102,0,0,19,19,0,16,3,28,19,0,22,false,171,0,0,186,1.087719298245614,2,120,66,0,16,3,0.15789473684210525,7,2
2011,158,Nebraska,true,roster_present_with_identifiable_ol,2009,2010,true,evaluable_complete_history_window,,144,144,144,144,143,143,0,0,27,27,0,19,8,32,27,0,2,false,351,0,0,249,0.7094017094017094,2,171,78,0,19,8,0.2962962962962963,7,2
2011,164,Rutgers,true,roster_present_with_identifiable_ol,2009,2010,true,evaluable_complete_history_window,,113,113,113,113,111,111,0,0,20,20,0,17,3,26,20,0,2,false,190,0,0,172,0.9052631578947369,2,136,36,0,17,3,0.15,7,2
2011,166,New Mexico State,true,roster_present_with_identifiable_ol,2009,2010,true,evaluable_complete_history_window,,94,94,94,94,92,92,0,0,16,16,0,8,8,11,16,0,7,false,120,0,0,31,0.25833333333333336,2,28,3,0,8,8,0.5,7,2
2011,167,New Mexico,true,roster_present_with_identifiable_ol,2009,2010,true,evaluable_complete_history_window,,94,94,94,94,94,94,0,0,14,14,0,7,7,13,14,0,1,false,91,0,0,36,0.3956043956043956,2,21,15,0,7,7,0.5,7,2
2011,183,Syracuse,true,roster_present_with_identifiable_ol,2009,2010,true,evaluable_complete_history_window,,105,105,105,105,104,104,0,0,17,17,0,10,7,17,17,0,12,false,136,0,0,66,0.4852941176470588,2,45,21,0,10,7,0.4117647058823529,7,2
2011,189,Bowling Green,true,roster_present_with_identifiable_ol,2009,2010,true,evaluable_complete_history_window,,107,107,107,107,106,106,0,0,16,16,0,9,7,14,16,0,3,false,120,0,0,46,0.38333333333333336,2,36,10,0,9,7,0.4375,7,2
2011,193,Miami (OH),true,roster_present_with_identifiable_ol,2009,2010,true,evaluable_complete_history_window,,99,99,99,99,99,99,0,0,16,16,0,12,4,19,16,0,0,false,120,0,0,87,0.725,2,66,21,0,12,4,0.25,7,2
2011,194,Ohio State,true,roster_present_with_identifiable_ol,2009,2010,true,evaluable_complete_history_window,,117,117,117,117,115,115,0,0,19,19,0,11,8,18,19,0,3,false,171,0,0,76,0.4444444444444444,2,55,21,0,11,8,0.42105263157894735,7,2
2011,195,Ohio,true,roster_present_with_identifiable_ol,2009,2010,true,evaluable_complete_history_window,,118,118,118,118,117,117,0,0,23,23,0,14,9,20,23,0,1,false,253,0,0,106,0.4189723320158103,2,91,15,0,14,9,0.391304347826087,7,2
2011,197,Oklahoma State,true,roster_present_with_identifiable_ol,2009,2010,true,evaluable_complete_history_window,,114,114,114,114,113,113,0,0,17,17,0,13,4,23,17,0,2,false,136,0,0,123,0.9044117647058824,2,78,45,0,13,4,0.23529411764705882,7,2
2011,201,Oklahoma,true,roster_present_with_identifiable_ol,2009,2010,true,evaluable_complete_history_window,,117,117,117,117,116,116,0,0,20,20,0,13,7,20,20,0,2,false,190,0,0,99,0.5210526315789473,2,78,21,0,13,7,0.35,7,2
2011,202,Tulsa,true,roster_present_with_identifiable_ol,2009,2010,true,evaluable_complete_history_window,,107,107,107,107,107,107,0,0,17,17,0,11,6,19,17,0,3,false,136,0,0,83,0.6102941176470589,2,55,28,0,11,6,0.35294117647058826,7,2
2011,204,Oregon State,true,roster_present_with_identifiable_ol,2009,2010,true,evaluable_complete_history_window,,118,118,118,118,118,118,0,0,16,16,0,12,4,20,16,0,0,false,120,0,0,94,0.7833333333333333,2,66,28,0,12,4,0.25,7,2
2011,213,Penn State,true,roster_present_with_identifiable_ol,2009,2010,true,evaluable_complete_history_window,,118,118,118,118,117,117,0,0,22,22,0,16,6,29,22,0,4,false,231,0,0,198,0.8571428571428571,2,120,78,0,16,6,0.2727272727272727,7,2
2011,218,Temple,true,roster_present_with_identifiable_ol,2009,2010,true,evaluable_complete_history_window,,103,103,103,103,103,103,0,0,23,23,0,18,5,29,23,0,0,false,253,0,0,208,0.8221343873517787,2,153,55,0,18,5,0.21739130434782608,7,2
2011,221,Pittsburgh,true,roster_present_with_identifiable_ol,2009,2010,true,evaluable_complete_history_window,,102,102,102,102,101,101,0,0,16,16,0,13,3,22,16,0,2,false,120,0,0,114,0.95,2,78,36,0,13,3,0.1875,7,2
2011,228,Clemson,true,roster_present_with_identifiable_ol,2009,2010,true,evaluable_complete_history_window,,106,106,106,106,106,106,0,0,22,22,0,14,8,23,22,0,0,false,231,0,0,127,0.5497835497835498,2,91,36,0,14,8,0.36363636363636365,7,2
2011,235,Memphis,true,roster_present_with_identifiable_ol,2009,2010,true,evaluable_complete_history_window,,99,99,99,99,99,99,0,0,13,13,0,6,7,8,13,0,2,false,78,0,0,16,0.20512820512820512,2,15,1,0,6,7,0.5384615384615384,7,2
2011,238,Vanderbilt,true,roster_present_with_identifiable_ol,2009,2010,true,evaluable_complete_history_window,,103,103,103,103,103,103,0,0,16,16,0,11,5,17,16,0,0,false,120,0,0,70,0.5833333333333334,2,55,15,0,11,5,0.3125,7,2
2011,239,Baylor,true,roster_present_with_identifiable_ol,2009,2010,true,evaluable_complete_history_window,,121,121,121,121,121,121,0,0,20,20,0,15,5,25,20,0,3,false,190,0,0,150,0.7894736842105263,2,105,45,0,15,5,0.25,7,2
2011,242,Rice,true,roster_present_with_identifiable_ol,2009,2010,true,evaluable_complete_history_window,,100,100,100,100,100,100,0,0,16,16,0,12,4,20,16,0,0,false,120,0,0,94,0.7833333333333333,2,66,28,0,12,4,0.25,7,2
2011,245,Texas A&M,true,roster_present_with_identifiable_ol,2009,2010,true,evaluable_complete_history_window,,123,123,123,123,122,122,0,0,20,20,0,15,5,22,20,0,4,false,190,0,0,126,0.6631578947368421,2,105,21,0,15,5,0.25,7,2
2011,248,Houston,true,roster_present_with_identifiable_ol,2009,2010,true,evaluable_complete_history_window,,117,117,117,117,115,115,0,0,16,16,0,12,4,19,16,0,2,false,120,0,0,87,0.725,2,66,21,0,12,4,0.25,7,2
2011,249,North Texas,true,roster_present_with_identifiable_ol,2009,2010,true,evaluable_complete_history_window,,106,106,106,106,106,106,0,0,17,17,0,11,6,19,17,0,1,false,136,0,0,83,0.6102941176470589,2,55,28,0,11,6,0.35294117647058826,7,2
2011,251,Texas,true,roster_present_with_identifiable_ol,2009,2010,true,evaluable_complete_history_window,,114,114,114,114,113,113,0,0,18,18,0,11,7,20,18,0,8,false,153,0,0,91,0.5947712418300654,2,55,36,0,11,7,0.3888888888888889,7,2
2011,252,BYU,true,roster_present_with_identifiable_ol,2009,2010,true,evaluable_complete_history_window,,137,137,137,137,137,137,0,0,22,22,0,17,5,26,22,0,1,false,231,0,0,172,0.7445887445887446,2,136,36,0,17,5,0.22727272727272727,7,2
2011,254,Utah,true,roster_present_with_identifiable_ol,2009,2010,true,evaluable_complete_history_window,,124,124,124,124,124,117,0,0,15,15,0,10,5,19,15,0,0,false,105,0,0,81,0.7714285714285715,2,45,36,0,10,5,0.3333333333333333,7,2
2011,258,Virginia,true,roster_present_with_identifiable_ol,2009,2010,true,evaluable_complete_history_window,,120,120,120,120,119,119,0,0,19,19,0,12,7,19,19,0,19,false,171,0,0,87,0.5087719298245614,2,66,21,0,12,7,0.3684210526315789,7,2
2011,259,Virginia Tech,true,roster_present_with_identifiable_ol,2009,2010,true,evaluable_complete_history_window,,124,124,124,124,123,106,0,0,26,26,0,19,7,32,26,0,27,false,325,0,0,249,0.7661538461538462,2,171,78,0,19,7,0.2692307692307692,7,2
2011,264,Washington,true,roster_present_with_identifiable_ol,2009,2010,true,evaluable_complete_history_window,,107,107,107,107,106,106,0,0,15,15,0,11,4,15,15,0,9,false,105,0,0,61,0.580952380952381,2,55,6,0,11,4,0.26666666666666666,7,2
2011,265,Washington State,true,roster_present_with_identifiable_ol,2009,2010,true,evaluable_complete_history_window,,121,121,121,121,121,121,0,0,21,21,0,12,9,17,21,0,0,false,210,0,0,76,0.3619047619047619,2,66,10,0,12,9,0.42857142857142855,7,2
2011,275,Wisconsin,true,roster_present_with_identifiable_ol,2009,2010,true,evaluable_complete_history_window,,119,119,119,119,119,119,0,0,19,19,0,16,3,26,19,0,3,false,171,0,0,165,0.9649122807017544,2,120,45,0,16,3,0.15789473684210525,7,2
2011,276,Marshall,true,roster_present_with_identifiable_ol,2009,2010,true,evaluable_complete_history_window,,107,107,107,107,105,105,0,0,20,20,0,13,7,20,20,0,2,false,190,0,0,99,0.5210526315789473,2,78,21,0,13,7,0.35,7,2
2011,277,West Virginia,true,roster_present_with_identifiable_ol,2009,2010,true,evaluable_complete_history_window,,108,108,108,108,108,108,0,0,14,14,0,12,2,21,14,0,0,false,91,0,0,102,1.120879120879121,2,66,36,0,12,2,0.14285714285714285,7,2
2011,278,Fresno State,true,roster_present_with_identifiable_ol,2009,2010,true,evaluable_complete_history_window,,101,101,101,101,101,101,0,0,15,15,0,10,5,18,15,0,5,false,105,0,0,73,0.6952380952380952,2,45,28,0,10,5,0.3333333333333333,7,2
2011,309,Louisiana,true,roster_present_with_identifiable_ol,2009,2010,true,evaluable_complete_history_window,,113,113,113,113,111,98,0,0,16,16,0,7,9,10,16,0,9,false,120,0,0,24,0.2,2,21,3,0,7,9,0.5625,7,2
2011,328,Utah State,true,roster_present_with_identifiable_ol,2009,2010,true,evaluable_complete_history_window,,113,113,113,113,113,113,0,0,17,17,0,10,7,18,17,0,1,false,136,0,0,73,0.5367647058823529,2,45,28,0,10,7,0.4117647058823529,7,2
2011,333,Alabama,true,roster_present_with_identifiable_ol,2009,2010,true,evaluable_complete_history_window,,119,119,119,119,119,119,0,0,20,20,0,17,3,27,20,0,3,false,190,0,0,181,0.9526315789473684,2,136,45,0,17,3,0.15,7,2
2011,344,Mississippi State,true,roster_present_with_identifiable_ol,2009,2010,true,evaluable_complete_history_window,,107,107,107,107,107,107,0,0,21,21,0,15,6,20,21,0,13,false,210,0,0,115,0.5476190476190477,2,105,10,0,15,6,0.2857142857142857,7,2
2011,349,Army,true,roster_present_with_identifiable_ol,2009,2010,true,evaluable_complete_history_window,,153,153,153,153,152,152,0,0,30,30,0,22,8,34,30,0,5,false,435,0,0,297,0.6827586206896552,2,231,66,0,22,8,0.26666666666666666,7,2
2011,356,Illinois,true,roster_present_with_identifiable_ol,2009,2010,true,evaluable_complete_history_window,,115,115,115,115,115,115,0,0,21,21,0,13,8,22,21,0,0,false,210,0,0,114,0.5428571428571428,2,78,36,0,13,8,0.38095238095238093,7,2
2011,2005,Air Force,true,roster_present_with_identifiable_ol,2009,2010,true,evaluable_complete_history_window,,94,94,94,94,91,91,0,0,16,16,0,7,9,11,16,0,20,false,120,0,0,27,0.225,2,21,6,0,7,9,0.5625,7,2
2011,2006,Akron,true,roster_present_with_identifiable_ol,2009,2010,true,evaluable_complete_history_window,,105,105,105,105,103,103,0,0,19,19,0,10,9,18,19,0,2,false,171,0,0,73,0.4269005847953216,2,45,28,0,10,9,0.47368421052631576,7,2
2011,2032,Arkansas State,true,roster_present_with_identifiable_ol,2009,2010,true,evaluable_complete_history_window,,115,115,115,115,115,103,0,0,17,17,0,10,7,16,17,0,5,false,136,0,0,60,0.4411764705882353,2,45,15,0,10,7,0.4117647058823529,7,2
2011,2050,Ball State,true,roster_present_with_identifiable_ol,2009,2010,true,evaluable_complete_history_window,,99,99,99,99,99,99,0,0,16,16,0,12,4,21,16,0,4,false,120,0,0,102,0.85,2,66,36,0,12,4,0.25,7,2
2011,2084,Buffalo,true,roster_present_with_identifiable_ol,2009,2010,true,evaluable_complete_history_window,,102,102,102,102,101,101,0,0,19,19,0,9,10,14,19,0,1,false,171,0,0,46,0.26900584795321636,2,36,10,0,9,10,0.5263157894736842,7,2
2011,2116,UCF,true,roster_present_with_identifiable_ol,2009,2010,true,evaluable_complete_history_window,,102,102,102,102,101,101,0,0,15,15,0,11,4,17,15,0,10,false,105,0,0,70,0.6666666666666666,2,55,15,0,11,4,0.26666666666666666,7,2
2011,2117,Central Michigan,true,roster_present_with_identifiable_ol,2009,2010,true,evaluable_complete_history_window,,105,105,105,105,105,105,0,0,15,15,0,11,4,19,15,0,0,false,105,0,0,83,0.7904761904761904,2,55,28,0,11,4,0.26666666666666666,7,2
2011,2132,Cincinnati,true,roster_present_with_identifiable_ol,2009,2010,true,evaluable_complete_history_window,,105,105,105,105,105,105,0,0,17,17,0,11,6,19,17,0,1,false,136,0,0,83,0.6102941176470589,2,55,28,0,11,6,0.35294117647058826,7,2
2011,2199,Eastern Michigan,true,roster_present_with_identifiable_ol,2009,2010,true,evaluable_complete_history_window,,98,98,98,98,98,98,0,0,13,13,0,10,3,16,13,0,0,false,78,0,0,60,0.7692307692307693,2,45,15,0,10,3,0.23076923076923078,7,2
2011,2226,Florida Atlantic,true,roster_present_with_identifiable_ol,2009,2010,true,evaluable_complete_history_window,,118,118,118,118,116,111,0,0,25,25,0,15,10,28,25,0,3,false,300,0,0,183,0.61,2,105,78,0,15,10,0.4,7,2
2011,2229,Florida International,true,roster_present_with_identifiable_ol,2009,2010,true,evaluable_complete_history_window,,103,103,103,103,103,103,0,0,17,17,0,11,6,17,17,0,3,false,136,0,0,70,0.5147058823529411,2,55,15,0,11,6,0.35294117647058826,7,2
2011,2294,Iowa,true,roster_present_with_identifiable_ol,2009,2010,true,evaluable_complete_history_window,,108,108,108,108,108,108,0,0,18,18,0,12,6,22,18,0,0,false,153,0,0,111,0.7254901960784313,2,66,45,0,12,6,0.3333333333333333,7,2
2011,2305,Kansas,true,roster_present_with_identifiable_ol,2009,2010,true,evaluable_complete_history_window,,111,111,111,111,111,111,0,0,18,18,0,9,9,17,18,0,4,false,153,0,0,64,0.41830065359477125,2,36,28,0,9,9,0.5,7,2
2011,2306,Kansas State,true,roster_present_with_identifiable_ol,2009,2010,true,evaluable_complete_history_window,,126,126,126,126,125,125,0,0,20,20,0,15,5,24,20,0,1,false,190,0,0,141,0.7421052631578947,2,105,36,0,15,5,0.25,7,2
2011,2309,Kent State,true,roster_present_with_identifiable_ol,2009,2010,true,evaluable_complete_history_window,,104,104,104,104,103,103,0,0,16,16,0,12,4,19,16,0,1,false,120,0,0,87,0.725,2,66,21,0,12,4,0.25,7,2
2011,2348,Louisiana Tech,true,roster_present_with_identifiable_ol,2009,2010,true,evaluable_complete_history_window,,105,105,105,105,104,104,0,0,15,15,0,9,6,16,15,0,3,false,105,0,0,57,0.5428571428571428,2,36,21,0,9,6,0.4,7,2
2011,2390,Miami,true,roster_present_with_identifiable_ol,2009,2010,true,evaluable_complete_history_window,,108,108,108,108,108,108,0,0,17,17,0,14,3,22,17,0,0,false,136,0,0,119,0.875,2,91,28,0,14,3,0.17647058823529413,7,2
2011,2393,Middle Tennessee,true,roster_present_with_identifiable_ol,2009,2010,true,evaluable_complete_history_window,,117,117,117,117,117,107,0,0,19,19,0,12,7,19,19,0,3,false,171,0,0,87,0.5087719298245614,2,66,21,0,12,7,0.3684210526315789,7,2
2011,2426,Navy,true,roster_present_with_identifiable_ol,2009,2010,true,evaluable_complete_history_window,,168,168,168,168,168,168,0,0,32,32,0,24,8,38,32,0,22,false,496,0,0,367,0.7399193548387096,2,276,91,0,24,8,0.25,7,2
2011,2433,UL Monroe,true,roster_present_with_identifiable_ol,2009,2010,true,evaluable_complete_history_window,,97,97,97,97,97,92,0,0,14,14,0,10,4,13,14,0,2,false,91,0,0,48,0.5274725274725275,2,45,3,0,10,4,0.2857142857142857,7,2
2011,2439,UNLV,true,roster_present_with_identifiable_ol,2009,2010,true,evaluable_complete_history_window,,103,103,103,103,101,89,0,0,15,15,0,10,5,16,15,0,2,false,105,0,0,60,0.5714285714285714,2,45,15,0,10,5,0.3333333333333333,7,2
2011,2440,Nevada,true,roster_present_with_identifiable_ol,2009,2010,true,evaluable_complete_history_window,,98,98,98,98,98,98,0,0,17,17,0,13,4,20,17,0,0,false,136,0,0,99,0.7279411764705882,2,78,21,0,13,4,0.23529411764705882,7,2
2011,2459,Northern Illinois,true,roster_present_with_identifiable_ol,2009,2010,true,evaluable_complete_history_window,,107,107,107,107,107,107,0,0,17,17,0,13,4,20,17,0,3,false,136,0,0,99,0.7279411764705882,2,78,21,0,13,4,0.23529411764705882,7,2
2011,2483,Oregon,true,roster_present_with_identifiable_ol,2009,2010,true,evaluable_complete_history_window,,108,108,108,108,107,107,0,0,21,21,0,13,8,23,21,0,3,false,210,0,0,123,0.5857142857142857,2,78,45,0,13,8,0.38095238095238093,7,2
2011,2509,Purdue,true,roster_present_with_identifiable_ol,2009,2010,true,evaluable_complete_history_window,,105,105,105,105,105,104,0,0,18,18,0,16,2,29,18,0,0,false,153,0,0,198,1.2941176470588236,2,120,78,0,16,2,0.1111111111111111,7,2
2011,2567,SMU,true,roster_present_with_identifiable_ol,2009,2010,true,evaluable_complete_history_window,,110,110,110,110,109,109,0,0,19,19,0,13,6,22,19,0,3,false,171,0,0,114,0.6666666666666666,2,78,36,0,13,6,0.3157894736842105,7,2
2011,2572,Southern Miss,true,roster_present_with_identifiable_ol,2009,2010,true,evaluable_complete_history_window,,103,103,103,103,102,102,0,0,19,19,0,12,7,20,19,0,4,false,171,0,0,94,0.5497076023391813,2,66,28,0,12,7,0.3684210526315789,7,2
2011,2579,South Carolina,true,roster_present_with_identifiable_ol,2009,2010,true,evaluable_complete_history_window,,113,113,113,113,113,113,0,0,14,14,0,9,5,14,14,0,17,false,91,0,0,46,0.5054945054945055,2,36,10,0,9,5,0.35714285714285715,7,2
2011,2628,TCU,true,roster_present_with_identifiable_ol,2009,2010,true,evaluable_complete_history_window,,116,116,116,116,116,115,0,0,23,23,0,17,6,29,23,0,6,false,253,0,0,202,0.7984189723320159,2,136,66,0,17,6,0.2608695652173913,7,2
2011,2633,Tennessee,true,roster_present_with_identifiable_ol,2009,2010,true,evaluable_complete_history_window,,120,120,120,120,120,120,0,0,20,20,0,9,11,13,20,0,6,false,190,0,0,42,0.22105263157894736,2,36,6,0,9,11,0.55,7,2
2011,2638,UTEP,true,roster_present_with_identifiable_ol,2009,2010,true,evaluable_complete_history_window,,109,109,109,109,106,106,0,0,16,16,0,9,7,14,16,0,3,false,120,0,0,46,0.38333333333333336,2,36,10,0,9,7,0.4375,7,2
2011,2641,Texas Tech,true,roster_present_with_identifiable_ol,2009,2010,true,evaluable_complete_history_window,,120,120,120,120,120,120,0,0,16,16,0,11,5,20,16,0,5,false,120,0,0,91,0.7583333333333333,2,55,36,0,11,5,0.3125,7,2
2011,2649,Toledo,true,roster_present_with_identifiable_ol,2009,2010,true,evaluable_complete_history_window,,104,104,104,104,103,103,0,0,18,18,0,13,5,19,18,0,2,false,153,0,0,93,0.6078431372549019,2,78,15,0,13,5,0.2777777777777778,7,2
2011,2653,Troy,true,roster_present_with_identifiable_ol,2009,2010,true,evaluable_complete_history_window,,127,127,127,127,127,127,0,0,23,23,0,11,12,17,23,0,0,false,253,0,0,70,0.2766798418972332,2,55,15,0,11,12,0.5217391304347826,7,2
2011,2655,Tulane,true,roster_present_with_identifiable_ol,2009,2010,true,evaluable_complete_history_window,,98,98,98,98,98,98,0,0,14,14,0,11,3,18,14,0,1,false,91,0,0,76,0.8351648351648352,2,55,21,0,11,3,0.21428571428571427,7,2
2011,2711,Western Michigan,true,roster_present_with_identifiable_ol,2009,2010,true,evaluable_complete_history_window,,105,105,105,105,104,104,0,0,17,17,0,8,9,15,17,0,10,false,136,0,0,49,0.3602941176470588,2,28,21,0,8,9,0.5294117647058824,7,2
2011,2751,Wyoming,true,roster_present_with_identifiable_ol,2009,2010,true,evaluable_complete_history_window,,99,99,99,99,98,98,0,0,19,19,0,11,8,18,19,0,12,false,171,0,0,76,0.4444444444444444,2,55,21,0,11,8,0.42105263157894735,7,2
2012,2,Auburn,true,roster_present_with_identifiable_ol,2009,2010,true,evaluable_complete_history_window,,116,116,116,116,116,116,0,0,18,18,0,8,10,15,18,0,2,false,153,0,0,39,0.2549019607843137,3,28,10,1,8,10,0.5555555555555556,8,3
2012,5,UAB,true,roster_present_with_identifiable_ol,2009,2010,true,evaluable_complete_history_window,,104,104,104,104,104,104,0,0,19,19,0,11,8,19,19,0,0,false,171,0,0,71,0.4152046783625731,3,55,15,1,11,8,0.42105263157894735,8,3
2012,6,South Alabama,true,roster_present_with_identifiable_ol,2009,2010,true,evaluable_complete_history_window,,113,113,113,113,112,111,0,0,19,19,0,0,19,0,19,0,1,false,171,0,0,0,0.0,0,0,0,0,0,19,1.0,8,3
2012,8,Arkansas,true,roster_present_with_identifiable_ol,2009,2010,true,evaluable_complete_history_window,,115,115,115,115,115,115,0,0,17,17,0,14,3,24,17,0,0,false,136,0,0,112,0.8235294117647058,3,91,15,6,14,3,0.17647058823529413,8,3
2012,9,Arizona State,true,roster_present_with_identifiable_ol,2009,2010,true,evaluable_complete_history_window,,105,105,105,105,104,104,0,0,14,14,0,11,3,22,14,0,2,false,91,0,0,86,0.945054945054945,3,55,28,3,11,3,0.21428571428571427,8,3
2012,12,Arizona,true,roster_present_with_identifiable_ol,2009,2010,true,evaluable_complete_history_window,,112,112,112,112,112,112,0,0,17,17,0,12,5,25,17,0,2,false,136,0,0,104,0.7647058823529411,3,66,28,10,12,5,0.29411764705882354,8,3
2012,21,San Diego State,true,roster_present_with_identifiable_ol,2009,2010,true,evaluable_complete_history_window,,108,108,108,108,108,108,0,0,18,18,0,13,5,23,18,0,0,false,153,0,0,99,0.6470588235294118,3,78,15,6,13,5,0.2777777777777778,8,3
2012,23,San José State,true,roster_present_with_identifiable_ol,2009,2010,true,evaluable_complete_history_window,,111,111,111,111,109,107,0,0,18,18,0,12,6,25,18,0,2,false,153,0,0,108,0.7058823529411765,3,66,36,6,12,6,0.3333333333333333,8,3
2012,24,Stanford,true,roster_present_with_identifiable_ol,2009,2010,true,evaluable_complete_history_window,,124,124,124,124,123,123,0,0,19,19,0,13,6,24,19,0,15,false,171,0,0,109,0.6374269005847953,3,78,28,3,13,6,0.3157894736842105,8,3
2012,25,California,true,roster_present_with_identifiable_ol,2009,2010,true,evaluable_complete_history_window,,124,124,124,124,123,123,0,0,17,17,0,12,5,26,17,0,4,false,136,0,0,112,0.8235294117647058,3,66,36,10,12,5,0.29411764705882354,8,3
2012,26,UCLA,true,roster_present_with_identifiable_ol,2009,2010,true,evaluable_complete_history_window,,116,116,116,116,112,112,0,0,17,17,0,14,3,24,17,0,9,false,136,0,0,112,0.8235294117647058,3,91,15,6,14,3,0.17647058823529413,8,3
2012,30,USC,true,roster_present_with_identifiable_ol,2009,2010,true,evaluable_complete_history_window,,119,119,119,119,117,117,0,0,16,16,0,8,8,13,16,0,11,false,120,0,0,32,0.26666666666666666,3,28,3,1,8,8,0.5,8,3
2012,36,Colorado State,true,roster_present_with_identifiable_ol,2009,2010,true,evaluable_complete_history_window,,112,112,112,112,112,112,0,0,15,15,0,11,4,22,15,0,0,false,105,0,0,82,0.780952380952381,3,55,21,6,11,4,0.26666666666666666,8,3
2012,38,Colorado,true,roster_present_with_identifiable_ol,2009,2010,true,evaluable_complete_history_window,,105,105,105,105,104,104,0,0,14,14,0,11,3,22,14,0,5,false,91,0,0,82,0.9010989010989011,3,55,21,6,11,3,0.21428571428571427,8,3
2012,41,UConn,true,roster_present_with_identifiable_ol,2009,2010,true,evaluable_complete_history_window,,104,104,104,104,104,104,0,0,17,17,0,10,7,22,17,0,2,false,136,0,0,76,0.5588235294117647,3,45,21,10,10,7,0.4117647058823529,8,3
2012,52,Florida State,true,roster_present_with_identifiable_ol,2009,2010,true,evaluable_complete_history_window,,112,112,112,112,111,110,0,0,19,19,0,13,6,23,19,0,6,false,171,0,0,99,0.5789473684210527,3,78,15,6,13,6,0.3157894736842105,8,3
2012,57,Florida,true,roster_present_with_identifiable_ol,2009,2010,true,evaluable_complete_history_window,,114,114,114,114,113,112,0,0,18,18,0,12,6,29,18,0,1,false,153,0,0,132,0.8627450980392157,3,66,45,21,12,6,0.3333333333333333,8,3
2012,58,South Florida,true,roster_present_with_identifiable_ol,2009,2010,true,evaluable_complete_history_window,,114,114,114,114,112,112,0,0,17,17,0,13,4,24,17,0,2,false,136,0,0,105,0.7720588235294118,3,78,21,6,13,4,0.23529411764705882,8,3
2012,59,Georgia Tech,true,roster_present_with_identifiable_ol,2009,2010,true,evaluable_complete_history_window,,120,120,120,120,119,119,0,0,19,19,0,14,5,30,19,0,5,false,171,0,0,148,0.8654970760233918,3,91,36,21,14,5,0.2631578947368421,8,3
2012,61,Georgia,true,roster_present_with_identifiable_ol,2009,2010,true,evaluable_complete_history_window,,125,125,125,125,124,124,0,0,17,17,0,11,6,20,17,0,32,false,136,0,0,73,0.5367647058823529,3,55,15,3,11,6,0.35294117647058826,8,3
2012,62,Hawai'i,true,roster_present_with_identifiable_ol,2009,2010,true,evaluable_complete_history_window,,109,109,109,109,109,108,0,0,16,16,0,7,9,13,16,0,0,false,120,0,0,31,0.25833333333333336,2,21,10,0,7,9,0.5625,8,3
2012,66,Iowa State,true,roster_present_with_identifiable_ol,2009,2010,true,evaluable_complete_history_window,,137,137,137,137,136,134,0,0,19,19,0,15,4,30,19,0,5,false,171,0,0,160,0.935672514619883,3,105,45,10,15,4,0.21052631578947367,8,3
2012,68,Boise State,true,roster_present_with_identifiable_ol,2009,2010,true,evaluable_complete_history_window,,110,110,110,110,109,108,0,0,19,19,0,13,6,28,19,0,4,false,171,0,0,127,0.7426900584795322,3,78,28,21,13,6,0.3157894736842105,8,3
2012,70,Idaho,true,roster_present_no_identifiable_ol,2009,2010,true,evaluable_complete_history_window,,30,30,30,30,8,1,0,0,0,0,0,0,0,0,0,0,22,false,0,0,0,0,,,0,0,0,0,0,,8,3
2012,77,Northwestern,true,roster_present_with_identifiable_ol,2009,2010,true,evaluable_complete_history_window,,110,110,110,110,108,108,0,0,18,18,0,13,5,26,18,0,10,false,153,0,0,116,0.7581699346405228,3,78,28,10,13,5,0.2777777777777778,8,3
2012,84,Indiana,true,roster_present_with_identifiable_ol,2009,2010,true,evaluable_complete_history_window,,117,117,117,117,117,117,0,0,19,19,0,12,7,20,19,0,0,false,171,0,0,82,0.47953216374269003,3,66,15,1,12,7,0.3684210526315789,8,3
2012,87,Notre Dame,true,roster_present_with_identifiable_ol,2009,2010,true,evaluable_complete_history_window,,103,103,103,103,102,102,0,0,16,16,0,11,5,23,16,0,2,false,120,0,0,89,0.7416666666666667,3,55,28,6,11,5,0.3125,8,3
2012,96,Kentucky,true,roster_present_with_identifiable_ol,2009,2010,true,evaluable_complete_history_window,,110,110,110,110,110,108,0,0,18,18,0,9,9,19,18,0,3,false,153,0,0,57,0.37254901960784315,3,36,15,6,9,9,0.5,8,3
2012,97,Louisville,true,roster_present_with_identifiable_ol,2009,2010,true,evaluable_complete_history_window,,116,116,116,116,113,113,0,0,22,22,0,13,9,23,22,0,3,false,231,0,0,99,0.42857142857142855,3,78,15,6,13,9,0.4090909090909091,8,3
2012,98,Western Kentucky,true,roster_present_with_identifiable_ol,2009,2010,true,evaluable_complete_history_window,,105,105,105,105,105,105,0,0,13,13,0,10,3,23,13,0,0,false,78,0,0,81,1.0384615384615385,3,45,21,15,10,3,0.23076923076923078,8,3
2012,99,LSU,true,roster_present_with_identifiable_ol,2009,2010,true,evaluable_complete_history_window,,122,122,122,122,122,122,0,0,18,18,0,13,5,27,18,0,0,false,153,0,0,121,0.7908496732026143,3,78,28,15,13,5,0.2777777777777778,8,3
2012,103,Boston College,true,roster_present_with_identifiable_ol,2009,2010,true,evaluable_complete_history_window,,105,105,105,105,104,104,0,0,17,17,0,14,3,27,17,0,1,false,136,0,0,133,0.9779411764705882,3,91,36,6,14,3,0.17647058823529413,8,3
2012,113,Massachusetts,true,roster_present_with_identifiable_ol,2009,2010,true,evaluable_complete_history_window,,93,93,93,93,92,92,0,0,12,12,0,0,12,0,12,0,1,false,66,0,0,0,0.0,0,0,0,0,0,12,1.0,8,3
2012,120,Maryland,true,roster_present_with_identifiable_ol,2009,2010,true,evaluable_complete_history_window,,101,101,101,101,101,101,0,0,17,17,0,12,5,25,17,0,1,false,136,0,0,104,0.7647058823529411,3,66,28,10,12,5,0.29411764705882354,8,3
2012,127,Michigan State,true,roster_present_with_identifiable_ol,2009,2010,true,evaluable_complete_history_window,,115,115,115,115,114,114,0,0,22,22,0,17,5,34,22,0,1,false,231,0,0,202,0.8744588744588745,3,136,45,21,17,5,0.22727272727272727,8,3
2012,130,Michigan,true,roster_present_with_identifiable_ol,2009,2010,true,evaluable_complete_history_window,,112,112,112,112,112,112,0,0,17,17,0,11,6,24,17,0,0,false,136,0,0,91,0.6691176470588235,3,55,21,15,11,6,0.35294117647058826,8,3
2012,135,Minnesota,true,roster_present_with_identifiable_ol,2009,2010,true,evaluable_complete_history_window,,124,124,124,124,122,121,0,0,19,19,0,15,4,24,19,0,3,false,171,0,0,127,0.7426900584795322,3,105,21,1,15,4,0.21052631578947367,8,3
2012,142,Missouri,true,roster_present_with_identifiable_ol,2009,2010,true,evaluable_complete_history_window,,122,122,122,122,122,122,0,0,23,23,0,16,7,33,23,0,10,false,253,0,0,190,0.7509881422924901,3,120,55,15,16,7,0.30434782608695654,8,3
2012,145,Ole Miss,true,roster_present_with_identifiable_ol,2009,2010,true,evaluable_complete_history_window,,119,119,119,119,118,118,0,0,17,17,0,12,5,25,17,0,2,false,136,0,0,108,0.7941176470588235,3,66,36,6,12,5,0.29411764705882354,8,3
2012,150,Duke,true,roster_present_with_identifiable_ol,2009,2010,true,evaluable_complete_history_window,,110,110,110,110,110,109,0,0,19,19,0,17,2,35,19,0,1,false,171,0,0,209,1.2222222222222223,3,136,45,28,17,2,0.10526315789473684,8,3
2012,151,East Carolina,true,roster_present_with_identifiable_ol,2009,2010,true,evaluable_complete_history_window,,113,113,113,113,112,112,0,0,19,19,0,15,4,30,19,0,3,false,171,0,0,156,0.9122807017543859,3,105,36,15,15,4,0.21052631578947367,8,3
2012,152,NC State,true,roster_present_with_identifiable_ol,2009,2010,true,evaluable_complete_history_window,,106,106,106,106,106,106,0,0,19,19,0,14,5,26,19,0,2,false,171,0,0,125,0.7309941520467836,3,91,28,6,14,5,0.2631578947368421,8,3
2012,153,North Carolina,true,roster_present_with_identifiable_ol,2009,2010,true,evaluable_complete_history_window,,116,116,116,116,116,116,0,0,18,18,0,14,4,29,18,0,8,false,153,0,0,146,0.954248366013072,3,91,45,10,14,4,0.2222222222222222,8,3
2012,154,Wake Forest,true,roster_present_with_identifiable_ol,2009,2010,true,evaluable_complete_history_window,,99,99,99,99,98,98,0,0,16,16,0,13,3,30,16,0,18,false,120,0,0,144,1.2,3,78,45,21,13,3,0.1875,8,3
2012,158,Nebraska,true,roster_present_with_identifiable_ol,2009,2010,true,evaluable_complete_history_window,,142,142,142,142,141,141,0,0,23,23,0,19,4,42,23,0,1,false,253,0,0,298,1.1778656126482214,3,171,91,36,19,4,0.17391304347826086,8,3
2012,164,Rutgers,true,roster_present_with_identifiable_ol,2009,2010,true,evaluable_complete_history_window,,101,101,101,101,100,100,0,0,20,20,0,14,6,29,20,0,2,false,190,0,0,152,0.8,3,91,55,6,14,6,0.3,8,3
2012,166,New Mexico State,true,roster_present_with_identifiable_ol,2009,2010,true,evaluable_complete_history_window,,86,86,86,86,84,84,0,0,12,12,0,8,4,9,12,0,7,false,66,0,0,28,0.42424242424242425,1,28,0,0,8,4,0.3333333333333333,8,3
2012,167,New Mexico,true,roster_present_with_identifiable_ol,2009,2010,true,evaluable_complete_history_window,,103,103,103,103,102,102,0,0,15,15,0,7,8,14,15,0,3,false,105,0,0,30,0.2857142857142857,3,21,6,3,7,8,0.5333333333333333,8,3
2012,183,Syracuse,true,roster_present_with_identifiable_ol,2009,2010,true,evaluable_complete_history_window,,102,102,102,102,101,101,0,0,16,16,0,12,4,20,16,0,10,false,120,0,0,79,0.6583333333333333,3,66,10,3,12,4,0.25,8,3
2012,189,Bowling Green,true,roster_present_with_identifiable_ol,2009,2010,true,evaluable_complete_history_window,,108,108,108,108,105,105,0,0,17,17,0,11,6,18,17,0,7,false,136,0,0,66,0.4852941176470588,3,55,10,1,11,6,0.35294117647058826,8,3
2012,193,Miami (OH),true,roster_present_with_identifiable_ol,2009,2010,true,evaluable_complete_history_window,,103,103,103,103,103,103,0,0,17,17,0,12,5,26,17,0,0,false,136,0,0,109,0.8014705882352942,3,66,28,15,12,5,0.29411764705882354,8,3
2012,194,Ohio State,true,roster_present_with_identifiable_ol,2009,2010,true,evaluable_complete_history_window,,108,108,108,108,107,107,0,0,20,20,0,14,6,26,20,0,2,false,190,0,0,125,0.6578947368421053,3,91,28,6,14,6,0.3,8,3
2012,195,Ohio,true,roster_present_with_identifiable_ol,2009,2010,true,evaluable_complete_history_window,,116,116,116,116,115,115,0,0,20,20,0,17,3,30,20,0,1,false,190,0,0,178,0.9368421052631579,3,136,36,6,17,3,0.15,8,3
2012,197,Oklahoma State,true,roster_present_with_identifiable_ol,2009,2010,true,evaluable_complete_history_window,,117,117,117,117,117,117,0,0,17,17,0,10,7,22,17,0,1,false,136,0,0,76,0.5588235294117647,3,45,21,10,10,7,0.4117647058823529,8,3
2012,201,Oklahoma,true,roster_present_with_identifiable_ol,2009,2010,true,evaluable_complete_history_window,,108,108,108,108,108,108,0,0,16,16,0,13,3,24,16,0,0,false,120,0,0,109,0.9083333333333333,3,78,28,3,13,3,0.1875,8,3
2012,202,Tulsa,true,roster_present_with_identifiable_ol,2009,2010,true,evaluable_complete_history_window,,109,109,109,109,109,109,0,0,16,16,0,10,6,20,16,0,4,false,120,0,0,66,0.55,3,45,15,6,10,6,0.375,8,3
2012,204,Oregon State,true,roster_present_with_identifiable_ol,2009,2010,true,evaluable_complete_history_window,,110,110,110,110,110,109,0,0,18,18,0,8,10,17,18,0,0,false,153,0,0,46,0.3006535947712418,3,28,15,3,8,10,0.5555555555555556,8,3
2012,213,Penn State,true,roster_present_with_identifiable_ol,2009,2010,true,evaluable_complete_history_window,,117,117,117,117,116,116,0,0,21,21,0,13,8,30,21,0,2,false,210,0,0,142,0.6761904761904762,3,78,36,28,13,8,0.38095238095238093,8,3
2012,218,Temple,true,roster_present_with_identifiable_ol,2009,2010,true,evaluable_complete_history_window,,104,104,104,104,104,103,0,0,19,19,0,14,5,29,19,0,0,false,171,0,0,146,0.8538011695906432,3,91,45,10,14,5,0.2631578947368421,8,3
2012,221,Pittsburgh,true,roster_present_with_identifiable_ol,2009,2010,true,evaluable_complete_history_window,,99,99,99,99,99,99,0,0,16,16,0,13,3,29,16,0,0,false,120,0,0,138,1.15,3,78,45,15,13,3,0.1875,8,3
2012,228,Clemson,true,roster_present_with_identifiable_ol,2009,2010,true,evaluable_complete_history_window,,103,103,103,103,103,103,0,0,19,19,0,14,5,24,19,0,0,false,171,0,0,115,0.672514619883041,3,91,21,3,14,5,0.2631578947368421,8,3
2012,235,Memphis,true,roster_present_with_identifiable_ol,2009,2010,true,evaluable_complete_history_window,,113,113,113,113,113,112,0,0,17,17,0,9,8,12,17,0,2,false,136,0,0,39,0.2867647058823529,2,36,3,0,9,8,0.47058823529411764,8,3
2012,238,Vanderbilt,true,roster_present_with_identifiable_ol,2009,2010,true,evaluable_complete_history_window,,104,104,104,104,104,104,0,0,16,16,0,10,6,19,16,0,0,false,120,0,0,63,0.525,3,45,15,3,10,6,0.375,8,3
2012,239,Baylor,true,roster_present_with_identifiable_ol,2009,2010,true,evaluable_complete_history_window,,117,117,117,117,117,117,0,0,16,16,0,14,2,32,16,0,3,false,120,0,0,164,1.3666666666666667,3,91,45,28,14,2,0.125,8,3
2012,242,Rice,true,roster_present_with_identifiable_ol,2009,2010,true,evaluable_complete_history_window,,101,101,101,101,101,101,0,0,15,15,0,9,6,17,15,0,0,false,105,0,0,52,0.49523809523809526,3,36,15,1,9,6,0.4,8,3
2012,245,Texas A&M,true,roster_present_with_identifiable_ol,2009,2010,true,evaluable_complete_history_window,,118,118,118,118,117,117,0,0,17,17,0,12,5,21,17,0,4,false,136,0,0,94,0.6911764705882353,2,66,28,0,12,5,0.29411764705882354,8,3
2012,248,Houston,true,roster_present_with_identifiable_ol,2009,2010,true,evaluable_complete_history_window,,125,125,125,125,123,123,0,0,17,17,0,11,6,25,17,0,2,false,136,0,0,101,0.7426470588235294,3,55,36,10,11,6,0.35294117647058826,8,3
2012,249,North Texas,true,roster_present_with_identifiable_ol,2009,2010,true,evaluable_complete_history_window,,108,108,108,108,108,108,0,0,17,17,0,11,6,19,17,0,2,false,136,0,0,68,0.5,3,55,10,3,11,6,0.35294117647058826,8,3
2012,251,Texas,true,roster_present_with_identifiable_ol,2009,2010,true,evaluable_complete_history_window,,117,117,117,117,117,117,0,0,16,16,0,12,4,22,16,0,4,false,120,0,0,87,0.725,3,66,15,6,12,4,0.25,8,3
2012,252,BYU,true,roster_present_with_identifiable_ol,2009,2010,true,evaluable_complete_history_window,,140,140,140,140,140,135,0,0,21,21,0,16,5,35,21,0,1,false,210,0,0,213,1.0142857142857142,3,120,78,15,16,5,0.23809523809523808,8,3
2012,254,Utah,true,roster_present_with_identifiable_ol,2009,2010,true,evaluable_complete_history_window,,121,121,121,121,120,118,0,0,19,19,0,10,9,24,19,0,1,false,171,0,0,87,0.5087719298245614,3,45,21,21,10,9,0.47368421052631576,8,3
2012,258,Virginia,true,roster_present_with_identifiable_ol,2009,2010,true,evaluable_complete_history_window,,118,118,118,118,117,117,0,0,19,19,0,13,6,24,19,0,17,false,171,0,0,109,0.6374269005847953,3,78,28,3,13,6,0.3157894736842105,8,3
2012,259,Virginia Tech,true,roster_present_with_identifiable_ol,2009,2010,true,evaluable_complete_history_window,,124,124,124,124,123,107,0,0,21,21,0,17,4,35,21,0,26,false,210,0,0,212,1.0095238095238095,3,136,55,21,17,4,0.19047619047619047,8,3
2012,264,Washington,true,roster_present_with_identifiable_ol,2009,2010,true,evaluable_complete_history_window,,103,103,103,103,102,102,0,0,17,17,0,11,6,19,17,0,10,false,136,0,0,76,0.5588235294117647,2,55,21,0,11,6,0.35294117647058826,8,3
2012,265,Washington State,true,roster_present_with_identifiable_ol,2009,2010,true,evaluable_complete_history_window,,114,114,114,114,114,114,0,0,19,19,0,12,7,21,19,0,0,false,171,0,0,88,0.5146198830409356,3,66,21,1,12,7,0.3684210526315789,8,3
2012,275,Wisconsin,true,roster_present_with_identifiable_ol,2009,2010,true,evaluable_complete_history_window,,116,116,116,116,116,116,0,0,19,19,0,13,6,27,19,0,3,false,171,0,0,129,0.7543859649122807,3,78,45,6,13,6,0.3157894736842105,8,3
2012,276,Marshall,true,roster_present_with_identifiable_ol,2009,2010,true,evaluable_complete_history_window,,105,105,105,105,103,103,0,0,22,22,0,12,10,25,22,0,2,false,231,0,0,108,0.4675324675324675,3,66,36,6,12,10,0.45454545454545453,8,3
2012,277,West Virginia,true,roster_present_with_identifiable_ol,2009,2010,true,evaluable_complete_history_window,,108,108,108,108,108,107,0,0,15,15,0,10,5,23,15,0,0,false,105,0,0,83,0.7904761904761904,3,45,28,10,10,5,0.3333333333333333,8,3
2012,278,Fresno State,true,roster_present_with_identifiable_ol,2009,2010,true,evaluable_complete_history_window,,100,100,100,100,100,100,0,0,16,16,0,11,5,23,16,0,5,false,120,0,0,86,0.7166666666666667,3,55,21,10,11,5,0.3125,8,3
2012,309,Louisiana,true,roster_present_with_identifiable_ol,2009,2010,true,evaluable_complete_history_window,,110,110,110,110,109,108,0,0,16,16,0,10,6,17,16,0,4,false,120,0,0,56,0.4666666666666667,3,45,10,1,10,6,0.375,8,3
2012,326,Texas State,true,roster_present_with_identifiable_ol,2009,2010,true,evaluable_complete_history_window,,106,106,106,106,105,105,0,0,20,20,0,0,20,0,20,0,3,false,190,0,0,0,0.0,0,0,0,0,0,20,1.0,8,3
2012,328,Utah State,true,roster_present_with_identifiable_ol,2009,2010,true,evaluable_complete_history_window,,113,113,113,113,112,112,0,0,18,18,0,10,8,18,18,0,4,false,153,0,0,58,0.3790849673202614,3,45,10,3,10,8,0.4444444444444444,8,3
2012,333,Alabama,true,roster_present_with_identifiable_ol,2009,2010,true,evaluable_complete_history_window,,119,119,119,119,119,118,0,0,19,19,0,10,9,22,19,0,1,false,171,0,0,79,0.4619883040935672,3,45,28,6,10,9,0.47368421052631576,8,3
2012,344,Mississippi State,true,roster_present_with_identifiable_ol,2009,2010,true,evaluable_complete_history_window,,115,115,115,115,113,113,0,0,21,21,0,16,5,30,21,0,12,false,210,0,0,178,0.8476190476190476,3,120,55,3,16,5,0.23809523809523808,8,3
2012,349,Army,true,roster_present_with_identifiable_ol,2009,2010,true,evaluable_complete_history_window,,154,154,154,154,153,153,0,0,33,33,0,19,14,36,33,0,4,false,528,0,0,255,0.48295454545454547,3,171,78,6,19,14,0.42424242424242425,8,3
2012,356,Illinois,true,roster_present_with_identifiable_ol,2009,2010,true,evaluable_complete_history_window,,107,107,107,107,107,107,0,0,18,18,0,15,3,29,18,0,0,false,153,0,0,151,0.9869281045751634,3,105,36,10,15,3,0.16666666666666666,8,3
2012,2005,Air Force,true,roster_present_with_identifiable_ol,2009,2010,true,evaluable_complete_history_window,,86,86,86,86,86,86,0,0,13,13,0,10,3,14,13,0,16,false,78,0,0,48,0.6153846153846154,2,45,3,0,10,3,0.23076923076923078,8,3
2012,2006,Akron,true,roster_present_with_identifiable_ol,2009,2010,true,evaluable_complete_history_window,,101,101,101,101,98,98,0,0,13,13,0,10,3,19,13,0,4,false,78,0,0,61,0.782051282051282,3,45,10,6,10,3,0.23076923076923078,8,3
2012,2032,Arkansas State,true,roster_present_with_identifiable_ol,2009,2010,true,evaluable_complete_history_window,,114,114,114,114,114,113,0,0,20,20,0,13,7,24,20,0,5,false,190,0,0,105,0.5526315789473685,3,78,21,6,13,7,0.35,8,3
2012,2050,Ball State,true,roster_present_with_identifiable_ol,2009,2010,true,evaluable_complete_history_window,,106,106,106,106,105,105,0,0,20,20,0,12,8,25,20,0,5,false,190,0,0,104,0.5473684210526316,3,66,28,10,12,8,0.4,8,3
2012,2084,Buffalo,true,roster_present_with_identifiable_ol,2009,2010,true,evaluable_complete_history_window,,103,103,103,103,103,103,0,0,22,22,0,15,7,24,22,0,0,false,231,0,0,123,0.5324675324675324,3,105,15,3,15,7,0.3181818181818182,8,3
2012,2116,UCF,true,roster_present_with_identifiable_ol,2009,2010,true,evaluable_complete_history_window,,103,103,103,103,103,103,0,0,17,17,0,10,7,21,17,0,7,false,136,0,0,76,0.5588235294117647,3,45,28,3,10,7,0.4117647058823529,8,3
2012,2117,Central Michigan,true,roster_present_with_identifiable_ol,2009,2010,true,evaluable_complete_history_window,,107,107,107,107,107,107,0,0,18,18,0,13,5,30,18,0,0,false,153,0,0,144,0.9411764705882353,3,78,45,21,13,5,0.2777777777777778,8,3
2012,2132,Cincinnati,true,roster_present_with_identifiable_ol,2009,2010,true,evaluable_complete_history_window,,113,113,113,113,113,113,0,0,16,16,0,14,2,27,16,0,0,false,120,0,0,129,1.075,3,91,28,10,14,2,0.125,8,3
2012,2199,Eastern Michigan,true,roster_present_with_identifiable_ol,2009,2010,true,evaluable_complete_history_window,,105,105,105,105,105,105,0,0,16,16,0,12,4,26,16,0,0,false,120,0,0,112,0.9333333333333333,3,66,36,10,12,4,0.25,8,3
2012,2226,Florida Atlantic,true,roster_present_with_identifiable_ol,2009,2010,true,evaluable_complete_history_window,,119,119,119,119,117,116,0,0,25,25,0,14,11,31,25,0,3,false,300,0,0,155,0.5166666666666667,3,91,36,28,14,11,0.44,8,3
2012,2229,Florida International,true,roster_present_with_identifiable_ol,2009,2010,true,evaluable_complete_history_window,,110,110,110,110,109,105,0,0,19,19,0,10,9,20,19,0,5,false,171,0,0,69,0.40350877192982454,3,45,21,3,10,9,0.47368421052631576,8,3
2012,2294,Iowa,true,roster_present_with_identifiable_ol,2009,2010,true,evaluable_complete_history_window,,110,110,110,110,110,110,0,0,17,17,0,12,5,26,17,0,2,false,136,0,0,109,0.8014705882352942,3,66,28,15,12,5,0.29411764705882354,8,3
2012,2305,Kansas,true,roster_present_with_identifiable_ol,2009,2010,true,evaluable_complete_history_window,,108,108,108,108,108,108,0,0,16,16,0,12,4,23,16,0,5,false,120,0,0,91,0.7583333333333333,3,66,15,10,12,4,0.25,8,3
2012,2306,Kansas State,true,roster_present_with_identifiable_ol,2009,2010,true,evaluable_complete_history_window,,124,124,124,124,124,124,0,0,16,16,0,12,4,24,16,0,0,false,120,0,0,100,0.8333333333333334,3,66,28,6,12,4,0.25,8,3
2012,2309,Kent State,true,roster_present_with_identifiable_ol,2009,2010,true,evaluable_complete_history_window,,106,106,106,106,106,106,0,0,21,21,0,14,7,29,21,0,0,false,210,0,0,146,0.6952380952380952,3,91,45,10,14,7,0.3333333333333333,8,3
2012,2348,Louisiana Tech,true,roster_present_with_identifiable_ol,2009,2010,true,evaluable_complete_history_window,,114,114,114,114,114,114,0,0,20,20,0,13,7,26,20,0,2,false,190,0,0,114,0.6,3,78,21,15,13,7,0.35,8,3
2012,2390,Miami,true,roster_present_with_identifiable_ol,2009,2010,true,evaluable_complete_history_window,,115,115,115,115,112,111,0,0,16,16,0,11,5,22,16,0,3,false,120,0,0,86,0.7166666666666667,3,55,28,3,11,5,0.3125,8,3
2012,2393,Middle Tennessee,true,roster_present_with_identifiable_ol,2009,2010,true,evaluable_complete_history_window,,114,114,114,114,114,103,0,0,18,18,0,11,7,20,18,0,2,false,153,0,0,73,0.477124183006536,3,55,15,3,11,7,0.3888888888888889,8,3
2012,2426,Navy,true,roster_present_with_identifiable_ol,2009,2010,true,evaluable_complete_history_window,,166,166,166,166,166,166,0,0,31,31,0,22,9,41,31,0,24,false,465,0,0,332,0.7139784946236559,3,231,91,10,22,9,0.2903225806451613,8,3
2012,2433,UL Monroe,true,roster_present_with_identifiable_ol,2009,2010,true,evaluable_complete_history_window,,88,88,88,88,88,88,0,0,15,15,0,10,5,17,15,0,1,false,105,0,0,60,0.5714285714285714,2,45,15,0,10,5,0.3333333333333333,8,3
2012,2439,UNLV,true,roster_present_with_identifiable_ol,2009,2010,true,evaluable_complete_history_window,,89,89,89,89,88,84,0,0,17,17,0,10,7,20,17,0,1,false,136,0,0,69,0.5073529411764706,3,45,21,3,10,7,0.4117647058823529,8,3
2012,2440,Nevada,true,roster_present_with_identifiable_ol,2009,2010,true,evaluable_complete_history_window,,103,103,103,103,102,102,0,0,17,17,0,8,9,19,17,0,1,false,136,0,0,55,0.40441176470588236,3,28,21,6,8,9,0.5294117647058824,8,3
2012,2459,Northern Illinois,true,roster_present_with_identifiable_ol,2009,2010,true,evaluable_complete_history_window,,109,109,109,109,109,109,0,0,21,21,0,12,9,24,21,0,4,false,210,0,0,105,0.5,3,66,36,3,12,9,0.42857142857142855,8,3
2012,2483,Oregon,true,roster_present_with_identifiable_ol,2009,2010,true,evaluable_complete_history_window,,107,107,107,107,106,106,0,0,19,19,0,17,2,33,19,0,2,false,171,0,0,193,1.128654970760234,3,136,36,21,17,2,0.10526315789473684,8,3
2012,2509,Purdue,true,roster_present_with_identifiable_ol,2009,2010,true,evaluable_complete_history_window,,109,109,109,109,109,107,0,0,16,16,0,10,6,25,16,0,0,false,120,0,0,96,0.8,3,45,36,15,10,6,0.375,8,3
2012,2567,SMU,true,roster_present_with_identifiable_ol,2009,2010,true,evaluable_complete_history_window,,114,114,114,114,113,113,0,0,18,18,0,12,6,24,18,0,3,false,153,0,0,100,0.6535947712418301,3,66,28,6,12,6,0.3333333333333333,8,3
2012,2572,Southern Miss,true,roster_present_with_identifiable_ol,2009,2010,true,evaluable_complete_history_window,,97,97,97,97,97,97,0,0,20,20,0,13,7,27,20,0,1,false,190,0,0,121,0.6368421052631579,3,78,28,15,13,7,0.35,8,3
2012,2579,South Carolina,true,roster_present_with_identifiable_ol,2009,2010,true,evaluable_complete_history_window,,116,116,116,116,115,115,0,0,15,15,0,10,5,16,15,0,17,false,105,0,0,55,0.5238095238095238,2,45,10,0,10,5,0.3333333333333333,8,3
2012,2628,TCU,true,roster_present_with_identifiable_ol,2009,2010,true,evaluable_complete_history_window,,117,117,117,117,117,115,0,0,22,22,0,15,7,32,22,0,7,false,231,0,0,171,0.7402597402597403,3,105,45,21,15,7,0.3181818181818182,8,3
2012,2633,Tennessee,true,roster_present_with_identifiable_ol,2009,2010,true,evaluable_complete_history_window,,117,117,117,117,117,116,0,0,18,18,0,10,8,20,18,0,4,false,153,0,0,69,0.45098039215686275,3,45,21,3,10,8,0.4444444444444444,8,3
2012,2636,UTSA,true,roster_present_with_identifiable_ol,2009,2010,true,evaluable_complete_history_window,,99,99,99,99,98,98,0,0,15,15,0,0,15,0,15,0,3,false,105,0,0,0,0.0,0,0,0,0,0,15,1.0,8,3
2012,2638,UTEP,true,roster_present_with_identifiable_ol,2009,2010,true,evaluable_complete_history_window,,104,104,104,104,102,102,0,0,16,16,0,12,4,23,16,0,2,false,120,0,0,93,0.775,3,66,21,6,12,4,0.25,8,3
2012,2641,Texas Tech,true,roster_present_with_identifiable_ol,2009,2010,true,evaluable_complete_history_window,,105,105,105,105,105,105,0,0,15,15,0,10,5,20,15,0,5,false,105,0,0,66,0.6285714285714286,3,45,15,6,10,5,0.3333333333333333,8,3
2012,2649,Toledo,true,roster_present_with_identifiable_ol,2009,2010,true,evaluable_complete_history_window,,108,108,108,108,107,107,0,0,18,18,0,11,7,22,18,0,1,false,153,0,0,92,0.6013071895424836,3,55,36,1,11,7,0.3888888888888889,8,3
2012,2653,Troy,true,roster_present_with_identifiable_ol,2009,2010,true,evaluable_complete_history_window,,123,123,123,123,123,123,0,0,17,17,0,11,6,19,17,0,1,false,136,0,0,71,0.5220588235294118,3,55,15,1,11,6,0.35294117647058826,8,3
2012,2655,Tulane,true,roster_present_with_identifiable_ol,2009,2010,true,evaluable_complete_history_window,,103,103,103,103,102,102,0,0,15,15,0,9,6,19,15,0,3,false,105,0,0,57,0.5428571428571428,3,36,15,6,9,6,0.4,8,3
2012,2711,Western Michigan,true,roster_present_with_identifiable_ol,2009,2010,true,evaluable_complete_history_window,,105,105,105,105,103,103,0,0,19,19,0,12,7,23,19,0,10,false,171,0,0,91,0.5321637426900585,3,66,15,10,12,7,0.3684210526315789,8,3
2012,2751,Wyoming,true,roster_present_with_identifiable_ol,2009,2010,true,evaluable_complete_history_window,,110,110,110,110,109,109,0,0,20,20,0,14,6,23,20,0,10,false,190,0,0,109,0.5736842105263158,3,91,15,3,14,6,0.3,8,3
2013,2,Auburn,true,roster_present_with_identifiable_ol,2009,2010,true,evaluable_complete_history_window,,116,116,116,116,115,115,0,0,18,18,0,13,5,19,18,0,3,false,153,0,0,85,0.5555555555555556,3,78,6,1,13,5,0.2777777777777778,9,4
2013,5,UAB,true,roster_present_with_identifiable_ol,2009,2010,true,evaluable_complete_history_window,,110,110,110,110,110,110,0,0,18,18,0,15,3,29,18,0,2,false,153,0,0,147,0.9607843137254902,3,105,36,6,15,3,0.16666666666666666,9,4
2013,6,South Alabama,true,roster_present_with_identifiable_ol,2009,2010,true,evaluable_complete_history_window,,115,115,115,115,114,113,0,0,18,18,0,13,5,13,18,0,1,false,153,0,0,78,0.5098039215686274,1,78,0,0,13,5,0.2777777777777778,9,4
2013,8,Arkansas,true,roster_present_with_identifiable_ol,2009,2010,true,evaluable_complete_history_window,,121,121,121,121,120,120,0,0,18,18,0,12,6,27,18,0,1,false,153,0,0,115,0.7516339869281046,4,66,45,3,12,6,0.3333333333333333,9,4
2013,9,Arizona State,true,roster_present_with_identifiable_ol,2009,2010,true,evaluable_complete_history_window,,108,108,108,108,107,106,0,0,16,16,0,11,5,25,16,0,1,false,120,0,0,93,0.775,3,55,28,10,11,5,0.3125,9,4
2013,12,Arizona,true,roster_present_with_identifiable_ol,2009,2010,true,evaluable_complete_history_window,,121,121,121,121,121,120,0,0,17,17,0,13,4,28,17,0,3,false,136,0,0,117,0.8602941176470589,4,78,28,10,13,4,0.23529411764705882,9,4
2013,21,San Diego State,true,roster_present_with_identifiable_ol,2009,2010,true,evaluable_complete_history_window,,111,111,111,111,110,110,0,0,19,19,0,12,7,24,19,0,1,false,171,0,0,97,0.5672514619883041,3,66,28,3,12,7,0.3684210526315789,9,4
2013,23,San José State,true,roster_present_with_identifiable_ol,2009,2010,true,evaluable_complete_history_window,,108,108,108,108,106,106,0,0,22,22,0,15,7,33,22,0,2,false,231,0,0,159,0.6883116883116883,4,105,36,15,15,7,0.3181818181818182,9,4
2013,24,Stanford,true,roster_present_with_identifiable_ol,2009,2010,true,evaluable_complete_history_window,,111,111,111,111,110,110,0,0,21,21,0,17,4,36,21,0,11,false,210,0,0,207,0.9857142857142858,4,136,55,15,17,4,0.19047619047619047,9,4
2013,25,California,true,roster_present_with_identifiable_ol,2009,2010,true,evaluable_complete_history_window,,123,123,123,123,122,122,0,0,19,19,0,13,6,27,19,0,1,false,171,0,0,116,0.6783625730994152,3,78,28,10,13,6,0.3157894736842105,9,4
2013,26,UCLA,true,roster_present_with_identifiable_ol,2009,2010,true,evaluable_complete_history_window,,120,120,120,120,117,117,0,0,13,13,0,7,6,14,13,0,3,false,78,0,0,31,0.3974358974358974,2,21,10,0,7,6,0.46153846153846156,9,4
2013,30,USC,true,roster_present_with_identifiable_ol,2009,2010,true,evaluable_complete_history_window,,113,113,113,113,112,112,0,0,18,18,0,13,5,24,18,0,9,false,153,0,0,97,0.6339869281045751,4,78,15,3,13,5,0.2777777777777778,9,4
2013,36,Colorado State,true,roster_present_with_identifiable_ol,2009,2010,true,evaluable_complete_history_window,,109,109,109,109,109,109,0,0,18,18,0,11,7,26,18,0,0,false,153,0,0,89,0.5816993464052288,4,55,21,10,11,7,0.3888888888888889,9,4
2013,38,Colorado,true,roster_present_with_identifiable_ol,2009,2010,true,evaluable_complete_history_window,,118,118,118,118,117,116,0,0,18,18,0,9,9,20,18,0,7,false,153,0,0,55,0.35947712418300654,4,36,15,3,9,9,0.5,9,4
2013,41,UConn,true,roster_present_with_identifiable_ol,2009,2010,true,evaluable_complete_history_window,,106,106,106,106,106,106,0,0,20,20,0,14,6,30,20,0,1,false,190,0,0,132,0.6947368421052632,4,91,28,10,14,6,0.3,9,4
2013,52,Florida State,true,roster_present_with_identifiable_ol,2009,2010,true,evaluable_complete_history_window,,134,134,134,134,132,130,0,0,21,21,0,12,9,26,21,0,4,false,210,0,0,106,0.5047619047619047,4,66,36,3,12,9,0.42857142857142855,9,4
2013,57,Florida,true,roster_present_with_identifiable_ol,2009,2010,true,evaluable_complete_history_window,,122,122,122,122,122,121,0,0,18,18,0,9,9,23,18,0,1,false,153,0,0,64,0.41830065359477125,4,36,15,10,9,9,0.5,9,4
2013,58,South Florida,true,roster_present_with_identifiable_ol,2009,2010,true,evaluable_complete_history_window,,107,107,107,107,105,105,0,0,17,17,0,13,4,28,17,0,2,false,136,0,0,129,0.9485294117647058,3,78,45,6,13,4,0.23529411764705882,9,4
2013,59,Georgia Tech,true,roster_present_with_identifiable_ol,2009,2010,true,evaluable_complete_history_window,,123,123,123,123,120,116,0,0,22,22,0,13,9,26,22,0,9,false,231,0,0,110,0.47619047619047616,4,78,28,3,13,9,0.4090909090909091,9,4
2013,61,Georgia,true,roster_present_with_identifiable_ol,2009,2010,true,evaluable_complete_history_window,,129,129,129,129,128,128,0,0,20,20,0,13,7,27,20,0,36,false,190,0,0,113,0.5947368421052631,4,78,28,6,13,7,0.35,9,4
2013,62,Hawai'i,true,roster_present_with_identifiable_ol,2009,2010,true,evaluable_complete_history_window,,111,111,111,111,111,111,0,0,16,16,0,10,6,17,16,0,0,false,120,0,0,54,0.45,3,45,6,3,10,6,0.375,9,4
2013,66,Iowa State,true,roster_present_with_identifiable_ol,2009,2010,true,evaluable_complete_history_window,,135,135,135,135,133,131,0,0,21,21,0,12,9,29,21,0,6,false,210,0,0,118,0.5619047619047619,4,66,36,15,12,9,0.42857142857142855,9,4
2013,68,Boise State,true,roster_present_with_identifiable_ol,2009,2010,true,evaluable_complete_history_window,,104,104,104,104,103,102,0,0,18,18,0,11,7,24,18,0,6,false,153,0,0,82,0.5359477124183006,4,55,21,3,11,7,0.3888888888888889,9,4
2013,70,Idaho,true,roster_present_no_identifiable_ol,2009,2010,true,evaluable_complete_history_window,,29,29,29,29,21,2,0,0,0,0,0,0,0,0,0,0,8,false,0,0,0,0,,,0,0,0,0,0,,9,4
2013,77,Northwestern,true,roster_present_with_identifiable_ol,2009,2010,true,evaluable_complete_history_window,,113,113,113,113,112,112,0,0,20,20,0,13,7,24,20,0,7,false,190,0,0,109,0.5736842105263158,3,78,28,3,13,7,0.35,9,4
2013,84,Indiana,true,roster_present_with_identifiable_ol,2009,2010,true,evaluable_complete_history_window,,117,117,117,117,117,117,0,0,18,18,0,15,3,28,18,0,0,false,153,0,0,147,0.9607843137254902,3,105,36,6,15,3,0.16666666666666666,9,4
2013,87,Notre Dame,true,roster_present_with_identifiable_ol,2009,2010,true,evaluable_complete_history_window,,111,111,111,111,109,109,0,0,14,14,0,10,4,22,14,0,4,false,91,0,0,72,0.7912087912087912,3,45,21,6,10,4,0.2857142857142857,9,4
2013,96,Kentucky,true,roster_present_with_identifiable_ol,2009,2010,true,evaluable_complete_history_window,,115,115,115,115,115,113,0,0,17,17,0,12,5,22,17,0,1,false,136,0,0,84,0.6176470588235294,3,66,15,3,12,5,0.29411764705882354,9,4
2013,97,Louisville,true,roster_present_with_identifiable_ol,2009,2010,true,evaluable_complete_history_window,,115,115,115,115,113,113,0,0,21,21,0,17,4,34,21,0,2,false,210,0,0,198,0.9428571428571428,4,136,55,6,17,4,0.19047619047619047,9,4
2013,98,Western Kentucky,true,roster_present_with_identifiable_ol,2009,2010,true,evaluable_complete_history_window,,102,102,102,102,102,102,0,0,17,17,0,7,10,18,17,0,0,false,136,0,0,36,0.2647058823529412,4,21,6,6,7,10,0.5882352941176471,9,4
2013,99,LSU,true,roster_present_with_identifiable_ol,2009,2010,true,evaluable_complete_history_window,,122,122,122,122,122,122,0,0,17,17,0,11,6,21,17,0,0,false,136,0,0,77,0.5661764705882353,3,55,21,1,11,6,0.35294117647058826,9,4
2013,103,Boston College,true,roster_present_with_identifiable_ol,2009,2010,true,evaluable_complete_history_window,,97,97,97,97,97,97,0,0,15,15,0,13,2,30,15,0,0,false,105,0,0,138,1.3142857142857143,3,78,45,15,13,2,0.13333333333333333,9,4
2013,113,Massachusetts,true,roster_present_with_identifiable_ol,2009,2010,true,evaluable_complete_history_window,,105,105,105,105,105,105,0,0,16,16,0,4,12,4,16,0,0,false,120,0,0,6,0.05,1,6,0,0,4,12,0.75,9,4
2013,120,Maryland,true,roster_present_with_identifiable_ol,2009,2010,true,evaluable_complete_history_window,,108,108,108,108,108,108,0,0,18,18,0,11,7,25,18,0,1,false,153,0,0,90,0.5882352941176471,4,55,28,6,11,7,0.3888888888888889,9,4
2013,127,Michigan State,true,roster_present_with_identifiable_ol,2009,2010,true,evaluable_complete_history_window,,112,112,112,112,111,111,0,0,19,19,0,17,2,40,19,0,1,false,171,0,0,229,1.3391812865497077,4,136,66,21,17,2,0.10526315789473684,9,4
2013,130,Michigan,true,roster_present_with_identifiable_ol,2009,2010,true,evaluable_complete_history_window,,116,116,116,116,116,116,0,0,19,19,0,13,6,28,19,0,0,false,171,0,0,115,0.672514619883041,4,78,28,6,13,6,0.3157894736842105,9,4
2013,135,Minnesota,true,roster_present_with_identifiable_ol,2009,2010,true,evaluable_complete_history_window,,124,124,124,124,123,122,0,0,20,20,0,16,4,36,20,0,2,false,190,0,0,209,1.1,4,120,78,10,16,4,0.2,9,4
2013,142,Missouri,true,roster_present_with_identifiable_ol,2009,2010,true,evaluable_complete_history_window,,134,134,134,134,134,134,0,0,26,26,0,18,8,39,26,0,9,false,325,0,0,241,0.7415384615384616,4,153,66,21,18,8,0.3076923076923077,9,4
2013,145,Ole Miss,true,roster_present_with_identifiable_ol,2009,2010,true,evaluable_complete_history_window,,125,125,125,125,124,124,0,0,20,20,0,12,8,26,20,0,1,false,190,0,0,104,0.5473684210526316,3,66,28,10,12,8,0.4,9,4
2013,150,Duke,true,roster_present_with_identifiable_ol,2009,2010,true,evaluable_complete_history_window,,114,114,114,114,114,114,0,0,20,20,0,14,6,34,20,0,1,false,190,0,0,170,0.8947368421052632,4,91,66,10,14,6,0.3,9,4
2013,151,East Carolina,true,roster_present_with_identifiable_ol,2009,2010,true,evaluable_complete_history_window,,127,127,127,127,127,118,0,0,19,19,0,14,5,31,19,0,4,false,171,0,0,147,0.8596491228070176,4,91,45,10,14,5,0.2631578947368421,9,4
2013,152,NC State,true,roster_present_with_identifiable_ol,2009,2010,true,evaluable_complete_history_window,,113,113,113,113,113,113,0,0,19,19,0,11,8,24,19,0,0,false,171,0,0,97,0.5672514619883041,3,55,36,6,11,8,0.42105263157894735,9,4
2013,153,North Carolina,true,roster_present_with_identifiable_ol,2009,2010,true,evaluable_complete_history_window,,111,111,111,111,111,111,0,0,17,17,0,12,5,25,17,0,8,false,136,0,0,100,0.7352941176470589,3,66,28,6,12,5,0.29411764705882354,9,4
2013,154,Wake Forest,true,roster_present_with_identifiable_ol,2009,2010,true,evaluable_complete_history_window,,105,105,105,105,104,104,0,0,17,17,0,11,6,27,17,0,12,false,136,0,0,96,0.7058823529411765,4,55,28,10,11,6,0.35294117647058826,9,4
2013,158,Nebraska,true,roster_present_with_identifiable_ol,2009,2010,true,evaluable_complete_history_window,,137,137,137,137,136,136,0,0,25,25,0,18,7,47,25,0,1,false,300,0,0,299,0.9966666666666667,4,153,91,45,18,7,0.28,9,4
2013,164,Rutgers,true,roster_present_with_identifiable_ol,2009,2010,true,evaluable_complete_history_window,,131,131,131,131,131,131,0,0,27,27,0,9,18,17,27,0,0,false,351,0,0,49,0.1396011396011396,3,36,10,3,9,18,0.6666666666666666,9,4
2013,166,New Mexico State,true,roster_present_with_identifiable_ol,2009,2010,true,evaluable_complete_history_window,,99,99,99,99,99,97,0,0,14,14,0,9,5,16,14,0,4,false,91,0,0,51,0.5604395604395604,2,36,15,0,9,5,0.35714285714285715,9,4
2013,167,New Mexico,true,roster_present_with_identifiable_ol,2009,2010,true,evaluable_complete_history_window,,115,115,115,115,114,114,0,0,18,18,0,13,5,26,18,0,2,false,153,0,0,102,0.6666666666666666,4,78,15,6,13,5,0.2777777777777778,9,4
2013,183,Syracuse,true,roster_present_with_identifiable_ol,2009,2010,true,evaluable_complete_history_window,,110,110,110,110,109,109,0,0,17,17,0,11,6,20,17,0,8,false,136,0,0,77,0.5661764705882353,3,55,21,1,11,6,0.35294117647058826,9,4
2013,189,Bowling Green,true,roster_present_with_identifiable_ol,2009,2010,true,evaluable_complete_history_window,,110,110,110,110,107,107,0,0,15,15,0,11,4,20,15,0,3,false,105,0,0,73,0.6952380952380952,3,55,15,3,11,4,0.26666666666666666,9,4
2013,193,Miami (OH),true,roster_present_with_identifiable_ol,2009,2010,true,evaluable_complete_history_window,,101,101,101,101,101,101,0,0,17,17,0,11,6,20,17,0,0,false,136,0,0,71,0.5220588235294118,3,55,15,1,11,6,0.35294117647058826,9,4
2013,194,Ohio State,true,roster_present_with_identifiable_ol,2009,2010,true,evaluable_complete_history_window,,115,115,115,115,114,114,0,0,21,21,0,16,5,38,21,0,3,false,210,0,0,210,1.0,4,120,66,21,16,5,0.23809523809523808,9,4
2013,195,Ohio,true,roster_present_with_identifiable_ol,2009,2010,true,evaluable_complete_history_window,,117,117,117,117,116,116,0,0,19,19,0,14,5,29,19,0,1,false,171,0,0,152,0.8888888888888888,3,91,55,6,14,5,0.2631578947368421,9,4
2013,197,Oklahoma State,true,roster_present_with_identifiable_ol,2009,2010,true,evaluable_complete_history_window,,132,132,132,132,132,132,0,0,18,18,0,10,8,21,18,0,1,false,153,0,0,64,0.41830065359477125,4,45,15,3,10,8,0.4444444444444444,9,4
2013,201,Oklahoma,true,roster_present_with_identifiable_ol,2009,2010,true,evaluable_complete_history_window,,111,111,111,111,111,111,0,0,21,21,0,13,8,30,21,0,0,false,210,0,0,138,0.6571428571428571,3,78,45,15,13,8,0.38095238095238093,9,4
2013,202,Tulsa,true,roster_present_with_identifiable_ol,2009,2010,true,evaluable_complete_history_window,,110,110,110,110,109,109,0,0,18,18,0,13,5,24,18,0,4,false,153,0,0,102,0.6666666666666666,3,78,21,3,13,5,0.2777777777777778,9,4
2013,204,Oregon State,true,roster_present_with_identifiable_ol,2009,2010,true,evaluable_complete_history_window,,114,114,114,114,114,113,0,0,19,19,0,12,7,23,19,0,0,false,171,0,0,83,0.4853801169590643,4,66,10,6,12,7,0.3684210526315789,9,4
2013,213,Penn State,true,roster_present_with_identifiable_ol,2009,2010,true,evaluable_complete_history_window,,115,115,115,115,115,115,0,0,23,23,0,14,9,31,23,0,0,false,253,0,0,135,0.5335968379446641,4,91,28,10,14,9,0.391304347826087,9,4
2013,218,Temple,true,roster_present_with_identifiable_ol,2009,2010,true,evaluable_complete_history_window,,118,118,118,118,118,117,0,0,29,29,0,17,12,44,29,0,0,false,406,0,0,260,0.6403940886699507,4,136,78,36,17,12,0.41379310344827586,9,4
2013,221,Pittsburgh,true,roster_present_with_identifiable_ol,2009,2010,true,evaluable_complete_history_window,,98,98,98,98,98,98,0,0,15,15,0,10,5,26,15,0,0,false,105,0,0,84,0.8,4,45,21,15,10,5,0.3333333333333333,9,4
2013,228,Clemson,true,roster_present_with_identifiable_ol,2009,2010,true,evaluable_complete_history_window,,113,113,113,113,113,113,0,0,23,23,0,17,6,38,23,0,0,false,253,0,0,230,0.9090909090909091,4,136,78,15,17,6,0.2608695652173913,9,4
2013,235,Memphis,true,roster_present_with_identifiable_ol,2009,2010,true,evaluable_complete_history_window,,120,120,120,120,120,120,0,0,22,22,0,12,10,18,22,0,1,false,231,0,0,73,0.31601731601731603,3,66,6,1,12,10,0.45454545454545453,9,4
2013,238,Vanderbilt,true,roster_present_with_identifiable_ol,2009,2010,true,evaluable_complete_history_window,,106,106,106,106,106,106,0,0,14,14,0,11,3,20,14,0,0,false,91,0,0,68,0.7472527472527473,3,55,10,3,11,3,0.21428571428571427,9,4
2013,239,Baylor,true,roster_present_with_identifiable_ol,2009,2010,true,evaluable_complete_history_window,,111,111,111,111,111,111,0,0,16,16,0,10,6,25,16,0,2,false,120,0,0,82,0.6833333333333333,4,45,28,6,10,6,0.375,9,4
2013,242,Rice,true,roster_present_with_identifiable_ol,2009,2010,true,evaluable_complete_history_window,,107,107,107,107,107,107,0,0,16,16,0,13,3,27,16,0,1,false,120,0,0,116,0.9666666666666667,3,78,28,10,13,3,0.1875,9,4
2013,245,Texas A&M,true,roster_present_with_identifiable_ol,2009,2010,true,evaluable_complete_history_window,,118,118,118,118,118,118,0,0,16,16,0,11,5,23,16,0,2,false,120,0,0,86,0.7166666666666667,3,55,21,10,11,5,0.3125,9,4
2013,248,Houston,true,roster_present_with_identifiable_ol,2009,2010,true,evaluable_complete_history_window,,116,116,116,116,115,115,0,0,18,18,0,12,6,31,18,0,1,false,153,0,0,126,0.8235294117647058,4,66,36,21,12,6,0.3333333333333333,9,4
2013,249,North Texas,true,roster_present_with_identifiable_ol,2009,2010,true,evaluable_complete_history_window,,106,106,106,106,106,106,0,0,17,17,0,10,7,21,17,0,3,false,136,0,0,69,0.5073529411764706,3,45,21,3,10,7,0.4117647058823529,9,4
2013,251,Texas,true,roster_present_with_identifiable_ol,2009,2010,true,evaluable_complete_history_window,,120,120,120,120,120,120,0,0,21,21,0,14,7,30,21,0,5,false,210,0,0,143,0.680952380952381,4,91,45,6,14,7,0.3333333333333333,9,4
2013,252,BYU,true,roster_present_with_identifiable_ol,2009,2010,true,evaluable_complete_history_window,,149,149,149,149,149,149,0,0,25,25,0,14,11,33,25,0,2,false,300,0,0,158,0.5266666666666666,4,91,45,21,14,11,0.44,9,4
2013,254,Utah,true,roster_present_with_identifiable_ol,2009,2010,true,evaluable_complete_history_window,,123,123,123,123,122,115,0,0,19,19,0,14,5,31,19,0,1,false,171,0,0,132,0.7719298245614035,4,91,21,10,14,5,0.2631578947368421,9,4
2013,258,Virginia,true,roster_present_with_identifiable_ol,2009,2010,true,evaluable_complete_history_window,,112,112,112,112,111,111,0,0,21,21,0,14,7,33,21,0,17,false,210,0,0,158,0.7523809523809524,4,91,45,21,14,7,0.3333333333333333,9,4
2013,259,Virginia Tech,true,roster_present_with_identifiable_ol,2009,2010,true,evaluable_complete_history_window,,121,121,121,121,121,108,0,0,21,21,0,14,7,32,21,0,16,false,210,0,0,157,0.7476190476190476,4,91,55,10,14,7,0.3333333333333333,9,4
2013,264,Washington,true,roster_present_with_identifiable_ol,2009,2010,true,evaluable_complete_history_window,,104,104,104,104,103,101,0,0,18,18,0,14,4,29,18,0,8,false,153,0,0,142,0.9281045751633987,3,91,36,15,14,4,0.2222222222222222,9,4
2013,265,Washington State,true,roster_present_with_identifiable_ol,2009,2010,true,evaluable_complete_history_window,,113,113,113,113,113,113,0,0,21,21,0,12,9,24,21,0,0,false,210,0,0,93,0.44285714285714284,3,66,21,6,12,9,0.42857142857142855,9,4
2013,275,Wisconsin,true,roster_present_with_identifiable_ol,2009,2010,true,evaluable_complete_history_window,,123,123,123,123,123,123,0,0,19,19,0,12,7,28,19,0,3,false,171,0,0,110,0.6432748538011696,4,66,28,15,12,7,0.3684210526315789,9,4
2013,276,Marshall,true,roster_present_with_identifiable_ol,2009,2010,true,evaluable_complete_history_window,,104,104,104,104,103,103,0,0,21,21,0,14,7,30,21,0,1,false,210,0,0,135,0.6428571428571429,4,91,28,15,14,7,0.3333333333333333,9,4
2013,277,West Virginia,true,roster_present_with_identifiable_ol,2009,2010,true,evaluable_complete_history_window,,120,120,120,120,120,119,0,0,17,17,0,11,6,23,17,0,0,false,136,0,0,77,0.5661764705882353,4,55,15,6,11,6,0.35294117647058826,9,4
2013,278,Fresno State,true,roster_present_with_identifiable_ol,2009,2010,true,evaluable_complete_history_window,,102,102,102,102,102,102,0,0,18,18,0,10,8,23,18,0,5,false,153,0,0,73,0.477124183006536,4,45,21,6,10,8,0.4444444444444444,9,4
2013,309,Louisiana,true,roster_present_with_identifiable_ol,2009,2010,true,evaluable_complete_history_window,,115,115,115,115,115,103,0,0,17,17,0,11,6,23,17,0,3,false,136,0,0,82,0.6029411764705882,3,55,21,6,11,6,0.35294117647058826,9,4
2013,326,Texas State,true,roster_present_with_identifiable_ol,2009,2010,true,evaluable_complete_history_window,,111,111,111,111,110,110,0,0,20,20,0,14,6,14,20,0,3,false,190,0,0,91,0.4789473684210526,1,91,0,0,14,6,0.3,9,4
2013,328,Utah State,true,roster_present_with_identifiable_ol,2009,2010,true,evaluable_complete_history_window,,113,113,113,113,111,110,0,0,20,20,0,13,7,27,20,0,8,false,190,0,0,108,0.5684210526315789,4,78,21,6,13,7,0.35,9,4
2013,333,Alabama,true,roster_present_with_identifiable_ol,2009,2010,true,evaluable_complete_history_window,,115,115,115,115,115,115,0,0,18,18,0,11,7,19,18,0,2,false,153,0,0,68,0.4444444444444444,3,55,10,3,11,7,0.3888888888888889,9,4
2013,344,Mississippi State,true,roster_present_with_identifiable_ol,2009,2010,true,evaluable_complete_history_window,,110,110,110,110,109,109,0,0,20,20,0,16,4,37,20,0,4,false,190,0,0,204,1.0736842105263158,4,120,55,28,16,4,0.2,9,4
2013,349,Army,true,roster_present_with_identifiable_ol,2009,2010,true,evaluable_complete_history_window,,157,157,157,157,156,156,0,0,33,33,0,22,11,41,33,0,2,false,528,0,0,318,0.6022727272727273,3,231,66,21,22,11,0.3333333333333333,9,4
2013,356,Illinois,true,roster_present_with_identifiable_ol,2009,2010,true,evaluable_complete_history_window,,117,117,117,117,117,117,0,0,16,16,0,12,4,30,16,0,0,false,120,0,0,132,1.1,4,66,55,10,12,4,0.25,9,4
2013,2005,Air Force,true,roster_present_with_identifiable_ol,2009,2010,true,evaluable_complete_history_window,,97,97,97,97,97,96,0,0,16,16,0,8,8,13,16,0,17,false,120,0,0,38,0.31666666666666665,2,28,10,0,8,8,0.5,9,4
2013,2006,Akron,true,roster_present_with_identifiable_ol,2009,2010,true,evaluable_complete_history_window,,108,108,108,108,105,105,0,0,19,19,0,10,9,22,19,0,3,false,171,0,0,70,0.4093567251461988,4,45,21,3,10,9,0.47368421052631576,9,4
2013,2032,Arkansas State,true,roster_present_with_identifiable_ol,2009,2010,true,evaluable_complete_history_window,,115,115,115,115,115,112,0,0,17,17,0,13,4,26,17,0,4,false,136,0,0,106,0.7794117647058824,4,78,21,6,13,4,0.23529411764705882,9,4
2013,2050,Ball State,true,roster_present_with_identifiable_ol,2009,2010,true,evaluable_complete_history_window,,109,109,109,109,108,108,0,0,21,21,0,14,7,24,21,0,6,false,210,0,0,109,0.5190476190476191,3,91,15,3,14,7,0.3333333333333333,9,4
2013,2084,Buffalo,true,roster_present_with_identifiable_ol,2009,2010,true,evaluable_complete_history_window,,102,102,102,102,102,102,0,0,18,18,0,13,5,25,18,0,0,false,153,0,0,117,0.7647058823529411,3,78,36,3,13,5,0.2777777777777778,9,4
2013,2116,UCF,true,roster_present_with_identifiable_ol,2009,2010,true,evaluable_complete_history_window,,103,103,103,103,103,103,0,0,18,18,0,11,7,22,18,0,5,false,153,0,0,76,0.49673202614379086,3,55,15,6,11,7,0.3888888888888889,9,4
2013,2117,Central Michigan,true,roster_present_with_identifiable_ol,2009,2010,true,evaluable_complete_history_window,,106,106,106,106,106,106,0,0,20,20,0,12,8,27,20,0,0,false,190,0,0,105,0.5526315789473685,4,66,28,10,12,8,0.4,9,4
2013,2132,Cincinnati,true,roster_present_with_identifiable_ol,2009,2010,true,evaluable_complete_history_window,,112,112,112,112,112,112,0,0,20,20,0,13,7,33,20,0,0,false,190,0,0,151,0.7947368421052632,4,78,55,15,13,7,0.35,9,4
2013,2199,Eastern Michigan,true,roster_present_with_identifiable_ol,2009,2010,true,evaluable_complete_history_window,,101,101,101,101,101,101,0,0,16,16,0,10,6,22,16,0,0,false,120,0,0,67,0.5583333333333333,4,45,15,6,10,6,0.375,9,4
2013,2226,Florida Atlantic,true,roster_present_with_identifiable_ol,2009,2010,true,evaluable_complete_history_window,,120,120,120,120,118,117,0,0,22,22,0,12,10,25,22,0,3,false,231,0,0,90,0.38961038961038963,4,66,15,6,12,10,0.45454545454545453,9,4
2013,2229,Florida International,true,roster_present_with_identifiable_ol,2009,2010,true,evaluable_complete_history_window,,104,104,104,104,104,103,0,0,17,17,0,6,11,13,17,0,0,false,136,0,0,24,0.17647058823529413,3,15,6,3,6,11,0.6470588235294118,9,4
2013,2247,Georgia State,true,roster_present_with_identifiable_ol,2009,2010,true,evaluable_complete_history_window,,108,108,108,108,108,107,0,0,19,19,0,0,19,0,19,0,2,false,171,0,0,0,0.0,0,0,0,0,0,19,1.0,9,4
2013,2294,Iowa,true,roster_present_with_identifiable_ol,2009,2010,true,evaluable_complete_history_window,,127,127,127,127,126,125,0,0,20,20,0,13,7,29,20,0,2,false,190,0,0,119,0.6263157894736842,4,78,28,10,13,7,0.35,9,4
2013,2305,Kansas,true,roster_present_with_identifiable_ol,2009,2010,true,evaluable_complete_history_window,,105,105,105,105,105,105,0,0,16,16,0,10,6,22,16,0,6,false,120,0,0,70,0.5833333333333334,4,45,21,3,10,6,0.375,9,4
2013,2306,Kansas State,true,roster_present_with_identifiable_ol,2009,2010,true,evaluable_complete_history_window,,132,132,132,132,132,132,0,0,18,18,0,10,8,25,18,0,0,false,153,0,0,82,0.5359477124183006,4,45,28,6,10,8,0.4444444444444444,9,4
2013,2309,Kent State,true,roster_present_with_identifiable_ol,2009,2010,true,evaluable_complete_history_window,,101,101,101,101,101,101,0,0,14,14,0,11,3,20,14,0,0,false,91,0,0,68,0.7472527472527473,3,55,10,3,11,3,0.21428571428571427,9,4
2013,2348,Louisiana Tech,true,roster_present_with_identifiable_ol,2009,2010,true,evaluable_complete_history_window,,104,104,104,104,104,104,0,0,19,19,0,11,8,22,19,0,2,false,171,0,0,74,0.4327485380116959,4,55,15,3,11,8,0.42105263157894735,9,4
2013,2390,Miami,true,roster_present_with_identifiable_ol,2009,2010,true,evaluable_complete_history_window,,118,118,118,118,116,116,0,0,14,14,0,11,3,24,14,0,2,false,91,0,0,93,1.021978021978022,3,55,28,10,11,3,0.21428571428571427,9,4
2013,2393,Middle Tennessee,true,roster_present_with_identifiable_ol,2009,2010,true,evaluable_complete_history_window,,105,105,105,105,105,102,0,0,17,17,0,12,5,26,17,0,2,false,136,0,0,94,0.6911764705882353,4,66,15,10,12,5,0.29411764705882354,9,4
2013,2426,Navy,true,roster_present_with_identifiable_ol,2009,2010,true,evaluable_complete_history_window,,157,157,157,157,157,157,0,0,26,26,0,17,9,32,26,0,24,false,325,0,0,191,0.5876923076923077,3,136,45,10,17,9,0.34615384615384615,9,4
2013,2433,UL Monroe,true,roster_present_with_identifiable_ol,2009,2010,true,evaluable_complete_history_window,,88,88,88,88,88,86,0,0,15,15,0,10,5,21,15,0,1,false,105,0,0,72,0.6857142857142857,3,45,21,6,10,5,0.3333333333333333,9,4
2013,2439,UNLV,true,roster_present_with_identifiable_ol,2009,2010,true,evaluable_complete_history_window,,101,101,101,101,101,92,0,0,19,19,0,13,6,24,19,0,0,false,171,0,0,105,0.6140350877192983,3,78,21,6,13,6,0.3157894736842105,9,4
2013,2440,Nevada,true,roster_present_with_identifiable_ol,2009,2010,true,evaluable_complete_history_window,,109,109,109,109,108,108,0,0,17,17,0,9,8,17,17,0,1,false,136,0,0,45,0.33088235294117646,3,36,6,3,9,8,0.47058823529411764,9,4
2013,2459,Northern Illinois,true,roster_present_with_identifiable_ol,2009,2010,true,evaluable_complete_history_window,,107,107,107,107,107,107,0,0,20,20,0,16,4,36,20,0,7,false,190,0,0,194,1.0210526315789474,4,120,45,28,16,4,0.2,9,4
2013,2483,Oregon,true,roster_present_with_identifiable_ol,2009,2010,true,evaluable_complete_history_window,,116,116,116,116,116,116,0,0,20,20,0,13,7,34,20,0,0,false,190,0,0,160,0.8421052631578947,4,78,66,10,13,7,0.35,9,4
2013,2509,Purdue,true,roster_present_with_identifiable_ol,2009,2010,true,evaluable_complete_history_window,,115,115,115,115,115,115,0,0,18,18,0,14,4,33,18,0,0,false,153,0,0,146,0.954248366013072,4,91,28,21,14,4,0.2222222222222222,9,4
2013,2567,SMU,true,roster_present_with_identifiable_ol,2009,2010,true,evaluable_complete_history_window,,114,114,114,114,114,113,0,0,16,16,0,12,4,22,16,0,0,false,120,0,0,90,0.75,3,66,21,3,12,4,0.25,9,4
2013,2572,Southern Miss,true,roster_present_with_identifiable_ol,2009,2010,true,evaluable_complete_history_window,,113,113,113,113,112,112,0,0,19,19,0,13,6,23,19,0,2,false,171,0,0,100,0.5847953216374269,3,78,21,1,13,6,0.3157894736842105,9,4
2013,2579,South Carolina,true,roster_present_with_identifiable_ol,2009,2010,true,evaluable_complete_history_window,,110,110,110,110,110,110,0,0,15,15,0,10,5,19,15,0,10,false,105,0,0,63,0.6,3,45,15,3,10,5,0.3333333333333333,9,4
2013,2628,TCU,true,roster_present_with_identifiable_ol,2009,2010,true,evaluable_complete_history_window,,123,123,123,123,122,120,0,0,23,23,0,15,8,32,23,0,6,false,253,0,0,154,0.6086956521739131,4,105,36,10,15,8,0.34782608695652173,9,4
2013,2633,Tennessee,true,roster_present_with_identifiable_ol,2009,2010,true,evaluable_complete_history_window,,126,126,126,126,126,125,0,0,18,18,0,11,7,22,18,0,3,false,153,0,0,76,0.49673202614379086,3,55,15,6,11,7,0.3888888888888889,9,4
2013,2636,UTSA,true,roster_present_with_identifiable_ol,2009,2010,true,evaluable_complete_history_window,,115,115,115,115,114,114,0,0,18,18,0,12,6,12,18,0,4,false,153,0,0,66,0.43137254901960786,1,66,0,0,12,6,0.3333333333333333,9,4
2013,2638,UTEP,true,roster_present_with_identifiable_ol,2009,2010,true,evaluable_complete_history_window,,101,101,101,101,99,99,0,0,16,16,0,10,6,23,16,0,2,false,120,0,0,73,0.6083333333333333,4,45,21,6,10,6,0.375,9,4
2013,2641,Texas Tech,true,roster_present_with_identifiable_ol,2009,2010,true,evaluable_complete_history_window,,111,111,111,111,111,110,0,0,16,16,0,9,7,17,16,0,2,false,120,0,0,52,0.43333333333333335,3,36,15,1,9,7,0.4375,9,4
2013,2649,Toledo,true,roster_present_with_identifiable_ol,2009,2010,true,evaluable_complete_history_window,,115,115,115,115,114,113,0,0,20,20,0,13,7,28,20,0,1,false,190,0,0,121,0.6368421052631579,3,78,28,15,13,7,0.35,9,4
2013,2653,Troy,true,roster_present_with_identifiable_ol,2009,2010,true,evaluable_complete_history_window,,117,117,117,117,117,115,0,0,16,16,0,10,6,21,16,0,1,false,120,0,0,66,0.55,3,45,15,6,10,6,0.375,9,4
2013,2655,Tulane,true,roster_present_with_identifiable_ol,2009,2010,true,evaluable_complete_history_window,,101,101,101,101,100,100,0,0,18,18,0,13,5,28,18,0,2,false,153,0,0,112,0.7320261437908496,4,78,21,10,13,5,0.2777777777777778,9,4
2013,2711,Western Michigan,true,roster_present_with_identifiable_ol,2009,2010,true,evaluable_complete_history_window,,107,107,107,107,106,106,0,0,17,17,0,12,5,24,17,0,7,false,136,0,0,91,0.6691176470588235,4,66,21,3,12,5,0.29411764705882354,9,4
2013,2751,Wyoming,true,roster_present_with_identifiable_ol,2009,2010,true,evaluable_complete_history_window,,108,108,108,108,107,107,0,0,21,21,0,11,10,17,21,0,10,false,210,0,0,65,0.30952380952380953,2,55,10,0,11,10,0.47619047619047616,9,4
2014,2,Auburn,true,roster_present_with_identifiable_ol,2009,2010,true,evaluable_complete_history_window,,127,127,127,127,125,125,0,0,17,17,0,12,5,23,17,0,5,false,136,0,0,95,0.6985294117647058,3,66,28,1,12,5,0.29411764705882354,10,5
2014,5,UAB,true,roster_present_with_identifiable_ol,2009,2010,true,evaluable_complete_history_window,,108,108,108,108,108,108,0,0,15,15,0,10,5,21,15,0,2,false,105,0,0,69,0.6571428571428571,3,45,21,3,10,5,0.3333333333333333,10,5
2014,6,South Alabama,true,roster_present_with_identifiable_ol,2009,2010,true,evaluable_complete_history_window,,119,119,119,119,119,118,0,0,18,18,0,15,3,26,18,0,0,false,153,0,0,160,1.0457516339869282,2,105,55,0,15,3,0.16666666666666666,10,5
2014,8,Arkansas,true,roster_present_with_identifiable_ol,2009,2010,true,evaluable_complete_history_window,,118,118,118,118,117,117,0,0,22,22,0,13,9,28,22,0,1,false,231,0,0,127,0.5497835497835498,3,78,28,21,13,9,0.4090909090909091,10,5
2014,9,Arizona State,true,roster_present_with_identifiable_ol,2009,2010,true,evaluable_complete_history_window,,114,114,114,114,114,113,0,0,17,17,0,12,5,28,17,0,0,false,136,0,0,107,0.7867647058823529,4,66,28,10,12,5,0.29411764705882354,10,5
2014,12,Arizona,true,roster_present_with_identifiable_ol,2009,2010,true,evaluable_complete_history_window,,123,123,123,123,123,122,0,0,18,18,0,11,7,27,18,0,3,false,153,0,0,102,0.6666666666666666,4,55,36,10,11,7,0.3888888888888889,10,5
2014,21,San Diego State,true,roster_present_with_identifiable_ol,2009,2010,true,evaluable_complete_history_window,,118,118,118,118,116,116,0,0,19,19,0,15,4,30,19,0,2,false,171,0,0,151,0.8830409356725146,3,105,36,10,15,4,0.21052631578947367,10,5
2014,23,San José State,true,roster_present_with_identifiable_ol,2009,2010,true,evaluable_complete_history_window,,111,111,111,111,111,111,0,0,21,21,0,16,5,31,21,0,0,false,210,0,0,163,0.7761904761904762,4,120,36,6,16,5,0.23809523809523808,10,5
2014,24,Stanford,true,roster_present_with_identifiable_ol,2009,2010,true,evaluable_complete_history_window,,107,107,107,107,107,107,0,0,19,19,0,12,7,25,19,0,9,false,171,0,0,108,0.631578947368421,3,66,36,6,12,7,0.3684210526315789,10,5
2014,25,California,true,roster_present_with_identifiable_ol,2009,2010,true,evaluable_complete_history_window,,124,124,124,124,123,123,0,0,19,19,0,11,8,24,19,0,2,false,171,0,0,83,0.4853801169590643,4,55,21,6,11,8,0.42105263157894735,10,5
2014,26,UCLA,true,roster_present_with_identifiable_ol,2009,2010,true,evaluable_complete_history_window,,126,126,126,126,124,124,0,0,17,17,0,11,6,19,17,0,2,false,136,0,0,68,0.5,3,55,10,3,11,6,0.35294117647058826,10,5
2014,30,USC,true,roster_present_with_identifiable_ol,2009,2010,true,evaluable_complete_history_window,,123,123,123,123,122,122,0,0,18,18,0,10,8,19,18,0,6,false,153,0,0,67,0.43790849673202614,3,45,21,1,10,8,0.4444444444444444,10,5
2014,36,Colorado State,true,roster_present_with_identifiable_ol,2009,2010,true,evaluable_complete_history_window,,115,115,115,115,115,114,0,0,19,19,0,13,6,25,19,0,0,false,171,0,0,103,0.6023391812865497,4,78,21,3,13,6,0.3157894736842105,10,5
2014,38,Colorado,true,roster_present_with_identifiable_ol,2009,2010,true,evaluable_complete_history_window,,112,112,112,112,112,111,0,0,21,21,0,15,6,27,21,0,7,false,210,0,0,132,0.6285714285714286,3,105,21,6,15,6,0.2857142857142857,10,5
2014,41,UConn,true,roster_present_with_identifiable_ol,2009,2010,true,evaluable_complete_history_window,,96,96,96,96,96,96,0,0,19,19,0,14,5,30,19,0,0,false,171,0,0,143,0.8362573099415205,4,91,45,6,14,5,0.2631578947368421,10,5
2014,52,Florida State,true,roster_present_with_identifiable_ol,2009,2010,true,evaluable_complete_history_window,,126,126,126,126,125,124,0,0,22,22,0,12,10,25,22,0,1,false,231,0,0,97,0.4199134199134199,3,66,21,10,12,10,0.45454545454545453,10,5
2014,57,Florida,true,roster_present_with_identifiable_ol,2009,2010,true,evaluable_complete_history_window,,120,120,120,120,119,118,0,0,19,19,0,11,8,18,19,0,1,false,171,0,0,62,0.36257309941520466,3,55,6,1,11,8,0.42105263157894735,10,5
2014,58,South Florida,true,roster_present_with_identifiable_ol,2009,2010,true,evaluable_complete_history_window,,116,116,116,116,115,115,0,0,19,19,0,11,8,29,19,0,1,false,171,0,0,107,0.6257309941520468,4,55,28,21,11,8,0.42105263157894735,10,5
2014,59,Georgia Tech,true,roster_present_with_identifiable_ol,2009,2010,true,evaluable_complete_history_window,,117,117,117,117,115,115,0,0,23,23,0,15,8,29,23,0,11,false,253,0,0,151,0.5968379446640316,3,105,36,10,15,8,0.34782608695652173,10,5
2014,61,Georgia,true,roster_present_with_identifiable_ol,2009,2010,true,evaluable_complete_history_window,,129,129,129,129,128,128,0,0,22,22,0,17,5,33,22,0,31,false,231,0,0,191,0.8268398268398268,3,136,45,10,17,5,0.22727272727272727,10,5
2014,62,Hawai'i,true,roster_present_with_identifiable_ol,2009,2010,true,evaluable_complete_history_window,,106,106,106,106,106,105,0,0,15,15,0,12,3,26,15,0,0,false,105,0,0,100,0.9523809523809523,4,66,28,3,12,3,0.2,10,5
2014,66,Iowa State,true,roster_present_with_identifiable_ol,2009,2010,true,evaluable_complete_history_window,,131,131,131,131,129,128,0,0,23,23,0,18,5,36,23,0,5,false,253,0,0,207,0.8181818181818182,4,153,36,15,18,5,0.21739130434782608,10,5
2014,68,Boise State,true,roster_present_with_identifiable_ol,2009,2010,true,evaluable_complete_history_window,,109,109,109,109,109,108,0,0,18,18,0,11,7,19,18,0,7,false,153,0,0,71,0.46405228758169936,3,55,15,1,11,7,0.3888888888888889,10,5
2014,70,Idaho,true,roster_present_no_identifiable_ol,2009,2010,true,evaluable_complete_history_window,,29,29,29,29,24,7,0,0,0,0,0,0,0,0,0,0,6,false,0,0,0,0,,,0,0,0,0,0,,10,5
2014,77,Northwestern,true,roster_present_with_identifiable_ol,2009,2010,true,evaluable_complete_history_window,,114,114,114,114,113,113,0,0,19,19,0,18,1,40,19,0,11,false,171,0,0,243,1.4210526315789473,4,153,66,21,18,1,0.05263157894736842,10,5
2014,84,Indiana,true,roster_present_with_identifiable_ol,2009,2010,true,evaluable_complete_history_window,,137,137,137,137,135,135,0,0,20,20,0,14,6,33,20,0,2,false,190,0,0,172,0.9052631578947369,3,91,66,15,14,6,0.3,10,5
2014,87,Notre Dame,true,roster_present_with_identifiable_ol,2009,2010,true,evaluable_complete_history_window,,111,111,111,111,110,110,0,0,15,15,0,10,5,21,15,0,3,false,105,0,0,66,0.6285714285714286,3,45,15,6,10,5,0.3333333333333333,10,5
2014,96,Kentucky,true,roster_present_with_identifiable_ol,2009,2010,true,evaluable_complete_history_window,,123,123,123,123,123,122,0,0,19,19,0,12,7,24,19,0,1,false,171,0,0,97,0.5672514619883041,3,66,28,3,12,7,0.3684210526315789,10,5
2014,97,Louisville,true,roster_present_with_identifiable_ol,2009,2010,true,evaluable_complete_history_window,,111,111,111,111,109,108,0,0,17,17,0,13,4,33,17,0,2,false,136,0,0,155,1.1397058823529411,4,78,55,21,13,4,0.23529411764705882,10,5
2014,98,Western Kentucky,true,roster_present_with_identifiable_ol,2009,2010,true,evaluable_complete_history_window,,111,111,111,111,111,111,0,0,17,17,0,12,5,18,17,0,0,false,136,0,0,72,0.5294117647058824,2,66,6,0,12,5,0.29411764705882354,10,5
2014,99,LSU,true,roster_present_with_identifiable_ol,2009,2010,true,evaluable_complete_history_window,,124,124,124,124,124,124,0,0,17,17,0,12,5,24,17,0,0,false,136,0,0,93,0.6838235294117647,3,66,21,6,12,5,0.29411764705882354,10,5
2014,103,Boston College,true,roster_present_with_identifiable_ol,2009,2010,true,evaluable_complete_history_window,,99,99,99,99,98,98,0,0,15,15,0,10,5,31,15,0,1,false,105,0,0,112,1.0666666666666667,4,45,36,21,10,5,0.3333333333333333,10,5
2014,113,Massachusetts,true,roster_present_with_identifiable_ol,2009,2010,true,evaluable_complete_history_window,,106,106,106,106,106,106,0,0,18,18,0,9,9,11,18,0,1,false,153,0,0,37,0.24183006535947713,2,36,1,0,9,9,0.5,10,5
2014,120,Maryland,true,roster_present_with_identifiable_ol,2009,2010,true,evaluable_complete_history_window,,105,105,105,105,105,105,0,0,17,17,0,12,5,28,17,0,1,false,136,0,0,110,0.8088235294117647,4,66,28,15,12,5,0.29411764705882354,10,5
2014,127,Michigan State,true,roster_present_with_identifiable_ol,2009,2010,true,evaluable_complete_history_window,,117,117,117,117,116,115,0,0,19,19,0,12,7,29,19,0,1,false,171,0,0,122,0.7134502923976608,4,66,45,10,12,7,0.3684210526315789,10,5
2014,130,Michigan,true,roster_present_with_identifiable_ol,2009,2010,true,evaluable_complete_history_window,,120,120,120,120,120,120,0,0,17,17,0,14,3,25,17,0,1,false,136,0,0,122,0.8970588235294118,3,91,28,3,14,3,0.17647058823529413,10,5
2014,135,Minnesota,true,roster_present_with_identifiable_ol,2009,2010,true,evaluable_complete_history_window,,127,127,127,127,126,125,0,0,22,22,0,17,5,42,22,0,2,false,231,0,0,260,1.1255411255411256,4,136,78,45,17,5,0.22727272727272727,10,5
2014,142,Missouri,true,roster_present_with_identifiable_ol,2009,2010,true,evaluable_complete_history_window,,121,121,121,121,121,121,0,0,25,25,0,21,4,44,25,0,8,false,300,0,0,312,1.04,4,210,78,21,21,4,0.16,10,5
2014,145,Ole Miss,true,roster_present_with_identifiable_ol,2009,2010,true,evaluable_complete_history_window,,132,132,132,132,131,131,0,0,19,19,0,10,9,19,19,0,1,false,171,0,0,58,0.3391812865497076,3,45,10,3,10,9,0.47368421052631576,10,5
2014,150,Duke,true,roster_present_with_identifiable_ol,2009,2010,true,evaluable_complete_history_window,,114,114,114,114,114,114,0,0,21,21,0,15,6,35,21,0,0,false,210,0,0,179,0.8523809523809524,4,105,45,28,15,6,0.2857142857142857,10,5
2014,151,East Carolina,true,roster_present_with_identifiable_ol,2009,2010,true,evaluable_complete_history_window,,124,124,124,124,124,120,0,0,18,18,0,10,8,21,18,0,2,false,153,0,0,66,0.43137254901960786,3,45,15,6,10,8,0.4444444444444444,10,5
2014,152,NC State,true,roster_present_with_identifiable_ol,2009,2010,true,evaluable_complete_history_window,,115,115,115,115,115,115,0,0,20,20,0,11,9,21,20,0,1,false,190,0,0,69,0.3631578947368421,4,55,10,3,11,9,0.45,10,5
2014,153,North Carolina,true,roster_present_with_identifiable_ol,2009,2010,true,evaluable_complete_history_window,,124,124,124,124,124,124,0,0,18,18,0,12,6,22,18,0,9,false,153,0,0,90,0.5882352941176471,3,66,21,3,12,6,0.3333333333333333,10,5
2014,154,Wake Forest,true,roster_present_with_identifiable_ol,2009,2010,true,evaluable_complete_history_window,,109,109,109,109,108,108,0,0,18,18,0,13,5,25,18,0,3,false,153,0,0,105,0.6862745098039216,3,78,21,6,13,5,0.2777777777777778,10,5
2014,158,Nebraska,true,roster_present_with_identifiable_ol,2009,2010,true,evaluable_complete_history_window,,141,141,141,141,140,140,0,0,23,23,0,16,7,35,23,0,1,false,253,0,0,183,0.7233201581027668,4,120,45,15,16,7,0.30434782608695654,10,5
2014,164,Rutgers,true,roster_present_with_identifiable_ol,2009,2010,true,evaluable_complete_history_window,,108,108,108,108,108,108,0,0,16,16,0,9,7,26,16,0,0,false,120,0,0,85,0.7083333333333334,4,36,36,10,9,7,0.4375,10,5
2014,166,New Mexico State,true,roster_present_with_identifiable_ol,2009,2010,true,evaluable_complete_history_window,,111,111,111,111,109,107,0,0,16,16,0,11,5,22,16,0,2,false,120,0,0,82,0.6833333333333333,3,55,21,6,11,5,0.3125,10,5
2014,167,New Mexico,true,roster_present_with_identifiable_ol,2009,2010,true,evaluable_complete_history_window,,117,117,117,117,116,116,0,0,15,15,0,13,2,26,15,0,2,false,105,0,0,117,1.1142857142857143,3,78,36,3,13,2,0.13333333333333333,10,5
2014,183,Syracuse,true,roster_present_with_identifiable_ol,2009,2010,true,evaluable_complete_history_window,,115,115,115,115,113,113,0,0,20,20,0,14,6,28,20,0,9,false,190,0,0,129,0.6789473684210526,3,91,28,10,14,6,0.3,10,5
2014,189,Bowling Green,true,roster_present_with_identifiable_ol,2009,2010,true,evaluable_complete_history_window,,103,103,103,103,101,101,0,0,18,18,0,12,6,25,18,0,3,false,153,0,0,100,0.6535947712418301,3,66,28,6,12,6,0.3333333333333333,10,5
2014,193,Miami (OH),true,roster_present_with_identifiable_ol,2009,2010,true,evaluable_complete_history_window,,116,116,116,116,114,112,0,0,17,17,0,12,5,27,17,0,2,false,136,0,0,112,0.8235294117647058,3,66,36,10,12,5,0.29411764705882354,10,5
2014,194,Ohio State,true,roster_present_with_identifiable_ol,2009,2010,true,evaluable_complete_history_window,,120,120,120,120,120,120,0,0,21,21,0,12,9,25,21,0,2,false,210,0,0,100,0.47619047619047616,3,66,28,6,12,9,0.42857142857142855,10,5
2014,195,Ohio,true,roster_present_with_identifiable_ol,2009,2010,true,evaluable_complete_history_window,,122,122,122,122,122,122,0,0,22,22,0,11,11,22,22,0,0,false,231,0,0,82,0.354978354978355,3,55,21,6,11,11,0.5,10,5
2014,197,Oklahoma State,true,roster_present_with_identifiable_ol,2009,2010,true,evaluable_complete_history_window,,120,120,120,120,120,120,0,0,17,17,0,12,5,21,17,0,1,false,136,0,0,82,0.6029411764705882,3,66,15,1,12,5,0.29411764705882354,10,5
2014,201,Oklahoma,true,roster_present_with_identifiable_ol,2009,2010,true,evaluable_complete_history_window,,120,120,120,120,120,120,0,0,21,21,0,15,6,33,21,0,0,false,210,0,0,151,0.719047619047619,4,105,28,15,15,6,0.2857142857142857,10,5
2014,202,Tulsa,true,roster_present_with_identifiable_ol,2009,2010,true,evaluable_complete_history_window,,117,117,117,117,117,117,0,0,20,20,0,12,8,23,20,0,5,false,190,0,0,97,0.5105263157894737,3,66,28,3,12,8,0.4,10,5
2014,204,Oregon State,true,roster_present_with_identifiable_ol,2009,2010,true,evaluable_complete_history_window,,118,118,118,118,118,116,0,0,24,24,0,14,10,24,24,0,0,false,276,0,0,119,0.4311594202898551,2,91,28,0,14,10,0.4166666666666667,10,5
2014,213,Penn State,true,roster_present_with_identifiable_ol,2009,2010,true,evaluable_complete_history_window,,131,131,131,131,131,131,0,0,20,20,0,13,7,22,20,0,0,false,190,0,0,94,0.49473684210526314,3,78,15,1,13,7,0.35,10,5
2014,218,Temple,true,roster_present_with_identifiable_ol,2009,2010,true,evaluable_complete_history_window,,137,137,137,137,135,134,0,0,21,21,0,14,7,21,21,0,2,false,210,0,0,102,0.4857142857142857,3,91,10,1,14,7,0.3333333333333333,10,5
2014,221,Pittsburgh,true,roster_present_with_identifiable_ol,2009,2010,true,evaluable_complete_history_window,,106,106,106,106,105,105,0,0,18,18,0,11,7,22,18,0,1,false,153,0,0,74,0.48366013071895425,4,55,15,3,11,7,0.3888888888888889,10,5
2014,228,Clemson,true,roster_present_with_identifiable_ol,2009,2010,true,evaluable_complete_history_window,,121,121,121,121,121,121,0,0,22,22,0,14,8,36,22,0,0,false,231,0,0,177,0.7662337662337663,4,91,55,28,14,8,0.36363636363636365,10,5
2014,235,Memphis,true,roster_present_with_identifiable_ol,2009,2010,true,evaluable_complete_history_window,,105,105,105,105,104,104,0,0,20,20,0,13,7,22,20,0,2,false,190,0,0,94,0.49473684210526314,3,78,15,1,13,7,0.35,10,5
2014,238,Vanderbilt,true,roster_present_with_identifiable_ol,2009,2010,true,evaluable_complete_history_window,,108,108,108,108,108,108,0,0,17,17,0,11,6,24,17,0,0,false,136,0,0,94,0.6911764705882353,3,55,36,3,11,6,0.35294117647058826,10,5
2014,239,Baylor,true,roster_present_with_identifiable_ol,2009,2010,true,evaluable_complete_history_window,,112,112,112,112,112,112,0,0,20,20,0,11,9,24,20,0,2,false,190,0,0,86,0.45263157894736844,3,55,21,10,11,9,0.45,10,5
2014,242,Rice,true,roster_present_with_identifiable_ol,2009,2010,true,evaluable_complete_history_window,,109,109,109,109,108,108,0,0,16,16,0,12,4,29,16,0,3,false,120,0,0,115,0.9583333333333334,4,66,36,10,12,4,0.25,10,5
2014,245,Texas A&M,true,roster_present_with_identifiable_ol,2009,2010,true,evaluable_complete_history_window,,118,118,118,118,118,118,0,0,19,19,0,11,8,27,19,0,4,false,171,0,0,96,0.5614035087719298,4,55,28,10,11,8,0.42105263157894735,10,5
2014,248,Houston,true,roster_present_with_identifiable_ol,2009,2010,true,evaluable_complete_history_window,,117,117,117,117,117,117,0,0,21,21,0,11,10,24,21,0,0,false,210,0,0,83,0.3952380952380952,4,55,21,6,11,10,0.47619047619047616,10,5
2014,249,North Texas,true,roster_present_with_identifiable_ol,2009,2010,true,evaluable_complete_history_window,,109,109,109,109,109,109,0,0,21,21,0,13,8,28,21,0,3,false,210,0,0,117,0.5571428571428572,4,78,28,10,13,8,0.38095238095238093,10,5
2014,251,Texas,true,roster_present_with_identifiable_ol,2009,2010,true,evaluable_complete_history_window,,127,127,127,127,127,127,0,0,20,20,0,13,7,25,20,0,3,false,190,0,0,105,0.5526315789473685,3,78,21,6,13,7,0.35,10,5
2014,252,BYU,true,roster_present_with_identifiable_ol,2009,2010,true,evaluable_complete_history_window,,147,147,147,147,147,147,0,0,25,25,0,19,6,42,25,0,2,false,300,0,0,253,0.8433333333333334,4,171,55,21,19,6,0.24,10,5
2014,254,Utah,true,roster_present_with_identifiable_ol,2009,2010,true,evaluable_complete_history_window,,133,133,133,133,133,123,0,0,20,20,0,14,6,28,20,0,0,false,190,0,0,130,0.6842105263157895,3,91,36,3,14,6,0.3,10,5
2014,258,Virginia,true,roster_present_with_identifiable_ol,2009,2010,true,evaluable_complete_history_window,,115,115,115,115,112,112,0,0,18,18,0,15,3,31,18,0,17,false,153,0,0,152,0.9934640522875817,4,105,36,10,15,3,0.16666666666666666,10,5
2014,259,Virginia Tech,true,roster_present_with_identifiable_ol,2009,2010,true,evaluable_complete_history_window,,132,132,132,132,131,116,0,0,22,22,0,15,7,31,22,0,13,false,231,0,0,144,0.6233766233766234,4,105,28,10,15,7,0.3181818181818182,10,5
2014,264,Washington,true,roster_present_with_identifiable_ol,2009,2010,true,evaluable_complete_history_window,,105,105,105,105,105,105,0,0,21,21,0,16,5,41,21,0,7,false,210,0,0,224,1.0666666666666667,4,120,66,28,16,5,0.23809523809523808,10,5
2014,265,Washington State,true,roster_present_with_identifiable_ol,2009,2010,true,evaluable_complete_history_window,,111,111,111,111,111,111,0,0,16,16,0,11,5,18,16,0,0,false,120,0,0,66,0.55,3,55,10,1,11,5,0.3125,10,5
2014,275,Wisconsin,true,roster_present_with_identifiable_ol,2009,2010,true,evaluable_complete_history_window,,113,113,113,113,113,113,0,0,19,19,0,13,6,30,19,0,1,false,171,0,0,127,0.7426900584795322,4,78,36,10,13,6,0.3157894736842105,10,5
2014,276,Marshall,true,roster_present_with_identifiable_ol,2009,2010,true,evaluable_complete_history_window,,110,110,110,110,110,110,0,0,21,21,0,12,9,26,21,0,0,false,210,0,0,101,0.48095238095238096,4,66,28,6,12,9,0.42857142857142855,10,5
2014,277,West Virginia,true,roster_present_with_identifiable_ol,2009,2010,true,evaluable_complete_history_window,,132,132,132,132,132,131,0,0,21,21,0,13,8,25,21,0,0,false,210,0,0,109,0.5190476190476191,3,78,28,3,13,8,0.38095238095238093,10,5
2014,278,Fresno State,true,roster_present_with_identifiable_ol,2009,2010,true,evaluable_complete_history_window,,107,107,107,107,107,107,0,0,18,18,0,9,9,19,18,0,4,false,153,0,0,52,0.33986928104575165,3,36,10,6,9,9,0.5,10,5
2014,290,Georgia Southern,true,roster_present_with_identifiable_ol,2009,2010,true,evaluable_complete_history_window,,122,122,122,122,121,112,0,0,19,19,0,1,18,1,19,0,2,false,171,0,0,0,0.0,0,0,0,0,1,18,0.9473684210526315,10,5
2014,295,Old Dominion,true,roster_present_with_identifiable_ol,2009,2010,true,evaluable_complete_history_window,,105,105,105,105,105,105,0,0,18,18,0,1,17,1,18,0,0,false,153,0,0,0,0.0,0,0,0,0,1,17,0.9444444444444444,10,5
2014,309,Louisiana,true,roster_present_with_identifiable_ol,2009,2010,true,evaluable_complete_history_window,,118,118,118,118,118,117,0,0,20,20,0,11,9,24,20,0,2,false,190,0,0,83,0.4368421052631579,4,55,21,6,11,9,0.45,10,5
2014,326,Texas State,true,roster_present_with_identifiable_ol,2009,2010,true,evaluable_complete_history_window,,109,109,109,109,108,107,0,0,20,20,0,12,8,20,20,0,1,false,190,0,0,94,0.49473684210526314,2,66,28,0,12,8,0.4,10,5
2014,328,Utah State,true,roster_present_with_identifiable_ol,2009,2010,true,evaluable_complete_history_window,,117,117,117,117,116,116,0,0,19,19,0,11,8,21,19,0,8,false,171,0,0,73,0.4269005847953216,3,55,15,3,11,8,0.42105263157894735,10,5
2014,333,Alabama,true,roster_present_with_identifiable_ol,2009,2010,true,evaluable_complete_history_window,,125,125,125,125,125,124,0,0,19,19,0,12,7,22,19,0,0,false,171,0,0,88,0.5146198830409356,3,66,21,1,12,7,0.3684210526315789,10,5
2014,344,Mississippi State,true,roster_present_with_identifiable_ol,2009,2010,true,evaluable_complete_history_window,,108,108,108,108,108,108,0,0,17,17,0,13,4,35,17,0,10,false,136,0,0,154,1.1323529411764706,4,78,45,21,13,4,0.23529411764705882,10,5
2014,349,Army,true,roster_present_with_identifiable_ol,2009,2010,true,evaluable_complete_history_window,,159,159,159,159,158,158,0,0,26,26,0,14,12,25,26,0,2,false,325,0,0,128,0.39384615384615385,3,91,36,1,14,12,0.46153846153846156,10,5
2014,356,Illinois,true,roster_present_with_identifiable_ol,2009,2010,true,evaluable_complete_history_window,,117,117,117,117,117,117,0,0,18,18,0,14,4,36,18,0,0,false,153,0,0,175,1.1437908496732025,4,91,45,36,14,4,0.2222222222222222,10,5
2014,2005,Air Force,true,roster_present_with_identifiable_ol,2009,2010,true,evaluable_complete_history_window,,98,98,98,98,98,96,0,0,14,14,0,8,6,11,14,0,16,false,91,0,0,29,0.31868131868131866,2,28,1,0,8,6,0.42857142857142855,10,5
2014,2006,Akron,true,roster_present_with_identifiable_ol,2009,2010,true,evaluable_complete_history_window,,116,116,116,116,115,115,0,0,17,17,0,13,4,24,17,0,1,false,136,0,0,105,0.7720588235294118,3,78,21,6,13,4,0.23529411764705882,10,5
2014,2026,App State,true,roster_present_with_identifiable_ol,2009,2010,true,evaluable_complete_history_window,,110,110,110,110,109,109,0,0,16,16,0,0,16,0,16,0,2,false,120,0,0,0,0.0,0,0,0,0,0,16,1.0,10,5
2014,2032,Arkansas State,true,roster_present_with_identifiable_ol,2009,2010,true,evaluable_complete_history_window,,115,115,115,115,115,115,0,0,18,18,0,12,6,25,18,0,3,false,153,0,0,98,0.6405228758169934,4,66,28,3,12,6,0.3333333333333333,10,5
2014,2050,Ball State,true,roster_present_with_identifiable_ol,2009,2010,true,evaluable_complete_history_window,,115,115,115,115,114,114,0,0,21,21,0,16,5,31,21,0,2,false,210,0,0,171,0.8142857142857143,3,120,45,6,16,5,0.23809523809523808,10,5
2014,2084,Buffalo,true,roster_present_with_identifiable_ol,2009,2010,true,evaluable_complete_history_window,,108,108,108,108,108,108,0,0,22,22,0,14,8,33,22,0,0,false,231,0,0,158,0.683982683982684,4,91,45,21,14,8,0.36363636363636365,10,5
2014,2116,UCF,true,roster_present_with_identifiable_ol,2009,2010,true,evaluable_complete_history_window,,110,110,110,110,110,110,0,0,16,16,0,12,4,22,16,0,7,false,120,0,0,84,0.7,3,66,15,3,12,4,0.25,10,5
2014,2117,Central Michigan,true,roster_present_with_identifiable_ol,2009,2010,true,evaluable_complete_history_window,,107,107,107,107,107,107,0,0,20,20,0,17,3,33,20,0,0,false,190,0,0,183,0.9631578947368421,4,136,36,10,17,3,0.15,10,5
2014,2132,Cincinnati,true,roster_present_with_identifiable_ol,2009,2010,true,evaluable_complete_history_window,,108,108,108,108,107,107,0,0,21,21,0,15,6,34,21,0,1,false,210,0,0,165,0.7857142857142857,4,105,36,21,15,6,0.2857142857142857,10,5
2014,2199,Eastern Michigan,true,roster_present_with_identifiable_ol,2009,2010,true,evaluable_complete_history_window,,102,102,102,102,102,102,0,0,19,19,0,12,7,23,19,0,0,false,171,0,0,90,0.5263157894736842,3,66,21,3,12,7,0.3684210526315789,10,5
2014,2226,Florida Atlantic,true,roster_present_with_identifiable_ol,2009,2010,true,evaluable_complete_history_window,,120,120,120,120,118,115,0,0,21,21,0,14,7,27,21,0,2,false,210,0,0,116,0.5523809523809524,4,91,21,3,14,7,0.3333333333333333,10,5
2014,2229,Florida International,true,roster_present_with_identifiable_ol,2009,2010,true,evaluable_complete_history_window,,101,101,101,101,101,101,0,0,20,20,0,15,5,28,20,0,0,false,190,0,0,129,0.6789473684210526,4,105,15,6,15,5,0.25,10,5
2014,2247,Georgia State,true,roster_present_with_identifiable_ol,2009,2010,true,evaluable_complete_history_window,,112,112,112,112,112,111,0,0,18,18,0,10,8,10,18,0,2,false,153,0,0,45,0.29411764705882354,1,45,0,0,10,8,0.4444444444444444,10,5
2014,2294,Iowa,true,roster_present_with_identifiable_ol,2009,2010,true,evaluable_complete_history_window,,122,122,122,122,122,121,0,0,20,20,0,15,5,32,20,0,1,false,190,0,0,161,0.8473684210526315,4,105,45,10,15,5,0.25,10,5
2014,2305,Kansas,true,roster_present_with_identifiable_ol,2009,2010,true,evaluable_complete_history_window,,102,102,102,102,101,100,0,0,13,13,0,8,5,16,13,0,2,false,78,0,0,37,0.47435897435897434,3,28,6,3,8,5,0.38461538461538464,10,5
2014,2306,Kansas State,true,roster_present_with_identifiable_ol,2009,2010,true,evaluable_complete_history_window,,125,125,125,125,125,125,0,0,20,20,0,11,9,23,20,0,0,false,190,0,0,80,0.42105263157894735,3,55,15,10,11,9,0.45,10,5
2014,2309,Kent State,true,roster_present_with_identifiable_ol,2009,2010,true,evaluable_complete_history_window,,99,99,99,99,99,99,0,0,14,14,0,9,5,20,14,0,0,false,91,0,0,60,0.6593406593406593,3,36,21,3,9,5,0.35714285714285715,10,5
2014,2348,Louisiana Tech,true,roster_present_with_identifiable_ol,2009,2010,true,evaluable_complete_history_window,,107,107,107,107,107,106,0,0,19,19,0,11,8,16,19,0,2,false,171,0,0,61,0.3567251461988304,2,55,6,0,11,8,0.42105263157894735,10,5
2014,2390,Miami,true,roster_present_with_identifiable_ol,2009,2010,true,evaluable_complete_history_window,,122,122,122,122,119,119,0,0,20,20,0,10,10,22,20,0,3,false,190,0,0,72,0.37894736842105264,3,45,21,6,10,10,0.5,10,5
2014,2393,Middle Tennessee,true,roster_present_with_identifiable_ol,2009,2010,true,evaluable_complete_history_window,,114,114,114,114,113,107,0,0,17,17,0,11,6,21,17,0,5,false,136,0,0,77,0.5661764705882353,3,55,21,1,11,6,0.35294117647058826,10,5
2014,2426,Navy,true,roster_present_with_identifiable_ol,2009,2010,true,evaluable_complete_history_window,,163,163,163,163,163,163,0,0,31,31,0,20,11,37,31,0,23,false,465,0,0,266,0.5720430107526882,3,190,66,10,20,11,0.3548387096774194,10,5
2014,2433,UL Monroe,true,roster_present_with_identifiable_ol,2009,2010,true,evaluable_complete_history_window,,93,93,93,93,93,91,0,0,15,15,0,12,3,26,15,0,0,false,105,0,0,98,0.9333333333333333,4,66,21,10,12,3,0.2,10,5
2014,2439,UNLV,true,roster_present_with_identifiable_ol,2009,2010,true,evaluable_complete_history_window,,105,105,105,105,105,98,0,0,17,17,0,15,2,30,17,0,0,false,136,0,0,148,1.088235294117647,4,105,36,6,15,2,0.11764705882352941,10,5
2014,2440,Nevada,true,roster_present_with_identifiable_ol,2009,2010,true,evaluable_complete_history_window,,114,114,114,114,113,113,0,0,23,23,0,13,10,25,23,0,1,false,253,0,0,103,0.40711462450592883,4,78,21,3,13,10,0.43478260869565216,10,5
2014,2459,Northern Illinois,true,roster_present_with_identifiable_ol,2009,2010,true,evaluable_complete_history_window,,117,117,117,117,117,117,0,0,19,19,0,14,5,38,19,0,7,false,171,0,0,188,1.0994152046783625,4,91,66,21,14,5,0.2631578947368421,10,5
2014,2483,Oregon,true,roster_present_with_identifiable_ol,2009,2010,true,evaluable_complete_history_window,,120,120,120,120,120,120,0,0,20,20,0,13,7,29,20,0,0,false,190,0,0,127,0.6684210526315789,3,78,28,21,13,7,0.35,10,5
2014,2509,Purdue,true,roster_present_with_identifiable_ol,2009,2010,true,evaluable_complete_history_window,,114,114,114,114,113,113,0,0,20,20,0,10,10,20,20,0,1,false,190,0,0,67,0.3526315789473684,3,45,21,1,10,10,0.5,10,5
2014,2567,SMU,true,roster_present_with_identifiable_ol,2009,2010,true,evaluable_complete_history_window,,109,109,109,109,109,108,0,0,17,17,0,9,8,20,17,0,0,false,136,0,0,63,0.4632352941176471,3,36,21,6,9,8,0.47058823529411764,10,5
2014,2572,Southern Miss,true,roster_present_with_identifiable_ol,2009,2010,true,evaluable_complete_history_window,,115,115,115,115,115,115,0,0,16,16,0,11,5,21,16,0,2,false,120,0,0,84,0.7,3,55,28,1,11,5,0.3125,10,5
2014,2579,South Carolina,true,roster_present_with_identifiable_ol,2009,2010,true,evaluable_complete_history_window,,109,109,109,109,109,109,0,0,15,15,0,12,3,28,15,0,8,false,105,0,0,113,1.0761904761904761,4,66,36,10,12,3,0.2,10,5
2014,2628,TCU,true,roster_present_with_identifiable_ol,2009,2010,true,evaluable_complete_history_window,,122,122,122,122,121,119,0,0,22,22,0,15,7,27,22,0,4,false,231,0,0,139,0.6017316017316018,3,105,28,6,15,7,0.3181818181818182,10,5
2014,2633,Tennessee,true,roster_present_with_identifiable_ol,2009,2010,true,evaluable_complete_history_window,,121,121,121,121,121,121,0,0,15,15,0,9,6,18,15,0,2,false,105,0,0,49,0.4666666666666667,3,36,10,3,9,6,0.4,10,5
2014,2636,UTSA,true,roster_present_with_identifiable_ol,2009,2010,true,evaluable_complete_history_window,,117,117,117,117,116,116,0,0,18,18,0,15,3,27,18,0,4,false,153,0,0,171,1.1176470588235294,2,105,66,0,15,3,0.16666666666666666,10,5
2014,2638,UTEP,true,roster_present_with_identifiable_ol,2009,2010,true,evaluable_complete_history_window,,115,115,115,115,114,114,0,0,18,18,0,12,6,23,18,0,1,false,153,0,0,85,0.5555555555555556,4,66,15,3,12,6,0.3333333333333333,10,5
2014,2641,Texas Tech,true,roster_present_with_identifiable_ol,2009,2010,true,evaluable_complete_history_window,,114,114,114,114,114,113,0,0,15,15,0,9,6,20,15,0,2,false,105,0,0,57,0.5428571428571428,3,36,15,6,9,6,0.4,10,5
2014,2649,Toledo,true,roster_present_with_identifiable_ol,2009,2010,true,evaluable_complete_history_window,,111,111,111,111,111,111,0,0,18,18,0,14,4,34,18,0,0,false,153,0,0,157,1.026143790849673,4,91,45,15,14,4,0.2222222222222222,10,5
2014,2653,Troy,true,roster_present_with_identifiable_ol,2009,2010,true,evaluable_complete_history_window,,117,117,117,117,117,117,0,0,17,17,0,14,3,28,17,0,1,false,136,0,0,126,0.9264705882352942,4,91,28,6,14,3,0.17647058823529413,10,5
2014,2655,Tulane,true,roster_present_with_identifiable_ol,2009,2010,true,evaluable_complete_history_window,,116,116,116,116,115,115,0,0,18,18,0,14,4,27,18,0,4,false,153,0,0,130,0.8496732026143791,3,91,36,3,14,4,0.2222222222222222,10,5
2014,2711,Western Michigan,true,roster_present_with_identifiable_ol,2009,2010,true,evaluable_complete_history_window,,111,111,111,111,111,111,0,0,18,18,0,11,7,23,18,0,4,false,153,0,0,82,0.5359477124183006,3,55,21,6,11,7,0.3888888888888889,10,5
2014,2751,Wyoming,true,roster_present_with_identifiable_ol,2009,2010,true,evaluable_complete_history_window,,113,113,113,113,112,112,0,0,22,22,0,15,7,27,22,0,8,false,231,0,0,139,0.6017316017316018,3,105,28,6,15,7,0.3181818181818182,10,5
2015,2,Auburn,true,roster_present_with_identifiable_ol,2009,2010,true,evaluable_complete_history_window,,125,125,125,125,123,123,0,0,18,18,0,11,7,25,18,0,4,false,153,0,0,98,0.6405228758169934,3,55,28,15,11,7,0.3888888888888889,11,6
2015,6,South Alabama,true,roster_present_with_identifiable_ol,2009,2010,true,evaluable_complete_history_window,,117,117,117,117,117,116,0,0,16,16,0,9,7,22,16,0,1,false,120,0,0,72,0.6,3,36,21,15,9,7,0.4375,11,6
2015,8,Arkansas,true,roster_present_with_identifiable_ol,2009,2010,true,evaluable_complete_history_window,,127,127,127,127,126,125,0,0,20,20,0,15,5,29,20,0,1,false,190,0,0,135,0.7105263157894737,4,105,21,6,15,5,0.25,11,6
2015,9,Arizona State,true,roster_present_with_identifiable_ol,2009,2010,true,evaluable_complete_history_window,,124,124,124,124,123,122,0,0,12,12,0,11,1,26,12,0,1,false,66,0,0,94,1.4242424242424243,4,55,28,10,11,1,0.08333333333333333,11,6
2015,12,Arizona,true,roster_present_with_identifiable_ol,2009,2010,true,evaluable_complete_history_window,,125,125,125,125,124,123,0,0,18,18,0,11,7,20,18,0,3,false,153,0,0,71,0.46405228758169936,3,55,10,6,11,7,0.3888888888888889,11,6
2015,21,San Diego State,true,roster_present_with_identifiable_ol,2009,2010,true,evaluable_complete_history_window,,120,120,120,120,118,118,0,0,20,20,0,11,9,27,20,0,2,false,190,0,0,99,0.5210526315789473,4,55,28,15,11,9,0.45,11,6
2015,23,San José State,true,roster_present_with_identifiable_ol,2009,2010,true,evaluable_complete_history_window,,95,95,95,95,95,95,0,0,15,15,0,13,2,29,15,0,0,false,105,0,0,125,1.1904761904761905,4,78,36,10,13,2,0.13333333333333333,11,6
2015,24,Stanford,true,roster_present_with_identifiable_ol,2009,2010,true,evaluable_complete_history_window,,98,98,98,98,98,97,0,0,18,18,0,13,5,26,18,0,9,false,153,0,0,109,0.7124183006535948,3,78,21,10,13,5,0.2777777777777778,11,6
2015,25,California,true,roster_present_with_identifiable_ol,2009,2010,true,evaluable_complete_history_window,,141,141,141,141,139,139,0,0,18,18,0,14,4,26,18,0,4,false,153,0,0,116,0.7581699346405228,4,91,21,3,14,4,0.2222222222222222,11,6
2015,26,UCLA,true,roster_present_with_identifiable_ol,2009,2010,true,evaluable_complete_history_window,,132,132,132,132,131,131,0,0,23,23,0,14,9,27,23,0,1,false,253,0,0,130,0.5138339920948617,3,91,36,3,14,9,0.391304347826087,11,6
2015,30,USC,true,roster_present_with_identifiable_ol,2009,2010,true,evaluable_complete_history_window,,121,121,121,121,121,119,0,0,19,19,0,13,6,27,19,0,7,false,171,0,0,116,0.6783625730994152,3,78,28,10,13,6,0.3157894736842105,11,6
2015,36,Colorado State,true,roster_present_with_identifiable_ol,2009,2010,true,evaluable_complete_history_window,,126,126,126,126,126,125,0,0,20,20,0,14,6,29,20,0,0,false,190,0,0,137,0.7210526315789474,3,91,36,10,14,6,0.3,11,6
2015,38,Colorado,true,roster_present_with_identifiable_ol,2009,2010,true,evaluable_complete_history_window,,122,122,122,122,122,121,0,0,18,18,0,14,4,28,18,0,7,false,153,0,0,133,0.869281045751634,3,91,36,6,14,4,0.2222222222222222,11,6
2015,41,UConn,true,roster_present_with_identifiable_ol,2009,2010,true,evaluable_complete_history_window,,112,112,112,112,112,112,0,0,17,17,0,13,4,29,17,0,0,false,136,0,0,122,0.8970588235294118,4,78,28,15,13,4,0.23529411764705882,11,6
2015,52,Florida State,true,roster_present_with_identifiable_ol,2009,2010,true,evaluable_complete_history_window,,121,121,121,121,121,120,0,0,20,20,0,10,10,13,20,0,0,false,190,0,0,46,0.24210526315789474,2,45,1,0,10,10,0.5,11,6
2015,57,Florida,true,roster_present_with_identifiable_ol,2009,2010,true,evaluable_complete_history_window,,121,121,121,121,121,120,0,0,19,19,0,9,10,14,19,0,2,false,171,0,0,39,0.22807017543859648,2,36,3,0,9,10,0.5263157894736842,11,6
2015,58,South Florida,true,roster_present_with_identifiable_ol,2009,2010,true,evaluable_complete_history_window,,112,112,112,112,112,112,0,0,17,17,0,11,6,25,17,0,0,false,136,0,0,85,0.625,4,55,21,6,11,6,0.35294117647058826,11,6
2015,59,Georgia Tech,true,roster_present_with_identifiable_ol,2009,2010,true,evaluable_complete_history_window,,121,121,121,121,119,119,0,0,23,23,0,17,6,38,23,0,16,false,253,0,0,212,0.8379446640316206,4,136,55,15,17,6,0.2608695652173913,11,6
2015,61,Georgia,true,roster_present_with_identifiable_ol,2009,2010,true,evaluable_complete_history_window,,131,131,131,131,131,131,0,0,21,21,0,15,6,31,21,0,20,false,210,0,0,156,0.7428571428571429,3,105,45,6,15,6,0.2857142857142857,11,6
2015,62,Hawai'i,true,roster_present_with_identifiable_ol,2009,2010,true,evaluable_complete_history_window,,116,116,116,116,116,116,0,0,15,15,0,8,7,17,15,0,0,false,105,0,0,46,0.4380952380952381,3,28,15,3,8,7,0.4666666666666667,11,6
2015,66,Iowa State,true,roster_present_with_identifiable_ol,2009,2010,true,evaluable_complete_history_window,,132,132,132,132,132,131,0,0,23,23,0,18,5,40,23,0,3,false,253,0,0,257,1.0158102766798418,4,153,91,10,18,5,0.21739130434782608,11,6
2015,68,Boise State,true,roster_present_with_identifiable_ol,2009,2010,true,evaluable_complete_history_window,,109,109,109,109,109,109,0,0,16,16,0,14,2,32,16,0,14,false,120,0,0,152,1.2666666666666666,4,91,45,15,14,2,0.125,11,6
2015,70,Idaho,true,roster_present_no_identifiable_ol,2009,2010,true,evaluable_complete_history_window,,31,31,31,31,25,12,0,0,0,0,0,0,0,0,0,0,7,false,0,0,0,0,,,0,0,0,0,0,,11,6
2015,77,Northwestern,true,roster_present_with_identifiable_ol,2009,2010,true,evaluable_complete_history_window,,104,104,104,104,103,103,0,0,16,16,0,14,2,38,16,0,11,false,120,0,0,200,1.6666666666666667,4,91,78,28,14,2,0.125,11,6
2015,84,Indiana,true,roster_present_with_identifiable_ol,2009,2010,true,evaluable_complete_history_window,,128,128,128,128,127,127,0,0,18,18,0,13,5,30,18,0,1,false,153,0,0,135,0.8823529411764706,3,78,36,21,13,5,0.2777777777777778,11,6
2015,87,Notre Dame,true,roster_present_with_identifiable_ol,2009,2010,true,evaluable_complete_history_window,,118,118,118,118,117,117,0,0,14,14,0,12,2,23,14,0,3,false,91,0,0,90,0.989010989010989,3,66,21,3,12,2,0.14285714285714285,11,6
2015,96,Kentucky,true,roster_present_with_identifiable_ol,2009,2010,true,evaluable_complete_history_window,,103,103,103,103,103,100,0,0,16,16,0,13,3,25,16,0,1,false,120,0,0,112,0.9333333333333333,3,78,28,6,13,3,0.1875,11,6
2015,97,Louisville,true,roster_present_with_identifiable_ol,2009,2010,true,evaluable_complete_history_window,,121,121,121,121,120,120,0,0,19,19,0,9,10,20,19,0,2,false,171,0,0,57,0.3333333333333333,3,36,15,6,9,10,0.5263157894736842,11,6
2015,98,Western Kentucky,true,roster_present_with_identifiable_ol,2009,2010,true,evaluable_complete_history_window,,113,113,113,113,112,112,0,0,16,16,0,9,7,16,16,0,1,false,120,0,0,47,0.39166666666666666,3,36,10,1,9,7,0.4375,11,6
2015,99,LSU,true,roster_present_with_identifiable_ol,2009,2010,true,evaluable_complete_history_window,,127,127,127,127,127,127,0,0,22,22,0,12,10,23,22,0,0,false,231,0,0,97,0.4199134199134199,3,66,28,3,12,10,0.45454545454545453,11,6
2015,103,Boston College,true,roster_present_with_identifiable_ol,2009,2010,true,evaluable_complete_history_window,,95,95,95,95,94,94,0,0,13,13,0,9,4,21,13,0,1,false,78,0,0,53,0.6794871794871795,4,36,10,6,9,4,0.3076923076923077,11,6
2015,113,Massachusetts,true,roster_present_with_identifiable_ol,2009,2010,true,evaluable_complete_history_window,,126,126,126,126,126,123,0,0,19,19,0,16,3,26,19,0,0,false,171,0,0,149,0.8713450292397661,3,120,28,1,16,3,0.15789473684210525,11,6
2015,120,Maryland,true,roster_present_with_identifiable_ol,2009,2010,true,evaluable_complete_history_window,,107,107,107,107,105,105,0,0,17,17,0,12,5,31,17,0,2,false,136,0,0,123,0.9044117647058824,4,66,36,15,12,5,0.29411764705882354,11,6
2015,127,Michigan State,true,roster_present_with_identifiable_ol,2009,2010,true,evaluable_complete_history_window,,110,110,110,110,110,109,0,0,16,16,0,14,2,30,16,0,0,false,120,0,0,130,1.0833333333333333,4,91,21,15,14,2,0.125,11,6
2015,130,Michigan,true,roster_present_with_identifiable_ol,2009,2010,true,evaluable_complete_history_window,,133,133,133,133,131,131,0,0,17,17,0,13,4,29,17,0,3,false,136,0,0,133,0.9779411764705882,3,78,45,10,13,4,0.23529411764705882,11,6
2015,135,Minnesota,true,roster_present_with_identifiable_ol,2009,2010,true,evaluable_complete_history_window,,120,120,120,120,119,117,0,0,22,22,0,16,6,38,22,0,2,false,231,0,0,202,0.8744588744588745,4,120,55,21,16,6,0.2727272727272727,11,6
2015,142,Missouri,true,roster_present_with_identifiable_ol,2009,2010,true,evaluable_complete_history_window,,134,134,134,134,134,134,0,0,25,25,0,16,9,37,25,0,9,false,300,0,0,204,0.68,4,120,66,15,16,9,0.36,11,6
2015,145,Ole Miss,true,roster_present_with_identifiable_ol,2009,2010,true,evaluable_complete_history_window,,125,125,125,125,125,125,0,0,18,18,0,14,4,28,18,0,0,false,153,0,0,126,0.8235294117647058,4,91,28,6,14,4,0.2222222222222222,11,6
2015,150,Duke,true,roster_present_with_identifiable_ol,2009,2010,true,evaluable_complete_history_window,,109,109,109,109,109,109,0,0,17,17,0,15,2,33,17,0,0,false,136,0,0,163,1.1985294117647058,4,105,45,10,15,2,0.11764705882352941,11,6
2015,151,East Carolina,true,roster_present_with_identifiable_ol,2009,2010,true,evaluable_complete_history_window,,136,136,136,136,136,127,0,0,19,19,0,15,4,29,19,0,3,false,171,0,0,135,0.7894736842105263,4,105,21,6,15,4,0.21052631578947367,11,6
2015,152,NC State,true,roster_present_with_identifiable_ol,2009,2010,true,evaluable_complete_history_window,,118,118,118,118,117,117,0,0,18,18,0,13,5,22,18,0,2,false,153,0,0,91,0.5947712418300654,3,78,10,3,13,5,0.2777777777777778,11,6
2015,153,North Carolina,true,roster_present_with_identifiable_ol,2009,2010,true,evaluable_complete_history_window,,115,115,115,115,115,114,0,0,18,18,0,15,3,31,18,0,9,false,153,0,0,160,1.0457516339869282,3,105,45,10,15,3,0.16666666666666666,11,6
2015,154,Wake Forest,true,roster_present_with_identifiable_ol,2009,2010,true,evaluable_complete_history_window,,97,97,97,97,97,97,0,0,14,14,0,11,3,22,14,0,2,false,91,0,0,79,0.8681318681318682,3,55,21,3,11,3,0.21428571428571427,11,6
2015,158,Nebraska,true,roster_present_with_identifiable_ol,2009,2010,true,evaluable_complete_history_window,,130,130,130,130,130,130,0,0,23,23,0,19,4,42,23,0,0,false,253,0,0,273,1.0790513833992095,4,171,78,21,19,4,0.17391304347826086,11,6
2015,164,Rutgers,true,roster_present_with_identifiable_ol,2009,2010,true,evaluable_complete_history_window,,119,119,119,119,119,116,0,0,16,16,0,12,4,23,16,0,0,false,120,0,0,86,0.7166666666666667,3,66,10,10,12,4,0.25,11,6
2015,166,New Mexico State,true,roster_present_with_identifiable_ol,2009,2010,true,evaluable_complete_history_window,,104,104,104,104,104,101,0,0,15,15,0,12,3,28,15,0,1,false,105,0,0,113,1.0761904761904761,4,66,36,10,12,3,0.2,11,6
2015,167,New Mexico,true,roster_present_with_identifiable_ol,2009,2010,true,evaluable_complete_history_window,,118,118,118,118,118,118,0,0,16,16,0,10,6,25,16,0,1,false,120,0,0,88,0.7333333333333333,3,45,28,15,10,6,0.375,11,6
2015,183,Syracuse,true,roster_present_with_identifiable_ol,2009,2010,true,evaluable_complete_history_window,,100,100,100,100,99,99,0,0,19,19,0,17,2,37,19,0,3,false,171,0,0,209,1.2222222222222223,4,136,55,15,17,2,0.10526315789473684,11,6
2015,189,Bowling Green,true,roster_present_with_identifiable_ol,2009,2010,true,evaluable_complete_history_window,,109,109,109,109,107,107,0,0,17,17,0,15,2,36,17,0,3,false,136,0,0,184,1.3529411764705883,4,105,55,21,15,2,0.11764705882352941,11,6
2015,193,Miami (OH),true,roster_present_with_identifiable_ol,2009,2010,true,evaluable_complete_history_window,,105,105,105,105,105,105,0,0,16,16,0,12,4,24,16,0,0,false,120,0,0,93,0.775,3,66,21,6,12,4,0.25,11,6
2015,194,Ohio State,true,roster_present_with_identifiable_ol,2009,2010,true,evaluable_complete_history_window,,117,117,117,117,117,117,0,0,20,20,0,15,5,31,20,0,2,false,190,0,0,152,0.8,4,105,36,10,15,5,0.25,11,6
2015,195,Ohio,true,roster_present_with_identifiable_ol,2009,2010,true,evaluable_complete_history_window,,117,117,117,117,117,117,0,0,20,20,0,17,3,34,20,0,0,false,190,0,0,185,0.9736842105263158,4,136,36,10,17,3,0.15,11,6
2015,197,Oklahoma State,true,roster_present_with_identifiable_ol,2009,2010,true,evaluable_complete_history_window,,128,128,128,128,128,128,0,0,16,16,0,11,5,20,16,0,0,false,120,0,0,77,0.6416666666666667,3,55,21,1,11,5,0.3125,11,6
2015,201,Oklahoma,true,roster_present_with_identifiable_ol,2009,2010,true,evaluable_complete_history_window,,123,123,123,123,123,123,0,0,24,24,0,14,10,29,24,0,0,false,276,0,0,134,0.4855072463768116,4,91,36,6,14,10,0.4166666666666667,11,6
2015,202,Tulsa,true,roster_present_with_identifiable_ol,2009,2010,true,evaluable_complete_history_window,,112,112,112,112,112,112,0,0,18,18,0,13,5,27,18,0,3,false,153,0,0,110,0.7189542483660131,4,78,21,10,13,5,0.2777777777777778,11,6
2015,204,Oregon State,true,roster_present_with_identifiable_ol,2009,2010,true,evaluable_complete_history_window,,119,119,119,119,118,115,0,0,24,24,0,18,6,30,24,0,1,false,276,0,0,187,0.677536231884058,3,153,28,6,18,6,0.25,11,6
2015,213,Penn State,true,roster_present_with_identifiable_ol,2009,2010,true,evaluable_complete_history_window,,126,126,126,126,126,125,0,0,21,21,0,14,7,28,21,0,0,false,210,0,0,142,0.6761904761904762,3,91,45,6,14,7,0.3333333333333333,11,6
2015,218,Temple,true,roster_present_with_identifiable_ol,2009,2010,true,evaluable_complete_history_window,,135,135,135,135,134,132,0,0,21,21,0,19,2,36,21,0,2,false,210,0,0,243,1.1571428571428573,3,171,66,6,19,2,0.09523809523809523,11,6
2015,221,Pittsburgh,true,roster_present_with_identifiable_ol,2009,2010,true,evaluable_complete_history_window,,108,108,108,108,107,107,0,0,19,19,0,15,4,29,19,0,1,false,171,0,0,147,0.8596491228070176,3,105,36,6,15,4,0.21052631578947367,11,6
2015,228,Clemson,true,roster_present_with_identifiable_ol,2009,2010,true,evaluable_complete_history_window,,118,118,118,118,118,118,0,0,21,21,0,13,8,30,21,0,0,false,210,0,0,122,0.580952380952381,4,78,28,10,13,8,0.38095238095238093,11,6
2015,235,Memphis,true,roster_present_with_identifiable_ol,2009,2010,true,evaluable_complete_history_window,,113,113,113,113,113,111,0,0,20,20,0,13,7,27,20,0,1,false,190,0,0,120,0.631578947368421,3,78,36,6,13,7,0.35,11,6
2015,238,Vanderbilt,true,roster_present_with_identifiable_ol,2009,2010,true,evaluable_complete_history_window,,98,98,98,98,98,98,0,0,16,16,0,13,3,28,16,0,0,false,120,0,0,121,1.0083333333333333,3,78,28,15,13,3,0.1875,11,6
2015,239,Baylor,true,roster_present_with_identifiable_ol,2009,2010,true,evaluable_complete_history_window,,112,112,112,112,111,111,0,0,21,21,0,16,5,30,21,0,3,false,210,0,0,150,0.7142857142857143,4,120,21,6,16,5,0.23809523809523808,11,6
2015,242,Rice,true,roster_present_with_identifiable_ol,2009,2010,true,evaluable_complete_history_window,,115,115,115,115,114,114,0,0,16,16,0,12,4,29,16,0,3,false,120,0,0,118,0.9833333333333333,4,66,36,15,12,4,0.25,11,6
2015,245,Texas A&M,true,roster_present_with_identifiable_ol,2009,2010,true,evaluable_complete_history_window,,121,121,121,121,121,121,0,0,20,20,0,12,8,21,20,0,2,false,190,0,0,79,0.41578947368421054,3,66,10,3,12,8,0.4,11,6
2015,248,Houston,true,roster_present_with_identifiable_ol,2009,2010,true,evaluable_complete_history_window,,118,118,118,118,118,118,0,0,18,18,0,13,5,23,18,0,0,false,153,0,0,96,0.6274509803921569,3,78,15,3,13,5,0.2777777777777778,11,6
2015,249,North Texas,true,roster_present_with_identifiable_ol,2009,2010,true,evaluable_complete_history_window,,123,123,123,123,123,123,0,0,22,22,0,13,9,26,22,0,5,false,231,0,0,112,0.48484848484848486,3,78,28,6,13,9,0.4090909090909091,11,6
2015,251,Texas,true,roster_present_with_identifiable_ol,2009,2010,true,evaluable_complete_history_window,,122,122,122,122,122,121,0,0,20,20,0,13,7,26,20,0,2,false,190,0,0,105,0.5526315789473685,4,78,21,3,13,7,0.35,11,6
2015,252,BYU,true,roster_present_with_identifiable_ol,2009,2010,true,evaluable_complete_history_window,,145,145,145,145,145,145,0,0,22,22,0,15,7,35,22,0,2,false,231,0,0,176,0.7619047619047619,4,105,55,15,15,7,0.3181818181818182,11,6
2015,254,Utah,true,roster_present_with_identifiable_ol,2009,2010,true,evaluable_complete_history_window,,134,134,134,134,133,126,0,0,20,20,0,13,7,29,20,0,1,false,190,0,0,125,0.6578947368421053,4,78,36,10,13,7,0.35,11,6
2015,258,Virginia,true,roster_present_with_identifiable_ol,2009,2010,true,evaluable_complete_history_window,,107,107,107,107,107,106,0,0,20,20,0,14,6,36,20,0,11,false,190,0,0,181,0.9526315789473684,4,91,66,21,14,6,0.3,11,6
2015,259,Virginia Tech,true,roster_present_with_identifiable_ol,2009,2010,true,evaluable_complete_history_window,,125,125,125,125,125,123,0,0,20,20,0,15,5,28,20,0,8,false,190,0,0,144,0.7578947368421053,3,105,36,3,15,5,0.25,11,6
2015,264,Washington,true,roster_present_with_identifiable_ol,2009,2010,true,evaluable_complete_history_window,,105,105,105,105,105,105,0,0,15,15,0,14,1,32,15,0,7,false,105,0,0,152,1.4476190476190476,4,91,45,15,14,1,0.06666666666666667,11,6
2015,265,Washington State,true,roster_present_with_identifiable_ol,2009,2010,true,evaluable_complete_history_window,,127,127,127,127,127,126,0,0,23,23,0,13,10,31,23,0,0,false,253,0,0,144,0.5691699604743083,4,78,55,10,13,10,0.43478260869565216,11,6
2015,275,Wisconsin,true,roster_present_with_identifiable_ol,2009,2010,true,evaluable_complete_history_window,,109,109,109,109,109,109,0,0,19,19,0,14,5,30,19,0,0,false,171,0,0,138,0.8070175438596491,4,91,36,10,14,5,0.2631578947368421,11,6
2015,276,Marshall,true,roster_present_with_identifiable_ol,2009,2010,true,evaluable_complete_history_window,,116,116,116,116,116,116,0,0,16,16,0,14,2,26,16,0,0,false,120,0,0,118,0.9833333333333333,3,91,21,6,14,2,0.125,11,6
2015,277,West Virginia,true,roster_present_with_identifiable_ol,2009,2010,true,evaluable_complete_history_window,,132,132,132,132,132,131,0,0,20,20,0,13,7,26,20,0,0,false,190,0,0,112,0.5894736842105263,3,78,28,6,13,7,0.35,11,6
2015,278,Fresno State,true,roster_present_with_identifiable_ol,2009,2010,true,evaluable_complete_history_window,,115,115,115,115,114,114,0,0,17,17,0,11,6,21,17,0,3,false,136,0,0,69,0.5073529411764706,4,55,10,3,11,6,0.35294117647058826,11,6
2015,290,Georgia Southern,true,roster_present_with_identifiable_ol,2009,2010,true,evaluable_complete_history_window,,136,136,136,136,134,134,0,0,22,22,0,11,11,12,22,0,3,false,231,0,0,55,0.23809523809523808,1,55,0,0,11,11,0.5,11,6
2015,295,Old Dominion,true,roster_present_with_identifiable_ol,2009,2010,true,evaluable_complete_history_window,,111,111,111,111,111,111,0,0,17,17,0,14,3,15,17,0,0,false,136,0,0,91,0.6691176470588235,1,91,0,0,14,3,0.17647058823529413,11,6
2015,309,Louisiana,true,roster_present_with_identifiable_ol,2009,2010,true,evaluable_complete_history_window,,120,120,120,120,120,119,0,0,14,14,0,12,2,24,14,0,4,false,91,0,0,91,1.0,4,66,21,3,12,2,0.14285714285714285,11,6
2015,326,Texas State,true,roster_present_with_identifiable_ol,2009,2010,true,evaluable_complete_history_window,,123,123,123,123,123,123,0,0,21,21,0,15,6,28,21,0,0,false,210,0,0,143,0.680952380952381,3,105,28,10,15,6,0.2857142857142857,11,6
2015,328,Utah State,true,roster_present_with_identifiable_ol,2009,2010,true,evaluable_complete_history_window,,123,123,123,123,123,120,0,0,21,21,0,13,8,25,21,0,7,false,210,0,0,109,0.5190476190476191,3,78,28,3,13,8,0.38095238095238093,11,6
2015,333,Alabama,true,roster_present_with_identifiable_ol,2009,2010,true,evaluable_complete_history_window,,123,123,123,123,123,122,0,0,18,18,0,13,5,24,18,0,0,false,153,0,0,99,0.6470588235294118,3,78,15,6,13,5,0.2777777777777778,11,6
2015,344,Mississippi State,true,roster_present_with_identifiable_ol,2009,2010,true,evaluable_complete_history_window,,115,115,115,115,115,115,0,0,14,14,0,12,2,30,14,0,24,false,91,0,0,112,1.2307692307692308,4,66,28,15,12,2,0.14285714285714285,11,6
2015,349,Army,true,roster_present_with_identifiable_ol,2009,2010,true,evaluable_complete_history_window,,155,155,155,155,155,155,0,0,28,28,0,15,13,28,28,0,0,false,378,0,0,143,0.3783068783068783,3,105,28,10,15,13,0.4642857142857143,11,6
2015,356,Illinois,true,roster_present_with_identifiable_ol,2009,2010,true,evaluable_complete_history_window,,118,118,118,118,118,118,0,0,21,21,0,9,12,26,21,0,0,false,210,0,0,80,0.38095238095238093,4,36,28,10,9,12,0.5714285714285714,11,6
2015,2005,Air Force,true,roster_present_with_identifiable_ol,2009,2010,true,evaluable_complete_history_window,,123,123,123,123,123,123,0,0,18,18,0,8,10,10,18,0,15,false,153,0,0,29,0.1895424836601307,2,28,1,0,8,10,0.5555555555555556,11,6
2015,2006,Akron,true,roster_present_with_identifiable_ol,2009,2010,true,evaluable_complete_history_window,,116,116,116,116,116,115,0,0,16,16,0,11,5,27,16,0,0,false,120,0,0,96,0.8,4,55,28,10,11,5,0.3125,11,6
2015,2026,App State,true,roster_present_with_identifiable_ol,2009,2010,true,evaluable_complete_history_window,,105,105,105,105,104,104,0,0,16,16,0,10,6,10,16,0,2,false,120,0,0,45,0.375,1,45,0,0,10,6,0.375,11,6
2015,2032,Arkansas State,true,roster_present_with_identifiable_ol,2009,2010,true,evaluable_complete_history_window,,117,117,117,117,117,117,0,0,18,18,0,11,7,24,18,0,3,false,153,0,0,86,0.5620915032679739,3,55,21,10,11,7,0.3888888888888889,11,6
2015,2050,Ball State,true,roster_present_with_identifiable_ol,2009,2010,true,evaluable_complete_history_window,,108,108,108,108,107,106,0,0,21,21,0,16,5,34,21,0,1,false,210,0,0,190,0.9047619047619048,3,120,55,15,16,5,0.23809523809523808,11,6
2015,2084,Buffalo,true,roster_present_with_identifiable_ol,2009,2010,true,evaluable_complete_history_window,,121,121,121,121,121,121,0,0,19,19,0,16,3,34,19,0,0,false,171,0,0,169,0.9883040935672515,4,120,28,15,16,3,0.15789473684210525,11,6
2015,2116,UCF,true,roster_present_with_identifiable_ol,2009,2010,true,evaluable_complete_history_window,,117,117,117,117,117,115,0,0,17,17,0,14,3,32,17,0,6,false,136,0,0,157,1.1544117647058822,4,91,55,10,14,3,0.17647058823529413,11,6
2015,2117,Central Michigan,true,roster_present_with_identifiable_ol,2009,2010,true,evaluable_complete_history_window,,105,105,105,105,105,105,0,0,20,20,0,18,2,43,20,0,0,false,190,0,0,282,1.4842105263157894,4,153,105,21,18,2,0.1,11,6
2015,2132,Cincinnati,true,roster_present_with_identifiable_ol,2009,2010,true,evaluable_complete_history_window,,100,100,100,100,100,100,0,0,19,19,0,14,5,31,19,0,1,false,171,0,0,140,0.8187134502923976,4,91,36,10,14,5,0.2631578947368421,11,6
2015,2199,Eastern Michigan,true,roster_present_with_identifiable_ol,2009,2010,true,evaluable_complete_history_window,,109,109,109,109,109,108,0,0,16,16,0,9,7,19,16,0,0,false,120,0,0,57,0.475,3,36,15,6,9,7,0.4375,11,6
2015,2226,Florida Atlantic,true,roster_present_with_identifiable_ol,2009,2010,true,evaluable_complete_history_window,,127,127,127,127,125,125,0,0,20,20,0,14,6,26,20,0,2,false,190,0,0,130,0.6842105263157895,3,91,36,3,14,6,0.3,11,6
2015,2229,Florida International,true,roster_present_with_identifiable_ol,2009,2010,true,evaluable_complete_history_window,,102,102,102,102,102,102,0,0,18,18,0,13,5,26,18,0,0,false,153,0,0,117,0.7647058823529411,3,78,36,3,13,5,0.2777777777777778,11,6
2015,2247,Georgia State,true,roster_present_with_identifiable_ol,2009,2010,true,evaluable_complete_history_window,,118,118,118,118,118,117,0,0,17,17,0,12,5,18,17,0,4,false,136,0,0,81,0.5955882352941176,2,66,15,0,12,5,0.29411764705882354,11,6
2015,2294,Iowa,true,roster_present_with_identifiable_ol,2009,2010,true,evaluable_complete_history_window,,115,115,115,115,115,113,0,0,17,17,0,14,3,31,17,0,1,false,136,0,0,143,1.0514705882352942,4,91,36,15,14,3,0.17647058823529413,11,6
2015,2305,Kansas,true,roster_present_with_identifiable_ol,2009,2010,true,evaluable_complete_history_window,,131,131,131,131,131,131,0,0,18,18,0,6,12,10,18,0,1,false,153,0,0,16,0.10457516339869281,2,15,1,0,6,12,0.6666666666666666,11,6
2015,2306,Kansas State,true,roster_present_with_identifiable_ol,2009,2010,true,evaluable_complete_history_window,,119,119,119,119,119,119,0,0,17,17,0,15,2,30,17,0,0,false,136,0,0,142,1.0441176470588236,4,105,28,6,15,2,0.11764705882352941,11,6
2015,2309,Kent State,true,roster_present_with_identifiable_ol,2009,2010,true,evaluable_complete_history_window,,100,100,100,100,100,100,0,0,16,16,0,11,5,23,16,0,0,false,120,0,0,80,0.6666666666666666,3,55,15,10,11,5,0.3125,11,6
2015,2348,Louisiana Tech,true,roster_present_with_identifiable_ol,2009,2010,true,evaluable_complete_history_window,,113,113,113,113,113,113,0,0,17,17,0,13,4,24,17,0,1,false,136,0,0,102,0.75,3,78,21,3,13,4,0.23529411764705882,11,6
2015,2390,Miami,true,roster_present_with_identifiable_ol,2009,2010,true,evaluable_complete_history_window,,122,122,122,122,122,121,0,0,21,21,0,15,6,23,21,0,0,false,210,0,0,116,0.5523809523809524,3,105,10,1,15,6,0.2857142857142857,11,6
2015,2393,Middle Tennessee,true,roster_present_with_identifiable_ol,2009,2010,true,evaluable_complete_history_window,,115,115,115,115,115,110,0,0,18,18,0,13,5,26,18,0,1,false,153,0,0,112,0.7320261437908496,3,78,28,6,13,5,0.2777777777777778,11,6
2015,2426,Navy,true,roster_present_with_identifiable_ol,2009,2010,true,evaluable_complete_history_window,,188,188,188,188,188,188,0,0,37,37,0,22,15,40,37,0,21,false,666,0,0,312,0.46846846846846846,3,231,66,15,22,15,0.40540540540540543,11,6
2015,2429,Charlotte,true,roster_present_with_identifiable_ol,2009,2010,true,evaluable_complete_history_window,,112,112,112,112,110,109,0,0,17,17,0,1,16,1,17,0,9,false,136,0,0,0,0.0,0,0,0,0,1,16,0.9411764705882353,11,6
2015,2433,UL Monroe,true,roster_present_with_identifiable_ol,2009,2010,true,evaluable_complete_history_window,,96,96,96,96,96,94,0,0,15,15,0,9,6,19,15,0,0,false,105,0,0,54,0.5142857142857142,3,36,15,3,9,6,0.4,11,6
2015,2439,UNLV,true,roster_present_with_identifiable_ol,2009,2010,true,evaluable_complete_history_window,,101,101,101,101,101,95,0,0,17,17,0,10,7,24,17,0,0,false,136,0,0,91,0.6691176470588235,3,45,36,10,10,7,0.4117647058823529,11,6
2015,2440,Nevada,true,roster_present_with_identifiable_ol,2009,2010,true,evaluable_complete_history_window,,119,119,119,119,118,117,0,0,21,21,0,13,8,24,21,0,1,false,210,0,0,109,0.5190476190476191,3,78,28,3,13,8,0.38095238095238093,11,6
2015,2459,Northern Illinois,true,roster_present_with_identifiable_ol,2009,2010,true,evaluable_complete_history_window,,119,119,119,119,119,119,0,0,15,15,0,11,4,25,15,0,9,false,105,0,0,86,0.819047619047619,4,55,15,15,11,4,0.26666666666666666,11,6
2015,2483,Oregon,true,roster_present_with_identifiable_ol,2009,2010,true,evaluable_complete_history_window,,112,112,112,112,112,112,0,0,15,15,0,11,4,21,15,0,0,false,105,0,0,72,0.6857142857142857,4,55,15,1,11,4,0.26666666666666666,11,6
2015,2509,Purdue,true,roster_present_with_identifiable_ol,2009,2010,true,evaluable_complete_history_window,,112,112,112,112,110,110,0,0,18,18,0,16,2,31,18,0,2,false,153,0,0,163,1.065359477124183,3,120,28,15,16,2,0.1111111111111111,11,6
2015,2567,SMU,true,roster_present_with_identifiable_ol,2009,2010,true,evaluable_complete_history_window,,118,118,118,118,118,117,0,0,18,18,0,15,3,30,18,0,0,false,153,0,0,139,0.9084967320261438,4,105,21,10,15,3,0.16666666666666666,11,6
2015,2572,Southern Miss,true,roster_present_with_identifiable_ol,2009,2010,true,evaluable_complete_history_window,,121,121,121,121,121,121,0,0,19,19,0,13,6,29,19,0,4,false,171,0,0,129,0.7543859649122807,3,78,36,15,13,6,0.3157894736842105,11,6
2015,2579,South Carolina,true,roster_present_with_identifiable_ol,2009,2010,true,evaluable_complete_history_window,,111,111,111,111,110,110,0,0,15,15,0,10,5,29,15,0,7,false,105,0,0,105,1.0,4,45,36,21,10,5,0.3333333333333333,11,6
2015,2628,TCU,true,roster_present_with_identifiable_ol,2009,2010,true,evaluable_complete_history_window,,127,127,127,127,127,126,0,0,20,20,0,18,2,39,20,0,2,false,190,0,0,237,1.2473684210526317,4,153,66,15,18,2,0.1,11,6
2015,2633,Tennessee,true,roster_present_with_identifiable_ol,2009,2010,true,evaluable_complete_history_window,,122,122,122,122,122,121,0,0,22,22,0,12,10,24,22,0,2,false,231,0,0,91,0.3939393939393939,4,66,21,3,12,10,0.45454545454545453,11,6
2015,2636,UTSA,true,roster_present_with_identifiable_ol,2009,2010,true,evaluable_complete_history_window,,116,116,116,116,116,116,0,0,19,19,0,10,9,24,19,0,1,false,171,0,0,88,0.5146198830409356,3,45,28,15,10,9,0.47368421052631576,11,6
2015,2638,UTEP,true,roster_present_with_identifiable_ol,2009,2010,true,evaluable_complete_history_window,,113,113,113,113,113,113,0,0,16,16,0,14,2,26,16,0,0,false,120,0,0,130,1.0833333333333333,3,91,36,3,14,2,0.125,11,6
2015,2641,Texas Tech,true,roster_present_with_identifiable_ol,2009,2010,true,evaluable_complete_history_window,,124,124,124,124,124,123,0,0,21,21,0,9,12,22,21,0,2,false,210,0,0,60,0.2857142857142857,4,36,15,6,9,12,0.5714285714285714,11,6
2015,2649,Toledo,true,roster_present_with_identifiable_ol,2009,2010,true,evaluable_complete_history_window,,107,107,107,107,107,107,0,0,15,15,0,10,5,20,15,0,0,false,105,0,0,69,0.6571428571428571,3,45,21,3,10,5,0.3333333333333333,11,6
2015,2653,Troy,true,roster_present_with_identifiable_ol,2009,2010,true,evaluable_complete_history_window,,115,115,115,115,115,106,0,0,18,18,0,10,8,24,18,0,1,false,153,0,0,87,0.5686274509803921,3,45,36,6,10,8,0.4444444444444444,11,6
2015,2655,Tulane,true,roster_present_with_identifiable_ol,2009,2010,true,evaluable_complete_history_window,,110,110,110,110,109,109,0,0,19,19,0,12,7,25,19,0,3,false,171,0,0,100,0.5847953216374269,3,66,28,6,12,7,0.3684210526315789,11,6
2015,2711,Western Michigan,true,roster_present_with_identifiable_ol,2009,2010,true,evaluable_complete_history_window,,102,102,102,102,102,102,0,0,15,15,0,12,3,25,15,0,1,false,105,0,0,94,0.8952380952380953,4,66,21,6,12,3,0.2,11,6
2015,2751,Wyoming,true,roster_present_with_identifiable_ol,2009,2010,true,evaluable_complete_history_window,,115,115,115,115,115,115,0,0,20,20,0,14,6,25,20,0,8,false,190,0,0,120,0.631578947368421,3,91,28,1,14,6,0.3,11,6
2016,2,Auburn,true,roster_present_with_identifiable_ol,2009,2010,true,evaluable_complete_history_window,,121,121,121,121,120,120,0,0,16,16,0,12,4,23,16,0,3,false,120,0,0,85,0.7083333333333334,4,66,15,3,12,4,0.25,12,7
2016,6,South Alabama,true,roster_present_with_identifiable_ol,2009,2010,true,evaluable_complete_history_window,,122,122,122,122,121,121,0,0,20,20,0,9,11,18,20,0,2,false,190,0,0,46,0.24210526315789474,4,36,6,3,9,11,0.55,12,7
2016,8,Arkansas,true,roster_present_with_identifiable_ol,2009,2010,true,evaluable_complete_history_window,,131,131,131,131,128,127,0,0,19,19,0,11,8,20,19,0,3,false,171,0,0,83,0.4853801169590643,2,55,28,0,11,8,0.42105263157894735,12,7
2016,9,Arizona State,true,roster_present_with_identifiable_ol,2009,2010,true,evaluable_complete_history_window,,125,125,125,125,124,121,0,0,19,19,0,7,12,18,19,0,1,false,171,0,0,40,0.23391812865497075,4,21,15,3,7,12,0.631578947368421,12,7
2016,12,Arizona,true,roster_present_with_identifiable_ol,2009,2010,true,evaluable_complete_history_window,,118,118,118,118,118,118,0,0,14,14,0,9,5,19,14,0,1,false,91,0,0,58,0.6373626373626373,3,36,21,1,9,5,0.35714285714285715,12,7
2016,21,San Diego State,true,roster_present_with_identifiable_ol,2009,2010,true,evaluable_complete_history_window,,119,119,119,119,118,118,0,0,19,19,0,11,8,26,19,0,1,false,171,0,0,89,0.52046783625731,4,55,21,10,11,8,0.42105263157894735,12,7
2016,23,San José State,true,roster_present_with_identifiable_ol,2009,2010,true,evaluable_complete_history_window,,104,104,104,104,103,103,0,0,15,15,0,11,4,28,15,0,2,false,105,0,0,107,1.019047619047619,4,55,36,15,11,4,0.26666666666666666,12,7
2016,24,Stanford,true,roster_present_with_identifiable_ol,2009,2010,true,evaluable_complete_history_window,,104,104,104,104,104,103,0,0,18,18,0,13,5,25,18,0,8,false,153,0,0,109,0.7124183006535948,3,78,28,3,13,5,0.2777777777777778,12,7
2016,25,California,true,roster_present_with_identifiable_ol,2009,2010,true,evaluable_complete_history_window,,122,122,122,122,121,121,0,0,16,16,0,12,4,26,16,0,3,false,120,0,0,104,0.8666666666666667,3,66,28,10,12,4,0.25,12,7
2016,26,UCLA,true,roster_present_with_identifiable_ol,2009,2010,true,evaluable_complete_history_window,,113,113,113,113,113,113,0,0,19,19,0,14,5,27,19,0,0,false,171,0,0,125,0.7309941520467836,3,91,28,6,14,5,0.2631578947368421,12,7
2016,30,USC,true,roster_present_with_identifiable_ol,2009,2010,true,evaluable_complete_history_window,,105,105,105,105,105,103,0,0,20,20,0,17,3,37,20,0,5,false,190,0,0,209,1.1,4,136,55,15,17,3,0.15,12,7
2016,36,Colorado State,true,roster_present_with_identifiable_ol,2009,2010,true,evaluable_complete_history_window,,117,117,117,117,117,115,0,0,16,16,0,12,4,31,16,0,0,false,120,0,0,129,1.075,4,66,45,15,12,4,0.25,12,7
2016,38,Colorado,true,roster_present_with_identifiable_ol,2009,2010,true,evaluable_complete_history_window,,122,122,122,122,121,120,0,0,20,20,0,14,6,32,20,0,10,false,190,0,0,152,0.8,4,91,45,15,14,6,0.3,12,7
2016,41,UConn,true,roster_present_with_identifiable_ol,2009,2010,true,evaluable_complete_history_window,,104,104,104,104,104,103,0,0,17,17,0,12,5,27,17,0,0,false,136,0,0,109,0.8014705882352942,4,66,36,6,12,5,0.29411764705882354,12,7
2016,52,Florida State,true,roster_present_with_identifiable_ol,2009,2010,true,evaluable_complete_history_window,,127,127,127,127,127,127,0,0,22,22,0,17,5,29,22,0,0,false,231,0,0,173,0.7489177489177489,3,136,36,1,17,5,0.22727272727272727,12,7
2016,57,Florida,true,roster_present_with_identifiable_ol,2009,2010,true,evaluable_complete_history_window,,129,129,129,129,128,127,0,0,25,25,0,11,14,18,25,0,3,false,300,0,0,66,0.22,3,55,10,1,11,14,0.56,12,7
2016,58,South Florida,true,roster_present_with_identifiable_ol,2009,2010,true,evaluable_complete_history_window,,112,112,112,112,111,110,0,0,19,19,0,10,9,19,19,0,1,false,171,0,0,63,0.3684210526315789,3,45,15,3,10,9,0.47368421052631576,12,7
2016,59,Georgia Tech,true,roster_present_with_identifiable_ol,2009,2010,true,evaluable_complete_history_window,,111,111,111,111,110,109,0,0,19,19,0,16,3,36,19,0,17,false,171,0,0,197,1.152046783625731,4,120,55,21,16,3,0.15789473684210525,12,7
2016,61,Georgia,true,roster_present_with_identifiable_ol,2009,2010,true,evaluable_complete_history_window,,132,132,132,132,131,131,0,0,20,20,0,16,4,33,20,0,13,false,190,0,0,180,0.9473684210526315,3,120,45,15,16,4,0.2,12,7
2016,62,Hawai'i,true,roster_present_with_identifiable_ol,2009,2010,true,evaluable_complete_history_window,,128,128,128,128,126,125,0,0,18,18,0,13,5,24,18,0,2,false,153,0,0,99,0.6470588235294118,3,78,15,6,13,5,0.2777777777777778,12,7
2016,66,Iowa State,true,roster_present_with_identifiable_ol,2009,2010,true,evaluable_complete_history_window,,122,122,122,122,121,120,0,0,21,21,0,11,10,26,21,0,2,false,210,0,0,98,0.4666666666666667,3,55,28,15,11,10,0.47619047619047616,12,7
2016,68,Boise State,true,roster_present_with_identifiable_ol,2009,2010,true,evaluable_complete_history_window,,99,99,99,99,99,98,0,0,14,14,0,7,7,24,14,0,11,false,91,0,0,63,0.6923076923076923,4,21,21,15,7,7,0.5,12,7
2016,70,Idaho,true,roster_present_no_identifiable_ol,2009,2010,true,evaluable_complete_history_window,,57,57,57,57,43,32,0,0,0,0,0,0,0,0,0,0,15,false,0,0,0,0,,,0,0,0,0,0,,12,7
2016,77,Northwestern,true,roster_present_with_identifiable_ol,2009,2010,true,evaluable_complete_history_window,,95,95,95,95,94,94,0,0,13,13,0,12,1,36,13,0,10,false,78,0,0,153,1.9615384615384615,4,66,45,36,12,1,0.07692307692307693,12,7
2016,84,Indiana,true,roster_present_with_identifiable_ol,2009,2010,true,evaluable_complete_history_window,,115,115,115,115,114,114,0,0,16,16,0,12,4,31,16,0,1,false,120,0,0,119,0.9916666666666667,4,66,28,15,12,4,0.25,12,7
2016,87,Notre Dame,true,roster_present_with_identifiable_ol,2009,2010,true,evaluable_complete_history_window,,117,117,117,117,117,117,0,0,16,16,0,11,5,25,16,0,0,false,120,0,0,97,0.8083333333333333,3,55,36,6,11,5,0.3125,12,7
2016,96,Kentucky,true,roster_present_with_identifiable_ol,2009,2010,true,evaluable_complete_history_window,,116,116,116,116,115,114,0,0,15,15,0,11,4,28,15,0,2,false,105,0,0,107,1.019047619047619,4,55,36,15,11,4,0.26666666666666666,12,7
2016,97,Louisville,true,roster_present_with_identifiable_ol,2009,2010,true,evaluable_complete_history_window,,117,117,117,117,114,114,0,0,18,18,0,12,6,17,18,0,3,false,153,0,0,69,0.45098039215686275,2,66,3,0,12,6,0.3333333333333333,12,7
2016,98,Western Kentucky,true,roster_present_with_identifiable_ol,2009,2010,true,evaluable_complete_history_window,,106,106,106,106,105,105,0,0,17,17,0,14,3,28,17,0,1,false,136,0,0,123,0.9044117647058824,4,91,21,10,14,3,0.17647058823529413,12,7
2016,99,LSU,true,roster_present_with_identifiable_ol,2009,2010,true,evaluable_complete_history_window,,115,115,115,115,115,115,0,0,17,17,0,13,4,23,17,0,0,false,136,0,0,99,0.7279411764705882,3,78,15,6,13,4,0.23529411764705882,12,7
2016,103,Boston College,true,roster_present_with_identifiable_ol,2009,2010,true,evaluable_complete_history_window,,92,92,92,92,90,90,0,0,17,17,0,9,8,17,17,0,2,false,136,0,0,47,0.34558823529411764,3,36,10,1,9,8,0.47058823529411764,12,7
2016,113,Massachusetts,true,roster_present_with_identifiable_ol,2009,2010,true,evaluable_complete_history_window,,111,111,111,111,111,110,0,0,16,16,0,9,7,19,16,0,0,false,120,0,0,58,0.48333333333333334,3,36,21,1,9,7,0.4375,12,7
2016,120,Maryland,true,roster_present_with_identifiable_ol,2009,2010,true,evaluable_complete_history_window,,116,116,116,116,115,115,0,0,16,16,0,12,4,27,16,0,2,false,120,0,0,105,0.875,4,66,28,10,12,4,0.25,12,7
2016,127,Michigan State,true,roster_present_with_identifiable_ol,2009,2010,true,evaluable_complete_history_window,,108,108,108,108,107,107,0,0,16,16,0,13,3,32,16,0,1,false,120,0,0,142,1.1833333333333333,4,78,55,6,13,3,0.1875,12,7
2016,130,Michigan,true,roster_present_with_identifiable_ol,2009,2010,true,evaluable_complete_history_window,,144,144,144,144,143,143,0,0,20,20,0,11,9,27,20,0,2,false,190,0,0,96,0.5052631578947369,4,55,28,10,11,9,0.45,12,7
2016,135,Minnesota,true,roster_present_with_identifiable_ol,2009,2010,true,evaluable_complete_history_window,,108,108,108,108,108,107,0,0,16,16,0,13,3,24,16,0,0,false,120,0,0,102,0.85,3,78,21,3,13,3,0.1875,12,7
2016,142,Missouri,true,roster_present_with_identifiable_ol,2009,2010,true,evaluable_complete_history_window,,108,108,108,108,108,107,0,0,17,17,0,9,8,16,17,0,0,false,136,0,0,45,0.33088235294117646,3,36,6,3,9,8,0.47058823529411764,12,7
2016,145,Ole Miss,true,roster_present_with_identifiable_ol,2009,2010,true,evaluable_complete_history_window,,124,124,124,124,123,123,0,0,16,16,0,12,4,25,16,0,1,false,120,0,0,100,0.8333333333333334,3,66,28,6,12,4,0.25,12,7
2016,150,Duke,true,roster_present_with_identifiable_ol,2009,2010,true,evaluable_complete_history_window,,101,101,101,101,100,100,0,0,15,15,0,11,4,28,15,0,1,false,105,0,0,107,1.019047619047619,4,55,36,15,11,4,0.26666666666666666,12,7
2016,151,East Carolina,true,roster_present_with_identifiable_ol,2009,2010,true,evaluable_complete_history_window,,108,108,108,108,107,106,0,0,15,15,0,9,6,17,15,0,2,false,105,0,0,51,0.4857142857142857,2,36,15,0,9,6,0.4,12,7
2016,152,NC State,true,roster_present_with_identifiable_ol,2009,2010,true,evaluable_complete_history_window,,111,111,111,111,111,110,0,0,20,20,0,12,8,25,20,0,1,false,190,0,0,104,0.5473684210526316,4,66,36,1,12,8,0.4,12,7
2016,153,North Carolina,true,roster_present_with_identifiable_ol,2009,2010,true,evaluable_complete_history_window,,104,104,104,104,104,103,0,0,17,17,0,12,5,30,17,0,8,false,136,0,0,120,0.8823529411764706,4,66,36,15,12,5,0.29411764705882354,12,7
2016,154,Wake Forest,true,roster_present_with_identifiable_ol,2009,2010,true,evaluable_complete_history_window,,99,99,99,99,99,99,0,0,12,12,0,10,2,25,12,0,1,false,66,0,0,91,1.378787878787879,3,45,36,10,10,2,0.16666666666666666,12,7
2016,158,Nebraska,true,roster_present_with_identifiable_ol,2009,2010,true,evaluable_complete_history_window,,131,131,131,131,130,128,0,0,19,19,0,15,4,36,19,0,1,false,171,0,0,184,1.0760233918128654,4,105,55,21,15,4,0.21052631578947367,12,7
2016,164,Rutgers,true,roster_present_with_identifiable_ol,2009,2010,true,evaluable_complete_history_window,,108,108,108,108,108,108,0,0,12,12,0,10,2,24,12,0,0,false,66,0,0,79,1.196969696969697,4,45,28,3,10,2,0.16666666666666666,12,7
2016,166,New Mexico State,true,roster_present_with_identifiable_ol,2009,2010,true,evaluable_complete_history_window,,114,114,114,114,113,112,0,0,16,16,0,6,10,15,16,0,2,false,120,0,0,28,0.23333333333333334,3,15,10,3,6,10,0.625,12,7
2016,167,New Mexico,true,roster_present_with_identifiable_ol,2009,2010,true,evaluable_complete_history_window,,130,130,130,130,129,129,0,0,19,19,0,9,10,21,19,0,2,false,171,0,0,55,0.3216374269005848,4,36,10,6,9,10,0.5263157894736842,12,7
2016,183,Syracuse,true,roster_present_with_identifiable_ol,2009,2010,true,evaluable_complete_history_window,,108,108,108,108,107,106,0,0,16,16,0,12,4,30,16,0,2,false,120,0,0,127,1.0583333333333333,4,66,45,15,12,4,0.25,12,7
2016,189,Bowling Green,true,roster_present_with_identifiable_ol,2009,2010,true,evaluable_complete_history_window,,109,109,109,109,109,108,0,0,18,18,0,12,6,33,18,0,1,false,153,0,0,138,0.9019607843137255,4,66,45,21,12,6,0.3333333333333333,12,7
2016,193,Miami (OH),true,roster_present_with_identifiable_ol,2009,2010,true,evaluable_complete_history_window,,104,104,104,104,103,102,0,0,14,14,0,9,5,18,14,0,1,false,91,0,0,54,0.5934065934065934,3,36,15,3,9,5,0.35714285714285715,12,7
2016,194,Ohio State,true,roster_present_with_identifiable_ol,2009,2010,true,evaluable_complete_history_window,,118,118,118,118,118,117,0,0,21,21,0,14,7,29,21,0,1,false,210,0,0,142,0.6761904761904762,3,91,45,6,14,7,0.3333333333333333,12,7
2016,195,Ohio,true,roster_present_with_identifiable_ol,2009,2010,true,evaluable_complete_history_window,,109,109,109,109,109,109,0,0,21,21,0,14,7,31,21,0,0,false,210,0,0,153,0.7285714285714285,4,91,55,6,14,7,0.3333333333333333,12,7
2016,197,Oklahoma State,true,roster_present_with_identifiable_ol,2009,2010,true,evaluable_complete_history_window,,124,124,124,124,124,123,0,0,17,17,0,11,6,22,17,0,0,false,136,0,0,79,0.5808823529411765,3,55,21,3,11,6,0.35294117647058826,12,7
2016,201,Oklahoma,true,roster_present_with_identifiable_ol,2009,2010,true,evaluable_complete_history_window,,122,122,122,122,122,121,0,0,18,18,0,15,3,27,18,0,0,false,153,0,0,132,0.8627450980392157,3,105,21,6,15,3,0.16666666666666666,12,7
2016,202,Tulsa,true,roster_present_with_identifiable_ol,2009,2010,true,evaluable_complete_history_window,,109,109,109,109,106,106,0,0,15,15,0,11,4,22,15,0,5,false,105,0,0,79,0.7523809523809524,3,55,21,3,11,4,0.26666666666666666,12,7
2016,204,Oregon State,true,roster_present_with_identifiable_ol,2009,2010,true,evaluable_complete_history_window,,112,112,112,112,112,110,0,0,19,19,0,17,2,39,19,0,0,false,171,0,0,243,1.4210526315789473,4,136,91,15,17,2,0.10526315789473684,12,7
2016,213,Penn State,true,roster_present_with_identifiable_ol,2009,2010,true,evaluable_complete_history_window,,112,112,112,112,111,110,0,0,18,18,0,15,3,35,18,0,1,false,153,0,0,174,1.1372549019607843,4,105,45,21,15,3,0.16666666666666666,12,7
2016,218,Temple,true,roster_present_with_identifiable_ol,2009,2010,true,evaluable_complete_history_window,,121,121,121,121,120,119,0,0,21,21,0,15,6,38,21,0,2,false,210,0,0,224,1.0666666666666667,3,105,91,28,15,6,0.2857142857142857,12,7
2016,221,Pittsburgh,true,roster_present_with_identifiable_ol,2009,2010,true,evaluable_complete_history_window,,105,105,105,105,105,105,0,0,20,20,0,16,4,36,20,0,0,false,190,0,0,202,1.063157894736842,4,120,66,15,16,4,0.2,12,7
2016,228,Clemson,true,roster_present_with_identifiable_ol,2009,2010,true,evaluable_complete_history_window,,112,112,112,112,112,112,0,0,18,18,0,14,4,23,18,0,0,false,153,0,0,107,0.6993464052287581,3,91,15,1,14,4,0.2222222222222222,12,7
2016,235,Memphis,true,roster_present_with_identifiable_ol,2009,2010,true,evaluable_complete_history_window,,111,111,111,111,111,111,0,0,18,18,0,11,7,22,18,0,1,false,153,0,0,76,0.49673202614379086,3,55,15,6,11,7,0.3888888888888889,12,7
2016,238,Vanderbilt,true,roster_present_with_identifiable_ol,2009,2010,true,evaluable_complete_history_window,,98,98,98,98,97,97,0,0,16,16,0,12,4,28,16,0,1,false,120,0,0,111,0.925,4,66,36,6,12,4,0.25,12,7
2016,239,Baylor,true,roster_present_with_identifiable_ol,2009,2010,true,evaluable_complete_history_window,,108,108,108,108,108,108,0,0,19,19,0,13,6,26,19,0,0,false,171,0,0,117,0.6842105263157895,3,78,36,3,13,6,0.3157894736842105,12,7
2016,242,Rice,true,roster_present_with_identifiable_ol,2009,2010,true,evaluable_complete_history_window,,106,106,106,106,105,105,0,0,19,19,0,12,7,27,19,0,3,false,171,0,0,105,0.6140350877192983,4,66,28,10,12,7,0.3684210526315789,12,7
2016,245,Texas A&M,true,roster_present_with_identifiable_ol,2009,2010,true,evaluable_complete_history_window,,108,108,108,108,107,107,0,0,15,15,0,12,3,17,15,0,3,false,105,0,0,76,0.7238095238095238,2,66,10,0,12,3,0.2,12,7
2016,248,Houston,true,roster_present_with_identifiable_ol,2009,2010,true,evaluable_complete_history_window,,117,117,117,117,117,117,0,0,17,17,0,10,7,20,17,0,0,false,136,0,0,63,0.4632352941176471,3,45,15,3,10,7,0.4117647058823529,12,7
2016,249,North Texas,true,roster_present_with_identifiable_ol,2009,2010,true,evaluable_complete_history_window,,115,115,115,115,115,115,0,0,17,17,0,12,5,18,17,0,4,false,136,0,0,76,0.5588235294117647,2,66,10,0,12,5,0.29411764705882354,12,7
2016,251,Texas,true,roster_present_with_identifiable_ol,2009,2010,true,evaluable_complete_history_window,,121,121,121,121,121,121,0,0,19,19,0,15,4,25,19,0,2,false,171,0,0,134,0.783625730994152,3,105,28,1,15,4,0.21052631578947367,12,7
2016,252,BYU,true,roster_present_with_identifiable_ol,2009,2010,true,evaluable_complete_history_window,,126,126,126,126,126,126,0,0,13,13,0,10,3,30,13,0,2,false,78,0,0,112,1.435897435897436,4,45,36,28,10,3,0.23076923076923078,12,7
2016,254,Utah,true,roster_present_with_identifiable_ol,2009,2010,true,evaluable_complete_history_window,,137,137,137,137,137,133,0,0,22,22,0,14,8,34,22,0,0,false,231,0,0,154,0.6666666666666666,4,91,45,15,14,8,0.36363636363636365,12,7
2016,258,Virginia,true,roster_present_with_identifiable_ol,2009,2010,true,evaluable_complete_history_window,,100,100,100,100,100,95,0,0,14,14,0,13,1,30,14,0,9,false,91,0,0,124,1.3626373626373627,4,78,28,15,13,1,0.07142857142857142,12,7
2016,259,Virginia Tech,true,roster_present_with_identifiable_ol,2009,2010,true,evaluable_complete_history_window,,118,118,118,118,117,117,0,0,21,21,0,14,7,30,21,0,4,false,210,0,0,146,0.6952380952380952,3,91,45,10,14,7,0.3333333333333333,12,7
2016,264,Washington,true,roster_present_with_identifiable_ol,2009,2010,true,evaluable_complete_history_window,,109,109,109,109,109,109,0,0,16,16,0,11,5,30,16,0,5,false,120,0,0,118,0.9833333333333333,4,55,45,15,11,5,0.3125,12,7
2016,265,Washington State,true,roster_present_with_identifiable_ol,2009,2010,true,evaluable_complete_history_window,,114,114,114,114,114,113,0,0,20,20,0,14,6,28,20,0,0,false,190,0,0,127,0.6684210526315789,3,91,21,15,14,6,0.3,12,7
2016,275,Wisconsin,true,roster_present_with_identifiable_ol,2009,2010,true,evaluable_complete_history_window,,102,102,102,102,102,102,0,0,16,16,0,12,4,22,16,0,0,false,120,0,0,88,0.7333333333333333,3,66,21,1,12,4,0.25,12,7
2016,276,Marshall,true,roster_present_with_identifiable_ol,2009,2010,true,evaluable_complete_history_window,,104,104,104,104,104,104,0,0,13,13,0,11,2,27,13,0,1,false,78,0,0,107,1.3717948717948718,4,55,45,6,11,2,0.15384615384615385,12,7
2016,277,West Virginia,true,roster_present_with_identifiable_ol,2009,2010,true,evaluable_complete_history_window,,132,132,132,132,131,131,0,0,17,17,0,14,3,33,17,0,1,false,136,0,0,154,1.1323529411764706,4,91,45,15,14,3,0.17647058823529413,12,7
2016,278,Fresno State,true,roster_present_with_identifiable_ol,2009,2010,true,evaluable_complete_history_window,,121,121,121,121,117,117,0,0,17,17,0,8,9,16,17,0,5,false,136,0,0,44,0.3235294117647059,3,28,15,1,8,9,0.5294117647058824,12,7
2016,290,Georgia Southern,true,roster_present_with_identifiable_ol,2009,2010,true,evaluable_complete_history_window,,124,124,124,124,122,121,0,0,20,20,0,14,6,23,20,0,3,false,190,0,0,119,0.6263157894736842,2,91,28,0,14,6,0.3,12,7
2016,295,Old Dominion,true,roster_present_with_identifiable_ol,2009,2010,true,evaluable_complete_history_window,,107,107,107,107,107,107,0,0,16,16,0,8,8,15,16,0,0,false,120,0,0,43,0.35833333333333334,2,28,15,0,8,8,0.5,12,7
2016,309,Louisiana,true,roster_present_with_identifiable_ol,2009,2010,true,evaluable_complete_history_window,,124,124,124,124,124,123,0,0,15,15,0,8,7,19,15,0,2,false,105,0,0,55,0.5238095238095238,3,28,21,6,8,7,0.4666666666666667,12,7
2016,326,Texas State,true,roster_present_with_identifiable_ol,2009,2010,true,evaluable_complete_history_window,,123,123,123,123,121,121,0,0,20,20,0,13,7,26,20,0,2,false,190,0,0,105,0.5526315789473685,4,78,21,3,13,7,0.35,12,7
2016,328,Utah State,true,roster_present_with_identifiable_ol,2009,2010,true,evaluable_complete_history_window,,113,113,113,113,113,113,0,0,18,18,0,14,4,32,18,0,4,false,153,0,0,152,0.9934640522875817,4,91,45,15,14,4,0.2222222222222222,12,7
2016,333,Alabama,true,roster_present_with_identifiable_ol,2009,2010,true,evaluable_complete_history_window,,129,129,129,129,129,129,0,0,17,17,0,13,4,28,17,0,0,false,136,0,0,121,0.8897058823529411,4,78,36,6,13,4,0.23529411764705882,12,7
2016,344,Mississippi State,true,roster_present_with_identifiable_ol,2009,2010,true,evaluable_complete_history_window,,125,125,125,125,125,117,0,0,15,15,0,9,6,21,15,0,29,false,105,0,0,61,0.580952380952381,4,36,21,3,9,6,0.4,12,7
2016,349,Army,true,roster_present_with_identifiable_ol,2009,2010,true,evaluable_complete_history_window,,155,155,155,155,154,154,0,0,32,32,0,20,12,34,32,0,1,false,496,0,0,232,0.46774193548387094,3,190,36,6,20,12,0.375,12,7
2016,356,Illinois,true,roster_present_with_identifiable_ol,2009,2010,true,evaluable_complete_history_window,,101,101,101,101,101,101,0,0,17,17,0,13,4,23,17,0,0,false,136,0,0,94,0.6911764705882353,3,78,10,6,13,4,0.23529411764705882,12,7
2016,2005,Air Force,true,roster_present_with_identifiable_ol,2009,2010,true,evaluable_complete_history_window,,143,143,143,143,141,140,0,0,25,25,0,13,12,17,25,0,13,false,300,0,0,84,0.28,2,78,6,0,13,12,0.48,12,7
2016,2006,Akron,true,roster_present_with_identifiable_ol,2009,2010,true,evaluable_complete_history_window,,118,118,118,118,118,116,0,0,17,17,0,8,9,16,17,0,0,false,136,0,0,41,0.3014705882352941,3,28,10,3,8,9,0.5294117647058824,12,7
2016,2026,App State,true,roster_present_with_identifiable_ol,2009,2010,true,evaluable_complete_history_window,,99,99,99,99,98,97,0,0,16,16,0,11,5,18,16,0,2,false,120,0,0,76,0.6333333333333333,2,55,21,0,11,5,0.3125,12,7
2016,2032,Arkansas State,true,roster_present_with_identifiable_ol,2009,2010,true,evaluable_complete_history_window,,119,119,119,119,118,115,0,0,15,15,0,11,4,26,15,0,4,false,105,0,0,86,0.819047619047619,4,55,15,10,11,4,0.26666666666666666,12,7
2016,2050,Ball State,true,roster_present_with_identifiable_ol,2009,2010,true,evaluable_complete_history_window,,105,105,105,105,105,105,0,0,19,19,0,12,7,29,19,0,0,false,171,0,0,118,0.6900584795321637,4,66,36,15,12,7,0.3684210526315789,12,7
2016,2084,Buffalo,true,roster_present_with_identifiable_ol,2009,2010,true,evaluable_complete_history_window,,111,111,111,111,111,111,0,0,21,21,0,11,10,25,21,0,0,false,210,0,0,90,0.42857142857142855,4,55,28,6,11,10,0.47619047619047616,12,7
2016,2116,UCF,true,roster_present_with_identifiable_ol,2009,2010,true,evaluable_complete_history_window,,118,118,118,118,118,114,0,0,19,19,0,10,9,27,19,0,4,false,171,0,0,95,0.5555555555555556,4,45,28,21,10,9,0.47368421052631576,12,7
2016,2117,Central Michigan,true,roster_present_with_identifiable_ol,2009,2010,true,evaluable_complete_history_window,,106,106,106,106,106,106,0,0,18,18,0,14,4,38,18,0,0,false,153,0,0,194,1.2679738562091503,4,91,66,36,14,4,0.2222222222222222,12,7
2016,2132,Cincinnati,true,roster_present_with_identifiable_ol,2009,2010,true,evaluable_complete_history_window,,103,103,103,103,103,103,0,0,21,21,0,13,8,30,21,0,0,false,210,0,0,130,0.6190476190476191,4,78,36,15,13,8,0.38095238095238093,12,7
2016,2199,Eastern Michigan,true,roster_present_with_identifiable_ol,2009,2010,true,evaluable_complete_history_window,,117,117,117,117,117,117,0,0,19,19,0,13,6,29,19,0,0,false,171,0,0,115,0.672514619883041,4,78,21,10,13,6,0.3157894736842105,12,7
2016,2226,Florida Atlantic,true,roster_present_with_identifiable_ol,2009,2010,true,evaluable_complete_history_window,,126,126,126,126,125,125,0,0,20,20,0,16,4,33,20,0,1,false,190,0,0,180,0.9473684210526315,3,120,45,15,16,4,0.2,12,7
2016,2229,Florida International,true,roster_present_with_identifiable_ol,2009,2010,true,evaluable_complete_history_window,,115,115,115,115,115,115,0,0,22,22,0,15,7,35,22,0,0,false,231,0,0,182,0.7878787878787878,4,105,55,21,15,7,0.3181818181818182,12,7
2016,2247,Georgia State,true,roster_present_with_identifiable_ol,2009,2010,true,evaluable_complete_history_window,,109,109,109,109,108,108,0,0,14,14,0,11,3,21,14,0,4,false,91,0,0,79,0.8681318681318682,3,55,21,3,11,3,0.21428571428571427,12,7
2016,2294,Iowa,true,roster_present_with_identifiable_ol,2009,2010,true,evaluable_complete_history_window,,116,116,116,116,116,114,0,0,19,19,0,14,5,34,19,0,1,false,171,0,0,164,0.9590643274853801,4,91,55,15,14,5,0.2631578947368421,12,7
2016,2305,Kansas,true,roster_present_with_identifiable_ol,2009,2010,true,evaluable_complete_history_window,,120,120,120,120,120,120,0,0,19,19,0,13,6,17,19,0,0,false,171,0,0,81,0.47368421052631576,2,78,3,0,13,6,0.3157894736842105,12,7
2016,2306,Kansas State,true,roster_present_with_identifiable_ol,2009,2010,true,evaluable_complete_history_window,,127,127,127,127,125,124,0,0,19,19,0,9,10,21,19,0,2,false,171,0,0,67,0.391812865497076,3,36,28,3,9,10,0.5263157894736842,12,7
2016,2309,Kent State,true,roster_present_with_identifiable_ol,2009,2010,true,evaluable_complete_history_window,,104,104,104,104,104,104,0,0,18,18,0,14,4,30,18,0,0,false,153,0,0,136,0.8888888888888888,4,91,36,6,14,4,0.2222222222222222,12,7
2016,2348,Louisiana Tech,true,roster_present_with_identifiable_ol,2009,2010,true,evaluable_complete_history_window,,123,123,123,123,123,112,0,0,18,18,0,11,7,23,18,0,6,false,153,0,0,80,0.5228758169934641,4,55,21,3,11,7,0.3888888888888889,12,7
2016,2390,Miami,true,roster_present_with_identifiable_ol,2009,2010,true,evaluable_complete_history_window,,117,117,117,117,115,115,0,0,16,16,0,13,3,25,16,0,2,false,120,0,0,109,0.9083333333333333,3,78,28,3,13,3,0.1875,12,7
2016,2393,Middle Tennessee,true,roster_present_with_identifiable_ol,2009,2010,true,evaluable_complete_history_window,,110,110,110,110,109,101,0,0,15,15,0,11,4,26,15,0,2,false,105,0,0,94,0.8952380952380953,4,55,28,10,11,4,0.26666666666666666,12,7
2016,2426,Navy,true,roster_present_with_identifiable_ol,2009,2010,true,evaluable_complete_history_window,,165,165,165,165,165,165,0,0,37,37,0,21,16,36,37,0,17,false,666,0,0,271,0.4069069069069069,3,210,55,6,21,16,0.43243243243243246,12,7
2016,2429,Charlotte,true,roster_present_with_identifiable_ol,2009,2010,true,evaluable_complete_history_window,,121,121,121,121,120,120,0,0,18,18,0,11,7,12,18,0,7,false,153,0,0,55,0.35947712418300654,1,55,0,0,11,7,0.3888888888888889,12,7
2016,2433,UL Monroe,true,roster_present_with_identifiable_ol,2009,2010,true,evaluable_complete_history_window,,111,111,111,111,110,101,0,0,19,19,0,10,9,17,19,0,1,false,171,0,0,52,0.30409356725146197,3,45,6,1,10,9,0.47368421052631576,12,7
2016,2439,UNLV,true,roster_present_with_identifiable_ol,2009,2010,true,evaluable_complete_history_window,,106,106,106,106,105,104,0,0,14,14,0,7,7,11,14,0,1,false,91,0,0,23,0.25274725274725274,3,21,1,1,7,7,0.5,12,7
2016,2440,Nevada,true,roster_present_with_identifiable_ol,2009,2010,true,evaluable_complete_history_window,,115,115,115,115,115,115,0,0,17,17,0,12,5,27,17,0,0,false,136,0,0,105,0.7720588235294118,4,66,28,10,12,5,0.29411764705882354,12,7
2016,2459,Northern Illinois,true,roster_present_with_identifiable_ol,2009,2010,true,evaluable_complete_history_window,,108,108,108,108,107,107,0,0,17,17,0,13,4,30,17,0,7,false,136,0,0,126,0.9264705882352942,4,78,36,6,13,4,0.23529411764705882,12,7
2016,2483,Oregon,true,roster_present_with_identifiable_ol,2009,2010,true,evaluable_complete_history_window,,126,126,126,126,126,126,0,0,19,19,0,7,12,16,19,0,0,false,171,0,0,37,0.21637426900584794,3,21,10,6,7,12,0.631578947368421,12,7
2016,2509,Purdue,true,roster_present_with_identifiable_ol,2009,2010,true,evaluable_complete_history_window,,109,109,109,109,107,107,0,0,17,17,0,12,5,30,17,0,2,false,136,0,0,124,0.9117647058823529,4,66,45,10,12,5,0.29411764705882354,12,7
2016,2567,SMU,true,roster_present_with_identifiable_ol,2009,2010,true,evaluable_complete_history_window,,114,114,114,114,114,114,0,0,18,18,0,12,6,25,18,0,1,false,153,0,0,105,0.6862745098039216,3,66,36,3,12,6,0.3333333333333333,12,7
2016,2572,Southern Miss,true,roster_present_with_identifiable_ol,2009,2010,true,evaluable_complete_history_window,,115,115,115,115,115,114,0,0,16,16,0,9,7,25,16,0,3,false,120,0,0,75,0.625,4,36,21,15,9,7,0.4375,12,7
2016,2579,South Carolina,true,roster_present_with_identifiable_ol,2009,2010,true,evaluable_complete_history_window,,118,118,118,118,118,118,0,0,14,14,0,9,5,17,14,0,1,false,91,0,0,45,0.4945054945054945,3,36,6,3,9,5,0.35714285714285715,12,7
2016,2628,TCU,true,roster_present_with_identifiable_ol,2009,2010,true,evaluable_complete_history_window,,120,120,120,120,120,119,0,0,18,18,0,9,9,22,18,0,0,false,153,0,0,67,0.43790849673202614,3,36,21,10,9,9,0.5,12,7
2016,2633,Tennessee,true,roster_present_with_identifiable_ol,2009,2010,true,evaluable_complete_history_window,,122,122,122,122,122,121,0,0,21,21,0,14,7,25,21,0,2,false,210,0,0,118,0.5619047619047619,3,91,21,6,14,7,0.3333333333333333,12,7
2016,2636,UTSA,true,roster_present_with_identifiable_ol,2009,2010,true,evaluable_complete_history_window,,127,127,127,127,126,126,0,0,18,18,0,10,8,18,18,0,2,false,153,0,0,54,0.35294117647058826,3,45,6,3,10,8,0.4444444444444444,12,7
2016,2638,UTEP,true,roster_present_with_identifiable_ol,2009,2010,true,evaluable_complete_history_window,,123,123,123,123,123,123,0,0,17,17,0,11,6,30,17,0,0,false,136,0,0,122,0.8970588235294118,4,55,45,21,11,6,0.35294117647058826,12,7
2016,2641,Texas Tech,true,roster_present_with_identifiable_ol,2009,2010,true,evaluable_complete_history_window,,122,122,122,122,122,121,0,0,21,21,0,12,9,20,21,0,2,false,210,0,0,73,0.3476190476190476,3,66,6,1,12,9,0.42857142857142855,12,7
2016,2649,Toledo,true,roster_present_with_identifiable_ol,2009,2010,true,evaluable_complete_history_window,,118,118,118,118,118,118,0,0,14,14,0,12,2,31,14,0,1,false,91,0,0,126,1.3846153846153846,4,66,36,21,12,2,0.14285714285714285,12,7
2016,2653,Troy,true,roster_present_with_identifiable_ol,2009,2010,true,evaluable_complete_history_window,,119,119,119,119,119,114,0,0,20,20,0,14,6,31,20,0,0,false,190,0,0,141,0.7421052631578947,4,91,28,21,14,6,0.3,12,7
2016,2655,Tulane,true,roster_present_with_identifiable_ol,2009,2010,true,evaluable_complete_history_window,,97,97,97,97,96,96,0,0,17,17,0,12,5,21,17,0,1,false,136,0,0,84,0.6176470588235294,3,66,15,3,12,5,0.29411764705882354,12,7
2016,2711,Western Michigan,true,roster_present_with_identifiable_ol,2009,2010,true,evaluable_complete_history_window,,88,88,88,88,87,87,0,0,13,13,0,9,4,20,13,0,1,false,78,0,0,60,0.7692307692307693,3,36,21,3,9,4,0.3076923076923077,12,7
2016,2751,Wyoming,true,roster_present_with_identifiable_ol,2009,2010,true,evaluable_complete_history_window,,109,109,109,109,109,109,0,0,17,17,0,13,4,28,17,0,4,false,136,0,0,129,0.9485294117647058,3,78,45,6,13,4,0.23529411764705882,12,7
2017,2,Auburn,true,roster_present_with_identifiable_ol,2009,2010,true,evaluable_complete_history_window,,108,108,108,108,108,108,0,0,16,16,0,11,5,21,16,0,3,false,120,0,0,84,0.7,3,55,28,1,11,5,0.3125,13,8
2017,5,UAB,true,roster_present_with_identifiable_ol,2009,2010,true,evaluable_complete_history_window,,143,143,143,143,142,141,0,0,27,27,0,1,26,2,27,0,1,false,351,0,0,0,0.0,0,0,0,0,1,26,0.9629629629629629,13,8
2017,6,South Alabama,true,roster_present_with_identifiable_ol,2009,2010,true,evaluable_complete_history_window,,119,119,119,119,119,118,0,0,19,19,0,14,5,22,19,0,1,false,171,0,0,102,0.5964912280701754,3,91,10,1,14,5,0.2631578947368421,13,8
2017,8,Arkansas,true,roster_present_with_identifiable_ol,2009,2010,true,evaluable_complete_history_window,,125,125,125,125,125,124,0,0,18,18,0,16,2,29,18,0,0,false,153,0,0,158,1.0326797385620916,3,120,28,10,16,2,0.1111111111111111,13,8
2017,9,Arizona State,true,roster_present_with_identifiable_ol,2009,2010,true,evaluable_complete_history_window,,123,123,123,123,122,121,0,0,17,17,0,15,2,25,17,0,1,false,136,0,0,121,0.8897058823529411,3,105,10,6,15,2,0.11764705882352941,13,8
2017,12,Arizona,true,roster_present_with_identifiable_ol,2009,2010,true,evaluable_complete_history_window,,124,124,124,124,124,123,0,0,18,18,0,10,8,23,18,0,2,false,153,0,0,76,0.49673202614379086,3,45,21,10,10,8,0.4444444444444444,13,8
2017,21,San Diego State,true,roster_present_with_identifiable_ol,2009,2010,true,evaluable_complete_history_window,,110,110,110,110,110,110,0,0,18,18,0,11,7,23,18,0,0,false,153,0,0,77,0.5032679738562091,4,55,15,6,11,7,0.3888888888888889,13,8
2017,23,San José State,true,roster_present_with_identifiable_ol,2009,2010,true,evaluable_complete_history_window,,112,112,112,112,112,111,0,0,17,17,0,12,5,32,17,0,0,false,136,0,0,129,0.9485294117647058,4,66,36,21,12,5,0.29411764705882354,13,8
2017,24,Stanford,true,roster_present_with_identifiable_ol,2009,2010,true,evaluable_complete_history_window,,104,104,104,104,104,103,0,0,16,16,0,14,2,32,16,0,6,false,120,0,0,161,1.3416666666666666,3,91,55,15,14,2,0.125,13,8
2017,25,California,true,roster_present_with_identifiable_ol,2009,2010,true,evaluable_complete_history_window,,112,112,112,112,112,112,0,0,14,14,0,8,6,18,14,0,2,false,91,0,0,46,0.5054945054945055,3,28,15,3,8,6,0.42857142857142855,13,8
2017,26,UCLA,true,roster_present_with_identifiable_ol,2009,2010,true,evaluable_complete_history_window,,118,118,118,118,118,118,0,0,21,21,0,14,7,33,21,0,0,false,210,0,0,159,0.7571428571428571,4,91,55,10,14,7,0.3333333333333333,13,8
2017,30,USC,true,roster_present_with_identifiable_ol,2009,2010,true,evaluable_complete_history_window,,111,111,111,111,111,109,0,0,18,18,0,16,2,40,18,0,5,false,153,0,0,229,1.4967320261437909,4,120,78,28,16,2,0.1111111111111111,13,8
2017,36,Colorado State,true,roster_present_with_identifiable_ol,2009,2010,true,evaluable_complete_history_window,,111,111,111,111,110,109,0,0,16,16,0,10,6,25,16,0,1,false,120,0,0,79,0.6583333333333333,4,45,21,10,10,6,0.375,13,8
2017,38,Colorado,true,roster_present_with_identifiable_ol,2009,2010,true,evaluable_complete_history_window,,115,115,115,115,115,113,0,0,18,18,0,14,4,30,18,0,8,false,153,0,0,128,0.8366013071895425,4,91,28,6,14,4,0.2222222222222222,13,8
2017,41,UConn,true,roster_present_with_identifiable_ol,2009,2010,true,evaluable_complete_history_window,,104,104,104,104,104,103,0,0,19,19,0,13,6,30,19,0,0,false,171,0,0,128,0.7485380116959064,4,78,28,21,13,6,0.3157894736842105,13,8
2017,52,Florida State,true,roster_present_with_identifiable_ol,2009,2010,true,evaluable_complete_history_window,,125,125,125,125,125,124,0,0,20,20,0,16,4,33,20,0,0,false,190,0,0,190,1.0,3,120,55,15,16,4,0.2,13,8
2017,57,Florida,true,roster_present_with_identifiable_ol,2009,2010,true,evaluable_complete_history_window,,123,123,123,123,123,122,0,0,18,18,0,12,6,26,18,0,2,false,153,0,0,108,0.7058823529411765,3,66,36,6,12,6,0.3333333333333333,13,8
2017,58,South Florida,true,roster_present_with_identifiable_ol,2009,2010,true,evaluable_complete_history_window,,110,110,110,110,110,110,0,0,19,19,0,13,6,26,19,0,0,false,171,0,0,106,0.6198830409356725,4,78,21,6,13,6,0.3157894736842105,13,8
2017,59,Georgia Tech,true,roster_present_with_identifiable_ol,2009,2010,true,evaluable_complete_history_window,,100,100,100,100,100,99,0,0,17,17,0,11,6,26,17,0,10,false,136,0,0,94,0.6911764705882353,4,55,28,10,11,6,0.35294117647058826,13,8
2017,61,Georgia,true,roster_present_with_identifiable_ol,2009,2010,true,evaluable_complete_history_window,,133,133,133,133,132,132,0,0,19,19,0,14,5,35,19,0,7,false,171,0,0,170,0.9941520467836257,4,91,55,21,14,5,0.2631578947368421,13,8
2017,62,Hawai'i,true,roster_present_with_identifiable_ol,2009,2010,true,evaluable_complete_history_window,,128,128,128,128,128,127,0,0,17,17,0,10,7,21,17,0,0,false,136,0,0,69,0.5073529411764706,3,45,21,3,10,7,0.4117647058823529,13,8
2017,66,Iowa State,true,roster_present_with_identifiable_ol,2009,2010,true,evaluable_complete_history_window,,118,118,118,118,118,117,0,0,20,20,0,14,6,31,20,0,1,false,190,0,0,133,0.7,4,91,21,15,14,6,0.3,13,8
2017,68,Boise State,true,roster_present_with_identifiable_ol,2009,2010,true,evaluable_complete_history_window,,98,98,98,98,98,97,0,0,15,15,0,9,6,17,15,0,10,false,105,0,0,43,0.4095238095238095,4,36,3,3,9,6,0.4,13,8
2017,70,Idaho,true,roster_present_with_identifiable_ol,2009,2010,true,evaluable_complete_history_window,,46,46,46,46,45,45,0,0,1,1,0,0,1,0,1,0,2,false,0,0,0,0,,,0,0,0,0,1,1.0,13,8
2017,77,Northwestern,true,roster_present_with_identifiable_ol,2009,2010,true,evaluable_complete_history_window,,101,101,101,101,101,101,0,0,16,16,0,8,8,24,16,0,8,false,120,0,0,65,0.5416666666666666,4,28,21,10,8,8,0.5,13,8
2017,84,Indiana,true,roster_present_with_identifiable_ol,2009,2010,true,evaluable_complete_history_window,,112,112,112,112,112,111,0,0,16,16,0,11,5,26,16,0,0,false,120,0,0,90,0.75,4,55,28,6,11,5,0.3125,13,8
2017,87,Notre Dame,true,roster_present_with_identifiable_ol,2009,2010,true,evaluable_complete_history_window,,111,111,111,111,111,111,0,0,17,17,0,12,5,29,17,0,0,false,136,0,0,116,0.8529411764705882,4,66,28,21,12,5,0.29411764705882354,13,8
2017,96,Kentucky,true,roster_present_with_identifiable_ol,2009,2010,true,evaluable_complete_history_window,,111,111,111,111,111,111,0,0,14,14,0,8,6,23,14,0,1,false,91,0,0,62,0.6813186813186813,4,28,21,10,8,6,0.42857142857142855,13,8
2017,97,Louisville,true,roster_present_with_identifiable_ol,2009,2010,true,evaluable_complete_history_window,,113,113,113,113,113,112,0,0,17,17,0,12,5,21,17,0,0,false,136,0,0,88,0.6470588235294118,3,66,21,1,12,5,0.29411764705882354,13,8
2017,98,Western Kentucky,true,roster_present_with_identifiable_ol,2009,2010,true,evaluable_complete_history_window,,106,106,106,106,106,105,0,0,18,18,0,12,6,29,18,0,0,false,153,0,0,120,0.7843137254901961,4,66,45,6,12,6,0.3333333333333333,13,8
2017,99,LSU,true,roster_present_with_identifiable_ol,2009,2010,true,evaluable_complete_history_window,,125,125,125,125,125,124,0,0,19,19,0,10,9,19,19,0,0,false,171,0,0,67,0.391812865497076,3,45,21,1,10,9,0.47368421052631576,13,8
2017,103,Boston College,true,roster_present_with_identifiable_ol,2009,2010,true,evaluable_complete_history_window,,99,99,99,99,99,99,0,0,20,20,0,13,7,23,20,0,0,false,190,0,0,102,0.5368421052631579,3,78,21,3,13,7,0.35,13,8
2017,113,Massachusetts,true,roster_present_with_identifiable_ol,2009,2010,true,evaluable_complete_history_window,,111,111,111,111,111,110,0,0,14,14,0,10,4,20,14,0,0,false,91,0,0,61,0.6703296703296703,3,45,10,6,10,4,0.2857142857142857,13,8
2017,120,Maryland,true,roster_present_with_identifiable_ol,2009,2010,true,evaluable_complete_history_window,,107,107,107,107,106,106,0,0,17,17,0,9,8,17,17,0,1,false,136,0,0,49,0.3602941176470588,3,36,10,3,9,8,0.47058823529411764,13,8
2017,127,Michigan State,true,roster_present_with_identifiable_ol,2009,2010,true,evaluable_complete_history_window,,101,101,101,101,101,100,0,0,16,16,0,11,5,28,16,0,0,false,120,0,0,112,0.9333333333333333,3,55,36,21,11,5,0.3125,13,8
2017,130,Michigan,true,roster_present_with_identifiable_ol,2009,2010,true,evaluable_complete_history_window,,144,144,144,144,144,142,0,0,18,18,0,13,5,22,18,0,1,false,153,0,0,91,0.5947712418300654,3,78,10,3,13,5,0.2777777777777778,13,8
2017,135,Minnesota,true,roster_present_with_identifiable_ol,2009,2010,true,evaluable_complete_history_window,,96,96,96,96,96,96,0,0,14,14,0,9,5,18,14,0,0,false,91,0,0,58,0.6373626373626373,3,36,21,1,9,5,0.35714285714285715,13,8
2017,142,Missouri,true,roster_present_with_identifiable_ol,2009,2010,true,evaluable_complete_history_window,,117,117,117,117,117,115,0,0,16,16,0,13,3,28,16,0,0,false,120,0,0,115,0.9583333333333334,4,78,28,6,13,3,0.1875,13,8
2017,145,Ole Miss,true,roster_present_with_identifiable_ol,2009,2010,true,evaluable_complete_history_window,,127,127,127,127,126,125,0,0,16,16,0,11,5,26,16,0,2,false,120,0,0,89,0.7416666666666667,4,55,21,10,11,5,0.3125,13,8
2017,150,Duke,true,roster_present_with_identifiable_ol,2009,2010,true,evaluable_complete_history_window,,97,97,97,97,97,95,0,0,18,18,0,11,7,26,18,0,0,false,153,0,0,89,0.5816993464052288,4,55,21,10,11,7,0.3888888888888889,13,8
2017,151,East Carolina,true,roster_present_with_identifiable_ol,2009,2010,true,evaluable_complete_history_window,,110,110,110,110,110,110,0,0,18,18,0,10,8,20,18,0,1,false,153,0,0,66,0.43137254901960786,3,45,15,6,10,8,0.4444444444444444,13,8
2017,152,NC State,true,roster_present_with_identifiable_ol,2009,2010,true,evaluable_complete_history_window,,107,107,107,107,107,106,0,0,20,20,0,16,4,33,20,0,1,false,190,0,0,186,0.9789473684210527,3,120,45,21,16,4,0.2,13,8
2017,153,North Carolina,true,roster_present_with_identifiable_ol,2009,2010,true,evaluable_complete_history_window,,109,109,109,109,109,107,0,0,15,15,0,11,4,21,15,0,10,false,105,0,0,73,0.6952380952380952,3,55,15,3,11,4,0.26666666666666666,13,8
2017,154,Wake Forest,true,roster_present_with_identifiable_ol,2009,2010,true,evaluable_complete_history_window,,92,92,92,92,91,90,0,0,11,11,0,7,4,17,11,0,1,false,55,0,0,37,0.6727272727272727,3,21,10,6,7,4,0.36363636363636365,13,8
2017,158,Nebraska,true,roster_present_with_identifiable_ol,2009,2010,true,evaluable_complete_history_window,,125,125,125,125,125,124,0,0,18,18,0,12,6,26,18,0,0,false,153,0,0,104,0.6797385620915033,3,66,28,10,12,6,0.3333333333333333,13,8
2017,164,Rutgers,true,roster_present_with_identifiable_ol,2009,2010,true,evaluable_complete_history_window,,106,106,106,106,106,106,0,0,17,17,0,9,8,21,17,0,0,false,136,0,0,67,0.49264705882352944,3,36,21,10,9,8,0.47058823529411764,13,8
2017,166,New Mexico State,true,roster_present_with_identifiable_ol,2009,2010,true,evaluable_complete_history_window,,117,117,117,117,116,116,0,0,16,16,0,8,8,12,16,0,1,false,120,0,0,30,0.25,3,28,1,1,8,8,0.5,13,8
2017,167,New Mexico,true,roster_present_with_identifiable_ol,2009,2010,true,evaluable_complete_history_window,,130,130,130,130,129,129,0,0,17,17,0,11,6,15,17,0,2,false,136,0,0,58,0.4264705882352941,2,55,3,0,11,6,0.35294117647058826,13,8
2017,183,Syracuse,true,roster_present_with_identifiable_ol,2009,2010,true,evaluable_complete_history_window,,98,98,98,98,98,97,0,0,14,14,0,11,3,25,14,0,0,false,91,0,0,87,0.9560439560439561,4,55,21,10,11,3,0.21428571428571427,13,8
2017,189,Bowling Green,true,roster_present_with_identifiable_ol,2009,2010,true,evaluable_complete_history_window,,114,114,114,114,114,114,0,0,14,14,0,11,3,25,14,0,1,false,91,0,0,83,0.9120879120879121,4,55,15,10,11,3,0.21428571428571427,13,8
2017,193,Miami (OH),true,roster_present_with_identifiable_ol,2009,2010,true,evaluable_complete_history_window,,110,110,110,110,110,110,0,0,15,15,0,12,3,27,15,0,0,false,105,0,0,105,1.0,4,66,28,10,12,3,0.2,13,8
2017,194,Ohio State,true,roster_present_with_identifiable_ol,2009,2010,true,evaluable_complete_history_window,,114,114,114,114,114,113,0,0,17,17,0,15,2,31,17,0,0,false,136,0,0,152,1.1176470588235294,4,105,36,10,15,2,0.11764705882352941,13,8
2017,195,Ohio,true,roster_present_with_identifiable_ol,2009,2010,true,evaluable_complete_history_window,,113,113,113,113,113,113,0,0,19,19,0,13,6,29,19,0,0,false,171,0,0,127,0.7426900584795322,3,78,28,21,13,6,0.3157894736842105,13,8
2017,197,Oklahoma State,true,roster_present_with_identifiable_ol,2009,2010,true,evaluable_complete_history_window,,115,115,115,115,115,114,0,0,19,19,0,10,9,21,19,0,0,false,171,0,0,66,0.38596491228070173,3,45,15,6,10,9,0.47368421052631576,13,8
2017,201,Oklahoma,true,roster_present_with_identifiable_ol,2009,2010,true,evaluable_complete_history_window,,107,107,107,107,107,105,0,0,16,16,0,14,2,28,16,0,1,false,120,0,0,149,1.2416666666666667,3,91,55,3,14,2,0.125,13,8
2017,202,Tulsa,true,roster_present_with_identifiable_ol,2009,2010,true,evaluable_complete_history_window,,107,107,107,107,106,106,0,0,15,15,0,12,3,28,15,0,2,false,105,0,0,110,1.0476190476190477,4,66,28,15,12,3,0.2,13,8
2017,204,Oregon State,true,roster_present_with_identifiable_ol,2009,2010,true,evaluable_complete_history_window,,108,108,108,108,108,107,0,0,14,14,0,9,5,26,14,0,0,false,91,0,0,86,0.945054945054945,4,36,28,21,9,5,0.35714285714285715,13,8
2017,213,Penn State,true,roster_present_with_identifiable_ol,2009,2010,true,evaluable_complete_history_window,,108,108,108,108,108,107,0,0,16,16,0,10,6,25,16,0,0,false,120,0,0,79,0.6583333333333333,4,45,21,10,10,6,0.375,13,8
2017,218,Temple,true,roster_present_with_identifiable_ol,2009,2010,true,evaluable_complete_history_window,,122,122,122,122,122,119,0,0,18,18,0,16,2,44,18,0,0,false,153,0,0,251,1.6405228758169934,4,120,66,55,16,2,0.1111111111111111,13,8
2017,221,Pittsburgh,true,roster_present_with_identifiable_ol,2009,2010,true,evaluable_complete_history_window,,96,96,96,96,96,95,0,0,15,15,0,10,5,22,15,0,0,false,105,0,0,70,0.6666666666666666,3,45,15,10,10,5,0.3333333333333333,13,8
2017,228,Clemson,true,roster_present_with_identifiable_ol,2009,2010,true,evaluable_complete_history_window,,114,114,114,114,114,114,0,0,16,16,0,13,3,29,16,0,0,false,120,0,0,133,1.1083333333333334,3,78,45,10,13,3,0.1875,13,8
2017,235,Memphis,true,roster_present_with_identifiable_ol,2009,2010,true,evaluable_complete_history_window,,121,121,121,121,120,114,0,0,20,20,0,12,8,24,20,0,7,false,190,0,0,88,0.4631578947368421,4,66,15,6,12,8,0.4,13,8
2017,238,Vanderbilt,true,roster_present_with_identifiable_ol,2009,2010,true,evaluable_complete_history_window,,100,100,100,100,100,99,0,0,16,16,0,9,7,20,16,0,0,false,120,0,0,63,0.525,3,36,21,6,9,7,0.4375,13,8
2017,239,Baylor,true,roster_present_with_identifiable_ol,2009,2010,true,evaluable_complete_history_window,,117,117,117,117,117,117,0,0,16,16,0,11,5,20,16,0,0,false,120,0,0,71,0.5916666666666667,3,55,10,6,11,5,0.3125,13,8
2017,242,Rice,true,roster_present_with_identifiable_ol,2009,2010,true,evaluable_complete_history_window,,97,97,97,97,97,97,0,0,17,17,0,14,3,31,17,0,1,false,136,0,0,137,1.0073529411764706,4,91,28,15,14,3,0.17647058823529413,13,8
2017,245,Texas A&M,true,roster_present_with_identifiable_ol,2009,2010,true,evaluable_complete_history_window,,120,120,120,120,120,119,0,0,19,19,0,10,9,18,19,0,1,false,171,0,0,66,0.38596491228070173,2,45,21,0,10,9,0.47368421052631576,13,8
2017,248,Houston,true,roster_present_with_identifiable_ol,2009,2010,true,evaluable_complete_history_window,,117,117,117,117,117,115,0,0,18,18,0,12,6,23,18,0,0,false,153,0,0,87,0.5686274509803921,3,66,15,6,12,6,0.3333333333333333,13,8
2017,249,North Texas,true,roster_present_with_identifiable_ol,2009,2010,true,evaluable_complete_history_window,,119,119,119,119,119,119,0,0,18,18,0,10,8,18,18,0,2,false,153,0,0,61,0.39869281045751637,3,45,15,1,10,8,0.4444444444444444,13,8
2017,251,Texas,true,roster_present_with_identifiable_ol,2009,2010,true,evaluable_complete_history_window,,109,109,109,109,109,109,0,0,20,20,0,13,7,28,20,0,3,false,190,0,0,133,0.7,3,78,45,10,13,7,0.35,13,8
2017,252,BYU,true,roster_present_with_identifiable_ol,2009,2010,true,evaluable_complete_history_window,,127,127,127,127,127,127,0,0,15,15,0,9,6,28,15,0,2,false,105,0,0,82,0.780952380952381,4,36,21,15,9,6,0.4,13,8
2017,254,Utah,true,roster_present_with_identifiable_ol,2009,2010,true,evaluable_complete_history_window,,129,129,129,129,129,128,0,0,23,23,0,15,8,32,23,0,0,false,253,0,0,157,0.6205533596837944,4,105,36,15,15,8,0.34782608695652173,13,8
2017,258,Virginia,true,roster_present_with_identifiable_ol,2009,2010,true,evaluable_complete_history_window,,95,95,95,95,95,88,0,0,14,14,0,7,7,19,14,0,5,false,91,0,0,43,0.4725274725274725,4,21,15,6,7,7,0.5,13,8
2017,259,Virginia Tech,true,roster_present_with_identifiable_ol,2009,2010,true,evaluable_complete_history_window,,109,109,109,109,109,104,0,0,19,19,0,18,1,39,19,0,4,false,171,0,0,232,1.3567251461988303,4,153,55,21,18,1,0.05263157894736842,13,8
2017,264,Washington,true,roster_present_with_identifiable_ol,2009,2010,true,evaluable_complete_history_window,,103,103,103,103,103,103,0,0,14,14,0,12,2,30,14,0,6,false,91,0,0,118,1.2967032967032968,4,66,28,21,12,2,0.14285714285714285,13,8
2017,265,Washington State,true,roster_present_with_identifiable_ol,2009,2010,true,evaluable_complete_history_window,,111,111,111,111,111,111,0,0,17,17,0,13,4,27,17,0,1,false,136,0,0,108,0.7941176470588235,4,78,21,6,13,4,0.23529411764705882,13,8
2017,275,Wisconsin,true,roster_present_with_identifiable_ol,2009,2010,true,evaluable_complete_history_window,,103,103,103,103,103,103,0,0,14,14,0,10,4,21,14,0,0,false,91,0,0,66,0.7252747252747253,3,45,15,6,10,4,0.2857142857142857,13,8
2017,276,Marshall,true,roster_present_with_identifiable_ol,2009,2010,true,evaluable_complete_history_window,,99,99,99,99,99,99,0,0,14,14,0,6,8,15,14,0,1,false,91,0,0,31,0.34065934065934067,3,15,10,6,6,8,0.5714285714285714,13,8
2017,277,West Virginia,true,roster_present_with_identifiable_ol,2009,2010,true,evaluable_complete_history_window,,115,115,115,115,115,109,0,0,13,13,0,8,5,18,13,0,0,false,78,0,0,46,0.5897435897435898,3,28,15,3,8,5,0.38461538461538464,13,8
2017,278,Fresno State,true,roster_present_with_identifiable_ol,2009,2010,true,evaluable_complete_history_window,,118,118,118,118,118,118,0,0,19,19,0,13,6,25,19,0,0,false,171,0,0,99,0.5789473684210527,4,78,10,10,13,6,0.3157894736842105,13,8
2017,290,Georgia Southern,true,roster_present_with_identifiable_ol,2009,2010,true,evaluable_complete_history_window,,109,109,109,109,109,107,0,0,21,21,0,13,8,27,21,0,1,false,210,0,0,120,0.5714285714285714,3,78,36,6,13,8,0.38095238095238093,13,8
2017,295,Old Dominion,true,roster_present_with_identifiable_ol,2009,2010,true,evaluable_complete_history_window,,115,115,115,115,115,115,0,0,15,15,0,11,4,19,15,0,0,false,105,0,0,64,0.6095238095238096,3,55,6,3,11,4,0.26666666666666666,13,8
2017,309,Louisiana,true,roster_present_with_identifiable_ol,2009,2010,true,evaluable_complete_history_window,,117,117,117,117,117,117,0,0,14,14,0,12,2,26,14,0,0,false,91,0,0,94,1.032967032967033,4,66,15,10,12,2,0.14285714285714285,13,8
2017,324,Coastal Carolina,true,roster_present_with_identifiable_ol,2009,2010,true,evaluable_complete_history_window,,111,111,111,111,111,110,0,0,20,20,0,3,17,4,20,0,0,false,190,0,0,3,0.015789473684210527,1,3,0,0,3,17,0.85,13,8
2017,326,Texas State,true,roster_present_with_identifiable_ol,2009,2010,true,evaluable_complete_history_window,,107,107,107,107,107,107,0,0,15,15,0,11,4,18,15,0,0,false,105,0,0,66,0.6285714285714286,3,55,10,1,11,4,0.26666666666666666,13,8
2017,328,Utah State,true,roster_present_with_identifiable_ol,2009,2010,true,evaluable_complete_history_window,,117,117,117,117,117,116,0,0,18,18,0,9,9,24,18,0,2,false,153,0,0,73,0.477124183006536,4,36,21,15,9,9,0.5,13,8
2017,333,Alabama,true,roster_present_with_identifiable_ol,2009,2010,true,evaluable_complete_history_window,,126,126,126,126,126,125,0,0,17,17,0,8,9,18,17,0,0,false,136,0,0,46,0.3382352941176471,3,28,15,3,8,9,0.5294117647058824,13,8
2017,344,Mississippi State,true,roster_present_with_identifiable_ol,2009,2010,true,evaluable_complete_history_window,,111,111,111,111,111,111,0,0,16,16,0,11,5,19,16,0,10,false,120,0,0,68,0.5666666666666667,3,55,10,3,11,5,0.3125,13,8
2017,349,Army,true,roster_present_with_identifiable_ol,2009,2010,true,evaluable_complete_history_window,,177,177,177,177,177,177,0,0,33,33,0,20,13,36,33,0,0,false,528,0,0,245,0.4640151515151515,3,190,45,10,20,13,0.3939393939393939,13,8
2017,356,Illinois,true,roster_present_with_identifiable_ol,2009,2010,true,evaluable_complete_history_window,,105,105,105,105,104,104,0,0,14,14,0,10,4,20,14,0,1,false,91,0,0,67,0.7362637362637363,3,45,21,1,10,4,0.2857142857142857,13,8
2017,2005,Air Force,true,roster_present_with_identifiable_ol,2009,2010,true,evaluable_complete_history_window,,151,151,151,151,151,150,0,0,30,30,0,16,14,23,30,0,7,false,435,0,0,141,0.32413793103448274,2,120,21,0,16,14,0.4666666666666667,13,8
2017,2006,Akron,true,roster_present_with_identifiable_ol,2009,2010,true,evaluable_complete_history_window,,110,110,110,110,110,107,0,0,17,17,0,12,5,24,17,0,0,false,136,0,0,88,0.6470588235294118,4,66,15,6,12,5,0.29411764705882354,13,8
2017,2026,App State,true,roster_present_with_identifiable_ol,2009,2010,true,evaluable_complete_history_window,,113,113,113,113,113,106,0,0,21,21,0,13,8,26,21,0,2,false,210,0,0,116,0.5523809523809524,3,78,28,10,13,8,0.38095238095238093,13,8
2017,2032,Arkansas State,true,roster_present_with_identifiable_ol,2009,2010,true,evaluable_complete_history_window,,118,118,118,118,118,117,0,0,17,17,0,7,10,12,17,0,3,false,136,0,0,27,0.19852941176470587,2,21,6,0,7,10,0.5882352941176471,13,8
2017,2050,Ball State,true,roster_present_with_identifiable_ol,2009,2010,true,evaluable_complete_history_window,,103,103,103,103,103,103,0,0,15,15,0,14,1,32,15,0,0,false,105,0,0,145,1.380952380952381,4,91,36,15,14,1,0.06666666666666667,13,8
2017,2084,Buffalo,true,roster_present_with_identifiable_ol,2009,2010,true,evaluable_complete_history_window,,106,106,106,106,106,106,0,0,18,18,0,14,4,28,18,0,0,false,153,0,0,117,0.7647058823529411,4,91,15,10,14,4,0.2222222222222222,13,8
2017,2116,UCF,true,roster_present_with_identifiable_ol,2009,2010,true,evaluable_complete_history_window,,121,121,121,121,121,118,0,0,18,18,0,12,6,28,18,0,1,false,153,0,0,103,0.673202614379085,4,66,21,10,12,6,0.3333333333333333,13,8
2017,2117,Central Michigan,true,roster_present_with_identifiable_ol,2009,2010,true,evaluable_complete_history_window,,108,108,108,108,108,108,0,0,18,18,0,14,4,39,18,0,0,false,153,0,0,187,1.2222222222222223,4,91,45,36,14,4,0.2222222222222222,13,8
2017,2132,Cincinnati,true,roster_present_with_identifiable_ol,2009,2010,true,evaluable_complete_history_window,,100,100,100,100,100,100,0,0,17,17,0,13,4,28,17,0,0,false,136,0,0,109,0.8014705882352942,4,78,15,10,13,4,0.23529411764705882,13,8
2017,2199,Eastern Michigan,true,roster_present_with_identifiable_ol,2009,2010,true,evaluable_complete_history_window,,115,115,115,115,115,115,0,0,15,15,0,10,5,17,15,0,0,false,105,0,0,56,0.5333333333333333,3,45,10,1,10,5,0.3333333333333333,13,8
2017,2226,Florida Atlantic,true,roster_present_with_identifiable_ol,2009,2010,true,evaluable_complete_history_window,,133,133,133,133,133,133,0,0,24,24,0,12,12,30,24,0,0,false,276,0,0,118,0.427536231884058,4,66,36,10,12,12,0.5,13,8
2017,2229,Florida International,true,roster_present_with_identifiable_ol,2009,2010,true,evaluable_complete_history_window,,114,114,114,114,114,113,0,0,20,20,0,15,5,34,20,0,2,false,190,0,0,168,0.8842105263157894,4,105,45,15,15,5,0.25,13,8
2017,2247,Georgia State,true,roster_present_with_identifiable_ol,2009,2010,true,evaluable_complete_history_window,,109,109,109,109,108,108,0,0,13,13,0,7,6,16,13,0,3,false,78,0,0,34,0.4358974358974359,3,21,10,3,7,6,0.46153846153846156,13,8
2017,2294,Iowa,true,roster_present_with_identifiable_ol,2009,2010,true,evaluable_complete_history_window,,121,121,121,121,121,121,0,0,16,16,0,13,3,32,16,0,1,false,120,0,0,138,1.15,4,78,36,21,13,3,0.1875,13,8
2017,2305,Kansas,true,roster_present_with_identifiable_ol,2009,2010,true,evaluable_complete_history_window,,123,123,123,123,123,121,0,0,23,23,0,17,6,30,23,0,0,false,253,0,0,192,0.758893280632411,3,136,55,1,17,6,0.2608695652173913,13,8
2017,2306,Kansas State,true,roster_present_with_identifiable_ol,2009,2010,true,evaluable_complete_history_window,,122,122,122,122,122,121,0,0,19,19,0,15,4,25,19,0,0,false,171,0,0,121,0.7076023391812866,3,105,10,6,15,4,0.21052631578947367,13,8
2017,2309,Kent State,true,roster_present_with_identifiable_ol,2009,2010,true,evaluable_complete_history_window,,115,115,115,115,115,115,0,0,19,19,0,11,8,23,19,0,1,false,171,0,0,89,0.52046783625731,3,55,28,6,11,8,0.42105263157894735,13,8
2017,2348,Louisiana Tech,true,roster_present_with_identifiable_ol,2009,2010,true,evaluable_complete_history_window,,106,106,106,106,106,105,0,0,16,16,0,11,5,18,16,0,2,false,120,0,0,66,0.55,3,55,10,1,11,5,0.3125,13,8
2017,2390,Miami,true,roster_present_with_identifiable_ol,2009,2010,true,evaluable_complete_history_window,,106,106,106,106,106,106,0,0,12,12,0,10,2,22,12,0,0,false,66,0,0,79,1.196969696969697,3,45,28,6,10,2,0.16666666666666666,13,8
2017,2393,Middle Tennessee,true,roster_present_with_identifiable_ol,2009,2010,true,evaluable_complete_history_window,,118,118,118,118,117,104,0,0,17,17,0,9,8,21,17,0,2,false,136,0,0,58,0.4264705882352941,4,36,15,6,9,8,0.47058823529411764,13,8
2017,2426,Navy,true,roster_present_with_identifiable_ol,2009,2010,true,evaluable_complete_history_window,,176,176,176,176,176,176,0,0,36,36,0,27,9,48,36,0,10,false,630,0,0,463,0.734920634920635,3,351,91,21,27,9,0.25,13,8
2017,2429,Charlotte,true,roster_present_with_identifiable_ol,2009,2010,true,evaluable_complete_history_window,,110,110,110,110,110,110,0,0,15,15,0,11,4,18,15,0,3,false,105,0,0,70,0.6666666666666666,2,55,15,0,11,4,0.26666666666666666,13,8
2017,2433,UL Monroe,true,roster_present_with_identifiable_ol,2009,2010,true,evaluable_complete_history_window,,123,123,123,123,122,114,0,0,16,16,0,13,3,23,16,0,3,false,120,0,0,96,0.8,3,78,15,3,13,3,0.1875,13,8
2017,2439,UNLV,true,roster_present_with_identifiable_ol,2009,2010,true,evaluable_complete_history_window,,116,116,116,116,116,116,0,0,16,16,0,11,5,19,16,0,0,false,120,0,0,63,0.525,4,55,6,1,11,5,0.3125,13,8
2017,2440,Nevada,true,roster_present_with_identifiable_ol,2009,2010,true,evaluable_complete_history_window,,116,116,116,116,116,115,0,0,18,18,0,9,9,22,18,0,0,false,153,0,0,60,0.39215686274509803,4,36,15,6,9,9,0.5,13,8
2017,2459,Northern Illinois,true,roster_present_with_identifiable_ol,2009,2010,true,evaluable_complete_history_window,,94,94,94,94,94,94,0,0,15,15,0,9,6,17,15,0,5,false,105,0,0,49,0.4666666666666667,3,36,10,3,9,6,0.4,13,8
2017,2483,Oregon,true,roster_present_with_identifiable_ol,2009,2010,true,evaluable_complete_history_window,,105,105,105,105,105,103,0,0,17,17,0,13,4,24,17,0,0,false,136,0,0,93,0.6838235294117647,4,78,6,6,13,4,0.23529411764705882,13,8
2017,2509,Purdue,true,roster_present_with_identifiable_ol,2009,2010,true,evaluable_complete_history_window,,108,108,108,108,107,107,0,0,19,19,0,10,9,23,19,0,1,false,171,0,0,76,0.4444444444444444,3,45,21,10,10,9,0.47368421052631576,13,8
2017,2567,SMU,true,roster_present_with_identifiable_ol,2009,2010,true,evaluable_complete_history_window,,115,115,115,115,115,115,0,0,18,18,0,10,8,17,18,0,0,false,153,0,0,54,0.35294117647058826,3,45,6,3,10,8,0.4444444444444444,13,8
2017,2572,Southern Miss,true,roster_present_with_identifiable_ol,2009,2010,true,evaluable_complete_history_window,,129,129,129,129,129,127,0,0,19,19,0,8,11,17,19,0,4,false,171,0,0,38,0.2222222222222222,4,28,6,3,8,11,0.5789473684210527,13,8
2017,2579,South Carolina,true,roster_present_with_identifiable_ol,2009,2010,true,evaluable_complete_history_window,,105,105,105,105,105,105,0,0,14,14,0,11,3,24,14,0,1,false,91,0,0,87,0.9560439560439561,4,55,28,3,11,3,0.21428571428571427,13,8
2017,2628,TCU,true,roster_present_with_identifiable_ol,2009,2010,true,evaluable_complete_history_window,,132,132,132,132,132,131,0,0,20,20,0,16,4,33,20,0,0,false,190,0,0,162,0.8526315789473684,4,120,21,15,16,4,0.2,13,8
2017,2633,Tennessee,true,roster_present_with_identifiable_ol,2009,2010,true,evaluable_complete_history_window,,121,121,121,121,120,118,0,0,21,21,0,16,5,30,21,0,2,false,210,0,0,168,0.8,3,120,45,3,16,5,0.23809523809523808,13,8
2017,2636,UTSA,true,roster_present_with_identifiable_ol,2009,2010,true,evaluable_complete_history_window,,123,123,123,123,121,121,0,0,20,20,0,13,7,24,20,0,3,false,190,0,0,97,0.5105263157894737,4,78,15,3,13,7,0.35,13,8
2017,2638,UTEP,true,roster_present_with_identifiable_ol,2009,2010,true,evaluable_complete_history_window,,124,124,124,124,124,124,0,0,15,15,0,9,6,17,15,0,0,false,105,0,0,43,0.4095238095238095,4,36,3,3,9,6,0.4,13,8
2017,2641,Texas Tech,true,roster_present_with_identifiable_ol,2009,2010,true,evaluable_complete_history_window,,111,111,111,111,111,111,0,0,18,18,0,13,5,21,18,0,2,false,153,0,0,84,0.5490196078431373,2,78,6,0,13,5,0.2777777777777778,13,8
2017,2649,Toledo,true,roster_present_with_identifiable_ol,2009,2010,true,evaluable_complete_history_window,,102,102,102,102,102,101,0,0,14,14,0,9,5,24,14,0,0,false,91,0,0,69,0.7582417582417582,4,36,21,6,9,5,0.35714285714285715,13,8
2017,2653,Troy,true,roster_present_with_identifiable_ol,2009,2010,true,evaluable_complete_history_window,,115,115,115,115,115,113,0,0,14,14,0,12,2,22,14,0,1,false,91,0,0,88,0.967032967032967,3,66,21,1,12,2,0.14285714285714285,13,8
2017,2655,Tulane,true,roster_present_with_identifiable_ol,2009,2010,true,evaluable_complete_history_window,,92,92,92,92,92,91,0,0,13,13,0,12,1,25,13,0,0,false,78,0,0,100,1.2820512820512822,3,66,28,6,12,1,0.07692307692307693,13,8
2017,2711,Western Michigan,true,roster_present_with_identifiable_ol,2009,2010,true,evaluable_complete_history_window,,103,103,103,103,103,102,0,0,17,17,0,10,7,20,17,0,1,false,136,0,0,66,0.4852941176470588,3,45,15,6,10,7,0.4117647058823529,13,8
2017,2751,Wyoming,true,roster_present_with_identifiable_ol,2009,2010,true,evaluable_complete_history_window,,101,101,101,101,101,101,0,0,14,14,0,9,5,22,14,0,4,false,91,0,0,67,0.7362637362637363,3,36,21,10,9,5,0.35714285714285715,13,8
2018,2,Auburn,true,roster_present_with_identifiable_ol,2009,2010,true,evaluable_complete_history_window,,112,112,112,112,112,112,0,0,17,17,0,10,7,21,17,0,1,false,136,0,0,72,0.5294117647058824,3,45,21,6,10,7,0.4117647058823529,14,9
2018,5,UAB,true,roster_present_with_identifiable_ol,2009,2010,true,evaluable_complete_history_window,,130,130,130,130,130,129,0,0,24,24,0,20,4,20,24,0,0,false,276,0,0,190,0.6884057971014492,1,190,0,0,20,4,0.16666666666666666,14,9
2018,6,South Alabama,true,roster_present_with_identifiable_ol,2009,2010,true,evaluable_complete_history_window,,114,114,114,114,113,111,0,0,16,16,0,9,7,16,16,0,2,false,120,0,0,51,0.425,2,36,15,0,9,7,0.4375,14,9
2018,8,Arkansas,true,roster_present_with_identifiable_ol,2009,2010,true,evaluable_complete_history_window,,124,124,124,124,124,122,0,0,16,16,0,12,4,31,16,0,0,false,120,0,0,127,1.0583333333333333,4,66,45,10,12,4,0.25,14,9
2018,9,Arizona State,true,roster_present_with_identifiable_ol,2009,2010,true,evaluable_complete_history_window,,113,113,113,113,113,112,0,0,16,16,0,11,5,22,16,0,0,false,120,0,0,91,0.7583333333333333,2,55,36,0,11,5,0.3125,14,9
2018,12,Arizona,true,roster_present_with_identifiable_ol,2009,2010,true,evaluable_complete_history_window,,114,114,114,114,112,111,0,0,18,18,0,13,5,23,18,0,4,false,153,0,0,96,0.6274509803921569,3,78,15,3,13,5,0.2777777777777778,14,9
2018,21,San Diego State,true,roster_present_with_identifiable_ol,2009,2010,true,evaluable_complete_history_window,,107,107,107,107,106,106,0,0,15,15,0,11,4,23,15,0,1,false,105,0,0,72,0.6857142857142857,4,55,10,6,11,4,0.26666666666666666,14,9
2018,23,San José State,true,roster_present_with_identifiable_ol,2009,2010,true,evaluable_complete_history_window,,116,116,116,116,109,106,0,0,14,14,0,11,3,24,14,0,7,false,91,0,0,83,0.9120879120879121,4,55,21,6,11,3,0.21428571428571427,14,9
2018,24,Stanford,true,roster_present_with_identifiable_ol,2009,2010,true,evaluable_complete_history_window,,103,103,103,103,102,101,0,0,14,14,0,12,2,33,14,0,4,false,91,0,0,138,1.5164835164835164,4,66,45,21,12,2,0.14285714285714285,14,9
2018,25,California,true,roster_present_with_identifiable_ol,2009,2010,true,evaluable_complete_history_window,,103,103,103,103,103,103,0,0,16,16,0,12,4,26,16,0,2,false,120,0,0,98,0.8166666666666667,4,66,21,10,12,4,0.25,14,9
2018,26,UCLA,true,roster_present_with_identifiable_ol,2009,2010,true,evaluable_complete_history_window,,96,96,96,96,95,95,0,0,13,13,0,7,6,15,13,0,1,false,78,0,0,33,0.4230769230769231,3,21,6,6,7,6,0.46153846153846156,14,9
2018,30,USC,true,roster_present_with_identifiable_ol,2009,2010,true,evaluable_complete_history_window,,99,99,99,99,99,98,0,0,14,14,0,11,3,32,14,0,3,false,91,0,0,118,1.2967032967032968,4,55,36,21,11,3,0.21428571428571427,14,9
2018,36,Colorado State,true,roster_present_with_identifiable_ol,2009,2010,true,evaluable_complete_history_window,,101,101,101,101,101,100,0,0,14,14,0,9,5,19,14,0,0,false,91,0,0,49,0.5384615384615384,4,36,6,6,9,5,0.35714285714285715,14,9
2018,38,Colorado,true,roster_present_with_identifiable_ol,2009,2010,true,evaluable_complete_history_window,,115,115,115,115,115,113,0,0,15,15,0,10,5,22,15,0,4,false,105,0,0,76,0.7238095238095238,3,45,28,3,10,5,0.3333333333333333,14,9
2018,41,UConn,true,roster_present_with_identifiable_ol,2009,2010,true,evaluable_complete_history_window,,104,104,104,104,104,103,0,0,18,18,0,13,5,23,18,0,0,false,153,0,0,100,0.6535947712418301,3,78,21,1,13,5,0.2777777777777778,14,9
2018,52,Florida State,true,roster_present_with_identifiable_ol,2009,2010,true,evaluable_complete_history_window,,104,104,104,104,104,102,0,0,14,14,0,12,2,27,14,0,0,false,91,0,0,103,1.1318681318681318,4,66,28,6,12,2,0.14285714285714285,14,9
2018,57,Florida,true,roster_present_with_identifiable_ol,2009,2010,true,evaluable_complete_history_window,,123,123,123,123,123,121,0,0,15,15,0,12,3,29,15,0,7,false,105,0,0,118,1.1238095238095238,4,66,36,15,12,3,0.2,14,9
2018,58,South Florida,true,roster_present_with_identifiable_ol,2009,2010,true,evaluable_complete_history_window,,109,109,109,109,109,107,0,0,16,16,0,11,5,21,16,0,0,false,120,0,0,77,0.6416666666666667,3,55,21,1,11,5,0.3125,14,9
2018,59,Georgia Tech,true,roster_present_with_identifiable_ol,2009,2010,true,evaluable_complete_history_window,,105,105,105,105,104,102,0,0,18,18,0,12,6,28,18,0,7,false,153,0,0,105,0.6862745098039216,4,66,28,10,12,6,0.3333333333333333,14,9
2018,61,Georgia,true,roster_present_with_identifiable_ol,2009,2010,true,evaluable_complete_history_window,,123,123,123,123,123,123,0,0,16,16,0,10,6,23,16,0,2,false,120,0,0,64,0.5333333333333333,4,45,10,6,10,6,0.375,14,9
2018,62,Hawai'i,true,roster_present_with_identifiable_ol,2009,2010,true,evaluable_complete_history_window,,120,120,120,120,120,120,0,0,16,16,0,10,6,18,16,0,0,false,120,0,0,54,0.45,3,45,6,3,10,6,0.375,14,9
2018,66,Iowa State,true,roster_present_with_identifiable_ol,2009,2010,true,evaluable_complete_history_window,,110,110,110,110,107,106,0,0,15,15,0,12,3,22,15,0,4,false,105,0,0,88,0.8380952380952381,3,66,21,1,12,3,0.2,14,9
2018,68,Boise State,true,roster_present_with_identifiable_ol,2009,2010,true,evaluable_complete_history_window,,91,91,91,91,91,90,0,0,14,14,0,12,2,20,14,0,6,false,91,0,0,81,0.8901098901098901,2,66,15,0,12,2,0.14285714285714285,14,9
2018,77,Northwestern,true,roster_present_with_identifiable_ol,2009,2010,true,evaluable_complete_history_window,,100,100,100,100,100,100,0,0,14,14,0,12,2,24,14,0,6,false,91,0,0,79,0.8681318681318682,5,66,6,3,12,2,0.14285714285714285,14,9
2018,84,Indiana,true,roster_present_with_identifiable_ol,2009,2010,true,evaluable_complete_history_window,,113,113,113,113,113,110,0,0,17,17,0,11,6,30,17,0,0,false,136,0,0,101,0.7426470588235294,4,55,28,15,11,6,0.35294117647058826,14,9
2018,87,Notre Dame,true,roster_present_with_identifiable_ol,2009,2010,true,evaluable_complete_history_window,,125,125,125,125,125,123,0,0,17,17,0,12,5,24,17,0,0,false,136,0,0,91,0.6691176470588235,4,66,21,3,12,5,0.29411764705882354,14,9
2018,96,Kentucky,true,roster_present_with_identifiable_ol,2009,2010,true,evaluable_complete_history_window,,116,116,116,116,116,114,0,0,15,15,0,8,7,13,15,0,0,false,105,0,0,32,0.3047619047619048,3,28,3,1,8,7,0.4666666666666667,14,9
2018,97,Louisville,true,roster_present_with_identifiable_ol,2009,2010,true,evaluable_complete_history_window,,129,129,129,129,126,125,0,0,20,20,0,12,8,24,20,0,3,false,190,0,0,97,0.5105263157894737,3,66,28,3,12,8,0.4,14,9
2018,98,Western Kentucky,true,roster_present_with_identifiable_ol,2009,2010,true,evaluable_complete_history_window,,109,109,109,109,109,108,0,0,16,16,0,8,8,13,16,0,0,false,120,0,0,32,0.26666666666666666,3,28,3,1,8,8,0.5,14,9
2018,99,LSU,true,roster_present_with_identifiable_ol,2009,2010,true,evaluable_complete_history_window,,111,111,111,111,110,109,0,0,17,17,0,14,3,27,17,0,1,false,136,0,0,119,0.875,4,91,21,6,14,3,0.17647058823529413,14,9
2018,103,Boston College,true,roster_present_with_identifiable_ol,2009,2010,true,evaluable_complete_history_window,,99,99,99,99,99,99,0,0,20,20,0,16,4,33,20,0,0,false,190,0,0,176,0.9263157894736842,4,120,45,10,16,4,0.2,14,9
2018,113,Massachusetts,true,roster_present_with_identifiable_ol,2009,2010,true,evaluable_complete_history_window,,107,107,107,107,106,104,0,0,15,15,0,11,4,27,15,0,1,false,105,0,0,92,0.8761904761904762,4,55,28,6,11,4,0.26666666666666666,14,9
2018,120,Maryland,true,roster_present_with_identifiable_ol,2009,2010,true,evaluable_complete_history_window,,112,112,112,112,112,112,0,0,18,18,0,12,6,26,18,0,0,false,153,0,0,96,0.6274509803921569,4,66,21,6,12,6,0.3333333333333333,14,9
2018,127,Michigan State,true,roster_present_with_identifiable_ol,2009,2010,true,evaluable_complete_history_window,,102,102,102,102,102,101,0,0,15,15,0,11,4,23,15,0,0,false,105,0,0,77,0.7333333333333333,4,55,15,6,11,4,0.26666666666666666,14,9
2018,130,Michigan,true,roster_present_with_identifiable_ol,2009,2010,true,evaluable_complete_history_window,,147,147,147,147,147,144,0,0,19,19,0,14,5,29,19,0,0,false,171,0,0,149,0.8713450292397661,3,91,55,3,14,5,0.2631578947368421,14,9
2018,135,Minnesota,true,roster_present_with_identifiable_ol,2009,2010,true,evaluable_complete_history_window,,99,99,99,99,98,98,0,0,15,15,0,9,6,21,15,0,1,false,105,0,0,57,0.5428571428571428,4,36,10,10,9,6,0.4,14,9
2018,142,Missouri,true,roster_present_with_identifiable_ol,2009,2010,true,evaluable_complete_history_window,,106,106,106,106,106,104,0,0,14,14,0,9,5,23,14,0,0,false,91,0,0,64,0.7032967032967034,4,36,21,6,9,5,0.35714285714285715,14,9
2018,145,Ole Miss,true,roster_present_with_identifiable_ol,2009,2010,true,evaluable_complete_history_window,,118,118,118,118,117,115,0,0,16,16,0,13,3,31,16,0,1,false,120,0,0,120,1.0,5,78,28,10,13,3,0.1875,14,9
2018,150,Duke,true,roster_present_with_identifiable_ol,2009,2010,true,evaluable_complete_history_window,,98,98,98,98,98,96,0,0,14,14,0,11,3,22,14,0,0,false,91,0,0,74,0.8131868131868132,4,55,15,3,11,3,0.21428571428571427,14,9
2018,151,East Carolina,true,roster_present_with_identifiable_ol,2009,2010,true,evaluable_complete_history_window,,92,92,92,92,91,91,0,0,15,15,0,12,3,20,15,0,1,false,105,0,0,77,0.7333333333333333,3,66,10,1,12,3,0.2,14,9
2018,152,NC State,true,roster_present_with_identifiable_ol,2009,2010,true,evaluable_complete_history_window,,114,114,114,114,114,113,0,0,20,20,0,14,6,34,20,0,0,false,190,0,0,157,0.8263157894736842,4,91,45,15,14,6,0.3,14,9
2018,153,North Carolina,true,roster_present_with_identifiable_ol,2009,2010,true,evaluable_complete_history_window,,111,111,111,111,110,108,0,0,17,17,0,9,8,20,17,0,6,false,136,0,0,60,0.4411764705882353,3,36,21,3,9,8,0.47058823529411764,14,9
2018,154,Wake Forest,true,roster_present_with_identifiable_ol,2009,2010,true,evaluable_complete_history_window,,95,95,95,95,95,93,0,0,16,16,0,10,6,25,16,0,0,false,120,0,0,72,0.6,4,45,15,6,10,6,0.375,14,9
2018,158,Nebraska,true,roster_present_with_identifiable_ol,2009,2010,true,evaluable_complete_history_window,,119,119,119,119,119,118,0,0,16,16,0,12,4,26,16,0,0,false,120,0,0,94,0.7833333333333333,4,66,15,10,12,4,0.25,14,9
2018,164,Rutgers,true,roster_present_with_identifiable_ol,2009,2010,true,evaluable_complete_history_window,,104,104,104,104,103,103,0,0,19,19,0,14,5,27,19,0,1,false,171,0,0,115,0.672514619883041,4,91,15,6,14,5,0.2631578947368421,14,9
2018,166,New Mexico State,true,roster_present_with_identifiable_ol,2009,2010,true,evaluable_complete_history_window,,109,109,109,109,109,109,0,0,16,16,0,13,3,23,16,0,0,false,120,0,0,95,0.7916666666666666,4,78,15,1,13,3,0.1875,14,9
2018,167,New Mexico,true,roster_present_with_identifiable_ol,2009,2010,true,evaluable_complete_history_window,,130,130,130,130,129,128,0,0,16,16,0,11,5,21,16,0,2,false,120,0,0,77,0.6416666666666667,3,55,21,1,11,5,0.3125,14,9
2018,183,Syracuse,true,roster_present_with_identifiable_ol,2009,2010,true,evaluable_complete_history_window,,100,100,100,100,98,96,0,0,15,15,0,11,4,29,15,0,2,false,105,0,0,99,0.9428571428571428,4,55,28,10,11,4,0.26666666666666666,14,9
2018,189,Bowling Green,true,roster_present_with_identifiable_ol,2009,2010,true,evaluable_complete_history_window,,111,111,111,111,106,103,0,0,12,12,0,9,3,18,12,0,5,false,66,0,0,52,0.7878787878787878,3,36,15,1,9,3,0.25,14,9
2018,193,Miami (OH),true,roster_present_with_identifiable_ol,2009,2010,true,evaluable_complete_history_window,,105,105,105,105,105,105,0,0,14,14,0,12,2,31,14,0,0,false,91,0,0,120,1.3186813186813187,4,66,36,15,12,2,0.14285714285714285,14,9
2018,194,Ohio State,true,roster_present_with_identifiable_ol,2009,2010,true,evaluable_complete_history_window,,119,119,119,119,119,117,0,0,16,16,0,13,3,35,16,0,0,false,120,0,0,154,1.2833333333333334,4,78,55,15,13,3,0.1875,14,9
2018,195,Ohio,true,roster_present_with_identifiable_ol,2009,2010,true,evaluable_complete_history_window,,114,114,114,114,114,113,0,0,18,18,0,13,5,30,18,0,0,false,153,0,0,118,0.7712418300653595,4,78,28,6,13,5,0.2777777777777778,14,9
2018,197,Oklahoma State,true,roster_present_with_identifiable_ol,2009,2010,true,evaluable_complete_history_window,,101,101,101,101,101,100,0,0,17,17,0,13,4,23,17,0,0,false,136,0,0,96,0.7058823529411765,3,78,15,3,13,4,0.23529411764705882,14,9
2018,201,Oklahoma,true,roster_present_with_identifiable_ol,2009,2010,true,evaluable_complete_history_window,,124,124,124,124,124,122,0,0,21,21,0,11,10,30,21,0,1,false,210,0,0,120,0.5714285714285714,4,55,36,28,11,10,0.47619047619047616,14,9
2018,202,Tulsa,true,roster_present_with_identifiable_ol,2009,2010,true,evaluable_complete_history_window,,112,112,112,112,110,109,0,0,14,14,0,10,4,26,14,0,2,false,91,0,0,79,0.8681318681318682,4,45,21,10,10,4,0.2857142857142857,14,9
2018,204,Oregon State,true,roster_present_with_identifiable_ol,2009,2010,true,evaluable_complete_history_window,,116,116,116,116,115,115,0,0,20,20,0,12,8,34,20,0,1,false,190,0,0,130,0.6842105263157895,4,66,28,21,12,8,0.4,14,9
2018,213,Penn State,true,roster_present_with_identifiable_ol,2009,2010,true,evaluable_complete_history_window,,115,115,115,115,115,112,0,0,16,16,0,13,3,30,16,0,0,false,120,0,0,119,0.9916666666666667,4,78,28,10,13,3,0.1875,14,9
2018,218,Temple,true,roster_present_with_identifiable_ol,2009,2010,true,evaluable_complete_history_window,,117,117,117,117,117,116,0,0,19,19,0,10,9,26,19,0,0,false,171,0,0,85,0.49707602339181284,4,45,28,6,10,9,0.47368421052631576,14,9
2018,221,Pittsburgh,true,roster_present_with_identifiable_ol,2009,2010,true,evaluable_complete_history_window,,96,96,96,96,96,95,0,0,18,18,0,9,9,20,18,0,0,false,153,0,0,52,0.33986928104575165,4,36,10,3,9,9,0.5,14,9
2018,228,Clemson,true,roster_present_with_identifiable_ol,2009,2010,true,evaluable_complete_history_window,,114,114,114,114,114,114,0,0,18,18,0,11,7,26,18,0,0,false,153,0,0,94,0.6143790849673203,4,55,28,10,11,7,0.3888888888888889,14,9
2018,235,Memphis,true,roster_present_with_identifiable_ol,2009,2010,true,evaluable_complete_history_window,,112,112,112,112,112,111,0,0,16,16,0,11,5,24,16,0,1,false,120,0,0,77,0.6416666666666667,4,55,15,6,11,5,0.3125,14,9
2018,238,Vanderbilt,true,roster_present_with_identifiable_ol,2009,2010,true,evaluable_complete_history_window,,106,106,106,106,105,103,0,0,19,19,0,13,6,28,19,0,1,false,171,0,0,112,0.6549707602339181,4,78,21,10,13,6,0.3157894736842105,14,9
2018,239,Baylor,true,roster_present_with_identifiable_ol,2009,2010,true,evaluable_complete_history_window,,106,106,106,106,106,105,0,0,17,17,0,12,5,25,17,0,0,false,136,0,0,93,0.6838235294117647,4,66,21,3,12,5,0.29411764705882354,14,9
2018,242,Rice,true,roster_present_with_identifiable_ol,2009,2010,true,evaluable_complete_history_window,,98,98,98,98,97,97,0,0,17,17,0,11,6,24,17,0,1,false,136,0,0,94,0.6911764705882353,3,55,36,3,11,6,0.35294117647058826,14,9
2018,245,Texas A&M,true,roster_present_with_identifiable_ol,2009,2010,true,evaluable_complete_history_window,,130,130,130,130,128,126,0,0,15,15,0,12,3,22,15,0,4,false,105,0,0,87,0.8285714285714286,3,66,15,6,12,3,0.2,14,9
2018,248,Houston,true,roster_present_with_identifiable_ol,2009,2010,true,evaluable_complete_history_window,,112,112,112,112,112,109,0,0,15,15,0,12,3,28,15,0,0,false,105,0,0,103,0.9809523809523809,4,66,28,6,12,3,0.2,14,9
2018,249,North Texas,true,roster_present_with_identifiable_ol,2009,2010,true,evaluable_complete_history_window,,107,107,107,107,107,106,0,0,15,15,0,11,4,21,15,0,1,false,105,0,0,69,0.6571428571428571,4,55,10,3,11,4,0.26666666666666666,14,9
2018,251,Texas,true,roster_present_with_identifiable_ol,2009,2010,true,evaluable_complete_history_window,,104,104,104,104,104,102,0,0,15,15,0,11,4,21,15,0,2,false,105,0,0,73,0.6952380952380952,3,55,15,3,11,4,0.26666666666666666,14,9
2018,252,BYU,true,roster_present_with_identifiable_ol,2009,2010,true,evaluable_complete_history_window,,123,123,123,123,123,123,0,0,15,15,0,9,6,28,15,0,3,false,105,0,0,68,0.6476190476190476,5,36,10,10,9,6,0.4,14,9
2018,254,Utah,true,roster_present_with_identifiable_ol,2009,2010,true,evaluable_complete_history_window,,110,110,110,110,110,109,0,0,21,21,0,19,2,44,21,0,0,false,210,0,0,268,1.276190476190476,4,171,66,21,19,2,0.09523809523809523,14,9
2018,258,Virginia,true,roster_present_with_identifiable_ol,2009,2010,true,evaluable_complete_history_window,,107,107,107,107,106,89,0,0,17,17,0,9,8,17,17,0,4,false,136,0,0,45,0.33088235294117646,3,36,6,3,9,8,0.47058823529411764,14,9
2018,259,Virginia Tech,true,roster_present_with_identifiable_ol,2009,2010,true,evaluable_complete_history_window,,102,102,102,102,101,100,0,0,18,18,0,14,4,40,18,0,1,false,153,0,0,203,1.326797385620915,4,91,78,28,14,4,0.2222222222222222,14,9
2018,264,Washington,true,roster_present_with_identifiable_ol,2009,2010,true,evaluable_complete_history_window,,95,95,95,95,95,94,0,0,15,15,0,11,4,30,15,0,3,false,105,0,0,107,1.019047619047619,4,55,36,10,11,4,0.26666666666666666,14,9
2018,265,Washington State,true,roster_present_with_identifiable_ol,2009,2010,true,evaluable_complete_history_window,,108,108,108,108,104,102,0,0,13,13,0,9,4,20,13,0,4,false,78,0,0,60,0.7692307692307693,3,36,21,3,9,4,0.3076923076923077,14,9
2018,275,Wisconsin,true,roster_present_with_identifiable_ol,2009,2010,true,evaluable_complete_history_window,,100,100,100,100,100,100,0,0,16,16,0,12,4,29,16,0,0,false,120,0,0,107,0.8916666666666667,4,66,28,10,12,4,0.25,14,9
2018,276,Marshall,true,roster_present_with_identifiable_ol,2009,2010,true,evaluable_complete_history_window,,105,105,105,105,105,104,0,0,18,18,0,11,7,20,18,0,0,false,153,0,0,65,0.42483660130718953,4,55,6,3,11,7,0.3888888888888889,14,9
2018,277,West Virginia,true,roster_present_with_identifiable_ol,2009,2010,true,evaluable_complete_history_window,,114,114,114,114,114,112,0,0,16,16,0,9,7,18,16,0,0,false,120,0,0,46,0.38333333333333336,4,36,6,3,9,7,0.4375,14,9
2018,278,Fresno State,true,roster_present_with_identifiable_ol,2009,2010,true,evaluable_complete_history_window,,110,110,110,110,110,110,0,0,17,17,0,14,3,27,17,0,0,false,136,0,0,121,0.8897058823529411,4,91,28,1,14,3,0.17647058823529413,14,9
2018,290,Georgia Southern,true,roster_present_with_identifiable_ol,2009,2010,true,evaluable_complete_history_window,,101,101,101,101,101,98,0,0,17,17,0,12,5,23,17,0,0,false,136,0,0,84,0.6176470588235294,3,66,15,3,12,5,0.29411764705882354,14,9
2018,295,Old Dominion,true,roster_present_with_identifiable_ol,2009,2010,true,evaluable_complete_history_window,,117,117,117,117,115,115,0,0,14,14,0,9,5,21,14,0,2,false,91,0,0,59,0.6483516483516484,4,36,21,1,9,5,0.35714285714285715,14,9
2018,309,Louisiana,true,roster_present_with_identifiable_ol,2009,2010,true,evaluable_complete_history_window,,124,124,124,124,124,124,0,0,18,18,0,11,7,28,18,0,0,false,153,0,0,100,0.6535947712418301,4,55,36,6,11,7,0.3888888888888889,14,9
2018,324,Coastal Carolina,true,roster_present_with_identifiable_ol,2009,2010,true,evaluable_complete_history_window,,113,113,113,113,113,111,0,0,17,17,0,11,6,15,17,0,0,false,136,0,0,58,0.4264705882352941,2,55,3,0,11,6,0.35294117647058826,14,9
2018,326,Texas State,true,roster_present_with_identifiable_ol,2009,2010,true,evaluable_complete_history_window,,112,112,112,112,110,106,0,0,16,16,0,9,7,18,16,0,2,false,120,0,0,54,0.45,3,36,15,3,9,7,0.4375,14,9
2018,328,Utah State,true,roster_present_with_identifiable_ol,2009,2010,true,evaluable_complete_history_window,,114,114,114,114,112,111,0,0,14,14,0,10,4,18,14,0,4,false,91,0,0,53,0.5824175824175825,4,45,6,1,10,4,0.2857142857142857,14,9
2018,333,Alabama,true,roster_present_with_identifiable_ol,2009,2010,true,evaluable_complete_history_window,,118,118,118,118,118,117,0,0,17,17,0,13,4,20,17,0,0,false,136,0,0,85,0.625,3,78,6,1,13,4,0.23529411764705882,14,9
2018,344,Mississippi State,true,roster_present_with_identifiable_ol,2009,2010,true,evaluable_complete_history_window,,112,112,112,112,111,111,0,0,16,16,0,13,3,25,16,0,1,false,120,0,0,108,0.9,4,78,28,1,13,3,0.1875,14,9
2018,349,Army,true,roster_present_with_identifiable_ol,2009,2010,true,evaluable_complete_history_window,,175,175,175,175,174,174,0,0,27,27,0,14,13,31,27,0,1,false,351,0,0,143,0.4074074074074074,4,91,45,6,14,13,0.48148148148148145,14,9
2018,356,Illinois,true,roster_present_with_identifiable_ol,2009,2010,true,evaluable_complete_history_window,,102,102,102,102,100,98,0,0,15,15,0,11,4,23,15,0,2,false,105,0,0,82,0.780952380952381,3,55,21,6,11,4,0.26666666666666666,14,9
2018,2005,Air Force,true,roster_present_with_identifiable_ol,2009,2010,true,evaluable_complete_history_window,,142,142,142,142,141,140,0,0,25,25,0,20,5,30,25,0,7,false,300,0,0,226,0.7533333333333333,2,190,36,0,20,5,0.2,14,9
2018,2006,Akron,true,roster_present_with_identifiable_ol,2009,2010,true,evaluable_complete_history_window,,118,118,118,118,117,114,0,0,18,18,0,11,7,23,18,0,1,false,153,0,0,74,0.48366013071895425,4,55,15,3,11,7,0.3888888888888889,14,9
2018,2026,App State,true,roster_present_with_identifiable_ol,2009,2010,true,evaluable_complete_history_window,,108,108,108,108,108,106,0,0,18,18,0,15,3,30,18,0,1,false,153,0,0,148,0.9673202614379085,4,105,36,6,15,3,0.16666666666666666,14,9
2018,2032,Arkansas State,true,roster_present_with_identifiable_ol,2009,2010,true,evaluable_complete_history_window,,128,128,128,128,126,124,0,0,19,19,0,12,7,21,19,0,7,false,171,0,0,79,0.4619883040935672,3,66,10,3,12,7,0.3684210526315789,14,9
2018,2050,Ball State,true,roster_present_with_identifiable_ol,2009,2010,true,evaluable_complete_history_window,,106,106,106,106,106,106,0,0,12,12,0,10,2,28,12,0,0,false,66,0,0,94,1.4242424242424243,4,45,36,10,10,2,0.16666666666666666,14,9
2018,2084,Buffalo,true,roster_present_with_identifiable_ol,2009,2010,true,evaluable_complete_history_window,,111,111,111,111,111,111,0,0,19,19,0,13,6,32,19,0,0,false,171,0,0,132,0.7719298245614035,4,78,45,6,13,6,0.3157894736842105,14,9
2018,2116,UCF,true,roster_present_with_identifiable_ol,2009,2010,true,evaluable_complete_history_window,,109,109,109,109,109,108,0,0,13,13,0,8,5,22,13,0,1,false,78,0,0,56,0.717948717948718,4,28,21,6,8,5,0.38461538461538464,14,9
2018,2117,Central Michigan,true,roster_present_with_identifiable_ol,2009,2010,true,evaluable_complete_history_window,,111,111,111,111,110,110,0,0,19,19,0,10,9,26,19,0,1,false,171,0,0,73,0.4269005847953216,5,45,15,6,10,9,0.47368421052631576,14,9
2018,2132,Cincinnati,true,roster_present_with_identifiable_ol,2009,2010,true,evaluable_complete_history_window,,103,103,103,103,103,103,0,0,19,19,0,13,6,28,19,0,0,false,171,0,0,118,0.6900584795321637,4,78,36,3,13,6,0.3157894736842105,14,9
2018,2199,Eastern Michigan,true,roster_present_with_identifiable_ol,2009,2010,true,evaluable_complete_history_window,,114,114,114,114,113,113,0,0,14,14,0,9,5,15,14,0,1,false,91,0,0,46,0.5054945054945055,2,36,10,0,9,5,0.35714285714285715,14,9
2018,2226,Florida Atlantic,true,roster_present_with_identifiable_ol,2009,2010,true,evaluable_complete_history_window,,141,141,141,141,139,139,0,0,22,22,0,14,8,21,22,0,2,false,231,0,0,98,0.42424242424242425,3,91,6,1,14,8,0.36363636363636365,14,9
2018,2229,Florida International,true,roster_present_with_identifiable_ol,2009,2010,true,evaluable_complete_history_window,,107,107,107,107,106,105,0,0,20,20,0,16,4,38,20,0,2,false,190,0,0,194,1.0210526315789474,5,120,55,15,16,4,0.2,14,9
2018,2247,Georgia State,true,roster_present_with_identifiable_ol,2009,2010,true,evaluable_complete_history_window,,100,100,100,100,98,96,0,0,11,11,0,7,4,14,11,0,3,false,55,0,0,27,0.4909090909090909,3,21,3,3,7,4,0.36363636363636365,14,9
2018,2294,Iowa,true,roster_present_with_identifiable_ol,2009,2010,true,evaluable_complete_history_window,,101,101,101,101,101,101,0,0,15,15,0,10,5,24,15,0,0,false,105,0,0,75,0.7142857142857143,4,45,21,6,10,5,0.3333333333333333,14,9
2018,2305,Kansas,true,roster_present_with_identifiable_ol,2009,2010,true,evaluable_complete_history_window,,112,112,112,112,112,110,0,0,16,16,0,13,3,25,16,0,0,false,120,0,0,112,0.9333333333333333,3,78,28,6,13,3,0.1875,14,9
2018,2306,Kansas State,true,roster_present_with_identifiable_ol,2009,2010,true,evaluable_complete_history_window,,110,110,110,110,110,109,0,0,17,17,0,11,6,21,17,0,0,false,136,0,0,83,0.6102941176470589,2,55,28,0,11,6,0.35294117647058826,14,9
2018,2309,Kent State,true,roster_present_with_identifiable_ol,2009,2010,true,evaluable_complete_history_window,,100,100,100,100,100,99,0,0,15,15,0,11,4,20,15,0,0,false,105,0,0,73,0.6952380952380952,3,55,15,3,11,4,0.26666666666666666,14,9
2018,2335,Liberty,true,roster_present_with_identifiable_ol,2009,2010,true,evaluable_complete_history_window,,100,100,100,100,100,99,0,0,12,12,0,8,4,14,12,0,0,false,66,0,0,35,0.5303030303030303,3,28,6,1,8,4,0.3333333333333333,14,9
2018,2348,Louisiana Tech,true,roster_present_with_identifiable_ol,2009,2010,true,evaluable_complete_history_window,,98,98,98,98,95,94,0,0,16,16,0,11,5,26,16,0,3,false,120,0,0,94,0.7833333333333333,4,55,28,10,11,5,0.3125,14,9
2018,2390,Miami,true,roster_present_with_identifiable_ol,2009,2010,true,evaluable_complete_history_window,,119,119,119,119,119,119,0,0,20,20,0,9,11,22,20,0,0,false,190,0,0,67,0.3526315789473684,3,36,21,10,9,11,0.55,14,9
2018,2393,Middle Tennessee,true,roster_present_with_identifiable_ol,2009,2010,true,evaluable_complete_history_window,,117,117,117,117,116,108,0,0,16,16,0,13,3,26,16,0,2,false,120,0,0,106,0.8833333333333333,4,78,21,6,13,3,0.1875,14,9
2018,2426,Navy,true,roster_present_with_identifiable_ol,2009,2010,true,evaluable_complete_history_window,,172,172,172,172,172,171,0,0,37,37,0,29,8,60,37,0,3,false,666,0,0,633,0.9504504504504504,4,406,190,36,29,8,0.21621621621621623,14,9
2018,2429,Charlotte,true,roster_present_with_identifiable_ol,2009,2010,true,evaluable_complete_history_window,,114,114,114,114,113,112,0,0,16,16,0,10,6,22,16,0,2,false,120,0,0,72,0.6,3,45,21,6,10,6,0.375,14,9
2018,2433,UL Monroe,true,roster_present_with_identifiable_ol,2009,2010,true,evaluable_complete_history_window,,114,114,114,114,113,111,0,0,13,13,0,11,2,22,13,0,3,false,78,0,0,86,1.1025641025641026,3,55,28,3,11,2,0.15384615384615385,14,9
2018,2439,UNLV,true,roster_present_with_identifiable_ol,2009,2010,true,evaluable_complete_history_window,,105,105,105,105,105,105,0,0,16,16,0,11,5,20,16,0,0,false,120,0,0,77,0.6416666666666667,3,55,21,1,11,5,0.3125,14,9
2018,2440,Nevada,true,roster_present_with_identifiable_ol,2009,2010,true,evaluable_complete_history_window,,120,120,120,120,117,115,0,0,17,17,0,12,5,19,17,0,3,false,136,0,0,73,0.5367647058823529,3,66,6,1,12,5,0.29411764705882354,14,9
2018,2459,Northern Illinois,true,roster_present_with_identifiable_ol,2009,2010,true,evaluable_complete_history_window,,91,91,91,91,91,91,0,0,17,17,0,14,3,29,17,0,3,false,136,0,0,128,0.9411764705882353,4,91,28,6,14,3,0.17647058823529413,14,9
2018,2483,Oregon,true,roster_present_with_identifiable_ol,2009,2010,true,evaluable_complete_history_window,,102,102,102,102,102,100,0,0,15,15,0,12,3,20,15,0,0,false,105,0,0,94,0.8952380952380953,2,66,28,0,12,3,0.2,14,9
2018,2509,Purdue,true,roster_present_with_identifiable_ol,2009,2010,true,evaluable_complete_history_window,,102,102,102,102,102,102,0,0,19,19,0,13,6,32,19,0,0,false,171,0,0,124,0.7251461988304093,4,78,21,15,13,6,0.3157894736842105,14,9
2018,2567,SMU,true,roster_present_with_identifiable_ol,2009,2010,true,evaluable_complete_history_window,,115,115,115,115,115,113,0,0,17,17,0,13,4,25,17,0,0,false,136,0,0,103,0.7573529411764706,4,78,21,3,13,4,0.23529411764705882,14,9
2018,2572,Southern Miss,true,roster_present_with_identifiable_ol,2009,2010,true,evaluable_complete_history_window,,122,122,122,122,122,120,0,0,16,16,0,14,2,18,16,0,2,false,120,0,0,97,0.8083333333333333,2,91,6,0,14,2,0.125,14,9
2018,2579,South Carolina,true,roster_present_with_identifiable_ol,2009,2010,true,evaluable_complete_history_window,,108,108,108,108,106,105,0,0,15,15,0,9,6,20,15,0,3,false,105,0,0,57,0.5428571428571428,3,36,15,6,9,6,0.4,14,9
2018,2628,TCU,true,roster_present_with_identifiable_ol,2009,2010,true,evaluable_complete_history_window,,124,124,124,124,124,122,0,0,15,15,0,12,3,25,15,0,0,false,105,0,0,104,0.9904761904761905,4,66,36,1,12,3,0.2,14,9
2018,2633,Tennessee,true,roster_present_with_identifiable_ol,2009,2010,true,evaluable_complete_history_window,,115,115,115,115,115,110,0,0,20,20,0,16,4,32,20,0,0,false,190,0,0,185,0.9736842105263158,3,120,55,10,16,4,0.2,14,9
2018,2636,UTSA,true,roster_present_with_identifiable_ol,2009,2010,true,evaluable_complete_history_window,,116,116,116,116,115,114,0,0,17,17,0,12,5,20,17,0,1,false,136,0,0,77,0.5661764705882353,3,66,10,1,12,5,0.29411764705882354,14,9
2018,2638,UTEP,true,roster_present_with_identifiable_ol,2009,2010,true,evaluable_complete_history_window,,118,118,118,118,118,118,0,0,18,18,0,9,9,17,18,0,0,false,153,0,0,51,0.3333333333333333,2,36,15,0,9,9,0.5,14,9
2018,2641,Texas Tech,true,roster_present_with_identifiable_ol,2009,2010,true,evaluable_complete_history_window,,115,115,115,115,113,112,0,0,17,17,0,13,4,27,17,0,4,false,136,0,0,136,1.0,3,78,55,3,13,4,0.23529411764705882,14,9
2018,2649,Toledo,true,roster_present_with_identifiable_ol,2009,2010,true,evaluable_complete_history_window,,108,108,108,108,108,107,0,0,16,16,0,9,7,19,16,0,0,false,120,0,0,49,0.4083333333333333,3,36,10,3,9,7,0.4375,14,9
2018,2653,Troy,true,roster_present_with_identifiable_ol,2009,2010,true,evaluable_complete_history_window,,113,113,113,113,112,110,0,0,14,14,0,9,5,21,14,0,1,false,91,0,0,70,0.7692307692307693,3,36,28,6,9,5,0.35714285714285715,14,9
2018,2655,Tulane,true,roster_present_with_identifiable_ol,2009,2010,true,evaluable_complete_history_window,,95,95,95,95,95,94,0,0,15,15,0,9,6,23,15,0,0,false,105,0,0,71,0.6761904761904762,4,36,28,6,9,6,0.4,14,9
2018,2711,Western Michigan,true,roster_present_with_identifiable_ol,2009,2010,true,evaluable_complete_history_window,,108,108,108,108,106,103,0,0,18,18,0,13,5,27,18,0,3,false,153,0,0,113,0.738562091503268,4,78,28,6,13,5,0.2777777777777778,14,9
2018,2751,Wyoming,true,roster_present_with_identifiable_ol,2009,2010,true,evaluable_complete_history_window,,97,97,97,97,96,95,0,0,13,13,0,8,5,15,13,0,5,false,78,0,0,34,0.4358974358974359,3,28,3,3,8,5,0.38461538461538464,14,9
2019,2,Auburn,true,roster_present_with_identifiable_ol,2009,2010,true,evaluable_complete_history_window,,125,125,125,125,124,123,0,0,20,20,0,14,6,28,20,0,1,false,190,0,0,123,0.6473684210526316,4,91,21,10,14,6,0.3,15,10
2019,5,UAB,true,roster_present_with_identifiable_ol,2009,2010,true,evaluable_complete_history_window,,126,126,126,126,126,124,0,0,19,19,0,15,4,27,19,0,0,false,171,0,0,171,1.0,2,105,66,0,15,4,0.21052631578947367,15,10
2019,6,South Alabama,true,roster_present_with_identifiable_ol,2009,2010,true,evaluable_complete_history_window,,123,123,123,123,123,120,0,0,20,20,0,9,11,19,20,0,1,false,190,0,0,57,0.3,3,36,15,6,9,11,0.55,15,10
2019,8,Arkansas,true,roster_present_with_identifiable_ol,2009,2010,true,evaluable_complete_history_window,,130,130,130,130,130,130,0,0,22,22,0,9,13,19,22,0,0,false,231,0,0,49,0.21212121212121213,3,36,10,3,9,13,0.5909090909090909,15,10
2019,9,Arizona State,true,roster_present_with_identifiable_ol,2009,2010,true,evaluable_complete_history_window,,114,114,114,114,114,113,0,0,22,22,0,10,12,22,22,0,0,false,231,0,0,75,0.3246753246753247,3,45,15,15,10,12,0.5454545454545454,15,10
2019,12,Arizona,true,roster_present_with_identifiable_ol,2009,2010,true,evaluable_complete_history_window,,116,116,116,116,116,115,0,0,15,15,0,12,3,21,15,0,0,false,105,0,0,88,0.8380952380952381,3,66,21,1,12,3,0.2,15,10
2019,21,San Diego State,true,roster_present_with_identifiable_ol,2009,2010,true,evaluable_complete_history_window,,113,113,113,113,113,113,0,0,18,18,0,11,7,23,18,0,0,false,153,0,0,78,0.5098039215686274,4,55,21,1,11,7,0.3888888888888889,15,10
2019,23,San José State,true,roster_present_with_identifiable_ol,2009,2010,true,evaluable_complete_history_window,,111,111,111,111,111,110,0,0,17,17,0,10,7,27,17,0,0,false,136,0,0,85,0.625,5,45,28,10,10,7,0.4117647058823529,15,10
2019,24,Stanford,true,roster_present_with_identifiable_ol,2009,2010,true,evaluable_complete_history_window,,104,104,104,104,104,102,0,0,15,15,0,8,7,19,15,0,0,false,105,0,0,49,0.4666666666666667,3,28,15,6,8,7,0.4666666666666667,15,10
2019,25,California,true,roster_present_with_identifiable_ol,2009,2010,true,evaluable_complete_history_window,,112,112,112,112,112,112,0,0,18,18,0,9,9,15,18,0,0,false,153,0,0,46,0.3006535947712418,2,36,10,0,9,9,0.5,15,10
2019,26,UCLA,true,roster_present_with_identifiable_ol,2009,2010,true,evaluable_complete_history_window,,124,124,124,124,124,123,0,0,21,21,0,8,13,15,21,0,0,false,210,0,0,33,0.15714285714285714,4,28,3,1,8,13,0.6190476190476191,15,10
2019,30,USC,true,roster_present_with_identifiable_ol,2009,2010,true,evaluable_complete_history_window,,114,114,114,114,114,114,0,0,17,17,0,10,7,27,17,0,0,false,136,0,0,79,0.5808823529411765,4,45,21,10,10,7,0.4117647058823529,15,10
2019,36,Colorado State,true,roster_present_with_identifiable_ol,2009,2010,true,evaluable_complete_history_window,,118,118,118,118,118,115,0,0,16,16,0,9,7,18,16,0,0,false,120,0,0,51,0.425,2,36,15,0,9,7,0.4375,15,10
2019,38,Colorado,true,roster_present_with_identifiable_ol,2009,2010,true,evaluable_complete_history_window,,113,113,113,113,113,111,0,0,20,20,0,11,9,21,20,0,1,false,190,0,0,76,0.4,3,55,15,6,11,9,0.45,15,10
2019,41,UConn,true,roster_present_with_identifiable_ol,2009,2010,true,evaluable_complete_history_window,,104,104,104,104,104,104,0,0,17,17,0,12,5,24,17,0,0,false,136,0,0,100,0.7352941176470589,3,66,28,6,12,5,0.29411764705882354,15,10
2019,52,Florida State,true,roster_present_with_identifiable_ol,2009,2010,true,evaluable_complete_history_window,,120,120,120,120,119,115,0,0,21,21,0,9,12,23,21,0,1,false,210,0,0,70,0.3333333333333333,3,36,28,6,9,12,0.5714285714285714,15,10
2019,57,Florida,true,roster_present_with_identifiable_ol,2009,2010,true,evaluable_complete_history_window,,123,123,123,123,123,122,0,0,15,15,0,7,8,14,15,0,1,false,105,0,0,32,0.3047619047619048,3,21,10,1,7,8,0.5333333333333333,15,10
2019,58,South Florida,true,roster_present_with_identifiable_ol,2009,2010,true,evaluable_complete_history_window,,113,113,113,113,113,111,0,0,18,18,0,13,5,25,18,0,0,false,153,0,0,112,0.7320261437908496,3,78,28,6,13,5,0.2777777777777778,15,10
2019,59,Georgia Tech,true,roster_present_with_identifiable_ol,2009,2010,true,evaluable_complete_history_window,,122,122,122,122,122,119,0,0,20,20,0,10,10,17,20,0,0,false,190,0,0,56,0.29473684210526313,3,45,10,1,10,10,0.5,15,10
2019,61,Georgia,true,roster_present_with_identifiable_ol,2009,2010,true,evaluable_complete_history_window,,133,133,133,133,133,132,0,0,23,23,0,12,11,22,23,0,0,false,253,0,0,88,0.34782608695652173,3,66,21,1,12,11,0.4782608695652174,15,10
2019,62,Hawai'i,true,roster_present_with_identifiable_ol,2009,2010,true,evaluable_complete_history_window,,122,122,122,122,122,122,0,0,21,21,0,15,6,29,21,0,0,false,210,0,0,145,0.6904761904761905,4,105,36,3,15,6,0.2857142857142857,15,10
2019,66,Iowa State,true,roster_present_with_identifiable_ol,2009,2010,true,evaluable_complete_history_window,,130,130,130,130,130,129,0,0,21,21,0,9,12,20,21,0,0,false,210,0,0,57,0.2714285714285714,3,36,15,6,9,12,0.5714285714285714,15,10
2019,68,Boise State,true,roster_present_with_identifiable_ol,2009,2010,true,evaluable_complete_history_window,,104,104,104,104,104,103,0,0,18,18,0,9,9,19,18,0,1,false,153,0,0,60,0.39215686274509803,3,36,21,3,9,9,0.5,15,10
2019,77,Northwestern,true,roster_present_with_identifiable_ol,2009,2010,true,evaluable_complete_history_window,,114,114,114,114,114,114,0,0,19,19,0,10,9,19,19,0,2,false,171,0,0,73,0.4269005847953216,2,45,28,0,10,9,0.47368421052631576,15,10
2019,84,Indiana,true,roster_present_with_identifiable_ol,2009,2010,true,evaluable_complete_history_window,,122,122,122,122,122,119,0,0,19,19,0,9,10,21,19,0,0,false,171,0,0,58,0.3391812865497076,4,36,15,6,9,10,0.5263157894736842,15,10
2019,87,Notre Dame,true,roster_present_with_identifiable_ol,2009,2010,true,evaluable_complete_history_window,,121,121,121,121,117,115,0,0,19,19,0,13,6,28,19,0,4,false,171,0,0,124,0.7251461988304093,3,78,36,10,13,6,0.3157894736842105,15,10
2019,96,Kentucky,true,roster_present_with_identifiable_ol,2009,2010,true,evaluable_complete_history_window,,114,114,114,114,114,111,0,0,15,15,0,10,5,18,15,0,0,false,105,0,0,56,0.5333333333333333,3,45,10,1,10,5,0.3333333333333333,15,10
2019,97,Louisville,true,roster_present_with_identifiable_ol,2009,2010,true,evaluable_complete_history_window,,112,112,112,112,112,111,0,0,16,16,0,11,5,20,16,0,0,false,120,0,0,73,0.6083333333333333,3,55,15,3,11,5,0.3125,15,10
2019,98,Western Kentucky,true,roster_present_with_identifiable_ol,2009,2010,true,evaluable_complete_history_window,,106,106,106,106,106,105,0,0,15,15,0,10,5,19,15,0,0,false,105,0,0,61,0.580952380952381,3,45,15,1,10,5,0.3333333333333333,15,10
2019,99,LSU,true,roster_present_with_identifiable_ol,2009,2010,true,evaluable_complete_history_window,,117,117,117,117,117,115,0,0,19,19,0,12,7,25,19,0,0,false,171,0,0,114,0.6666666666666666,3,66,45,3,12,7,0.3684210526315789,15,10
2019,103,Boston College,true,roster_present_with_identifiable_ol,2009,2010,true,evaluable_complete_history_window,,110,110,110,110,110,109,0,0,23,23,0,14,9,30,23,0,0,false,253,0,0,156,0.616600790513834,3,91,55,10,14,9,0.391304347826087,15,10
2019,113,Massachusetts,true,roster_present_with_identifiable_ol,2009,2010,true,evaluable_complete_history_window,,111,111,111,111,111,109,0,0,14,14,0,7,7,14,14,0,0,false,91,0,0,30,0.32967032967032966,3,21,6,3,7,7,0.5,15,10
2019,120,Maryland,true,roster_present_with_identifiable_ol,2009,2010,true,evaluable_complete_history_window,,113,113,113,113,113,113,0,0,18,18,0,13,5,25,18,0,0,false,153,0,0,109,0.7124183006535948,3,78,28,3,13,5,0.2777777777777778,15,10
2019,127,Michigan State,true,roster_present_with_identifiable_ol,2009,2010,true,evaluable_complete_history_window,,120,120,120,120,120,118,0,0,24,24,0,13,11,29,24,0,0,false,276,0,0,121,0.4384057971014493,4,78,36,6,13,11,0.4583333333333333,15,10
2019,130,Michigan,true,roster_present_with_identifiable_ol,2009,2010,true,evaluable_complete_history_window,,148,148,148,148,148,145,0,0,23,23,0,14,9,32,23,0,0,false,253,0,0,164,0.6482213438735178,3,91,45,28,14,9,0.391304347826087,15,10
2019,135,Minnesota,true,roster_present_with_identifiable_ol,2009,2010,true,evaluable_complete_history_window,,122,122,122,122,122,122,0,0,16,16,0,10,6,17,16,0,0,false,120,0,0,55,0.4583333333333333,2,45,10,0,10,6,0.375,15,10
2019,142,Missouri,true,roster_present_with_identifiable_ol,2009,2010,true,evaluable_complete_history_window,,122,122,122,122,122,119,0,0,22,22,0,11,11,22,22,0,0,false,231,0,0,76,0.329004329004329,3,55,15,6,11,11,0.5,15,10
2019,145,Ole Miss,true,roster_present_with_identifiable_ol,2009,2010,true,evaluable_complete_history_window,,119,119,119,119,119,117,0,0,20,20,0,10,10,21,20,0,0,false,190,0,0,69,0.3631578947368421,3,45,21,3,10,10,0.5,15,10
2019,150,Duke,true,roster_present_with_identifiable_ol,2009,2010,true,evaluable_complete_history_window,,111,111,111,111,111,109,0,0,18,18,0,11,7,22,18,0,0,false,153,0,0,86,0.5620915032679739,3,55,28,3,11,7,0.3888888888888889,15,10
2019,151,East Carolina,true,roster_present_with_identifiable_ol,2009,2010,true,evaluable_complete_history_window,,106,106,106,106,106,106,0,0,22,22,0,12,10,25,22,0,0,false,231,0,0,114,0.4935064935064935,3,66,45,3,12,10,0.45454545454545453,15,10
2019,152,NC State,true,roster_present_with_identifiable_ol,2009,2010,true,evaluable_complete_history_window,,127,127,127,127,126,126,0,0,24,24,0,12,12,27,24,0,1,false,276,0,0,101,0.36594202898550726,4,66,28,6,12,12,0.5,15,10
2019,153,North Carolina,true,roster_present_with_identifiable_ol,2009,2010,true,evaluable_complete_history_window,,121,121,121,121,121,119,0,0,22,22,0,9,13,14,22,0,0,false,231,0,0,40,0.17316017316017315,3,36,3,1,9,13,0.5909090909090909,15,10
2019,154,Wake Forest,true,roster_present_with_identifiable_ol,2009,2010,true,evaluable_complete_history_window,,116,116,116,116,116,114,0,0,19,19,0,13,6,26,19,0,0,false,171,0,0,102,0.5964912280701754,3,78,21,3,13,6,0.3157894736842105,15,10
2019,158,Nebraska,true,roster_present_with_identifiable_ol,2009,2010,true,evaluable_complete_history_window,,158,158,158,158,158,156,0,0,27,27,0,12,15,23,27,0,0,false,351,0,0,95,0.2706552706552707,3,66,28,1,12,15,0.5555555555555556,15,10
2019,164,Rutgers,true,roster_present_with_identifiable_ol,2009,2010,true,evaluable_complete_history_window,,124,124,124,124,123,122,0,0,22,22,0,15,7,30,22,0,1,false,231,0,0,153,0.6623376623376623,3,105,45,3,15,7,0.3181818181818182,15,10
2019,166,New Mexico State,true,roster_present_with_identifiable_ol,2009,2010,true,evaluable_complete_history_window,,108,108,108,108,108,106,0,0,16,16,0,8,8,18,16,0,0,false,120,0,0,52,0.43333333333333335,3,28,21,3,8,8,0.5,15,10
2019,167,New Mexico,true,roster_present_with_identifiable_ol,2009,2010,true,evaluable_complete_history_window,,108,108,108,108,108,107,0,0,16,16,0,13,3,25,16,0,0,false,120,0,0,112,0.9333333333333333,3,78,28,6,13,3,0.1875,15,10
2019,183,Syracuse,true,roster_present_with_identifiable_ol,2009,2010,true,evaluable_complete_history_window,,112,112,112,112,112,110,0,0,17,17,0,10,7,23,17,0,0,false,136,0,0,72,0.5294117647058824,3,45,21,6,10,7,0.4117647058823529,15,10
2019,189,Bowling Green,true,roster_present_with_identifiable_ol,2009,2010,true,evaluable_complete_history_window,,108,108,108,108,108,104,0,0,17,17,0,8,9,17,17,0,0,false,136,0,0,41,0.3014705882352941,3,28,10,3,8,9,0.5294117647058824,15,10
2019,193,Miami (OH),true,roster_present_with_identifiable_ol,2009,2010,true,evaluable_complete_history_window,,113,113,113,113,113,111,0,0,17,17,0,9,8,21,17,0,0,false,136,0,0,63,0.4632352941176471,3,36,21,6,9,8,0.47058823529411764,15,10
2019,194,Ohio State,true,roster_present_with_identifiable_ol,2009,2010,true,evaluable_complete_history_window,,128,128,128,128,127,124,0,0,21,21,0,10,11,25,21,0,1,false,210,0,0,76,0.3619047619047619,3,45,21,10,10,11,0.5238095238095238,15,10
2019,195,Ohio,true,roster_present_with_identifiable_ol,2009,2010,true,evaluable_complete_history_window,,125,125,125,125,125,124,0,0,23,23,0,12,11,23,23,0,0,false,253,0,0,97,0.383399209486166,3,66,28,3,12,11,0.4782608695652174,15,10
2019,197,Oklahoma State,true,roster_present_with_identifiable_ol,2009,2010,true,evaluable_complete_history_window,,120,120,120,120,120,117,0,0,20,20,0,8,12,17,20,0,0,false,190,0,0,50,0.2631578947368421,3,28,21,1,8,12,0.6,15,10
2019,201,Oklahoma,true,roster_present_with_identifiable_ol,2009,2010,true,evaluable_complete_history_window,,120,120,120,120,120,119,0,0,19,19,0,13,6,17,19,0,0,false,171,0,0,81,0.47368421052631576,2,78,3,0,13,6,0.3157894736842105,15,10
2019,202,Tulsa,true,roster_present_with_identifiable_ol,2009,2010,true,evaluable_complete_history_window,,119,119,119,119,119,118,0,0,18,18,0,8,10,16,18,0,1,false,153,0,0,39,0.2549019607843137,3,28,10,1,8,10,0.5555555555555556,15,10
2019,204,Oregon State,true,roster_present_with_identifiable_ol,2009,2010,true,evaluable_complete_history_window,,125,125,125,125,125,123,0,0,20,20,0,14,6,29,20,0,0,false,190,0,0,117,0.6157894736842106,5,91,21,3,14,6,0.3,15,10
2019,213,Penn State,true,roster_present_with_identifiable_ol,2009,2010,true,evaluable_complete_history_window,,122,122,122,122,122,120,0,0,21,21,0,9,12,16,21,0,0,false,210,0,0,51,0.24285714285714285,2,36,15,0,9,12,0.5714285714285714,15,10
2019,218,Temple,true,roster_present_with_identifiable_ol,2009,2010,true,evaluable_complete_history_window,,116,116,116,116,116,114,0,0,18,18,0,10,8,20,18,0,0,false,153,0,0,58,0.3790849673202614,3,45,10,3,10,8,0.4444444444444444,15,10
2019,221,Pittsburgh,true,roster_present_with_identifiable_ol,2009,2010,true,evaluable_complete_history_window,,115,115,115,115,115,113,0,0,19,19,0,13,6,21,19,0,0,false,171,0,0,94,0.5497076023391813,3,78,15,1,13,6,0.3157894736842105,15,10
2019,228,Clemson,true,roster_present_with_identifiable_ol,2009,2010,true,evaluable_complete_history_window,,121,121,121,121,121,121,0,0,21,21,0,12,9,24,21,0,0,false,210,0,0,87,0.4142857142857143,3,66,15,6,12,9,0.42857142857142855,15,10
2019,235,Memphis,true,roster_present_with_identifiable_ol,2009,2010,true,evaluable_complete_history_window,,118,118,118,118,118,117,0,0,19,19,0,9,10,21,19,0,0,false,171,0,0,54,0.3157894736842105,3,36,15,3,9,10,0.5263157894736842,15,10
2019,238,Vanderbilt,true,roster_present_with_identifiable_ol,2009,2010,true,evaluable_complete_history_window,,115,115,115,115,115,113,0,0,18,18,0,14,4,26,18,0,0,false,153,0,0,120,0.7843137254901961,3,91,28,1,14,4,0.2222222222222222,15,10
2019,239,Baylor,true,roster_present_with_identifiable_ol,2009,2010,true,evaluable_complete_history_window,,122,122,122,122,122,121,0,0,20,20,0,11,9,20,20,0,0,false,190,0,0,73,0.38421052631578945,3,55,15,3,11,9,0.45,15,10
2019,242,Rice,true,roster_present_with_identifiable_ol,2009,2010,true,evaluable_complete_history_window,,105,105,105,105,105,104,0,0,17,17,0,8,9,17,17,0,0,false,136,0,0,44,0.3235294117647059,3,28,10,6,8,9,0.5294117647058824,15,10
2019,245,Texas A&M,true,roster_present_with_identifiable_ol,2009,2010,true,evaluable_complete_history_window,,136,136,136,136,136,133,0,0,20,20,0,9,11,18,20,0,0,false,190,0,0,58,0.30526315789473685,3,36,21,1,9,11,0.55,15,10
2019,248,Houston,true,roster_present_with_identifiable_ol,2009,2010,true,evaluable_complete_history_window,,115,115,115,115,115,110,0,0,17,17,0,10,7,24,17,0,0,false,136,0,0,79,0.5808823529411765,3,45,28,6,10,7,0.4117647058823529,15,10
2019,249,North Texas,true,roster_present_with_identifiable_ol,2009,2010,true,evaluable_complete_history_window,,111,111,111,111,111,110,0,0,17,17,0,9,8,19,17,0,0,false,136,0,0,54,0.39705882352941174,3,36,15,3,9,8,0.47058823529411764,15,10
2019,251,Texas,true,roster_present_with_identifiable_ol,2009,2010,true,evaluable_complete_history_window,,120,120,120,120,120,118,0,0,20,20,0,10,10,19,20,0,0,false,190,0,0,67,0.3526315789473684,3,45,21,1,10,10,0.5,15,10
2019,252,BYU,true,roster_present_with_identifiable_ol,2009,2010,true,evaluable_complete_history_window,,124,124,124,124,124,122,0,0,17,17,0,11,6,25,17,0,1,false,136,0,0,74,0.5441176470588235,6,55,15,1,11,6,0.35294117647058826,15,10
2019,254,Utah,true,roster_present_with_identifiable_ol,2009,2010,true,evaluable_complete_history_window,,129,129,129,129,129,122,0,0,21,21,0,10,11,27,21,0,0,false,210,0,0,100,0.47619047619047616,3,45,45,10,10,11,0.5238095238095238,15,10
2019,258,Virginia,true,roster_present_with_identifiable_ol,2009,2010,true,evaluable_complete_history_window,,135,135,135,135,135,110,0,0,23,23,0,11,12,16,23,0,1,false,253,0,0,65,0.25691699604743085,2,55,10,0,11,12,0.5217391304347826,15,10
2019,259,Virginia Tech,true,roster_present_with_identifiable_ol,2009,2010,true,evaluable_complete_history_window,,124,124,124,124,124,123,0,0,19,19,0,8,11,16,19,0,0,false,171,0,0,40,0.23391812865497075,3,28,6,6,8,11,0.5789473684210527,15,10
2019,264,Washington,true,roster_present_with_identifiable_ol,2009,2010,true,evaluable_complete_history_window,,107,107,107,107,107,105,0,0,17,17,0,10,7,22,17,0,1,false,136,0,0,66,0.4852941176470588,3,45,15,6,10,7,0.4117647058823529,15,10
2019,265,Washington State,true,roster_present_with_identifiable_ol,2009,2010,true,evaluable_complete_history_window,,129,129,129,129,129,127,0,0,19,19,0,8,11,16,19,0,0,false,171,0,0,41,0.23976608187134502,3,28,10,3,8,11,0.5789473684210527,15,10
2019,275,Wisconsin,true,roster_present_with_identifiable_ol,2009,2010,true,evaluable_complete_history_window,,116,116,116,116,116,116,0,0,16,16,0,10,6,19,16,0,0,false,120,0,0,63,0.525,3,45,15,3,10,6,0.375,15,10
2019,276,Marshall,true,roster_present_with_identifiable_ol,2009,2010,true,evaluable_complete_history_window,,114,114,114,114,113,112,0,0,19,19,0,11,8,20,19,0,1,false,171,0,0,83,0.4853801169590643,2,55,28,0,11,8,0.42105263157894735,15,10
2019,277,West Virginia,true,roster_present_with_identifiable_ol,2009,2010,true,evaluable_complete_history_window,,120,120,120,120,120,118,0,0,23,23,0,12,11,25,23,0,0,false,253,0,0,91,0.35968379446640314,4,66,21,3,12,11,0.4782608695652174,15,10
2019,278,Fresno State,true,roster_present_with_identifiable_ol,2009,2010,true,evaluable_complete_history_window,,112,112,112,112,112,111,0,0,20,20,0,10,10,23,20,0,0,false,190,0,0,83,0.4368421052631579,3,45,28,10,10,10,0.5,15,10
2019,290,Georgia Southern,true,roster_present_with_identifiable_ol,2009,2010,true,evaluable_complete_history_window,,133,133,133,133,133,128,0,0,20,20,0,13,7,24,20,0,0,false,190,0,0,109,0.5736842105263158,3,78,28,3,13,7,0.35,15,10
2019,295,Old Dominion,true,roster_present_with_identifiable_ol,2009,2010,true,evaluable_complete_history_window,,116,116,116,116,116,116,0,0,20,20,0,10,10,18,20,0,0,false,190,0,0,58,0.30526315789473685,3,45,10,3,10,10,0.5,15,10
2019,309,Louisiana,true,roster_present_with_identifiable_ol,2009,2010,true,evaluable_complete_history_window,,139,139,139,139,139,139,0,0,22,22,0,11,11,27,22,0,0,false,231,0,0,82,0.354978354978355,5,55,15,10,11,11,0.5,15,10
2019,324,Coastal Carolina,true,roster_present_with_identifiable_ol,2009,2010,true,evaluable_complete_history_window,,124,124,124,124,124,122,0,0,21,21,0,10,11,18,21,0,0,false,210,0,0,61,0.2904761904761905,3,45,15,1,10,11,0.5238095238095238,15,10
2019,326,Texas State,true,roster_present_with_identifiable_ol,2009,2010,true,evaluable_complete_history_window,,115,115,115,115,114,113,0,0,17,17,0,11,6,25,17,0,1,false,136,0,0,87,0.6397058823529411,4,55,21,10,11,6,0.35294117647058826,15,10
2019,328,Utah State,true,roster_present_with_identifiable_ol,2009,2010,true,evaluable_complete_history_window,,111,111,111,111,111,109,0,0,17,17,0,5,12,7,17,0,1,false,136,0,0,11,0.08088235294117647,2,10,1,0,5,12,0.7058823529411765,15,10
2019,333,Alabama,true,roster_present_with_identifiable_ol,2009,2010,true,evaluable_complete_history_window,,127,127,127,127,127,127,0,0,18,18,0,10,8,18,18,0,0,false,153,0,0,66,0.43137254901960786,2,45,21,0,10,8,0.4444444444444444,15,10
2019,344,Mississippi State,true,roster_present_with_identifiable_ol,2009,2010,true,evaluable_complete_history_window,,120,120,120,120,120,119,0,0,19,19,0,12,7,27,19,0,0,false,171,0,0,121,0.7076023391812866,3,66,45,10,12,7,0.3684210526315789,15,10
2019,349,Army,true,roster_present_with_identifiable_ol,2009,2010,true,evaluable_complete_history_window,,178,178,178,178,177,177,0,0,31,31,0,16,15,32,31,0,1,false,465,0,0,171,0.36774193548387096,3,120,36,15,16,15,0.4838709677419355,15,10
2019,356,Illinois,true,roster_present_with_identifiable_ol,2009,2010,true,evaluable_complete_history_window,,107,107,107,107,107,106,0,0,15,15,0,10,5,20,15,0,0,false,105,0,0,63,0.6,3,45,15,3,10,5,0.3333333333333333,15,10
2019,2005,Air Force,true,roster_present_with_identifiable_ol,2009,2010,true,evaluable_complete_history_window,,112,112,112,112,111,110,0,0,20,20,0,19,1,40,20,0,7,false,190,0,0,283,1.4894736842105263,3,171,91,21,19,1,0.05,15,10
2019,2006,Akron,true,roster_present_with_identifiable_ol,2009,2010,true,evaluable_complete_history_window,,125,125,125,125,125,122,0,0,21,21,0,12,9,23,21,0,1,false,210,0,0,97,0.46190476190476193,3,66,28,3,12,9,0.42857142857142855,15,10
2019,2026,App State,true,roster_present_with_identifiable_ol,2009,2010,true,evaluable_complete_history_window,,120,120,120,120,120,117,0,0,22,22,0,13,9,31,22,0,1,false,231,0,0,144,0.6233766233766234,4,78,55,10,13,9,0.4090909090909091,15,10
2019,2032,Arkansas State,true,roster_present_with_identifiable_ol,2009,2010,true,evaluable_complete_history_window,,115,115,115,115,115,110,0,0,19,19,0,14,5,23,19,0,1,false,171,0,0,113,0.6608187134502924,3,91,21,1,14,5,0.2631578947368421,15,10
2019,2050,Ball State,true,roster_present_with_identifiable_ol,2009,2010,true,evaluable_complete_history_window,,117,117,117,117,117,116,0,0,18,18,0,9,9,27,18,0,0,false,153,0,0,76,0.49673202614379086,5,36,21,15,9,9,0.5,15,10
2019,2084,Buffalo,true,roster_present_with_identifiable_ol,2009,2010,true,evaluable_complete_history_window,,122,122,122,122,122,122,0,0,22,22,0,13,9,37,22,0,0,false,231,0,0,165,0.7142857142857143,5,78,55,28,13,9,0.4090909090909091,15,10
2019,2116,UCF,true,roster_present_with_identifiable_ol,2009,2010,true,evaluable_complete_history_window,,126,126,126,126,126,124,0,0,20,20,0,9,11,19,20,0,0,false,190,0,0,52,0.2736842105263158,3,36,10,6,9,11,0.55,15,10
2019,2117,Central Michigan,true,roster_present_with_identifiable_ol,2009,2010,true,evaluable_complete_history_window,,115,115,115,115,115,114,0,0,21,21,0,12,9,23,21,0,0,false,210,0,0,84,0.4,3,66,15,3,12,9,0.42857142857142855,15,10
2019,2132,Cincinnati,true,roster_present_with_identifiable_ol,2009,2010,true,evaluable_complete_history_window,,120,120,120,120,120,119,0,0,17,17,0,9,8,18,17,0,0,false,136,0,0,52,0.38235294117647056,3,36,10,6,9,8,0.47058823529411764,15,10
2019,2199,Eastern Michigan,true,roster_present_with_identifiable_ol,2009,2010,true,evaluable_complete_history_window,,130,130,130,130,130,130,0,0,18,18,0,8,10,17,18,0,0,false,153,0,0,46,0.3006535947712418,3,28,15,3,8,10,0.5555555555555556,15,10
2019,2226,Florida Atlantic,true,roster_present_with_identifiable_ol,2009,2010,true,evaluable_complete_history_window,,135,135,135,135,135,135,0,0,18,18,0,13,5,25,18,0,0,false,153,0,0,124,0.8104575163398693,3,78,45,1,13,5,0.2777777777777778,15,10
2019,2229,Florida International,true,roster_present_with_identifiable_ol,2009,2010,true,evaluable_complete_history_window,,111,111,111,111,111,110,0,0,19,19,0,12,7,27,19,0,0,false,171,0,0,112,0.6549707602339181,3,66,36,10,12,7,0.3684210526315789,15,10
2019,2247,Georgia State,true,roster_present_with_identifiable_ol,2009,2010,true,evaluable_complete_history_window,,109,109,109,109,109,106,0,0,13,13,0,6,7,9,13,0,0,false,78,0,0,18,0.23076923076923078,2,15,3,0,6,7,0.5384615384615384,15,10
2019,2294,Iowa,true,roster_present_with_identifiable_ol,2009,2010,true,evaluable_complete_history_window,,128,128,128,128,128,128,0,0,22,22,0,8,14,16,22,0,0,false,231,0,0,41,0.1774891774891775,3,28,10,3,8,14,0.6363636363636364,15,10
2019,2305,Kansas,true,roster_present_with_identifiable_ol,2009,2010,true,evaluable_complete_history_window,,119,119,119,119,119,117,0,0,18,18,0,13,5,33,18,0,1,false,153,0,0,151,0.9869281045751634,4,78,55,15,13,5,0.2777777777777778,15,10
2019,2306,Kansas State,true,roster_present_with_identifiable_ol,2009,2010,true,evaluable_complete_history_window,,132,132,132,132,132,131,0,0,21,21,0,13,8,27,21,0,1,false,210,0,0,121,0.5761904761904761,3,78,28,15,13,8,0.38095238095238093,15,10
2019,2309,Kent State,true,roster_present_with_identifiable_ol,2009,2010,true,evaluable_complete_history_window,,104,104,104,104,104,103,0,0,20,20,0,12,8,26,20,0,0,false,190,0,0,108,0.5684210526315789,3,66,36,6,12,8,0.4,15,10
2019,2335,Liberty,true,roster_present_with_identifiable_ol,2009,2010,true,evaluable_complete_history_window,,121,121,121,121,121,119,0,0,16,16,0,9,7,20,16,0,0,false,120,0,0,60,0.5,3,36,21,3,9,7,0.4375,15,10
2019,2348,Louisiana Tech,true,roster_present_with_identifiable_ol,2009,2010,true,evaluable_complete_history_window,,103,103,103,103,103,101,0,0,19,19,0,11,8,22,19,0,0,false,171,0,0,76,0.4444444444444444,3,55,15,6,11,8,0.42105263157894735,15,10
2019,2390,Miami,true,roster_present_with_identifiable_ol,2009,2010,true,evaluable_complete_history_window,,123,123,123,123,123,121,0,0,18,18,0,11,7,15,18,0,0,false,153,0,0,57,0.37254901960784315,3,55,1,1,11,7,0.3888888888888889,15,10
2019,2393,Middle Tennessee,true,roster_present_with_identifiable_ol,2009,2010,true,evaluable_complete_history_window,,115,115,115,115,115,112,0,0,21,21,0,11,10,22,21,0,1,false,210,0,0,86,0.4095238095238095,3,55,28,3,11,10,0.47619047619047616,15,10
2019,2426,Navy,true,roster_present_with_identifiable_ol,2009,2010,true,evaluable_complete_history_window,,165,165,165,165,165,162,0,0,32,32,0,22,10,48,32,0,1,false,496,0,0,372,0.75,3,231,105,36,22,10,0.3125,15,10
2019,2429,Charlotte,true,roster_present_with_identifiable_ol,2009,2010,true,evaluable_complete_history_window,,121,121,121,121,121,120,0,0,15,15,0,9,6,18,15,0,0,false,105,0,0,54,0.5142857142857142,3,36,15,3,9,6,0.4,15,10
2019,2433,UL Monroe,true,roster_present_with_identifiable_ol,2009,2010,true,evaluable_complete_history_window,,113,113,113,113,113,111,0,0,15,15,0,8,7,18,15,0,0,false,105,0,0,49,0.4666666666666667,3,28,15,6,8,7,0.4666666666666667,15,10
2019,2439,UNLV,true,roster_present_with_identifiable_ol,2009,2010,true,evaluable_complete_history_window,,107,107,107,107,107,105,0,0,19,19,0,12,7,24,19,0,0,false,171,0,0,100,0.5847953216374269,3,66,28,6,12,7,0.3684210526315789,15,10
2019,2440,Nevada,true,roster_present_with_identifiable_ol,2009,2010,true,evaluable_complete_history_window,,118,118,118,118,118,116,0,0,16,16,0,11,5,20,16,0,0,false,120,0,0,77,0.6416666666666667,3,55,21,1,11,5,0.3125,15,10
2019,2459,Northern Illinois,true,roster_present_with_identifiable_ol,2009,2010,true,evaluable_complete_history_window,,114,114,114,114,114,114,0,0,17,17,0,11,6,24,17,0,0,false,136,0,0,97,0.7132352941176471,3,55,36,6,11,6,0.35294117647058826,15,10
2019,2483,Oregon,true,roster_present_with_identifiable_ol,2009,2010,true,evaluable_complete_history_window,,119,119,119,119,119,115,0,0,19,19,0,13,6,30,19,0,0,false,171,0,0,144,0.8421052631578947,3,78,45,21,13,6,0.3157894736842105,15,10
2019,2509,Purdue,true,roster_present_with_identifiable_ol,2009,2010,true,evaluable_complete_history_window,,107,107,107,107,107,105,0,0,19,19,0,11,8,20,19,0,0,false,171,0,0,71,0.4152046783625731,3,55,15,1,11,8,0.42105263157894735,15,10
2019,2567,SMU,true,roster_present_with_identifiable_ol,2009,2010,true,evaluable_complete_history_window,,143,143,143,143,143,142,0,0,15,15,0,9,6,18,15,0,0,false,105,0,0,58,0.5523809523809524,3,36,21,1,9,6,0.4,15,10
2019,2572,Southern Miss,true,roster_present_with_identifiable_ol,2009,2010,true,evaluable_complete_history_window,,121,121,121,121,121,119,0,0,18,18,0,12,6,24,18,0,0,false,153,0,0,112,0.7320261437908496,3,66,45,1,12,6,0.3333333333333333,15,10
2019,2579,South Carolina,true,roster_present_with_identifiable_ol,2009,2010,true,evaluable_complete_history_window,,119,119,119,119,119,118,0,0,17,17,0,8,9,12,17,0,1,false,136,0,0,31,0.22794117647058823,2,28,3,0,8,9,0.5294117647058824,15,10
2019,2628,TCU,true,roster_present_with_identifiable_ol,2009,2010,true,evaluable_complete_history_window,,129,129,129,129,129,128,0,0,19,19,0,12,7,27,19,0,0,false,171,0,0,117,0.6842105263157895,3,66,36,15,12,7,0.3684210526315789,15,10
2019,2633,Tennessee,true,roster_present_with_identifiable_ol,2009,2010,true,evaluable_complete_history_window,,128,128,128,128,128,121,0,0,20,20,0,9,11,20,20,0,0,false,190,0,0,60,0.3157894736842105,3,36,21,3,9,11,0.55,15,10
2019,2636,UTSA,true,roster_present_with_identifiable_ol,2009,2010,true,evaluable_complete_history_window,,116,116,116,116,116,114,0,0,16,16,0,12,4,26,16,0,0,false,120,0,0,108,0.9,3,66,36,6,12,4,0.25,15,10
2019,2638,UTEP,true,roster_present_with_identifiable_ol,2009,2010,true,evaluable_complete_history_window,,116,116,116,116,116,116,0,0,22,22,0,12,10,22,22,0,0,false,231,0,0,87,0.37662337662337664,3,66,15,6,12,10,0.45454545454545453,15,10
2019,2641,Texas Tech,true,roster_present_with_identifiable_ol,2009,2010,true,evaluable_complete_history_window,,120,120,120,120,120,119,0,0,20,20,0,11,9,28,20,0,0,false,190,0,0,105,0.5526315789473685,4,55,28,21,11,9,0.45,15,10
2019,2649,Toledo,true,roster_present_with_identifiable_ol,2009,2010,true,evaluable_complete_history_window,,120,120,120,120,120,118,0,0,21,21,0,11,10,23,21,0,0,false,210,0,0,73,0.3476190476190476,3,55,15,3,11,10,0.47619047619047616,15,10
2019,2653,Troy,true,roster_present_with_identifiable_ol,2009,2010,true,evaluable_complete_history_window,,119,119,119,119,119,118,0,0,20,20,0,11,9,23,20,0,1,false,190,0,0,80,0.42105263157894735,3,55,15,10,11,9,0.45,15,10
2019,2655,Tulane,true,roster_present_with_identifiable_ol,2009,2010,true,evaluable_complete_history_window,,108,108,108,108,107,106,0,0,16,16,0,9,7,20,16,0,1,false,120,0,0,56,0.4666666666666667,3,36,10,10,9,7,0.4375,15,10
2019,2711,Western Michigan,true,roster_present_with_identifiable_ol,2009,2010,true,evaluable_complete_history_window,,109,109,109,109,109,106,0,0,20,20,0,14,6,30,20,0,0,false,190,0,0,146,0.7684210526315789,3,91,45,10,14,6,0.3,15,10
2019,2751,Wyoming,true,roster_present_with_identifiable_ol,2009,2010,true,evaluable_complete_history_window,,114,114,114,114,114,113,0,0,19,19,0,8,11,12,19,0,1,false,171,0,0,34,0.19883040935672514,2,28,6,0,8,11,0.5789473684210527,15,10
2020,2,Auburn,true,roster_present_with_identifiable_ol,2009,2010,true,evaluable_complete_history_window,,125,125,125,125,125,123,0,0,18,18,0,11,7,20,18,0,0,false,153,0,0,77,0.5032679738562091,3,55,21,1,11,7,0.3888888888888889,16,11
2020,5,UAB,true,roster_present_with_identifiable_ol,2009,2010,true,evaluable_complete_history_window,,124,124,124,124,123,121,0,0,21,21,0,14,7,33,21,0,1,false,210,0,0,174,0.8285714285714286,3,91,55,28,14,7,0.3333333333333333,16,11
2020,6,South Alabama,true,roster_present_with_identifiable_ol,2009,2010,true,evaluable_complete_history_window,,117,117,117,117,117,115,0,0,22,22,0,13,9,21,22,0,0,false,231,0,0,89,0.3852813852813853,3,78,10,1,13,9,0.4090909090909091,16,11
2020,8,Arkansas,true,roster_present_with_identifiable_ol,2009,2010,true,evaluable_complete_history_window,,123,123,123,123,123,122,0,0,20,20,0,16,4,25,20,0,0,false,190,0,0,133,0.7,3,120,10,3,16,4,0.2,16,11
2020,9,Arizona State,true,roster_present_with_identifiable_ol,2009,2010,true,evaluable_complete_history_window,,116,116,116,116,116,115,0,0,19,19,0,14,5,20,19,0,0,false,171,0,0,97,0.5672514619883041,2,91,6,0,14,5,0.2631578947368421,16,11
2020,12,Arizona,true,roster_present_with_identifiable_ol,2009,2010,true,evaluable_complete_history_window,,121,121,121,121,121,120,0,0,20,20,0,11,9,23,20,0,0,false,190,0,0,86,0.45263157894736844,3,55,28,3,11,9,0.45,16,11
2020,21,San Diego State,true,roster_present_with_identifiable_ol,2009,2010,true,evaluable_complete_history_window,,119,119,119,119,118,118,0,0,19,19,0,14,5,29,19,0,1,false,171,0,0,129,0.7543859649122807,3,91,28,10,14,5,0.2631578947368421,16,11
2020,23,San José State,true,roster_present_with_identifiable_ol,2009,2010,true,evaluable_complete_history_window,,112,112,112,112,112,111,0,0,16,16,0,13,3,24,16,0,0,false,120,0,0,99,0.825,3,78,15,6,13,3,0.1875,16,11
2020,24,Stanford,true,roster_present_with_identifiable_ol,2009,2010,true,evaluable_complete_history_window,,107,107,107,107,107,104,0,0,16,16,0,8,8,16,16,0,0,false,120,0,0,34,0.2833333333333333,3,28,3,3,8,8,0.5,16,11
2020,25,California,true,roster_present_with_identifiable_ol,2009,2010,true,evaluable_complete_history_window,,107,107,107,107,107,107,0,0,19,19,0,14,5,26,19,0,0,false,171,0,0,125,0.7309941520467836,3,91,28,6,14,5,0.2631578947368421,16,11
2020,26,UCLA,true,roster_present_with_identifiable_ol,2009,2010,true,evaluable_complete_history_window,,152,152,152,152,152,150,0,0,24,24,0,20,4,35,24,0,0,false,276,0,0,223,0.8079710144927537,5,190,28,3,20,4,0.16666666666666666,16,11
2020,30,USC,true,roster_present_with_identifiable_ol,2009,2010,true,evaluable_complete_history_window,,132,132,132,132,132,132,0,0,24,24,0,16,8,43,24,0,0,false,276,0,0,177,0.6413043478260869,5,111,40,17,15,8,0.3333333333333333,16,11
2020,36,Colorado State,true,roster_present_with_identifiable_ol,2009,2010,true,evaluable_complete_history_window,,113,113,113,113,111,108,0,0,18,18,0,9,9,17,18,0,2,false,153,0,0,49,0.3202614379084967,3,36,10,3,9,9,0.5,16,11
2020,38,Colorado,true,roster_present_with_identifiable_ol,2009,2010,true,evaluable_complete_history_window,,120,120,120,120,120,118,0,0,19,19,0,15,4,24,19,0,0,false,171,0,0,121,0.7076023391812866,3,105,15,1,15,4,0.21052631578947367,16,11
2020,52,Florida State,true,roster_present_with_identifiable_ol,2009,2010,true,evaluable_complete_history_window,,125,125,125,125,125,120,0,0,21,21,0,11,10,18,21,0,0,false,210,0,0,64,0.3047619047619048,3,55,6,3,11,10,0.47619047619047616,16,11
2020,57,Florida,true,roster_present_with_identifiable_ol,2009,2010,true,evaluable_complete_history_window,,140,140,140,140,139,137,0,0,19,19,0,13,6,26,19,0,1,false,171,0,0,104,0.6081871345029239,4,78,15,10,13,6,0.3157894736842105,16,11
2020,58,South Florida,true,roster_present_with_identifiable_ol,2009,2010,true,evaluable_complete_history_window,,118,118,118,118,116,113,0,0,19,19,0,12,7,25,19,0,2,false,171,0,0,100,0.5847953216374269,3,66,28,6,12,7,0.3684210526315789,16,11
2020,59,Georgia Tech,true,roster_present_with_identifiable_ol,2009,2010,true,evaluable_complete_history_window,,139,139,139,139,138,135,0,0,23,23,0,14,9,23,23,0,1,false,253,0,0,107,0.42292490118577075,3,91,15,1,14,9,0.391304347826087,16,11
2020,61,Georgia,true,roster_present_with_identifiable_ol,2009,2010,true,evaluable_complete_history_window,,147,147,147,147,146,135,0,0,26,26,0,15,11,26,26,0,1,false,325,0,0,123,0.37846153846153846,3,105,15,3,15,11,0.4230769230769231,16,11
2020,62,Hawai'i,true,roster_present_with_identifiable_ol,2009,2010,true,evaluable_complete_history_window,,147,147,147,147,147,146,0,0,24,24,0,21,3,50,24,0,0,false,276,0,0,355,1.286231884057971,5,210,105,36,21,3,0.125,16,11
2020,66,Iowa State,true,roster_present_with_identifiable_ol,2009,2010,true,evaluable_complete_history_window,,134,134,134,134,134,132,0,0,23,23,0,15,8,22,23,0,0,false,253,0,0,116,0.45849802371541504,3,105,10,1,15,8,0.34782608695652173,16,11
2020,68,Boise State,true,roster_present_with_identifiable_ol,2009,2010,true,evaluable_complete_history_window,,110,110,110,110,110,109,0,0,17,17,0,12,5,20,17,0,0,false,136,0,0,79,0.5808823529411765,3,66,10,3,12,5,0.29411764705882354,16,11
2020,77,Northwestern,true,roster_present_with_identifiable_ol,2009,2010,true,evaluable_complete_history_window,,115,115,115,115,115,115,0,0,18,18,0,14,4,22,18,0,0,false,153,0,0,104,0.6797385620915033,3,91,10,3,14,4,0.2222222222222222,16,11
2020,84,Indiana,true,roster_present_with_identifiable_ol,2009,2010,true,evaluable_complete_history_window,,124,124,124,124,124,121,0,0,24,24,0,14,10,21,24,0,0,false,276,0,0,102,0.3695652173913043,3,91,10,1,14,10,0.4166666666666667,16,11
2020,87,Notre Dame,true,roster_present_with_identifiable_ol,2009,2010,true,evaluable_complete_history_window,,116,116,116,116,116,113,0,0,18,18,0,15,3,36,18,0,0,false,153,0,0,174,1.1372549019607843,4,105,45,21,15,3,0.16666666666666666,16,11
2020,96,Kentucky,true,roster_present_with_identifiable_ol,2009,2010,true,evaluable_complete_history_window,,126,126,126,126,126,124,0,0,20,20,0,13,7,24,20,0,0,false,190,0,0,109,0.5736842105263158,3,78,28,3,13,7,0.35,16,11
2020,97,Louisville,true,roster_present_with_identifiable_ol,2009,2010,true,evaluable_complete_history_window,,122,122,122,122,122,120,0,0,20,20,0,11,9,21,20,0,0,false,190,0,0,77,0.4052631578947368,3,55,21,1,11,9,0.45,16,11
2020,98,Western Kentucky,true,roster_present_with_identifiable_ol,2009,2010,true,evaluable_complete_history_window,,112,112,112,112,112,111,0,0,17,17,0,11,6,21,17,0,0,false,136,0,0,76,0.5588235294117647,3,55,15,6,11,6,0.35294117647058826,16,11
2020,99,LSU,true,roster_present_with_identifiable_ol,2009,2010,true,evaluable_complete_history_window,,114,114,114,114,114,113,0,0,17,17,0,10,7,14,17,0,0,false,136,0,0,48,0.35294117647058826,2,45,3,0,10,7,0.4117647058823529,16,11
2020,103,Boston College,true,roster_present_with_identifiable_ol,2009,2010,true,evaluable_complete_history_window,,107,107,107,107,107,106,0,0,18,18,0,12,6,18,18,0,0,false,153,0,0,73,0.477124183006536,3,66,6,1,12,6,0.3333333333333333,16,11
2020,113,Massachusetts,true,roster_present_with_identifiable_ol,2009,2010,true,evaluable_complete_history_window,,119,119,119,119,117,113,0,0,20,20,0,11,9,19,20,0,2,false,190,0,0,66,0.3473684210526316,3,55,10,1,11,9,0.45,16,11
2020,120,Maryland,true,roster_present_with_identifiable_ol,2009,2010,true,evaluable_complete_history_window,,127,127,127,127,125,123,0,0,22,22,0,12,10,23,22,0,2,false,231,0,0,93,0.4025974025974026,3,66,21,6,12,10,0.45454545454545453,16,11
2020,127,Michigan State,true,roster_present_with_identifiable_ol,2009,2010,true,evaluable_complete_history_window,,122,122,122,122,122,121,0,0,21,21,0,19,2,34,21,0,0,false,210,0,0,217,1.0333333333333334,3,171,36,10,19,2,0.09523809523809523,16,11
2020,130,Michigan,true,roster_present_with_identifiable_ol,2009,2010,true,evaluable_complete_history_window,,136,136,136,136,136,133,0,0,19,19,0,15,4,26,19,0,0,false,171,0,0,129,0.7543859649122807,3,105,21,3,15,4,0.21052631578947367,16,11
2020,135,Minnesota,true,roster_present_with_identifiable_ol,2009,2010,true,evaluable_complete_history_window,,124,124,124,124,124,123,0,0,17,17,0,12,5,22,17,0,0,false,136,0,0,82,0.6029411764705882,3,66,15,1,12,5,0.29411764705882354,16,11
2020,142,Missouri,true,roster_present_with_identifiable_ol,2009,2010,true,evaluable_complete_history_window,,120,120,120,120,119,116,0,0,20,20,0,15,5,20,20,0,1,false,190,0,0,111,0.5842105263157895,2,105,6,0,15,5,0.25,16,11
2020,145,Ole Miss,true,roster_present_with_identifiable_ol,2009,2010,true,evaluable_complete_history_window,,122,122,122,122,122,120,0,0,16,16,0,12,4,17,16,0,0,false,120,0,0,72,0.6,2,66,6,0,12,4,0.25,16,11
2020,150,Duke,true,roster_present_with_identifiable_ol,2009,2010,true,evaluable_complete_history_window,,110,110,110,110,109,108,0,0,17,17,0,13,4,23,17,0,1,false,136,0,0,96,0.7058823529411765,3,78,15,3,13,4,0.23529411764705882,16,11
2020,151,East Carolina,true,roster_present_with_identifiable_ol,2009,2010,true,evaluable_complete_history_window,,157,157,157,157,157,156,0,0,29,29,0,22,7,47,29,0,0,false,406,0,0,345,0.8497536945812808,4,231,66,45,22,7,0.2413793103448276,16,11
2020,152,NC State,true,roster_present_with_identifiable_ol,2009,2010,true,evaluable_complete_history_window,,124,124,124,124,124,122,0,0,22,22,0,15,7,29,22,0,0,false,231,0,0,132,0.5714285714285714,3,105,21,6,15,7,0.3181818181818182,16,11
2020,153,North Carolina,true,roster_present_with_identifiable_ol,2009,2010,true,evaluable_complete_history_window,,121,121,121,121,121,119,0,0,24,24,0,18,6,24,24,0,0,false,276,0,0,168,0.6086956521739131,2,153,15,0,18,6,0.25,16,11
2020,154,Wake Forest,true,roster_present_with_identifiable_ol,2009,2010,true,evaluable_complete_history_window,,123,123,123,123,123,122,0,0,19,19,0,12,7,23,19,0,0,false,171,0,0,97,0.5672514619883041,3,66,28,3,12,7,0.3684210526315789,16,11
2020,158,Nebraska,true,roster_present_with_identifiable_ol,2009,2010,true,evaluable_complete_history_window,,161,161,161,161,161,155,0,0,28,28,0,21,7,37,28,0,0,false,378,0,0,256,0.6772486772486772,3,210,36,10,21,7,0.25,16,11
2020,164,Rutgers,true,roster_present_with_identifiable_ol,2009,2010,true,evaluable_complete_history_window,,164,164,164,164,164,162,0,0,28,28,0,19,9,41,28,0,0,false,378,0,0,266,0.7037037037037037,4,171,66,28,19,9,0.32142857142857145,16,11
2020,166,New Mexico State,true,roster_present_with_identifiable_ol,2009,2010,true,evaluable_complete_history_window,,85,85,85,85,85,83,0,0,14,14,0,10,4,20,14,0,0,false,91,0,0,61,0.6703296703296703,3,45,10,6,10,4,0.2857142857142857,16,11
2020,167,New Mexico,true,roster_present_with_identifiable_ol,2009,2010,true,evaluable_complete_history_window,,117,117,117,117,116,115,0,0,19,19,0,11,8,24,19,0,1,false,171,0,0,97,0.5672514619883041,3,55,36,6,11,8,0.42105263157894735,16,11
2020,183,Syracuse,true,roster_present_with_identifiable_ol,2009,2010,true,evaluable_complete_history_window,,115,115,115,115,115,112,0,0,16,16,0,12,4,19,16,0,0,false,120,0,0,77,0.6416666666666667,3,66,10,1,12,4,0.25,16,11
2020,189,Bowling Green,true,roster_present_with_identifiable_ol,2009,2010,true,evaluable_complete_history_window,,149,149,149,149,149,145,0,0,26,26,0,17,9,34,26,0,0,false,325,0,0,177,0.5446153846153846,4,136,28,10,17,9,0.34615384615384615,16,11
2020,193,Miami (OH),true,roster_present_with_identifiable_ol,2009,2010,true,evaluable_complete_history_window,,102,102,102,102,102,99,0,0,18,18,0,13,5,23,18,0,0,false,153,0,0,91,0.5947712418300654,3,78,10,3,13,5,0.2777777777777778,16,11
2020,194,Ohio State,true,roster_present_with_identifiable_ol,2009,2010,true,evaluable_complete_history_window,,123,123,123,123,123,120,0,0,22,22,0,16,6,26,22,0,0,false,231,0,0,138,0.5974025974025974,3,120,15,3,16,6,0.2727272727272727,16,11
2020,195,Ohio,true,roster_present_with_identifiable_ol,2009,2010,true,evaluable_complete_history_window,,127,127,127,127,127,126,0,0,22,22,0,17,5,28,22,0,0,false,231,0,0,163,0.7056277056277056,3,136,21,6,17,5,0.22727272727272727,16,11
2020,197,Oklahoma State,true,roster_present_with_identifiable_ol,2009,2010,true,evaluable_complete_history_window,,139,139,139,139,139,136,0,0,24,24,0,16,8,25,24,0,0,false,276,0,0,136,0.4927536231884058,3,120,10,6,16,8,0.3333333333333333,16,11
2020,201,Oklahoma,true,roster_present_with_identifiable_ol,2009,2010,true,evaluable_complete_history_window,,129,129,129,129,129,128,0,0,24,24,0,15,9,27,24,0,0,false,276,0,0,151,0.5471014492753623,3,105,45,1,15,9,0.375,16,11
2020,202,Tulsa,true,roster_present_with_identifiable_ol,2009,2010,true,evaluable_complete_history_window,,112,112,112,112,112,111,0,0,16,16,0,10,6,17,16,0,0,false,120,0,0,56,0.4666666666666667,3,45,10,1,10,6,0.375,16,11
2020,204,Oregon State,true,roster_present_with_identifiable_ol,2009,2010,true,evaluable_complete_history_window,,154,154,154,154,154,151,0,0,26,26,0,18,8,38,26,0,0,false,325,0,0,229,0.7046153846153846,3,153,66,10,18,8,0.3076923076923077,16,11
2020,213,Penn State,true,roster_present_with_identifiable_ol,2009,2010,true,evaluable_complete_history_window,,123,123,123,123,123,122,0,0,22,22,0,16,6,26,22,0,0,false,231,0,0,141,0.6103896103896104,3,120,15,6,16,6,0.2727272727272727,16,11
2020,218,Temple,true,roster_present_with_identifiable_ol,2009,2010,true,evaluable_complete_history_window,,127,127,127,127,127,124,0,0,20,20,0,14,6,25,20,0,0,false,190,0,0,115,0.6052631578947368,3,91,21,3,14,6,0.3,16,11
2020,221,Pittsburgh,true,roster_present_with_identifiable_ol,2009,2010,true,evaluable_complete_history_window,,117,117,117,117,117,115,0,0,19,19,0,14,5,24,19,0,0,false,171,0,0,120,0.7017543859649122,3,91,28,1,14,5,0.2631578947368421,16,11
2020,228,Clemson,true,roster_present_with_identifiable_ol,2009,2010,true,evaluable_complete_history_window,,124,124,124,124,124,124,0,0,21,21,0,14,7,21,21,0,0,false,210,0,0,106,0.5047619047619047,2,91,15,0,14,7,0.3333333333333333,16,11
2020,235,Memphis,true,roster_present_with_identifiable_ol,2009,2010,true,evaluable_complete_history_window,,123,123,123,123,123,121,0,0,20,20,0,13,7,22,20,0,0,false,190,0,0,96,0.5052631578947369,3,78,15,3,13,7,0.35,16,11
2020,238,Vanderbilt,true,roster_present_with_identifiable_ol,2009,2010,true,evaluable_complete_history_window,,113,113,113,113,111,109,0,0,18,18,0,11,7,22,18,0,2,false,153,0,0,86,0.5620915032679739,3,55,28,3,11,7,0.3888888888888889,16,11
2020,239,Baylor,true,roster_present_with_identifiable_ol,2009,2010,true,evaluable_complete_history_window,,114,114,114,114,114,113,0,0,18,18,0,13,5,24,18,0,0,false,153,0,0,102,0.6666666666666666,3,78,21,3,13,5,0.2777777777777778,16,11
2020,242,Rice,true,roster_present_with_identifiable_ol,2009,2010,true,evaluable_complete_history_window,,114,114,114,114,114,112,0,0,16,16,0,10,6,13,16,0,0,false,120,0,0,48,0.4,2,45,3,0,10,6,0.375,16,11
2020,245,Texas A&M,true,roster_present_with_identifiable_ol,2009,2010,true,evaluable_complete_history_window,,140,140,140,140,140,139,0,0,22,22,0,16,6,29,22,0,0,false,231,0,0,151,0.6536796536796536,3,120,21,10,16,6,0.2727272727272727,16,11
2020,248,Houston,true,roster_present_with_identifiable_ol,2009,2010,true,evaluable_complete_history_window,,120,120,120,120,120,116,0,0,20,20,0,11,9,23,20,0,0,false,190,0,0,71,0.3736842105263158,3,55,10,6,11,9,0.45,16,11
2020,249,North Texas,true,roster_present_with_identifiable_ol,2009,2010,true,evaluable_complete_history_window,,115,115,115,115,115,114,0,0,18,18,0,10,8,16,18,0,0,false,153,0,0,52,0.33986928104575165,3,45,6,1,10,8,0.4444444444444444,16,11
2020,251,Texas,true,roster_present_with_identifiable_ol,2009,2010,true,evaluable_complete_history_window,,123,123,123,123,123,120,0,0,18,18,0,14,4,22,18,0,0,false,153,0,0,104,0.6797385620915033,3,91,10,3,14,4,0.2222222222222222,16,11
2020,252,BYU,true,roster_present_with_identifiable_ol,2009,2010,true,evaluable_complete_history_window,,129,129,129,129,129,128,0,0,17,17,0,12,5,24,17,0,0,false,136,0,0,100,0.7352941176470589,3,66,28,6,12,5,0.29411764705882354,16,11
2020,254,Utah,true,roster_present_with_identifiable_ol,2009,2010,true,evaluable_complete_history_window,,141,141,141,141,141,140,0,0,19,19,0,13,6,21,19,0,0,false,171,0,0,90,0.5263157894736842,3,78,6,6,13,6,0.3157894736842105,16,11
2020,258,Virginia,true,roster_present_with_identifiable_ol,2009,2010,true,evaluable_complete_history_window,,122,122,122,122,120,105,0,0,19,19,0,16,3,30,19,0,2,false,171,0,0,171,1.0,3,120,45,6,16,3,0.15789473684210525,16,11
2020,259,Virginia Tech,true,roster_present_with_identifiable_ol,2009,2010,true,evaluable_complete_history_window,,132,132,132,132,132,131,0,0,19,19,0,13,6,28,19,0,0,false,171,0,0,111,0.6491228070175439,4,78,21,6,13,6,0.3157894736842105,16,11
2020,264,Washington,true,roster_present_with_identifiable_ol,2009,2010,true,evaluable_complete_history_window,,121,121,121,121,121,119,0,0,21,21,0,13,8,21,21,0,0,false,210,0,0,94,0.44761904761904764,3,78,15,1,13,8,0.38095238095238093,16,11
2020,265,Washington State,true,roster_present_with_identifiable_ol,2009,2010,true,evaluable_complete_history_window,,157,157,157,157,157,154,0,0,24,24,0,18,6,31,24,0,0,false,276,0,0,181,0.6557971014492754,4,153,21,6,18,6,0.25,16,11
2020,275,Wisconsin,true,roster_present_with_identifiable_ol,2009,2010,true,evaluable_complete_history_window,,142,142,142,142,142,142,0,0,22,22,0,16,6,36,22,0,0,false,231,0,0,171,0.7402597402597403,4,114,41,13,15,6,0.2727272727272727,16,11
2020,276,Marshall,true,roster_present_with_identifiable_ol,2009,2010,true,evaluable_complete_history_window,,111,111,111,111,111,110,0,0,18,18,0,15,3,32,18,0,0,false,153,0,0,171,1.1176470588235294,3,105,45,21,15,3,0.16666666666666666,16,11
2020,277,West Virginia,true,roster_present_with_identifiable_ol,2009,2010,true,evaluable_complete_history_window,,118,118,118,118,118,112,0,0,19,19,0,14,5,21,19,0,0,false,171,0,0,100,0.5847953216374269,3,91,6,3,14,5,0.2631578947368421,16,11
2020,278,Fresno State,true,roster_present_with_identifiable_ol,2009,2010,true,evaluable_complete_history_window,,116,116,116,116,116,114,0,0,20,20,0,15,5,30,20,0,0,false,190,0,0,139,0.7315789473684211,4,105,21,10,15,5,0.25,16,11
2020,290,Georgia Southern,true,roster_present_with_identifiable_ol,2009,2010,true,evaluable_complete_history_window,,132,132,132,132,132,127,0,0,19,19,0,12,7,23,19,0,0,false,171,0,0,93,0.543859649122807,3,66,21,6,12,7,0.3684210526315789,16,11
2020,309,Louisiana,true,roster_present_with_identifiable_ol,2009,2010,true,evaluable_complete_history_window,,131,131,131,131,130,130,0,0,20,20,0,17,3,28,20,0,1,false,190,0,0,159,0.8368421052631579,4,136,21,1,17,3,0.15,16,11
2020,324,Coastal Carolina,true,roster_present_with_identifiable_ol,2009,2010,true,evaluable_complete_history_window,,143,143,143,143,143,140,0,0,25,25,0,15,10,29,25,0,1,false,300,0,0,143,0.4766666666666667,3,105,28,10,15,10,0.4,16,11
2020,326,Texas State,true,roster_present_with_identifiable_ol,2009,2010,true,evaluable_complete_history_window,,118,118,118,118,118,117,0,0,20,20,0,10,10,20,20,0,0,false,190,0,0,63,0.33157894736842103,3,45,15,3,10,10,0.5,16,11
2020,328,Utah State,true,roster_present_with_identifiable_ol,2009,2010,true,evaluable_complete_history_window,,120,120,120,120,119,115,0,0,20,20,0,14,6,21,20,0,1,false,190,0,0,102,0.5368421052631579,3,91,10,1,14,6,0.3,16,11
2020,333,Alabama,true,roster_present_with_identifiable_ol,2009,2010,true,evaluable_complete_history_window,,135,135,135,135,135,135,0,0,19,19,0,14,5,24,19,0,0,false,171,0,0,112,0.6549707602339181,3,91,15,6,14,5,0.2631578947368421,16,11
2020,344,Mississippi State,true,roster_present_with_identifiable_ol,2009,2010,true,evaluable_complete_history_window,,121,121,121,121,121,121,0,0,19,19,0,12,7,22,19,0,0,false,171,0,0,87,0.5087719298245614,3,66,15,6,12,7,0.3684210526315789,16,11
2020,349,Army,true,roster_present_with_identifiable_ol,2009,2010,true,evaluable_complete_history_window,,170,170,170,170,170,170,0,0,31,31,0,21,10,36,31,0,0,false,465,0,0,252,0.5419354838709678,3,210,36,6,21,10,0.3225806451612903,16,11
2020,356,Illinois,true,roster_present_with_identifiable_ol,2009,2010,true,evaluable_complete_history_window,,113,113,113,113,113,111,0,0,19,19,0,11,8,25,19,0,0,false,171,0,0,83,0.4853801169590643,4,55,21,6,11,8,0.42105263157894735,16,11
2020,2005,Air Force,true,roster_present_with_identifiable_ol,2009,2010,true,evaluable_complete_history_window,,87,87,87,87,84,83,0,0,15,15,0,8,7,21,15,0,3,false,105,0,0,64,0.6095238095238096,3,28,21,15,8,7,0.4666666666666667,16,11
2020,2006,Akron,true,roster_present_with_identifiable_ol,2009,2010,true,evaluable_complete_history_window,,139,139,139,139,139,136,0,0,17,17,0,12,5,19,17,0,0,false,136,0,0,77,0.5661764705882353,3,66,10,1,12,5,0.29411764705882354,16,11
2020,2026,App State,true,roster_present_with_identifiable_ol,2009,2010,true,evaluable_complete_history_window,,121,121,121,121,121,119,0,0,17,17,0,12,5,22,17,0,0,false,136,0,0,82,0.6029411764705882,3,66,10,6,12,5,0.29411764705882354,16,11
2020,2032,Arkansas State,true,roster_present_with_identifiable_ol,2009,2010,true,evaluable_complete_history_window,,105,105,105,105,105,105,0,0,16,16,0,11,5,24,16,0,0,false,120,0,0,94,0.7833333333333333,3,55,36,3,11,5,0.3125,16,11
2020,2050,Ball State,true,roster_present_with_identifiable_ol,2009,2010,true,evaluable_complete_history_window,,118,118,118,118,118,116,0,0,18,18,0,13,5,26,18,0,0,false,153,0,0,97,0.6339869281045751,4,78,10,6,13,5,0.2777777777777778,16,11
2020,2084,Buffalo,true,roster_present_with_identifiable_ol,2009,2010,true,evaluable_complete_history_window,,147,147,147,147,147,147,0,0,28,28,0,19,9,51,28,0,0,false,378,0,0,304,0.8042328042328042,5,171,66,45,19,9,0.32142857142857145,16,11
2020,2116,UCF,true,roster_present_with_identifiable_ol,2009,2010,true,evaluable_complete_history_window,,122,122,122,122,122,119,0,0,20,20,0,16,4,28,20,0,0,false,190,0,0,145,0.7631578947368421,4,120,21,3,16,4,0.2,16,11
2020,2117,Central Michigan,true,roster_present_with_identifiable_ol,2009,2010,true,evaluable_complete_history_window,,130,130,130,130,130,129,0,0,23,23,0,21,2,44,23,0,0,false,253,0,0,294,1.1620553359683794,4,210,66,15,21,2,0.08695652173913043,16,11
2020,2132,Cincinnati,true,roster_present_with_identifiable_ol,2009,2010,true,evaluable_complete_history_window,,131,131,131,131,129,128,0,0,22,22,0,13,9,19,22,0,2,false,231,0,0,88,0.38095238095238093,2,78,10,0,13,9,0.4090909090909091,16,11
2020,2199,Eastern Michigan,true,roster_present_with_identifiable_ol,2009,2010,true,evaluable_complete_history_window,,124,124,124,124,123,123,0,0,20,20,0,13,7,21,20,0,1,false,190,0,0,91,0.4789473684210526,3,78,10,3,13,7,0.35,16,11
2020,2226,Florida Atlantic,true,roster_present_with_identifiable_ol,2009,2010,true,evaluable_complete_history_window,,120,120,120,120,120,119,0,0,20,20,0,12,8,22,20,0,0,false,190,0,0,82,0.43157894736842106,3,61,15,6,11,8,0.4,16,11
2020,2229,Florida International,true,roster_present_with_identifiable_ol,2009,2010,true,evaluable_complete_history_window,,105,105,105,105,105,103,0,0,19,19,0,11,8,24,19,0,0,false,171,0,0,77,0.4502923976608187,4,55,15,6,11,8,0.42105263157894735,16,11
2020,2247,Georgia State,true,roster_present_with_identifiable_ol,2009,2010,true,evaluable_complete_history_window,,108,108,108,108,107,104,0,0,17,17,0,11,6,19,17,0,1,false,136,0,0,68,0.5,3,55,10,3,11,6,0.35294117647058826,16,11
2020,2294,Iowa,true,roster_present_with_identifiable_ol,2009,2010,true,evaluable_complete_history_window,,134,134,134,134,134,133,0,0,23,23,0,16,7,23,23,0,0,false,253,0,0,131,0.5177865612648221,3,120,10,1,16,7,0.30434782608695654,16,11
2020,2305,Kansas,true,roster_present_with_identifiable_ol,2009,2010,true,evaluable_complete_history_window,,122,122,122,122,121,117,0,0,20,20,0,12,8,29,20,0,1,false,190,0,0,104,0.5473684210526316,5,66,21,15,12,8,0.4,16,11
2020,2306,Kansas State,true,roster_present_with_identifiable_ol,2009,2010,true,evaluable_complete_history_window,,140,140,140,140,139,137,0,0,22,22,0,15,7,24,22,0,1,false,231,0,0,127,0.5497835497835498,3,105,21,1,15,7,0.3181818181818182,16,11
2020,2309,Kent State,true,roster_present_with_identifiable_ol,2009,2010,true,evaluable_complete_history_window,,105,105,105,105,105,103,0,0,20,20,0,16,4,31,20,0,0,false,190,0,0,158,0.8315789473684211,3,120,28,10,16,4,0.2,16,11
2020,2335,Liberty,true,roster_present_with_identifiable_ol,2009,2010,true,evaluable_complete_history_window,,115,115,115,115,115,112,0,0,18,18,0,12,6,22,18,0,0,false,153,0,0,87,0.5686274509803921,3,66,15,6,12,6,0.3333333333333333,16,11
2020,2348,Louisiana Tech,true,roster_present_with_identifiable_ol,2009,2010,true,evaluable_complete_history_window,,111,111,111,111,111,106,0,0,21,21,0,14,7,24,21,0,0,false,210,0,0,107,0.5095238095238095,3,91,15,1,14,7,0.3333333333333333,16,11
2020,2390,Miami,true,roster_present_with_identifiable_ol,2009,2010,true,evaluable_complete_history_window,,110,110,110,110,110,108,0,0,18,18,0,13,5,21,18,0,0,false,153,0,0,93,0.6078431372549019,2,78,15,0,13,5,0.2777777777777778,16,11
2020,2393,Middle Tennessee,true,roster_present_with_identifiable_ol,2009,2010,true,evaluable_complete_history_window,,119,119,119,119,118,114,0,0,21,21,0,15,6,24,21,0,1,false,210,0,0,121,0.5761904761904761,3,105,10,6,15,6,0.2857142857142857,16,11
2020,2426,Navy,true,roster_present_with_identifiable_ol,2009,2010,true,evaluable_complete_history_window,,166,166,166,166,166,162,0,0,29,29,0,20,9,37,29,0,0,false,406,0,0,266,0.6551724137931034,3,190,66,10,20,9,0.3103448275862069,16,11
2020,2429,Charlotte,true,roster_present_with_identifiable_ol,2009,2010,true,evaluable_complete_history_window,,135,135,135,135,135,132,0,0,19,19,0,10,9,20,19,0,0,false,171,0,0,63,0.3684210526315789,3,45,15,3,10,9,0.47368421052631576,16,11
2020,2433,UL Monroe,true,roster_present_with_identifiable_ol,2009,2010,true,evaluable_complete_history_window,,115,115,115,115,114,113,0,0,17,17,0,10,7,18,17,0,1,false,136,0,0,45,0.33088235294117646,3,39,5,1,9,7,0.4117647058823529,16,11
2020,2439,UNLV,true,roster_present_with_identifiable_ol,2009,2010,true,evaluable_complete_history_window,,144,144,144,144,144,142,0,0,24,24,0,18,6,41,24,0,0,false,276,0,0,242,0.8768115942028986,4,153,55,28,18,6,0.25,16,11
2020,2440,Nevada,true,roster_present_with_identifiable_ol,2009,2010,true,evaluable_complete_history_window,,120,120,120,120,120,117,0,0,19,19,0,14,5,29,19,0,0,false,171,0,0,137,0.8011695906432749,3,91,36,10,14,5,0.2631578947368421,16,11
2020,2459,Northern Illinois,true,roster_present_with_identifiable_ol,2009,2010,true,evaluable_complete_history_window,,121,121,121,121,121,119,0,0,17,17,0,8,9,13,17,0,0,false,136,0,0,32,0.23529411764705882,3,28,3,1,8,9,0.5294117647058824,16,11
2020,2483,Oregon,true,roster_present_with_identifiable_ol,2009,2010,true,evaluable_complete_history_window,,120,120,120,120,120,116,0,0,18,18,0,12,6,24,18,0,0,false,153,0,0,93,0.6078431372549019,3,66,21,6,12,6,0.3333333333333333,16,11
2020,2509,Purdue,true,roster_present_with_identifiable_ol,2009,2010,true,evaluable_complete_history_window,,145,145,145,145,145,143,0,0,25,25,0,18,7,34,25,0,0,false,300,0,0,208,0.6933333333333334,3,153,45,10,18,7,0.28,16,11
2020,2567,SMU,true,roster_present_with_identifiable_ol,2009,2010,true,evaluable_complete_history_window,,147,147,147,147,147,144,0,0,22,22,0,10,12,18,22,0,0,false,231,0,0,58,0.2510822510822511,3,45,10,3,10,12,0.5454545454545454,16,11
2020,2572,Southern Miss,true,roster_present_with_identifiable_ol,2009,2010,true,evaluable_complete_history_window,,107,107,107,107,107,105,0,0,16,16,0,14,2,28,16,0,0,false,120,0,0,134,1.1166666666666667,3,91,28,15,14,2,0.125,16,11
2020,2579,South Carolina,true,roster_present_with_identifiable_ol,2009,2010,true,evaluable_complete_history_window,,121,121,121,121,121,119,0,0,20,20,0,13,7,18,20,0,1,false,190,0,0,84,0.4421052631578947,2,78,6,0,13,7,0.35,16,11
2020,2628,TCU,true,roster_present_with_identifiable_ol,2009,2010,true,evaluable_complete_history_window,,136,136,136,136,136,133,0,0,21,21,0,13,8,25,21,0,0,false,210,0,0,105,0.5,3,78,21,6,13,8,0.38095238095238093,16,11
2020,2633,Tennessee,true,roster_present_with_identifiable_ol,2009,2010,true,evaluable_complete_history_window,,141,141,141,141,141,135,0,0,25,25,0,18,7,32,25,0,0,false,300,0,0,185,0.6166666666666667,4,153,21,10,18,7,0.28,16,11
2020,2636,UTSA,true,roster_present_with_identifiable_ol,2009,2010,true,evaluable_complete_history_window,,118,118,118,118,118,116,0,0,21,21,0,13,8,30,21,0,0,false,210,0,0,130,0.6190476190476191,4,78,36,15,13,8,0.38095238095238093,16,11
2020,2638,UTEP,true,roster_present_with_identifiable_ol,2009,2010,true,evaluable_complete_history_window,,127,127,127,127,127,127,0,0,20,20,0,13,7,19,20,0,0,false,190,0,0,88,0.4631578947368421,2,78,10,0,13,7,0.35,16,11
2020,2641,Texas Tech,true,roster_present_with_identifiable_ol,2009,2010,true,evaluable_complete_history_window,,137,137,137,137,137,133,0,0,22,22,0,15,7,27,22,0,0,false,231,0,0,124,0.5367965367965368,4,105,15,3,15,7,0.3181818181818182,16,11
2020,2649,Toledo,true,roster_present_with_identifiable_ol,2009,2010,true,evaluable_complete_history_window,,117,117,117,117,117,114,0,0,20,20,0,14,6,25,20,0,0,false,190,0,0,115,0.6052631578947368,3,91,21,3,14,6,0.3,16,11
2020,2653,Troy,true,roster_present_with_identifiable_ol,2009,2010,true,evaluable_complete_history_window,,121,121,121,121,121,119,0,0,21,21,0,12,9,21,21,0,0,false,210,0,0,77,0.36666666666666664,3,66,10,1,12,9,0.42857142857142855,16,11
2020,2655,Tulane,true,roster_present_with_identifiable_ol,2009,2010,true,evaluable_complete_history_window,,107,107,107,107,107,106,0,0,18,18,0,11,7,21,18,0,0,false,153,0,0,67,0.43790849673202614,4,55,10,1,11,7,0.3888888888888889,16,11
2020,2711,Western Michigan,true,roster_present_with_identifiable_ol,2009,2010,true,evaluable_complete_history_window,,109,109,109,109,109,106,0,0,20,20,0,16,4,35,20,0,0,false,190,0,0,181,0.9526315789473684,4,120,45,15,16,4,0.2,16,11
2020,2751,Wyoming,true,roster_present_with_identifiable_ol,2009,2010,true,evaluable_complete_history_window,,131,131,131,131,130,128,0,0,22,22,0,16,6,27,22,0,2,false,231,0,0,147,0.6363636363636364,3,120,21,6,16,6,0.2727272727272727,16,11
2021,2,Auburn,true,roster_present_with_identifiable_ol,2009,2010,true,evaluable_complete_history_window,,107,107,107,107,107,106,0,0,17,17,0,16,1,33,17,0,0,false,136,0,0,172,1.2647058823529411,4,120,36,15,16,1,0.058823529411764705,17,12
2021,5,UAB,true,roster_present_with_identifiable_ol,2009,2010,true,evaluable_complete_history_window,,135,135,135,135,134,132,0,0,23,23,0,15,8,34,23,0,1,false,253,0,0,158,0.6245059288537549,4,105,28,15,15,8,0.34782608695652173,17,12
2021,6,South Alabama,true,roster_present_with_identifiable_ol,2009,2010,true,evaluable_complete_history_window,,120,120,120,120,120,118,0,0,17,17,0,16,1,28,17,0,0,false,136,0,0,166,1.2205882352941178,3,120,45,1,16,1,0.058823529411764705,17,12
2021,8,Arkansas,true,roster_present_with_identifiable_ol,2009,2010,true,evaluable_complete_history_window,,124,124,124,124,122,122,0,0,20,20,0,15,5,34,20,0,2,false,190,0,0,178,0.9368421052631579,4,105,66,6,15,5,0.25,17,12
2021,9,Arizona State,true,roster_present_with_identifiable_ol,2009,2010,true,evaluable_complete_history_window,,114,114,114,114,113,112,0,0,22,22,0,16,6,29,22,0,1,false,231,0,0,176,0.7619047619047619,3,120,55,1,16,6,0.2727272727272727,17,12
2021,12,Arizona,true,roster_present_with_identifiable_ol,2009,2010,true,evaluable_complete_history_window,,113,113,113,113,112,112,0,0,18,18,0,16,2,30,18,0,1,false,153,0,0,152,0.9934640522875817,4,120,21,10,16,2,0.1111111111111111,17,12
2021,21,San Diego State,true,roster_present_with_identifiable_ol,2009,2010,true,evaluable_complete_history_window,,98,98,98,98,98,97,0,0,15,15,0,14,1,33,15,0,0,false,105,0,0,147,1.4,4,91,45,10,14,1,0.06666666666666667,17,12
2021,23,San José State,true,roster_present_with_identifiable_ol,2009,2010,true,evaluable_complete_history_window,,112,112,112,112,110,109,0,0,19,19,0,13,6,35,19,0,2,false,171,0,0,160,0.935672514619883,4,78,66,10,13,6,0.3157894736842105,17,12
2021,24,Stanford,true,roster_present_with_identifiable_ol,2009,2010,true,evaluable_complete_history_window,,108,108,108,108,108,105,0,0,16,16,0,12,4,17,16,0,0,false,120,0,0,76,0.6333333333333333,2,66,10,0,12,4,0.25,17,12
2021,25,California,true,roster_present_with_identifiable_ol,2009,2010,true,evaluable_complete_history_window,,118,118,118,118,117,117,0,0,18,18,0,14,4,29,18,0,1,false,153,0,0,134,0.8758169934640523,4,91,36,6,14,4,0.2222222222222222,17,12
2021,26,UCLA,true,roster_present_with_identifiable_ol,2009,2010,true,evaluable_complete_history_window,,129,129,129,129,129,128,0,0,22,22,0,17,5,32,22,0,0,false,231,0,0,215,0.9307359307359307,3,136,78,1,17,5,0.22727272727272727,17,12
2021,30,USC,true,roster_present_with_identifiable_ol,2009,2010,true,evaluable_complete_history_window,,130,130,130,130,130,130,0,0,22,22,0,19,3,41,22,0,0,false,231,0,0,240,1.0389610389610389,5,171,55,10,19,3,0.13636363636363635,17,12
2021,36,Colorado State,true,roster_present_with_identifiable_ol,2009,2010,true,evaluable_complete_history_window,,103,103,103,103,102,101,0,0,16,16,0,15,1,26,16,0,1,false,120,0,0,124,1.0333333333333334,4,105,15,3,15,1,0.0625,17,12
2021,38,Colorado,true,roster_present_with_identifiable_ol,2009,2010,true,evaluable_complete_history_window,,104,104,104,104,104,102,0,0,17,17,0,13,4,30,17,0,0,false,136,0,0,130,0.9558823529411765,4,78,45,6,13,4,0.23529411764705882,17,12
2021,41,UConn,true,roster_present_with_identifiable_ol,2009,2010,true,evaluable_complete_history_window,,111,111,111,111,111,111,0,0,16,16,0,7,9,11,16,0,0,false,120,0,0,22,0.18333333333333332,2,21,1,0,7,9,0.5625,17,12
2021,52,Florida State,true,roster_present_with_identifiable_ol,2009,2010,true,evaluable_complete_history_window,,120,120,120,120,120,114,0,0,21,21,0,16,5,27,21,0,0,false,210,0,0,149,0.7095238095238096,3,120,28,1,16,5,0.23809523809523808,17,12
2021,57,Florida,true,roster_present_with_identifiable_ol,2009,2010,true,evaluable_complete_history_window,,125,125,125,125,125,123,0,0,16,16,0,12,4,21,16,0,0,false,120,0,0,87,0.725,2,66,21,0,12,4,0.25,17,12
2021,58,South Florida,true,roster_present_with_identifiable_ol,2009,2010,true,evaluable_complete_history_window,,113,113,113,113,111,109,0,0,17,17,0,16,1,33,17,0,2,false,136,0,0,167,1.2279411764705883,4,120,36,10,16,1,0.058823529411764705,17,12
2021,59,Georgia Tech,true,roster_present_with_identifiable_ol,2009,2010,true,evaluable_complete_history_window,,133,133,133,133,133,129,0,0,21,21,0,16,5,28,21,0,0,false,210,0,0,144,0.6857142857142857,3,120,21,3,16,5,0.23809523809523808,17,12
2021,61,Georgia,true,roster_present_with_identifiable_ol,2009,2010,true,evaluable_complete_history_window,,121,121,121,121,121,119,0,0,23,23,0,19,4,30,23,0,0,false,253,0,0,200,0.7905138339920948,3,171,28,1,19,4,0.17391304347826086,17,12
2021,62,Hawai'i,true,roster_present_with_identifiable_ol,2009,2010,true,evaluable_complete_history_window,,118,118,118,118,117,115,0,0,17,17,0,13,4,36,17,0,1,false,136,0,0,154,1.1323529411764706,4,78,45,28,13,4,0.23529411764705882,17,12
2021,66,Iowa State,true,roster_present_with_identifiable_ol,2009,2010,true,evaluable_complete_history_window,,133,133,133,133,133,131,0,0,25,25,0,21,4,39,25,0,0,false,300,0,0,294,0.98,3,210,78,6,21,4,0.16,17,12
2021,68,Boise State,true,roster_present_with_identifiable_ol,2009,2010,true,evaluable_complete_history_window,,92,92,92,92,92,91,0,0,14,14,0,14,0,28,14,0,0,false,91,0,0,139,1.5274725274725274,3,91,45,3,14,0,0.0,17,12
2021,77,Northwestern,true,roster_present_with_identifiable_ol,2009,2010,true,evaluable_complete_history_window,,117,117,117,117,115,115,0,0,18,18,0,14,4,26,18,0,2,false,153,0,0,137,0.8954248366013072,3,91,45,1,14,4,0.2222222222222222,17,12
2021,84,Indiana,true,roster_present_with_identifiable_ol,2009,2010,true,evaluable_complete_history_window,,125,125,125,125,124,122,0,0,24,24,0,20,4,34,24,0,1,false,276,0,0,246,0.8913043478260869,3,190,55,1,20,4,0.16666666666666666,17,12
2021,87,Notre Dame,true,roster_present_with_identifiable_ol,2009,2010,true,evaluable_complete_history_window,,103,103,103,103,103,100,0,0,16,16,0,12,4,26,16,0,0,false,120,0,0,108,0.9,3,66,36,6,12,4,0.25,17,12
2021,96,Kentucky,true,roster_present_with_identifiable_ol,2009,2010,true,evaluable_complete_history_window,,127,127,127,127,125,122,0,0,19,19,0,13,6,28,19,0,2,false,171,0,0,124,0.7251461988304093,3,78,36,10,13,6,0.3157894736842105,17,12
2021,97,Louisville,true,roster_present_with_identifiable_ol,2009,2010,true,evaluable_complete_history_window,,111,111,111,111,110,108,0,0,16,16,0,13,3,25,16,0,1,false,120,0,0,99,0.825,3,78,15,6,13,3,0.1875,17,12
2021,98,Western Kentucky,true,roster_present_with_identifiable_ol,2009,2010,true,evaluable_complete_history_window,,108,108,108,108,105,101,0,0,14,14,0,12,2,21,14,0,3,false,91,0,0,82,0.9010989010989011,3,66,15,1,12,2,0.14285714285714285,17,12
2021,99,LSU,true,roster_present_with_identifiable_ol,2009,2010,true,evaluable_complete_history_window,,109,109,109,109,109,105,0,0,16,16,0,14,2,27,16,0,0,false,120,0,0,130,1.0833333333333333,3,91,36,3,14,2,0.125,17,12
2021,103,Boston College,true,roster_present_with_identifiable_ol,2009,2010,true,evaluable_complete_history_window,,120,120,120,120,116,115,0,0,19,19,0,15,4,30,19,0,4,false,171,0,0,154,0.9005847953216374,4,105,45,3,15,4,0.21052631578947367,17,12
2021,113,Massachusetts,true,roster_present_with_identifiable_ol,2009,2010,true,evaluable_complete_history_window,,90,90,90,90,85,83,0,0,13,13,0,12,1,18,13,0,5,false,78,0,0,76,0.9743589743589743,2,66,10,0,12,1,0.07692307692307693,17,12
2021,120,Maryland,true,roster_present_with_identifiable_ol,2009,2010,true,evaluable_complete_history_window,,129,129,129,129,128,126,0,0,19,19,0,15,4,22,19,0,1,false,171,0,0,120,0.7017543859649122,2,105,15,0,15,4,0.21052631578947367,17,12
2021,127,Michigan State,true,roster_present_with_identifiable_ol,2009,2010,true,evaluable_complete_history_window,,116,116,116,116,116,116,0,0,19,19,0,15,4,40,19,0,0,false,171,0,0,217,1.2690058479532165,4,105,91,15,15,4,0.21052631578947367,17,12
2021,130,Michigan,true,roster_present_with_identifiable_ol,2009,2010,true,evaluable_complete_history_window,,120,120,120,120,120,119,0,0,21,21,0,17,4,40,21,0,0,false,210,0,0,232,1.1047619047619048,4,136,78,15,17,4,0.19047619047619047,17,12
2021,135,Minnesota,true,roster_present_with_identifiable_ol,2009,2010,true,evaluable_complete_history_window,,119,119,119,119,119,116,0,0,20,20,0,15,5,36,20,0,0,false,190,0,0,176,0.9263157894736842,4,105,55,15,15,5,0.25,17,12
2021,142,Missouri,true,roster_present_with_identifiable_ol,2009,2010,true,evaluable_complete_history_window,,124,124,124,124,124,122,0,0,20,20,0,14,6,26,20,0,0,false,190,0,0,137,0.7210526315789474,3,91,45,1,14,6,0.3,17,12
2021,145,Ole Miss,true,roster_present_with_identifiable_ol,2009,2010,true,evaluable_complete_history_window,,135,135,135,135,135,132,0,0,19,19,0,13,6,25,19,0,0,false,171,0,0,124,0.7251461988304093,3,78,45,1,13,6,0.3157894736842105,17,12
2021,150,Duke,true,roster_present_with_identifiable_ol,2009,2010,true,evaluable_complete_history_window,,107,107,107,107,105,105,0,0,14,14,0,13,1,27,14,0,2,false,91,0,0,126,1.3846153846153846,3,78,45,3,13,1,0.07142857142857142,17,12
2021,151,East Carolina,true,roster_present_with_identifiable_ol,2009,2010,true,evaluable_complete_history_window,,136,136,136,136,136,134,0,0,23,23,0,18,5,36,23,0,0,false,253,0,0,214,0.8458498023715415,4,153,55,3,18,5,0.21739130434782608,17,12
2021,152,NC State,true,roster_present_with_identifiable_ol,2009,2010,true,evaluable_complete_history_window,,134,134,134,134,133,131,0,0,20,20,0,15,5,33,20,0,1,false,190,0,0,154,0.8105263157894737,4,105,45,3,15,5,0.25,17,12
2021,153,North Carolina,true,roster_present_with_identifiable_ol,2009,2010,true,evaluable_complete_history_window,,116,116,116,116,115,114,0,0,21,21,0,18,3,34,21,0,1,false,210,0,0,225,1.0714285714285714,3,153,66,6,18,3,0.14285714285714285,17,12
2021,154,Wake Forest,true,roster_present_with_identifiable_ol,2009,2010,true,evaluable_complete_history_window,,133,133,133,133,132,129,0,0,22,22,0,17,5,35,22,0,1,false,231,0,0,197,0.8528138528138528,4,136,45,15,17,5,0.22727272727272727,17,12
2021,158,Nebraska,true,roster_present_with_identifiable_ol,2009,2010,true,evaluable_complete_history_window,,171,171,171,171,170,165,0,0,25,25,0,18,7,36,25,0,1,false,300,0,0,237,0.79,3,153,78,6,18,7,0.28,17,12
2021,164,Rutgers,true,roster_present_with_identifiable_ol,2009,2010,true,evaluable_complete_history_window,,126,126,126,126,126,124,0,0,19,19,0,16,3,29,19,0,0,false,171,0,0,152,0.8888888888888888,4,120,28,3,16,3,0.15789473684210525,17,12
2021,166,New Mexico State,true,roster_present_with_identifiable_ol,2009,2010,true,evaluable_complete_history_window,,99,99,99,99,99,97,0,0,14,14,0,6,8,14,14,0,0,false,91,0,0,22,0.24175824175824176,3,15,6,1,6,8,0.5714285714285714,17,12
2021,167,New Mexico,true,roster_present_with_identifiable_ol,2009,2010,true,evaluable_complete_history_window,,114,114,114,114,106,103,0,0,12,12,0,12,0,24,12,0,8,false,66,0,0,85,1.2878787878787878,4,66,10,6,12,0,0.0,17,12
2021,183,Syracuse,true,roster_present_with_identifiable_ol,2009,2010,true,evaluable_complete_history_window,,96,96,96,96,96,93,0,0,14,14,0,14,0,30,14,0,0,false,91,0,0,143,1.5714285714285714,4,91,45,6,14,0,0.0,17,12
2021,189,Bowling Green,true,roster_present_with_identifiable_ol,2009,2010,true,evaluable_complete_history_window,,108,108,108,108,108,103,0,0,19,19,0,15,4,22,19,0,0,false,171,0,0,120,0.7017543859649122,2,105,15,0,15,4,0.21052631578947367,17,12
2021,193,Miami (OH),true,roster_present_with_identifiable_ol,2009,2010,true,evaluable_complete_history_window,,115,115,115,115,112,109,0,0,17,17,0,13,4,24,17,0,3,false,136,0,0,115,0.8455882352941176,3,78,36,1,13,4,0.23529411764705882,17,12
2021,194,Ohio State,true,roster_present_with_identifiable_ol,2009,2010,true,evaluable_complete_history_window,,131,131,131,131,131,127,0,0,24,24,0,17,7,31,24,0,0,false,276,0,0,192,0.6956521739130435,3,136,55,1,17,7,0.2916666666666667,17,12
2021,195,Ohio,true,roster_present_with_identifiable_ol,2009,2010,true,evaluable_complete_history_window,,100,100,100,100,99,97,0,0,19,19,0,19,0,41,19,0,1,false,171,0,0,275,1.608187134502924,4,171,91,10,19,0,0.0,17,12
2021,197,Oklahoma State,true,roster_present_with_identifiable_ol,2009,2010,true,evaluable_complete_history_window,,113,113,113,113,113,110,0,0,14,14,0,13,1,21,14,0,0,false,91,0,0,106,1.164835164835165,2,78,28,0,13,1,0.07142857142857142,17,12
2021,201,Oklahoma,true,roster_present_with_identifiable_ol,2009,2010,true,evaluable_complete_history_window,,117,117,117,117,117,115,0,0,18,18,0,15,3,33,18,0,0,false,153,0,0,163,1.065359477124183,4,105,36,21,15,3,0.16666666666666666,17,12
2021,202,Tulsa,true,roster_present_with_identifiable_ol,2009,2010,true,evaluable_complete_history_window,,100,100,100,100,99,97,0,0,14,14,0,13,1,29,14,0,1,false,91,0,0,125,1.3736263736263736,4,78,36,10,13,1,0.07142857142857142,17,12
2021,204,Oregon State,true,roster_present_with_identifiable_ol,2009,2010,true,evaluable_complete_history_window,,120,120,120,120,120,118,0,0,22,22,0,22,0,49,22,0,0,false,231,0,0,364,1.5757575757575757,4,231,91,36,22,0,0.0,17,12
2021,213,Penn State,true,roster_present_with_identifiable_ol,2009,2010,true,evaluable_complete_history_window,,110,110,110,110,110,109,0,0,17,17,0,16,1,31,17,0,0,false,136,0,0,178,1.3088235294117647,3,120,55,3,16,1,0.058823529411764705,17,12
2021,218,Temple,true,roster_present_with_identifiable_ol,2009,2010,true,evaluable_complete_history_window,,109,109,109,109,107,105,0,0,13,13,0,12,1,22,13,0,2,false,78,0,0,84,1.0769230769230769,3,66,15,3,12,1,0.07692307692307693,17,12
2021,221,Pittsburgh,true,roster_present_with_identifiable_ol,2009,2010,true,evaluable_complete_history_window,,111,111,111,111,109,107,0,0,16,16,0,12,4,22,16,0,2,false,120,0,0,90,0.75,3,66,21,3,12,4,0.25,17,12
2021,228,Clemson,true,roster_present_with_identifiable_ol,2009,2010,true,evaluable_complete_history_window,,137,137,137,137,137,136,0,0,21,21,0,16,5,28,21,0,0,false,210,0,0,159,0.7571428571428571,3,120,36,3,16,5,0.23809523809523808,17,12
2021,235,Memphis,true,roster_present_with_identifiable_ol,2009,2010,true,evaluable_complete_history_window,,101,101,101,101,101,99,0,0,16,16,0,14,2,28,16,0,0,false,120,0,0,126,1.05,4,91,28,6,14,2,0.125,17,12
2021,238,Vanderbilt,true,roster_present_with_identifiable_ol,2009,2010,true,evaluable_complete_history_window,,108,108,108,108,108,96,0,0,18,18,0,13,5,28,18,0,0,false,153,0,0,117,0.7647058823529411,4,78,28,10,13,5,0.2777777777777778,17,12
2021,239,Baylor,true,roster_present_with_identifiable_ol,2009,2010,true,evaluable_complete_history_window,,105,105,105,105,105,104,0,0,15,15,0,12,3,28,15,0,0,false,105,0,0,105,1.0,4,66,28,10,12,3,0.2,17,12
2021,242,Rice,true,roster_present_with_identifiable_ol,2009,2010,true,evaluable_complete_history_window,,124,124,124,124,124,122,0,0,19,19,0,16,3,29,19,0,0,false,171,0,0,168,0.9824561403508771,3,120,45,3,16,3,0.15789473684210525,17,12
2021,245,Texas A&M,true,roster_present_with_identifiable_ol,2009,2010,true,evaluable_complete_history_window,,120,120,120,120,120,119,0,0,14,14,0,13,1,23,14,0,0,false,91,0,0,107,1.1758241758241759,3,78,28,1,13,1,0.07142857142857142,17,12
2021,248,Houston,true,roster_present_with_identifiable_ol,2009,2010,true,evaluable_complete_history_window,,116,116,116,116,116,113,0,0,20,20,0,16,4,29,20,0,0,false,190,0,0,152,0.8,4,120,28,3,16,4,0.2,17,12
2021,249,North Texas,true,roster_present_with_identifiable_ol,2009,2010,true,evaluable_complete_history_window,,109,109,109,109,104,101,0,0,14,14,0,11,3,21,14,0,5,false,91,0,0,77,0.8461538461538461,3,55,21,1,11,3,0.21428571428571427,17,12
2021,251,Texas,true,roster_present_with_identifiable_ol,2009,2010,true,evaluable_complete_history_window,,107,107,107,107,107,105,0,0,15,15,0,14,1,30,15,0,0,false,105,0,0,142,1.3523809523809525,4,91,45,3,14,1,0.06666666666666667,17,12
2021,252,BYU,true,roster_present_with_identifiable_ol,2009,2010,true,evaluable_complete_history_window,,125,125,125,125,124,122,0,0,16,16,0,12,4,24,16,0,1,false,120,0,0,100,0.8333333333333334,3,66,28,6,12,4,0.25,17,12
2021,254,Utah,true,roster_present_with_identifiable_ol,2009,2010,true,evaluable_complete_history_window,,126,126,126,126,126,125,0,0,20,20,0,17,3,32,20,0,0,false,190,0,0,193,1.0157894736842106,4,136,55,1,17,3,0.15,17,12
2021,258,Virginia,true,roster_present_with_identifiable_ol,2009,2010,true,evaluable_complete_history_window,,125,125,125,125,125,114,0,0,19,19,0,19,0,49,19,0,0,false,171,0,0,342,2.0,4,171,120,45,19,0,0.0,17,12
2021,259,Virginia Tech,true,roster_present_with_identifiable_ol,2009,2010,true,evaluable_complete_history_window,,127,127,127,127,126,125,0,0,17,17,0,12,5,23,17,0,1,false,136,0,0,84,0.6176470588235294,3,66,15,3,12,5,0.29411764705882354,17,12
2021,264,Washington,true,roster_present_with_identifiable_ol,2009,2010,true,evaluable_complete_history_window,,120,120,120,120,120,118,0,0,20,20,0,17,3,36,20,0,0,false,190,0,0,213,1.1210526315789473,4,136,66,10,17,3,0.15,17,12
2021,265,Washington State,true,roster_present_with_identifiable_ol,2009,2010,true,evaluable_complete_history_window,,133,133,133,133,130,128,0,0,20,20,0,17,3,36,20,0,3,false,190,0,0,220,1.1578947368421053,3,136,78,6,17,3,0.15,17,12
2021,275,Wisconsin,true,roster_present_with_identifiable_ol,2009,2010,true,evaluable_complete_history_window,,113,113,113,113,113,112,0,0,16,16,0,15,1,30,16,0,0,false,120,0,0,151,1.2583333333333333,3,105,36,10,15,1,0.0625,17,12
2021,276,Marshall,true,roster_present_with_identifiable_ol,2009,2010,true,evaluable_complete_history_window,,103,103,103,103,101,100,0,0,16,16,0,15,1,40,16,0,2,false,120,0,0,209,1.7416666666666667,4,105,66,28,15,1,0.0625,17,12
2021,277,West Virginia,true,roster_present_with_identifiable_ol,2009,2010,true,evaluable_complete_history_window,,100,100,100,100,100,97,0,0,18,18,0,12,6,21,18,0,0,false,153,0,0,94,0.6143790849673203,2,66,28,0,12,6,0.3333333333333333,17,12
2021,278,Fresno State,true,roster_present_with_identifiable_ol,2009,2010,true,evaluable_complete_history_window,,101,101,101,101,101,98,0,0,14,14,0,13,1,31,14,0,0,false,91,0,0,124,1.3626373626373627,5,78,36,6,13,1,0.07142857142857142,17,12
2021,290,Georgia Southern,true,roster_present_with_identifiable_ol,2009,2010,true,evaluable_complete_history_window,,128,128,128,128,128,125,0,0,19,19,0,16,3,31,19,0,0,false,171,0,0,163,0.9532163742690059,4,120,36,6,16,3,0.15789473684210525,17,12
2021,295,Old Dominion,true,roster_present_with_identifiable_ol,2009,2010,true,evaluable_complete_history_window,,109,109,109,109,107,106,0,0,14,14,0,7,7,9,14,0,2,false,91,0,0,21,0.23076923076923078,1,21,0,0,7,7,0.5,17,12
2021,309,Louisiana,true,roster_present_with_identifiable_ol,2009,2010,true,evaluable_complete_history_window,,135,135,135,135,135,135,0,0,20,20,0,14,6,35,20,0,0,false,190,0,0,192,1.0105263157894737,3,91,91,10,14,6,0.3,17,12
2021,324,Coastal Carolina,true,roster_present_with_identifiable_ol,2009,2010,true,evaluable_complete_history_window,,129,129,129,129,129,126,0,0,22,22,0,15,7,32,22,0,0,false,231,0,0,150,0.6493506493506493,4,105,36,6,15,7,0.3181818181818182,17,12
2021,326,Texas State,true,roster_present_with_identifiable_ol,2009,2010,true,evaluable_complete_history_window,,95,95,95,95,94,92,0,0,13,13,0,13,0,24,13,0,1,false,78,0,0,102,1.3076923076923077,3,78,21,3,13,0,0.0,17,12
2021,328,Utah State,true,roster_present_with_identifiable_ol,2009,2010,true,evaluable_complete_history_window,,105,105,105,105,105,102,0,0,12,12,0,10,2,21,12,0,0,false,66,0,0,69,1.0454545454545454,3,45,21,3,10,2,0.16666666666666666,17,12
2021,333,Alabama,true,roster_present_with_identifiable_ol,2009,2010,true,evaluable_complete_history_window,,125,125,125,125,125,125,0,0,18,18,0,14,4,28,18,0,0,false,153,0,0,139,0.9084967320261438,3,91,45,3,14,4,0.2222222222222222,17,12
2021,344,Mississippi State,true,roster_present_with_identifiable_ol,2009,2010,true,evaluable_complete_history_window,,92,92,92,92,92,90,0,0,18,18,0,13,5,22,18,0,0,false,153,0,0,94,0.6143790849673203,3,78,15,1,13,5,0.2777777777777778,17,12
2021,349,Army,true,roster_present_with_identifiable_ol,2009,2010,true,evaluable_complete_history_window,,115,115,115,115,112,112,0,0,20,20,0,20,0,36,20,0,3,false,190,0,0,255,1.3421052631578947,3,190,55,10,20,0,0.0,17,12
2021,356,Illinois,true,roster_present_with_identifiable_ol,2009,2010,true,evaluable_complete_history_window,,116,116,116,116,116,113,0,0,15,15,0,11,4,31,15,0,0,false,105,0,0,105,1.0,5,55,36,10,11,4,0.26666666666666666,17,12
2021,2005,Air Force,true,roster_present_with_identifiable_ol,2009,2010,true,evaluable_complete_history_window,,103,103,103,103,102,102,0,0,17,17,0,7,10,10,17,0,1,false,136,0,0,22,0.16176470588235295,2,21,1,0,7,10,0.5882352941176471,17,12
2021,2006,Akron,true,roster_present_with_identifiable_ol,2009,2010,true,evaluable_complete_history_window,,120,120,120,120,113,110,0,0,14,14,0,14,0,26,14,0,7,false,91,0,0,128,1.4065934065934067,3,91,36,1,14,0,0.0,17,12
2021,2026,App State,true,roster_present_with_identifiable_ol,2009,2010,true,evaluable_complete_history_window,,110,110,110,110,110,108,0,0,16,16,0,14,2,27,16,0,1,false,120,0,0,128,1.0666666666666667,3,91,36,1,14,2,0.125,17,12
2021,2032,Arkansas State,true,roster_present_with_identifiable_ol,2009,2010,true,evaluable_complete_history_window,,120,120,120,120,119,116,0,0,16,16,0,13,3,33,16,0,1,false,120,0,0,138,1.15,4,78,36,21,13,3,0.1875,17,12
2021,2050,Ball State,true,roster_present_with_identifiable_ol,2009,2010,true,evaluable_complete_history_window,,104,104,104,104,103,100,0,0,16,16,0,15,1,35,16,0,1,false,120,0,0,160,1.3333333333333333,5,105,45,6,15,1,0.0625,17,12
2021,2084,Buffalo,true,roster_present_with_identifiable_ol,2009,2010,true,evaluable_complete_history_window,,121,121,121,121,120,118,0,0,22,22,0,13,9,27,22,0,1,false,231,0,0,110,0.47619047619047616,4,78,28,3,13,9,0.4090909090909091,17,12
2021,2116,UCF,true,roster_present_with_identifiable_ol,2009,2010,true,evaluable_complete_history_window,,109,109,109,109,109,105,0,0,16,16,0,16,0,36,16,0,0,false,120,0,0,194,1.6166666666666667,5,120,66,6,16,0,0.0,17,12
2021,2117,Central Michigan,true,roster_present_with_identifiable_ol,2009,2010,true,evaluable_complete_history_window,,113,113,113,113,112,110,0,0,15,15,0,11,4,26,15,0,1,false,105,0,0,106,1.0095238095238095,3,55,45,6,11,4,0.26666666666666666,17,12
2021,2132,Cincinnati,true,roster_present_with_identifiable_ol,2009,2010,true,evaluable_complete_history_window,,135,135,135,135,135,131,0,0,23,23,0,18,5,30,23,0,0,false,253,0,0,199,0.7865612648221344,3,153,45,1,18,5,0.21739130434782608,17,12
2021,2199,Eastern Michigan,true,roster_present_with_identifiable_ol,2009,2010,true,evaluable_complete_history_window,,124,124,124,124,124,119,0,0,20,20,0,16,4,35,20,0,0,false,190,0,0,188,0.9894736842105263,4,120,55,10,16,4,0.2,17,12
2021,2226,Florida Atlantic,true,roster_present_with_identifiable_ol,2009,2010,true,evaluable_complete_history_window,,116,116,116,116,116,112,0,0,18,18,0,16,2,30,18,0,0,false,153,0,0,155,1.0130718954248366,4,120,31,3,16,2,0.1111111111111111,17,12
2021,2229,Florida International,true,roster_present_with_identifiable_ol,2009,2010,true,evaluable_complete_history_window,,110,110,110,110,107,103,0,0,14,14,0,11,3,18,14,0,3,false,91,0,0,70,0.7692307692307693,2,55,15,0,11,3,0.21428571428571427,17,12
2021,2247,Georgia State,true,roster_present_with_identifiable_ol,2009,2010,true,evaluable_complete_history_window,,109,109,109,109,109,106,0,0,18,18,0,15,3,31,18,0,0,false,153,0,0,157,1.026143790849673,4,105,45,6,15,3,0.16666666666666666,17,12
2021,2294,Iowa,true,roster_present_with_identifiable_ol,2009,2010,true,evaluable_complete_history_window,,122,122,122,122,122,122,0,0,22,22,0,17,5,29,22,0,0,false,231,0,0,191,0.8268398268398268,2,136,55,0,17,5,0.22727272727272727,17,12
2021,2305,Kansas,true,roster_present_with_identifiable_ol,2009,2010,true,evaluable_complete_history_window,,124,124,124,124,123,119,0,0,23,23,0,15,8,33,23,0,1,false,253,0,0,142,0.5612648221343873,4,105,21,10,15,8,0.34782608695652173,17,12
2021,2306,Kansas State,true,roster_present_with_identifiable_ol,2009,2010,true,evaluable_complete_history_window,,132,132,132,132,131,127,0,0,25,25,0,19,6,37,25,0,1,false,300,0,0,247,0.8233333333333334,3,171,66,10,19,6,0.24,17,12
2021,2309,Kent State,true,roster_present_with_identifiable_ol,2009,2010,true,evaluable_complete_history_window,,110,110,110,110,109,106,0,0,15,15,0,13,2,33,15,0,1,false,105,0,0,136,1.2952380952380953,4,78,45,10,13,2,0.13333333333333333,17,12
2021,2335,Liberty,true,roster_present_with_identifiable_ol,2009,2010,true,evaluable_complete_history_window,,122,122,122,122,122,119,0,0,20,20,0,15,5,31,20,0,0,false,190,0,0,150,0.7894736842105263,4,105,36,6,15,5,0.25,17,12
2021,2348,Louisiana Tech,true,roster_present_with_identifiable_ol,2009,2010,true,evaluable_complete_history_window,,100,100,100,100,98,88,0,0,15,15,0,11,4,19,15,0,2,false,105,0,0,71,0.6761904761904762,3,55,15,1,11,4,0.26666666666666666,17,12
2021,2390,Miami,true,roster_present_with_identifiable_ol,2009,2010,true,evaluable_complete_history_window,,125,125,125,125,123,120,0,0,21,21,0,16,5,35,21,0,2,false,210,0,0,190,0.9047619047619048,3,120,55,15,16,5,0.23809523809523808,17,12
2021,2393,Middle Tennessee,true,roster_present_with_identifiable_ol,2009,2010,true,evaluable_complete_history_window,,108,108,108,108,106,104,0,0,16,16,0,12,4,19,16,0,2,false,120,0,0,87,0.725,2,66,21,0,12,4,0.25,17,12
2021,2426,Navy,true,roster_present_with_identifiable_ol,2009,2010,true,evaluable_complete_history_window,,120,120,120,120,119,116,0,0,19,19,0,19,0,34,19,0,1,false,171,0,0,232,1.3567251461988303,3,171,55,6,19,0,0.0,17,12
2021,2429,Charlotte,true,roster_present_with_identifiable_ol,2009,2010,true,evaluable_complete_history_window,,143,143,143,143,140,137,0,0,16,16,0,15,1,28,16,0,3,false,120,0,0,133,1.1083333333333334,4,105,21,6,15,1,0.0625,17,12
2021,2433,UL Monroe,true,roster_present_with_identifiable_ol,2009,2010,true,evaluable_complete_history_window,,120,120,120,120,116,115,0,0,15,15,0,14,1,22,15,0,4,false,105,0,0,112,1.0666666666666667,2,91,21,0,14,1,0.06666666666666667,17,12
2021,2439,UNLV,true,roster_present_with_identifiable_ol,2009,2010,true,evaluable_complete_history_window,,113,113,113,113,112,111,0,0,17,17,0,9,8,14,17,0,1,false,136,0,0,39,0.2867647058823529,2,36,3,0,9,8,0.47058823529411764,17,12
2021,2440,Nevada,true,roster_present_with_identifiable_ol,2009,2010,true,evaluable_complete_history_window,,102,102,102,102,101,99,0,0,13,13,0,13,0,29,13,0,1,false,78,0,0,117,1.5,4,78,28,10,13,0,0.0,17,12
2021,2459,Northern Illinois,true,roster_present_with_identifiable_ol,2009,2010,true,evaluable_complete_history_window,,128,128,128,128,128,126,0,0,19,19,0,13,6,21,19,0,0,false,171,0,0,93,0.543859649122807,2,78,15,0,13,6,0.3157894736842105,17,12
2021,2483,Oregon,true,roster_present_with_identifiable_ol,2009,2010,true,evaluable_complete_history_window,,122,122,122,122,122,120,0,0,20,20,0,14,6,31,20,0,0,false,190,0,0,132,0.6947368421052632,4,91,28,10,14,6,0.3,17,12
2021,2509,Purdue,true,roster_present_with_identifiable_ol,2009,2010,true,evaluable_complete_history_window,,108,108,108,108,108,107,0,0,14,14,0,13,1,21,14,0,0,false,91,0,0,94,1.032967032967033,3,78,15,1,13,1,0.07142857142857142,17,12
2021,2567,SMU,true,roster_present_with_identifiable_ol,2009,2010,true,evaluable_complete_history_window,,131,131,131,131,125,116,0,0,21,21,0,19,2,35,21,0,6,false,210,0,0,212,1.0095238095238095,4,171,28,10,19,2,0.09523809523809523,17,12
2021,2572,Southern Miss,true,roster_present_with_identifiable_ol,2009,2010,true,evaluable_complete_history_window,,119,119,119,119,116,114,0,0,15,15,0,13,2,36,15,0,3,false,105,0,0,163,1.5523809523809524,4,78,55,15,13,2,0.13333333333333333,17,12
2021,2579,South Carolina,true,roster_present_with_identifiable_ol,2009,2010,true,evaluable_complete_history_window,,107,107,107,107,106,101,0,0,16,16,0,15,1,28,16,0,1,false,120,0,0,153,1.275,3,105,45,3,15,1,0.0625,17,12
2021,2628,TCU,true,roster_present_with_identifiable_ol,2009,2010,true,evaluable_complete_history_window,,107,107,107,107,107,106,0,0,18,18,0,14,4,30,18,0,0,false,153,0,0,134,0.8758169934640523,4,91,36,6,14,4,0.2222222222222222,17,12
2021,2633,Tennessee,true,roster_present_with_identifiable_ol,2009,2010,true,evaluable_complete_history_window,,123,123,123,123,122,119,0,0,18,18,0,15,3,29,18,0,1,false,153,0,0,153,1.0,3,105,45,3,15,3,0.16666666666666666,17,12
2021,2636,UTSA,true,roster_present_with_identifiable_ol,2009,2010,true,evaluable_complete_history_window,,118,118,118,118,118,116,0,0,17,17,0,16,1,36,17,0,0,false,136,0,0,175,1.286764705882353,5,120,36,15,16,1,0.058823529411764705,17,12
2021,2638,UTEP,true,roster_present_with_identifiable_ol,2009,2010,true,evaluable_complete_history_window,,124,124,124,124,124,123,0,0,20,20,0,18,2,36,20,0,0,false,190,0,0,229,1.2052631578947368,3,153,66,10,18,2,0.1,17,12
2021,2641,Texas Tech,true,roster_present_with_identifiable_ol,2009,2010,true,evaluable_complete_history_window,,104,104,104,104,104,98,0,0,14,14,0,11,3,20,14,0,0,false,91,0,0,77,0.8461538461538461,3,55,21,1,11,3,0.21428571428571427,17,12
2021,2649,Toledo,true,roster_present_with_identifiable_ol,2009,2010,true,evaluable_complete_history_window,,109,109,109,109,109,106,0,0,19,19,0,18,1,39,19,0,0,false,171,0,0,235,1.3742690058479532,4,153,66,15,18,1,0.05263157894736842,17,12
2021,2653,Troy,true,roster_present_with_identifiable_ol,2009,2010,true,evaluable_complete_history_window,,110,110,110,110,108,107,0,0,18,18,0,17,1,33,18,0,2,false,153,0,0,184,1.2026143790849673,3,136,45,3,17,1,0.05555555555555555,17,12
2021,2655,Tulane,true,roster_present_with_identifiable_ol,2009,2010,true,evaluable_complete_history_window,,126,126,126,126,125,124,0,0,16,16,0,14,2,29,16,0,1,false,120,0,0,125,1.0416666666666667,3,91,28,6,14,2,0.125,17,12
2021,2711,Western Michigan,true,roster_present_with_identifiable_ol,2009,2010,true,evaluable_complete_history_window,,97,97,97,97,97,94,0,0,16,16,0,15,1,38,16,0,0,false,120,0,0,179,1.4916666666666667,5,105,55,15,15,1,0.0625,17,12
2021,2751,Wyoming,true,roster_present_with_identifiable_ol,2009,2010,true,evaluable_complete_history_window,,112,112,112,112,112,110,0,0,21,21,0,18,3,39,21,0,0,false,210,0,0,244,1.161904761904762,4,153,78,10,18,3,0.14285714285714285,17,12
2022,2,Auburn,true,roster_present_with_identifiable_ol,2009,2010,true,evaluable_complete_history_window,,115,115,115,115,115,114,0,0,17,17,0,12,5,33,17,0,0,false,136,0,0,139,1.0220588235294117,4,66,55,15,12,5,0.29411764705882354,18,13
2022,5,UAB,true,roster_present_with_identifiable_ol,2009,2010,true,evaluable_complete_history_window,,124,124,124,124,124,123,0,0,20,20,0,13,7,28,20,0,0,false,190,0,0,111,0.5842105263157895,5,78,28,3,13,7,0.35,18,13
2022,6,South Alabama,true,roster_present_with_identifiable_ol,2009,2010,true,evaluable_complete_history_window,,115,115,115,115,115,113,0,0,21,21,0,6,15,19,21,0,0,false,210,0,0,45,0.21428571428571427,3,15,15,15,6,15,0.7142857142857143,18,13
2022,8,Arkansas,true,roster_present_with_identifiable_ol,2009,2010,true,evaluable_complete_history_window,,118,118,118,118,118,118,0,0,19,19,0,12,7,25,19,0,0,false,171,0,0,97,0.5672514619883041,3,66,21,10,12,7,0.3684210526315789,18,13
2022,9,Arizona State,true,roster_present_with_identifiable_ol,2009,2010,true,evaluable_complete_history_window,,112,112,112,112,112,111,0,0,17,17,0,8,9,16,17,0,0,false,136,0,0,41,0.3014705882352941,3,28,10,3,8,9,0.5294117647058824,18,13
2022,12,Arizona,true,roster_present_with_identifiable_ol,2009,2010,true,evaluable_complete_history_window,,110,110,110,110,110,110,0,0,15,15,0,9,6,22,15,0,0,false,105,0,0,66,0.6285714285714286,4,36,28,1,9,6,0.4,18,13
2022,21,San Diego State,true,roster_present_with_identifiable_ol,2009,2010,true,evaluable_complete_history_window,,117,117,117,117,117,116,0,0,18,18,0,6,12,16,18,0,0,false,153,0,0,33,0.21568627450980393,3,15,15,3,6,12,0.6666666666666666,18,13
2022,23,San José State,true,roster_present_with_identifiable_ol,2009,2010,true,evaluable_complete_history_window,,106,106,106,106,106,105,0,0,17,17,0,9,8,17,17,0,0,false,136,0,0,48,0.35294117647058826,3,36,6,6,9,8,0.47058823529411764,18,13
2022,24,Stanford,true,roster_present_with_identifiable_ol,2009,2010,true,evaluable_complete_history_window,,109,109,109,109,109,108,0,0,19,19,0,15,4,30,19,0,0,false,171,0,0,166,0.9707602339181286,3,105,55,6,15,4,0.21052631578947367,18,13
2022,25,California,true,roster_present_with_identifiable_ol,2009,2010,true,evaluable_complete_history_window,,115,115,115,115,114,114,0,0,20,20,0,12,8,27,20,0,1,false,190,0,0,112,0.5894736842105263,3,66,36,10,12,8,0.4,18,13
2022,26,UCLA,true,roster_present_with_identifiable_ol,2009,2010,true,evaluable_complete_history_window,,113,113,113,113,113,113,0,0,18,18,0,13,5,31,18,0,0,false,153,0,0,136,0.8888888888888888,4,78,36,21,13,5,0.2777777777777778,18,13
2022,30,USC,true,roster_present_with_identifiable_ol,2009,2010,true,evaluable_complete_history_window,,110,110,110,110,110,108,0,0,16,16,0,13,3,36,16,0,0,false,120,0,0,160,1.3333333333333333,4,78,66,15,13,3,0.1875,18,13
2022,36,Colorado State,true,roster_present_with_identifiable_ol,2009,2010,true,evaluable_complete_history_window,,111,111,111,111,111,111,0,0,20,20,0,6,14,13,20,0,0,false,190,0,0,30,0.15789473684210525,2,15,15,0,6,14,0.7,18,13
2022,38,Colorado,true,roster_present_with_identifiable_ol,2009,2010,true,evaluable_complete_history_window,,119,119,119,119,117,115,0,0,17,17,0,9,8,20,17,0,2,false,136,0,0,57,0.41911764705882354,3,36,15,6,9,8,0.47058823529411764,18,13
2022,41,UConn,true,roster_present_with_identifiable_ol,2009,2010,true,evaluable_complete_history_window,,102,102,102,102,102,101,0,0,18,18,0,9,9,12,18,0,0,false,153,0,0,39,0.2549019607843137,2,36,3,0,9,9,0.5,18,13
2022,52,Florida State,true,roster_present_with_identifiable_ol,2009,2010,true,evaluable_complete_history_window,,120,120,120,120,120,117,0,0,22,22,0,11,11,21,22,0,0,false,231,0,0,84,0.36363636363636365,3,55,28,1,11,11,0.5,18,13
2022,57,Florida,true,roster_present_with_identifiable_ol,2009,2010,true,evaluable_complete_history_window,,122,122,122,122,122,121,0,0,21,21,0,13,8,28,21,0,0,false,210,0,0,129,0.6142857142857143,3,78,36,15,13,8,0.38095238095238093,18,13
2022,58,South Florida,true,roster_present_with_identifiable_ol,2009,2010,true,evaluable_complete_history_window,,120,120,120,120,119,117,0,0,15,15,0,9,6,25,15,0,1,false,105,0,0,77,0.7333333333333333,4,36,28,10,9,6,0.4,18,13
2022,59,Georgia Tech,true,roster_present_with_identifiable_ol,2009,2010,true,evaluable_complete_history_window,,117,117,117,117,117,115,0,0,17,17,0,9,8,18,17,0,0,false,136,0,0,52,0.38235294117647056,3,36,15,1,9,8,0.47058823529411764,18,13
2022,61,Georgia,true,roster_present_with_identifiable_ol,2009,2010,true,evaluable_complete_history_window,,130,130,130,130,130,128,0,0,21,21,0,16,5,31,21,0,0,false,210,0,0,189,0.9,3,120,66,3,16,5,0.23809523809523808,18,13
2022,62,Hawai'i,true,roster_present_with_identifiable_ol,2009,2010,true,evaluable_complete_history_window,,119,119,119,119,119,119,0,0,19,19,0,14,5,39,19,0,0,false,171,0,0,179,1.0467836257309941,4,91,45,28,14,5,0.2631578947368421,18,13
2022,66,Iowa State,true,roster_present_with_identifiable_ol,2009,2010,true,evaluable_complete_history_window,,128,128,128,128,128,127,0,0,24,24,0,16,8,35,24,0,0,false,276,0,0,213,0.7717391304347826,3,120,78,15,16,8,0.3333333333333333,18,13
2022,68,Boise State,true,roster_present_with_identifiable_ol,2009,2010,true,evaluable_complete_history_window,,106,106,106,106,106,105,0,0,19,19,0,7,12,21,19,0,0,false,171,0,0,57,0.3333333333333333,3,21,21,15,7,12,0.631578947368421,18,13
2022,77,Northwestern,true,roster_present_with_identifiable_ol,2009,2010,true,evaluable_complete_history_window,,108,108,108,108,108,108,0,0,17,17,0,14,3,31,17,0,0,false,136,0,0,151,1.1102941176470589,3,91,45,15,14,3,0.17647058823529413,18,13
2022,84,Indiana,true,roster_present_with_identifiable_ol,2009,2010,true,evaluable_complete_history_window,,115,115,115,115,115,113,0,0,20,20,0,15,5,31,20,0,0,false,190,0,0,170,0.8947368421052632,3,105,55,10,15,5,0.25,18,13
2022,87,Notre Dame,true,roster_present_with_identifiable_ol,2009,2010,true,evaluable_complete_history_window,,113,113,113,113,113,111,0,0,17,17,0,12,5,28,17,0,0,false,136,0,0,105,0.7720588235294118,4,66,28,10,12,5,0.29411764705882354,18,13
2022,96,Kentucky,true,roster_present_with_identifiable_ol,2009,2010,true,evaluable_complete_history_window,,117,117,117,117,117,116,0,0,17,17,0,12,5,22,17,0,0,false,136,0,0,90,0.6617647058823529,3,66,21,3,12,5,0.29411764705882354,18,13
2022,97,Louisville,true,roster_present_with_identifiable_ol,2009,2010,true,evaluable_complete_history_window,,118,118,118,118,118,114,0,0,17,17,0,13,4,31,17,0,0,false,136,0,0,136,1.0,4,78,45,10,13,4,0.23529411764705882,18,13
2022,98,Western Kentucky,true,roster_present_with_identifiable_ol,2009,2010,true,evaluable_complete_history_window,,113,113,113,113,112,110,0,0,17,17,0,10,7,21,17,0,1,false,136,0,0,76,0.5588235294117647,3,45,28,3,10,7,0.4117647058823529,18,13
2022,99,LSU,true,roster_present_with_identifiable_ol,2009,2010,true,evaluable_complete_history_window,,114,114,114,114,114,113,0,0,18,18,0,9,9,20,18,0,0,false,153,0,0,63,0.4117647058823529,3,36,21,6,9,9,0.5,18,13
2022,103,Boston College,true,roster_present_with_identifiable_ol,2009,2010,true,evaluable_complete_history_window,,108,108,108,108,108,108,0,0,17,17,0,13,4,27,17,0,0,false,136,0,0,124,0.9117647058823529,3,78,36,10,13,4,0.23529411764705882,18,13
2022,113,Massachusetts,true,roster_present_with_identifiable_ol,2009,2010,true,evaluable_complete_history_window,,107,107,107,107,107,104,0,0,18,18,0,8,10,17,18,0,0,false,153,0,0,50,0.32679738562091504,3,28,21,1,8,10,0.5555555555555556,18,13
2022,120,Maryland,true,roster_present_with_identifiable_ol,2009,2010,true,evaluable_complete_history_window,,118,118,118,118,118,117,0,0,22,22,0,16,6,34,22,0,0,false,231,0,0,196,0.8484848484848485,3,120,66,10,16,6,0.2727272727272727,18,13
2022,127,Michigan State,true,roster_present_with_identifiable_ol,2009,2010,true,evaluable_complete_history_window,,113,113,113,113,113,113,0,0,19,19,0,11,8,25,19,0,0,false,171,0,0,91,0.5321637426900585,3,55,21,15,11,8,0.42105263157894735,18,13
2022,130,Michigan,true,roster_present_with_identifiable_ol,2009,2010,true,evaluable_complete_history_window,,141,141,141,141,140,138,0,0,21,21,0,13,8,30,21,0,1,false,210,0,0,130,0.6190476190476191,4,78,36,15,13,8,0.38095238095238093,18,13
2022,135,Minnesota,true,roster_present_with_identifiable_ol,2009,2010,true,evaluable_complete_history_window,,109,109,109,109,109,108,0,0,19,19,0,13,6,29,19,0,0,false,171,0,0,125,0.7309941520467836,4,78,36,10,13,6,0.3157894736842105,18,13
2022,142,Missouri,true,roster_present_with_identifiable_ol,2009,2010,true,evaluable_complete_history_window,,123,123,123,123,123,122,0,0,26,26,0,16,10,36,26,0,0,false,325,0,0,199,0.6123076923076923,3,116,55,28,15,10,0.38461538461538464,18,13
2022,145,Ole Miss,true,roster_present_with_identifiable_ol,2009,2010,true,evaluable_complete_history_window,,132,132,132,132,132,130,0,0,21,21,0,14,7,29,21,0,0,false,210,0,0,142,0.6761904761904762,3,91,36,15,14,7,0.3333333333333333,18,13
2022,150,Duke,true,roster_present_with_identifiable_ol,2009,2010,true,evaluable_complete_history_window,,112,112,112,112,111,111,0,0,16,16,0,9,7,22,16,0,1,false,120,0,0,74,0.6166666666666667,3,36,28,10,9,7,0.4375,18,13
2022,151,East Carolina,true,roster_present_with_identifiable_ol,2009,2010,true,evaluable_complete_history_window,,120,120,120,120,120,118,0,0,20,20,0,11,9,29,20,0,0,false,190,0,0,115,0.6052631578947368,3,55,45,15,11,9,0.45,18,13
2022,152,NC State,true,roster_present_with_identifiable_ol,2009,2010,true,evaluable_complete_history_window,,121,121,121,121,121,120,0,0,19,19,0,14,5,31,19,0,0,false,171,0,0,138,0.8070175438596491,4,91,36,10,14,5,0.2631578947368421,18,13
2022,153,North Carolina,true,roster_present_with_identifiable_ol,2009,2010,true,evaluable_complete_history_window,,118,118,118,118,117,116,0,0,19,19,0,12,7,27,19,0,1,false,171,0,0,112,0.6549707602339181,3,66,36,10,12,7,0.3684210526315789,18,13
2022,154,Wake Forest,true,roster_present_with_identifiable_ol,2009,2010,true,evaluable_complete_history_window,,121,121,121,121,121,121,0,0,20,20,0,16,4,40,20,0,0,false,190,0,0,213,1.1210526315789473,4,120,66,21,16,4,0.2,18,13
2022,158,Nebraska,true,roster_present_with_identifiable_ol,2009,2010,true,evaluable_complete_history_window,,151,151,151,151,151,148,0,0,23,23,0,20,3,45,23,0,0,false,253,0,0,313,1.2371541501976284,4,185,91,36,19,3,0.13043478260869565,18,13
2022,164,Rutgers,true,roster_present_with_identifiable_ol,2009,2010,true,evaluable_complete_history_window,,130,130,130,130,130,128,0,0,25,25,0,9,16,18,25,0,0,false,300,0,0,58,0.19333333333333333,3,36,21,1,9,16,0.64,18,13
2022,166,New Mexico State,true,roster_present_with_identifiable_ol,2009,2010,true,evaluable_complete_history_window,,129,129,129,129,127,126,0,0,20,20,0,7,13,12,20,0,2,false,190,0,0,22,0.11578947368421053,3,18,3,1,6,13,0.65,18,13
2022,167,New Mexico,true,roster_present_with_identifiable_ol,2009,2010,true,evaluable_complete_history_window,,119,119,119,119,119,115,0,0,18,18,0,6,12,14,18,0,0,false,153,0,0,30,0.19607843137254902,2,15,15,0,6,12,0.6666666666666666,18,13
2022,183,Syracuse,true,roster_present_with_identifiable_ol,2009,2010,true,evaluable_complete_history_window,,108,108,108,108,108,107,0,0,18,18,0,9,9,25,18,0,0,false,153,0,0,83,0.5424836601307189,4,36,36,10,9,9,0.5,18,13
2022,189,Bowling Green,true,roster_present_with_identifiable_ol,2009,2010,true,evaluable_complete_history_window,,108,108,108,108,108,102,0,0,17,17,0,8,9,14,17,0,0,false,136,0,0,38,0.27941176470588236,2,28,10,0,8,9,0.5294117647058824,18,13
2022,193,Miami (OH),true,roster_present_with_identifiable_ol,2009,2010,true,evaluable_complete_history_window,,116,116,116,116,116,114,0,0,17,17,0,10,7,21,17,0,0,false,136,0,0,72,0.5294117647058824,3,45,21,6,10,7,0.4117647058823529,18,13
2022,194,Ohio State,true,roster_present_with_identifiable_ol,2009,2010,true,evaluable_complete_history_window,,121,121,121,121,120,118,0,0,20,20,0,16,4,30,20,0,1,false,190,0,0,171,0.9,3,120,45,6,16,4,0.2,18,13
2022,195,Ohio,true,roster_present_with_identifiable_ol,2009,2010,true,evaluable_complete_history_window,,118,118,118,118,118,116,0,0,21,21,0,12,9,36,21,0,0,false,210,0,0,169,0.8047619047619048,4,66,66,36,12,9,0.42857142857142855,18,13
2022,197,Oklahoma State,true,roster_present_with_identifiable_ol,2009,2010,true,evaluable_complete_history_window,,129,129,129,129,129,127,0,0,21,21,0,8,13,22,21,0,0,false,210,0,0,71,0.3380952380952381,3,28,28,15,8,13,0.6190476190476191,18,13
2022,201,Oklahoma,true,roster_present_with_identifiable_ol,2009,2010,true,evaluable_complete_history_window,,120,120,120,120,119,117,0,0,18,18,0,11,7,23,18,0,1,false,153,0,0,86,0.5620915032679739,3,55,28,3,11,7,0.3888888888888889,18,13
2022,202,Tulsa,true,roster_present_with_identifiable_ol,2009,2010,true,evaluable_complete_history_window,,117,117,117,117,117,116,0,0,21,21,0,7,14,15,21,0,0,false,210,0,0,37,0.1761904761904762,3,21,15,1,7,14,0.6666666666666666,18,13
2022,204,Oregon State,true,roster_present_with_identifiable_ol,2009,2010,true,evaluable_complete_history_window,,121,121,121,121,121,118,0,0,24,24,0,12,12,31,24,0,0,false,276,0,0,147,0.532608695652174,3,66,66,15,12,12,0.5,18,13
2022,213,Penn State,true,roster_present_with_identifiable_ol,2009,2010,true,evaluable_complete_history_window,,122,122,122,122,122,120,0,0,20,20,0,10,10,23,20,0,0,false,190,0,0,87,0.45789473684210524,3,45,36,6,10,10,0.5,18,13
2022,218,Temple,true,roster_present_with_identifiable_ol,2009,2010,true,evaluable_complete_history_window,,114,114,114,114,114,113,0,0,18,18,0,9,9,24,18,0,0,false,153,0,0,75,0.49019607843137253,4,36,28,10,9,9,0.5,18,13
2022,221,Pittsburgh,true,roster_present_with_identifiable_ol,2009,2010,true,evaluable_complete_history_window,,116,116,116,116,116,115,0,0,20,20,0,14,6,34,20,0,0,false,190,0,0,160,0.8421052631578947,4,91,45,21,14,6,0.3,18,13
2022,228,Clemson,true,roster_present_with_identifiable_ol,2009,2010,true,evaluable_complete_history_window,,135,135,135,135,135,134,0,0,21,21,0,15,6,29,21,0,0,false,210,0,0,156,0.7428571428571429,3,105,45,6,15,6,0.2857142857142857,18,13
2022,235,Memphis,true,roster_present_with_identifiable_ol,2009,2010,true,evaluable_complete_history_window,,115,115,115,115,115,115,0,0,18,18,0,10,8,25,18,0,0,false,153,0,0,85,0.5555555555555556,4,45,36,3,10,8,0.4444444444444444,18,13
2022,238,Vanderbilt,true,roster_present_with_identifiable_ol,2009,2010,true,evaluable_complete_history_window,,109,109,109,109,109,106,0,0,18,18,0,8,10,14,18,0,0,false,153,0,0,38,0.24836601307189543,2,28,10,0,8,10,0.5555555555555556,18,13
2022,239,Baylor,true,roster_present_with_identifiable_ol,2009,2010,true,evaluable_complete_history_window,,112,112,112,112,112,110,0,0,19,19,0,9,10,20,19,0,0,false,171,0,0,55,0.3216374269005848,4,36,15,3,9,10,0.5263157894736842,18,13
2022,242,Rice,true,roster_present_with_identifiable_ol,2009,2010,true,evaluable_complete_history_window,,108,108,108,108,108,107,0,0,18,18,0,10,8,22,18,0,0,false,153,0,0,72,0.47058823529411764,3,45,21,6,10,8,0.4444444444444444,18,13
2022,245,Texas A&M,true,roster_present_with_identifiable_ol,2009,2010,true,evaluable_complete_history_window,,130,130,130,130,130,129,0,0,22,22,0,4,18,10,22,0,0,false,231,0,0,13,0.05627705627705628,3,6,6,1,4,18,0.8181818181818182,18,13
2022,248,Houston,true,roster_present_with_identifiable_ol,2009,2010,true,evaluable_complete_history_window,,109,109,109,109,109,107,0,0,17,17,0,12,5,25,17,0,0,false,136,0,0,108,0.7941176470588235,3,66,36,6,12,5,0.29411764705882354,18,13
2022,249,North Texas,true,roster_present_with_identifiable_ol,2009,2010,true,evaluable_complete_history_window,,115,115,115,115,115,112,0,0,17,17,0,8,9,20,17,0,1,false,136,0,0,55,0.40441176470588236,3,28,21,6,8,9,0.5294117647058824,18,13
2022,251,Texas,true,roster_present_with_identifiable_ol,2009,2010,true,evaluable_complete_history_window,,124,124,124,124,124,122,0,0,19,19,0,9,10,21,19,0,0,false,171,0,0,70,0.4093567251461988,3,36,28,6,9,10,0.5263157894736842,18,13
2022,252,BYU,true,roster_present_with_identifiable_ol,2009,2010,true,evaluable_complete_history_window,,125,125,125,125,125,123,0,0,19,19,0,9,10,21,19,0,0,false,171,0,0,61,0.3567251461988304,3,36,15,10,9,10,0.5263157894736842,18,13
2022,254,Utah,true,roster_present_with_identifiable_ol,2009,2010,true,evaluable_complete_history_window,,117,117,117,117,117,117,0,0,18,18,0,14,4,31,18,0,0,false,153,0,0,161,1.0522875816993464,3,91,55,15,14,4,0.2222222222222222,18,13
2022,256,James Madison,true,roster_present_with_identifiable_ol,2009,2010,true,evaluable_complete_history_window,,111,111,111,111,111,110,0,0,17,17,0,0,17,0,17,0,0,false,136,0,0,0,0.0,0,0,0,0,0,17,1.0,18,13
2022,258,Virginia,true,roster_present_with_identifiable_ol,2009,2010,true,evaluable_complete_history_window,,123,123,123,123,123,122,0,0,23,23,0,6,17,15,23,0,0,false,253,0,0,33,0.13043478260869565,3,15,15,3,6,17,0.7391304347826086,18,13
2022,259,Virginia Tech,true,roster_present_with_identifiable_ol,2009,2010,true,evaluable_complete_history_window,,125,125,125,125,125,123,0,0,22,22,0,9,13,18,22,0,0,false,231,0,0,52,0.22510822510822512,3,36,15,1,9,13,0.5909090909090909,18,13
2022,264,Washington,true,roster_present_with_identifiable_ol,2009,2010,true,evaluable_complete_history_window,,117,117,117,117,117,116,0,0,17,17,0,16,1,41,17,0,0,false,136,0,0,229,1.6838235294117647,4,120,78,28,16,1,0.058823529411764705,18,13
2022,265,Washington State,true,roster_present_with_identifiable_ol,2009,2010,true,evaluable_complete_history_window,,121,121,121,121,121,120,0,0,18,18,0,9,9,19,18,0,0,false,153,0,0,55,0.35947712418300654,3,34,15,6,8,9,0.5,18,13
2022,275,Wisconsin,true,roster_present_with_identifiable_ol,2009,2010,true,evaluable_complete_history_window,,120,120,120,120,120,119,0,0,18,18,0,11,7,26,18,0,0,false,153,0,0,106,0.6928104575163399,3,55,45,6,11,7,0.3888888888888889,18,13
2022,276,Marshall,true,roster_present_with_identifiable_ol,2009,2010,true,evaluable_complete_history_window,,124,124,124,124,124,122,0,0,23,23,0,7,16,22,23,0,0,false,253,0,0,58,0.22924901185770752,4,21,21,15,7,16,0.6956521739130435,18,13
2022,277,West Virginia,true,roster_present_with_identifiable_ol,2009,2010,true,evaluable_complete_history_window,,112,112,112,112,112,110,0,0,19,19,0,15,4,29,19,0,1,false,171,0,0,151,0.8830409356725146,3,105,36,10,15,4,0.21052631578947367,18,13
2022,278,Fresno State,true,roster_present_with_identifiable_ol,2009,2010,true,evaluable_complete_history_window,,108,108,108,108,108,106,0,0,17,17,0,9,8,22,17,0,0,false,136,0,0,70,0.5147058823529411,3,36,28,6,9,8,0.47058823529411764,18,13
2022,290,Georgia Southern,true,roster_present_with_identifiable_ol,2009,2010,true,evaluable_complete_history_window,,134,134,134,134,134,134,0,0,19,19,0,11,8,27,19,0,0,false,171,0,0,102,0.5964912280701754,4,55,36,10,11,8,0.42105263157894735,18,13
2022,295,Old Dominion,true,roster_present_with_identifiable_ol,2009,2010,true,evaluable_complete_history_window,,116,116,116,116,114,113,0,0,21,21,0,10,11,15,21,0,2,false,210,0,0,55,0.2619047619047619,2,45,10,0,10,11,0.5238095238095238,18,13
2022,309,Louisiana,true,roster_present_with_identifiable_ol,2009,2010,true,evaluable_complete_history_window,,138,138,138,138,138,137,0,0,21,21,0,10,11,26,21,0,0,false,210,0,0,88,0.41904761904761906,4,45,21,21,10,11,0.5238095238095238,18,13
2022,324,Coastal Carolina,true,roster_present_with_identifiable_ol,2009,2010,true,evaluable_complete_history_window,,120,120,120,120,120,117,0,0,20,20,0,14,6,27,20,0,0,false,190,0,0,130,0.6842105263157895,3,91,36,3,14,6,0.3,18,13
2022,326,Texas State,true,roster_present_with_identifiable_ol,2009,2010,true,evaluable_complete_history_window,,116,116,116,116,114,111,0,0,17,17,0,8,9,19,17,0,2,false,136,0,0,59,0.4338235294117647,3,28,28,3,8,9,0.5294117647058824,18,13
2022,328,Utah State,true,roster_present_with_identifiable_ol,2009,2010,true,evaluable_complete_history_window,,106,106,106,106,106,104,0,0,19,19,0,9,10,25,19,0,0,false,171,0,0,80,0.4678362573099415,4,36,28,15,9,10,0.5263157894736842,18,13
2022,333,Alabama,true,roster_present_with_identifiable_ol,2009,2010,true,evaluable_complete_history_window,,136,136,136,136,136,136,0,0,20,20,0,13,7,30,20,0,0,false,190,0,0,130,0.6842105263157895,4,78,36,15,13,7,0.35,18,13
2022,344,Mississippi State,true,roster_present_with_identifiable_ol,2009,2010,true,evaluable_complete_history_window,,114,114,114,114,114,112,0,0,21,21,0,9,12,22,21,0,0,false,210,0,0,63,0.3,3,36,21,6,9,12,0.5714285714285714,18,13
2022,349,Army,true,roster_present_with_identifiable_ol,2009,2010,true,evaluable_complete_history_window,,164,164,164,164,164,164,0,0,27,27,0,10,17,23,27,0,0,false,351,0,0,93,0.26495726495726496,3,45,45,3,10,17,0.6296296296296297,18,13
2022,356,Illinois,true,roster_present_with_identifiable_ol,2009,2010,true,evaluable_complete_history_window,,117,117,117,117,117,117,0,0,17,17,0,8,9,23,17,0,0,false,136,0,0,51,0.375,4,28,10,10,8,9,0.5294117647058824,18,13
2022,2005,Air Force,true,roster_present_with_identifiable_ol,2009,2010,true,evaluable_complete_history_window,,115,115,115,115,115,114,0,0,22,22,0,12,10,15,22,0,0,false,231,0,0,56,0.24242424242424243,2,55,1,0,11,10,0.45454545454545453,18,13
2022,2006,Akron,true,roster_present_with_identifiable_ol,2009,2010,true,evaluable_complete_history_window,,111,111,111,111,111,109,0,0,19,19,0,9,10,24,19,0,0,false,171,0,0,87,0.5087719298245614,3,36,36,15,9,10,0.5263157894736842,18,13
2022,2026,App State,true,roster_present_with_identifiable_ol,2009,2010,true,evaluable_complete_history_window,,116,116,116,116,116,114,0,0,18,18,0,12,6,27,18,0,0,false,153,0,0,121,0.7908496732026143,3,66,45,10,12,6,0.3333333333333333,18,13
2022,2032,Arkansas State,true,roster_present_with_identifiable_ol,2009,2010,true,evaluable_complete_history_window,,126,126,126,126,126,123,0,0,19,19,0,7,12,16,19,0,0,false,171,0,0,34,0.19883040935672514,3,21,10,3,7,12,0.631578947368421,18,13
2022,2050,Ball State,true,roster_present_with_identifiable_ol,2009,2010,true,evaluable_complete_history_window,,112,112,112,112,112,111,0,0,16,16,0,9,7,22,16,0,0,false,120,0,0,70,0.5833333333333334,3,36,28,6,9,7,0.4375,18,13
2022,2084,Buffalo,true,roster_present_with_identifiable_ol,2009,2010,true,evaluable_complete_history_window,,113,113,113,113,113,110,0,0,18,18,0,10,8,20,18,0,0,false,153,0,0,61,0.39869281045751637,3,45,10,6,10,8,0.4444444444444444,18,13
2022,2116,UCF,true,roster_present_with_identifiable_ol,2009,2010,true,evaluable_complete_history_window,,116,116,116,116,116,113,0,0,17,17,0,9,8,26,17,0,0,false,136,0,0,93,0.6838235294117647,3,36,36,21,9,8,0.47058823529411764,18,13
2022,2117,Central Michigan,true,roster_present_with_identifiable_ol,2009,2010,true,evaluable_complete_history_window,,120,120,120,120,120,118,0,0,21,21,0,9,12,20,21,0,0,false,210,0,0,56,0.26666666666666666,3,36,10,10,9,12,0.5714285714285714,18,13
2022,2132,Cincinnati,true,roster_present_with_identifiable_ol,2009,2010,true,evaluable_complete_history_window,,116,116,116,116,116,114,0,0,19,19,0,9,10,21,19,0,0,false,171,0,0,70,0.4093567251461988,3,36,28,6,9,10,0.5263157894736842,18,13
2022,2199,Eastern Michigan,true,roster_present_with_identifiable_ol,2009,2010,true,evaluable_complete_history_window,,125,125,125,125,125,124,0,0,22,22,0,15,7,42,22,0,0,false,231,0,0,214,0.9264069264069265,5,105,66,36,15,7,0.3181818181818182,18,13
2022,2226,Florida Atlantic,true,roster_present_with_identifiable_ol,2009,2010,true,evaluable_complete_history_window,,117,117,117,117,117,117,0,0,18,18,0,12,6,30,18,0,0,false,153,0,0,122,0.7973856209150327,3,66,45,11,12,6,0.3333333333333333,18,13
2022,2229,Florida International,true,roster_present_with_identifiable_ol,2009,2010,true,evaluable_complete_history_window,,113,113,113,113,113,108,0,0,19,19,0,7,12,15,19,0,0,false,171,0,0,34,0.19883040935672514,3,21,10,3,7,12,0.631578947368421,18,13
2022,2247,Georgia State,true,roster_present_with_identifiable_ol,2009,2010,true,evaluable_complete_history_window,,108,108,108,108,108,104,0,0,19,19,0,15,4,37,19,0,0,false,171,0,0,200,1.1695906432748537,4,105,66,28,15,4,0.21052631578947367,18,13
2022,2294,Iowa,true,roster_present_with_identifiable_ol,2009,2010,true,evaluable_complete_history_window,,127,127,127,127,127,127,0,0,21,21,0,17,4,35,21,0,0,false,210,0,0,217,1.0333333333333334,3,136,66,15,17,4,0.19047619047619047,18,13
2022,2305,Kansas,true,roster_present_with_identifiable_ol,2009,2010,true,evaluable_complete_history_window,,116,116,116,116,116,113,0,0,17,17,0,10,7,19,17,0,0,false,136,0,0,60,0.4411764705882353,2,45,15,0,10,7,0.4117647058823529,18,13
2022,2306,Kansas State,true,roster_present_with_identifiable_ol,2009,2010,true,evaluable_complete_history_window,,124,124,124,124,124,120,0,0,21,21,0,16,5,35,21,0,0,false,210,0,0,201,0.9571428571428572,3,120,66,15,16,5,0.23809523809523808,18,13
2022,2309,Kent State,true,roster_present_with_identifiable_ol,2009,2010,true,evaluable_complete_history_window,,101,101,101,101,101,99,0,0,15,15,0,6,9,17,15,0,0,false,105,0,0,36,0.34285714285714286,3,15,15,6,6,9,0.6,18,13
2022,2335,Liberty,true,roster_present_with_identifiable_ol,2009,2010,true,evaluable_complete_history_window,,115,115,115,115,115,113,0,0,18,18,0,11,7,25,18,0,0,false,153,0,0,93,0.6078431372549019,3,55,28,10,11,7,0.3888888888888889,18,13
2022,2348,Louisiana Tech,true,roster_present_with_identifiable_ol,2009,2010,true,evaluable_complete_history_window,,115,115,115,115,115,114,0,0,18,18,0,12,6,26,18,0,0,false,153,0,0,101,0.6601307189542484,4,66,28,6,12,6,0.3333333333333333,18,13
2022,2390,Miami,true,roster_present_with_identifiable_ol,2009,2010,true,evaluable_complete_history_window,,120,120,120,120,120,119,0,0,18,18,0,12,6,28,18,0,0,false,153,0,0,110,0.7189542483660131,4,66,28,15,12,6,0.3333333333333333,18,13
2022,2393,Middle Tennessee,true,roster_present_with_identifiable_ol,2009,2010,true,evaluable_complete_history_window,,107,107,107,107,107,106,0,0,20,20,0,8,12,15,20,0,0,false,190,0,0,39,0.20526315789473684,3,28,10,1,8,12,0.6,18,13
2022,2426,Navy,true,roster_present_with_identifiable_ol,2009,2010,true,evaluable_complete_history_window,,179,179,179,179,178,175,0,0,39,39,0,11,28,27,39,0,1,false,741,0,0,120,0.16194331983805668,3,55,55,10,11,28,0.717948717948718,18,13
2022,2429,Charlotte,true,roster_present_with_identifiable_ol,2009,2010,true,evaluable_complete_history_window,,127,127,127,127,127,126,0,0,23,23,0,7,16,15,23,0,0,false,253,0,0,42,0.16600790513833993,2,21,21,0,7,16,0.6956521739130435,18,13
2022,2433,UL Monroe,true,roster_present_with_identifiable_ol,2009,2010,true,evaluable_complete_history_window,,127,127,127,127,127,124,0,0,23,23,0,3,20,7,23,0,0,false,253,0,0,6,0.023715415019762844,2,3,3,0,3,20,0.8695652173913043,18,13
2022,2439,UNLV,true,roster_present_with_identifiable_ol,2009,2010,true,evaluable_complete_history_window,,105,105,105,105,105,105,0,0,19,19,0,13,6,21,19,0,0,false,171,0,0,94,0.5497076023391813,3,78,15,1,13,6,0.3157894736842105,18,13
2022,2440,Nevada,true,roster_present_with_identifiable_ol,2009,2010,true,evaluable_complete_history_window,,114,114,114,114,114,112,0,0,18,18,0,7,11,18,18,0,0,false,153,0,0,42,0.27450980392156865,3,21,18,3,7,11,0.6111111111111112,18,13
2022,2459,Northern Illinois,true,roster_present_with_identifiable_ol,2009,2010,true,evaluable_complete_history_window,,120,120,120,120,120,118,0,0,19,19,0,14,5,29,19,0,0,false,171,0,0,146,0.8538011695906432,3,91,45,10,14,5,0.2631578947368421,18,13
2022,2483,Oregon,true,roster_present_with_identifiable_ol,2009,2010,true,evaluable_complete_history_window,,128,128,128,128,127,125,0,0,20,20,0,13,7,34,20,0,1,false,190,0,0,136,0.7157894736842105,5,78,36,15,13,7,0.35,18,13
2022,2509,Purdue,true,roster_present_with_identifiable_ol,2009,2010,true,evaluable_complete_history_window,,116,116,116,116,116,115,0,0,20,20,0,9,11,23,20,0,0,false,190,0,0,78,0.4105263157894737,3,36,36,6,9,11,0.55,18,13
2022,2567,SMU,true,roster_present_with_identifiable_ol,2009,2010,true,evaluable_complete_history_window,,132,132,132,132,132,130,0,0,19,19,0,12,7,25,19,0,0,false,171,0,0,112,0.6549707602339181,3,66,45,1,12,7,0.3684210526315789,18,13
2022,2572,Southern Miss,true,roster_present_with_identifiable_ol,2009,2010,true,evaluable_complete_history_window,,115,115,115,115,115,113,0,0,19,19,0,8,11,23,19,0,0,false,171,0,0,64,0.3742690058479532,3,28,21,15,8,11,0.5789473684210527,18,13
2022,2579,South Carolina,true,roster_present_with_identifiable_ol,2009,2010,true,evaluable_complete_history_window,,119,119,119,119,119,116,0,0,19,19,0,10,9,29,19,0,0,false,171,0,0,112,0.6549707602339181,4,45,45,21,10,9,0.47368421052631576,18,13
2022,2628,TCU,true,roster_present_with_identifiable_ol,2009,2010,true,evaluable_complete_history_window,,135,135,135,135,135,135,0,0,20,20,0,12,8,30,20,0,0,false,190,0,0,131,0.6894736842105263,3,65,51,15,11,8,0.4,18,13
2022,2633,Tennessee,true,roster_present_with_identifiable_ol,2009,2010,true,evaluable_complete_history_window,,125,125,125,125,125,123,0,0,20,20,0,11,9,27,20,0,0,false,190,0,0,106,0.5578947368421052,3,55,36,15,11,9,0.45,18,13
2022,2636,UTSA,true,roster_present_with_identifiable_ol,2009,2010,true,evaluable_complete_history_window,,112,112,112,112,112,110,0,0,21,21,0,9,12,25,21,0,0,false,210,0,0,83,0.3952380952380952,4,36,36,10,9,12,0.5714285714285714,18,13
2022,2638,UTEP,true,roster_present_with_identifiable_ol,2009,2010,true,evaluable_complete_history_window,,115,115,115,115,115,114,0,0,16,16,0,11,5,27,16,0,0,false,120,0,0,106,0.8833333333333333,3,55,36,15,11,5,0.3125,18,13
2022,2641,Texas Tech,true,roster_present_with_identifiable_ol,2009,2010,true,evaluable_complete_history_window,,119,119,119,119,119,115,0,0,20,20,0,8,12,15,20,0,0,false,190,0,0,39,0.20526315789473684,3,28,10,1,8,12,0.6,18,13
2022,2649,Toledo,true,roster_present_with_identifiable_ol,2009,2010,true,evaluable_complete_history_window,,100,100,100,100,100,98,0,0,18,18,0,12,6,35,18,0,0,false,153,0,0,155,1.0130718954248366,4,66,55,28,12,6,0.3333333333333333,18,13
2022,2653,Troy,true,roster_present_with_identifiable_ol,2009,2010,true,evaluable_complete_history_window,,124,124,124,124,124,121,0,0,21,21,0,8,13,21,21,0,0,false,210,0,0,62,0.29523809523809524,3,28,28,6,8,13,0.6190476190476191,18,13
2022,2655,Tulane,true,roster_present_with_identifiable_ol,2009,2010,true,evaluable_complete_history_window,,118,118,118,118,117,116,0,0,16,16,0,11,5,26,16,0,1,false,120,0,0,106,0.8833333333333333,3,55,45,6,11,5,0.3125,18,13
2022,2711,Western Michigan,true,roster_present_with_identifiable_ol,2009,2010,true,evaluable_complete_history_window,,112,112,112,112,112,111,0,0,20,20,0,10,10,29,20,0,0,false,190,0,0,112,0.5894736842105263,4,45,45,21,10,10,0.5,18,13
2022,2751,Wyoming,true,roster_present_with_identifiable_ol,2009,2010,true,evaluable_complete_history_window,,114,114,114,114,114,113,0,0,22,22,0,13,9,31,22,0,0,false,231,0,0,144,0.6233766233766234,3,78,45,21,13,9,0.4090909090909091,18,13
2023,2,Auburn,true,roster_present_with_identifiable_ol,2009,2010,true,evaluable_complete_history_window,,119,119,119,119,119,119,0,0,17,17,0,5,12,13,17,0,0,false,136,0,0,17,0.125,4,10,3,3,5,12,0.7058823529411765,19,14
2023,5,UAB,true,roster_present_with_identifiable_ol,2009,2010,true,evaluable_complete_history_window,,117,117,117,117,117,116,0,0,17,17,0,10,7,17,17,0,0,false,136,0,0,54,0.39705882352941174,3,45,6,3,10,7,0.4117647058823529,19,14
2023,6,South Alabama,true,roster_present_with_identifiable_ol,2009,2010,true,evaluable_complete_history_window,,119,119,119,119,118,117,0,0,18,18,0,11,7,17,18,0,1,false,153,0,0,58,0.3790849673202614,4,55,1,1,11,7,0.3888888888888889,19,14
2023,8,Arkansas,true,roster_present_with_identifiable_ol,2009,2010,true,evaluable_complete_history_window,,121,121,121,121,121,121,0,0,21,21,0,14,7,25,21,0,0,false,210,0,0,114,0.5428571428571428,4,91,21,1,14,7,0.3333333333333333,19,14
2023,9,Arizona State,true,roster_present_with_identifiable_ol,2009,2010,true,evaluable_complete_history_window,,118,118,118,118,118,117,0,0,21,21,0,6,15,9,21,0,0,false,210,0,0,16,0.0761904761904762,2,15,1,0,6,15,0.7142857142857143,19,14
2023,12,Arizona,true,roster_present_with_identifiable_ol,2009,2010,true,evaluable_complete_history_window,,110,110,110,110,110,110,0,0,16,16,0,11,5,20,16,0,0,false,120,0,0,71,0.5916666666666667,3,55,10,6,11,5,0.3125,19,14
2023,21,San Diego State,true,roster_present_with_identifiable_ol,2009,2010,true,evaluable_complete_history_window,,110,110,110,110,110,109,0,0,18,18,0,11,7,18,18,0,0,false,153,0,0,61,0.39869281045751637,3,55,3,3,11,7,0.3888888888888889,19,14
2023,23,San José State,true,roster_present_with_identifiable_ol,2009,2010,true,evaluable_complete_history_window,,107,107,107,107,107,106,0,0,22,22,0,14,8,26,22,0,0,false,231,0,0,112,0.48484848484848486,4,91,15,3,14,8,0.36363636363636365,19,14
2023,24,Stanford,true,roster_present_with_identifiable_ol,2009,2010,true,evaluable_complete_history_window,,106,106,106,106,106,104,0,0,15,15,0,9,6,19,15,0,0,false,105,0,0,57,0.5428571428571428,3,36,15,6,9,6,0.4,19,14
2023,25,California,true,roster_present_with_identifiable_ol,2009,2010,true,evaluable_complete_history_window,,118,118,118,118,118,118,0,0,20,20,0,14,6,32,20,0,0,false,190,0,0,137,0.7210526315789474,4,91,28,15,14,6,0.3,19,14
2023,26,UCLA,true,roster_present_with_identifiable_ol,2009,2010,true,evaluable_complete_history_window,,124,124,124,124,124,123,0,0,20,20,0,12,8,29,20,0,0,false,190,0,0,115,0.6052631578947368,4,66,36,10,12,8,0.4,19,14
2023,30,USC,true,roster_present_with_identifiable_ol,2009,2010,true,evaluable_complete_history_window,,110,110,110,110,110,108,0,0,18,18,0,8,10,21,18,0,0,false,153,0,0,54,0.35294117647058826,4,28,15,10,8,10,0.5555555555555556,19,14
2023,36,Colorado State,true,roster_present_with_identifiable_ol,2009,2010,true,evaluable_complete_history_window,,114,114,114,114,113,112,0,0,19,19,0,8,11,10,19,0,1,false,171,0,0,28,0.16374269005847952,1,28,0,0,8,11,0.5789473684210527,19,14
2023,38,Colorado,true,roster_present_with_identifiable_ol,2009,2010,true,evaluable_complete_history_window,,113,113,113,113,113,113,0,0,18,18,0,5,13,9,18,0,0,false,153,0,0,12,0.0784313725490196,3,10,1,1,5,13,0.7222222222222222,19,14
2023,41,UConn,true,roster_present_with_identifiable_ol,2009,2010,true,evaluable_complete_history_window,,112,112,112,112,112,111,0,0,18,18,0,14,4,26,18,0,0,false,153,0,0,130,0.8496732026143791,3,91,36,3,14,4,0.2222222222222222,19,14
2023,52,Florida State,true,roster_present_with_identifiable_ol,2009,2010,true,evaluable_complete_history_window,,123,123,123,123,123,121,0,0,20,20,0,15,5,30,20,0,0,false,190,0,0,142,0.7473684210526316,4,105,21,15,15,5,0.25,19,14
2023,55,Jacksonville State,true,roster_present_with_identifiable_ol,2009,2010,true,evaluable_complete_history_window,,129,129,129,129,129,128,0,0,20,20,0,7,13,7,20,0,0,false,190,0,0,21,0.11052631578947368,1,21,0,0,7,13,0.65,19,14
2023,57,Florida,true,roster_present_with_identifiable_ol,2009,2010,true,evaluable_complete_history_window,,117,117,117,117,117,117,0,0,20,20,0,11,9,24,20,0,0,false,190,0,0,83,0.4368421052631579,4,55,21,6,11,9,0.45,19,14
2023,58,South Florida,true,roster_present_with_identifiable_ol,2009,2010,true,evaluable_complete_history_window,,117,117,117,117,116,114,0,0,20,20,0,8,12,13,20,0,1,false,190,0,0,29,0.15263157894736842,2,28,1,0,8,12,0.6,19,14
2023,59,Georgia Tech,true,roster_present_with_identifiable_ol,2009,2010,true,evaluable_complete_history_window,,121,121,121,121,118,117,0,0,17,17,0,9,8,14,17,0,3,false,136,0,0,42,0.3088235294117647,2,36,6,0,9,8,0.47058823529411764,19,14
2023,61,Georgia,true,roster_present_with_identifiable_ol,2009,2010,true,evaluable_complete_history_window,,134,134,134,134,134,133,0,0,21,21,0,14,7,33,21,0,0,false,210,0,0,167,0.7952380952380952,3,91,55,21,14,7,0.3333333333333333,19,14
2023,62,Hawai'i,true,roster_present_with_identifiable_ol,2009,2010,true,evaluable_complete_history_window,,118,118,118,118,118,117,0,0,20,20,0,12,8,32,20,0,0,false,190,0,0,116,0.6105263157894737,5,66,28,15,12,8,0.4,19,14
2023,66,Iowa State,true,roster_present_with_identifiable_ol,2009,2010,true,evaluable_complete_history_window,,132,132,132,132,132,132,0,0,23,23,0,19,4,45,23,0,0,false,253,0,0,288,1.1383399209486167,4,171,66,45,19,4,0.17391304347826086,19,14
2023,68,Boise State,true,roster_present_with_identifiable_ol,2009,2010,true,evaluable_complete_history_window,,110,110,110,110,110,110,0,0,19,19,0,10,9,18,19,0,0,false,171,0,0,52,0.30409356725146197,4,45,3,3,10,9,0.47368421052631576,19,14
2023,77,Northwestern,true,roster_present_with_identifiable_ol,2009,2010,true,evaluable_complete_history_window,,103,103,103,103,103,103,0,0,14,14,0,11,3,28,14,0,0,false,91,0,0,104,1.1428571428571428,4,55,36,10,11,3,0.21428571428571427,19,14
2023,84,Indiana,true,roster_present_with_identifiable_ol,2009,2010,true,evaluable_complete_history_window,,122,122,122,122,121,117,0,0,19,19,0,11,8,23,19,0,1,false,171,0,0,80,0.4678362573099415,4,55,21,3,11,8,0.42105263157894735,19,14
2023,87,Notre Dame,true,roster_present_with_identifiable_ol,2009,2010,true,evaluable_complete_history_window,,117,117,117,117,117,116,0,0,20,20,0,14,6,32,20,0,0,false,190,0,0,145,0.7631578947368421,4,91,36,15,14,6,0.3,19,14
2023,96,Kentucky,true,roster_present_with_identifiable_ol,2009,2010,true,evaluable_complete_history_window,,119,119,119,119,118,116,0,0,19,19,0,8,11,19,19,0,1,false,171,0,0,47,0.27485380116959063,4,28,15,3,8,11,0.5789473684210527,19,14
2023,97,Louisville,true,roster_present_with_identifiable_ol,2009,2010,true,evaluable_complete_history_window,,122,122,122,122,117,116,0,0,21,21,0,10,11,26,21,0,5,false,210,0,0,79,0.3761904761904762,4,45,21,10,10,11,0.5238095238095238,19,14
2023,98,Western Kentucky,true,roster_present_with_identifiable_ol,2009,2010,true,evaluable_complete_history_window,,116,116,116,116,114,114,0,0,16,16,0,12,4,24,16,0,2,false,120,0,0,91,0.7583333333333333,3,66,15,10,12,4,0.25,19,14
2023,99,LSU,true,roster_present_with_identifiable_ol,2009,2010,true,evaluable_complete_history_window,,117,117,117,117,117,116,0,0,18,18,0,9,9,16,18,0,0,false,153,0,0,43,0.28104575163398693,3,36,6,1,9,9,0.5,19,14
2023,103,Boston College,true,roster_present_with_identifiable_ol,2009,2010,true,evaluable_complete_history_window,,118,118,118,118,117,116,0,0,18,18,0,13,5,32,18,0,1,false,153,0,0,141,0.9215686274509803,4,78,45,15,13,5,0.2777777777777778,19,14
2023,113,Massachusetts,true,roster_present_with_identifiable_ol,2009,2010,true,evaluable_complete_history_window,,110,110,110,110,108,107,0,0,16,16,0,10,6,16,16,0,2,false,120,0,0,51,0.425,3,45,3,3,10,6,0.375,19,14
2023,120,Maryland,true,roster_present_with_identifiable_ol,2009,2010,true,evaluable_complete_history_window,,117,117,117,117,117,116,0,0,16,16,0,8,8,18,16,0,0,false,120,0,0,49,0.4083333333333333,3,28,15,6,8,8,0.5,19,14
2023,127,Michigan State,true,roster_present_with_identifiable_ol,2009,2010,true,evaluable_complete_history_window,,117,117,117,117,117,117,0,0,19,19,0,15,4,33,19,0,0,false,171,0,0,157,0.9181286549707602,4,105,36,10,15,4,0.21052631578947367,19,14
2023,130,Michigan,true,roster_present_with_identifiable_ol,2009,2010,true,evaluable_complete_history_window,,144,144,144,144,143,141,0,0,24,24,0,16,8,35,24,0,1,false,276,0,0,183,0.6630434782608695,4,120,45,15,16,8,0.3333333333333333,19,14
2023,135,Minnesota,true,roster_present_with_identifiable_ol,2009,2010,true,evaluable_complete_history_window,,115,115,115,115,115,115,0,0,20,20,0,15,5,35,20,0,0,false,190,0,0,174,0.9157894736842105,4,105,45,21,15,5,0.25,19,14
2023,142,Missouri,true,roster_present_with_identifiable_ol,2009,2010,true,evaluable_complete_history_window,,110,110,110,110,110,108,0,0,18,18,0,14,4,26,18,0,0,false,153,0,0,113,0.738562091503268,4,91,15,6,14,4,0.2222222222222222,19,14
2023,145,Ole Miss,true,roster_present_with_identifiable_ol,2009,2010,true,evaluable_complete_history_window,,129,129,129,129,129,129,0,0,19,19,0,12,7,28,19,0,0,false,171,0,0,107,0.6257309941520468,4,66,28,10,12,7,0.3684210526315789,19,14
2023,150,Duke,true,roster_present_with_identifiable_ol,2009,2010,true,evaluable_complete_history_window,,110,110,110,110,109,109,0,0,15,15,0,7,8,18,15,0,1,false,105,0,0,38,0.3619047619047619,4,21,10,6,7,8,0.5333333333333333,19,14
2023,151,East Carolina,true,roster_present_with_identifiable_ol,2009,2010,true,evaluable_complete_history_window,,123,123,123,123,123,122,0,0,21,21,0,12,9,25,21,0,0,false,210,0,0,92,0.4380952380952381,4,66,15,10,12,9,0.42857142857142855,19,14
2023,152,NC State,true,roster_present_with_identifiable_ol,2009,2010,true,evaluable_complete_history_window,,127,127,127,127,122,122,0,0,23,23,0,14,9,35,23,0,5,false,253,0,0,170,0.6719367588932806,4,91,55,21,14,9,0.391304347826087,19,14
2023,153,North Carolina,true,roster_present_with_identifiable_ol,2009,2010,true,evaluable_complete_history_window,,120,120,120,120,120,119,0,0,19,19,0,15,4,30,19,0,0,false,171,0,0,144,0.8421052631578947,4,105,28,10,15,4,0.21052631578947367,19,14
2023,154,Wake Forest,true,roster_present_with_identifiable_ol,2009,2010,true,evaluable_complete_history_window,,124,124,124,124,124,124,0,0,21,21,0,15,6,40,21,0,0,false,210,0,0,205,0.9761904761904762,4,105,66,28,15,6,0.2857142857142857,19,14
2023,158,Nebraska,true,roster_present_with_identifiable_ol,2009,2010,true,evaluable_complete_history_window,,136,136,136,136,136,135,0,0,18,18,0,9,9,24,18,0,0,false,153,0,0,75,0.49019607843137253,4,36,28,10,9,9,0.5,19,14
2023,164,Rutgers,true,roster_present_with_identifiable_ol,2009,2010,true,evaluable_complete_history_window,,131,131,131,131,131,130,0,0,24,24,0,18,6,30,24,0,0,false,276,0,0,178,0.644927536231884,3,153,15,10,18,6,0.25,19,14
2023,166,New Mexico State,true,roster_present_with_identifiable_ol,2009,2010,true,evaluable_complete_history_window,,127,127,127,127,127,127,0,0,19,19,0,9,10,13,19,0,0,false,171,0,0,37,0.21637426900584794,2,36,1,0,9,10,0.5263157894736842,19,14
2023,167,New Mexico,true,roster_present_with_identifiable_ol,2009,2010,true,evaluable_complete_history_window,,117,117,117,117,117,111,0,0,19,19,0,11,8,15,19,0,0,false,171,0,0,57,0.3333333333333333,3,55,1,1,11,8,0.42105263157894735,19,14
2023,183,Syracuse,true,roster_present_with_identifiable_ol,2009,2010,true,evaluable_complete_history_window,,111,111,111,111,109,108,0,0,18,18,0,11,7,19,18,0,2,false,153,0,0,67,0.43790849673202614,3,55,6,6,11,7,0.3888888888888889,19,14
2023,189,Bowling Green,true,roster_present_with_identifiable_ol,2009,2010,true,evaluable_complete_history_window,,108,108,108,108,108,107,0,0,19,19,0,11,8,18,19,0,0,false,171,0,0,66,0.38596491228070173,3,55,10,1,11,8,0.42105263157894735,19,14
2023,193,Miami (OH),true,roster_present_with_identifiable_ol,2009,2010,true,evaluable_complete_history_window,,118,118,118,118,118,117,0,0,18,18,0,13,5,27,18,0,0,false,153,0,0,110,0.7189542483660131,4,78,21,10,13,5,0.2777777777777778,19,14
2023,194,Ohio State,true,roster_present_with_identifiable_ol,2009,2010,true,evaluable_complete_history_window,,124,124,124,124,123,122,0,0,21,21,0,14,7,32,21,0,1,false,210,0,0,152,0.7238095238095238,4,91,45,15,14,7,0.3333333333333333,19,14
2023,195,Ohio,true,roster_present_with_identifiable_ol,2009,2010,true,evaluable_complete_history_window,,119,119,119,119,119,117,0,0,19,19,0,16,3,37,19,0,0,false,171,0,0,186,1.087719298245614,4,120,28,28,16,3,0.15789473684210525,19,14
2023,197,Oklahoma State,true,roster_present_with_identifiable_ol,2009,2010,true,evaluable_complete_history_window,,126,126,126,126,126,124,0,0,22,22,0,13,9,30,22,0,0,false,231,0,0,118,0.5108225108225108,4,78,15,15,13,9,0.4090909090909091,19,14
2023,201,Oklahoma,true,roster_present_with_identifiable_ol,2009,2010,true,evaluable_complete_history_window,,125,125,125,125,125,124,0,0,20,20,0,9,11,16,20,0,0,false,190,0,0,45,0.23684210526315788,3,36,6,3,9,11,0.55,19,14
2023,202,Tulsa,true,roster_present_with_identifiable_ol,2009,2010,true,evaluable_complete_history_window,,121,121,121,121,119,118,0,0,17,17,0,12,5,23,17,0,2,false,136,0,0,83,0.6102941176470589,4,66,10,6,12,5,0.29411764705882354,19,14
2023,204,Oregon State,true,roster_present_with_identifiable_ol,2009,2010,true,evaluable_complete_history_window,,127,127,127,127,125,123,0,0,21,21,0,15,6,32,21,0,2,false,210,0,0,150,0.7142857142857143,4,105,21,21,15,6,0.2857142857142857,19,14
2023,213,Penn State,true,roster_present_with_identifiable_ol,2009,2010,true,evaluable_complete_history_window,,125,125,125,125,125,125,0,0,22,22,0,15,7,30,22,0,0,false,231,0,0,142,0.6147186147186147,4,105,21,15,15,7,0.3181818181818182,19,14
2023,218,Temple,true,roster_present_with_identifiable_ol,2009,2010,true,evaluable_complete_history_window,,109,109,109,109,107,106,0,0,17,17,0,11,6,28,17,0,2,false,136,0,0,68,0.5,4,45,10,10,10,6,0.35294117647058826,19,14
2023,221,Pittsburgh,true,roster_present_with_identifiable_ol,2009,2010,true,evaluable_complete_history_window,,117,117,117,117,117,116,0,0,21,21,0,15,6,34,21,0,0,false,210,0,0,162,0.7714285714285715,4,105,36,15,15,6,0.2857142857142857,19,14
2023,228,Clemson,true,roster_present_with_identifiable_ol,2009,2010,true,evaluable_complete_history_window,,134,134,134,134,133,132,0,0,22,22,0,17,5,36,22,0,1,false,231,0,0,212,0.9177489177489178,3,136,55,21,17,5,0.22727272727272727,19,14
2023,235,Memphis,true,roster_present_with_identifiable_ol,2009,2010,true,evaluable_complete_history_window,,116,116,116,116,116,115,0,0,17,17,0,9,8,19,17,0,0,false,136,0,0,52,0.38235294117647056,3,36,10,6,9,8,0.47058823529411764,19,14
2023,238,Vanderbilt,true,roster_present_with_identifiable_ol,2009,2010,true,evaluable_complete_history_window,,114,114,114,114,114,111,0,0,21,21,0,15,6,27,21,0,0,false,210,0,0,132,0.6285714285714286,3,105,21,6,15,6,0.2857142857142857,19,14
2023,239,Baylor,true,roster_present_with_identifiable_ol,2009,2010,true,evaluable_complete_history_window,,109,109,109,109,109,108,0,0,18,18,0,12,6,18,18,0,0,false,153,0,0,70,0.45751633986928103,3,66,3,1,12,6,0.3333333333333333,19,14
2023,242,Rice,true,roster_present_with_identifiable_ol,2009,2010,true,evaluable_complete_history_window,,111,111,111,111,111,111,0,0,20,20,0,11,9,23,20,0,0,false,190,0,0,77,0.4052631578947368,4,55,15,6,11,9,0.45,19,14
2023,245,Texas A&M,true,roster_present_with_identifiable_ol,2009,2010,true,evaluable_complete_history_window,,133,133,133,133,133,132,0,0,20,20,0,14,6,19,20,0,0,false,190,0,0,93,0.48947368421052634,3,91,1,1,14,6,0.3,19,14
2023,248,Houston,true,roster_present_with_identifiable_ol,2009,2010,true,evaluable_complete_history_window,,119,119,119,119,118,117,0,0,16,16,0,9,7,21,16,0,1,false,120,0,0,51,0.425,4,32,10,8,8,7,0.4375,19,14
2023,249,North Texas,true,roster_present_with_identifiable_ol,2009,2010,true,evaluable_complete_history_window,,120,120,120,120,120,118,0,0,19,19,0,11,8,17,19,0,0,false,171,0,0,59,0.34502923976608185,3,55,3,1,11,8,0.42105263157894735,19,14
2023,251,Texas,true,roster_present_with_identifiable_ol,2009,2010,true,evaluable_complete_history_window,,119,119,119,119,119,118,0,0,19,19,0,12,7,18,19,0,0,false,171,0,0,70,0.4093567251461988,3,66,3,1,12,7,0.3684210526315789,19,14
2023,252,BYU,true,roster_present_with_identifiable_ol,2009,2010,true,evaluable_complete_history_window,,121,121,121,121,121,119,0,0,19,19,0,9,10,15,19,0,0,false,171,0,0,40,0.23391812865497075,3,36,3,1,9,10,0.5263157894736842,19,14
2023,254,Utah,true,roster_present_with_identifiable_ol,2009,2010,true,evaluable_complete_history_window,,122,122,122,122,122,121,0,0,19,19,0,13,6,36,19,0,0,false,171,0,0,167,0.9766081871345029,4,78,55,28,13,6,0.3157894736842105,19,14
2023,256,James Madison,true,roster_present_with_identifiable_ol,2009,2010,true,evaluable_complete_history_window,,112,112,112,112,112,111,0,0,19,19,0,13,6,13,19,0,0,false,171,0,0,78,0.45614035087719296,1,78,0,0,13,6,0.3157894736842105,19,14
2023,258,Virginia,true,roster_present_with_identifiable_ol,2009,2010,true,evaluable_complete_history_window,,126,126,126,126,126,125,0,0,21,21,0,15,6,19,21,0,0,false,210,0,0,107,0.5095238095238095,3,105,1,1,15,6,0.2857142857142857,19,14
2023,259,Virginia Tech,true,roster_present_with_identifiable_ol,2009,2010,true,evaluable_complete_history_window,,125,125,125,125,122,121,0,0,21,21,0,13,8,18,21,0,3,false,210,0,0,82,0.3904761904761905,3,78,3,1,13,8,0.38095238095238093,19,14
2023,264,Washington,true,roster_present_with_identifiable_ol,2009,2010,true,evaluable_complete_history_window,,119,119,119,119,119,118,0,0,19,19,0,10,9,31,19,0,0,false,171,0,0,115,0.672514619883041,4,45,36,28,10,9,0.47368421052631576,19,14
2023,265,Washington State,true,roster_present_with_identifiable_ol,2009,2010,true,evaluable_complete_history_window,,125,125,125,125,124,123,0,0,20,20,0,11,9,23,20,0,1,false,190,0,0,76,0.4,4,55,14,6,11,9,0.45,19,14
2023,275,Wisconsin,true,roster_present_with_identifiable_ol,2009,2010,true,evaluable_complete_history_window,,122,122,122,122,122,121,0,0,20,20,0,13,7,29,20,0,0,false,190,0,0,127,0.6684210526315789,3,78,28,21,13,7,0.35,19,14
2023,276,Marshall,true,roster_present_with_identifiable_ol,2009,2010,true,evaluable_complete_history_window,,126,126,126,126,125,124,0,0,18,18,0,10,8,19,18,0,1,false,153,0,0,54,0.35294117647058826,4,45,3,3,10,8,0.4444444444444444,19,14
2023,277,West Virginia,true,roster_present_with_identifiable_ol,2009,2010,true,evaluable_complete_history_window,,117,117,117,117,117,117,0,0,14,14,0,11,3,25,14,0,0,false,91,0,0,90,0.989010989010989,4,55,28,6,11,3,0.21428571428571427,19,14
2023,278,Fresno State,true,roster_present_with_identifiable_ol,2009,2010,true,evaluable_complete_history_window,,112,112,112,112,112,111,0,0,17,17,0,12,5,25,17,0,0,false,136,0,0,92,0.6764705882352942,4,66,15,10,12,5,0.29411764705882354,19,14
2023,290,Georgia Southern,true,roster_present_with_identifiable_ol,2009,2010,true,evaluable_complete_history_window,,130,130,130,130,129,129,0,0,18,18,0,10,8,28,18,0,1,false,153,0,0,87,0.5686274509803921,4,45,21,15,10,8,0.4444444444444444,19,14
2023,295,Old Dominion,true,roster_present_with_identifiable_ol,2009,2010,true,evaluable_complete_history_window,,117,117,117,117,117,115,0,0,19,19,0,11,8,17,19,0,0,false,171,0,0,62,0.36257309941520466,3,55,6,1,11,8,0.42105263157894735,19,14
2023,309,Louisiana,true,roster_present_with_identifiable_ol,2009,2010,true,evaluable_complete_history_window,,137,137,137,137,135,134,0,0,24,24,0,13,11,30,24,0,2,false,276,0,0,119,0.4311594202898551,4,78,21,10,13,11,0.4583333333333333,19,14
2023,324,Coastal Carolina,true,roster_present_with_identifiable_ol,2009,2010,true,evaluable_complete_history_window,,116,116,116,116,116,114,0,0,19,19,0,11,8,26,19,0,0,false,171,0,0,94,0.5497076023391813,4,55,28,10,11,8,0.42105263157894735,19,14
2023,326,Texas State,true,roster_present_with_identifiable_ol,2009,2010,true,evaluable_complete_history_window,,126,126,126,126,121,118,0,0,20,20,0,4,16,9,20,0,5,false,190,0,0,8,0.042105263157894736,3,6,1,1,4,16,0.8,19,14
2023,328,Utah State,true,roster_present_with_identifiable_ol,2009,2010,true,evaluable_complete_history_window,,111,111,111,111,111,106,0,0,18,18,0,11,7,25,18,0,0,false,153,0,0,83,0.5424836601307189,4,55,15,10,11,7,0.3888888888888889,19,14
2023,333,Alabama,true,roster_present_with_identifiable_ol,2009,2010,true,evaluable_complete_history_window,,138,138,138,138,138,138,0,0,19,19,0,10,9,18,19,0,0,false,171,0,0,56,0.32748538011695905,3,45,10,1,10,9,0.47368421052631576,19,14
2023,344,Mississippi State,true,roster_present_with_identifiable_ol,2009,2010,true,evaluable_complete_history_window,,111,111,111,111,111,110,0,0,15,15,0,11,4,24,15,0,0,false,105,0,0,79,0.7523809523809524,4,55,15,6,11,4,0.26666666666666666,19,14
2023,349,Army,true,roster_present_with_identifiable_ol,2009,2010,true,evaluable_complete_history_window,,180,180,180,180,180,180,0,0,35,35,0,18,17,36,35,0,0,false,595,0,0,210,0.35294117647058826,4,153,28,28,18,17,0.4857142857142857,19,14
2023,356,Illinois,true,roster_present_with_identifiable_ol,2009,2010,true,evaluable_complete_history_window,,120,120,120,120,120,119,0,0,20,20,0,12,8,22,20,0,0,false,190,0,0,78,0.4105263157894737,4,66,10,1,12,8,0.4,19,14
2023,2005,Air Force,true,roster_present_with_identifiable_ol,2009,2010,true,evaluable_complete_history_window,,126,126,126,126,125,124,0,0,27,27,0,11,16,18,27,0,1,false,351,0,0,76,0.21652421652421652,2,55,21,0,11,16,0.5925925925925926,19,14
2023,2006,Akron,true,roster_present_with_identifiable_ol,2009,2010,true,evaluable_complete_history_window,,106,106,106,106,106,105,0,0,18,18,0,9,9,18,18,0,0,false,153,0,0,48,0.3137254901960784,3,36,6,6,9,9,0.5,19,14
2023,2026,App State,true,roster_present_with_identifiable_ol,2009,2010,true,evaluable_complete_history_window,,115,115,115,115,115,113,0,0,18,18,0,8,10,15,18,0,0,false,153,0,0,37,0.24183006535947713,3,28,6,3,8,10,0.5555555555555556,19,14
2023,2032,Arkansas State,true,roster_present_with_identifiable_ol,2009,2010,true,evaluable_complete_history_window,,121,121,121,121,121,120,0,0,16,16,0,10,6,14,16,0,0,false,120,0,0,48,0.4,2,45,3,0,10,6,0.375,19,14
2023,2050,Ball State,true,roster_present_with_identifiable_ol,2009,2010,true,evaluable_complete_history_window,,118,118,118,118,117,117,0,0,21,21,0,10,11,19,21,0,1,false,210,0,0,61,0.2904761904761905,3,45,10,6,10,11,0.5238095238095238,19,14
2023,2084,Buffalo,true,roster_present_with_identifiable_ol,2009,2010,true,evaluable_complete_history_window,,108,108,108,108,108,106,0,0,14,14,0,10,4,24,14,0,0,false,91,0,0,75,0.8241758241758241,4,45,21,6,10,4,0.2857142857142857,19,14
2023,2116,UCF,true,roster_present_with_identifiable_ol,2009,2010,true,evaluable_complete_history_window,,122,122,122,122,121,119,0,0,20,20,0,11,9,27,20,0,1,false,190,0,0,91,0.4789473684210526,4,55,15,15,11,9,0.45,19,14
2023,2117,Central Michigan,true,roster_present_with_identifiable_ol,2009,2010,true,evaluable_complete_history_window,,118,118,118,118,116,115,0,0,19,19,0,9,10,20,19,0,2,false,171,0,0,52,0.30409356725146197,4,36,10,3,9,10,0.5263157894736842,19,14
2023,2132,Cincinnati,true,roster_present_with_identifiable_ol,2009,2010,true,evaluable_complete_history_window,,112,112,112,112,112,110,0,0,18,18,0,11,7,17,18,0,0,false,153,0,0,59,0.38562091503267976,3,55,3,1,11,7,0.3888888888888889,19,14
2023,2199,Eastern Michigan,true,roster_present_with_identifiable_ol,2009,2010,true,evaluable_complete_history_window,,116,116,116,116,115,115,0,0,21,21,0,15,6,34,21,0,1,false,210,0,0,154,0.7333333333333333,4,105,28,15,15,6,0.2857142857142857,19,14
2023,2226,Florida Atlantic,true,roster_present_with_identifiable_ol,2009,2010,true,evaluable_complete_history_window,,125,125,125,125,114,112,0,0,16,16,0,10,6,24,16,0,11,false,120,0,0,77,0.6416666666666667,4,45,21,10,10,6,0.375,19,14
2023,2229,Florida International,true,roster_present_with_identifiable_ol,2009,2010,true,evaluable_complete_history_window,,113,113,113,113,113,110,0,0,20,20,0,11,9,14,20,0,0,false,190,0,0,56,0.29473684210526313,2,55,1,0,11,9,0.45,19,14
2023,2247,Georgia State,true,roster_present_with_identifiable_ol,2009,2010,true,evaluable_complete_history_window,,101,101,101,101,100,98,0,0,15,15,0,10,5,25,15,0,1,false,105,0,0,84,0.8,4,45,28,10,10,5,0.3333333333333333,19,14
2023,2294,Iowa,true,roster_present_with_identifiable_ol,2009,2010,true,evaluable_complete_history_window,,126,126,126,126,126,126,0,0,21,21,0,14,7,31,21,0,0,false,210,0,0,151,0.719047619047619,3,91,45,15,14,7,0.3333333333333333,19,14
2023,2305,Kansas,true,roster_present_with_identifiable_ol,2009,2010,true,evaluable_complete_history_window,,119,119,119,119,118,117,0,0,17,17,0,13,4,23,17,0,1,false,136,0,0,102,0.75,3,78,21,3,13,4,0.23529411764705882,19,14
2023,2306,Kansas State,true,roster_present_with_identifiable_ol,2009,2010,true,evaluable_complete_history_window,,124,124,124,124,124,119,0,0,18,18,0,14,4,36,18,0,0,false,153,0,0,167,1.091503267973856,4,91,45,21,14,4,0.2222222222222222,19,14
2023,2309,Kent State,true,roster_present_with_identifiable_ol,2009,2010,true,evaluable_complete_history_window,,102,102,102,102,102,100,0,0,16,16,0,8,8,11,16,0,0,false,120,0,0,28,0.23333333333333334,1,28,0,0,8,8,0.5,19,14
2023,2335,Liberty,true,roster_present_with_identifiable_ol,2009,2010,true,evaluable_complete_history_window,,119,119,119,119,117,117,0,0,17,17,0,9,8,21,17,0,2,false,136,0,0,58,0.4264705882352941,4,36,15,6,9,8,0.47058823529411764,19,14
2023,2348,Louisiana Tech,true,roster_present_with_identifiable_ol,2009,2010,true,evaluable_complete_history_window,,115,115,115,115,115,114,0,0,21,21,0,13,8,33,21,0,0,false,210,0,0,138,0.6571428571428571,4,78,36,21,13,8,0.38095238095238093,19,14
2023,2390,Miami,true,roster_present_with_identifiable_ol,2009,2010,true,evaluable_complete_history_window,,107,107,107,107,106,105,0,0,17,17,0,9,8,17,17,0,1,false,136,0,0,45,0.33088235294117646,3,36,6,3,9,8,0.47058823529411764,19,14
2023,2393,Middle Tennessee,true,roster_present_with_identifiable_ol,2009,2010,true,evaluable_complete_history_window,,117,117,117,117,116,115,0,0,17,17,0,9,8,14,17,0,1,false,136,0,0,42,0.3088235294117647,2,36,6,0,9,8,0.47058823529411764,19,14
2023,2426,Navy,true,roster_present_with_identifiable_ol,2009,2010,true,evaluable_complete_history_window,,171,171,171,171,171,169,0,0,29,29,0,21,8,31,29,0,0,false,406,0,0,230,0.5665024630541872,3,210,10,10,21,8,0.27586206896551724,19,14
2023,2429,Charlotte,true,roster_present_with_identifiable_ol,2009,2010,true,evaluable_complete_history_window,,122,122,122,122,120,119,0,0,24,24,0,7,17,11,24,0,2,false,276,0,0,23,0.08333333333333333,3,21,1,1,7,17,0.7083333333333334,19,14
2023,2433,UL Monroe,true,roster_present_with_identifiable_ol,2009,2010,true,evaluable_complete_history_window,,116,116,116,116,113,109,0,0,16,16,0,10,6,12,16,0,3,false,120,0,0,45,0.375,1,45,0,0,10,6,0.375,19,14
2023,2439,UNLV,true,roster_present_with_identifiable_ol,2009,2010,true,evaluable_complete_history_window,,110,110,110,110,110,110,0,0,19,19,0,8,11,20,19,0,0,false,171,0,0,55,0.3216374269005848,3,28,21,6,8,11,0.5789473684210527,19,14
2023,2440,Nevada,true,roster_present_with_identifiable_ol,2009,2010,true,evaluable_complete_history_window,,114,114,114,114,114,113,0,0,18,18,0,12,6,18,18,0,0,false,153,0,0,70,0.45751633986928103,3,66,3,1,12,6,0.3333333333333333,19,14
2023,2459,Northern Illinois,true,roster_present_with_identifiable_ol,2009,2010,true,evaluable_complete_history_window,,122,122,122,122,121,120,0,0,21,21,0,15,6,37,21,0,1,false,210,0,0,191,0.9095238095238095,4,105,55,28,15,6,0.2857142857142857,19,14
2023,2483,Oregon,true,roster_present_with_identifiable_ol,2009,2010,true,evaluable_complete_history_window,,128,128,128,128,128,126,0,0,24,24,0,13,11,25,24,0,0,false,276,0,0,96,0.34782608695652173,3,78,15,3,13,11,0.4583333333333333,19,14
2023,2509,Purdue,true,roster_present_with_identifiable_ol,2009,2010,true,evaluable_complete_history_window,,117,117,117,117,117,117,0,0,20,20,0,11,9,17,20,0,0,false,190,0,0,61,0.32105263157894737,3,55,3,3,11,9,0.45,19,14
2023,2534,Sam Houston,true,roster_present_with_identifiable_ol,2009,2010,true,evaluable_complete_history_window,,113,113,113,113,111,110,0,0,14,14,0,6,8,6,14,0,2,false,91,0,0,15,0.16483516483516483,1,15,0,0,6,8,0.5714285714285714,19,14
2023,2567,SMU,true,roster_present_with_identifiable_ol,2009,2010,true,evaluable_complete_history_window,,126,126,126,126,125,123,0,0,23,23,0,12,11,28,23,0,1,false,253,0,0,115,0.45454545454545453,3,66,28,21,12,11,0.4782608695652174,19,14
2023,2572,Southern Miss,true,roster_present_with_identifiable_ol,2009,2010,true,evaluable_complete_history_window,,108,108,108,108,108,108,0,0,18,18,0,13,5,20,18,0,0,false,153,0,0,83,0.5424836601307189,4,78,3,1,13,5,0.2777777777777778,19,14
2023,2579,South Carolina,true,roster_present_with_identifiable_ol,2009,2010,true,evaluable_complete_history_window,,116,116,116,116,116,114,0,0,20,20,0,11,9,23,20,0,0,false,190,0,0,76,0.4,4,55,10,10,11,9,0.45,19,14
2023,2628,TCU,true,roster_present_with_identifiable_ol,2009,2010,true,evaluable_complete_history_window,,127,127,127,127,127,127,0,0,21,21,0,13,8,29,21,0,0,false,210,0,0,117,0.5571428571428572,4,78,21,15,13,8,0.38095238095238093,19,14
2023,2633,Tennessee,true,roster_present_with_identifiable_ol,2009,2010,true,evaluable_complete_history_window,,124,124,124,124,124,123,0,0,21,21,0,15,6,32,21,0,0,false,210,0,0,147,0.7,4,105,21,15,15,6,0.2857142857142857,19,14
2023,2636,UTSA,true,roster_present_with_identifiable_ol,2009,2010,true,evaluable_complete_history_window,,115,115,115,115,114,112,0,0,21,21,0,15,6,29,21,0,1,false,210,0,0,136,0.6476190476190476,4,105,15,15,15,6,0.2857142857142857,19,14
2023,2638,UTEP,true,roster_present_with_identifiable_ol,2009,2010,true,evaluable_complete_history_window,,122,122,122,122,122,122,0,0,23,23,0,13,10,32,23,0,0,false,253,0,0,127,0.5019762845849802,4,78,28,15,13,10,0.43478260869565216,19,14
2023,2641,Texas Tech,true,roster_present_with_identifiable_ol,2009,2010,true,evaluable_complete_history_window,,122,122,122,122,120,116,0,0,19,19,0,12,7,19,19,0,2,false,171,0,0,73,0.4269005847953216,3,66,6,1,12,7,0.3684210526315789,19,14
2023,2649,Toledo,true,roster_present_with_identifiable_ol,2009,2010,true,evaluable_complete_history_window,,118,118,118,118,118,117,0,0,21,21,0,11,10,30,21,0,0,false,210,0,0,98,0.4666666666666667,5,55,21,15,11,10,0.47619047619047616,19,14
2023,2653,Troy,true,roster_present_with_identifiable_ol,2009,2010,true,evaluable_complete_history_window,,119,119,119,119,119,117,0,0,19,19,0,8,11,16,19,0,0,false,171,0,0,35,0.2046783625730994,4,28,3,3,8,11,0.5789473684210527,19,14
2023,2655,Tulane,true,roster_present_with_identifiable_ol,2009,2010,true,evaluable_complete_history_window,,125,125,125,125,122,120,0,0,15,15,0,10,5,26,15,0,3,false,105,0,0,88,0.8380952380952381,4,45,21,21,10,5,0.3333333333333333,19,14
2023,2711,Western Michigan,true,roster_present_with_identifiable_ol,2009,2010,true,evaluable_complete_history_window,,108,108,108,108,108,107,0,0,18,18,0,13,5,30,18,0,0,false,153,0,0,114,0.7450980392156863,4,78,15,15,13,5,0.2777777777777778,19,14
2023,2751,Wyoming,true,roster_present_with_identifiable_ol,2009,2010,true,evaluable_complete_history_window,,117,117,117,117,117,117,0,0,18,18,0,10,8,18,18,0,0,false,153,0,0,56,0.3660130718954248,3,45,10,1,10,8,0.4444444444444444,19,14
2024,2,Auburn,true,roster_present_with_identifiable_ol,2009,2010,true,evaluable_complete_history_window,,121,121,121,121,121,121,0,0,18,18,0,11,7,15,18,0,0,false,153,0,0,56,0.3660130718954248,2,55,1,0,11,7,0.3888888888888889,20,15
2024,5,UAB,true,roster_present_with_identifiable_ol,2009,2010,true,evaluable_complete_history_window,,120,120,120,120,120,120,0,0,18,18,0,11,7,25,18,0,0,false,153,0,0,85,0.5555555555555556,4,55,21,6,11,7,0.3888888888888889,20,15
2024,6,South Alabama,true,roster_present_with_identifiable_ol,2009,2010,true,evaluable_complete_history_window,,122,122,122,122,122,121,0,0,20,20,0,12,8,18,20,0,0,false,190,0,0,81,0.4263157894736842,2,66,15,0,12,8,0.4,20,15
2024,8,Arkansas,true,roster_present_with_identifiable_ol,2009,2010,true,evaluable_complete_history_window,,124,124,124,124,124,124,0,0,19,19,0,10,9,17,19,0,0,false,171,0,0,56,0.32748538011695905,3,45,10,1,10,9,0.47368421052631576,20,15
2024,9,Arizona State,true,roster_present_with_identifiable_ol,2009,2010,true,evaluable_complete_history_window,,120,120,120,120,120,120,0,0,23,23,0,12,11,14,23,0,0,false,253,0,0,67,0.2648221343873518,2,66,1,0,12,11,0.4782608695652174,20,15
2024,12,Arizona,true,roster_present_with_identifiable_ol,2009,2010,true,evaluable_complete_history_window,,109,109,109,109,109,108,0,0,18,18,0,11,7,22,18,0,0,false,153,0,0,74,0.48366013071895425,4,55,15,3,11,7,0.3888888888888889,20,15
2024,21,San Diego State,true,roster_present_with_identifiable_ol,2009,2010,true,evaluable_complete_history_window,,109,109,109,109,109,109,0,0,15,15,0,8,7,12,15,0,0,false,105,0,0,34,0.3238095238095238,2,28,6,0,8,7,0.4666666666666667,20,15
2024,23,San José State,true,roster_present_with_identifiable_ol,2009,2010,true,evaluable_complete_history_window,,106,106,106,106,105,105,0,0,26,26,0,14,12,21,26,0,1,false,325,0,0,106,0.3261538461538461,2,91,15,0,14,12,0.46153846153846156,20,15
2024,24,Stanford,true,roster_present_with_identifiable_ol,2009,2010,true,evaluable_complete_history_window,,109,109,109,109,109,108,0,0,16,16,0,11,5,23,16,0,0,false,120,0,0,77,0.6416666666666667,4,55,15,6,11,5,0.3125,20,15
2024,25,California,true,roster_present_with_identifiable_ol,2009,2010,true,evaluable_complete_history_window,,116,116,116,116,116,116,0,0,18,18,0,10,8,19,18,0,0,false,153,0,0,67,0.43790849673202614,3,45,21,1,10,8,0.4444444444444444,20,15
2024,26,UCLA,true,roster_present_with_identifiable_ol,2009,2010,true,evaluable_complete_history_window,,120,120,120,120,120,120,0,0,23,23,0,14,9,31,23,0,0,false,253,0,0,131,0.5177865612648221,5,91,28,10,14,9,0.391304347826087,20,15
2024,30,USC,true,roster_present_with_identifiable_ol,2009,2010,true,evaluable_complete_history_window,,106,106,106,106,106,104,0,0,17,17,0,11,6,21,17,0,0,false,136,0,0,65,0.47794117647058826,4,55,6,3,11,6,0.35294117647058826,20,15
2024,36,Colorado State,true,roster_present_with_identifiable_ol,2009,2010,true,evaluable_complete_history_window,,110,110,110,110,110,109,0,0,14,14,0,9,5,13,14,0,0,false,91,0,0,42,0.46153846153846156,2,36,6,0,9,5,0.35714285714285715,20,15
2024,38,Colorado,true,roster_present_with_identifiable_ol,2009,2010,true,evaluable_complete_history_window,,113,113,113,113,110,110,0,0,15,15,0,4,11,5,15,0,3,false,105,0,0,6,0.05714285714285714,1,6,0,0,4,11,0.7333333333333333,20,15
2024,41,UConn,true,roster_present_with_identifiable_ol,2009,2010,true,evaluable_complete_history_window,,112,112,112,112,111,110,0,0,19,19,0,13,6,28,19,0,1,false,171,0,0,124,0.7251461988304093,3,78,36,10,13,6,0.3157894736842105,20,15
2024,52,Florida State,true,roster_present_with_identifiable_ol,2009,2010,true,evaluable_complete_history_window,,124,124,124,124,124,123,0,0,19,19,0,12,7,31,19,0,0,false,171,0,0,111,0.6491228070175439,5,66,28,10,12,7,0.3684210526315789,20,15
2024,55,Jacksonville State,true,roster_present_with_identifiable_ol,2009,2010,true,evaluable_complete_history_window,,129,129,129,129,124,124,0,0,22,22,0,11,11,14,22,0,5,false,231,0,0,58,0.2510822510822511,2,55,3,0,11,11,0.5,20,15
2024,57,Florida,true,roster_present_with_identifiable_ol,2009,2010,true,evaluable_complete_history_window,,133,133,133,133,132,132,0,0,23,23,0,13,10,24,23,0,1,false,253,0,0,99,0.391304347826087,3,78,15,6,13,10,0.43478260869565216,20,15
2024,58,South Florida,true,roster_present_with_identifiable_ol,2009,2010,true,evaluable_complete_history_window,,134,134,134,134,129,129,0,0,19,19,0,12,7,17,19,0,5,false,171,0,0,72,0.42105263157894735,2,66,6,0,12,7,0.3684210526315789,20,15
2024,59,Georgia Tech,true,roster_present_with_identifiable_ol,2009,2010,true,evaluable_complete_history_window,,121,121,121,121,121,121,0,0,20,20,0,11,9,21,20,0,0,false,190,0,0,73,0.38421052631578945,3,55,15,3,11,9,0.45,20,15
2024,61,Georgia,true,roster_present_with_identifiable_ol,2009,2010,true,evaluable_complete_history_window,,137,137,137,137,136,136,0,0,23,23,0,14,9,32,23,0,1,false,253,0,0,137,0.541501976284585,4,91,28,15,14,9,0.391304347826087,20,15
2024,62,Hawai'i,true,roster_present_with_identifiable_ol,2009,2010,true,evaluable_complete_history_window,,122,122,122,122,122,121,0,0,19,19,0,11,8,25,19,0,0,false,171,0,0,90,0.5263157894736842,4,55,28,6,11,8,0.42105263157894735,20,15
2024,66,Iowa State,true,roster_present_with_identifiable_ol,2009,2010,true,evaluable_complete_history_window,,133,133,133,133,133,133,0,0,25,25,0,14,11,31,25,0,0,false,300,0,0,143,0.4766666666666667,4,91,45,6,14,11,0.44,20,15
2024,68,Boise State,true,roster_present_with_identifiable_ol,2009,2010,true,evaluable_complete_history_window,,115,115,115,115,115,115,0,0,19,19,0,12,7,24,19,0,0,false,171,0,0,89,0.52046783625731,4,66,21,1,12,7,0.3684210526315789,20,15
2024,77,Northwestern,true,roster_present_with_identifiable_ol,2009,2010,true,evaluable_complete_history_window,,111,111,111,111,111,111,0,0,18,18,0,9,9,22,18,0,0,false,153,0,0,67,0.43790849673202614,3,36,21,10,9,9,0.5,20,15
2024,84,Indiana,true,roster_present_with_identifiable_ol,2009,2010,true,evaluable_complete_history_window,,116,116,116,116,116,115,0,0,16,16,0,9,7,20,16,0,0,false,120,0,0,54,0.45,3,36,15,3,9,7,0.4375,20,15
2024,87,Notre Dame,true,roster_present_with_identifiable_ol,2009,2010,true,evaluable_complete_history_window,,121,121,121,121,121,120,0,0,19,19,0,13,6,23,19,0,0,false,171,0,0,100,0.5847953216374269,3,78,21,1,13,6,0.3157894736842105,20,15
2024,96,Kentucky,true,roster_present_with_identifiable_ol,2009,2010,true,evaluable_complete_history_window,,114,114,114,114,113,111,0,0,19,19,0,11,8,21,19,0,1,false,171,0,0,67,0.391812865497076,3,55,6,6,11,8,0.42105263157894735,20,15
2024,97,Louisville,true,roster_present_with_identifiable_ol,2009,2010,true,evaluable_complete_history_window,,119,119,119,119,114,114,0,0,17,17,0,8,9,18,17,0,5,false,136,0,0,38,0.27941176470588236,4,28,6,3,8,9,0.5294117647058824,20,15
2024,98,Western Kentucky,true,roster_present_with_identifiable_ol,2009,2010,true,evaluable_complete_history_window,,113,113,113,113,113,113,0,0,17,17,0,10,7,22,17,0,0,false,136,0,0,70,0.5147058823529411,4,45,21,3,10,7,0.4117647058823529,20,15
2024,99,LSU,true,roster_present_with_identifiable_ol,2009,2010,true,evaluable_complete_history_window,,110,110,110,110,110,110,0,0,18,18,0,12,6,20,18,0,0,false,153,0,0,82,0.5359477124183006,3,66,15,1,12,6,0.3333333333333333,20,15
2024,103,Boston College,true,roster_present_with_identifiable_ol,2009,2010,true,evaluable_complete_history_window,,118,118,118,118,117,116,0,0,17,17,0,12,5,31,17,0,1,false,136,0,0,115,0.8455882352941176,4,66,28,15,12,5,0.29411764705882354,20,15
2024,113,Massachusetts,true,roster_present_with_identifiable_ol,2009,2010,true,evaluable_complete_history_window,,111,111,111,111,109,108,0,0,17,17,0,7,10,16,17,0,2,false,136,0,0,33,0.2426470588235294,4,21,10,1,7,10,0.5882352941176471,20,15
2024,120,Maryland,true,roster_present_with_identifiable_ol,2009,2010,true,evaluable_complete_history_window,,119,119,119,119,119,119,0,0,19,19,0,7,12,10,19,0,0,false,171,0,0,22,0.1286549707602339,2,21,1,0,7,12,0.631578947368421,20,15
2024,127,Michigan State,true,roster_present_with_identifiable_ol,2009,2010,true,evaluable_complete_history_window,,118,118,118,118,118,118,0,0,19,19,0,9,10,18,19,0,0,false,171,0,0,52,0.30409356725146197,3,36,15,1,9,10,0.5263157894736842,20,15
2024,130,Michigan,true,roster_present_with_identifiable_ol,2009,2010,true,evaluable_complete_history_window,,139,139,139,139,138,137,0,0,24,24,0,17,7,34,24,0,1,false,276,0,0,196,0.7101449275362319,3,131,55,10,16,7,0.2916666666666667,20,15
2024,135,Minnesota,true,roster_present_with_identifiable_ol,2009,2010,true,evaluable_complete_history_window,,115,115,115,115,115,115,0,0,15,15,0,12,3,28,15,0,0,false,105,0,0,103,0.9809523809523809,4,66,28,6,12,3,0.2,20,15
2024,142,Missouri,true,roster_present_with_identifiable_ol,2009,2010,true,evaluable_complete_history_window,,120,120,120,120,119,116,0,0,21,21,0,11,10,24,21,0,1,false,210,0,0,87,0.4142857142857143,4,55,28,3,11,10,0.47619047619047616,20,15
2024,145,Ole Miss,true,roster_present_with_identifiable_ol,2009,2010,true,evaluable_complete_history_window,,134,134,134,134,134,134,0,0,22,22,0,13,9,35,22,0,0,false,231,0,0,138,0.5974025974025974,5,78,36,15,13,9,0.4090909090909091,20,15
2024,150,Duke,true,roster_present_with_identifiable_ol,2009,2010,true,evaluable_complete_history_window,,113,113,113,113,113,113,0,0,18,18,0,5,13,9,18,0,0,false,153,0,0,13,0.08496732026143791,2,10,3,0,5,13,0.7222222222222222,20,15
2024,151,East Carolina,true,roster_present_with_identifiable_ol,2009,2010,true,evaluable_complete_history_window,,129,129,129,129,129,128,0,0,20,20,0,12,8,20,20,0,0,false,190,0,0,76,0.4,2,66,10,0,12,8,0.4,20,15
2024,152,NC State,true,roster_present_with_identifiable_ol,2009,2010,true,evaluable_complete_history_window,,124,124,124,124,123,123,0,0,21,21,0,15,6,36,21,0,1,false,210,0,0,166,0.7904761904761904,4,105,36,15,15,6,0.2857142857142857,20,15
2024,153,North Carolina,true,roster_present_with_identifiable_ol,2009,2010,true,evaluable_complete_history_window,,121,121,121,121,121,121,0,0,22,22,0,9,13,23,22,0,0,false,231,0,0,71,0.30735930735930733,4,36,28,6,9,13,0.5909090909090909,20,15
2024,154,Wake Forest,true,roster_present_with_identifiable_ol,2009,2010,true,evaluable_complete_history_window,,123,123,123,123,122,122,0,0,21,21,0,17,4,41,21,0,1,false,210,0,0,225,1.0714285714285714,4,136,55,28,17,4,0.19047619047619047,20,15
2024,158,Nebraska,true,roster_present_with_identifiable_ol,2009,2010,true,evaluable_complete_history_window,,152,152,152,152,151,150,0,0,23,23,0,15,8,29,23,0,1,false,253,0,0,131,0.5177865612648221,4,105,15,10,15,8,0.34782608695652173,20,15
2024,164,Rutgers,true,roster_present_with_identifiable_ol,2009,2010,true,evaluable_complete_history_window,,135,135,135,135,135,133,0,0,22,22,0,17,5,37,22,0,0,false,231,0,0,211,0.9134199134199135,4,136,66,6,17,5,0.22727272727272727,20,15
2024,166,New Mexico State,true,roster_present_with_identifiable_ol,2009,2010,true,evaluable_complete_history_window,,115,115,115,115,115,115,0,0,21,21,0,14,7,22,21,0,0,false,210,0,0,112,0.5333333333333333,2,91,21,0,14,7,0.3333333333333333,20,15
2024,167,New Mexico,true,roster_present_with_identifiable_ol,2009,2010,true,evaluable_complete_history_window,,111,111,111,111,111,96,0,0,20,20,0,6,14,12,20,0,0,false,190,0,0,21,0.11052631578947368,2,15,6,0,6,14,0.7,20,15
2024,183,Syracuse,true,roster_present_with_identifiable_ol,2009,2010,true,evaluable_complete_history_window,,107,107,107,107,107,106,0,0,19,19,0,12,7,25,19,0,0,false,171,0,0,93,0.543859649122807,4,66,21,3,12,7,0.3684210526315789,20,15
2024,189,Bowling Green,true,roster_present_with_identifiable_ol,2009,2010,true,evaluable_complete_history_window,,109,109,109,109,109,107,0,0,16,16,0,10,6,25,16,0,0,false,120,0,0,84,0.7,4,45,28,10,10,6,0.375,20,15
2024,193,Miami (OH),true,roster_present_with_identifiable_ol,2009,2010,true,evaluable_complete_history_window,,116,116,116,116,115,115,0,0,18,18,0,14,4,29,18,0,1,false,153,0,0,134,0.8758169934640523,4,91,36,6,14,4,0.2222222222222222,20,15
2024,194,Ohio State,true,roster_present_with_identifiable_ol,2009,2010,true,evaluable_complete_history_window,,123,123,123,123,123,122,0,0,18,18,0,13,5,25,18,0,0,false,153,0,0,105,0.6862745098039216,3,78,21,6,13,5,0.2777777777777778,20,15
2024,195,Ohio,true,roster_present_with_identifiable_ol,2009,2010,true,evaluable_complete_history_window,,117,117,117,117,117,116,0,0,21,21,0,11,10,29,21,0,0,false,210,0,0,107,0.5095238095238095,5,55,45,3,11,10,0.47619047619047616,20,15
2024,197,Oklahoma State,true,roster_present_with_identifiable_ol,2009,2010,true,evaluable_complete_history_window,,142,142,142,142,142,141,0,0,26,26,0,18,8,43,26,0,0,false,325,0,0,228,0.7015384615384616,5,153,45,10,18,8,0.3076923076923077,20,15
2024,201,Oklahoma,true,roster_present_with_identifiable_ol,2009,2010,true,evaluable_complete_history_window,,126,126,126,126,125,125,0,0,21,21,0,9,12,12,21,0,1,false,210,0,0,39,0.18571428571428572,2,36,3,0,9,12,0.5714285714285714,20,15
2024,202,Tulsa,true,roster_present_with_identifiable_ol,2009,2010,true,evaluable_complete_history_window,,124,124,124,124,122,121,0,0,17,17,0,8,9,12,17,0,2,false,136,0,0,34,0.25,2,28,6,0,8,9,0.5294117647058824,20,15
2024,204,Oregon State,true,roster_present_with_identifiable_ol,2009,2010,true,evaluable_complete_history_window,,114,114,114,114,114,113,0,0,19,19,0,13,6,25,19,0,0,false,171,0,0,101,0.5906432748538012,4,78,21,1,13,6,0.3157894736842105,20,15
2024,213,Penn State,true,roster_present_with_identifiable_ol,2009,2010,true,evaluable_complete_history_window,,125,125,125,125,125,125,0,0,20,20,0,15,5,29,20,0,0,false,190,0,0,143,0.7526315789473684,4,105,36,1,15,5,0.25,20,15
2024,218,Temple,true,roster_present_with_identifiable_ol,2009,2010,true,evaluable_complete_history_window,,115,115,115,115,112,112,0,0,19,19,0,10,9,22,19,0,3,false,171,0,0,51,0.2982456140350877,2,45,6,0,10,9,0.47368421052631576,20,15
2024,221,Pittsburgh,true,roster_present_with_identifiable_ol,2009,2010,true,evaluable_complete_history_window,,118,118,118,118,118,118,0,0,21,21,0,15,6,33,21,0,0,false,210,0,0,154,0.7333333333333333,4,105,36,10,15,6,0.2857142857142857,20,15
2024,228,Clemson,true,roster_present_with_identifiable_ol,2009,2010,true,evaluable_complete_history_window,,136,136,136,136,136,135,0,0,23,23,0,17,6,40,23,0,0,false,253,0,0,238,0.9407114624505929,4,136,78,21,17,6,0.2608695652173913,20,15
2024,235,Memphis,true,roster_present_with_identifiable_ol,2009,2010,true,evaluable_complete_history_window,,131,131,131,131,129,120,0,0,22,22,0,10,12,20,22,0,2,false,231,0,0,57,0.24675324675324675,4,45,6,3,10,12,0.5454545454545454,20,15
2024,238,Vanderbilt,true,roster_present_with_identifiable_ol,2009,2010,true,evaluable_complete_history_window,,120,120,120,120,120,117,0,0,21,21,0,13,8,25,21,0,0,false,210,0,0,109,0.5190476190476191,3,78,28,3,13,8,0.38095238095238093,20,15
2024,239,Baylor,true,roster_present_with_identifiable_ol,2009,2010,true,evaluable_complete_history_window,,110,110,110,110,110,109,0,0,16,16,0,10,6,17,16,0,0,false,120,0,0,55,0.4583333333333333,2,45,10,0,10,6,0.375,20,15
2024,242,Rice,true,roster_present_with_identifiable_ol,2009,2010,true,evaluable_complete_history_window,,121,121,121,121,121,121,0,0,21,21,0,14,7,27,21,0,0,false,210,0,0,122,0.580952380952381,3,91,28,3,14,7,0.3333333333333333,20,15
2024,245,Texas A&M,true,roster_present_with_identifiable_ol,2009,2010,true,evaluable_complete_history_window,,142,142,142,142,142,142,0,0,22,22,0,11,11,21,22,0,0,false,231,0,0,83,0.3593073593073593,2,55,28,0,11,11,0.5,20,15
2024,248,Houston,true,roster_present_with_identifiable_ol,2009,2010,true,evaluable_complete_history_window,,116,116,116,116,116,116,0,0,16,16,0,6,10,10,16,0,0,false,120,0,0,16,0.13333333333333333,2,15,1,0,6,10,0.625,20,15
2024,249,North Texas,true,roster_present_with_identifiable_ol,2009,2010,true,evaluable_complete_history_window,,122,122,122,122,120,119,0,0,19,19,0,9,10,15,19,0,2,false,171,0,0,40,0.23391812865497075,3,36,3,1,9,10,0.5263157894736842,20,15
2024,251,Texas,true,roster_present_with_identifiable_ol,2009,2010,true,evaluable_complete_history_window,,117,117,117,117,117,117,0,0,20,20,0,17,3,31,20,0,0,false,190,0,0,192,1.0105263157894737,3,136,55,1,17,3,0.15,20,15
2024,252,BYU,true,roster_present_with_identifiable_ol,2009,2010,true,evaluable_complete_history_window,,125,125,125,125,123,121,0,0,21,21,0,12,9,23,21,0,2,false,210,0,0,83,0.3952380952380952,4,66,15,1,12,9,0.42857142857142855,20,15
2024,254,Utah,true,roster_present_with_identifiable_ol,2009,2010,true,evaluable_complete_history_window,,110,110,110,110,109,108,0,0,16,16,0,13,3,38,16,0,1,false,120,0,0,158,1.3166666666666667,5,78,36,28,13,3,0.1875,20,15
2024,256,James Madison,true,roster_present_with_identifiable_ol,2009,2010,true,evaluable_complete_history_window,,120,120,120,120,120,120,0,0,21,21,0,12,9,19,21,0,0,false,210,0,0,87,0.4142857142857143,2,66,21,0,12,9,0.42857142857142855,20,15
2024,258,Virginia,true,roster_present_with_identifiable_ol,2009,2010,true,evaluable_complete_history_window,,128,128,128,128,124,124,0,0,22,22,0,16,6,26,22,0,4,false,231,0,0,165,0.7142857142857143,2,120,45,0,16,6,0.2727272727272727,20,15
2024,259,Virginia Tech,true,roster_present_with_identifiable_ol,2009,2010,true,evaluable_complete_history_window,,112,112,112,112,112,112,0,0,19,19,0,14,5,28,19,0,0,false,171,0,0,138,0.8070175438596491,4,91,45,1,14,5,0.2631578947368421,20,15
2024,264,Washington,true,roster_present_with_identifiable_ol,2009,2010,true,evaluable_complete_history_window,,110,110,110,110,110,110,0,0,17,17,0,9,8,12,17,0,0,false,136,0,0,36,0.2647058823529412,1,36,0,0,9,8,0.47058823529411764,20,15
2024,265,Washington State,true,roster_present_with_identifiable_ol,2009,2010,true,evaluable_complete_history_window,,122,122,122,122,122,122,0,0,20,20,0,15,5,30,20,0,0,false,190,0,0,147,0.7736842105263158,4,105,36,5,15,5,0.25,20,15
2024,275,Wisconsin,true,roster_present_with_identifiable_ol,2009,2010,true,evaluable_complete_history_window,,121,121,121,121,119,117,0,0,20,20,0,12,8,24,20,0,2,false,190,0,0,91,0.4789473684210526,4,66,21,3,12,8,0.4,20,15
2024,276,Marshall,true,roster_present_with_identifiable_ol,2009,2010,true,evaluable_complete_history_window,,117,117,117,117,116,116,0,0,15,15,0,5,10,12,15,0,1,false,105,0,0,16,0.1523809523809524,2,10,6,0,5,10,0.6666666666666666,20,15
2024,277,West Virginia,true,roster_present_with_identifiable_ol,2009,2010,true,evaluable_complete_history_window,,130,130,130,130,128,128,0,0,20,20,0,11,9,30,20,0,2,false,190,0,0,102,0.5368421052631579,5,55,28,15,11,9,0.45,20,15
2024,278,Fresno State,true,roster_present_with_identifiable_ol,2009,2010,true,evaluable_complete_history_window,,117,117,117,117,117,116,0,0,18,18,0,13,5,33,18,0,0,false,153,0,0,139,0.9084967320261438,4,78,45,10,13,5,0.2777777777777778,20,15
2024,290,Georgia Southern,true,roster_present_with_identifiable_ol,2009,2010,true,evaluable_complete_history_window,,124,124,124,124,124,124,0,0,19,19,0,11,8,18,19,0,0,false,171,0,0,62,0.36257309941520466,3,55,6,1,11,8,0.42105263157894735,20,15
2024,295,Old Dominion,true,roster_present_with_identifiable_ol,2009,2010,true,evaluable_complete_history_window,,107,107,107,107,107,107,0,0,20,20,0,12,8,19,20,0,0,false,190,0,0,77,0.4052631578947368,3,66,10,1,12,8,0.4,20,15
2024,309,Louisiana,true,roster_present_with_identifiable_ol,2009,2010,true,evaluable_complete_history_window,,136,136,136,136,135,135,0,0,24,24,0,18,6,41,24,0,1,false,276,0,0,216,0.782608695652174,5,153,36,15,18,6,0.25,20,15
2024,324,Coastal Carolina,true,roster_present_with_identifiable_ol,2009,2010,true,evaluable_complete_history_window,,120,120,120,120,120,119,0,0,21,21,0,11,10,25,21,0,0,false,210,0,0,87,0.4142857142857143,4,55,21,10,11,10,0.47619047619047616,20,15
2024,326,Texas State,true,roster_present_with_identifiable_ol,2009,2010,true,evaluable_complete_history_window,,119,119,119,119,119,119,0,0,19,19,0,12,7,15,19,0,0,false,171,0,0,66,0.38596491228070173,1,66,0,0,12,7,0.3684210526315789,20,15
2024,328,Utah State,true,roster_present_with_identifiable_ol,2009,2010,true,evaluable_complete_history_window,,108,108,108,108,108,103,0,0,16,16,0,12,4,27,16,0,0,false,120,0,0,100,0.8333333333333334,4,66,28,3,12,4,0.25,20,15
2024,333,Alabama,true,roster_present_with_identifiable_ol,2009,2010,true,evaluable_complete_history_window,,133,133,133,133,133,133,0,0,23,23,0,13,10,17,23,0,0,false,253,0,0,84,0.33201581027667987,2,78,6,0,13,10,0.43478260869565216,20,15
2024,338,Kennesaw State,true,roster_present_with_identifiable_ol,2009,2010,true,evaluable_complete_history_window,,125,125,125,125,124,123,0,0,24,24,0,7,17,7,24,0,1,false,276,0,0,21,0.07608695652173914,1,21,0,0,7,17,0.7083333333333334,20,15
2024,344,Mississippi State,true,roster_present_with_identifiable_ol,2009,2010,true,evaluable_complete_history_window,,116,116,116,116,114,114,0,0,18,18,0,8,10,16,18,0,2,false,153,0,0,39,0.2549019607843137,3,28,10,1,8,10,0.5555555555555556,20,15
2024,349,Army,true,roster_present_with_identifiable_ol,2009,2010,true,evaluable_complete_history_window,,182,182,182,182,182,181,0,0,33,33,0,20,13,33,33,0,0,false,528,0,0,228,0.4318181818181818,4,190,36,1,20,13,0.3939393939393939,20,15
2024,356,Illinois,true,roster_present_with_identifiable_ol,2009,2010,true,evaluable_complete_history_window,,118,118,118,118,118,118,0,0,20,20,0,12,8,20,20,0,0,false,190,0,0,77,0.4052631578947368,3,61,15,1,11,8,0.4,20,15
2024,2005,Air Force,true,roster_present_with_identifiable_ol,2009,2010,true,evaluable_complete_history_window,,130,130,130,130,129,128,0,0,21,21,0,12,9,13,21,0,1,false,210,0,0,66,0.3142857142857143,1,66,0,0,12,9,0.42857142857142855,20,15
2024,2006,Akron,true,roster_present_with_identifiable_ol,2009,2010,true,evaluable_complete_history_window,,108,108,108,108,108,108,0,0,20,20,0,9,11,13,20,0,0,false,190,0,0,42,0.22105263157894736,2,36,6,0,9,11,0.55,20,15
2024,2026,App State,true,roster_present_with_identifiable_ol,2009,2010,true,evaluable_complete_history_window,,120,120,120,120,120,119,0,0,20,20,0,10,10,15,20,0,1,false,190,0,0,48,0.25263157894736843,2,45,3,0,10,10,0.5,20,15
2024,2032,Arkansas State,true,roster_present_with_identifiable_ol,2009,2010,true,evaluable_complete_history_window,,123,123,123,123,123,121,0,0,20,20,0,12,8,24,20,0,0,false,190,0,0,97,0.5105263157894737,3,66,28,3,12,8,0.4,20,15
2024,2050,Ball State,true,roster_present_with_identifiable_ol,2009,2010,true,evaluable_complete_history_window,,120,120,120,120,118,118,0,0,19,19,0,15,4,26,19,0,2,false,171,0,0,124,0.7251461988304093,4,105,15,3,15,4,0.21052631578947367,20,15
2024,2084,Buffalo,true,roster_present_with_identifiable_ol,2009,2010,true,evaluable_complete_history_window,,119,119,119,119,119,119,0,0,16,16,0,8,8,22,16,0,0,false,120,0,0,48,0.4,5,28,10,6,8,8,0.5,20,15
2024,2116,UCF,true,roster_present_with_identifiable_ol,2009,2010,true,evaluable_complete_history_window,,119,119,119,119,117,116,0,0,20,20,0,13,7,26,20,0,2,false,190,0,0,99,0.5210526315789473,4,78,15,3,13,7,0.35,20,15
2024,2117,Central Michigan,true,roster_present_with_identifiable_ol,2009,2010,true,evaluable_complete_history_window,,118,118,118,118,118,118,0,0,18,18,0,12,6,21,18,0,0,false,153,0,0,77,0.5032679738562091,3,66,10,1,12,6,0.3333333333333333,20,15
2024,2132,Cincinnati,true,roster_present_with_identifiable_ol,2009,2010,true,evaluable_complete_history_window,,116,116,116,116,116,115,0,0,16,16,0,11,5,18,16,0,0,false,120,0,0,65,0.5416666666666666,2,55,10,0,11,5,0.3125,20,15
2024,2199,Eastern Michigan,true,roster_present_with_identifiable_ol,2009,2010,true,evaluable_complete_history_window,,121,121,121,121,119,119,0,0,21,21,0,13,8,30,21,0,2,false,210,0,0,130,0.6190476190476191,4,78,45,6,13,8,0.38095238095238093,20,15
2024,2226,Florida Atlantic,true,roster_present_with_identifiable_ol,2009,2010,true,evaluable_complete_history_window,,117,117,117,117,114,113,0,0,23,23,0,11,12,26,23,0,3,false,253,0,0,82,0.3241106719367589,4,55,15,6,11,12,0.5217391304347826,20,15
2024,2229,Florida International,true,roster_present_with_identifiable_ol,2009,2010,true,evaluable_complete_history_window,,112,112,112,112,110,108,0,0,20,20,0,14,6,22,20,0,2,false,190,0,0,112,0.5894736842105263,2,91,21,0,14,6,0.3,20,15
2024,2247,Georgia State,true,roster_present_with_identifiable_ol,2009,2010,true,evaluable_complete_history_window,,112,112,112,112,112,111,0,0,19,19,0,6,13,15,19,0,0,false,171,0,0,25,0.14619883040935672,4,15,6,3,6,13,0.6842105263157895,20,15
2024,2294,Iowa,true,roster_present_with_identifiable_ol,2009,2010,true,evaluable_complete_history_window,,130,130,130,130,130,130,0,0,22,22,0,17,5,43,22,0,0,false,231,0,0,240,1.0389610389610389,4,136,66,28,17,5,0.22727272727272727,20,15
2024,2305,Kansas,true,roster_present_with_identifiable_ol,2009,2010,true,evaluable_complete_history_window,,125,125,125,125,125,124,0,0,22,22,0,11,11,23,22,0,0,false,231,0,0,86,0.3722943722943723,3,55,28,3,11,11,0.5,20,15
2024,2306,Kansas State,true,roster_present_with_identifiable_ol,2009,2010,true,evaluable_complete_history_window,,124,124,124,124,123,120,0,0,20,20,0,13,7,30,20,0,1,false,190,0,0,125,0.6578947368421053,4,78,36,10,13,7,0.35,20,15
2024,2309,Kent State,true,roster_present_with_identifiable_ol,2009,2010,true,evaluable_complete_history_window,,116,116,116,116,113,112,0,0,14,14,0,10,4,14,14,0,3,false,91,0,0,51,0.5604395604395604,2,45,6,0,10,4,0.2857142857142857,20,15
2024,2335,Liberty,true,roster_present_with_identifiable_ol,2009,2010,true,evaluable_complete_history_window,,118,118,118,118,118,118,0,0,19,19,0,10,9,16,19,0,0,false,171,0,0,52,0.30409356725146197,3,45,6,1,10,9,0.47368421052631576,20,15
2024,2348,Louisiana Tech,true,roster_present_with_identifiable_ol,2009,2010,true,evaluable_complete_history_window,,116,116,116,116,115,115,0,0,18,18,0,11,7,21,18,0,1,false,153,0,0,69,0.45098039215686275,4,55,10,3,11,7,0.3888888888888889,20,15
2024,2390,Miami,true,roster_present_with_identifiable_ol,2009,2010,true,evaluable_complete_history_window,,126,126,126,126,122,120,0,0,19,19,0,12,7,21,19,0,4,false,171,0,0,82,0.47953216374269003,3,66,15,1,12,7,0.3684210526315789,20,15
2024,2393,Middle Tennessee,true,roster_present_with_identifiable_ol,2009,2010,true,evaluable_complete_history_window,,118,118,118,118,118,117,0,0,18,18,0,8,10,13,18,0,0,false,153,0,0,34,0.2222222222222222,2,28,6,0,8,10,0.5555555555555556,20,15
2024,2426,Navy,true,roster_present_with_identifiable_ol,2009,2010,true,evaluable_complete_history_window,,185,185,185,185,185,184,0,0,33,33,0,19,14,30,33,0,0,false,528,0,0,226,0.42803030303030304,2,171,55,0,19,14,0.42424242424242425,20,15
2024,2429,Charlotte,true,roster_present_with_identifiable_ol,2009,2010,true,evaluable_complete_history_window,,118,118,118,118,118,117,0,0,18,18,0,8,10,14,18,0,0,false,153,0,0,34,0.2222222222222222,2,28,6,0,8,10,0.5555555555555556,20,15
2024,2433,UL Monroe,true,roster_present_with_identifiable_ol,2009,2010,true,evaluable_complete_history_window,,122,122,122,122,122,119,0,0,18,18,0,7,11,14,18,0,0,false,153,0,0,31,0.20261437908496732,2,21,10,0,7,11,0.6111111111111112,20,15
2024,2439,UNLV,true,roster_present_with_identifiable_ol,2009,2010,true,evaluable_complete_history_window,,115,115,115,115,113,113,0,0,20,20,0,14,6,23,20,0,2,false,190,0,0,103,0.5421052631578948,3,91,6,6,14,6,0.3,20,15
2024,2440,Nevada,true,roster_present_with_identifiable_ol,2009,2010,true,evaluable_complete_history_window,,110,110,110,110,110,110,0,0,16,16,0,9,7,16,16,0,0,false,120,0,0,46,0.38333333333333336,2,36,10,0,9,7,0.4375,20,15
2024,2459,Northern Illinois,true,roster_present_with_identifiable_ol,2009,2010,true,evaluable_complete_history_window,,122,122,122,122,121,121,0,0,22,22,0,16,6,40,22,0,1,false,231,0,0,197,0.8528138528138528,5,120,45,21,16,6,0.2727272727272727,20,15
2024,2483,Oregon,true,roster_present_with_identifiable_ol,2009,2010,true,evaluable_complete_history_window,,126,126,126,126,126,125,0,0,23,23,0,18,5,31,23,0,0,false,253,0,0,192,0.758893280632411,3,153,36,3,18,5,0.21739130434782608,20,15
2024,2509,Purdue,true,roster_present_with_identifiable_ol,2009,2010,true,evaluable_complete_history_window,,121,121,121,121,121,121,0,0,23,23,0,11,12,18,23,0,0,false,253,0,0,65,0.25691699604743085,2,55,10,0,11,12,0.5217391304347826,20,15
2024,2534,Sam Houston,true,roster_present_with_identifiable_ol,2009,2010,true,evaluable_complete_history_window,,118,118,118,118,117,116,0,0,16,16,0,11,5,15,16,0,1,false,120,0,0,61,0.5083333333333333,2,55,6,0,11,5,0.3125,20,15
2024,2567,SMU,true,roster_present_with_identifiable_ol,2009,2010,true,evaluable_complete_history_window,,126,126,126,126,125,123,0,0,22,22,0,14,8,24,22,0,1,false,231,0,0,105,0.45454545454545453,4,91,10,3,14,8,0.36363636363636365,20,15
2024,2572,Southern Miss,true,roster_present_with_identifiable_ol,2009,2010,true,evaluable_complete_history_window,,115,115,115,115,115,115,0,0,15,15,0,8,7,13,15,0,0,false,105,0,0,38,0.3619047619047619,2,28,10,0,8,7,0.4666666666666667,20,15
2024,2579,South Carolina,true,roster_present_with_identifiable_ol,2009,2010,true,evaluable_complete_history_window,,120,120,120,120,120,118,0,0,20,20,0,12,8,23,20,0,0,false,190,0,0,83,0.4368421052631579,4,66,15,1,12,8,0.4,20,15
2024,2628,TCU,true,roster_present_with_identifiable_ol,2009,2010,true,evaluable_complete_history_window,,129,129,129,129,129,129,0,0,22,22,0,11,11,19,22,0,0,false,231,0,0,70,0.30303030303030304,2,55,15,0,11,11,0.5,20,15
2024,2633,Tennessee,true,roster_present_with_identifiable_ol,2009,2010,true,evaluable_complete_history_window,,123,123,123,123,123,123,0,0,20,20,0,13,7,30,20,0,0,false,190,0,0,112,0.5894736842105263,5,78,21,6,13,7,0.35,20,15
2024,2636,UTSA,true,roster_present_with_identifiable_ol,2009,2010,true,evaluable_complete_history_window,,119,119,119,119,118,118,0,0,20,20,0,10,10,24,20,0,1,false,190,0,0,72,0.37894736842105264,4,45,21,3,10,10,0.5,20,15
2024,2638,UTEP,true,roster_present_with_identifiable_ol,2009,2010,true,evaluable_complete_history_window,,111,111,111,111,109,108,0,0,18,18,0,11,7,20,18,0,2,false,153,0,0,68,0.4444444444444444,3,55,10,3,11,7,0.3888888888888889,20,15
2024,2641,Texas Tech,true,roster_present_with_identifiable_ol,2009,2010,true,evaluable_complete_history_window,,123,123,123,123,122,118,0,0,22,22,0,11,11,18,22,0,1,false,231,0,0,65,0.2813852813852814,2,55,10,0,11,11,0.5,20,15
2024,2649,Toledo,true,roster_present_with_identifiable_ol,2009,2010,true,evaluable_complete_history_window,,119,119,119,119,119,113,0,0,20,20,0,11,9,16,20,0,0,false,190,0,0,61,0.32105263157894737,2,55,6,0,11,9,0.45,20,15
2024,2653,Troy,true,roster_present_with_identifiable_ol,2009,2010,true,evaluable_complete_history_window,,121,121,121,121,121,120,0,0,18,18,0,10,8,13,18,0,0,false,153,0,0,48,0.3137254901960784,2,45,3,0,10,8,0.4444444444444444,20,15
2024,2655,Tulane,true,roster_present_with_identifiable_ol,2009,2010,true,evaluable_complete_history_window,,120,120,120,120,120,119,0,0,18,18,0,7,11,21,18,0,0,false,153,0,0,43,0.28104575163398693,4,21,10,6,7,11,0.6111111111111112,20,15
2024,2711,Western Michigan,true,roster_present_with_identifiable_ol,2009,2010,true,evaluable_complete_history_window,,113,113,113,113,112,112,0,0,20,20,0,12,8,31,20,0,1,false,190,0,0,109,0.5736842105263158,5,66,28,6,12,8,0.4,20,15
2024,2751,Wyoming,true,roster_present_with_identifiable_ol,2009,2010,true,evaluable_complete_history_window,,120,120,120,120,120,120,0,0,20,20,0,14,6,26,20,0,0,false,190,0,0,118,0.6210526315789474,3,91,21,6,14,6,0.3,20,15
2025,2,Auburn,true,roster_present_with_identifiable_ol,2009,2010,true,evaluable_complete_history_window,,116,116,116,116,116,116,0,0,20,20,0,12,8,22,20,0,4,false,190,0,0,87,0.45789473684210524,2,66,21,0,12,8,0.4,21,16
2025,5,UAB,true,roster_present_with_identifiable_ol,2009,2010,true,evaluable_complete_history_window,,106,106,106,106,106,106,0,0,19,19,0,10,9,17,19,0,0,false,171,0,0,52,0.30409356725146197,3,45,6,1,10,9,0.47368421052631576,21,16
2025,6,South Alabama,true,roster_present_with_identifiable_ol,2009,2010,true,evaluable_complete_history_window,,117,117,117,117,117,117,0,0,22,22,0,12,10,23,22,0,0,false,231,0,0,93,0.4025974025974026,3,66,21,6,12,10,0.45454545454545453,21,16
2025,8,Arkansas,true,roster_present_with_identifiable_ol,2009,2010,true,evaluable_complete_history_window,,115,115,115,115,115,115,0,0,21,21,0,9,12,14,21,0,0,false,210,0,0,40,0.19047619047619047,3,36,3,1,9,12,0.5714285714285714,21,16
2025,9,Arizona State,true,roster_present_with_identifiable_ol,2009,2010,true,evaluable_complete_history_window,,108,108,108,108,108,108,0,0,20,20,0,10,10,15,20,0,0,false,190,0,0,55,0.2894736842105263,2,45,10,0,10,10,0.5,21,16
2025,12,Arizona,true,roster_present_with_identifiable_ol,2009,2010,true,evaluable_complete_history_window,,111,111,111,111,111,111,0,0,21,21,0,8,13,12,21,0,0,false,210,0,0,31,0.14761904761904762,2,28,3,0,8,13,0.6190476190476191,21,16
2025,21,San Diego State,true,roster_present_with_identifiable_ol,2009,2010,true,evaluable_complete_history_window,,105,105,105,105,105,105,0,0,15,15,0,4,11,8,15,0,0,false,105,0,0,8,0.0761904761904762,3,6,1,1,4,11,0.7333333333333333,21,16
2025,23,San José State,true,roster_present_with_identifiable_ol,2009,2010,true,evaluable_complete_history_window,,103,103,103,103,103,103,0,0,24,24,0,21,3,37,24,0,0,false,276,0,0,271,0.9818840579710145,3,210,55,6,21,3,0.125,21,16
2025,24,Stanford,true,roster_present_with_identifiable_ol,2009,2010,true,evaluable_complete_history_window,,108,108,108,108,108,108,0,0,16,16,0,9,7,16,16,0,0,false,120,0,0,43,0.35833333333333334,3,36,6,1,9,7,0.4375,21,16
2025,25,California,true,roster_present_with_identifiable_ol,2009,2010,true,evaluable_complete_history_window,,114,114,114,114,114,114,0,0,20,20,0,10,10,19,20,0,0,false,190,0,0,58,0.30526315789473685,3,45,10,3,10,10,0.5,21,16
2025,26,UCLA,true,roster_present_with_identifiable_ol,2009,2010,true,evaluable_complete_history_window,,107,107,107,107,107,107,0,0,18,18,0,11,7,25,18,0,0,false,153,0,0,83,0.5424836601307189,4,55,15,10,11,7,0.3888888888888889,21,16
2025,30,USC,true,roster_present_with_identifiable_ol,2009,2010,true,evaluable_complete_history_window,,114,114,114,114,114,114,0,0,20,20,0,11,9,18,20,0,0,false,190,0,0,70,0.3684210526315789,2,55,15,0,11,9,0.45,21,16
2025,36,Colorado State,true,roster_present_with_identifiable_ol,2009,2010,true,evaluable_complete_history_window,,108,108,108,108,108,108,0,0,17,17,0,10,7,17,17,0,0,false,136,0,0,56,0.4117647058823529,3,45,10,1,10,7,0.4117647058823529,21,16
2025,38,Colorado,true,roster_present_with_identifiable_ol,2009,2010,true,evaluable_complete_history_window,,105,105,105,105,105,105,0,0,17,17,0,5,12,7,17,0,1,false,136,0,0,11,0.08088235294117647,2,10,1,0,5,12,0.7058823529411765,21,16
2025,41,UConn,true,roster_present_with_identifiable_ol,2009,2010,true,evaluable_complete_history_window,,118,118,118,118,118,118,0,0,19,19,0,14,5,27,19,0,0,false,171,0,0,125,0.7309941520467836,3,91,28,6,14,5,0.2631578947368421,21,16
2025,48,Delaware,true,roster_present_with_identifiable_ol,2009,2010,true,evaluable_complete_history_window,,111,111,111,111,111,111,0,0,16,16,0,6,10,8,16,0,0,false,120,0,0,15,0.125,1,15,0,0,6,10,0.625,21,16
2025,52,Florida State,true,roster_present_with_identifiable_ol,2009,2010,true,evaluable_complete_history_window,,108,108,108,108,108,108,0,0,19,19,0,9,10,14,19,0,0,false,171,0,0,39,0.22807017543859648,2,36,3,0,9,10,0.5263157894736842,21,16
2025,55,Jacksonville State,true,roster_present_with_identifiable_ol,2009,2010,true,evaluable_complete_history_window,,121,121,121,121,121,121,0,0,18,18,0,11,7,14,18,0,0,false,153,0,0,58,0.3790849673202614,2,55,3,0,11,7,0.3888888888888889,21,16
2025,57,Florida,true,roster_present_with_identifiable_ol,2009,2010,true,evaluable_complete_history_window,,120,120,120,120,120,120,0,0,19,19,0,15,4,30,19,0,0,false,171,0,0,142,0.8304093567251462,4,105,28,6,15,4,0.21052631578947367,21,16
2025,58,South Florida,true,roster_present_with_identifiable_ol,2009,2010,true,evaluable_complete_history_window,,118,118,118,118,118,118,0,0,19,19,0,12,7,21,19,0,0,false,171,0,0,88,0.5146198830409356,3,66,21,1,12,7,0.3684210526315789,21,16
2025,59,Georgia Tech,true,roster_present_with_identifiable_ol,2009,2010,true,evaluable_complete_history_window,,108,108,108,108,108,108,0,0,19,19,0,10,9,17,19,0,3,false,171,0,0,52,0.30409356725146197,3,45,6,1,10,9,0.47368421052631576,21,16
2025,61,Georgia,true,roster_present_with_identifiable_ol,2009,2010,true,evaluable_complete_history_window,,132,132,132,132,132,132,0,0,20,20,0,14,6,25,20,0,0,false,190,0,0,115,0.6052631578947368,3,91,21,3,14,6,0.3,21,16
2025,62,Hawai'i,true,roster_present_with_identifiable_ol,2009,2010,true,evaluable_complete_history_window,,113,113,113,113,113,113,0,0,18,18,0,11,7,21,18,0,0,false,153,0,0,73,0.477124183006536,3,55,15,3,11,7,0.3888888888888889,21,16
2025,66,Iowa State,true,roster_present_with_identifiable_ol,2009,2010,true,evaluable_complete_history_window,,121,121,121,121,121,121,0,0,21,21,0,14,7,36,21,0,0,false,210,0,0,167,0.7952380952380952,4,91,45,28,14,7,0.3333333333333333,21,16
2025,68,Boise State,true,roster_present_with_identifiable_ol,2009,2010,true,evaluable_complete_history_window,,109,109,109,109,109,109,0,0,21,21,0,16,5,31,21,0,0,false,210,0,0,175,0.8333333333333334,3,120,45,10,16,5,0.23809523809523808,21,16
2025,77,Northwestern,true,roster_present_with_identifiable_ol,2009,2010,true,evaluable_complete_history_window,,112,112,112,112,112,112,0,0,19,19,0,12,7,23,19,0,0,false,171,0,0,83,0.4853801169590643,4,66,10,6,12,7,0.3684210526315789,21,16
2025,84,Indiana,true,roster_present_with_identifiable_ol,2009,2010,true,evaluable_complete_history_window,,106,106,106,106,106,106,0,0,15,15,0,9,6,19,15,0,0,false,105,0,0,44,0.41904761904761906,3,32,9,3,8,6,0.4,21,16
2025,87,Notre Dame,true,roster_present_with_identifiable_ol,2009,2010,true,evaluable_complete_history_window,,114,114,114,114,114,114,0,0,18,18,0,14,4,25,18,0,0,false,153,0,0,122,0.7973856209150327,3,91,28,3,14,4,0.2222222222222222,21,16
2025,96,Kentucky,true,roster_present_with_identifiable_ol,2009,2010,true,evaluable_complete_history_window,,114,114,114,114,114,114,0,0,20,20,0,7,13,12,20,0,0,false,190,0,0,24,0.12631578947368421,2,21,3,0,7,13,0.65,21,16
2025,97,Louisville,true,roster_present_with_identifiable_ol,2009,2010,true,evaluable_complete_history_window,,109,109,109,109,109,108,0,0,20,20,0,11,9,14,20,0,0,false,190,0,0,42,0.22105263157894736,2,41,1,0,9,9,0.45,21,16
2025,98,Western Kentucky,true,roster_present_with_identifiable_ol,2009,2010,true,evaluable_complete_history_window,,104,104,104,104,104,104,0,0,15,15,0,3,12,5,15,0,0,false,105,0,0,3,0.02857142857142857,1,3,0,0,3,12,0.8,21,16
2025,99,LSU,true,roster_present_with_identifiable_ol,2009,2010,true,evaluable_complete_history_window,,112,112,112,112,111,111,0,0,18,18,0,11,7,18,18,0,1,false,153,0,0,70,0.45751633986928103,2,55,15,0,11,7,0.3888888888888889,21,16
2025,103,Boston College,true,roster_present_with_identifiable_ol,2009,2010,true,evaluable_complete_history_window,,124,124,124,124,124,124,0,0,17,17,0,13,4,29,17,0,0,false,136,0,0,114,0.8382352941176471,5,78,28,6,13,4,0.23529411764705882,21,16
2025,113,Massachusetts,true,roster_present_with_identifiable_ol,2009,2010,true,evaluable_complete_history_window,,98,98,98,98,97,97,0,0,17,17,0,10,7,15,17,0,1,false,136,0,0,49,0.3602941176470588,3,45,3,1,10,7,0.4117647058823529,21,16
2025,120,Maryland,true,roster_present_with_identifiable_ol,2009,2010,true,evaluable_complete_history_window,,105,105,105,105,105,105,0,0,17,17,0,10,7,10,17,0,0,false,136,0,0,45,0.33088235294117646,1,45,0,0,10,7,0.4117647058823529,21,16
2025,127,Michigan State,true,roster_present_with_identifiable_ol,2009,2010,true,evaluable_complete_history_window,,120,120,120,120,120,120,0,0,21,21,0,13,8,22,21,0,1,false,210,0,0,96,0.45714285714285713,3,78,15,3,13,8,0.38095238095238093,21,16
2025,130,Michigan,true,roster_present_with_identifiable_ol,2009,2010,true,evaluable_complete_history_window,,119,119,119,119,119,119,0,0,20,20,0,14,6,28,20,0,0,false,190,0,0,123,0.6473684210526316,4,91,25,6,14,6,0.3,21,16
2025,135,Minnesota,true,roster_present_with_identifiable_ol,2009,2010,true,evaluable_complete_history_window,,110,110,110,110,110,110,0,0,17,17,0,9,8,18,17,0,0,false,136,0,0,54,0.39705882352941174,3,36,15,3,9,8,0.47058823529411764,21,16
2025,142,Missouri,true,roster_present_with_identifiable_ol,2009,2010,true,evaluable_complete_history_window,,108,108,108,108,108,105,0,0,19,19,0,11,8,20,19,0,0,false,171,0,0,68,0.39766081871345027,3,55,10,3,11,8,0.42105263157894735,21,16
2025,145,Ole Miss,true,roster_present_with_identifiable_ol,2009,2010,true,evaluable_complete_history_window,,119,119,119,119,119,119,0,0,18,18,0,8,10,13,18,0,0,false,153,0,0,31,0.20261437908496732,2,28,3,0,8,10,0.5555555555555556,21,16
2025,150,Duke,true,roster_present_with_identifiable_ol,2009,2010,true,evaluable_complete_history_window,,103,103,103,103,103,103,0,0,19,19,0,11,8,20,19,0,0,false,171,0,0,68,0.39766081871345027,3,55,10,3,11,8,0.42105263157894735,21,16
2025,151,East Carolina,true,roster_present_with_identifiable_ol,2009,2010,true,evaluable_complete_history_window,,124,124,124,124,124,124,0,0,23,23,0,10,13,19,23,0,0,false,253,0,0,63,0.2490118577075099,3,45,15,3,10,13,0.5652173913043478,21,16
2025,152,NC State,true,roster_present_with_identifiable_ol,2009,2010,true,evaluable_complete_history_window,,126,126,126,126,126,126,0,0,22,22,0,12,10,30,22,0,1,false,231,0,0,114,0.4935064935064935,5,66,36,10,12,10,0.45454545454545453,21,16
2025,153,North Carolina,true,roster_present_with_identifiable_ol,2009,2010,true,evaluable_complete_history_window,,109,109,109,109,108,108,0,0,17,17,0,6,11,10,17,0,1,false,136,0,0,17,0.125,3,15,1,1,6,11,0.6470588235294118,21,16
2025,154,Wake Forest,true,roster_present_with_identifiable_ol,2009,2010,true,evaluable_complete_history_window,,121,121,121,121,121,115,0,0,20,20,0,9,11,20,20,0,0,false,190,0,0,54,0.28421052631578947,3,36,15,3,9,11,0.55,21,16
2025,158,Nebraska,true,roster_present_with_identifiable_ol,2009,2010,true,evaluable_complete_history_window,,125,125,125,125,125,125,0,0,22,22,0,16,6,34,22,0,0,false,231,0,0,174,0.7532467532467533,4,120,45,6,16,6,0.2727272727272727,21,16
2025,164,Rutgers,true,roster_present_with_identifiable_ol,2009,2010,true,evaluable_complete_history_window,,133,133,133,133,133,133,0,0,24,24,0,15,9,38,24,0,0,false,276,0,0,197,0.7137681159420289,4,105,55,36,15,9,0.375,21,16
2025,166,New Mexico State,true,roster_present_with_identifiable_ol,2009,2010,true,evaluable_complete_history_window,,108,108,108,108,108,108,0,0,18,18,0,6,12,11,18,0,0,false,153,0,0,18,0.11764705882352941,2,15,3,0,6,12,0.6666666666666666,21,16
2025,167,New Mexico,true,roster_present_with_identifiable_ol,2009,2010,true,evaluable_complete_history_window,,109,109,109,109,109,109,0,0,22,22,0,8,14,11,22,0,0,false,231,0,0,29,0.12554112554112554,2,28,1,0,8,14,0.6363636363636364,21,16
2025,183,Syracuse,true,roster_present_with_identifiable_ol,2009,2010,true,evaluable_complete_history_window,,127,127,127,127,127,127,0,0,24,24,0,9,15,23,24,0,1,false,276,0,0,59,0.213768115942029,5,36,15,6,9,15,0.625,21,16
2025,189,Bowling Green,true,roster_present_with_identifiable_ol,2009,2010,true,evaluable_complete_history_window,,108,108,108,108,108,108,0,0,16,16,0,10,6,25,16,0,0,false,120,0,0,79,0.6583333333333333,4,45,21,10,10,6,0.375,21,16
2025,193,Miami (OH),true,roster_present_with_identifiable_ol,2009,2010,true,evaluable_complete_history_window,,112,112,112,112,112,112,0,0,16,16,0,10,6,22,16,0,0,false,120,0,0,76,0.6333333333333333,3,45,21,10,10,6,0.375,21,16
2025,194,Ohio State,true,roster_present_with_identifiable_ol,2009,2010,true,evaluable_complete_history_window,,120,120,120,120,120,120,0,0,19,19,0,10,9,18,19,0,0,false,171,0,0,61,0.3567251461988304,3,45,15,1,10,9,0.47368421052631576,21,16
2025,195,Ohio,true,roster_present_with_identifiable_ol,2009,2010,true,evaluable_complete_history_window,,112,112,112,112,112,112,0,0,18,18,0,12,6,24,18,0,0,false,153,0,0,80,0.5228758169934641,3,60,14,6,11,6,0.3333333333333333,21,16
2025,197,Oklahoma State,true,roster_present_with_identifiable_ol,2009,2010,true,evaluable_complete_history_window,,115,115,115,115,115,114,0,0,21,21,0,10,11,19,21,0,0,false,210,0,0,60,0.2857142857142857,3,38,21,1,9,11,0.5238095238095238,21,16
2025,201,Oklahoma,true,roster_present_with_identifiable_ol,2009,2010,true,evaluable_complete_history_window,,111,111,111,111,111,111,0,0,19,19,0,11,8,20,19,0,0,false,171,0,0,73,0.4269005847953216,3,55,15,3,11,8,0.42105263157894735,21,16
2025,202,Tulsa,true,roster_present_with_identifiable_ol,2009,2010,true,evaluable_complete_history_window,,107,107,107,107,106,105,0,0,18,18,0,6,12,8,18,0,1,false,153,0,0,16,0.10457516339869281,2,15,1,0,6,12,0.6666666666666666,21,16
2025,204,Oregon State,true,roster_present_with_identifiable_ol,2009,2010,true,evaluable_complete_history_window,,115,115,115,115,115,114,0,0,21,21,0,14,7,29,21,0,0,false,210,0,0,133,0.6333333333333333,3,91,36,6,14,7,0.3333333333333333,21,16
2025,213,Penn State,true,roster_present_with_identifiable_ol,2009,2010,true,evaluable_complete_history_window,,127,127,127,127,127,127,0,0,24,24,0,17,7,38,24,0,0,false,276,0,0,223,0.8079710144927537,3,136,66,21,17,7,0.2916666666666667,21,16
2025,218,Temple,true,roster_present_with_identifiable_ol,2009,2010,true,evaluable_complete_history_window,,116,116,116,116,115,115,0,0,18,18,0,14,4,28,18,0,1,false,153,0,0,113,0.738562091503268,3,91,21,1,14,4,0.2222222222222222,21,16
2025,221,Pittsburgh,true,roster_present_with_identifiable_ol,2009,2010,true,evaluable_complete_history_window,,116,116,116,116,116,116,0,0,19,19,0,10,9,18,19,0,0,false,171,0,0,61,0.3567251461988304,3,45,15,1,10,9,0.47368421052631576,21,16
2025,228,Clemson,true,roster_present_with_identifiable_ol,2009,2010,true,evaluable_complete_history_window,,126,126,126,126,126,126,0,0,22,22,0,15,7,37,22,0,0,false,231,0,0,177,0.7662337662337663,4,105,45,21,15,7,0.3181818181818182,21,16
2025,235,Memphis,true,roster_present_with_identifiable_ol,2009,2010,true,evaluable_complete_history_window,,121,121,121,121,121,121,0,0,20,20,0,8,12,12,20,0,0,false,190,0,0,31,0.1631578947368421,2,28,3,0,8,12,0.6,21,16
2025,238,Vanderbilt,true,roster_present_with_identifiable_ol,2009,2010,true,evaluable_complete_history_window,,113,113,113,113,113,113,0,0,18,18,0,11,7,23,18,0,0,false,153,0,0,79,0.5163398692810458,3,55,21,3,11,7,0.3888888888888889,21,16
2025,239,Baylor,true,roster_present_with_identifiable_ol,2009,2010,true,evaluable_complete_history_window,,117,117,117,117,117,117,0,0,18,18,0,12,6,22,18,0,1,false,153,0,0,90,0.5882352941176471,3,66,21,3,12,6,0.3333333333333333,21,16
2025,242,Rice,true,roster_present_with_identifiable_ol,2009,2010,true,evaluable_complete_history_window,,107,107,107,107,106,106,0,0,19,19,0,12,7,26,19,0,1,false,171,0,0,108,0.631578947368421,3,66,36,6,12,7,0.3684210526315789,21,16
2025,245,Texas A&M,true,roster_present_with_identifiable_ol,2009,2010,true,evaluable_complete_history_window,,133,133,133,133,133,133,0,0,20,20,0,14,6,25,20,0,0,false,190,0,0,116,0.6105263157894737,3,91,15,10,14,6,0.3,21,16
2025,248,Houston,true,roster_present_with_identifiable_ol,2009,2010,true,evaluable_complete_history_window,,111,111,111,111,111,111,0,0,17,17,0,8,9,12,17,0,0,false,136,0,0,31,0.22794117647058823,2,28,3,0,8,9,0.5294117647058824,21,16
2025,249,North Texas,true,roster_present_with_identifiable_ol,2009,2010,true,evaluable_complete_history_window,,115,115,115,115,115,115,0,0,21,21,0,9,12,16,21,0,0,false,210,0,0,46,0.21904761904761905,2,36,10,0,9,12,0.5714285714285714,21,16
2025,251,Texas,true,roster_present_with_identifiable_ol,2009,2010,true,evaluable_complete_history_window,,111,111,111,111,111,111,0,0,18,18,0,14,4,30,18,0,0,false,153,0,0,156,1.0196078431372548,3,91,55,10,14,4,0.2222222222222222,21,16
2025,252,BYU,true,roster_present_with_identifiable_ol,2009,2010,true,evaluable_complete_history_window,,115,115,115,115,115,115,0,0,19,19,0,12,7,21,19,0,0,false,171,0,0,84,0.49122807017543857,3,66,15,3,12,7,0.3684210526315789,21,16
2025,254,Utah,true,roster_present_with_identifiable_ol,2009,2010,true,evaluable_complete_history_window,,116,116,116,116,116,116,0,0,18,18,0,12,6,36,18,0,0,false,153,0,0,139,0.9084967320261438,5,66,45,15,12,6,0.3333333333333333,21,16
2025,256,James Madison,true,roster_present_with_identifiable_ol,2009,2010,true,evaluable_complete_history_window,,113,113,113,113,113,112,0,0,20,20,0,11,9,21,20,0,0,false,190,0,0,76,0.4,3,55,15,6,11,9,0.45,21,16
2025,258,Virginia,true,roster_present_with_identifiable_ol,2009,2010,true,evaluable_complete_history_window,,123,123,123,123,123,123,0,0,25,25,0,14,11,27,25,0,0,false,300,0,0,129,0.43,3,91,28,10,14,11,0.44,21,16
2025,259,Virginia Tech,true,roster_present_with_identifiable_ol,2009,2010,true,evaluable_complete_history_window,,113,113,113,113,112,112,0,0,16,16,0,8,8,14,16,0,1,false,120,0,0,35,0.2916666666666667,3,28,6,1,8,8,0.5,21,16
2025,264,Washington,true,roster_present_with_identifiable_ol,2009,2010,true,evaluable_complete_history_window,,105,105,105,105,105,104,0,0,18,18,0,12,6,21,18,0,0,false,153,0,0,76,0.49673202614379086,2,61,15,0,11,6,0.3333333333333333,21,16
2025,265,Washington State,true,roster_present_with_identifiable_ol,2009,2010,true,evaluable_complete_history_window,,119,119,119,119,119,119,0,0,20,20,0,9,11,20,20,0,0,false,190,0,0,60,0.3157894736842105,3,36,21,3,9,11,0.55,21,16
2025,275,Wisconsin,true,roster_present_with_identifiable_ol,2009,2010,true,evaluable_complete_history_window,,116,116,116,116,116,116,0,0,21,21,0,15,6,32,21,0,0,false,210,0,0,149,0.7095238095238096,4,105,28,15,15,6,0.2857142857142857,21,16
2025,276,Marshall,true,roster_present_with_identifiable_ol,2009,2010,true,evaluable_complete_history_window,,106,106,106,106,106,106,0,0,20,20,0,6,14,13,20,0,0,false,190,0,0,24,0.12631578947368421,3,15,6,3,6,14,0.7,21,16
2025,277,West Virginia,true,roster_present_with_identifiable_ol,2009,2010,true,evaluable_complete_history_window,,125,125,125,125,125,125,0,0,21,21,0,7,14,11,21,0,0,false,210,0,0,24,0.11428571428571428,2,21,3,0,7,14,0.6666666666666666,21,16
2025,278,Fresno State,true,roster_present_with_identifiable_ol,2009,2010,true,evaluable_complete_history_window,,113,113,113,113,113,113,0,0,20,20,0,12,8,30,20,0,0,false,190,0,0,111,0.5842105263157895,5,66,28,15,12,8,0.4,21,16
2025,290,Georgia Southern,true,roster_present_with_identifiable_ol,2009,2010,true,evaluable_complete_history_window,,117,117,117,117,117,117,0,0,20,20,0,15,5,30,20,0,0,false,190,0,0,140,0.7368421052631579,4,105,28,6,15,5,0.25,21,16
2025,295,Old Dominion,true,roster_present_with_identifiable_ol,2009,2010,true,evaluable_complete_history_window,,113,113,113,113,113,113,0,0,19,19,0,11,8,23,19,0,0,false,171,0,0,82,0.47953216374269003,3,55,21,6,11,8,0.42105263157894735,21,16
2025,309,Louisiana,true,roster_present_with_identifiable_ol,2009,2010,true,evaluable_complete_history_window,,108,108,108,108,107,107,0,0,18,18,0,15,3,36,18,0,1,false,153,0,0,173,1.130718954248366,4,105,55,10,15,3,0.16666666666666666,21,16
2025,324,Coastal Carolina,true,roster_present_with_identifiable_ol,2009,2010,true,evaluable_complete_history_window,,108,108,108,108,107,107,0,0,18,18,0,11,7,21,18,0,1,false,153,0,0,69,0.45098039215686275,4,55,10,3,11,7,0.3888888888888889,21,16
2025,326,Texas State,true,roster_present_with_identifiable_ol,2009,2010,true,evaluable_complete_history_window,,112,112,112,112,112,112,0,0,19,19,0,10,9,15,19,0,0,false,171,0,0,55,0.3216374269005848,2,45,10,0,10,9,0.47368421052631576,21,16
2025,328,Utah State,true,roster_present_with_identifiable_ol,2009,2010,true,evaluable_complete_history_window,,109,109,109,109,109,88,0,0,18,18,0,10,8,19,18,0,0,false,153,0,0,63,0.4117647058823529,3,45,15,3,10,8,0.4444444444444444,21,16
2025,333,Alabama,true,roster_present_with_identifiable_ol,2009,2010,true,evaluable_complete_history_window,,127,127,127,127,126,126,0,0,24,24,0,17,7,29,24,0,1,false,276,0,0,182,0.6594202898550725,3,136,45,1,17,7,0.2916666666666667,21,16
2025,338,Kennesaw State,true,roster_present_with_identifiable_ol,2009,2010,true,evaluable_complete_history_window,,101,101,101,101,101,101,0,0,17,17,0,4,13,6,17,0,0,false,136,0,0,7,0.051470588235294115,2,6,1,0,4,13,0.7647058823529411,21,16
2025,344,Mississippi State,true,roster_present_with_identifiable_ol,2009,2010,true,evaluable_complete_history_window,,119,119,119,119,118,118,0,0,20,20,0,8,12,15,20,0,2,false,190,0,0,34,0.17894736842105263,3,28,3,3,8,12,0.6,21,16
2025,349,Army,true,roster_present_with_identifiable_ol,2009,2010,true,evaluable_complete_history_window,,180,180,180,180,180,179,0,0,36,36,0,24,12,42,36,0,3,false,630,0,0,373,0.5920634920634921,3,276,91,6,24,12,0.3333333333333333,21,16
2025,356,Illinois,true,roster_present_with_identifiable_ol,2009,2010,true,evaluable_complete_history_window,,118,118,118,118,118,116,0,0,19,19,0,12,7,21,19,0,0,false,171,0,0,78,0.45614035087719296,4,66,10,1,12,7,0.3684210526315789,21,16
2025,2005,Air Force,true,roster_present_with_identifiable_ol,2009,2010,true,evaluable_complete_history_window,,141,141,141,141,141,141,0,0,29,29,0,16,13,24,29,0,0,false,406,0,0,148,0.3645320197044335,2,120,28,0,16,13,0.4482758620689655,21,16
2025,2006,Akron,true,roster_present_with_identifiable_ol,2009,2010,true,evaluable_complete_history_window,,104,104,104,104,104,104,0,0,19,19,0,11,8,20,19,0,0,false,171,0,0,73,0.4269005847953216,3,55,15,3,11,8,0.42105263157894735,21,16
2025,2026,App State,true,roster_present_with_identifiable_ol,2009,2010,true,evaluable_complete_history_window,,113,113,113,113,113,112,0,0,18,18,0,10,8,18,18,0,3,false,153,0,0,61,0.39869281045751637,3,45,15,1,10,8,0.4444444444444444,21,16
2025,2032,Arkansas State,true,roster_present_with_identifiable_ol,2009,2010,true,evaluable_complete_history_window,,123,123,123,123,123,120,0,0,20,20,0,10,10,21,20,0,0,false,190,0,0,66,0.3473684210526316,3,45,15,6,10,10,0.5,21,16
2025,2050,Ball State,true,roster_present_with_identifiable_ol,2009,2010,true,evaluable_complete_history_window,,109,109,109,109,109,109,0,0,19,19,0,9,10,17,19,0,0,false,171,0,0,52,0.30409356725146197,3,36,15,1,9,10,0.5263157894736842,21,16
2025,2084,Buffalo,true,roster_present_with_identifiable_ol,2009,2010,true,evaluable_complete_history_window,,114,114,114,114,114,114,0,0,18,18,0,12,6,21,18,0,0,false,153,0,0,77,0.5032679738562091,3,66,10,1,12,6,0.3333333333333333,21,16
2025,2116,UCF,true,roster_present_with_identifiable_ol,2009,2010,true,evaluable_complete_history_window,,112,112,112,112,112,112,0,0,24,24,0,11,13,26,24,0,0,false,276,0,0,84,0.30434782608695654,5,55,21,6,11,13,0.5416666666666666,21,16
2025,2117,Central Michigan,true,roster_present_with_identifiable_ol,2009,2010,true,evaluable_complete_history_window,,107,107,107,107,107,107,0,0,17,17,0,10,7,18,17,0,2,false,136,0,0,61,0.4485294117647059,3,45,15,1,10,7,0.4117647058823529,21,16
2025,2132,Cincinnati,true,roster_present_with_identifiable_ol,2009,2010,true,evaluable_complete_history_window,,110,110,110,110,110,110,0,0,17,17,0,11,6,21,17,0,0,false,136,0,0,71,0.5220588235294118,3,55,15,1,11,6,0.35294117647058826,21,16
2025,2199,Eastern Michigan,true,roster_present_with_identifiable_ol,2009,2010,true,evaluable_complete_history_window,,113,113,113,113,113,113,0,0,19,19,0,13,6,27,19,0,0,false,171,0,0,104,0.6081871345029239,3,73,25,6,12,6,0.3157894736842105,21,16
2025,2226,Florida Atlantic,true,roster_present_with_identifiable_ol,2009,2010,true,evaluable_complete_history_window,,110,110,110,110,110,110,0,0,22,22,0,13,9,22,22,0,0,false,231,0,0,87,0.37662337662337664,3,78,6,3,13,9,0.4090909090909091,21,16
2025,2229,Florida International,true,roster_present_with_identifiable_ol,2009,2010,true,evaluable_complete_history_window,,108,108,108,108,108,108,0,0,21,21,0,10,11,18,21,0,0,false,210,0,0,46,0.21904761904761905,2,36,10,0,9,11,0.5238095238095238,21,16
2025,2247,Georgia State,true,roster_present_with_identifiable_ol,2009,2010,true,evaluable_complete_history_window,,122,122,122,122,122,122,0,0,19,19,0,5,14,11,19,0,0,false,171,0,0,12,0.07017543859649122,3,10,1,1,5,14,0.7368421052631579,21,16
2025,2294,Iowa,true,roster_present_with_identifiable_ol,2009,2010,true,evaluable_complete_history_window,,109,109,109,109,109,109,0,0,18,18,0,14,4,35,18,0,0,false,153,0,0,164,1.0718954248366013,4,91,55,15,14,4,0.2222222222222222,21,16
2025,2305,Kansas,true,roster_present_with_identifiable_ol,2009,2010,true,evaluable_complete_history_window,,112,112,112,112,112,112,0,0,20,20,0,13,7,24,20,0,0,false,190,0,0,99,0.5210526315789473,3,78,15,6,13,7,0.35,21,16
2025,2306,Kansas State,true,roster_present_with_identifiable_ol,2009,2010,true,evaluable_complete_history_window,,110,110,110,110,110,110,0,0,20,20,0,12,8,30,20,0,0,false,190,0,0,105,0.5526315789473685,4,66,21,15,12,8,0.4,21,16
2025,2309,Kent State,true,roster_present_with_identifiable_ol,2009,2010,true,evaluable_complete_history_window,,104,104,104,104,103,103,0,0,15,15,0,5,10,12,15,0,1,false,105,0,0,19,0.18095238095238095,3,10,6,3,5,10,0.6666666666666666,21,16
2025,2335,Liberty,true,roster_present_with_identifiable_ol,2009,2010,true,evaluable_complete_history_window,,107,107,107,107,107,107,0,0,19,19,0,11,8,23,19,0,0,false,171,0,0,80,0.4678362573099415,4,55,21,3,11,8,0.42105263157894735,21,16
2025,2348,Louisiana Tech,true,roster_present_with_identifiable_ol,2009,2010,true,evaluable_complete_history_window,,107,107,107,107,107,107,0,0,18,18,0,11,7,22,18,0,0,false,153,0,0,79,0.5163398692810458,3,55,21,3,11,7,0.3888888888888889,21,16
2025,2390,Miami,true,roster_present_with_identifiable_ol,2009,2010,true,evaluable_complete_history_window,,122,122,122,122,121,121,0,0,18,18,0,12,6,24,18,0,1,false,153,0,0,93,0.6078431372549019,3,66,21,6,12,6,0.3333333333333333,21,16
2025,2393,Middle Tennessee,true,roster_present_with_identifiable_ol,2009,2010,true,evaluable_complete_history_window,,113,113,113,113,113,113,0,0,18,18,0,6,12,9,18,0,0,false,153,0,0,16,0.10457516339869281,2,15,1,0,6,12,0.6666666666666666,21,16
2025,2426,Navy,true,roster_present_with_identifiable_ol,2009,2010,true,evaluable_complete_history_window,,194,194,194,194,194,194,0,0,33,33,0,20,13,33,33,0,0,false,528,0,0,217,0.4109848484848485,3,175,36,6,19,13,0.3939393939393939,21,16
2025,2429,Charlotte,true,roster_present_with_identifiable_ol,2009,2010,true,evaluable_complete_history_window,,109,109,109,109,109,109,0,0,19,19,0,9,10,19,19,0,4,false,171,0,0,49,0.28654970760233917,3,36,10,3,9,10,0.5263157894736842,21,16
2025,2433,UL Monroe,true,roster_present_with_identifiable_ol,2009,2010,true,evaluable_complete_history_window,,102,102,102,102,100,100,0,0,15,15,0,11,4,22,15,0,2,false,105,0,0,71,0.6761904761904762,3,55,10,6,11,4,0.26666666666666666,21,16
2025,2439,UNLV,true,roster_present_with_identifiable_ol,2009,2010,true,evaluable_complete_history_window,,110,110,110,110,110,110,0,0,17,17,0,8,9,14,17,0,0,false,136,0,0,27,0.19852941176470587,2,24,3,0,7,9,0.5294117647058824,21,16
2025,2440,Nevada,true,roster_present_with_identifiable_ol,2009,2010,true,evaluable_complete_history_window,,107,107,107,107,107,107,0,0,18,18,0,8,10,14,18,0,0,false,153,0,0,35,0.22875816993464052,3,28,6,1,8,10,0.5555555555555556,21,16
2025,2459,Northern Illinois,true,roster_present_with_identifiable_ol,2009,2010,true,evaluable_complete_history_window,,113,113,113,113,113,112,0,0,19,19,0,13,6,24,19,0,0,false,171,0,0,109,0.6374269005847953,3,78,28,3,13,6,0.3157894736842105,21,16
2025,2483,Oregon,true,roster_present_with_identifiable_ol,2009,2010,true,evaluable_complete_history_window,,112,112,112,112,112,112,0,0,20,20,0,13,7,25,20,0,0,false,190,0,0,117,0.6157894736842106,3,78,36,3,13,7,0.35,21,16
2025,2509,Purdue,true,roster_present_with_identifiable_ol,2009,2010,true,evaluable_complete_history_window,,121,121,121,121,121,121,0,0,20,20,0,7,13,12,20,0,0,false,190,0,0,27,0.14210526315789473,2,21,6,0,7,13,0.65,21,16
2025,2534,Sam Houston,true,roster_present_with_identifiable_ol,2009,2010,true,evaluable_complete_history_window,,105,105,105,105,105,104,0,0,16,16,0,8,8,14,16,0,0,false,120,0,0,38,0.31666666666666665,2,28,10,0,8,8,0.5,21,16
2025,2567,SMU,true,roster_present_with_identifiable_ol,2009,2010,true,evaluable_complete_history_window,,118,118,118,118,118,117,0,0,20,20,0,13,7,21,20,0,1,false,190,0,0,99,0.5210526315789473,2,78,21,0,13,7,0.35,21,16
2025,2572,Southern Miss,true,roster_present_with_identifiable_ol,2009,2010,true,evaluable_complete_history_window,,111,111,111,111,111,111,0,0,18,18,0,4,14,5,18,0,0,false,153,0,0,6,0.0392156862745098,1,6,0,0,4,14,0.7777777777777778,21,16
2025,2579,South Carolina,true,roster_present_with_identifiable_ol,2009,2010,true,evaluable_complete_history_window,,114,114,114,114,114,114,0,0,19,19,0,13,6,26,19,0,0,false,171,0,0,120,0.7017543859649122,3,78,36,6,13,6,0.3157894736842105,21,16
2025,2623,Missouri State,true,roster_present_with_identifiable_ol,2009,2010,true,evaluable_complete_history_window,,105,105,105,105,105,105,0,0,17,17,0,3,14,3,17,0,0,false,136,0,0,3,0.022058823529411766,1,3,0,0,3,14,0.8235294117647058,21,16
2025,2628,TCU,true,roster_present_with_identifiable_ol,2009,2010,true,evaluable_complete_history_window,,117,117,117,117,117,117,0,0,19,19,0,12,7,19,19,0,0,false,171,0,0,77,0.4502923976608187,3,66,10,1,12,7,0.3684210526315789,21,16
2025,2633,Tennessee,true,roster_present_with_identifiable_ol,2009,2010,true,evaluable_complete_history_window,,110,110,110,110,110,110,0,0,16,16,0,10,6,15,16,0,0,false,120,0,0,49,0.4083333333333333,3,45,3,1,10,6,0.375,21,16
2025,2636,UTSA,true,roster_present_with_identifiable_ol,2009,2010,true,evaluable_complete_history_window,,120,120,120,120,120,120,0,0,20,20,0,15,5,29,20,0,0,false,190,0,0,130,0.6842105263157895,3,105,15,10,15,5,0.25,21,16
2025,2638,UTEP,true,roster_present_with_identifiable_ol,2009,2010,true,evaluable_complete_history_window,,120,120,120,120,120,119,0,0,18,18,0,10,8,26,18,0,0,false,153,0,0,82,0.5359477124183006,4,45,28,6,10,8,0.4444444444444444,21,16
2025,2641,Texas Tech,true,roster_present_with_identifiable_ol,2009,2010,true,evaluable_complete_history_window,,111,111,111,111,111,110,0,0,20,20,0,10,10,15,20,0,0,false,190,0,0,49,0.2578947368421053,3,45,3,1,10,10,0.5,21,16
2025,2649,Toledo,true,roster_present_with_identifiable_ol,2009,2010,true,evaluable_complete_history_window,,119,119,119,119,119,119,0,0,20,20,0,11,9,19,20,0,0,false,190,0,0,71,0.3736842105263158,3,55,15,1,11,9,0.45,21,16
2025,2653,Troy,true,roster_present_with_identifiable_ol,2009,2010,true,evaluable_complete_history_window,,107,107,107,107,107,106,0,0,20,20,0,10,10,19,20,0,0,false,190,0,0,67,0.3526315789473684,3,45,21,1,10,10,0.5,21,16
2025,2655,Tulane,true,roster_present_with_identifiable_ol,2009,2010,true,evaluable_complete_history_window,,117,117,117,117,117,117,0,0,20,20,0,12,8,16,20,0,0,false,190,0,0,69,0.3631578947368421,2,66,3,0,12,8,0.4,21,16
2025,2711,Western Michigan,true,roster_present_with_identifiable_ol,2009,2010,true,evaluable_complete_history_window,,107,107,107,107,107,107,0,0,18,18,0,10,8,20,18,0,2,false,153,0,0,58,0.3790849673202614,3,45,10,3,10,8,0.4444444444444444,21,16
2025,2751,Wyoming,true,roster_present_with_identifiable_ol,2009,2010,true,evaluable_complete_history_window,,116,116,116,116,116,116,0,0,19,19,0,14,5,31,19,0,0,false,171,0,0,147,0.8596491228070176,4,91,45,10,14,5,0.2631578947368421,21,16
2026,2,Auburn,true,roster_present_with_identifiable_ol,2009,2010,true,evaluable_complete_history_window,,112,112,112,112,112,112,0,0,20,20,0,6,14,9,20,0,0,false,190,0,0,16,0.08421052631578947,2,15,1,0,6,14,0.7,22,17
2026,5,UAB,true,roster_present_with_identifiable_ol,2009,2010,true,evaluable_complete_history_window,,107,107,107,107,107,107,0,0,17,17,0,10,7,18,17,0,0,false,136,0,0,55,0.40441176470588236,2,45,10,0,10,7,0.4117647058823529,22,17
2026,6,South Alabama,true,roster_present_with_identifiable_ol,2009,2010,true,evaluable_complete_history_window,,116,116,116,116,116,116,0,0,20,20,0,8,12,14,20,0,0,false,190,0,0,32,0.16842105263157894,3,28,3,1,8,12,0.6,22,17
2026,8,Arkansas,true,roster_present_with_identifiable_ol,2009,2010,true,evaluable_complete_history_window,,120,120,120,120,120,120,0,0,22,22,0,9,13,17,22,0,0,false,231,0,0,47,0.20346320346320346,3,36,10,1,9,13,0.5909090909090909,22,17
2026,9,Arizona State,true,roster_present_with_identifiable_ol,2009,2010,true,evaluable_complete_history_window,,107,107,107,107,107,107,0,0,21,21,0,13,8,18,21,0,0,false,210,0,0,84,0.4,2,78,6,0,13,8,0.38095238095238093,22,17
2026,12,Arizona,true,roster_present_with_identifiable_ol,2009,2010,true,evaluable_complete_history_window,,109,109,109,109,109,109,0,0,16,16,0,11,5,18,16,0,0,false,120,0,0,62,0.5166666666666667,3,55,6,1,11,5,0.3125,22,17
2026,16,Sacramento State,true,roster_present_with_identifiable_ol,2009,2010,true,evaluable_complete_history_window,,116,116,116,116,116,116,0,0,20,20,0,10,10,11,20,0,0,false,190,0,0,45,0.23684210526315788,1,45,0,0,10,10,0.5,22,17
2026,21,San Diego State,true,roster_present_with_identifiable_ol,2009,2010,true,evaluable_complete_history_window,,112,112,112,112,112,112,0,0,19,19,0,7,12,8,19,0,0,false,171,0,0,21,0.12280701754385964,1,21,0,0,7,12,0.631578947368421,22,17
2026,23,San José State,true,roster_present_with_identifiable_ol,2009,2010,true,evaluable_complete_history_window,,102,102,102,102,102,102,0,0,17,17,0,9,8,19,17,0,0,false,136,0,0,58,0.4264705882352941,3,36,21,1,9,8,0.47058823529411764,22,17
2026,24,Stanford,true,roster_present_with_identifiable_ol,2009,2010,true,evaluable_complete_history_window,,113,113,113,113,113,113,0,0,18,18,0,13,5,25,18,0,0,false,153,0,0,109,0.7124183006535948,3,78,28,3,13,5,0.2777777777777778,22,17
2026,25,California,true,roster_present_with_identifiable_ol,2009,2010,true,evaluable_complete_history_window,,112,112,112,112,112,112,0,0,20,20,0,10,10,19,20,0,0,false,190,0,0,55,0.2894736842105263,4,45,6,3,10,10,0.5,22,17
2026,26,UCLA,true,roster_present_with_identifiable_ol,2009,2010,true,evaluable_complete_history_window,,120,120,120,120,120,120,0,0,23,23,0,8,15,17,23,0,0,false,253,0,0,38,0.15019762845849802,4,28,6,3,8,15,0.6521739130434783,22,17
2026,30,USC,true,roster_present_with_identifiable_ol,2009,2010,true,evaluable_complete_history_window,,127,127,127,127,127,127,0,0,22,22,0,14,8,27,22,0,0,false,231,0,0,125,0.5411255411255411,3,91,28,6,14,8,0.36363636363636365,22,17
2026,36,Colorado State,true,roster_present_with_identifiable_ol,2009,2010,true,evaluable_complete_history_window,,114,114,114,114,114,114,0,0,18,18,0,7,11,10,18,0,0,false,153,0,0,24,0.1568627450980392,2,21,3,0,7,11,0.6111111111111112,22,17
2026,38,Colorado,true,roster_present_with_identifiable_ol,2009,2010,true,evaluable_complete_history_window,,106,106,106,106,106,106,0,0,17,17,0,6,11,8,17,0,0,false,136,0,0,16,0.11764705882352941,2,15,1,0,6,11,0.6470588235294118,22,17
2026,41,UConn,true,roster_present_with_identifiable_ol,2009,2010,true,evaluable_complete_history_window,,115,115,115,115,115,115,0,0,19,19,0,7,12,9,19,0,0,false,171,0,0,22,0.1286549707602339,2,21,1,0,7,12,0.631578947368421,22,17
2026,48,Delaware,true,roster_present_with_identifiable_ol,2009,2010,true,evaluable_complete_history_window,,106,106,106,106,106,106,0,0,16,16,0,10,6,11,16,0,0,false,120,0,0,45,0.375,1,45,0,0,10,6,0.375,22,17
2026,52,Florida State,true,roster_present_with_identifiable_ol,2009,2010,true,evaluable_complete_history_window,,109,109,109,109,109,109,0,0,18,18,0,6,12,10,18,0,0,false,153,0,0,18,0.11764705882352941,2,15,3,0,6,12,0.6666666666666666,22,17
2026,55,Jacksonville State,true,roster_present_with_identifiable_ol,2009,2010,true,evaluable_complete_history_window,,131,131,131,131,131,131,0,0,24,24,0,11,13,17,24,0,0,false,276,0,0,65,0.23550724637681159,2,55,10,0,11,13,0.5416666666666666,22,17
2026,57,Florida,true,roster_present_with_identifiable_ol,2009,2010,true,evaluable_complete_history_window,,117,117,117,117,117,117,0,0,20,20,0,10,10,21,20,0,0,false,190,0,0,72,0.37894736842105264,3,45,21,6,10,10,0.5,22,17
2026,58,South Florida,true,roster_present_with_identifiable_ol,2009,2010,true,evaluable_complete_history_window,,113,113,113,113,113,113,0,0,18,18,0,9,9,14,18,0,0,false,153,0,0,42,0.27450980392156865,2,36,6,0,9,9,0.5,22,17
2026,59,Georgia Tech,true,roster_present_with_identifiable_ol,2009,2010,true,evaluable_complete_history_window,,108,108,108,108,108,108,0,0,19,19,0,12,7,17,19,0,0,false,171,0,0,72,0.42105263157894735,2,66,6,0,12,7,0.3684210526315789,22,17
2026,61,Georgia,true,roster_present_with_identifiable_ol,2009,2010,true,evaluable_complete_history_window,,128,128,128,128,128,128,0,0,21,21,0,15,6,29,21,0,0,false,210,0,0,145,0.6904761904761905,4,105,36,3,15,6,0.2857142857142857,22,17
2026,62,Hawai'i,true,roster_present_with_identifiable_ol,2009,2010,true,evaluable_complete_history_window,,109,109,109,109,109,109,0,0,19,19,0,12,7,23,19,0,0,false,171,0,0,89,0.52046783625731,4,66,21,1,12,7,0.3684210526315789,22,17
2026,66,Iowa State,true,roster_present_with_identifiable_ol,2009,2010,true,evaluable_complete_history_window,,126,126,126,126,126,126,0,0,20,20,0,6,14,14,20,0,0,false,190,0,0,23,0.12105263157894737,4,15,6,1,6,14,0.7,22,17
2026,68,Boise State,true,roster_present_with_identifiable_ol,2009,2010,true,evaluable_complete_history_window,,113,113,113,113,113,113,0,0,20,20,0,12,8,25,20,0,0,false,190,0,0,100,0.5263157894736842,3,66,28,6,12,8,0.4,22,17
2026,77,Northwestern,true,roster_present_with_identifiable_ol,2009,2010,true,evaluable_complete_history_window,,124,124,124,124,124,124,0,0,21,21,0,10,11,24,21,0,0,false,210,0,0,77,0.36666666666666664,4,45,28,3,10,11,0.5238095238095238,22,17
2026,84,Indiana,true,roster_present_with_identifiable_ol,2009,2010,true,evaluable_complete_history_window,,105,105,105,105,105,105,0,0,16,16,0,9,7,19,16,0,0,false,120,0,0,50,0.4166666666666667,4,36,10,3,9,7,0.4375,22,17
2026,87,Notre Dame,true,roster_present_with_identifiable_ol,2009,2010,true,evaluable_complete_history_window,,113,113,113,113,113,113,0,0,22,22,0,16,6,35,22,0,0,false,231,0,0,201,0.8701298701298701,3,120,66,15,16,6,0.2727272727272727,22,17
2026,96,Kentucky,true,roster_present_with_identifiable_ol,2009,2010,true,evaluable_complete_history_window,,111,111,111,111,111,111,0,0,22,22,0,10,12,16,22,0,0,false,231,0,0,52,0.22510822510822512,3,45,6,1,10,12,0.5454545454545454,22,17
2026,97,Louisville,true,roster_present_with_identifiable_ol,2009,2010,true,evaluable_complete_history_window,,108,108,108,108,108,97,0,0,19,19,0,9,10,16,19,0,0,false,171,0,0,42,0.24561403508771928,2,36,6,0,9,10,0.5263157894736842,22,17
2026,98,Western Kentucky,true,roster_present_with_identifiable_ol,2009,2010,true,evaluable_complete_history_window,,109,109,109,109,109,109,0,0,17,17,0,4,13,4,17,0,0,false,136,0,0,6,0.04411764705882353,1,6,0,0,4,13,0.7647058823529411,22,17
2026,99,LSU,true,roster_present_with_identifiable_ol,2009,2010,true,evaluable_complete_history_window,,113,113,113,113,113,113,0,0,20,20,0,8,12,16,20,0,0,false,190,0,0,37,0.19473684210526315,3,28,6,3,8,12,0.6,22,17
2026,103,Boston College,true,roster_present_with_identifiable_ol,2009,2010,true,evaluable_complete_history_window,,123,123,123,123,123,123,0,0,19,19,0,8,11,14,19,0,0,false,171,0,0,38,0.2222222222222222,2,28,10,0,8,11,0.5789473684210527,22,17
2026,113,Massachusetts,true,roster_present_with_identifiable_ol,2009,2010,true,evaluable_complete_history_window,,102,102,102,102,102,102,0,0,18,18,0,9,9,18,18,0,0,false,153,0,0,52,0.33986928104575165,3,36,15,1,9,9,0.5,22,17
2026,120,Maryland,true,roster_present_with_identifiable_ol,2009,2010,true,evaluable_complete_history_window,,109,109,109,109,109,109,0,0,20,20,0,15,5,23,20,0,0,false,190,0,0,133,0.7,2,105,28,0,15,5,0.25,22,17
2026,127,Michigan State,true,roster_present_with_identifiable_ol,2009,2010,true,evaluable_complete_history_window,,111,111,111,111,111,111,0,0,16,16,0,7,9,10,16,0,0,false,120,0,0,24,0.2,2,21,3,0,7,9,0.5625,22,17
2026,130,Michigan,true,roster_present_with_identifiable_ol,2009,2010,true,evaluable_complete_history_window,,118,118,118,118,118,118,0,0,19,19,0,13,6,29,19,0,0,false,171,0,0,130,0.7602339181286549,3,78,45,7,13,6,0.3157894736842105,22,17
2026,135,Minnesota,true,roster_present_with_identifiable_ol,2009,2010,true,evaluable_complete_history_window,,113,113,113,113,113,113,0,0,17,17,0,11,6,23,17,0,0,false,136,0,0,77,0.5661764705882353,4,55,15,6,11,6,0.35294117647058826,22,17
2026,142,Missouri,true,roster_present_with_identifiable_ol,2009,2010,true,evaluable_complete_history_window,,113,113,113,113,113,113,0,0,19,19,0,10,9,22,19,0,0,false,171,0,0,70,0.4093567251461988,4,45,21,3,10,9,0.47368421052631576,22,17
2026,145,Ole Miss,true,roster_present_with_identifiable_ol,2009,2010,true,evaluable_complete_history_window,,121,121,121,121,121,121,0,0,18,18,0,10,8,15,18,0,0,false,153,0,0,51,0.3333333333333333,2,45,6,0,10,8,0.4444444444444444,22,17
2026,150,Duke,true,roster_present_with_identifiable_ol,2009,2010,true,evaluable_complete_history_window,,102,102,102,102,102,102,0,0,17,17,0,14,3,25,17,0,0,false,136,0,0,115,0.8455882352941176,3,91,21,3,14,3,0.17647058823529413,22,17
2026,151,East Carolina,true,roster_present_with_identifiable_ol,2009,2010,true,evaluable_complete_history_window,,120,120,120,120,120,120,0,0,23,23,0,10,13,18,23,0,0,false,253,0,0,54,0.2134387351778656,3,45,6,3,10,13,0.5652173913043478,22,17
2026,152,NC State,true,roster_present_with_identifiable_ol,2009,2010,true,evaluable_complete_history_window,,127,127,127,127,127,127,0,0,23,23,0,13,10,23,23,0,0,false,253,0,0,94,0.3715415019762846,3,78,10,6,13,10,0.43478260869565216,22,17
2026,153,North Carolina,true,roster_present_with_identifiable_ol,2009,2010,true,evaluable_complete_history_window,,111,111,111,111,111,111,0,0,19,19,0,7,12,9,19,0,0,false,171,0,0,22,0.1286549707602339,2,21,1,0,7,12,0.631578947368421,22,17
2026,154,Wake Forest,true,roster_present_with_identifiable_ol,2009,2010,true,evaluable_complete_history_window,,116,116,116,116,116,116,0,0,21,21,0,12,9,24,21,0,0,false,210,0,0,93,0.44285714285714284,3,66,21,6,12,9,0.42857142857142855,22,17
2026,158,Nebraska,true,roster_present_with_identifiable_ol,2009,2010,true,evaluable_complete_history_window,,117,117,117,117,117,111,0,0,20,20,0,14,6,33,20,0,0,false,190,0,0,172,0.9052631578947369,3,91,66,15,14,6,0.3,22,17
2026,164,Rutgers,true,roster_present_with_identifiable_ol,2009,2010,true,evaluable_complete_history_window,,134,134,134,134,134,134,0,0,26,26,0,17,9,38,26,0,0,false,325,0,0,197,0.6061538461538462,4,136,36,15,17,9,0.34615384615384615,22,17
2026,166,New Mexico State,true,roster_present_with_identifiable_ol,2009,2010,true,evaluable_complete_history_window,,105,105,105,105,105,105,0,0,17,17,0,10,7,16,17,0,0,false,136,0,0,48,0.35294117647058826,2,45,3,0,10,7,0.4117647058823529,22,17
2026,167,New Mexico,true,roster_present_with_identifiable_ol,2009,2010,true,evaluable_complete_history_window,,115,115,115,115,115,115,0,0,19,19,0,10,9,14,19,0,0,false,171,0,0,51,0.2982456140350877,2,45,6,0,10,9,0.47368421052631576,22,17
2026,183,Syracuse,true,roster_present_with_identifiable_ol,2009,2010,true,evaluable_complete_history_window,,112,112,112,112,112,112,0,0,23,23,0,17,6,26,23,0,0,false,253,0,0,149,0.5889328063241107,3,136,10,3,17,6,0.2608695652173913,22,17
2026,189,Bowling Green,true,roster_present_with_identifiable_ol,2009,2010,true,evaluable_complete_history_window,,106,106,106,106,106,106,0,0,16,16,0,10,6,17,16,0,0,false,120,0,0,56,0.4666666666666667,3,45,10,1,10,6,0.375,22,17
2026,193,Miami (OH),true,roster_present_with_identifiable_ol,2009,2010,true,evaluable_complete_history_window,,121,121,121,121,121,121,0,0,18,18,0,10,8,22,18,0,0,false,153,0,0,67,0.43790849673202614,4,45,15,6,10,8,0.4444444444444444,22,17
2026,194,Ohio State,true,roster_present_with_identifiable_ol,2009,2010,true,evaluable_complete_history_window,,119,119,119,119,119,119,0,0,20,20,0,13,7,27,20,0,0,false,190,0,0,116,0.6105263157894737,3,78,28,10,13,7,0.35,22,17
2026,195,Ohio,true,roster_present_with_identifiable_ol,2009,2010,true,evaluable_complete_history_window,,106,106,106,106,105,105,0,0,17,17,0,7,10,14,17,0,1,false,136,0,0,31,0.22794117647058823,2,21,10,0,7,10,0.5882352941176471,22,17
2026,197,Oklahoma State,true,roster_present_with_identifiable_ol,2009,2010,true,evaluable_complete_history_window,,115,115,115,115,115,115,0,0,20,20,0,6,14,11,20,0,0,false,190,0,0,19,0.1,3,15,3,1,6,14,0.7,22,17
2026,201,Oklahoma,true,roster_present_with_identifiable_ol,2009,2010,true,evaluable_complete_history_window,,111,111,111,111,111,111,0,0,18,18,0,12,6,21,18,0,0,false,153,0,0,73,0.477124183006536,3,60,12,1,11,6,0.3333333333333333,22,17
2026,202,Tulsa,true,roster_present_with_identifiable_ol,2009,2010,true,evaluable_complete_history_window,,111,111,111,111,111,111,0,0,20,20,0,12,8,17,20,0,0,false,190,0,0,65,0.34210526315789475,2,59,6,0,11,8,0.4,22,17
2026,204,Oregon State,true,roster_present_with_identifiable_ol,2009,2010,true,evaluable_complete_history_window,,109,109,109,109,109,109,0,0,18,18,0,10,8,21,18,0,0,false,153,0,0,62,0.40522875816993464,4,45,10,6,10,8,0.4444444444444444,22,17
2026,213,Penn State,true,roster_present_with_identifiable_ol,2009,2010,true,evaluable_complete_history_window,,112,112,112,112,112,112,0,0,20,20,0,11,9,26,20,0,0,false,190,0,0,94,0.49473684210526314,4,55,28,10,11,9,0.45,22,17
2026,218,Temple,true,roster_present_with_identifiable_ol,2009,2010,true,evaluable_complete_history_window,,119,119,119,119,119,119,0,0,19,19,0,10,9,23,19,0,0,false,171,0,0,79,0.4619883040935672,3,45,28,6,10,9,0.47368421052631576,22,17
2026,221,Pittsburgh,true,roster_present_with_identifiable_ol,2009,2010,true,evaluable_complete_history_window,,113,113,113,113,112,112,0,0,20,20,0,14,6,26,20,0,1,false,190,0,0,113,0.5947368421052631,4,91,15,6,14,6,0.3,22,17
2026,228,Clemson,true,roster_present_with_identifiable_ol,2009,2010,true,evaluable_complete_history_window,,121,121,121,121,121,121,0,0,21,21,0,14,7,33,21,0,0,false,210,0,0,145,0.6904761904761905,4,91,36,15,14,7,0.3333333333333333,22,17
2026,235,Memphis,true,roster_present_with_identifiable_ol,2009,2010,true,evaluable_complete_history_window,,108,108,108,108,108,108,0,0,16,16,0,3,13,3,16,0,0,false,120,0,0,3,0.025,1,3,0,0,3,13,0.8125,22,17
2026,238,Vanderbilt,true,roster_present_with_identifiable_ol,2009,2010,true,evaluable_complete_history_window,,117,117,117,117,117,117,0,0,18,18,0,9,9,21,18,0,0,false,153,0,0,54,0.35294117647058826,3,36,15,3,9,9,0.5,22,17
2026,239,Baylor,true,roster_present_with_identifiable_ol,2009,2010,true,evaluable_complete_history_window,,112,112,112,112,112,112,0,0,20,20,0,8,12,15,20,0,0,false,190,0,0,35,0.18421052631578946,3,28,6,1,8,12,0.6,22,17
2026,242,Rice,true,roster_present_with_identifiable_ol,2009,2010,true,evaluable_complete_history_window,,103,103,103,103,103,103,0,0,17,17,0,11,6,21,17,0,0,false,136,0,0,76,0.5588235294117647,3,55,15,6,11,6,0.35294117647058826,22,17
2026,245,Texas A&M,true,roster_present_with_identifiable_ol,2009,2010,true,evaluable_complete_history_window,,119,119,119,119,119,119,0,0,17,17,0,9,8,16,17,0,0,false,136,0,0,46,0.3382352941176471,2,36,10,0,9,8,0.47058823529411764,22,17
2026,248,Houston,true,roster_present_with_identifiable_ol,2009,2010,true,evaluable_complete_history_window,,116,116,116,116,116,116,0,0,17,17,0,9,8,12,17,0,0,false,136,0,0,39,0.2867647058823529,2,36,3,0,9,8,0.47058823529411764,22,17
2026,249,North Texas,true,roster_present_with_identifiable_ol,2009,2010,true,evaluable_complete_history_window,,108,108,108,108,108,108,0,0,18,18,0,8,10,13,18,0,0,false,153,0,0,32,0.20915032679738563,3,28,3,1,8,10,0.5555555555555556,22,17
2026,251,Texas,true,roster_present_with_identifiable_ol,2009,2010,true,evaluable_complete_history_window,,111,111,111,111,111,111,0,0,19,19,0,11,8,28,19,0,0,false,171,0,0,105,0.6140350877192983,4,55,28,21,11,8,0.42105263157894735,22,17
2026,252,BYU,true,roster_present_with_identifiable_ol,2009,2010,true,evaluable_complete_history_window,,118,118,118,118,118,118,0,0,19,19,0,11,8,22,19,0,0,false,171,0,0,71,0.4152046783625731,4,55,10,3,11,8,0.42105263157894735,22,17
2026,254,Utah,true,roster_present_with_identifiable_ol,2009,2010,true,evaluable_complete_history_window,,112,112,112,112,112,112,0,0,19,19,0,10,9,28,19,0,0,false,171,0,0,80,0.4678362573099415,5,45,21,10,10,9,0.47368421052631576,22,17
2026,256,James Madison,true,roster_present_with_identifiable_ol,2009,2010,true,evaluable_complete_history_window,,109,109,109,109,109,109,0,0,18,18,0,8,10,13,18,0,0,false,153,0,0,34,0.2222222222222222,2,28,6,0,8,10,0.5555555555555556,22,17
2026,258,Virginia,true,roster_present_with_identifiable_ol,2009,2010,true,evaluable_complete_history_window,,121,121,121,121,121,121,0,0,20,20,0,15,5,32,20,0,0,false,190,0,0,154,0.8105263157894737,4,105,36,10,15,5,0.25,22,17
2026,259,Virginia Tech,true,roster_present_with_identifiable_ol,2009,2010,true,evaluable_complete_history_window,,122,122,122,122,122,113,0,0,22,22,0,11,11,23,22,0,0,false,231,0,0,80,0.3463203463203463,4,55,21,3,11,11,0.5,22,17
2026,264,Washington,true,roster_present_with_identifiable_ol,2009,2010,true,evaluable_complete_history_window,,101,101,101,101,101,100,0,0,17,17,0,13,4,29,17,0,0,false,136,0,0,114,0.8382352941176471,3,78,26,10,13,4,0.23529411764705882,22,17
2026,265,Washington State,true,roster_present_with_identifiable_ol,2009,2010,true,evaluable_complete_history_window,,105,105,105,105,105,105,0,0,18,18,0,15,3,26,18,0,0,false,153,0,0,126,0.8235294117647058,3,105,15,6,15,3,0.16666666666666666,22,17
2026,275,Wisconsin,true,roster_present_with_identifiable_ol,2009,2010,true,evaluable_complete_history_window,,117,117,117,117,117,117,0,0,19,19,0,12,7,22,19,0,0,false,171,0,0,88,0.5146198830409356,3,66,21,1,12,7,0.3684210526315789,22,17
2026,276,Marshall,true,roster_present_with_identifiable_ol,2009,2010,true,evaluable_complete_history_window,,105,105,105,105,105,105,0,0,21,21,0,11,10,19,21,0,0,false,210,0,0,62,0.29523809523809524,4,55,3,3,11,10,0.47619047619047616,22,17
2026,277,West Virginia,true,roster_present_with_identifiable_ol,2009,2010,true,evaluable_complete_history_window,,123,123,123,123,123,123,0,0,19,19,0,7,12,14,19,0,0,false,171,0,0,28,0.16374269005847952,3,21,6,1,7,12,0.631578947368421,22,17
2026,278,Fresno State,true,roster_present_with_identifiable_ol,2009,2010,true,evaluable_complete_history_window,,118,118,118,118,118,118,0,0,18,18,0,13,5,21,18,0,0,false,153,0,0,89,0.5816993464052288,3,78,10,1,13,5,0.2777777777777778,22,17
2026,290,Georgia Southern,true,roster_present_with_identifiable_ol,2009,2010,true,evaluable_complete_history_window,,122,122,122,122,122,122,0,0,19,19,0,12,7,26,19,0,0,false,171,0,0,97,0.5672514619883041,3,66,28,3,12,7,0.3684210526315789,22,17
2026,295,Old Dominion,true,roster_present_with_identifiable_ol,2009,2010,true,evaluable_complete_history_window,,110,110,110,110,110,110,0,0,18,18,0,5,13,7,18,0,0,false,153,0,0,10,0.06535947712418301,1,10,0,0,5,13,0.7222222222222222,22,17
2026,309,Louisiana,true,roster_present_with_identifiable_ol,2009,2010,true,evaluable_complete_history_window,,105,105,105,105,105,105,0,0,22,22,0,13,9,32,22,0,0,false,231,0,0,139,0.6017316017316018,4,78,45,15,13,9,0.4090909090909091,22,17
2026,324,Coastal Carolina,true,roster_present_with_identifiable_ol,2009,2010,true,evaluable_complete_history_window,,104,104,104,104,104,104,0,0,16,16,0,6,10,8,16,0,0,false,120,0,0,16,0.13333333333333333,2,15,1,0,6,10,0.625,22,17
2026,326,Texas State,true,roster_present_with_identifiable_ol,2009,2010,true,evaluable_complete_history_window,,109,109,109,109,109,109,0,0,20,20,0,11,9,19,20,0,0,false,190,0,0,68,0.35789473684210527,3,55,10,3,11,9,0.45,22,17
2026,328,Utah State,true,roster_present_with_identifiable_ol,2009,2010,true,evaluable_complete_history_window,,147,147,147,147,147,99,0,0,26,26,0,15,11,31,26,0,0,false,325,0,0,146,0.4492307692307692,4,105,28,10,15,11,0.4230769230769231,22,17
2026,333,Alabama,true,roster_present_with_identifiable_ol,2009,2010,true,evaluable_complete_history_window,,127,127,127,127,127,127,0,0,21,21,0,10,11,21,21,0,0,false,210,0,0,72,0.34285714285714286,3,45,21,6,10,11,0.5238095238095238,22,17
2026,338,Kennesaw State,true,roster_present_with_identifiable_ol,2009,2010,true,evaluable_complete_history_window,,109,109,109,109,109,109,0,0,19,19,0,8,11,10,19,0,0,false,171,0,0,28,0.16374269005847952,1,28,0,0,8,11,0.5789473684210527,22,17
2026,344,Mississippi State,true,roster_present_with_identifiable_ol,2009,2010,true,evaluable_complete_history_window,,117,117,117,117,117,116,0,0,22,22,0,9,13,16,22,0,0,false,231,0,0,41,0.1774891774891775,4,36,3,1,9,13,0.5909090909090909,22,17
2026,349,Army,true,roster_present_with_identifiable_ol,2009,2010,true,evaluable_complete_history_window,,194,194,194,194,194,194,0,0,34,34,0,24,10,48,34,0,0,false,561,0,0,424,0.7557932263814616,3,276,120,28,24,10,0.29411764705882354,22,17
2026,356,Illinois,true,roster_present_with_identifiable_ol,2009,2010,true,evaluable_complete_history_window,,117,117,117,117,117,117,0,0,21,21,0,12,9,22,21,0,0,false,210,0,0,90,0.42857142857142855,3,66,21,3,12,9,0.42857142857142855,22,17
2026,2005,Air Force,true,roster_present_with_identifiable_ol,2009,2010,true,evaluable_complete_history_window,,120,120,120,120,117,117,0,0,21,21,0,15,6,21,21,0,3,false,210,0,0,115,0.5476190476190477,2,105,10,0,15,6,0.2857142857142857,22,17
2026,2006,Akron,true,roster_present_with_identifiable_ol,2009,2010,true,evaluable_complete_history_window,,106,106,106,106,105,105,0,0,19,19,0,9,10,20,19,0,1,false,171,0,0,55,0.3216374269005848,4,36,15,3,9,10,0.5263157894736842,22,17
2026,2026,App State,true,roster_present_with_identifiable_ol,2009,2010,true,evaluable_complete_history_window,,109,109,109,109,109,109,0,0,20,20,0,7,13,13,20,0,0,false,190,0,0,27,0.14210526315789473,3,21,3,3,7,13,0.65,22,17
2026,2032,Arkansas State,true,roster_present_with_identifiable_ol,2009,2010,true,evaluable_complete_history_window,,116,116,116,116,116,116,0,0,21,21,0,12,9,25,21,0,0,false,210,0,0,90,0.42857142857142855,4,66,15,6,12,9,0.42857142857142855,22,17
2026,2050,Ball State,true,roster_present_with_identifiable_ol,2009,2010,true,evaluable_complete_history_window,,117,117,117,117,117,117,0,0,21,21,0,13,8,26,21,0,0,false,210,0,0,106,0.5047619047619047,4,78,21,6,13,8,0.38095238095238093,22,17
2026,2084,Buffalo,true,roster_present_with_identifiable_ol,2009,2010,true,evaluable_complete_history_window,,118,118,118,118,118,118,0,0,19,19,0,11,8,17,19,0,0,false,171,0,0,70,0.4093567251461988,2,55,15,0,11,8,0.42105263157894735,22,17
2026,2116,UCF,true,roster_present_with_identifiable_ol,2009,2010,true,evaluable_complete_history_window,,110,110,110,110,110,110,0,0,19,19,0,12,7,16,19,0,0,false,171,0,0,68,0.39766081871345027,3,66,1,1,12,7,0.3684210526315789,22,17
2026,2117,Central Michigan,true,roster_present_with_identifiable_ol,2009,2010,true,evaluable_complete_history_window,,110,110,110,110,110,110,0,0,21,21,0,10,11,23,21,0,0,false,210,0,0,71,0.3380952380952381,4,45,15,10,10,11,0.5238095238095238,22,17
2026,2132,Cincinnati,true,roster_present_with_identifiable_ol,2009,2010,true,evaluable_complete_history_window,,110,110,110,110,110,110,0,0,19,19,0,14,5,25,19,0,0,false,171,0,0,122,0.7134502923976608,3,91,28,3,14,5,0.2631578947368421,22,17
2026,2199,Eastern Michigan,true,roster_present_with_identifiable_ol,2009,2010,true,evaluable_complete_history_window,,113,113,113,113,113,113,0,0,19,19,0,6,13,14,19,0,0,false,171,0,0,22,0.1286549707602339,4,15,3,3,6,13,0.6842105263157895,22,17
2026,2226,Florida Atlantic,true,roster_present_with_identifiable_ol,2009,2010,true,evaluable_complete_history_window,,115,115,115,115,115,115,0,0,21,21,0,11,10,17,21,0,0,false,210,0,0,65,0.30952380952380953,2,55,10,0,11,10,0.47619047619047616,22,17
2026,2229,Florida International,true,roster_present_with_identifiable_ol,2009,2010,true,evaluable_complete_history_window,,108,108,108,108,108,108,0,0,19,19,0,12,7,15,19,0,0,false,171,0,0,67,0.391812865497076,2,66,1,0,12,7,0.3684210526315789,22,17
2026,2247,Georgia State,true,roster_present_with_identifiable_ol,2009,2010,true,evaluable_complete_history_window,,115,115,115,115,115,115,0,0,19,19,0,8,11,10,19,0,0,false,171,0,0,29,0.1695906432748538,2,28,1,0,8,11,0.5789473684210527,22,17
2026,2294,Iowa,true,roster_present_with_identifiable_ol,2009,2010,true,evaluable_complete_history_window,,111,111,111,111,111,111,0,0,19,19,0,13,6,33,19,0,0,false,171,0,0,145,0.847953216374269,4,78,45,21,13,6,0.3157894736842105,22,17
2026,2305,Kansas,true,roster_present_with_identifiable_ol,2009,2010,true,evaluable_complete_history_window,,114,114,114,114,114,114,0,0,19,19,0,9,10,16,19,0,0,false,171,0,0,43,0.25146198830409355,3,36,6,1,9,10,0.5263157894736842,22,17
2026,2306,Kansas State,true,roster_present_with_identifiable_ol,2009,2010,true,evaluable_complete_history_window,,112,112,112,112,112,112,0,0,21,21,0,10,11,20,21,0,0,false,210,0,0,62,0.29523809523809524,4,45,15,1,10,11,0.5238095238095238,22,17
2026,2309,Kent State,true,roster_present_with_identifiable_ol,2009,2010,true,evaluable_complete_history_window,,111,111,111,111,111,111,0,0,19,19,0,8,11,14,19,0,0,false,171,0,0,32,0.1871345029239766,3,28,3,1,8,11,0.5789473684210527,22,17
2026,2335,Liberty,true,roster_present_with_identifiable_ol,2009,2010,true,evaluable_complete_history_window,,107,107,107,107,107,107,0,0,19,19,0,8,11,13,19,0,0,false,171,0,0,32,0.1871345029239766,3,28,3,1,8,11,0.5789473684210527,22,17
2026,2348,Louisiana Tech,true,roster_present_with_identifiable_ol,2009,2010,true,evaluable_complete_history_window,,110,110,110,110,110,110,0,0,18,18,0,11,7,21,18,0,0,false,153,0,0,79,0.5163398692810458,3,55,21,3,11,7,0.3888888888888889,22,17
2026,2390,Miami,true,roster_present_with_identifiable_ol,2009,2010,true,evaluable_complete_history_window,,116,116,116,116,116,116,0,0,19,19,0,10,9,21,19,0,0,false,171,0,0,59,0.34502923976608185,4,45,10,3,10,9,0.47368421052631576,22,17
2026,2393,Middle Tennessee,true,roster_present_with_identifiable_ol,2009,2010,true,evaluable_complete_history_window,,112,112,112,112,111,111,0,0,15,15,0,7,8,8,15,0,1,false,105,0,0,21,0.2,1,21,0,0,7,8,0.5333333333333333,22,17
2026,2426,Navy,true,roster_present_with_identifiable_ol,2009,2010,true,evaluable_complete_history_window,,197,197,197,197,197,197,0,0,32,32,0,23,9,40,32,0,0,false,496,0,0,318,0.6411290322580645,3,253,55,10,23,9,0.28125,22,17
2026,2429,Charlotte,true,roster_present_with_identifiable_ol,2009,2010,true,evaluable_complete_history_window,,112,112,112,112,112,112,0,0,20,20,0,7,13,11,20,0,0,false,190,0,0,22,0.11578947368421053,2,21,1,0,7,13,0.65,22,17
2026,2433,UL Monroe,true,roster_present_with_identifiable_ol,2009,2010,true,evaluable_complete_history_window,,106,106,106,106,106,106,0,0,18,18,0,11,7,24,18,0,0,false,153,0,0,82,0.5359477124183006,4,55,21,3,11,7,0.3888888888888889,22,17
2026,2439,UNLV,true,roster_present_with_identifiable_ol,2009,2010,true,evaluable_complete_history_window,,108,108,108,108,108,108,0,0,21,21,0,7,14,14,21,0,0,false,210,0,0,30,0.14285714285714285,3,21,6,3,7,14,0.6666666666666666,22,17
2026,2440,Nevada,true,roster_present_with_identifiable_ol,2009,2010,true,evaluable_complete_history_window,,103,103,103,103,103,103,0,0,16,16,0,9,7,13,16,0,0,false,120,0,0,42,0.35,2,36,6,0,9,7,0.4375,22,17
2026,2449,North Dakota State,true,roster_present_with_identifiable_ol,2009,2010,true,evaluable_complete_history_window,,130,130,130,130,130,130,0,0,18,18,0,14,4,15,18,0,0,false,153,0,0,91,0.5947712418300654,1,91,0,0,14,4,0.2222222222222222,22,17
2026,2459,Northern Illinois,true,roster_present_with_identifiable_ol,2009,2010,true,evaluable_complete_history_window,,113,113,113,113,113,113,0,0,19,19,0,11,8,21,19,0,0,false,171,0,0,79,0.4619883040935672,3,55,21,3,11,8,0.42105263157894735,22,17
2026,2483,Oregon,true,roster_present_with_identifiable_ol,2009,2010,true,evaluable_complete_history_window,,114,114,114,114,114,114,0,0,20,20,0,14,6,33,20,0,0,false,190,0,0,158,0.8315789473684211,4,91,45,21,14,6,0.3,22,17
2026,2509,Purdue,true,roster_present_with_identifiable_ol,2009,2010,true,evaluable_complete_history_window,,120,120,120,120,120,120,0,0,20,20,0,11,9,17,20,0,0,false,190,0,0,62,0.3263157894736842,3,55,6,1,11,9,0.45,22,17
2026,2534,Sam Houston,true,roster_present_with_identifiable_ol,2009,2010,true,evaluable_complete_history_window,,106,106,106,106,106,106,0,0,17,17,0,7,10,8,17,0,0,false,136,0,0,21,0.15441176470588236,1,21,0,0,7,10,0.5882352941176471,22,17
2026,2567,SMU,true,roster_present_with_identifiable_ol,2009,2010,true,evaluable_complete_history_window,,107,107,107,107,107,103,0,0,19,19,0,13,6,26,19,0,0,false,171,0,0,109,0.6374269005847953,3,78,21,10,13,6,0.3157894736842105,22,17
2026,2572,Southern Miss,true,roster_present_with_identifiable_ol,2009,2010,true,evaluable_complete_history_window,,112,112,112,112,112,112,0,0,20,20,0,9,11,14,20,0,0,false,190,0,0,42,0.22105263157894736,2,36,6,0,9,11,0.55,22,17
2026,2579,South Carolina,true,roster_present_with_identifiable_ol,2009,2010,true,evaluable_complete_history_window,,111,111,111,111,111,110,0,0,21,21,0,6,15,11,21,0,0,false,210,0,0,21,0.1,2,15,6,0,6,15,0.7142857142857143,22,17
2026,2623,Missouri State,true,roster_present_with_identifiable_ol,2009,2010,true,evaluable_complete_history_window,,105,105,105,105,105,105,0,0,16,16,0,9,7,9,16,0,0,false,120,0,0,36,0.3,1,36,0,0,9,7,0.4375,22,17
2026,2628,TCU,true,roster_present_with_identifiable_ol,2009,2010,true,evaluable_complete_history_window,,115,115,115,115,115,115,0,0,20,20,0,14,6,26,20,0,0,false,190,0,0,122,0.6421052631578947,3,91,28,3,14,6,0.3,22,17
2026,2633,Tennessee,true,roster_present_with_identifiable_ol,2009,2010,true,evaluable_complete_history_window,,112,112,112,112,112,112,0,0,18,18,0,10,8,15,18,0,0,false,153,0,0,51,0.3333333333333333,2,45,6,0,10,8,0.4444444444444444,22,17
2026,2636,UTSA,true,roster_present_with_identifiable_ol,2009,2010,true,evaluable_complete_history_window,,121,121,121,121,120,120,0,0,19,19,0,12,7,26,19,0,1,false,171,0,0,100,0.5847953216374269,4,66,28,3,12,7,0.3684210526315789,22,17
2026,2638,UTEP,true,roster_present_with_identifiable_ol,2009,2010,true,evaluable_complete_history_window,,110,110,110,110,110,110,0,0,20,20,0,7,13,12,20,0,0,false,190,0,0,22,0.11578947368421053,2,21,1,0,7,13,0.65,22,17
2026,2641,Texas Tech,true,roster_present_with_identifiable_ol,2009,2010,true,evaluable_complete_history_window,,110,110,110,110,110,110,0,0,21,21,0,16,5,26,21,0,0,false,210,0,0,142,0.6761904761904762,3,120,21,1,16,5,0.23809523809523808,22,17
2026,2649,Toledo,true,roster_present_with_identifiable_ol,2009,2010,true,evaluable_complete_history_window,,106,106,106,106,105,105,0,0,17,17,0,9,8,17,17,0,1,false,136,0,0,52,0.38235294117647056,3,36,15,1,9,8,0.47058823529411764,22,17
2026,2653,Troy,true,roster_present_with_identifiable_ol,2009,2010,true,evaluable_complete_history_window,,106,106,106,106,105,105,0,0,17,17,0,10,7,20,17,0,1,false,136,0,0,61,0.4485294117647059,3,45,10,6,10,7,0.4117647058823529,22,17
2026,2655,Tulane,true,roster_present_with_identifiable_ol,2009,2010,true,evaluable_complete_history_window,,119,119,119,119,119,119,0,0,20,20,0,13,7,22,20,0,0,false,190,0,0,106,0.5578947368421052,2,78,28,0,13,7,0.35,22,17
2026,2711,Western Michigan,true,roster_present_with_identifiable_ol,2009,2010,true,evaluable_complete_history_window,,104,104,104,104,104,104,0,0,18,18,0,12,6,19,18,0,0,false,153,0,0,66,0.43137254901960786,2,56,10,0,11,6,0.3333333333333333,22,17
2026,2751,Wyoming,true,roster_present_with_identifiable_ol,2009,2010,true,evaluable_complete_history_window,,113,113,113,113,113,113,0,0,20,20,0,14,6,29,20,0,0,false,190,0,0,137,0.7210526315789474,3,91,36,10,14,6,0.3,22,17
